model,regime,scenario,split,N,truth,truth_ex_drift,pred,bias,sd_err,rmse,filled,nan_frac
E1_mid_fill,OHLCV,base,train,1000.0,0.6146136118846399,0.625,0.0,-0.6146136118846399,0.5727237915076826,0.8400966809081073,1.0,0.0
E1_mid_fill,OHLCV,base,train,10000.0,0.6529579704308311,0.625,0.0,-0.6529579704308311,0.6259098964026011,0.9044983745501509,1.0,0.0
E1_mid_fill,OHLCV,base,train,100000.0,0.7639837131129159,0.751269817723069,0.0,-0.7639837131129159,0.635106867758498,0.9934947646443882,1.0,0.0
E1_mid_fill,OHLCV,base,train,1000000.0,1.5894231159435546,1.616334055870486,0.0,-1.5894231159435546,0.6182242898362312,1.7054228549070258,1.0,0.0
E1_mid_fill,OHLCV,base,train,10000000.0,5.601021570600834,5.635253364946293,0.0,-5.601021570600834,0.7084109817502565,5.64564334273785,1.0,0.0
E1_mid_fill,OHLCV,deep,train,1000.0,0.6452329390299371,0.625,0.0,-0.6452329390299371,0.581210592974125,0.8684073347194532,1.0,0.0
E1_mid_fill,OHLCV,deep,train,10000.0,0.559088467225594,0.625,0.0,-0.559088467225594,0.6193022771146602,0.8343351991999782,1.0,0.0
E1_mid_fill,OHLCV,deep,train,100000.0,0.5781072151395023,0.6251271475061244,0.0,-0.5781072151395023,0.6517575590104686,0.8712036891127328,1.0,0.0
E1_mid_fill,OHLCV,deep,train,1000000.0,0.8818052763778704,0.886125797225589,0.0,-0.8818052763778704,0.6655841477263904,1.1047998928097875,1.0,0.0
E1_mid_fill,OHLCV,deep,train,10000000.0,2.2307561799484095,2.2732720446170784,0.0,-2.2307561799484095,0.6537733708995916,2.3245844262739603,1.0,0.0
E1_mid_fill,OHLCV,hivol,train,1000.0,0.8576379929603513,0.625,0.0,-0.8576379929603513,1.9153688767714785,2.0986140333739063,1.0,0.0
E1_mid_fill,OHLCV,hivol,train,10000.0,0.548856800661073,0.625,0.0,-0.548856800661073,1.8442330417989392,1.9241723675634874,1.0,0.0
E1_mid_fill,OHLCV,hivol,train,100000.0,0.7549272339236838,0.7589186302629203,0.0,-0.7549272339236838,1.7479481515097088,1.9040057428710324,1.0,0.0
E1_mid_fill,OHLCV,hivol,train,1000000.0,1.6385962656080815,1.6195534459039131,0.0,-1.6385962656080815,1.9977762871599283,2.583816521195586,1.0,0.0
E1_mid_fill,OHLCV,hivol,train,10000000.0,5.738473505720205,5.669704211750527,0.0,-5.738473505720205,1.9108371022472312,6.048254013116293,1.0,0.0
E1_mid_fill,OHLCV,lovol,train,1000.0,0.6230801655621708,0.625,0.0,-0.6230801655621708,0.20720002810216342,0.6566283152305569,1.0,0.0
E1_mid_fill,OHLCV,lovol,train,10000.0,0.6366098451079857,0.625,0.0,-0.6366098451079857,0.22362933998218928,0.6747460089465392,1.0,0.0
E1_mid_fill,OHLCV,lovol,train,100000.0,0.7650648748788555,0.757722015050052,0.0,-0.7650648748788555,0.22635368815266935,0.7978472628979277,1.0,0.0
E1_mid_fill,OHLCV,lovol,train,1000000.0,1.6296501668083379,1.6152129617223496,0.0,-1.6296501668083379,0.24089870878653852,1.6473590543877994,1.0,0.0
E1_mid_fill,OHLCV,lovol,train,10000000.0,5.63012031007963,5.635160780935263,0.0,-5.63012031007963,0.3251121029737416,5.639499320460209,1.0,0.0
E1_mid_fill,OHLCV,shallow,test,1000.0,2.084657494638824,2.125,0.0,-2.084657494638824,0.6532625995824533,2.184616418039342,1.0,0.0
E1_mid_fill,OHLCV,shallow,test,10000.0,2.2436789871862883,2.300810332827634,0.0,-2.2436789871862883,0.6481297622826353,2.3354159343247263,1.0,0.0
E1_mid_fill,OHLCV,shallow,test,100000.0,3.383263170371442,3.3515018733917845,0.0,-3.383263170371442,0.6390738042093553,3.4430923611222575,1.0,0.0
E1_mid_fill,OHLCV,shallow,test,1000000.0,8.258929313439015,8.241316981769923,0.0,-8.258929313439015,0.6935468175981419,8.287998587872874,1.0,0.0
E1_mid_fill,OHLCV,shallow,test,10000000.0,30.801111740243343,30.806441281030764,0.0,-30.801111740243343,0.8084823556644816,30.81172062956525,1.0,0.0
E1_mid_fill,OHLCV,withdraw,test,1000.0,1.6215868314705904,1.625,0.0,-1.6215868314705904,0.6187716911639656,1.7356330999911076,1.0,0.0
E1_mid_fill,OHLCV,withdraw,test,10000.0,1.676019453212561,1.6925817581144498,0.0,-1.676019453212561,0.6366262986667877,1.7928564503889053,1.0,0.0
E1_mid_fill,OHLCV,withdraw,test,100000.0,2.318969086280257,2.347741353134532,0.0,-2.318969086280257,0.6122625177507015,2.398433449934753,1.0,0.0
E1_mid_fill,OHLCV,withdraw,test,1000000.0,5.42878944146027,5.4450730512844165,0.0,-5.42878944146027,0.662900293645644,5.469112505610576,1.0,0.0
E1_mid_fill,OHLCV,withdraw,test,10000000.0,19.584683328175604,19.658335694308462,0.0,-19.584683328175604,0.7756556244432113,19.600037314062686,1.0,0.0
E1_mid_fill,OHLCV,trend,test,1000.0,2.1549059397947112,0.625,0.0,-2.1549059397947112,1.6137799288443084,2.692193393518242,1.0,0.0
E1_mid_fill,OHLCV,trend,test,10000.0,2.1101279211379382,0.625,0.0,-2.1101279211379382,1.5505354984002722,2.618549250131702,1.0,0.0
E1_mid_fill,OHLCV,trend,test,100000.0,2.1087165166264965,0.7567495323130968,0.0,-2.1087165166264965,1.4399005075266949,2.553428835716597,1.0,0.0
E1_mid_fill,OHLCV,trend,test,1000000.0,3.152423819017831,1.6129948007192267,0.0,-3.152423819017831,1.7089209306003617,3.585831379436988,1.0,0.0
E1_mid_fill,OHLCV,trend,test,10000000.0,7.157773746627608,5.631443404562738,0.0,-7.157773746627608,1.5653282718204056,7.326935075901224,1.0,0.0
E1_mid_fill,OHLCV,meanrev,test,1000.0,0.6511106152197961,0.625,0.0,-0.6511106152197961,2.1289399405854423,2.2262817215868815,1.0,0.0
E1_mid_fill,OHLCV,meanrev,test,10000.0,0.6996593230987626,0.625,0.0,-0.6996593230987626,2.0270496434685352,2.144400481599679,1.0,0.0
E1_mid_fill,OHLCV,meanrev,test,100000.0,0.8259883108055225,0.7536824179980485,0.0,-0.8259883108055225,2.012943175491644,2.17582097548161,1.0,0.0
E1_mid_fill,OHLCV,meanrev,test,1000000.0,1.6238518692256287,1.6160919673742,0.0,-1.6238518692256287,2.0039639763612804,2.5792957394880647,1.0,0.0
E1_mid_fill,OHLCV,meanrev,test,10000000.0,5.571125644029806,5.642983473256685,0.0,-5.571125644029806,2.026022821652252,5.928086488524124,1.0,0.0
E1_mid_fill,OHLCV,gap,test,1000.0,14.169844173247988,0.625,0.0,-14.169844173247988,4.564515310961472,14.886882948358654,1.0,0.0
E1_mid_fill,OHLCV,gap,test,10000.0,13.855704607157143,0.625,0.0,-13.855704607157143,4.926756049043713,14.705559334060862,1.0,0.0
E1_mid_fill,OHLCV,gap,test,100000.0,13.970761872183575,0.7527981295849282,0.0,-13.970761872183575,4.89703672235715,14.80416008929155,1.0,0.0
E1_mid_fill,OHLCV,gap,test,1000000.0,14.454658651385829,1.6207850015369503,0.0,-14.454658651385829,5.326022065426891,15.404663831758784,1.0,0.0
E1_mid_fill,OHLCV,gap,test,10000000.0,19.08439591722995,5.654582634932011,0.0,-19.08439591722995,4.580723532226987,19.62644123635972,1.0,0.0
E1_mid_fill,OHLCV,wall,test,1000.0,0.6196239228503255,0.6314533290150737,0.0,-0.6196239228503255,0.5824189245796667,0.8503796854799399,1.0,0.0
E1_mid_fill,OHLCV,wall,test,10000.0,1.0691782909156708,1.0472282110502469,0.0,-1.0691782909156708,0.6190747709182364,1.235473913019948,1.0,0.0
E1_mid_fill,OHLCV,wall,test,100000.0,2.999098029956683,2.975498037125964,0.0,-2.999098029956683,0.6563151291035781,3.070071422944473,1.0,0.0
E1_mid_fill,OHLCV,wall,test,1000000.0,8.875088566476498,8.906460931923524,0.0,-8.875088566476498,0.6217661990402007,8.896841589523259,1.0,0.0
E1_mid_fill,OHLCV,wall,test,10000000.0,10.226464423043227,10.270577703340468,0.0,-10.226464423043227,0.6377444635409792,10.24633068940028,1.0,0.0
E1_mid_fill,OHLCV,fragmented,test,1000.0,0.5874841614835333,0.625,0.0,-0.5874841614835333,0.6475862733757429,0.8743601211507149,1.0,0.0
E1_mid_fill,OHLCV,fragmented,test,10000.0,0.6603798514636215,0.625,0.0,-0.6603798514636215,0.6722762230223241,0.9423676927082533,1.0,0.0
E1_mid_fill,OHLCV,fragmented,test,100000.0,0.751652640434033,0.7588459280018607,0.0,-0.751652640434033,0.6234347789425375,0.9765513890556832,1.0,0.0
E1_mid_fill,OHLCV,fragmented,test,1000000.0,1.620005858562432,1.6130864742423099,0.0,-1.620005858562432,0.6234826446429755,1.7358426166987608,1.0,0.0
E1_mid_fill,OHLCV,fragmented,test,10000000.0,5.606390917504675,5.649713109118929,0.0,-5.606390917504675,0.7398197292561307,5.654993576625488,1.0,0.0
E1_mid_fill,OHLCV,concave_book,test,1000.0,0.5925318198539333,0.625,0.0,-0.5925318198539333,0.6302484801204157,0.8650474577926394,1.0,0.0
E1_mid_fill,OHLCV,concave_book,test,10000.0,0.6251944607509281,0.625,0.0,-0.6251944607509281,0.6504684558222257,0.9022069195995974,1.0,0.0
E1_mid_fill,OHLCV,concave_book,test,100000.0,0.6432190000379288,0.625,0.0,-0.6432190000379288,0.6283083111529022,0.8991674014740554,1.0,0.0
E1_mid_fill,OHLCV,concave_book,test,1000000.0,0.6293247734555373,0.6634823996855376,0.0,-0.6293247734555373,0.6141247293562708,0.879317265662273,1.0,0.0
E1_mid_fill,OHLCV,concave_book,test,10000000.0,8.914630401377108,8.87343175376892,0.0,-8.914630401377108,1.2984148432736216,9.008691153457878,1.0,0.0
E1_mid_fill,OHLCV,coupled_hivol,test,1000.0,1.8551820977373203,1.625,0.0,-1.8551820977373203,1.7964159312924164,2.582404076430767,1.0,0.0
E1_mid_fill,OHLCV,coupled_hivol,test,10000.0,1.87774057557296,1.6293117039908338,0.0,-1.87774057557296,1.9878653620369284,2.734505141106756,1.0,0.0
E1_mid_fill,OHLCV,coupled_hivol,test,100000.0,1.963406066824745,2.006813939660383,0.0,-1.963406066824745,1.9170253697734536,2.744075372798506,1.0,0.0
E1_mid_fill,OHLCV,coupled_hivol,test,1000000.0,3.8763273764506874,3.8000747184835078,0.0,-3.8763273764506874,1.8979341724785117,4.316024565787684,1.0,0.0
E1_mid_fill,OHLCV,coupled_hivol,test,10000000.0,12.246479482965885,12.21941753602927,0.0,-12.246479482965885,1.9503455237151215,12.400810755292573,1.0,0.0
E1_mid_fill,OHLCV,coupled_lovol,test,1000.0,0.3670969084210042,0.375,0.0,-0.3670969084210042,0.20620995672148335,0.42104950590558254,1.0,0.0
E1_mid_fill,OHLCV,coupled_lovol,test,10000.0,0.3892049646809896,0.375,0.0,-0.3892049646809896,0.21767817239012274,0.4459420268010567,1.0,0.0
E1_mid_fill,OHLCV,coupled_lovol,test,100000.0,0.367784154404564,0.3820050135907947,0.0,-0.367784154404564,0.21672220068301246,0.4268883888090283,1.0,0.0
E1_mid_fill,OHLCV,coupled_lovol,test,1000000.0,0.786313933152048,0.7921081062985238,0.0,-0.786313933152048,0.22124209696381064,0.816846170914688,1.0,0.0
E1_mid_fill,OHLCV,coupled_lovol,test,10000000.0,2.7443505066187464,2.7404297067178782,0.0,-2.7443505066187464,0.24210304437666877,2.7550088180031334,1.0,0.0
fixed_bps_calibrated,OHLCV,base,train,1000.0,0.6146136118846399,0.625,1.6470003610502233,1.0323867491655836,0.5727237915076826,1.1806078693671396,1.0,0.0
fixed_bps_calibrated,OHLCV,base,train,10000.0,0.6529579704308311,0.625,1.6470003610502233,0.9940423906193923,0.6259098964026011,1.1746844141142894,1.0,0.0
fixed_bps_calibrated,OHLCV,base,train,100000.0,0.7639837131129159,0.751269817723069,1.6470003610502233,0.8830166479373076,0.635106867758498,1.0876944120516798,1.0,0.0
fixed_bps_calibrated,OHLCV,base,train,1000000.0,1.5894231159435546,1.616334055870486,1.6470003610502233,0.05757724510666909,0.6182242898362312,0.620899679253892,1.0,0.0
fixed_bps_calibrated,OHLCV,base,train,10000000.0,5.601021570600834,5.635253364946293,1.6470003610502233,-3.954021209550612,0.7084109817502565,4.01698018972467,1.0,0.0
fixed_bps_calibrated,OHLCV,deep,train,1000.0,0.6452329390299371,0.625,1.6470003610502233,1.0017674220202863,0.581210592974125,1.1581639440107365,1.0,0.0
fixed_bps_calibrated,OHLCV,deep,train,10000.0,0.559088467225594,0.625,1.6470003610502233,1.0879118938246295,0.6193022771146601,1.2518336946913098,1.0,0.0
fixed_bps_calibrated,OHLCV,deep,train,100000.0,0.5781072151395023,0.6251271475061244,1.6470003610502233,1.0688931459107212,0.6517575590104686,1.251926704364997,1.0,0.0
fixed_bps_calibrated,OHLCV,deep,train,1000000.0,0.8818052763778704,0.886125797225589,1.6470003610502233,0.7651950846723531,0.6655841477263904,1.01416259806374,1.0,0.0
fixed_bps_calibrated,OHLCV,deep,train,10000000.0,2.2307561799484095,2.2732720446170784,1.6470003610502233,-0.5837558188981861,0.6537733708995916,0.8764647606121463,1.0,0.0
fixed_bps_calibrated,OHLCV,hivol,train,1000.0,0.8576379929603513,0.625,1.6470003610502233,0.7893623680898723,1.9153688767714783,2.0716493144983024,1.0,0.0
fixed_bps_calibrated,OHLCV,hivol,train,10000.0,0.548856800661073,0.625,1.6470003610502233,1.0981435603891505,1.8442330417989392,2.1464190624589428,1.0,0.0
fixed_bps_calibrated,OHLCV,hivol,train,100000.0,0.7549272339236838,0.7589186302629203,1.6470003610502233,0.8920731271265397,1.7479481515097088,1.962426356454563,1.0,0.0
fixed_bps_calibrated,OHLCV,hivol,train,1000000.0,1.6385962656080815,1.6195534459039131,1.6470003610502233,0.00840409544214199,1.9977762871599283,1.9977939639409035,1.0,0.0
fixed_bps_calibrated,OHLCV,hivol,train,10000000.0,5.738473505720205,5.669704211750527,1.6470003610502233,-4.0914731446699815,1.9108371022472312,4.515689418558396,1.0,0.0
fixed_bps_calibrated,OHLCV,lovol,train,1000.0,0.6230801655621708,0.625,1.6470003610502233,1.0239201954880528,0.20720002810216342,1.0446743121058493,1.0,0.0
fixed_bps_calibrated,OHLCV,lovol,train,10000.0,0.6366098451079857,0.625,1.6470003610502233,1.010390515942238,0.22362933998218926,1.0348425370107721,1.0,0.0
fixed_bps_calibrated,OHLCV,lovol,train,100000.0,0.7650648748788555,0.757722015050052,1.6470003610502233,0.8819354861713677,0.22635368815266935,0.9105197383410438,1.0,0.0
fixed_bps_calibrated,OHLCV,lovol,train,1000000.0,1.6296501668083379,1.6152129617223496,1.6470003610502233,0.017350194241885577,0.24089870878653852,0.24152270521682356,1.0,0.0
fixed_bps_calibrated,OHLCV,lovol,train,10000000.0,5.63012031007963,5.635160780935263,1.6470003610502233,-3.9831199490294074,0.3251121029737416,3.996366150374116,1.0,0.0
fixed_bps_calibrated,OHLCV,shallow,test,1000.0,2.084657494638824,2.125,1.6470003610502233,-0.43765713358860076,0.6532625995824533,0.786317868672851,1.0,0.0
fixed_bps_calibrated,OHLCV,shallow,test,10000.0,2.2436789871862883,2.300810332827634,1.6470003610502233,-0.5966786261360651,0.6481297622826352,0.8809640013327261,1.0,0.0
fixed_bps_calibrated,OHLCV,shallow,test,100000.0,3.383263170371442,3.3515018733917845,1.6470003610502233,-1.736262809321219,0.6390738042093553,1.8501415811387594,1.0,0.0
fixed_bps_calibrated,OHLCV,shallow,test,1000000.0,8.258929313439015,8.241316981769923,1.6470003610502233,-6.6119289523887925,0.6935468175981419,6.648203641558948,1.0,0.0
fixed_bps_calibrated,OHLCV,shallow,test,10000000.0,30.801111740243343,30.806441281030764,1.6470003610502233,-29.154111379193115,0.8084823556644816,29.165319371298136,1.0,0.0
fixed_bps_calibrated,OHLCV,withdraw,test,1000.0,1.6215868314705904,1.625,1.6470003610502233,0.025413529579633224,0.6187716911639656,0.6192933499333,1.0,0.0
fixed_bps_calibrated,OHLCV,withdraw,test,10000.0,1.676019453212561,1.6925817581144498,1.6470003610502233,-0.02901909216233736,0.6366262986667877,0.6372873385405521,1.0,0.0
fixed_bps_calibrated,OHLCV,withdraw,test,100000.0,2.318969086280257,2.347741353134532,1.6470003610502233,-0.671968725230034,0.6122625177507015,0.9090695013747326,1.0,0.0
fixed_bps_calibrated,OHLCV,withdraw,test,1000000.0,5.42878944146027,5.4450730512844165,1.6470003610502233,-3.781789080410046,0.6629002936456438,3.839448586454068,1.0,0.0
fixed_bps_calibrated,OHLCV,withdraw,test,10000000.0,19.584683328175604,19.658335694308462,1.6470003610502233,-17.937682967125376,0.7756556244432113,17.954445462804753,1.0,0.0
fixed_bps_calibrated,OHLCV,trend,test,1000.0,2.1549059397947112,0.625,1.6470003610502233,-0.5079055787444877,1.6137799288443082,1.6918196522267124,1.0,0.0
fixed_bps_calibrated,OHLCV,trend,test,10000.0,2.1101279211379382,0.625,1.6470003610502233,-0.4631275600877149,1.5505354984002722,1.6182235533795015,1.0,0.0
fixed_bps_calibrated,OHLCV,trend,test,100000.0,2.1087165166264965,0.7567495323130968,1.6470003610502233,-0.4617161555762728,1.4399005075266949,1.5121161595247126,1.0,0.0
fixed_bps_calibrated,OHLCV,trend,test,1000000.0,3.152423819017831,1.6129948007192267,1.6470003610502233,-1.5054234579676076,1.7089209306003617,2.2774350780742694,1.0,0.0
fixed_bps_calibrated,OHLCV,trend,test,10000000.0,7.157773746627608,5.631443404562738,1.6470003610502233,-5.510773385577385,1.5653282718204058,5.728776126342195,1.0,0.0
fixed_bps_calibrated,OHLCV,meanrev,test,1000.0,0.6511106152197961,0.625,1.6470003610502233,0.9958897458304277,2.1289399405854423,2.35035777201475,1.0,0.0
fixed_bps_calibrated,OHLCV,meanrev,test,10000.0,0.6996593230987626,0.625,1.6470003610502233,0.947341037951461,2.0270496434685352,2.237495318268368,1.0,0.0
fixed_bps_calibrated,OHLCV,meanrev,test,100000.0,0.8259883108055225,0.7536824179980485,1.6470003610502233,0.8210120502447011,2.012943175491644,2.173936754923057,1.0,0.0
fixed_bps_calibrated,OHLCV,meanrev,test,1000000.0,1.6238518692256287,1.6160919673742,1.6470003610502233,0.023148491824594997,2.0039639763612804,2.0040976700818423,1.0,0.0
fixed_bps_calibrated,OHLCV,meanrev,test,10000000.0,5.571125644029806,5.642983473256685,1.6470003610502233,-3.9241252829795825,2.026022821652252,4.41627984964442,1.0,0.0
fixed_bps_calibrated,OHLCV,gap,test,1000.0,14.169844173247988,0.625,1.6470003610502233,-12.522843812197767,4.564515310961472,13.328781533534924,1.0,0.0
fixed_bps_calibrated,OHLCV,gap,test,10000.0,13.855704607157143,0.625,1.6470003610502233,-12.20870424610692,4.926756049043713,13.165309891365947,1.0,0.0
fixed_bps_calibrated,OHLCV,gap,test,100000.0,13.970761872183575,0.7527981295849282,1.6470003610502233,-12.323761511133352,4.89703672235715,13.261073351859809,1.0,0.0
fixed_bps_calibrated,OHLCV,gap,test,1000000.0,14.454658651385829,1.6207850015369503,1.6470003610502233,-12.807658290335603,5.326022065426891,13.87092721931077,1.0,0.0
fixed_bps_calibrated,OHLCV,gap,test,10000000.0,19.08439591722995,5.654582634932011,1.6470003610502233,-17.437395556179727,4.580723532226987,18.029026370311144,1.0,0.0
fixed_bps_calibrated,OHLCV,wall,test,1000.0,0.6196239228503255,0.6314533290150737,1.6470003610502233,1.027376438199898,0.5824189245796667,1.1809801647262517,1.0,0.0
fixed_bps_calibrated,OHLCV,wall,test,10000.0,1.0691782909156708,1.0472282110502469,1.6470003610502233,0.5778220701345526,0.6190747709182364,0.8468364167429544,1.0,0.0
fixed_bps_calibrated,OHLCV,wall,test,100000.0,2.999098029956683,2.975498037125964,1.6470003610502233,-1.3520976689064594,0.6563151291035781,1.5029696121187972,1.0,0.0
fixed_bps_calibrated,OHLCV,wall,test,1000000.0,8.875088566476498,8.906460931923524,1.6470003610502233,-7.228088205426275,0.621766199040201,7.254781341411422,1.0,0.0
fixed_bps_calibrated,OHLCV,wall,test,10000000.0,10.226464423043227,10.270577703340468,1.6470003610502233,-8.579464061993004,0.6377444635409795,8.603134405076249,1.0,0.0
fixed_bps_calibrated,OHLCV,fragmented,test,1000.0,0.5874841614835333,0.625,1.6470003610502233,1.0595161995666904,0.6475862733757429,1.2417497971044429,1.0,0.0
fixed_bps_calibrated,OHLCV,fragmented,test,10000.0,0.6603798514636215,0.625,1.6470003610502233,0.9866205095866019,0.6722762230223241,1.1938908450851309,1.0,0.0
fixed_bps_calibrated,OHLCV,fragmented,test,100000.0,0.751652640434033,0.7588459280018607,1.6470003610502233,0.8953477206161904,0.6234347789425375,1.0910171696209636,1.0,0.0
fixed_bps_calibrated,OHLCV,fragmented,test,1000000.0,1.620005858562432,1.6130864742423099,1.6470003610502233,0.026994502487791696,0.6234826446429755,0.6240667523074452,1.0,0.0
fixed_bps_calibrated,OHLCV,fragmented,test,10000000.0,5.606390917504675,5.649713109118929,1.6470003610502233,-3.959390556454452,0.7398197292561307,4.027915938837019,1.0,0.0
fixed_bps_calibrated,OHLCV,concave_book,test,1000.0,0.5925318198539333,0.625,1.6470003610502233,1.0544685411962902,0.6302484801204157,1.228461253384382,1.0,0.0
fixed_bps_calibrated,OHLCV,concave_book,test,10000.0,0.6251944607509281,0.625,1.6470003610502233,1.0218059002992954,0.6504684558222256,1.2112788737141436,1.0,0.0
fixed_bps_calibrated,OHLCV,concave_book,test,100000.0,0.6432190000379288,0.625,1.6470003610502233,1.003781361012295,0.6283083111529021,1.1842079017552225,1.0,0.0
fixed_bps_calibrated,OHLCV,concave_book,test,1000000.0,0.6293247734555373,0.6634823996855376,1.6470003610502233,1.0176755875946861,0.6141247293562708,1.188618014667918,1.0,0.0
fixed_bps_calibrated,OHLCV,concave_book,test,10000000.0,8.914630401377108,8.87343175376892,1.6470003610502233,-7.267630040326885,1.2984148432736218,7.382704620143962,1.0,0.0
fixed_bps_calibrated,OHLCV,coupled_hivol,test,1000.0,1.8551820977373203,1.625,1.6470003610502233,-0.20818173668709675,1.7964159312924164,1.8084385070251228,1.0,0.0
fixed_bps_calibrated,OHLCV,coupled_hivol,test,10000.0,1.87774057557296,1.6293117039908338,1.6470003610502233,-0.23074021452273627,1.9878653620369284,2.001212068768377,1.0,0.0
fixed_bps_calibrated,OHLCV,coupled_hivol,test,100000.0,1.963406066824745,2.006813939660383,1.6470003610502233,-0.31640570577452126,1.9170253697734536,1.9429613580824812,1.0,0.0
fixed_bps_calibrated,OHLCV,coupled_hivol,test,1000000.0,3.8763273764506874,3.8000747184835078,1.6470003610502233,-2.229327015400464,1.8979341724785117,2.927806869425652,1.0,0.0
fixed_bps_calibrated,OHLCV,coupled_hivol,test,10000000.0,12.246479482965885,12.21941753602927,1.6470003610502233,-10.599479121915662,1.9503455237151215,10.777421088451616,1.0,0.0
fixed_bps_calibrated,OHLCV,coupled_lovol,test,1000.0,0.3670969084210042,0.375,1.6470003610502233,1.2799034526292192,0.20620995672148335,1.2964086525101846,1.0,0.0
fixed_bps_calibrated,OHLCV,coupled_lovol,test,10000.0,0.3892049646809896,0.375,1.6470003610502233,1.2577953963692339,0.21767817239012274,1.2764924777932465,1.0,0.0
fixed_bps_calibrated,OHLCV,coupled_lovol,test,100000.0,0.367784154404564,0.3820050135907947,1.6470003610502233,1.2792162066456596,0.21672220068301248,1.2974446483815016,1.0,0.0
fixed_bps_calibrated,OHLCV,coupled_lovol,test,1000000.0,0.786313933152048,0.7921081062985238,1.6470003610502233,0.8606864278981754,0.2212420969638106,0.888667087630157,1.0,0.0
fixed_bps_calibrated,OHLCV,coupled_lovol,test,10000000.0,2.7443505066187464,2.7404297067178782,1.6470003610502233,-1.0973501455685226,0.24210304437666877,1.1237398391423654,1.0,0.0
fixed_5bps_default,OHLCV,base,train,1000.0,0.6146136118846399,0.625,5.0,4.385386388115361,0.5727237915076826,4.422626630682995,1.0,0.0
fixed_5bps_default,OHLCV,base,train,10000.0,0.6529579704308311,0.625,5.0,4.3470420295691685,0.6259098964026011,4.391871765575078,1.0,0.0
fixed_5bps_default,OHLCV,base,train,100000.0,0.7639837131129159,0.751269817723069,5.0,4.236016286887084,0.635106867758498,4.283362547840966,1.0,0.0
fixed_5bps_default,OHLCV,base,train,1000000.0,1.5894231159435546,1.616334055870486,5.0,3.4105768840564457,0.6182242898362312,3.4661557891421566,1.0,0.0
fixed_5bps_default,OHLCV,base,train,10000000.0,5.601021570600834,5.635253364946293,5.0,-0.6010215706008352,0.7084109817502565,0.9290172481670386,1.0,0.0
fixed_5bps_default,OHLCV,deep,train,1000.0,0.6452329390299371,0.625,5.0,4.3547670609700635,0.581210592974125,4.393381602899431,1.0,0.0
fixed_5bps_default,OHLCV,deep,train,10000.0,0.559088467225594,0.625,5.0,4.440911532774406,0.6193022771146602,4.483885653355594,1.0,0.0
fixed_5bps_default,OHLCV,deep,train,100000.0,0.5781072151395023,0.6251271475061244,5.0,4.421892784860497,0.6517575590104686,4.469667069987272,1.0,0.0
fixed_5bps_default,OHLCV,deep,train,1000000.0,0.8818052763778704,0.886125797225589,5.0,4.11819472362213,0.6655841477263903,4.17163397715737,1.0,0.0
fixed_5bps_default,OHLCV,deep,train,10000000.0,2.2307561799484095,2.2732720446170784,5.0,2.7692438200515905,0.6537733708995916,2.8453700911114077,1.0,0.0
fixed_5bps_default,OHLCV,hivol,train,1000.0,0.8576379929603513,0.625,5.0,4.142362007039648,1.9153688767714783,4.563748561376972,1.0,0.0
fixed_5bps_default,OHLCV,hivol,train,10000.0,0.548856800661073,0.625,5.0,4.451143199338928,1.8442330417989392,4.818077551626182,1.0,0.0
fixed_5bps_default,OHLCV,hivol,train,100000.0,0.7549272339236838,0.7589186302629203,5.0,4.245072766076317,1.7479481515097088,4.5908567315533855,1.0,0.0
fixed_5bps_default,OHLCV,hivol,train,1000000.0,1.6385962656080815,1.6195534459039131,5.0,3.361403734391918,1.9977762871599283,3.9102615205536373,1.0,0.0
fixed_5bps_default,OHLCV,hivol,train,10000000.0,5.738473505720205,5.669704211750527,5.0,-0.7384735057202054,1.9108371022472312,2.048570611420384,1.0,0.0
fixed_5bps_default,OHLCV,lovol,train,1000.0,0.6230801655621708,0.625,5.0,4.376919834437829,0.20720002810216342,4.381821435058805,1.0,0.0
fixed_5bps_default,OHLCV,lovol,train,10000.0,0.6366098451079857,0.625,5.0,4.363390154892015,0.22362933998218926,4.369117041864342,1.0,0.0
fixed_5bps_default,OHLCV,lovol,train,100000.0,0.7650648748788555,0.757722015050052,5.0,4.234935125121144,0.22635368815266935,4.2409800171806,1.0,0.0
fixed_5bps_default,OHLCV,lovol,train,1000000.0,1.6296501668083379,1.6152129617223496,5.0,3.370349833191662,0.24089870878653852,3.3789480886793877,1.0,0.0
fixed_5bps_default,OHLCV,lovol,train,10000000.0,5.63012031007963,5.635160780935263,5.0,-0.6301203100796304,0.3251121029737416,0.7090482950228837,1.0,0.0
fixed_5bps_default,OHLCV,shallow,test,1000.0,2.084657494638824,2.125,5.0,2.915342505361176,0.6532625995824533,2.987636850016883,1.0,0.0
fixed_5bps_default,OHLCV,shallow,test,10000.0,2.2436789871862883,2.300810332827634,5.0,2.7563210128137112,0.6481297622826353,2.8314974332382765,1.0,0.0
fixed_5bps_default,OHLCV,shallow,test,100000.0,3.383263170371442,3.3515018733917845,5.0,1.6167368296285576,0.6390738042093553,1.7384629140433272,1.0,0.0
fixed_5bps_default,OHLCV,shallow,test,1000000.0,8.258929313439015,8.241316981769923,5.0,-3.258929313439016,0.6935468175981419,3.3319104817195497,1.0,0.0
fixed_5bps_default,OHLCV,shallow,test,10000000.0,30.801111740243343,30.806441281030764,5.0,-25.801111740243343,0.8084823556644816,25.813775600480135,1.0,0.0
fixed_5bps_default,OHLCV,withdraw,test,1000.0,1.6215868314705904,1.625,5.0,3.37841316852941,0.6187716911639656,3.4346111778597064,1.0,0.0
fixed_5bps_default,OHLCV,withdraw,test,10000.0,1.676019453212561,1.6925817581144498,5.0,3.3239805467874395,0.6366262986667877,3.3843965074405062,1.0,0.0
fixed_5bps_default,OHLCV,withdraw,test,100000.0,2.318969086280257,2.347741353134532,5.0,2.681030913719743,0.6122625177507015,2.750053117843971,1.0,0.0
fixed_5bps_default,OHLCV,withdraw,test,1000000.0,5.42878944146027,5.4450730512844165,5.0,-0.4287894414602698,0.6629002936456438,0.7894917253672081,1.0,0.0
fixed_5bps_default,OHLCV,withdraw,test,10000000.0,19.584683328175604,19.658335694308462,5.0,-14.584683328175602,0.7756556244432113,14.605294568439682,1.0,0.0
fixed_5bps_default,OHLCV,trend,test,1000.0,2.1549059397947112,0.625,5.0,2.8450940602052888,1.6137799288443082,3.2709090281076536,1.0,0.0
fixed_5bps_default,OHLCV,trend,test,10000.0,2.1101279211379382,0.625,5.0,2.8898720788620618,1.5505354984002722,3.2795610931930987,1.0,0.0
fixed_5bps_default,OHLCV,trend,test,100000.0,2.1087165166264965,0.7567495323130968,5.0,2.8912834833735035,1.4399005075266949,3.2299897295199025,1.0,0.0
fixed_5bps_default,OHLCV,trend,test,1000000.0,3.152423819017831,1.6129948007192267,5.0,1.847576180982169,1.7089209306003617,2.516733695005624,1.0,0.0
fixed_5bps_default,OHLCV,trend,test,10000000.0,7.157773746627608,5.631443404562738,5.0,-2.157773746627608,1.5653282718204056,2.66575320316709,1.0,0.0
fixed_5bps_default,OHLCV,meanrev,test,1000.0,0.6511106152197961,0.625,5.0,4.348889384780204,2.1289399405854423,4.842026863997544,1.0,0.0
fixed_5bps_default,OHLCV,meanrev,test,10000.0,0.6996593230987626,0.625,5.0,4.300340676901238,2.0270496434685352,4.754141373002837,1.0,0.0
fixed_5bps_default,OHLCV,meanrev,test,100000.0,0.8259883108055225,0.7536824179980485,5.0,4.174011689194478,2.0129431754916443,4.634038606797587,1.0,0.0
fixed_5bps_default,OHLCV,meanrev,test,1000000.0,1.6238518692256287,1.6160919673742,5.0,3.376148130774372,2.0039639763612804,3.9260982946794645,1.0,0.0
fixed_5bps_default,OHLCV,meanrev,test,10000000.0,5.571125644029806,5.642983473256685,5.0,-0.5711256440298058,2.026022821652252,2.1049828918839726,1.0,0.0
fixed_5bps_default,OHLCV,gap,test,1000.0,14.169844173247988,0.625,5.0,-9.169844173247988,4.564515310961472,10.243087531874938,1.0,0.0
fixed_5bps_default,OHLCV,gap,test,10000.0,13.855704607157143,0.625,5.0,-8.855704607157145,4.926756049043713,10.1339246719133,1.0,0.0
fixed_5bps_default,OHLCV,gap,test,100000.0,13.970761872183575,0.7527981295849282,5.0,-8.970761872183575,4.89703672235715,10.220349173464527,1.0,0.0
fixed_5bps_default,OHLCV,gap,test,1000000.0,14.454658651385829,1.6207850015369503,5.0,-9.454658651385826,5.326022065426891,10.851593489236452,1.0,0.0
fixed_5bps_default,OHLCV,gap,test,10000000.0,19.08439591722995,5.654582634932011,5.0,-14.084395917229953,4.580723532226987,14.810578531305987,1.0,0.0
fixed_5bps_default,OHLCV,wall,test,1000.0,0.6196239228503255,0.6314533290150737,5.0,4.380376077149675,0.5824189245796667,4.418925930695569,1.0,0.0
fixed_5bps_default,OHLCV,wall,test,10000.0,1.0691782909156708,1.0472282110502469,5.0,3.9308217090843285,0.6190747709182364,3.979272908534436,1.0,0.0
fixed_5bps_default,OHLCV,wall,test,100000.0,2.999098029956683,2.975498037125964,5.0,2.000901970043317,0.6563151291035781,2.1057915951996473,1.0,0.0
fixed_5bps_default,OHLCV,wall,test,1000000.0,8.875088566476498,8.906460931923524,5.0,-3.8750885664764976,0.6217661990402007,3.9246534374777315,1.0,0.0
fixed_5bps_default,OHLCV,wall,test,10000000.0,10.226464423043227,10.270577703340468,5.0,-5.226464423043226,0.6377444635409792,5.2652301342024685,1.0,0.0
fixed_5bps_default,OHLCV,fragmented,test,1000.0,0.5874841614835333,0.625,5.0,4.412515838516467,0.647586273375743,4.459782955102564,1.0,0.0
fixed_5bps_default,OHLCV,fragmented,test,10000.0,0.6603798514636215,0.625,5.0,4.339620148536378,0.6722762230223241,4.39138455997924,1.0,0.0
fixed_5bps_default,OHLCV,fragmented,test,100000.0,0.751652640434033,0.7588459280018607,5.0,4.248347359565966,0.6234347789425375,4.293847483449576,1.0,0.0
fixed_5bps_default,OHLCV,fragmented,test,1000000.0,1.620005858562432,1.6130864742423099,5.0,3.3799941414375683,0.6234826446429755,3.4370177486191835,1.0,0.0
fixed_5bps_default,OHLCV,fragmented,test,10000000.0,5.606390917504675,5.649713109118929,5.0,-0.606390917504675,0.7398197292561307,0.9565788920046145,1.0,0.0
fixed_5bps_default,OHLCV,concave_book,test,1000.0,0.5925318198539333,0.625,5.0,4.407468180146067,0.6302484801204157,4.452301529062714,1.0,0.0
fixed_5bps_default,OHLCV,concave_book,test,10000.0,0.6251944607509281,0.625,5.0,4.3748055392490715,0.6504684558222256,4.422898678272442,1.0,0.0
fixed_5bps_default,OHLCV,concave_book,test,100000.0,0.6432190000379288,0.625,5.0,4.356780999962071,0.6283083111529021,4.401853247837134,1.0,0.0
fixed_5bps_default,OHLCV,concave_book,test,1000000.0,0.6293247734555373,0.6634823996855376,5.0,4.370675226544463,0.6141247293562708,4.413609760630906,1.0,0.0
fixed_5bps_default,OHLCV,concave_book,test,10000000.0,8.914630401377108,8.87343175376892,5.0,-3.914630401377108,1.2984148432736216,4.12434386110314,1.0,0.0
fixed_5bps_default,OHLCV,coupled_hivol,test,1000.0,1.8551820977373203,1.625,5.0,3.14481790226268,1.7964159312924164,3.6217385102451893,1.0,0.0
fixed_5bps_default,OHLCV,coupled_hivol,test,10000.0,1.87774057557296,1.6293117039908338,5.0,3.1222594244270403,1.9878653620369284,3.7013663167821798,1.0,0.0
fixed_5bps_default,OHLCV,coupled_hivol,test,100000.0,1.963406066824745,2.006813939660383,5.0,3.036593933175255,1.9170253697734536,3.591084652768828,1.0,0.0
fixed_5bps_default,OHLCV,coupled_hivol,test,1000000.0,3.8763273764506874,3.8000747184835078,5.0,1.123672623549312,1.8979341724785117,2.2056278670654956,1.0,0.0
fixed_5bps_default,OHLCV,coupled_hivol,test,10000000.0,12.246479482965885,12.21941753602927,5.0,-7.246479482965885,1.9503455237151215,7.504352907407883,1.0,0.0
fixed_5bps_default,OHLCV,coupled_lovol,test,1000.0,0.3670969084210042,0.375,5.0,4.632903091578996,0.20620995672148335,4.637490011009543,1.0,0.0
fixed_5bps_default,OHLCV,coupled_lovol,test,10000.0,0.3892049646809896,0.375,5.0,4.610795035319011,0.21767817239012277,4.6159305285562455,1.0,0.0
fixed_5bps_default,OHLCV,coupled_lovol,test,100000.0,0.367784154404564,0.3820050135907947,5.0,4.632215845595436,0.21672220068301246,4.637282841541405,1.0,0.0
fixed_5bps_default,OHLCV,coupled_lovol,test,1000000.0,0.786313933152048,0.7921081062985238,5.0,4.213686066847952,0.2212420969638106,4.219490293319503,1.0,0.0
fixed_5bps_default,OHLCV,coupled_lovol,test,10000000.0,2.7443505066187464,2.7404297067178782,5.0,2.2556494933812536,0.24210304437666877,2.2686049724638173,1.0,0.0
half_spread_only(E3),L1,base,train,1000.0,0.6146136118846399,0.625,0.5,-0.11461361188463993,0.5727237915076826,0.584079464960187,1.0,0.0
half_spread_only(E3),L1,base,train,10000.0,0.6529579704308311,0.625,0.5,-0.15295797043083123,0.6259098964026011,0.6443285956195285,1.0,0.0
half_spread_only(E3),L1,base,train,100000.0,0.7639837131129159,0.751269817723069,0.5,-0.26398371311291585,0.635106867758498,0.6877849476856065,1.0,0.0
half_spread_only(E3),L1,base,train,1000000.0,1.5894231159435546,1.616334055870486,0.5,-1.0894231159435546,0.6182242898362312,1.252614864232289,1.0,0.0
half_spread_only(E3),L1,base,train,10000000.0,5.601021570600834,5.635253364946293,0.5,-5.101021570600834,0.7084109817502565,5.149977396338684,1.0,0.0
half_spread_only(E3),L1,deep,train,1000.0,0.6452329390299371,0.625,0.5,-0.14523293902993706,0.581210592974125,0.5990812632394769,1.0,0.0
half_spread_only(E3),L1,deep,train,10000.0,0.559088467225594,0.625,0.5,-0.059088467225593924,0.6193022771146602,0.6221147461670342,1.0,0.0
half_spread_only(E3),L1,deep,train,100000.0,0.5781072151395023,0.6251271475061244,0.5,-0.07810721513950235,0.6517575590104686,0.6564210941035739,1.0,0.0
half_spread_only(E3),L1,deep,train,1000000.0,0.8818052763778704,0.886125797225589,0.5,-0.3818052763778704,0.6655841477263904,0.7673183998671265,1.0,0.0
half_spread_only(E3),L1,deep,train,10000000.0,2.2307561799484095,2.2732720446170784,0.5,-1.7307561799484092,0.6537733708995916,1.8501179894609496,1.0,0.0
half_spread_only(E3),L1,hivol,train,1000.0,0.8576379929603513,0.625,0.5,-0.3576379929603512,1.9153688767714783,1.9484719315693368,1.0,0.0
half_spread_only(E3),L1,hivol,train,10000.0,0.548856800661073,0.625,0.5,-0.04885680066107303,1.8442330417989392,1.8448800772499558,1.0,0.0
half_spread_only(E3),L1,hivol,train,100000.0,0.7549272339236838,0.7589186302629203,0.5,-0.2549272339236838,1.7479481515097088,1.7664401022854381,1.0,0.0
half_spread_only(E3),L1,hivol,train,1000000.0,1.6385962656080815,1.6195534459039131,0.5,-1.1385962656080817,1.9977762871599283,2.299458968887068,1.0,0.0
half_spread_only(E3),L1,hivol,train,10000000.0,5.738473505720205,5.669704211750527,0.5,-5.238473505720205,1.9108371022472312,5.576101066287907,1.0,0.0
half_spread_only(E3),L1,lovol,train,1000.0,0.6230801655621708,0.625,0.5,-0.12308016556217086,0.20720002810216342,0.24099912614021798,1.0,0.0
half_spread_only(E3),L1,lovol,train,10000.0,0.6366098451079857,0.625,0.5,-0.1366098451079857,0.2236293399821893,0.26205406213470045,1.0,0.0
half_spread_only(E3),L1,lovol,train,100000.0,0.7650648748788555,0.757722015050052,0.5,-0.2650648748788556,0.22635368815266935,0.3485618740408355,1.0,0.0
half_spread_only(E3),L1,lovol,train,1000000.0,1.6296501668083379,1.6152129617223496,0.5,-1.1296501668083379,0.24089870878653852,1.1550505128630209,1.0,0.0
half_spread_only(E3),L1,lovol,train,10000000.0,5.63012031007963,5.635160780935263,0.5,-5.13012031007963,0.3251121029737416,5.140411683454111,1.0,0.0
half_spread_only(E3),L1,shallow,test,1000.0,2.084657494638824,2.125,2.0,-0.0846574946388243,0.6532625995824533,0.6587252199603012,1.0,0.0
half_spread_only(E3),L1,shallow,test,10000.0,2.2436789871862883,2.300810332827634,2.0,-0.24367898718628866,0.6481297622826353,0.6924244634273696,1.0,0.0
half_spread_only(E3),L1,shallow,test,100000.0,3.383263170371442,3.3515018733917845,2.0,-1.3832631703714424,0.6390738042093553,1.5237559928455315,1.0,0.0
half_spread_only(E3),L1,shallow,test,1000000.0,8.258929313439015,8.241316981769923,2.0,-6.258929313439015,0.6935468175981419,6.297237754668844,1.0,0.0
half_spread_only(E3),L1,shallow,test,10000000.0,30.801111740243343,30.806441281030764,2.0,-28.801111740243343,0.8084823556644816,28.812457048877377,1.0,0.0
half_spread_only(E3),L1,withdraw,test,1000.0,1.6215868314705904,1.625,0.5,-1.1215868314705901,0.6187716911639656,1.2809509851333705,1.0,0.0
half_spread_only(E3),L1,withdraw,test,10000.0,1.676019453212561,1.6925817581144498,0.5,-1.176019453212561,0.6366262986667877,1.337278878352808,1.0,0.0
half_spread_only(E3),L1,withdraw,test,100000.0,2.318969086280257,2.347741353134532,0.5,-1.8189690862802574,0.6122625177507015,1.9192482714556924,1.0,0.0
half_spread_only(E3),L1,withdraw,test,1000000.0,5.42878944146027,5.4450730512844165,0.5,-4.92878944146027,0.662900293645644,4.973168221321869,1.0,0.0
half_spread_only(E3),L1,withdraw,test,10000000.0,19.584683328175604,19.658335694308462,0.5,-19.084683328175604,0.7756556244432113,19.10043924585176,1.0,0.0
half_spread_only(E3),L1,trend,test,1000.0,2.1549059397947112,0.625,0.5,-1.6549059397947112,1.6137799288443084,2.311492878706001,1.0,0.0
half_spread_only(E3),L1,trend,test,10000.0,2.1101279211379382,0.625,0.5,-1.6101279211379385,1.5505354984002722,2.23532374707275,1.0,0.0
half_spread_only(E3),L1,trend,test,100000.0,2.1087165166264965,0.7567495323130968,0.5,-1.6087165166264963,1.4399005075266949,2.159000301630947,1.0,0.0
half_spread_only(E3),L1,trend,test,1000000.0,3.152423819017831,1.6129948007192267,0.5,-2.652423819017831,1.7089209306003617,3.155275402042925,1.0,0.0
half_spread_only(E3),L1,trend,test,10000000.0,7.157773746627608,5.631443404562738,0.5,-6.657773746627607,1.5653282718204056,6.839313113160126,1.0,0.0
half_spread_only(E3),L1,meanrev,test,1000.0,0.6511106152197961,0.625,0.5,-0.151110615219796,2.1289399405854423,2.1342960639639603,1.0,0.0
half_spread_only(E3),L1,meanrev,test,10000.0,0.6996593230987626,0.625,0.5,-0.1996593230987625,2.0270496434685352,2.03685888131362,1.0,0.0
half_spread_only(E3),L1,meanrev,test,100000.0,0.8259883108055225,0.7536824179980485,0.5,-0.3259883108055225,2.012943175491644,2.0391686066974013,1.0,0.0
half_spread_only(E3),L1,meanrev,test,1000000.0,1.6238518692256287,1.6160919673742,0.5,-1.1238518692256287,2.0039639763612804,2.2975888758687124,1.0,0.0
half_spread_only(E3),L1,meanrev,test,10000000.0,5.571125644029806,5.642983473256685,0.5,-5.071125644029806,2.026022821652252,5.460868408173966,1.0,0.0
half_spread_only(E3),L1,gap,test,1000.0,14.169844173247988,0.625,0.5,-13.669844173247988,4.564515310961472,14.411781282856179,1.0,0.0
half_spread_only(E3),L1,gap,test,10000.0,13.855704607157143,0.625,0.5,-13.355704607157145,4.926756049043713,14.235440657753712,1.0,0.0
half_spread_only(E3),L1,gap,test,100000.0,13.970761872183575,0.7527981295849282,0.5,-13.470761872183576,4.89703672235715,14.333261808715742,1.0,0.0
half_spread_only(E3),L1,gap,test,1000000.0,14.454658651385829,1.6207850015369503,0.5,-13.954658651385829,5.326022065426891,14.936499225658983,1.0,0.0
half_spread_only(E3),L1,gap,test,10000000.0,19.08439591722995,5.654582634932011,0.5,-18.58439591722995,4.580723532226987,19.140606042836037,1.0,0.0
half_spread_only(E3),L1,wall,test,1000.0,0.6196239228503255,0.6314533290150737,0.5,-0.11962392285032554,0.5824189245796667,0.5945768971517781,1.0,0.0
half_spread_only(E3),L1,wall,test,10000.0,1.0691782909156708,1.0472282110502469,0.5,-0.569178290915671,0.6190747709182364,0.8409622457858326,1.0,0.0
half_spread_only(E3),L1,wall,test,100000.0,2.999098029956683,2.975498037125964,0.5,-2.499098029956683,0.6563151291035781,2.583842199520632,1.0,0.0
half_spread_only(E3),L1,wall,test,1000000.0,8.875088566476498,8.906460931923524,0.5,-8.375088566476498,0.6217661990402007,8.398136799468931,1.0,0.0
half_spread_only(E3),L1,wall,test,10000000.0,10.226464423043227,10.270577703340468,0.5,-9.726464423043227,0.6377444635409792,9.747349802561862,1.0,0.0
half_spread_only(E3),L1,fragmented,test,1000.0,0.5874841614835333,0.625,0.5,-0.08748416148353336,0.6475862733757429,0.6534687903604574,1.0,0.0
half_spread_only(E3),L1,fragmented,test,10000.0,0.6603798514636215,0.625,0.5,-0.16037985146362152,0.6722762230223241,0.691141821044462,1.0,0.0
half_spread_only(E3),L1,fragmented,test,100000.0,0.751652640434033,0.7588459280018607,0.5,-0.251652640434033,0.6234347789425375,0.6723094339904441,1.0,0.0
half_spread_only(E3),L1,fragmented,test,1000000.0,1.620005858562432,1.6130864742423099,0.5,-1.120005858562432,0.6234826446429755,1.2818516807279885,1.0,0.0
half_spread_only(E3),L1,fragmented,test,10000000.0,5.606390917504675,5.649713109118929,0.5,-5.106390917504675,0.7398197292561307,5.159705556925788,1.0,0.0
half_spread_only(E3),L1,concave_book,test,1000.0,0.5925318198539333,0.625,0.5,-0.09253181985393336,0.6302484801204157,0.6370049327749155,1.0,0.0
half_spread_only(E3),L1,concave_book,test,10000.0,0.6251944607509281,0.625,0.5,-0.12519446075092805,0.6504684558222256,0.6624068727168118,1.0,0.0
half_spread_only(E3),L1,concave_book,test,100000.0,0.6432190000379288,0.625,0.5,-0.14321900003792876,0.6283083111529022,0.6444245617880159,1.0,0.0
half_spread_only(E3),L1,concave_book,test,1000000.0,0.6293247734555373,0.6634823996855376,0.5,-0.12932477345553736,0.6141247293562708,0.6275938816115394,1.0,0.0
half_spread_only(E3),L1,concave_book,test,10000000.0,8.914630401377108,8.87343175376892,0.5,-8.414630401377108,1.2984148432736216,8.514216693097088,1.0,0.0
half_spread_only(E3),L1,coupled_hivol,test,1000.0,1.8551820977373203,1.625,1.5,-0.35518209773732023,1.7964159312924164,1.8311921037275918,1.0,0.0
half_spread_only(E3),L1,coupled_hivol,test,10000.0,1.87774057557296,1.6293117039908338,1.5,-0.37774057557295987,1.9878653620369284,2.0234368386535815,1.0,0.0
half_spread_only(E3),L1,coupled_hivol,test,100000.0,1.963406066824745,2.006813939660383,1.5,-0.4634060668247448,1.9170253697734536,1.9722402113142876,1.0,0.0
half_spread_only(E3),L1,coupled_hivol,test,1000000.0,3.8763273764506874,3.8000747184835078,1.5,-2.376327376450688,1.8979341724785117,3.0412309881248256,1.0,0.0
half_spread_only(E3),L1,coupled_hivol,test,10000000.0,12.246479482965885,12.21941753602927,1.5,-10.746479482965885,1.9503455237151215,10.922026778015256,1.0,0.0
half_spread_only(E3),L1,coupled_lovol,test,1000.0,0.3670969084210042,0.375,0.25,-0.11709690842100422,0.20620995672148335,0.23713758076870287,1.0,0.0
half_spread_only(E3),L1,coupled_lovol,test,10000.0,0.3892049646809896,0.375,0.25,-0.1392049646809896,0.21767817239012272,0.2583830662542334,1.0,0.0
half_spread_only(E3),L1,coupled_lovol,test,100000.0,0.367784154404564,0.3820050135907947,0.25,-0.11778415440456401,0.21672220068301246,0.2466609399513553,1.0,0.0
half_spread_only(E3),L1,coupled_lovol,test,1000000.0,0.786313933152048,0.7921081062985238,0.25,-0.5363139331520481,0.22124209696381064,0.5801557552605712,1.0,0.0
half_spread_only(E3),L1,coupled_lovol,test,10000000.0,2.7443505066187464,2.7404297067178782,0.25,-2.4943505066187464,0.24210304437666877,2.506072292246504,1.0,0.0
spread_prop,L1,base,train,1000.0,0.6146136118846399,0.625,1.647000365534607,1.0323867536499671,0.5727237915076826,1.1806078732885248,1.0,0.0
spread_prop,L1,base,train,10000.0,0.6529579704308311,0.625,1.647000365534607,0.9940423951037758,0.6259098964026011,1.174684417909068,1.0,0.0
spread_prop,L1,base,train,100000.0,0.7639837131129159,0.751269817723069,1.647000365534607,0.883016652421691,0.635106867758498,1.0876944156922108,1.0,0.0
spread_prop,L1,base,train,1000000.0,1.5894231159435546,1.616334055870486,1.647000365534607,0.05757724959105261,0.6182242898362312,0.6208996796697377,1.0,0.0
spread_prop,L1,base,train,10000000.0,5.601021570600834,5.635253364946293,1.647000365534607,-3.9540212050662285,0.7084109817502565,4.016980185310571,1.0,0.0
spread_prop,L1,deep,train,1000.0,0.6452329390299371,0.625,1.647000365534607,1.00176742650467,0.581210592974125,1.1581639478895565,1.0,0.0
spread_prop,L1,deep,train,10000.0,0.559088467225594,0.625,1.647000365534607,1.087911898309013,0.6193022771146601,1.2518336985884841,1.0,0.0
spread_prop,L1,deep,train,100000.0,0.5781072151395023,0.6251271475061244,1.647000365534607,1.0688931503951047,0.6517575590104686,1.2519267081937568,1.0,0.0
spread_prop,L1,deep,train,1000000.0,0.8818052763778704,0.886125797225589,1.647000365534607,0.7651950891567366,0.6655841477263904,1.0141626014472491,1.0,0.0
spread_prop,L1,deep,train,10000000.0,2.2307561799484095,2.2732720446170784,1.647000365534607,-0.5837558144138025,0.6537733708995916,0.8764647576253919,1.0,0.0
spread_prop,L1,hivol,train,1000.0,0.8576379929603513,0.625,1.647000365534607,0.7893623725742558,1.9153688767714783,2.0716493162069907,1.0,0.0
spread_prop,L1,hivol,train,10000.0,0.548856800661073,0.625,1.647000365534607,1.098143564873534,1.8442330417989392,2.146419064753228,1.0,0.0
spread_prop,L1,hivol,train,100000.0,0.7549272339236838,0.7589186302629203,1.647000365534607,0.8920731316109234,1.7479481515097088,1.9624263584930588,1.0,0.0
spread_prop,L1,hivol,train,1000000.0,1.6385962656080815,1.6195534459039131,1.647000365534607,0.008404099926525509,1.9977762871599283,1.997793963959768,1.0,0.0
spread_prop,L1,hivol,train,10000000.0,5.738473505720205,5.669704211750527,1.647000365534607,-4.091473140185598,1.9108371022472312,4.515689414495287,1.0,0.0
spread_prop,L1,lovol,train,1000.0,0.6230801655621708,0.625,1.647000365534607,1.0239201999724363,0.20720002810216342,1.0446743165011434,1.0,0.0
spread_prop,L1,lovol,train,10000.0,0.6366098451079857,0.625,1.647000365534607,1.0103905204266215,0.22362933998218926,1.034842541389195,1.0,0.0
spread_prop,L1,lovol,train,100000.0,0.7650648748788555,0.757722015050052,1.647000365534607,0.8819354906557515,0.22635368815266935,0.9105197426846476,1.0,0.0
spread_prop,L1,lovol,train,1000000.0,1.6296501668083379,1.6152129617223496,1.647000365534607,0.017350198726269108,0.24089870878653852,0.24152270553896693,1.0,0.0
spread_prop,L1,lovol,train,10000000.0,5.63012031007963,5.635160780935263,1.647000365534607,-3.983119944545023,0.3251121029737416,3.996366145904596,1.0,0.0
spread_prop,L1,shallow,test,1000.0,2.084657494638824,2.125,6.588001462138428,4.503343967499604,0.6532625995824533,4.550478976286815,1.0,0.0
spread_prop,L1,shallow,test,10000.0,2.2436789871862883,2.300810332827634,6.588001462138428,4.34432247495214,0.6481297622826353,4.392403664866292,1.0,0.0
spread_prop,L1,shallow,test,100000.0,3.383263170371442,3.3515018733917845,6.588001462138428,3.2047382917669864,0.6390738042093553,3.267837640695173,1.0,0.0
spread_prop,L1,shallow,test,1000000.0,8.258929313439015,8.241316981769923,6.588001462138428,-1.6709278513005872,0.6935468175981419,1.809145398372532,1.0,0.0
spread_prop,L1,shallow,test,10000000.0,30.801111740243343,30.806441281030764,6.588001462138428,-24.21311027810491,0.8084823556644816,24.22660424118681,1.0,0.0
spread_prop,L1,withdraw,test,1000.0,1.6215868314705904,1.625,1.647000365534607,0.025413534064016755,0.6187716911639656,0.6192933501173227,1.0,0.0
spread_prop,L1,withdraw,test,10000.0,1.676019453212561,1.6925817581144498,1.647000365534607,-0.029019087677953827,0.6366262986667877,0.6372873383363542,1.0,0.0
spread_prop,L1,withdraw,test,100000.0,2.318969086280257,2.347741353134532,1.647000365534607,-0.6719687207456505,0.6122625177507015,0.9090694980599525,1.0,0.0
spread_prop,L1,withdraw,test,1000000.0,5.42878944146027,5.4450730512844165,1.647000365534607,-3.7817890759256625,0.6629002936456438,3.8394485820370297,1.0,0.0
spread_prop,L1,withdraw,test,10000000.0,19.584683328175604,19.658335694308462,1.647000365534607,-17.93768296264099,0.7756556244432113,17.954445458324557,1.0,0.0
spread_prop,L1,trend,test,1000.0,2.1549059397947112,0.625,1.647000365534607,-0.5079055742601042,1.6137799288443082,1.6918196508804437,1.0,0.0
spread_prop,L1,trend,test,10000.0,2.1101279211379382,0.625,1.647000365534607,-0.4631275556033313,1.550535498400272,1.6182235520960933,1.0,0.0
spread_prop,L1,trend,test,100000.0,2.1087165166264965,0.7567495323130968,1.647000365534607,-0.46171615109188935,1.4399005075266949,1.5121161581554314,1.0,0.0
spread_prop,L1,trend,test,1000000.0,3.152423819017831,1.6129948007192267,1.647000365534607,-1.5054234534832238,1.7089209306003617,2.2774350751100156,1.0,0.0
spread_prop,L1,trend,test,10000000.0,7.157773746627608,5.631443404562738,1.647000365534607,-5.510773381093001,1.5653282718204056,5.72877612202846,1.0,0.0
spread_prop,L1,meanrev,test,1000.0,0.6511106152197961,0.625,1.647000365534607,0.9958897503148111,2.1289399405854423,2.350357773914866,1.0,0.0
spread_prop,L1,meanrev,test,10000.0,0.6996593230987626,0.625,1.647000365534607,0.9473410424358447,2.0270496434685352,2.2374953201670276,1.0,0.0
spread_prop,L1,meanrev,test,100000.0,0.8259883108055225,0.7536824179980485,1.647000365534607,0.8210120547290846,2.012943175491644,2.1739367566166354,1.0,0.0
spread_prop,L1,meanrev,test,1000000.0,1.6238518692256287,1.6160919673742,1.647000365534607,0.023148496308978507,2.0039639763612804,2.0040976701336395,1.0,0.0
spread_prop,L1,meanrev,test,10000000.0,5.571125644029806,5.642983473256685,1.647000365534607,-3.9241252784951985,2.026022821652252,4.416279845659781,1.0,0.0
spread_prop,L1,gap,test,1000.0,14.169844173247988,0.625,1.647000365534607,-12.522843807713382,4.564515310961472,13.328781529321692,1.0,0.0
spread_prop,L1,gap,test,10000.0,13.855704607157143,0.625,1.647000365534607,-12.20870424162254,4.926756049043713,13.165309887207401,1.0,0.0
spread_prop,L1,gap,test,100000.0,13.970761872183575,0.7527981295849282,1.647000365534607,-12.323761506648967,4.89703672235715,13.261073347692385,1.0,0.0
spread_prop,L1,gap,test,1000000.0,14.454658651385829,1.6207850015369503,1.647000365534607,-12.807658285851218,5.326022065426891,13.870927215170134,1.0,0.0
spread_prop,L1,gap,test,10000000.0,19.08439591722995,5.654582634932011,1.647000365534607,-17.437395551695346,4.580723532226988,18.02902636597392,1.0,0.0
spread_prop,L1,wall,test,1000.0,0.6196239228503255,0.6314533290150737,1.647000365534607,1.0273764426842815,0.5824189245796667,1.1809801686273755,1.0,0.0
spread_prop,L1,wall,test,10000.0,1.0691782909156708,1.0472282110502469,1.647000365534607,0.577822074618936,0.6190747709182364,0.8468364198027847,1.0,0.0
spread_prop,L1,wall,test,100000.0,2.999098029956683,2.975498037125964,1.647000365534607,-1.3520976644220757,0.6563151291035781,1.5029696080845676,1.0,0.0
spread_prop,L1,wall,test,1000000.0,8.875088566476498,8.906460931923524,1.647000365534607,-7.228088200941889,0.6217661990402008,7.254781336943538,1.0,0.0
spread_prop,L1,wall,test,10000000.0,10.226464423043227,10.270577703340468,1.647000365534607,-8.579464057508618,0.6377444635409792,8.603134400604203,1.0,0.0
spread_prop,L1,fragmented,test,1000.0,0.5874841614835333,0.625,1.647000365534607,1.0595162040510737,0.6475862733757429,1.2417498009307184,1.0,0.0
spread_prop,L1,fragmented,test,10000.0,0.6603798514636215,0.625,1.647000365534607,0.9866205140709856,0.6722762230223241,1.1938908487909845,1.0,0.0
spread_prop,L1,fragmented,test,100000.0,0.751652640434033,0.7588459280018607,1.647000365534607,0.8953477251005739,0.6234347789425375,1.0910171733010914,1.0,0.0
spread_prop,L1,fragmented,test,1000000.0,1.620005858562432,1.6130864742423099,1.647000365534607,0.026994506972175217,0.6234826446429755,0.6240667525014209,1.0,0.0
spread_prop,L1,fragmented,test,10000000.0,5.606390917504675,5.649713109118929,1.647000365534607,-3.9593905519700674,0.7398197292561307,4.027915934428926,1.0,0.0
spread_prop,L1,concave_book,test,1000.0,0.5925318198539333,0.625,1.647000365534607,1.0544685456806737,0.6302484801204157,1.228461257233621,1.0,0.0
spread_prop,L1,concave_book,test,10000.0,0.6251944607509281,0.625,1.647000365534607,1.021805904783679,0.6504684558222256,1.2112788774970626,1.0,0.0
spread_prop,L1,concave_book,test,100000.0,0.6432190000379288,0.625,1.647000365534607,1.0037813654966783,0.6283083111529022,1.184207905556363,1.0,0.0
spread_prop,L1,concave_book,test,1000000.0,0.6293247734555373,0.6634823996855376,1.647000365534607,1.0176755920790697,0.6141247293562708,1.188618018507375,1.0,0.0
spread_prop,L1,concave_book,test,10000000.0,8.914630401377108,8.87343175376892,1.647000365534607,-7.2676300358425,1.2984148432736216,7.382704615729477,1.0,0.0
spread_prop,L1,coupled_hivol,test,1000.0,1.8551820977373203,1.625,4.941001096603821,3.085818998866501,1.7964159312924164,3.5706286690114744,1.0,0.0
spread_prop,L1,coupled_hivol,test,10000.0,1.87774057557296,1.6293117039908338,4.941001096603821,3.063260521030861,1.9878653620369284,3.651735712957945,1.0,0.0
spread_prop,L1,coupled_hivol,test,100000.0,1.963406066824745,2.006813939660383,4.941001096603821,2.977595029779076,1.9170253697734536,3.541335684416277,1.0,0.0
spread_prop,L1,coupled_hivol,test,1000000.0,3.8763273764506874,3.8000747184835078,4.941001096603821,1.064673720153133,1.8979341724785117,2.1761627359750477,1.0,0.0
spread_prop,L1,coupled_hivol,test,10000000.0,12.246479482965885,12.21941753602927,4.941001096603821,-7.305478386362063,1.9503455237151215,7.561339968251586,1.0,0.0
spread_prop,L1,coupled_lovol,test,1000.0,0.3670969084210042,0.375,0.8235001827673035,0.4564032743462993,0.20620995672148335,0.5008258131177938,1.0,0.0
spread_prop,L1,coupled_lovol,test,10000.0,0.3892049646809896,0.375,0.8235001827673035,0.43429521808631394,0.21767817239012274,0.4857943218973879,1.0,0.0
spread_prop,L1,coupled_lovol,test,100000.0,0.367784154404564,0.3820050135907947,0.8235001827673035,0.45571602836273956,0.21672220068301248,0.5046242272974982,1.0,0.0
spread_prop,L1,coupled_lovol,test,1000000.0,0.786313933152048,0.7921081062985238,0.8235001827673035,0.03718624961525537,0.22124209696381064,0.22434545377473614,1.0,0.0
spread_prop,L1,coupled_lovol,test,10000000.0,2.7443505066187464,2.7404297067178782,0.8235001827673035,-1.9208503238514425,0.24210304437666877,1.9360474815294806,1.0,0.0
vol_scaled,L1,base,train,1000.0,0.6146136118846399,0.625,1.0848915244849098,0.47027791260027013,0.5727237915076826,0.7410626535176379,1.0,0.0
vol_scaled,L1,base,train,10000.0,0.6529579704308311,0.625,1.0848915244849098,0.43193355405407885,0.6259098964026011,0.7604799757603764,1.0,0.0
vol_scaled,L1,base,train,100000.0,0.7639837131129159,0.751269817723069,1.0848915244849098,0.3209078113719941,0.635106867758498,0.7115775129060598,1.0,0.0
vol_scaled,L1,base,train,1000000.0,1.5894231159435546,1.616334055870486,1.0848915244849098,-0.5045315914586445,0.6182242898362312,0.7979682946855124,1.0,0.0
vol_scaled,L1,base,train,10000000.0,5.601021570600834,5.635253364946293,1.0848915244849098,-4.516130046115926,0.7084109817502565,4.571353925534031,1.0,0.0
vol_scaled,L1,deep,train,1000.0,0.6452329390299371,0.625,1.0848915244849098,0.4396585854549729,0.581210592974125,0.7287698025780168,1.0,0.0
vol_scaled,L1,deep,train,10000.0,0.559088467225594,0.625,1.0848915244849098,0.5258030572593161,0.6193022771146601,0.8124064041245901,1.0,0.0
vol_scaled,L1,deep,train,100000.0,0.5781072151395023,0.6251271475061244,1.0848915244849098,0.5067843093454077,0.6517575590104686,0.8256017514068065,1.0,0.0
vol_scaled,L1,deep,train,1000000.0,0.8818052763778704,0.886125797225589,1.0848915244849098,0.2030862481070396,0.6655841477263904,0.6958780653784536,1.0,0.0
vol_scaled,L1,deep,train,10000000.0,2.2307561799484095,2.2732720446170784,1.0848915244849098,-1.1458646554634995,0.6537733708995916,1.3192518444701526,1.0,0.0
vol_scaled,L1,hivol,train,1000.0,0.8576379929603513,0.625,2.254674573454729,1.3970365804943783,1.9153688767714785,2.370727555275861,1.0,0.0
vol_scaled,L1,hivol,train,10000.0,0.548856800661073,0.625,2.254674573454729,1.7058177727936568,1.8442330417989392,2.5121723241930836,1.0,0.0
vol_scaled,L1,hivol,train,100000.0,0.7549272339236838,0.7589186302629203,2.254674573454729,1.4997473395310457,1.7479481515097088,2.303164089420608,1.0,0.0
vol_scaled,L1,hivol,train,1000000.0,1.6385962656080815,1.6195534459039131,2.254674573454729,0.616078307846648,1.9977762871599283,2.0906129663181794,1.0,0.0
vol_scaled,L1,hivol,train,10000000.0,5.738473505720205,5.669704211750527,2.254674573454729,-3.483798932265475,1.9108371022472312,3.9734309396010223,1.0,0.0
vol_scaled,L1,lovol,train,1000.0,0.6230801655621708,0.625,0.69496384149497,0.07188367593279907,0.20720002810216342,0.2193151032445075,1.0,0.0
vol_scaled,L1,lovol,train,10000.0,0.6366098451079857,0.625,0.69496384149497,0.058353996386984214,0.22362933998218928,0.2311174389681613,1.0,0.0
vol_scaled,L1,lovol,train,100000.0,0.7650648748788555,0.757722015050052,0.69496384149497,-0.07010103338388568,0.22635368815266935,0.2369602224463096,1.0,0.0
vol_scaled,L1,lovol,train,1000000.0,1.6296501668083379,1.6152129617223496,0.69496384149497,-0.934686325313368,0.24089870878653852,0.9652309125918153,1.0,0.0
vol_scaled,L1,lovol,train,10000000.0,5.63012031007963,5.635160780935263,0.69496384149497,-4.93515646858466,0.3251121029737416,4.945853540988959,1.0,0.0
vol_scaled,L1,shallow,test,1000.0,2.084657494638824,2.125,2.5848915244849096,0.5002340298460858,0.6532625995824533,0.8227916556633759,1.0,0.0
vol_scaled,L1,shallow,test,10000.0,2.2436789871862883,2.300810332827634,2.5848915244849096,0.34121253729862133,0.6481297622826353,0.7324603636827787,1.0,0.0
vol_scaled,L1,shallow,test,100000.0,3.383263170371442,3.3515018733917845,2.5848915244849096,-0.7983716458865323,0.6390738042093553,1.0226497993850037,1.0,0.0
vol_scaled,L1,shallow,test,1000000.0,8.258929313439015,8.241316981769923,2.5848915244849096,-5.674037788954106,0.693546817598142,5.7162673151873955,1.0,0.0
vol_scaled,L1,shallow,test,10000000.0,30.801111740243343,30.806441281030764,2.5848915244849096,-28.216220215758433,0.8084823556644816,28.227800604786687,1.0,0.0
vol_scaled,L1,withdraw,test,1000.0,1.6215868314705904,1.625,1.0848915244849098,-0.5366953069856804,0.6187716911639656,0.8190972215350065,1.0,0.0
vol_scaled,L1,withdraw,test,10000.0,1.676019453212561,1.6925817581144498,1.0848915244849098,-0.591127928727651,0.6366262986667877,0.8687492574247282,1.0,0.0
vol_scaled,L1,withdraw,test,100000.0,2.318969086280257,2.347741353134532,1.0848915244849098,-1.2340775617953474,0.6122625177507015,1.3776112728811338,1.0,0.0
vol_scaled,L1,withdraw,test,1000000.0,5.42878944146027,5.4450730512844165,1.0848915244849098,-4.34389791697536,0.662900293645644,4.394187742054083,1.0,0.0
vol_scaled,L1,withdraw,test,10000000.0,19.584683328175604,19.658335694308462,1.0848915244849098,-18.49979180369069,0.7756556244432113,18.51604543166903,1.0,0.0
vol_scaled,L1,trend,test,1000.0,2.1549059397947112,0.625,1.0848915244849098,-1.0700144153098015,1.6137799288443082,1.9362893656970583,1.0,0.0
vol_scaled,L1,trend,test,10000.0,2.1101279211379382,0.625,1.0848915244849098,-1.0252363966530285,1.5505354984002722,1.8588356572923455,1.0,0.0
vol_scaled,L1,trend,test,100000.0,2.1087165166264965,0.7567495323130968,1.0848915244849098,-1.0238249921415863,1.4399005075266949,1.766785523517032,1.0,0.0
vol_scaled,L1,trend,test,1000000.0,3.152423819017831,1.6129948007192267,1.0848915244849098,-2.067532294532921,1.7089209306003617,2.6823684564169348,1.0,0.0
vol_scaled,L1,trend,test,10000000.0,7.157773746627608,5.631443404562738,1.0848915244849098,-6.072882222142698,1.5653282718204058,6.271375533531467,1.0,0.0
vol_scaled,L1,meanrev,test,1000.0,0.6511106152197961,0.625,1.0848915244849098,0.4337809092651141,2.1289399405854423,2.172682937720738,1.0,0.0
vol_scaled,L1,meanrev,test,10000.0,0.6996593230987626,0.625,1.0848915244849098,0.3852322013861475,2.0270496434685352,2.063330828071624,1.0,0.0
vol_scaled,L1,meanrev,test,100000.0,0.8259883108055225,0.7536824179980485,1.0848915244849098,0.2589032136793875,2.012943175491644,2.029524846315486,1.0,0.0
vol_scaled,L1,meanrev,test,1000000.0,1.6238518692256287,1.6160919673742,1.0848915244849098,-0.5389603447407185,2.0039639763612804,2.075174660542276,1.0,0.0
vol_scaled,L1,meanrev,test,10000000.0,5.571125644029806,5.642983473256685,1.0848915244849098,-4.486234119544896,2.026022821652252,4.922505972492519,1.0,0.0
vol_scaled,L1,gap,test,1000.0,14.169844173247988,0.625,1.0848915244849098,-13.08495264876308,4.564515310961472,13.858238915691041,1.0,0.0
vol_scaled,L1,gap,test,10000.0,13.855704607157143,0.625,1.0848915244849098,-12.770813082672236,4.926756049043713,13.688191697932242,1.0,0.0
vol_scaled,L1,gap,test,100000.0,13.970761872183575,0.7527981295849282,1.0848915244849098,-12.885870347698667,4.89703672235715,13.785014446050255,1.0,0.0
vol_scaled,L1,gap,test,1000000.0,14.454658651385829,1.6207850015369503,1.0848915244849098,-13.369767126900916,5.326022065426891,14.39156642165732,1.0,0.0
vol_scaled,L1,gap,test,10000000.0,19.08439591722995,5.654582634932011,1.0848915244849098,-17.99950439274504,4.580723532226988,18.573238448454436,1.0,0.0
vol_scaled,L1,wall,test,1000.0,0.6196239228503255,0.6314533290150737,1.0848915244849098,0.46526760163458447,0.5824189245796667,0.7454433210106144,1.0,0.0
vol_scaled,L1,wall,test,10000.0,1.0691782909156708,1.0472282110502469,1.0848915244849098,0.015713233569239038,0.6190747709182363,0.6192741539065458,1.0,0.0
vol_scaled,L1,wall,test,100000.0,2.999098029956683,2.975498037125964,1.0848915244849098,-1.9142065054717727,0.6563151291035781,2.023594844399615,1.0,0.0
vol_scaled,L1,wall,test,1000000.0,8.875088566476498,8.906460931923524,1.0848915244849098,-7.790197041991589,0.6217661990402008,7.814970451596308,1.0,0.0
vol_scaled,L1,wall,test,10000000.0,10.226464423043227,10.270577703340468,1.0848915244849098,-9.14157289855832,0.6377444635409792,9.163791412970566,1.0,0.0
vol_scaled,L1,fragmented,test,1000.0,0.5874841614835333,0.625,1.0848915244849098,0.49740736300137667,0.6475862733757429,0.8165672453831747,1.0,0.0
vol_scaled,L1,fragmented,test,10000.0,0.6603798514636215,0.625,1.0848915244849098,0.4245116730212885,0.6722762230223241,0.7950883476523192,1.0,0.0
vol_scaled,L1,fragmented,test,100000.0,0.751652640434033,0.7588459280018607,1.0848915244849098,0.333238884050877,0.6234347789425375,0.706908111029011,1.0,0.0
vol_scaled,L1,fragmented,test,1000000.0,1.620005858562432,1.6130864742423099,1.0848915244849098,-0.5351143340775218,0.6234826446429755,0.821631279045673,1.0,0.0
vol_scaled,L1,fragmented,test,10000000.0,5.606390917504675,5.649713109118929,1.0848915244849098,-4.5214993930197656,0.7398197292561308,4.581625256704734,1.0,0.0
vol_scaled,L1,concave_book,test,1000.0,0.5925318198539333,0.625,1.0848915244849098,0.4923597046309768,0.6302484801204156,0.7997694826876032,1.0,0.0
vol_scaled,L1,concave_book,test,10000.0,0.6251944607509281,0.625,1.0848915244849098,0.45969706373398195,0.6504684558222256,0.7965115205854811,1.0,0.0
vol_scaled,L1,concave_book,test,100000.0,0.6432190000379288,0.625,1.0848915244849098,0.4416725244469812,0.6283083111529022,0.7680142919992969,1.0,0.0
vol_scaled,L1,concave_book,test,1000000.0,0.6293247734555373,0.6634823996855376,1.0848915244849098,0.45556675102937266,0.6141247293562708,0.7646504089127079,1.0,0.0
vol_scaled,L1,concave_book,test,10000000.0,8.914630401377108,8.87343175376892,1.0848915244849098,-7.829738876892199,1.2984148432736216,7.936667561738387,1.0,0.0
vol_scaled,L1,coupled_hivol,test,1000.0,1.8551820977373203,1.625,3.254674573454729,1.3994924757174094,1.7964159312924164,2.277210879077922,1.0,0.0
vol_scaled,L1,coupled_hivol,test,10000.0,1.87774057557296,1.6293117039908338,3.254674573454729,1.3769339978817698,1.9878653620369284,2.4181720228529815,1.0,0.0
vol_scaled,L1,coupled_hivol,test,100000.0,1.963406066824745,2.006813939660383,3.254674573454729,1.2912685066299847,1.9170253697734536,2.3113547163015626,1.0,0.0
vol_scaled,L1,coupled_hivol,test,1000000.0,3.8763273764506874,3.8000747184835078,3.254674573454729,-0.6216528029959583,1.8979341724785117,1.9971495513692572,1.0,0.0
vol_scaled,L1,coupled_hivol,test,10000000.0,12.246479482965885,12.21941753602927,3.254674573454729,-8.991804909511156,1.9503455237151215,9.200891434670043,1.0,0.0
vol_scaled,L1,coupled_lovol,test,1000.0,0.3670969084210042,0.375,0.44496384149497004,0.07786693307396571,0.20620995672148335,0.2204218807591966,1.0,0.0
vol_scaled,L1,coupled_lovol,test,10000.0,0.3892049646809896,0.375,0.44496384149497004,0.055758876813980306,0.21767817239012272,0.22470611713671845,1.0,0.0
vol_scaled,L1,coupled_lovol,test,100000.0,0.367784154404564,0.3820050135907947,0.44496384149497004,0.0771796870904059,0.21672220068301246,0.23005481166074507,1.0,0.0
vol_scaled,L1,coupled_lovol,test,1000000.0,0.786313933152048,0.7921081062985238,0.44496384149497004,-0.3413500916570783,0.22124209696381064,0.4067775197122377,1.0,0.0
vol_scaled,L1,coupled_lovol,test,10000000.0,2.7443505066187464,2.7404297067178782,0.44496384149497004,-2.2993866651237767,0.2421030443766687,2.3120970827033824,1.0,0.0
size_depth(L1+D1bp),L1,base,train,1000.0,0.6146136118846399,0.625,0.5005266382857779,-0.11408697359886195,0.5727272263401496,0.5839797199699904,1.0,0.0
size_depth(L1+D1bp),L1,base,train,10000.0,0.6529579704308311,0.625,0.5054361249405285,-0.1475218454903027,0.6259634060974691,0.6431118725929493,1.0,0.0
size_depth(L1+D1bp),L1,base,train,100000.0,0.7639837131129159,0.751269817723069,0.5539838242352126,-0.20999988887770332,0.6360805197412958,0.6698495211038108,1.0,0.0
size_depth(L1+D1bp),L1,base,train,1000000.0,1.5894231159435546,1.616334055870486,1.0326745251968907,-0.5567485907466637,0.6126875264902417,0.8278617024691544,1.0,0.0
size_depth(L1+D1bp),L1,base,train,10000000.0,5.601021570600834,5.635253364946293,5.803267110720093,0.20224554011925672,1.0676992328415975,1.086685285769834,1.0,0.0
size_depth(L1+D1bp),L1,deep,train,1000.0,0.6452329390299371,0.625,0.500105597040763,-0.1451273419891741,0.581210889085689,0.5990559598106171,1.0,0.0
size_depth(L1+D1bp),L1,deep,train,10000.0,0.559088467225594,0.625,0.5010655873801114,-0.058022879845482496,0.6193065357144055,0.6220186812018925,1.0,0.0
size_depth(L1+D1bp),L1,deep,train,100000.0,0.5781072151395023,0.6251271475061244,0.5104580409911041,-0.06764917414839812,0.6518111235720007,0.6553122550167624,1.0,0.0
size_depth(L1+D1bp),L1,deep,train,1000000.0,0.8818052763778704,0.886125797225589,0.606462110191159,-0.2753431661867114,0.6663933945138706,0.7210367642620189,1.0,0.0
size_depth(L1+D1bp),L1,deep,train,10000000.0,2.2307561799484095,2.2732720446170784,1.5826686725205494,-0.6480875074278603,0.6685444003957299,0.931111718637749,1.0,0.0
size_depth(L1+D1bp),L1,hivol,train,1000.0,0.8576379929603513,0.625,0.5005317682285503,-0.35710622473180087,1.9153725039565015,1.9483779624741187,1.0,0.0
size_depth(L1+D1bp),L1,hivol,train,10000.0,0.548856800661073,0.625,0.505306925507338,-0.04354987515373509,1.8441853926907052,1.844699529527689,1.0,0.0
size_depth(L1+D1bp),L1,hivol,train,100000.0,0.7549272339236838,0.7589186302629203,0.5539215283709726,-0.2010057055527112,1.7485501733199351,1.760065624424816,1.0,0.0
size_depth(L1+D1bp),L1,hivol,train,1000000.0,1.6385962656080815,1.6195534459039131,1.0322301853501061,-0.6063660802579756,1.9976170846168577,2.0876191798411354,1.0,0.0
size_depth(L1+D1bp),L1,hivol,train,10000000.0,5.738473505720205,5.669704211750527,5.8298616329214825,0.09138812720127727,2.1185759561104676,2.1205461257899434,1.0,0.0
size_depth(L1+D1bp),L1,lovol,train,1000.0,0.6230801655621708,0.625,0.5005312368228642,-0.12254892873930677,0.20720014437210482,0.24072835263627085,1.0,0.0
size_depth(L1+D1bp),L1,lovol,train,10000.0,0.6366098451079857,0.625,0.505347339982694,-0.13126250512529175,0.2236684031294372,0.2593403165923873,1.0,0.0
size_depth(L1+D1bp),L1,lovol,train,100000.0,0.7650648748788555,0.757722015050052,0.5528103228099126,-0.21225455206894298,0.22688883452264097,0.3106936402712968,1.0,0.0
size_depth(L1+D1bp),L1,lovol,train,1000000.0,1.6296501668083379,1.6152129617223496,1.0283042952365111,-0.601345871571827,0.23887328458761015,0.6470527825039882,1.0,0.0
size_depth(L1+D1bp),L1,lovol,train,10000000.0,5.63012031007963,5.635160780935263,5.760564221600829,0.1304439115211982,0.9749184784580787,0.9836064526486014,1.0,0.0
size_depth(L1+D1bp),L1,shallow,test,1000.0,2.084657494638824,2.125,2.006997720759588,-0.07765977387923621,0.6533174162787462,0.6579169300847262,1.0,0.0
size_depth(L1+D1bp),L1,shallow,test,10000.0,2.2436789871862883,2.300810332827634,2.0707235287661394,-0.17295545842014892,0.6477620879401782,0.6704545571251962,1.0,0.0
size_depth(L1+D1bp),L1,shallow,test,100000.0,3.383263170371442,3.3515018733917845,2.7100716907707567,-0.6731914796006855,0.6496164003400963,0.9355149575489344,1.0,0.0
size_depth(L1+D1bp),L1,shallow,test,1000000.0,8.258929313439015,8.241316981769923,8.94769627003189,0.6887669565928758,1.3936587586007343,1.554568961454831,1.0,0.0
size_depth(L1+D1bp),L1,shallow,test,10000000.0,30.801111740243343,30.806441281030764,71.52962500268677,40.728513262443435,13.437758102474524,42.888053527639265,1.0,0.0
size_depth(L1+D1bp),L1,withdraw,test,1000.0,1.6215868314705904,1.625,0.5005394538997432,-1.1210473775708472,0.618779307259092,1.2804823520261868,1.0,0.0
size_depth(L1+D1bp),L1,withdraw,test,10000.0,1.676019453212561,1.6925817581144498,0.5053962908517882,-1.1706231623607728,0.6365170343992496,1.3324835921451157,1.0,0.0
size_depth(L1+D1bp),L1,withdraw,test,100000.0,2.318969086280257,2.347741353134532,0.5522731373374247,-1.7666959489428329,0.6115224748251069,1.8695385294845464,1.0,0.0
size_depth(L1+D1bp),L1,withdraw,test,1000000.0,5.42878944146027,5.4450730512844165,1.0367404993841653,-4.392048942076105,0.6673233187464388,4.4424558885074585,1.0,0.0
size_depth(L1+D1bp),L1,withdraw,test,10000000.0,19.584683328175604,19.658335694308462,5.84609643443959,-13.73858689373601,1.2490681558855767,13.795250671690685,1.0,0.0
size_depth(L1+D1bp),L1,trend,test,1000.0,2.1549059397947112,0.625,0.5005326063937684,-1.654373333400943,1.6137874194874824,2.3111168212715283,1.0,0.0
size_depth(L1+D1bp),L1,trend,test,10000.0,2.1101279211379382,0.625,0.5052203417960159,-1.6049075793419225,1.550496368550206,2.231539228227128,1.0,0.0
size_depth(L1+D1bp),L1,trend,test,100000.0,2.1087165166264965,0.7567495323130968,0.5532649387538613,-1.5554515778726352,1.4400433646096713,2.1197062303684473,1.0,0.0
size_depth(L1+D1bp),L1,trend,test,1000000.0,3.152423819017831,1.6129948007192267,1.0313826363432441,-2.121041182674587,1.7010209681012423,2.7188762444292496,1.0,0.0
size_depth(L1+D1bp),L1,trend,test,10000000.0,7.157773746627608,5.631443404562738,5.77163637442942,-1.3861373721981871,1.904704129164952,2.3556898425434776,1.0,0.0
size_depth(L1+D1bp),L1,meanrev,test,1000.0,0.6511106152197961,0.625,0.5005472374654979,-0.15056337775429815,2.128941780174663,2.1342592237340914,1.0,0.0
size_depth(L1+D1bp),L1,meanrev,test,10000.0,0.6996593230987626,0.625,0.5052928561934247,-0.19436646690533774,2.0270770862814094,2.0363741888917155,1.0,0.0
size_depth(L1+D1bp),L1,meanrev,test,100000.0,0.8259883108055225,0.7536824179980485,0.5525043423727661,-0.2734839684327563,2.013093888104919,2.0315857066132135,1.0,0.0
size_depth(L1+D1bp),L1,meanrev,test,1000000.0,1.6238518692256287,1.6160919673742,1.0293069930870458,-0.5945448761385826,2.0084173032822172,2.0945700451085556,1.0,0.0
size_depth(L1+D1bp),L1,meanrev,test,10000000.0,5.571125644029806,5.642983473256685,5.812455941283241,0.2413302972534352,2.231802961708563,2.244812859073902,1.0,0.0
size_depth(L1+D1bp),L1,gap,test,1000.0,14.169844173247988,0.625,0.5005305438695034,-13.669313629378488,4.564505780029946,14.411275034300026,1.0,0.0
size_depth(L1+D1bp),L1,gap,test,10000.0,13.855704607157143,0.625,0.505343163532144,-13.350361443625001,4.926786982198825,14.230438526039627,1.0,0.0
size_depth(L1+D1bp),L1,gap,test,100000.0,13.970761872183575,0.7527981295849282,0.5524965075161604,-13.418265364667416,4.896679906010379,14.283813198812108,1.0,0.0
size_depth(L1+D1bp),L1,gap,test,1000000.0,14.454658651385829,1.6207850015369503,1.024387495384662,-13.430271156001163,5.33314490593586,14.450419298810205,1.0,0.0
size_depth(L1+D1bp),L1,gap,test,10000000.0,19.08439591722995,5.654582634932011,5.928397382527481,-13.155998534702471,4.68985152766869,13.96692538809705,1.0,0.0
size_depth(L1+D1bp),L1,wall,test,1000.0,0.6196239228503255,0.6314533290150737,0.5178792043995156,-0.10174471845080996,0.5822527063993603,0.5910754620537164,1.0,0.0
size_depth(L1+D1bp),L1,wall,test,10000.0,1.0691782909156708,1.0472282110502469,0.6781045232535685,-0.39107376766210233,0.6205727006104772,0.7335183491204653,1.0,0.0
size_depth(L1+D1bp),L1,wall,test,100000.0,2.999098029956683,2.975498037125964,2.2941083622746046,-0.7049896676820784,0.7512063619393374,1.0302045572393002,1.0,0.0
size_depth(L1+D1bp),L1,wall,test,1000000.0,8.875088566476498,8.906460931923524,18.769049907086597,9.8939613406101,3.5737326454274685,10.519602465420506,1.0,0.0
size_depth(L1+D1bp),L1,wall,test,10000000.0,10.226464423043227,10.270577703340468,177.12902926300782,166.90256483996455,30.080577558559096,169.59158969835465,1.0,0.0
size_depth(L1+D1bp),L1,fragmented,test,1000.0,0.5874841614835333,0.625,0.5021505167215324,-0.08533364476200084,0.6475877223356005,0.6531857997906706,1.0,0.0
size_depth(L1+D1bp),L1,fragmented,test,10000.0,0.6603798514636215,0.625,0.5217563234632091,-0.1386235280004124,0.6720199108134939,0.6861685237935776,1.0,0.0
size_depth(L1+D1bp),L1,fragmented,test,100000.0,0.751652640434033,0.7588459280018607,0.7126308975596942,-0.03902174287433889,0.6244873043032119,0.6257052737933758,1.0,0.0
size_depth(L1+D1bp),L1,fragmented,test,1000000.0,1.620005858562432,1.6130864742423099,2.589328108221046,0.9693222496586141,0.707146216894303,1.19985057225938,1.0,0.0
size_depth(L1+D1bp),L1,fragmented,test,10000000.0,5.606390917504675,5.649713109118929,21.700383473901834,16.09399255639716,4.045455051822534,16.594646817021555,1.0,0.0
size_depth(L1+D1bp),L1,concave_book,test,1000.0,0.5925318198539333,0.625,0.5001044221725108,-0.09242739768142255,0.630246146314091,0.6369874636018533,1.0,0.0
size_depth(L1+D1bp),L1,concave_book,test,10000.0,0.6251944607509281,0.625,0.5010861480508425,-0.12410831270008549,0.6504425509396533,0.6621770045494978,1.0,0.0
size_depth(L1+D1bp),L1,concave_book,test,100000.0,0.6432190000379288,0.625,0.5105288300765699,-0.13269016996135882,0.6284513196494684,0.6423065797370697,1.0,0.0
size_depth(L1+D1bp),L1,concave_book,test,1000000.0,0.6293247734555373,0.6634823996855376,0.6068287243740794,-0.022496049081457966,0.6120655124924864,0.6124787864138361,1.0,0.0
size_depth(L1+D1bp),L1,concave_book,test,10000000.0,8.914630401377108,8.87343175376892,1.5612480658049792,-7.353382335572128,1.2317350897979644,7.45583014187849,1.0,0.0
size_depth(L1+D1bp),L1,coupled_hivol,test,1000.0,1.8551820977373203,1.625,1.5015991143782017,-0.3535829833591186,1.7964322414372136,1.8308986111186676,1.0,0.0
size_depth(L1+D1bp),L1,coupled_hivol,test,10000.0,1.87774057557296,1.6293117039908338,1.5160877978332652,-0.3616527777396945,1.9879340909564294,2.0205629615613576,1.0,0.0
size_depth(L1+D1bp),L1,coupled_hivol,test,100000.0,1.963406066824745,2.006813939660383,1.6605489159547042,-0.3028571508700405,1.9167347093016947,1.94051395245563,1.0,0.0
size_depth(L1+D1bp),L1,coupled_hivol,test,1000000.0,3.8763273764506874,3.8000747184835078,3.1132117605902954,-0.7631156158603928,1.9084735598270954,2.055387255903153,1.0,0.0
size_depth(L1+D1bp),L1,coupled_hivol,test,10000000.0,12.246479482965885,12.21941753602927,17.389375451104776,5.14289596813889,3.6003135381083737,6.277868787397973,1.0,0.0
size_depth(L1+D1bp),L1,coupled_lovol,test,1000.0,0.3670969084210042,0.375,0.2501765401861375,-0.11692036823486669,0.2062065114788025,0.23704745913937642,1.0,0.0
size_depth(L1+D1bp),L1,coupled_lovol,test,10000.0,0.3892049646809896,0.375,0.25178341803505777,-0.1374215466459318,0.2176891339277917,0.2574358959290488,1.0,0.0
size_depth(L1+D1bp),L1,coupled_lovol,test,100000.0,0.367784154404564,0.3820050135907947,0.2681270193310954,-0.09965713507346859,0.21671479950107342,0.23853060368397597,1.0,0.0
size_depth(L1+D1bp),L1,coupled_lovol,test,1000000.0,0.786313933152048,0.7921081062985238,0.42658726065512687,-0.35972667249692125,0.2181335731865597,0.4206964875736942,1.0,0.0
size_depth(L1+D1bp),L1,coupled_lovol,test,10000000.0,2.7443505066187464,2.7404297067178782,2.049471206644516,-0.6948792999742303,0.3733513337354854,0.7888272687570721,1.0,0.0
sqrt_law(L1 spread),L1,base,train,1000.0,0.6146136118846399,0.625,0.5218546222418848,-0.09275898964275499,0.5727237915076826,0.5801868419039509,1.0,0.0
sqrt_law(L1 spread),L1,base,train,10000.0,0.6529579704308311,0.625,0.5691103836869318,-0.08384758674389946,0.6259098964026011,0.6315010817231358,1.0,0.0
sqrt_law(L1 spread),L1,base,train,100000.0,0.7639837131129159,0.751269817723069,0.7185462224188496,-0.045437490694066406,0.635106867758498,0.6367301618696758,1.0,0.0
sqrt_law(L1 spread),L1,base,train,1000000.0,1.5894231159435546,1.616334055870486,1.1911038368693172,-0.39831927907423703,0.6182242898362312,0.7354315200110288,1.0,0.0
sqrt_law(L1 spread),L1,base,train,10000000.0,5.601021570600834,5.635253364946293,2.6854622241884942,-2.9155593464123406,0.7084109817502564,3.0003887117366506,1.0,0.0
sqrt_law(L1 spread),L1,deep,train,1000.0,0.6452329390299371,0.625,0.5097736841910868,-0.13545925483885032,0.581210592974125,0.5967872008570816,1.0,0.0
sqrt_law(L1 spread),L1,deep,train,10000.0,0.559088467225594,0.625,0.5309071031750144,-0.028181364050579503,0.6193022771146601,0.6199431423277094,1.0,0.0
sqrt_law(L1 spread),L1,deep,train,100000.0,0.5781072151395023,0.6251271475061244,0.5977368419108672,0.019629626771364837,0.6517575590104686,0.6520530944443617,1.0,0.0
sqrt_law(L1 spread),L1,deep,train,1000000.0,0.8818052763778704,0.886125797225589,0.8090710317501442,-0.0727342446277266,0.6655841477263904,0.6695465092480367,1.0,0.0
sqrt_law(L1 spread),L1,deep,train,10000000.0,2.2307561799484095,2.2732720446170784,1.4773684191086716,-0.7533877608397381,0.6537733708995916,0.9975032524661408,1.0,0.0
sqrt_law(L1 spread),L1,hivol,train,1000.0,0.8576379929603513,0.625,0.565563866725655,-0.2920741262346964,1.9153688767714785,1.937510059153396,1.0,0.0
sqrt_law(L1 spread),L1,hivol,train,10000.0,0.548856800661073,0.625,0.707331151060795,0.15847435039972224,1.8442330417989392,1.85102934395908,1.0,0.0
sqrt_law(L1 spread),L1,hivol,train,100000.0,0.7549272339236838,0.7589186302629203,1.1556386672565486,0.40071143333286463,1.7479481515097088,1.793290939354205,1.0,0.0
sqrt_law(L1 spread),L1,hivol,train,1000000.0,1.6385962656080815,1.6195534459039131,2.5733115106079523,0.9347152449998707,1.9977762871599283,2.205629770105055,1.0,0.0
sqrt_law(L1 spread),L1,hivol,train,10000000.0,5.738473505720205,5.669704211750527,7.056386672565483,1.317913166845278,1.9108371022472312,2.3212482733798088,1.0,0.0
sqrt_law(L1 spread),L1,lovol,train,1000.0,0.6230801655621708,0.625,0.5072848740806283,-0.11579529148154258,0.20720002810216342,0.23736133041174315,1.0,0.0
sqrt_law(L1 spread),L1,lovol,train,10000.0,0.6366098451079857,0.625,0.5230367945623104,-0.11357305054567514,0.22362933998218928,0.25081650565925695,1.0,0.0
sqrt_law(L1 spread),L1,lovol,train,100000.0,0.7650648748788555,0.757722015050052,0.5728487408062832,-0.1922161340725725,0.22635368815266935,0.29695628354712594,1.0,0.0
sqrt_law(L1 spread),L1,lovol,train,1000000.0,1.6296501668083379,1.6152129617223496,0.7303679456231058,-0.8992822211852322,0.24089870878653852,0.9309890983437273,1.0,0.0
sqrt_law(L1 spread),L1,lovol,train,10000000.0,5.63012031007963,5.635160780935263,1.2284874080628312,-4.401632902016799,0.3251121029737416,4.413623237615195,1.0,0.0
sqrt_law(L1 spread),L1,shallow,test,1000.0,2.084657494638824,2.125,2.0798017972508966,-0.004855697387927644,0.6532625995824533,0.6532806455194795,1.0,0.0
sqrt_law(L1 spread),L1,shallow,test,10000.0,2.2436789871862883,2.300810332827634,2.2523554406877975,0.008676453501508377,0.6481297622826353,0.6481878351233609,1.0,0.0
sqrt_law(L1 spread),L1,shallow,test,100000.0,3.383263170371442,3.3515018733917845,2.798017972508967,-0.5852451978624751,0.6390738042093553,0.8665605973316033,1.0,0.0
sqrt_law(L1 spread),L1,shallow,test,1000000.0,8.258929313439015,8.241316981769923,4.523554406877971,-3.7353749065610447,0.6935468175981419,3.7992147716030003,1.0,0.0
sqrt_law(L1 spread),L1,shallow,test,10000000.0,30.801111740243343,30.806441281030764,9.980179725089672,-20.820932015153673,0.8084823556644819,20.836622895735093,1.0,0.0
sqrt_law(L1 spread),L1,withdraw,test,1000.0,1.6215868314705904,1.625,0.5218546222418848,-1.0997322092287054,0.6187716911639656,1.261859476249619,1.0,0.0
sqrt_law(L1 spread),L1,withdraw,test,10000.0,1.676019453212561,1.6925817581144498,0.5691103836869318,-1.1069090695256292,0.6366262986667877,1.276926283053281,1.0,0.0
sqrt_law(L1 spread),L1,withdraw,test,100000.0,2.318969086280257,2.347741353134532,0.7185462224188496,-1.6004228638614082,0.6122625177507015,1.7135398255695076,1.0,0.0
sqrt_law(L1 spread),L1,withdraw,test,1000000.0,5.42878944146027,5.4450730512844165,1.1911038368693172,-4.237685604590952,0.662900293645644,4.289220917914216,1.0,0.0
sqrt_law(L1 spread),L1,withdraw,test,10000000.0,19.584683328175604,19.658335694308462,2.6854622241884942,-16.899221103987106,0.7756556244432113,16.91701260770274,1.0,0.0
sqrt_law(L1 spread),L1,trend,test,1000.0,2.1549059397947112,0.625,0.5218546222418848,-1.633051317552826,1.6137799288443084,2.29589683228619,1.0,0.0
sqrt_law(L1 spread),L1,trend,test,10000.0,2.1101279211379382,0.625,0.5691103836869318,-1.5410175374510067,1.5505354984002722,2.186068476176111,1.0,0.0
sqrt_law(L1 spread),L1,trend,test,100000.0,2.1087165166264965,0.7567495323130968,0.7185462224188496,-1.390170294207647,1.4399005075266949,2.0014711885193375,1.0,0.0
sqrt_law(L1 spread),L1,trend,test,1000000.0,3.152423819017831,1.6129948007192267,1.1911038368693172,-1.9613199821485137,1.7089209306003617,2.601381713516694,1.0,0.0
sqrt_law(L1 spread),L1,trend,test,10000000.0,7.157773746627608,5.631443404562738,2.6854622241884942,-4.472311522439113,1.5653282718204056,4.738335462195761,1.0,0.0
sqrt_law(L1 spread),L1,meanrev,test,1000.0,0.6511106152197961,0.625,0.5218546222418848,-0.12925599297791096,2.1289399405854423,2.1328601412986865,1.0,0.0
sqrt_law(L1 spread),L1,meanrev,test,10000.0,0.6996593230987626,0.625,0.5691103836869318,-0.1305489394118307,2.0270496434685352,2.0312491926564475,1.0,0.0
sqrt_law(L1 spread),L1,meanrev,test,100000.0,0.8259883108055225,0.7536824179980485,0.7185462224188496,-0.10744208838667305,2.012943175491644,2.015808530122658,1.0,0.0
sqrt_law(L1 spread),L1,meanrev,test,1000000.0,1.6238518692256287,1.6160919673742,1.1911038368693172,-0.4327480323563111,2.0039639763612804,2.050156695977645,1.0,0.0
sqrt_law(L1 spread),L1,meanrev,test,10000000.0,5.571125644029806,5.642983473256685,2.6854622241884942,-2.8856634198413116,2.026022821652252,3.5258788757508395,1.0,0.0
sqrt_law(L1 spread),L1,gap,test,1000.0,14.169844173247988,0.625,0.5218546222418848,-13.647989551006104,4.564515310961472,14.391053429418344,1.0,0.0
sqrt_law(L1 spread),L1,gap,test,10000.0,13.855704607157143,0.625,0.5691103836869318,-13.286594223470214,4.926756049043713,14.17062141283652,1.0,0.0
sqrt_law(L1 spread),L1,gap,test,100000.0,13.970761872183575,0.7527981295849282,0.7185462224188496,-13.252215649764727,4.89703672235715,14.128063854894753,1.0,0.0
sqrt_law(L1 spread),L1,gap,test,1000000.0,14.454658651385829,1.6207850015369503,1.1911038368693172,-13.263554814516507,5.326022065426891,14.292949218376807,1.0,0.0
sqrt_law(L1 spread),L1,gap,test,10000000.0,19.08439591722995,5.654582634932011,2.6854622241884942,-16.398933693041457,4.580723532226987,17.026686534598223,1.0,0.0
sqrt_law(L1 spread),L1,wall,test,1000.0,0.6196239228503255,0.6314533290150737,0.5218546222418848,-0.09776930060844059,0.5824189245796667,0.5905680653828135,1.0,0.0
sqrt_law(L1 spread),L1,wall,test,10000.0,1.0691782909156708,1.0472282110502469,0.5691103836869318,-0.5000679072287392,0.6190747709182364,0.7958149809017154,1.0,0.0
sqrt_law(L1 spread),L1,wall,test,100000.0,2.999098029956683,2.975498037125964,0.7185462224188496,-2.280551807537833,0.6563151291035781,2.373113165349332,1.0,0.0
sqrt_law(L1 spread),L1,wall,test,1000000.0,8.875088566476498,8.906460931923524,1.1911038368693172,-7.683984729607179,0.6217661990402008,7.709099463043996,1.0,0.0
sqrt_law(L1 spread),L1,wall,test,10000000.0,10.226464423043227,10.270577703340468,2.6854622241884942,-7.541002198854732,0.6377444635409792,7.56792125777674,1.0,0.0
sqrt_law(L1 spread),L1,fragmented,test,1000.0,0.5874841614835333,0.625,0.5218546222418848,-0.06562953924164842,0.6475862733757429,0.6509033859842439,1.0,0.0
sqrt_law(L1 spread),L1,fragmented,test,10000.0,0.6603798514636215,0.625,0.5691103836869318,-0.09126946777668975,0.6722762230223241,0.6784433917353769,1.0,0.0
sqrt_law(L1 spread),L1,fragmented,test,100000.0,0.751652640434033,0.7588459280018607,0.7185462224188496,-0.03310641801518357,0.6234347789425375,0.6243131894401452,1.0,0.0
sqrt_law(L1 spread),L1,fragmented,test,1000000.0,1.620005858562432,1.6130864742423099,1.1911038368693172,-0.4289020216931145,0.6234826446429755,0.7567612254756713,1.0,0.0
sqrt_law(L1 spread),L1,fragmented,test,10000000.0,5.606390917504675,5.649713109118929,2.6854622241884942,-2.9209286933161804,0.7398197292561307,3.0131640617852833,1.0,0.0
sqrt_law(L1 spread),L1,concave_book,test,1000.0,0.5925318198539333,0.625,0.5218546222418848,-0.0706771976120484,0.6302484801204157,0.6341990326044233,1.0,0.0
sqrt_law(L1 spread),L1,concave_book,test,10000.0,0.6251944607509281,0.625,0.5691103836869318,-0.05608407706399625,0.6504684558222257,0.6528817930681411,1.0,0.0
sqrt_law(L1 spread),L1,concave_book,test,100000.0,0.6432190000379288,0.625,0.7185462224188496,0.0753272223809207,0.6283083111529022,0.6328076518938727,1.0,0.0
sqrt_law(L1 spread),L1,concave_book,test,1000000.0,0.6293247734555373,0.6634823996855376,1.1911038368693172,0.5617790634137801,0.6141247293562708,0.8323129815742254,1.0,0.0
sqrt_law(L1 spread),L1,concave_book,test,10000000.0,8.914630401377108,8.87343175376892,2.6854622241884942,-6.229168177188613,1.2984148432736213,6.363050941563534,1.0,0.0
sqrt_law(L1 spread),L1,coupled_hivol,test,1000.0,1.8551820977373203,1.625,1.5655638667256546,-0.28961823101166545,1.7964159312924164,1.8196122987976109,1.0,0.0
sqrt_law(L1 spread),L1,coupled_hivol,test,10000.0,1.87774057557296,1.6293117039908338,1.7073311510607956,-0.17040942451216448,1.9878653620369284,1.9951561516705343,1.0,0.0
sqrt_law(L1 spread),L1,coupled_hivol,test,100000.0,1.963406066824745,2.006813939660383,2.155638667256548,0.19223260043180365,1.9170253697734536,1.926639468355151,1.0,0.0
sqrt_law(L1 spread),L1,coupled_hivol,test,1000000.0,3.8763273764506874,3.8000747184835078,3.573311510607952,-0.30301586584273554,1.8979341724785117,1.9219710554569016,1.0,0.0
sqrt_law(L1 spread),L1,coupled_hivol,test,10000000.0,12.246479482965885,12.21941753602927,8.056386672565482,-4.190092810400402,1.9503455237151215,4.621766482812037,1.0,0.0
sqrt_law(L1 spread),L1,coupled_lovol,test,1000.0,0.3670969084210042,0.375,0.25728487408062833,-0.10981203434037587,0.20620995672148335,0.23362625951944685,1.0,0.0
sqrt_law(L1 spread),L1,coupled_lovol,test,10000.0,0.3892049646809896,0.375,0.2730367945623105,-0.11616817011867907,0.21767817239012277,0.24673635825274387,1.0,0.0
sqrt_law(L1 spread),L1,coupled_lovol,test,100000.0,0.367784154404564,0.3820050135907947,0.32284874080628306,-0.044935413598280904,0.21672220068301246,0.22133165987751616,1.0,0.0
sqrt_law(L1 spread),L1,coupled_lovol,test,1000000.0,0.786313933152048,0.7921081062985238,0.48036794562310586,-0.30594598752894236,0.22124209696381064,0.3775592837608472,1.0,0.0
sqrt_law(L1 spread),L1,coupled_lovol,test,10000000.0,2.7443505066187464,2.7404297067178782,0.9784874080628312,-1.7658630985559147,0.24210304437666877,1.782382216848549,1.0,0.0
sqrt_law(OHLCV-only),OHLCV,base,train,1000.0,0.6146136118846399,0.625,0.5218546222418848,-0.09275898964275499,0.5727237915076826,0.5801868419039509,1.0,0.0
sqrt_law(OHLCV-only),OHLCV,base,train,10000.0,0.6529579704308311,0.625,0.5691103836869318,-0.08384758674389946,0.6259098964026011,0.6315010817231358,1.0,0.0
sqrt_law(OHLCV-only),OHLCV,base,train,100000.0,0.7639837131129159,0.751269817723069,0.7185462224188496,-0.045437490694066406,0.635106867758498,0.6367301618696758,1.0,0.0
sqrt_law(OHLCV-only),OHLCV,base,train,1000000.0,1.5894231159435546,1.616334055870486,1.1911038368693172,-0.39831927907423703,0.6182242898362312,0.7354315200110288,1.0,0.0
sqrt_law(OHLCV-only),OHLCV,base,train,10000000.0,5.601021570600834,5.635253364946293,2.6854622241884942,-2.9155593464123406,0.7084109817502564,3.0003887117366506,1.0,0.0
sqrt_law(OHLCV-only),OHLCV,deep,train,1000.0,0.6452329390299371,0.625,0.5097736841910868,-0.13545925483885032,0.581210592974125,0.5967872008570816,1.0,0.0
sqrt_law(OHLCV-only),OHLCV,deep,train,10000.0,0.559088467225594,0.625,0.5309071031750144,-0.028181364050579503,0.6193022771146601,0.6199431423277094,1.0,0.0
sqrt_law(OHLCV-only),OHLCV,deep,train,100000.0,0.5781072151395023,0.6251271475061244,0.5977368419108672,0.019629626771364837,0.6517575590104686,0.6520530944443617,1.0,0.0
sqrt_law(OHLCV-only),OHLCV,deep,train,1000000.0,0.8818052763778704,0.886125797225589,0.8090710317501442,-0.0727342446277266,0.6655841477263904,0.6695465092480367,1.0,0.0
sqrt_law(OHLCV-only),OHLCV,deep,train,10000000.0,2.2307561799484095,2.2732720446170784,1.4773684191086716,-0.7533877608397381,0.6537733708995916,0.9975032524661408,1.0,0.0
sqrt_law(OHLCV-only),OHLCV,hivol,train,1000.0,0.8576379929603513,0.625,0.565563866725655,-0.2920741262346964,1.9153688767714785,1.937510059153396,1.0,0.0
sqrt_law(OHLCV-only),OHLCV,hivol,train,10000.0,0.548856800661073,0.625,0.707331151060795,0.15847435039972224,1.8442330417989392,1.85102934395908,1.0,0.0
sqrt_law(OHLCV-only),OHLCV,hivol,train,100000.0,0.7549272339236838,0.7589186302629203,1.1556386672565486,0.40071143333286463,1.7479481515097088,1.793290939354205,1.0,0.0
sqrt_law(OHLCV-only),OHLCV,hivol,train,1000000.0,1.6385962656080815,1.6195534459039131,2.5733115106079523,0.9347152449998707,1.9977762871599283,2.205629770105055,1.0,0.0
sqrt_law(OHLCV-only),OHLCV,hivol,train,10000000.0,5.738473505720205,5.669704211750527,7.056386672565483,1.317913166845278,1.9108371022472312,2.3212482733798088,1.0,0.0
sqrt_law(OHLCV-only),OHLCV,lovol,train,1000.0,0.6230801655621708,0.625,0.5072848740806283,-0.11579529148154258,0.20720002810216342,0.23736133041174315,1.0,0.0
sqrt_law(OHLCV-only),OHLCV,lovol,train,10000.0,0.6366098451079857,0.625,0.5230367945623104,-0.11357305054567514,0.22362933998218928,0.25081650565925695,1.0,0.0
sqrt_law(OHLCV-only),OHLCV,lovol,train,100000.0,0.7650648748788555,0.757722015050052,0.5728487408062832,-0.1922161340725725,0.22635368815266935,0.29695628354712594,1.0,0.0
sqrt_law(OHLCV-only),OHLCV,lovol,train,1000000.0,1.6296501668083379,1.6152129617223496,0.7303679456231058,-0.8992822211852322,0.24089870878653852,0.9309890983437273,1.0,0.0
sqrt_law(OHLCV-only),OHLCV,lovol,train,10000000.0,5.63012031007963,5.635160780935263,1.2284874080628312,-4.401632902016799,0.3251121029737416,4.413623237615195,1.0,0.0
sqrt_law(OHLCV-only),OHLCV,shallow,test,1000.0,2.084657494638824,2.125,0.5798017972508968,-1.5048556973879277,0.6532625995824533,1.6405312231024833,1.0,0.0
sqrt_law(OHLCV-only),OHLCV,shallow,test,10000.0,2.2436789871862883,2.300810332827634,0.7523554406877971,-1.4913235464984915,0.6481297622826353,1.62607444758762,1.0,0.0
sqrt_law(OHLCV-only),OHLCV,shallow,test,100000.0,3.383263170371442,3.3515018733917845,1.2980179725089673,-2.0852451978624753,0.6390738042093553,2.18097750158848,1.0,0.0
sqrt_law(OHLCV-only),OHLCV,shallow,test,1000000.0,8.258929313439015,8.241316981769923,3.0235544068779707,-5.235374906561045,0.6935468175981419,5.281113291764301,1.0,0.0
sqrt_law(OHLCV-only),OHLCV,shallow,test,10000000.0,30.801111740243343,30.806441281030764,8.480179725089672,-22.320932015153673,0.8084823556644819,22.335569160971318,1.0,0.0
sqrt_law(OHLCV-only),OHLCV,withdraw,test,1000.0,1.6215868314705904,1.625,0.5218546222418848,-1.0997322092287054,0.6187716911639656,1.261859476249619,1.0,0.0
sqrt_law(OHLCV-only),OHLCV,withdraw,test,10000.0,1.676019453212561,1.6925817581144498,0.5691103836869318,-1.1069090695256292,0.6366262986667877,1.276926283053281,1.0,0.0
sqrt_law(OHLCV-only),OHLCV,withdraw,test,100000.0,2.318969086280257,2.347741353134532,0.7185462224188496,-1.6004228638614082,0.6122625177507015,1.7135398255695076,1.0,0.0
sqrt_law(OHLCV-only),OHLCV,withdraw,test,1000000.0,5.42878944146027,5.4450730512844165,1.1911038368693172,-4.237685604590952,0.662900293645644,4.289220917914216,1.0,0.0
sqrt_law(OHLCV-only),OHLCV,withdraw,test,10000000.0,19.584683328175604,19.658335694308462,2.6854622241884942,-16.899221103987106,0.7756556244432113,16.91701260770274,1.0,0.0
sqrt_law(OHLCV-only),OHLCV,trend,test,1000.0,2.1549059397947112,0.625,0.5218546222418848,-1.633051317552826,1.6137799288443084,2.29589683228619,1.0,0.0
sqrt_law(OHLCV-only),OHLCV,trend,test,10000.0,2.1101279211379382,0.625,0.5691103836869318,-1.5410175374510067,1.5505354984002722,2.186068476176111,1.0,0.0
sqrt_law(OHLCV-only),OHLCV,trend,test,100000.0,2.1087165166264965,0.7567495323130968,0.7185462224188496,-1.390170294207647,1.4399005075266949,2.0014711885193375,1.0,0.0
sqrt_law(OHLCV-only),OHLCV,trend,test,1000000.0,3.152423819017831,1.6129948007192267,1.1911038368693172,-1.9613199821485137,1.7089209306003617,2.601381713516694,1.0,0.0
sqrt_law(OHLCV-only),OHLCV,trend,test,10000000.0,7.157773746627608,5.631443404562738,2.6854622241884942,-4.472311522439113,1.5653282718204056,4.738335462195761,1.0,0.0
sqrt_law(OHLCV-only),OHLCV,meanrev,test,1000.0,0.6511106152197961,0.625,0.5218546222418848,-0.12925599297791096,2.1289399405854423,2.1328601412986865,1.0,0.0
sqrt_law(OHLCV-only),OHLCV,meanrev,test,10000.0,0.6996593230987626,0.625,0.5691103836869318,-0.1305489394118307,2.0270496434685352,2.0312491926564475,1.0,0.0
sqrt_law(OHLCV-only),OHLCV,meanrev,test,100000.0,0.8259883108055225,0.7536824179980485,0.7185462224188496,-0.10744208838667305,2.012943175491644,2.015808530122658,1.0,0.0
sqrt_law(OHLCV-only),OHLCV,meanrev,test,1000000.0,1.6238518692256287,1.6160919673742,1.1911038368693172,-0.4327480323563111,2.0039639763612804,2.050156695977645,1.0,0.0
sqrt_law(OHLCV-only),OHLCV,meanrev,test,10000000.0,5.571125644029806,5.642983473256685,2.6854622241884942,-2.8856634198413116,2.026022821652252,3.5258788757508395,1.0,0.0
sqrt_law(OHLCV-only),OHLCV,gap,test,1000.0,14.169844173247988,0.625,0.5218546222418848,-13.647989551006104,4.564515310961472,14.391053429418344,1.0,0.0
sqrt_law(OHLCV-only),OHLCV,gap,test,10000.0,13.855704607157143,0.625,0.5691103836869318,-13.286594223470214,4.926756049043713,14.17062141283652,1.0,0.0
sqrt_law(OHLCV-only),OHLCV,gap,test,100000.0,13.970761872183575,0.7527981295849282,0.7185462224188496,-13.252215649764727,4.89703672235715,14.128063854894753,1.0,0.0
sqrt_law(OHLCV-only),OHLCV,gap,test,1000000.0,14.454658651385829,1.6207850015369503,1.1911038368693172,-13.263554814516507,5.326022065426891,14.292949218376807,1.0,0.0
sqrt_law(OHLCV-only),OHLCV,gap,test,10000000.0,19.08439591722995,5.654582634932011,2.6854622241884942,-16.398933693041457,4.580723532226987,17.026686534598223,1.0,0.0
sqrt_law(OHLCV-only),OHLCV,wall,test,1000.0,0.6196239228503255,0.6314533290150737,0.5218546222418848,-0.09776930060844059,0.5824189245796667,0.5905680653828135,1.0,0.0
sqrt_law(OHLCV-only),OHLCV,wall,test,10000.0,1.0691782909156708,1.0472282110502469,0.5691103836869318,-0.5000679072287392,0.6190747709182364,0.7958149809017154,1.0,0.0
sqrt_law(OHLCV-only),OHLCV,wall,test,100000.0,2.999098029956683,2.975498037125964,0.7185462224188496,-2.280551807537833,0.6563151291035781,2.373113165349332,1.0,0.0
sqrt_law(OHLCV-only),OHLCV,wall,test,1000000.0,8.875088566476498,8.906460931923524,1.1911038368693172,-7.683984729607179,0.6217661990402008,7.709099463043996,1.0,0.0
sqrt_law(OHLCV-only),OHLCV,wall,test,10000000.0,10.226464423043227,10.270577703340468,2.6854622241884942,-7.541002198854732,0.6377444635409792,7.56792125777674,1.0,0.0
sqrt_law(OHLCV-only),OHLCV,fragmented,test,1000.0,0.5874841614835333,0.625,0.5218546222418848,-0.06562953924164842,0.6475862733757429,0.6509033859842439,1.0,0.0
sqrt_law(OHLCV-only),OHLCV,fragmented,test,10000.0,0.6603798514636215,0.625,0.5691103836869318,-0.09126946777668975,0.6722762230223241,0.6784433917353769,1.0,0.0
sqrt_law(OHLCV-only),OHLCV,fragmented,test,100000.0,0.751652640434033,0.7588459280018607,0.7185462224188496,-0.03310641801518357,0.6234347789425375,0.6243131894401452,1.0,0.0
sqrt_law(OHLCV-only),OHLCV,fragmented,test,1000000.0,1.620005858562432,1.6130864742423099,1.1911038368693172,-0.4289020216931145,0.6234826446429755,0.7567612254756713,1.0,0.0
sqrt_law(OHLCV-only),OHLCV,fragmented,test,10000000.0,5.606390917504675,5.649713109118929,2.6854622241884942,-2.9209286933161804,0.7398197292561307,3.0131640617852833,1.0,0.0
sqrt_law(OHLCV-only),OHLCV,concave_book,test,1000.0,0.5925318198539333,0.625,0.5218546222418848,-0.0706771976120484,0.6302484801204157,0.6341990326044233,1.0,0.0
sqrt_law(OHLCV-only),OHLCV,concave_book,test,10000.0,0.6251944607509281,0.625,0.5691103836869318,-0.05608407706399625,0.6504684558222257,0.6528817930681411,1.0,0.0
sqrt_law(OHLCV-only),OHLCV,concave_book,test,100000.0,0.6432190000379288,0.625,0.7185462224188496,0.0753272223809207,0.6283083111529022,0.6328076518938727,1.0,0.0
sqrt_law(OHLCV-only),OHLCV,concave_book,test,1000000.0,0.6293247734555373,0.6634823996855376,1.1911038368693172,0.5617790634137801,0.6141247293562708,0.8323129815742254,1.0,0.0
sqrt_law(OHLCV-only),OHLCV,concave_book,test,10000000.0,8.914630401377108,8.87343175376892,2.6854622241884942,-6.229168177188613,1.2984148432736213,6.363050941563534,1.0,0.0
sqrt_law(OHLCV-only),OHLCV,coupled_hivol,test,1000.0,1.8551820977373203,1.625,0.565563866725655,-1.2896182310116653,1.7964159312924164,2.211385398332651,1.0,0.0
sqrt_law(OHLCV-only),OHLCV,coupled_hivol,test,10000.0,1.87774057557296,1.6293117039908338,0.707331151060795,-1.1704094245121646,1.9878653620369284,2.3068304919462777,1.0,0.0
sqrt_law(OHLCV-only),OHLCV,coupled_hivol,test,100000.0,1.963406066824745,2.006813939660383,1.1556386672565486,-0.8077673995681964,1.9170253697734536,2.0802582628510846,1.0,0.0
sqrt_law(OHLCV-only),OHLCV,coupled_hivol,test,1000000.0,3.8763273764506874,3.8000747184835078,2.5733115106079523,-1.3030158658427355,1.8979341724785117,2.30217385740078,1.0,0.0
sqrt_law(OHLCV-only),OHLCV,coupled_hivol,test,10000000.0,12.246479482965885,12.21941753602927,7.056386672565483,-5.190092810400402,1.9503455237151215,5.544448668934139,1.0,0.0
sqrt_law(OHLCV-only),OHLCV,coupled_lovol,test,1000.0,0.3670969084210042,0.375,0.5072848740806283,0.14018796565962408,0.20620995672148335,0.24934957783573639,1.0,0.0
sqrt_law(OHLCV-only),OHLCV,coupled_lovol,test,10000.0,0.3892049646809896,0.375,0.5230367945623104,0.13383182988132097,0.21767817239012274,0.2555283652052876,1.0,0.0
sqrt_law(OHLCV-only),OHLCV,coupled_lovol,test,100000.0,0.367784154404564,0.3820050135907947,0.5728487408062832,0.20506458640171912,0.21672220068301246,0.29836219074305653,1.0,0.0
sqrt_law(OHLCV-only),OHLCV,coupled_lovol,test,1000000.0,0.786313933152048,0.7921081062985238,0.7303679456231058,-0.05594598752894235,0.22124209696381064,0.2282060888528892,1.0,0.0
sqrt_law(OHLCV-only),OHLCV,coupled_lovol,test,10000000.0,2.7443505066187464,2.7404297067178782,1.2284874080628312,-1.515863098555915,0.24210304437666877,1.5350748573473512,1.0,0.0
book_walk_L2(100bps),L2,base,train,1000.0,0.6146136118846399,0.625,0.625,0.010386388115360076,0.5727237915076826,0.5728179627220312,1.0,0.0
book_walk_L2(100bps),L2,base,train,10000.0,0.6529579704308311,0.625,0.625,-0.02795797043083123,0.6259098964026011,0.6265339947084485,1.0,0.0
book_walk_L2(100bps),L2,base,train,100000.0,0.7639837131129159,0.751269817723069,0.7541540823133348,-0.009829630799581098,0.6353051118751214,0.6353811508191887,1.0,0.0
book_walk_L2(100bps),L2,base,train,1000000.0,1.5894231159435546,1.616334055870486,1.6166373740089288,0.02721425806537422,0.6109889293170193,0.6115947086020337,1.0,0.0
book_walk_L2(100bps),L2,base,train,10000000.0,5.601021570600834,5.635253364946293,5.636819082605058,0.03579751200422292,0.6932473526158539,0.6941709830975237,1.0,0.0
book_walk_L2(100bps),L2,deep,train,1000.0,0.6452329390299371,0.625,0.625,-0.020232939029937037,0.581210592974125,0.5815626580232978,1.0,0.0
book_walk_L2(100bps),L2,deep,train,10000.0,0.559088467225594,0.625,0.625,0.06591153277440608,0.6193022771146602,0.6227998399101231,1.0,0.0
book_walk_L2(100bps),L2,deep,train,100000.0,0.5781072151395023,0.6251271475061244,0.6250676416582587,0.04696042651875635,0.6517050830884153,0.6533948247285878,1.0,0.0
book_walk_L2(100bps),L2,deep,train,1000000.0,0.8818052763778704,0.886125797225589,0.8868490962463439,0.005043819868473565,0.6657580011185863,0.6657771069752106,1.0,0.0
book_walk_L2(100bps),L2,deep,train,10000000.0,2.2307561799484095,2.2732720446170784,2.2739899757500135,0.043233795801604365,0.6392328500830664,0.6406932165434054,1.0,0.0
book_walk_L2(100bps),L2,hivol,train,1000.0,0.8576379929603513,0.625,0.625,-0.23263799296035123,1.9153688767714783,1.9294450937700858,1.0,0.0
book_walk_L2(100bps),L2,hivol,train,10000.0,0.548856800661073,0.625,0.625,0.07614319933892698,1.8442330417989392,1.8458042418600449,1.0,0.0
book_walk_L2(100bps),L2,hivol,train,100000.0,0.7549272339236838,0.7589186302629203,0.7581352931728592,0.003208059249175316,1.747949663529218,1.747952607445652,1.0,0.0
book_walk_L2(100bps),L2,hivol,train,1000000.0,1.6385962656080815,1.6195534459039131,1.6174165592982783,-0.02117970630980343,1.998629834477036,1.9987420531977291,1.0,0.0
book_walk_L2(100bps),L2,hivol,train,10000000.0,5.738473505720205,5.669704211750527,5.650479415674952,-0.08799409004525363,1.8963523185322793,1.8983927612287304,1.0,0.0
book_walk_L2(100bps),L2,lovol,train,1000.0,0.6230801655621708,0.625,0.625,0.0019198344378291473,0.20720002810216342,0.20720892212886485,1.0,0.0
book_walk_L2(100bps),L2,lovol,train,10000.0,0.6366098451079857,0.625,0.625,-0.011609845107985706,0.2236293399821893,0.22393050306803006,1.0,0.0
book_walk_L2(100bps),L2,lovol,train,100000.0,0.7650648748788555,0.757722015050052,0.7544828453680329,-0.01058202951082271,0.2275234333746467,0.22776938355089613,1.0,0.0
book_walk_L2(100bps),L2,lovol,train,1000000.0,1.6296501668083379,1.6152129617223496,1.6117481940857623,-0.017901972722575467,0.23459092661330924,0.2352729977635574,1.0,0.0
book_walk_L2(100bps),L2,lovol,train,10000000.0,5.63012031007963,5.635160780935263,5.624853988275841,-0.005266321803789313,0.26733574000914856,0.2673876063537354,1.0,0.0
book_walk_L2(100bps),L2,shallow,test,1000.0,2.084657494638824,2.125,2.125,0.040342505361175715,0.6532625995824533,0.654507098320592,1.0,0.0
book_walk_L2(100bps),L2,shallow,test,10000.0,2.2436789871862883,2.300810332827634,2.301840591960951,0.05816160477466186,0.6477985126679672,0.6504042475912918,1.0,0.0
book_walk_L2(100bps),L2,shallow,test,100000.0,3.383263170371442,3.3515018733917845,3.3503256370806307,-0.03293753329081244,0.6380504986600396,0.6389000860381916,1.0,0.0
book_walk_L2(100bps),L2,shallow,test,1000000.0,8.258929313439015,8.241316981769923,8.227414407961515,-0.03151490547750085,0.6797695871492851,0.6804997287878706,1.0,0.0
book_walk_L2(100bps),L2,shallow,test,10000000.0,30.801111740243343,30.806441281030764,30.838692990367406,0.037581250124059454,0.7637877269852759,0.7647117380125804,1.0,0.0
book_walk_L2(100bps),L2,withdraw,test,1000.0,1.6215868314705904,1.625,0.625,-0.9965868314705901,0.6187716911639656,1.1730574233371973,1.0,0.0
book_walk_L2(100bps),L2,withdraw,test,10000.0,1.676019453212561,1.6925817581144498,0.625,-1.051019453212561,0.6366262986667877,1.2287940979616578,1.0,0.0
book_walk_L2(100bps),L2,withdraw,test,100000.0,2.318969086280257,2.347741353134532,0.7541529387001393,-1.5648161475801183,0.6112615102832835,1.6799673239921316,1.0,0.0
book_walk_L2(100bps),L2,withdraw,test,1000000.0,5.42878944146027,5.4450730512844165,1.6243811716066057,-3.8044082698536643,0.6622951290016333,3.861626227592495,1.0,0.0
book_walk_L2(100bps),L2,withdraw,test,10000000.0,19.584683328175604,19.658335694308462,5.649645703759167,-13.935037624416433,0.7608685316546256,13.955794299013004,1.0,0.0
book_walk_L2(100bps),L2,trend,test,1000.0,2.1549059397947112,0.625,0.625,-1.5299059397947112,1.6137799288443084,2.2237126260737647,1.0,0.0
book_walk_L2(100bps),L2,trend,test,10000.0,2.1101279211379382,0.625,0.625,-1.4851279211379385,1.5505354984002722,2.147036393250677,1.0,0.0
book_walk_L2(100bps),L2,trend,test,100000.0,2.1087165166264965,0.7567495323130968,0.7570119561127358,-1.3517045605137608,1.4386449090024778,1.9740325207839022,1.0,0.0
book_walk_L2(100bps),L2,trend,test,1000000.0,3.152423819017831,1.6129948007192267,1.6133962775278918,-1.539027541489939,1.703335705934579,2.295638974354682,1.0,0.0
book_walk_L2(100bps),L2,trend,test,10000000.0,7.157773746627608,5.631443404562738,5.652050753363725,-1.505722993263883,1.5757393603625254,2.179485320950625,1.0,0.0
book_walk_L2(100bps),L2,meanrev,test,1000.0,0.6511106152197961,0.625,0.625,-0.02611061521979598,2.1289399405854423,2.129100052803321,1.0,0.0
book_walk_L2(100bps),L2,meanrev,test,10000.0,0.6996593230987626,0.625,0.625,-0.0746593230987625,2.0270496434685352,2.028424085740327,1.0,0.0
book_walk_L2(100bps),L2,meanrev,test,100000.0,0.8259883108055225,0.7536824179980485,0.7514716938653616,-0.07451661694016092,2.012083768508847,2.0134631403869725,1.0,0.0
book_walk_L2(100bps),L2,meanrev,test,1000000.0,1.6238518692256287,1.6160919673742,1.61726021967693,-0.006591649548698768,2.0037897606763044,2.003800602563782,1.0,0.0
book_walk_L2(100bps),L2,meanrev,test,10000000.0,5.571125644029806,5.642983473256685,5.6427716263464465,0.07164598231664127,1.9966250964727736,1.9979101387817793,1.0,0.0
book_walk_L2(100bps),L2,gap,test,1000.0,14.169844173247988,0.625,0.625,-13.544844173247988,4.564515310961472,14.29327127362983,1.0,0.0
book_walk_L2(100bps),L2,gap,test,10000.0,13.855704607157143,0.625,0.625,-13.230704607157145,4.926756049043713,14.118231814524016,1.0,0.0
book_walk_L2(100bps),L2,gap,test,100000.0,13.970761872183575,0.7527981295849282,0.7555795035466423,-13.215182368636933,4.893049263369329,14.09194720860434,1.0,0.0
book_walk_L2(100bps),L2,gap,test,1000000.0,14.454658651385829,1.6207850015369503,1.6093197924919131,-12.845338858893912,5.3336333297392065,13.908643891333003,1.0,0.0
book_walk_L2(100bps),L2,gap,test,10000000.0,19.08439591722995,5.654582634932011,5.665165314883018,-13.419230602346934,4.5892888595328145,14.182289032282359,1.0,0.0
book_walk_L2(100bps),L2,wall,test,1000.0,0.6196239228503255,0.6314533290150737,0.630869147671213,0.011245224820887465,0.5829532027271433,0.5830616533876208,1.0,0.0
book_walk_L2(100bps),L2,wall,test,10000.0,1.0691782909156708,1.0472282110502469,1.0474408889475937,-0.021737401968077358,0.6224028789727747,0.6227823523494547,1.0,0.0
book_walk_L2(100bps),L2,wall,test,100000.0,2.999098029956683,2.975498037125964,2.9842833803514113,-0.014814649605271792,0.6615766100925446,0.6617424611315718,1.0,0.0
book_walk_L2(100bps),L2,wall,test,1000000.0,8.875088566476498,8.906460931923524,8.903035991235344,0.027947424758845554,0.62522904545729,0.6258533516999691,1.0,0.0
book_walk_L2(100bps),L2,wall,test,10000000.0,10.226464423043227,10.270577703340468,10.270286984792104,0.04382256174887825,0.6316216621695857,0.6331400643144489,1.0,0.0
book_walk_L2(100bps),L2,fragmented,test,1000.0,0.5874841614835333,0.625,0.625,0.03751583851646666,0.6475862733757429,0.6486720431807402,1.0,0.0
book_walk_L2(100bps),L2,fragmented,test,10000.0,0.6603798514636215,0.625,0.6396388925960824,-0.020740958867539103,0.6736551131542265,0.6739743310049565,1.0,0.0
book_walk_L2(100bps),L2,fragmented,test,100000.0,0.751652640434033,0.7588459280018607,1.1130652023927468,0.36141256195871363,0.6292554043901339,0.7256592891266204,1.0,0.0
book_walk_L2(100bps),L2,fragmented,test,1000000.0,1.620005858562432,1.6130864742423099,3.292870407805763,1.6728645492433312,0.6472548935120218,1.7937153334044822,1.0,0.0
book_walk_L2(100bps),L2,fragmented,test,10000000.0,5.606390917504675,5.649713109118929,13.453188441196371,7.846797523691697,0.7490071857034613,7.882464281051298,1.0,0.0
book_walk_L2(100bps),L2,concave_book,test,1000.0,0.5925318198539333,0.625,0.625,0.03246818014606667,0.6302484801204157,0.6310842490635393,1.0,0.0
book_walk_L2(100bps),L2,concave_book,test,10000.0,0.6251944607509281,0.625,0.625,-0.0001944607509280427,0.6504684558222257,0.650468484889725,1.0,0.0
book_walk_L2(100bps),L2,concave_book,test,100000.0,0.6432190000379288,0.625,0.625,-0.01821900003792878,0.6283083111529022,0.6285724030103407,1.0,0.0
book_walk_L2(100bps),L2,concave_book,test,1000000.0,0.6293247734555373,0.6634823996855376,0.662455777331257,0.03313100387571966,0.610488441469651,0.6113867847654677,1.0,0.0
book_walk_L2(100bps),L2,concave_book,test,10000000.0,8.914630401377108,8.87343175376892,8.862781552702467,-0.05184884867464203,1.1421320695472756,1.1433083430978839,1.0,0.0
book_walk_L2(100bps),L2,coupled_hivol,test,1000.0,1.8551820977373203,1.625,1.625,-0.23018209773732023,1.7964159312924164,1.8111029778342127,1.0,0.0
book_walk_L2(100bps),L2,coupled_hivol,test,10000.0,1.87774057557296,1.6293117039908338,1.627300035298733,-0.25044054027422663,1.9875992676092182,2.00331508076327,1.0,0.0
book_walk_L2(100bps),L2,coupled_hivol,test,100000.0,1.963406066824745,2.006813939660383,2.005907340001496,0.04250127317675143,1.915248403749423,1.9157199185388134,1.0,0.0
book_walk_L2(100bps),L2,coupled_hivol,test,1000000.0,3.8763273764506874,3.8000747184835078,3.804042336127853,-0.07228504032283503,1.9000473135424183,1.9014218155775524,1.0,0.0
book_walk_L2(100bps),L2,coupled_hivol,test,10000000.0,12.246479482965885,12.21941753602927,12.228908435686732,-0.017571047279153092,1.9376506497457364,1.937730317191368,1.0,0.0
book_walk_L2(100bps),L2,coupled_lovol,test,1000.0,0.3670969084210042,0.375,0.375,0.00790309157899579,0.20620995672148335,0.20636134596280872,1.0,0.0
book_walk_L2(100bps),L2,coupled_lovol,test,10000.0,0.3892049646809896,0.375,0.375,-0.01420496468098962,0.21767817239012272,0.21814116474588688,1.0,0.0
book_walk_L2(100bps),L2,coupled_lovol,test,100000.0,0.367784154404564,0.3820050135907947,0.3806620652838888,0.012877910879324758,0.2176137020290269,0.21799441254168408,1.0,0.0
book_walk_L2(100bps),L2,coupled_lovol,test,1000000.0,0.786313933152048,0.7921081062985238,0.7893998393193943,0.0030859061673461094,0.21800152330647082,0.21802336338295356,1.0,0.0
book_walk_L2(100bps),L2,coupled_lovol,test,10000000.0,2.7443505066187464,2.7404297067178782,2.7293120387905065,-0.015038467828239827,0.23842749001012573,0.23890128402155902,1.0,0.0
book_walk_L2_top20(20bps),L2_top20,base,train,1000.0,0.6146136118846399,0.625,0.625,0.010386388115360076,0.5727237915076826,0.5728179627220312,1.0,0.0
book_walk_L2_top20(20bps),L2_top20,base,train,10000.0,0.6529579704308311,0.625,0.625,-0.02795797043083123,0.6259098964026011,0.6265339947084485,1.0,0.0
book_walk_L2_top20(20bps),L2_top20,base,train,100000.0,0.7639837131129159,0.751269817723069,0.7541540823133348,-0.009829630799581098,0.6353051118751214,0.6353811508191887,1.0,0.0
book_walk_L2_top20(20bps),L2_top20,base,train,1000000.0,1.5894231159435546,1.616334055870486,1.6166373740089288,0.02721425806537422,0.6109889293170193,0.6115947086020337,1.0,0.0
book_walk_L2_top20(20bps),L2_top20,base,train,10000000.0,5.601021570600834,5.635253364946293,5.636819082605058,0.03579751200422292,0.6932473526158539,0.6941709830975237,1.0,0.0
book_walk_L2_top20(20bps),L2_top20,deep,train,1000.0,0.6452329390299371,0.625,0.625,-0.020232939029937037,0.581210592974125,0.5815626580232978,1.0,0.0
book_walk_L2_top20(20bps),L2_top20,deep,train,10000.0,0.559088467225594,0.625,0.625,0.06591153277440608,0.6193022771146602,0.6227998399101231,1.0,0.0
book_walk_L2_top20(20bps),L2_top20,deep,train,100000.0,0.5781072151395023,0.6251271475061244,0.6250676416582587,0.04696042651875635,0.6517050830884153,0.6533948247285878,1.0,0.0
book_walk_L2_top20(20bps),L2_top20,deep,train,1000000.0,0.8818052763778704,0.886125797225589,0.8868490962463439,0.005043819868473565,0.6657580011185863,0.6657771069752106,1.0,0.0
book_walk_L2_top20(20bps),L2_top20,deep,train,10000000.0,2.2307561799484095,2.2732720446170784,2.2739899757500135,0.043233795801604365,0.6392328500830664,0.6406932165434054,1.0,0.0
book_walk_L2_top20(20bps),L2_top20,hivol,train,1000.0,0.8576379929603513,0.625,0.625,-0.23263799296035123,1.9153688767714783,1.9294450937700858,1.0,0.0
book_walk_L2_top20(20bps),L2_top20,hivol,train,10000.0,0.548856800661073,0.625,0.625,0.07614319933892698,1.8442330417989392,1.8458042418600449,1.0,0.0
book_walk_L2_top20(20bps),L2_top20,hivol,train,100000.0,0.7549272339236838,0.7589186302629203,0.7581352931728592,0.003208059249175316,1.747949663529218,1.747952607445652,1.0,0.0
book_walk_L2_top20(20bps),L2_top20,hivol,train,1000000.0,1.6385962656080815,1.6195534459039131,1.6174165592982783,-0.02117970630980343,1.998629834477036,1.9987420531977291,1.0,0.0
book_walk_L2_top20(20bps),L2_top20,hivol,train,10000000.0,5.738473505720205,5.669704211750527,5.650479415674952,-0.08799409004525363,1.8963523185322793,1.8983927612287304,1.0,0.0
book_walk_L2_top20(20bps),L2_top20,lovol,train,1000.0,0.6230801655621708,0.625,0.625,0.0019198344378291473,0.20720002810216342,0.20720892212886485,1.0,0.0
book_walk_L2_top20(20bps),L2_top20,lovol,train,10000.0,0.6366098451079857,0.625,0.625,-0.011609845107985706,0.2236293399821893,0.22393050306803006,1.0,0.0
book_walk_L2_top20(20bps),L2_top20,lovol,train,100000.0,0.7650648748788555,0.757722015050052,0.7544828453680329,-0.01058202951082271,0.2275234333746467,0.22776938355089613,1.0,0.0
book_walk_L2_top20(20bps),L2_top20,lovol,train,1000000.0,1.6296501668083379,1.6152129617223496,1.6117481940857623,-0.017901972722575467,0.23459092661330924,0.2352729977635574,1.0,0.0
book_walk_L2_top20(20bps),L2_top20,lovol,train,10000000.0,5.63012031007963,5.635160780935263,5.624853988275841,-0.005266321803789313,0.26733574000914856,0.2673876063537354,1.0,0.0
book_walk_L2_top20(20bps),L2_top20,shallow,test,1000.0,2.084657494638824,2.125,2.125,0.040342505361175715,0.6532625995824533,0.654507098320592,1.0,0.0
book_walk_L2_top20(20bps),L2_top20,shallow,test,10000.0,2.2436789871862883,2.300810332827634,2.301840591960951,0.05816160477466186,0.6477985126679672,0.6504042475912918,1.0,0.0
book_walk_L2_top20(20bps),L2_top20,shallow,test,100000.0,3.383263170371442,3.3515018733917845,3.3503256370806307,-0.03293753329081244,0.6380504986600396,0.6389000860381916,1.0,0.0
book_walk_L2_top20(20bps),L2_top20,shallow,test,1000000.0,8.258929313439015,8.241316981769923,8.227414407961515,-0.03151490547750085,0.6797695871492851,0.6804997287878706,1.0,0.0
book_walk_L2_top20(20bps),L2_top20,shallow,test,10000000.0,30.801111740243343,30.806441281030764,13.993402665494077,-16.807709074749262,0.8706577499865554,16.830244480072786,1.0,0.0
book_walk_L2_top20(20bps),L2_top20,withdraw,test,1000.0,1.6215868314705904,1.625,0.625,-0.9965868314705901,0.6187716911639656,1.1730574233371973,1.0,0.0
book_walk_L2_top20(20bps),L2_top20,withdraw,test,10000.0,1.676019453212561,1.6925817581144498,0.625,-1.051019453212561,0.6366262986667877,1.2287940979616578,1.0,0.0
book_walk_L2_top20(20bps),L2_top20,withdraw,test,100000.0,2.318969086280257,2.347741353134532,0.7541529387001393,-1.5648161475801183,0.6112615102832835,1.6799673239921316,1.0,0.0
book_walk_L2_top20(20bps),L2_top20,withdraw,test,1000000.0,5.42878944146027,5.4450730512844165,1.6243811716066057,-3.8044082698536643,0.6622951290016333,3.861626227592495,1.0,0.0
book_walk_L2_top20(20bps),L2_top20,withdraw,test,10000000.0,19.584683328175604,19.658335694308462,5.649645703759167,-13.935037624416433,0.7608685316546256,13.955794299013004,1.0,0.0
book_walk_L2_top20(20bps),L2_top20,trend,test,1000.0,2.1549059397947112,0.625,0.625,-1.5299059397947112,1.6137799288443084,2.2237126260737647,1.0,0.0
book_walk_L2_top20(20bps),L2_top20,trend,test,10000.0,2.1101279211379382,0.625,0.625,-1.4851279211379385,1.5505354984002722,2.147036393250677,1.0,0.0
book_walk_L2_top20(20bps),L2_top20,trend,test,100000.0,2.1087165166264965,0.7567495323130968,0.7570119561127358,-1.3517045605137608,1.4386449090024778,1.9740325207839022,1.0,0.0
book_walk_L2_top20(20bps),L2_top20,trend,test,1000000.0,3.152423819017831,1.6129948007192267,1.6133962775278918,-1.539027541489939,1.703335705934579,2.295638974354682,1.0,0.0
book_walk_L2_top20(20bps),L2_top20,trend,test,10000000.0,7.157773746627608,5.631443404562738,5.652050753363725,-1.505722993263883,1.5757393603625254,2.179485320950625,1.0,0.0
book_walk_L2_top20(20bps),L2_top20,meanrev,test,1000.0,0.6511106152197961,0.625,0.625,-0.02611061521979598,2.1289399405854423,2.129100052803321,1.0,0.0
book_walk_L2_top20(20bps),L2_top20,meanrev,test,10000.0,0.6996593230987626,0.625,0.625,-0.0746593230987625,2.0270496434685352,2.028424085740327,1.0,0.0
book_walk_L2_top20(20bps),L2_top20,meanrev,test,100000.0,0.8259883108055225,0.7536824179980485,0.7514716938653616,-0.07451661694016092,2.012083768508847,2.0134631403869725,1.0,0.0
book_walk_L2_top20(20bps),L2_top20,meanrev,test,1000000.0,1.6238518692256287,1.6160919673742,1.61726021967693,-0.006591649548698768,2.0037897606763044,2.003800602563782,1.0,0.0
book_walk_L2_top20(20bps),L2_top20,meanrev,test,10000000.0,5.571125644029806,5.642983473256685,5.6427716263464465,0.07164598231664127,1.9966250964727736,1.9979101387817793,1.0,0.0
book_walk_L2_top20(20bps),L2_top20,gap,test,1000.0,14.169844173247988,0.625,0.625,-13.544844173247988,4.564515310961472,14.29327127362983,1.0,0.0
book_walk_L2_top20(20bps),L2_top20,gap,test,10000.0,13.855704607157143,0.625,0.625,-13.230704607157145,4.926756049043713,14.118231814524016,1.0,0.0
book_walk_L2_top20(20bps),L2_top20,gap,test,100000.0,13.970761872183575,0.7527981295849282,0.7555795035466423,-13.215182368636933,4.893049263369329,14.09194720860434,1.0,0.0
book_walk_L2_top20(20bps),L2_top20,gap,test,1000000.0,14.454658651385829,1.6207850015369503,1.6093197924919131,-12.845338858893912,5.3336333297392065,13.908643891333003,1.0,0.0
book_walk_L2_top20(20bps),L2_top20,gap,test,10000000.0,19.08439591722995,5.654582634932011,5.665165314883018,-13.419230602346934,4.5892888595328145,14.182289032282359,1.0,0.0
book_walk_L2_top20(20bps),L2_top20,wall,test,1000.0,0.6196239228503255,0.6314533290150737,0.630869147671213,0.011245224820887465,0.5829532027271433,0.5830616533876208,1.0,0.0
book_walk_L2_top20(20bps),L2_top20,wall,test,10000.0,1.0691782909156708,1.0472282110502469,1.0474408889475937,-0.021737401968077358,0.6224028789727747,0.6227823523494547,1.0,0.0
book_walk_L2_top20(20bps),L2_top20,wall,test,100000.0,2.999098029956683,2.975498037125964,2.9842833803514113,-0.014814649605271792,0.6615766100925446,0.6617424611315718,1.0,0.0
book_walk_L2_top20(20bps),L2_top20,wall,test,1000000.0,8.875088566476498,8.906460931923524,8.903035991235344,0.027947424758845554,0.62522904545729,0.6258533516999691,1.0,0.0
book_walk_L2_top20(20bps),L2_top20,wall,test,10000000.0,10.226464423043227,10.270577703340468,10.270286984792104,0.04382256174887825,0.6316216621695857,0.6331400643144489,1.0,0.0
book_walk_L2_top20(20bps),L2_top20,fragmented,test,1000.0,0.5874841614835333,0.625,0.625,0.03751583851646666,0.6475862733757429,0.6486720431807402,1.0,0.0
book_walk_L2_top20(20bps),L2_top20,fragmented,test,10000.0,0.6603798514636215,0.625,0.6396388925960824,-0.020740958867539103,0.6736551131542265,0.6739743310049565,1.0,0.0
book_walk_L2_top20(20bps),L2_top20,fragmented,test,100000.0,0.751652640434033,0.7588459280018607,1.1130652023927468,0.36141256195871363,0.6292554043901339,0.7256592891266204,1.0,0.0
book_walk_L2_top20(20bps),L2_top20,fragmented,test,1000000.0,1.620005858562432,1.6130864742423099,3.292870407805763,1.6728645492433312,0.6472548935120218,1.7937153334044822,1.0,0.0
book_walk_L2_top20(20bps),L2_top20,fragmented,test,10000000.0,5.606390917504675,5.649713109118929,12.498314711991744,6.891923794487068,0.7223407329389298,6.929674575582882,1.0,0.0
book_walk_L2_top20(20bps),L2_top20,concave_book,test,1000.0,0.5925318198539333,0.625,0.625,0.03246818014606667,0.6302484801204157,0.6310842490635393,1.0,0.0
book_walk_L2_top20(20bps),L2_top20,concave_book,test,10000.0,0.6251944607509281,0.625,0.625,-0.0001944607509280427,0.6504684558222257,0.650468484889725,1.0,0.0
book_walk_L2_top20(20bps),L2_top20,concave_book,test,100000.0,0.6432190000379288,0.625,0.625,-0.01821900003792878,0.6283083111529022,0.6285724030103407,1.0,0.0
book_walk_L2_top20(20bps),L2_top20,concave_book,test,1000000.0,0.6293247734555373,0.6634823996855376,0.662455777331257,0.03313100387571966,0.610488441469651,0.6113867847654677,1.0,0.0
book_walk_L2_top20(20bps),L2_top20,concave_book,test,10000000.0,8.914630401377108,8.87343175376892,7.178474647272102,-1.736155754105006,1.1888524226517756,2.1041879396472454,1.0,0.0
book_walk_L2_top20(20bps),L2_top20,coupled_hivol,test,1000.0,1.8551820977373203,1.625,1.625,-0.23018209773732023,1.7964159312924164,1.8111029778342127,1.0,0.0
book_walk_L2_top20(20bps),L2_top20,coupled_hivol,test,10000.0,1.87774057557296,1.6293117039908338,1.627300035298733,-0.25044054027422663,1.9875992676092182,2.00331508076327,1.0,0.0
book_walk_L2_top20(20bps),L2_top20,coupled_hivol,test,100000.0,1.963406066824745,2.006813939660383,2.005907340001496,0.04250127317675143,1.915248403749423,1.9157199185388134,1.0,0.0
book_walk_L2_top20(20bps),L2_top20,coupled_hivol,test,1000000.0,3.8763273764506874,3.8000747184835078,3.804042336127853,-0.07228504032283503,1.9000473135424183,1.9014218155775524,1.0,0.0
book_walk_L2_top20(20bps),L2_top20,coupled_hivol,test,10000000.0,12.246479482965885,12.21941753602927,12.228908435686732,-0.017571047279153092,1.9376506497457364,1.937730317191368,1.0,0.0
book_walk_L2_top20(20bps),L2_top20,coupled_lovol,test,1000.0,0.3670969084210042,0.375,0.375,0.00790309157899579,0.20620995672148335,0.20636134596280872,1.0,0.0
book_walk_L2_top20(20bps),L2_top20,coupled_lovol,test,10000.0,0.3892049646809896,0.375,0.375,-0.01420496468098962,0.21767817239012272,0.21814116474588688,1.0,0.0
book_walk_L2_top20(20bps),L2_top20,coupled_lovol,test,100000.0,0.367784154404564,0.3820050135907947,0.3806620652838888,0.012877910879324758,0.2176137020290269,0.21799441254168408,1.0,0.0
book_walk_L2_top20(20bps),L2_top20,coupled_lovol,test,1000000.0,0.786313933152048,0.7921081062985238,0.7893998393193943,0.0030859061673461094,0.21800152330647082,0.21802336338295356,1.0,0.0
book_walk_L2_top20(20bps),L2_top20,coupled_lovol,test,10000000.0,2.7443505066187464,2.7404297067178782,2.7293120387905065,-0.015038467828239827,0.23842749001012573,0.23890128402155902,1.0,0.0
book_walk_L2_top20+sqrt_fallback,L2_top20,base,train,1000.0,0.6146136118846399,0.625,0.625,0.010386388115360076,0.5727237915076826,0.5728179627220312,1.0,0.0
book_walk_L2_top20+sqrt_fallback,L2_top20,base,train,10000.0,0.6529579704308311,0.625,0.625,-0.02795797043083123,0.6259098964026011,0.6265339947084485,1.0,0.0
book_walk_L2_top20+sqrt_fallback,L2_top20,base,train,100000.0,0.7639837131129159,0.751269817723069,0.7541540823133348,-0.009829630799581098,0.6353051118751214,0.6353811508191887,1.0,0.0
book_walk_L2_top20+sqrt_fallback,L2_top20,base,train,1000000.0,1.5894231159435546,1.616334055870486,1.6166373740089288,0.02721425806537422,0.6109889293170193,0.6115947086020337,1.0,0.0
book_walk_L2_top20+sqrt_fallback,L2_top20,base,train,10000000.0,5.601021570600834,5.635253364946293,5.636819082605058,0.03579751200422292,0.6932473526158539,0.6941709830975237,1.0,0.0
book_walk_L2_top20+sqrt_fallback,L2_top20,deep,train,1000.0,0.6452329390299371,0.625,0.625,-0.020232939029937037,0.581210592974125,0.5815626580232978,1.0,0.0
book_walk_L2_top20+sqrt_fallback,L2_top20,deep,train,10000.0,0.559088467225594,0.625,0.625,0.06591153277440608,0.6193022771146602,0.6227998399101231,1.0,0.0
book_walk_L2_top20+sqrt_fallback,L2_top20,deep,train,100000.0,0.5781072151395023,0.6251271475061244,0.6250676416582587,0.04696042651875635,0.6517050830884153,0.6533948247285878,1.0,0.0
book_walk_L2_top20+sqrt_fallback,L2_top20,deep,train,1000000.0,0.8818052763778704,0.886125797225589,0.8868490962463439,0.005043819868473565,0.6657580011185863,0.6657771069752106,1.0,0.0
book_walk_L2_top20+sqrt_fallback,L2_top20,deep,train,10000000.0,2.2307561799484095,2.2732720446170784,2.2739899757500135,0.043233795801604365,0.6392328500830664,0.6406932165434054,1.0,0.0
book_walk_L2_top20+sqrt_fallback,L2_top20,hivol,train,1000.0,0.8576379929603513,0.625,0.625,-0.23263799296035123,1.9153688767714783,1.9294450937700858,1.0,0.0
book_walk_L2_top20+sqrt_fallback,L2_top20,hivol,train,10000.0,0.548856800661073,0.625,0.625,0.07614319933892698,1.8442330417989392,1.8458042418600449,1.0,0.0
book_walk_L2_top20+sqrt_fallback,L2_top20,hivol,train,100000.0,0.7549272339236838,0.7589186302629203,0.7581352931728592,0.003208059249175316,1.747949663529218,1.747952607445652,1.0,0.0
book_walk_L2_top20+sqrt_fallback,L2_top20,hivol,train,1000000.0,1.6385962656080815,1.6195534459039131,1.6174165592982783,-0.02117970630980343,1.998629834477036,1.9987420531977291,1.0,0.0
book_walk_L2_top20+sqrt_fallback,L2_top20,hivol,train,10000000.0,5.738473505720205,5.669704211750527,5.650479415674952,-0.08799409004525363,1.8963523185322793,1.8983927612287304,1.0,0.0
book_walk_L2_top20+sqrt_fallback,L2_top20,lovol,train,1000.0,0.6230801655621708,0.625,0.625,0.0019198344378291473,0.20720002810216342,0.20720892212886485,1.0,0.0
book_walk_L2_top20+sqrt_fallback,L2_top20,lovol,train,10000.0,0.6366098451079857,0.625,0.625,-0.011609845107985706,0.2236293399821893,0.22393050306803006,1.0,0.0
book_walk_L2_top20+sqrt_fallback,L2_top20,lovol,train,100000.0,0.7650648748788555,0.757722015050052,0.7544828453680329,-0.01058202951082271,0.2275234333746467,0.22776938355089613,1.0,0.0
book_walk_L2_top20+sqrt_fallback,L2_top20,lovol,train,1000000.0,1.6296501668083379,1.6152129617223496,1.6117481940857623,-0.017901972722575467,0.23459092661330924,0.2352729977635574,1.0,0.0
book_walk_L2_top20+sqrt_fallback,L2_top20,lovol,train,10000000.0,5.63012031007963,5.635160780935263,5.624853988275841,-0.005266321803789313,0.26733574000914856,0.2673876063537354,1.0,0.0
book_walk_L2_top20+sqrt_fallback,L2_top20,shallow,test,1000.0,2.084657494638824,2.125,2.125,0.040342505361175715,0.6532625995824533,0.654507098320592,1.0,0.0
book_walk_L2_top20+sqrt_fallback,L2_top20,shallow,test,10000.0,2.2436789871862883,2.300810332827634,2.301840591960951,0.05816160477466186,0.6477985126679672,0.6504042475912918,1.0,0.0
book_walk_L2_top20+sqrt_fallback,L2_top20,shallow,test,100000.0,3.383263170371442,3.3515018733917845,3.3503256370806307,-0.03293753329081244,0.6380504986600396,0.6389000860381916,1.0,0.0
book_walk_L2_top20+sqrt_fallback,L2_top20,shallow,test,1000000.0,8.258929313439015,8.241316981769923,8.227414407961515,-0.03151490547750085,0.6797695871492851,0.6804997287878706,1.0,0.0
book_walk_L2_top20+sqrt_fallback,L2_top20,shallow,test,10000000.0,30.801111740243343,30.806441281030764,9.980179725089672,-20.820932015153673,0.8084823556644819,20.836622895735093,1.0,0.0
book_walk_L2_top20+sqrt_fallback,L2_top20,withdraw,test,1000.0,1.6215868314705904,1.625,0.625,-0.9965868314705901,0.6187716911639656,1.1730574233371973,1.0,0.0
book_walk_L2_top20+sqrt_fallback,L2_top20,withdraw,test,10000.0,1.676019453212561,1.6925817581144498,0.625,-1.051019453212561,0.6366262986667877,1.2287940979616578,1.0,0.0
book_walk_L2_top20+sqrt_fallback,L2_top20,withdraw,test,100000.0,2.318969086280257,2.347741353134532,0.7541529387001393,-1.5648161475801183,0.6112615102832835,1.6799673239921316,1.0,0.0
book_walk_L2_top20+sqrt_fallback,L2_top20,withdraw,test,1000000.0,5.42878944146027,5.4450730512844165,1.6243811716066057,-3.8044082698536643,0.6622951290016333,3.861626227592495,1.0,0.0
book_walk_L2_top20+sqrt_fallback,L2_top20,withdraw,test,10000000.0,19.584683328175604,19.658335694308462,5.649645703759167,-13.935037624416433,0.7608685316546256,13.955794299013004,1.0,0.0
book_walk_L2_top20+sqrt_fallback,L2_top20,trend,test,1000.0,2.1549059397947112,0.625,0.625,-1.5299059397947112,1.6137799288443084,2.2237126260737647,1.0,0.0
book_walk_L2_top20+sqrt_fallback,L2_top20,trend,test,10000.0,2.1101279211379382,0.625,0.625,-1.4851279211379385,1.5505354984002722,2.147036393250677,1.0,0.0
book_walk_L2_top20+sqrt_fallback,L2_top20,trend,test,100000.0,2.1087165166264965,0.7567495323130968,0.7570119561127358,-1.3517045605137608,1.4386449090024778,1.9740325207839022,1.0,0.0
book_walk_L2_top20+sqrt_fallback,L2_top20,trend,test,1000000.0,3.152423819017831,1.6129948007192267,1.6133962775278918,-1.539027541489939,1.703335705934579,2.295638974354682,1.0,0.0
book_walk_L2_top20+sqrt_fallback,L2_top20,trend,test,10000000.0,7.157773746627608,5.631443404562738,5.652050753363725,-1.505722993263883,1.5757393603625254,2.179485320950625,1.0,0.0
book_walk_L2_top20+sqrt_fallback,L2_top20,meanrev,test,1000.0,0.6511106152197961,0.625,0.625,-0.02611061521979598,2.1289399405854423,2.129100052803321,1.0,0.0
book_walk_L2_top20+sqrt_fallback,L2_top20,meanrev,test,10000.0,0.6996593230987626,0.625,0.625,-0.0746593230987625,2.0270496434685352,2.028424085740327,1.0,0.0
book_walk_L2_top20+sqrt_fallback,L2_top20,meanrev,test,100000.0,0.8259883108055225,0.7536824179980485,0.7514716938653616,-0.07451661694016092,2.012083768508847,2.0134631403869725,1.0,0.0
book_walk_L2_top20+sqrt_fallback,L2_top20,meanrev,test,1000000.0,1.6238518692256287,1.6160919673742,1.61726021967693,-0.006591649548698768,2.0037897606763044,2.003800602563782,1.0,0.0
book_walk_L2_top20+sqrt_fallback,L2_top20,meanrev,test,10000000.0,5.571125644029806,5.642983473256685,5.6427716263464465,0.07164598231664127,1.9966250964727736,1.9979101387817793,1.0,0.0
book_walk_L2_top20+sqrt_fallback,L2_top20,gap,test,1000.0,14.169844173247988,0.625,0.625,-13.544844173247988,4.564515310961472,14.29327127362983,1.0,0.0
book_walk_L2_top20+sqrt_fallback,L2_top20,gap,test,10000.0,13.855704607157143,0.625,0.625,-13.230704607157145,4.926756049043713,14.118231814524016,1.0,0.0
book_walk_L2_top20+sqrt_fallback,L2_top20,gap,test,100000.0,13.970761872183575,0.7527981295849282,0.7555795035466423,-13.215182368636933,4.893049263369329,14.09194720860434,1.0,0.0
book_walk_L2_top20+sqrt_fallback,L2_top20,gap,test,1000000.0,14.454658651385829,1.6207850015369503,1.6093197924919131,-12.845338858893912,5.3336333297392065,13.908643891333003,1.0,0.0
book_walk_L2_top20+sqrt_fallback,L2_top20,gap,test,10000000.0,19.08439591722995,5.654582634932011,5.665165314883018,-13.419230602346934,4.5892888595328145,14.182289032282359,1.0,0.0
book_walk_L2_top20+sqrt_fallback,L2_top20,wall,test,1000.0,0.6196239228503255,0.6314533290150737,0.630869147671213,0.011245224820887465,0.5829532027271433,0.5830616533876208,1.0,0.0
book_walk_L2_top20+sqrt_fallback,L2_top20,wall,test,10000.0,1.0691782909156708,1.0472282110502469,1.0474408889475937,-0.021737401968077358,0.6224028789727747,0.6227823523494547,1.0,0.0
book_walk_L2_top20+sqrt_fallback,L2_top20,wall,test,100000.0,2.999098029956683,2.975498037125964,2.9842833803514113,-0.014814649605271792,0.6615766100925446,0.6617424611315718,1.0,0.0
book_walk_L2_top20+sqrt_fallback,L2_top20,wall,test,1000000.0,8.875088566476498,8.906460931923524,8.903035991235344,0.027947424758845554,0.62522904545729,0.6258533516999691,1.0,0.0
book_walk_L2_top20+sqrt_fallback,L2_top20,wall,test,10000000.0,10.226464423043227,10.270577703340468,10.270286984792104,0.04382256174887825,0.6316216621695857,0.6331400643144489,1.0,0.0
book_walk_L2_top20+sqrt_fallback,L2_top20,fragmented,test,1000.0,0.5874841614835333,0.625,0.625,0.03751583851646666,0.6475862733757429,0.6486720431807402,1.0,0.0
book_walk_L2_top20+sqrt_fallback,L2_top20,fragmented,test,10000.0,0.6603798514636215,0.625,0.6396388925960824,-0.020740958867539103,0.6736551131542265,0.6739743310049565,1.0,0.0
book_walk_L2_top20+sqrt_fallback,L2_top20,fragmented,test,100000.0,0.751652640434033,0.7588459280018607,1.1130652023927468,0.36141256195871363,0.6292554043901339,0.7256592891266204,1.0,0.0
book_walk_L2_top20+sqrt_fallback,L2_top20,fragmented,test,1000000.0,1.620005858562432,1.6130864742423099,3.292870407805763,1.6728645492433312,0.6472548935120218,1.7937153334044822,1.0,0.0
book_walk_L2_top20+sqrt_fallback,L2_top20,fragmented,test,10000000.0,5.606390917504675,5.649713109118929,2.6854622241884942,-2.9209286933161804,0.7398197292561307,3.0131640617852833,1.0,0.0
book_walk_L2_top20+sqrt_fallback,L2_top20,concave_book,test,1000.0,0.5925318198539333,0.625,0.625,0.03246818014606667,0.6302484801204157,0.6310842490635393,1.0,0.0
book_walk_L2_top20+sqrt_fallback,L2_top20,concave_book,test,10000.0,0.6251944607509281,0.625,0.625,-0.0001944607509280427,0.6504684558222257,0.650468484889725,1.0,0.0
book_walk_L2_top20+sqrt_fallback,L2_top20,concave_book,test,100000.0,0.6432190000379288,0.625,0.625,-0.01821900003792878,0.6283083111529022,0.6285724030103407,1.0,0.0
book_walk_L2_top20+sqrt_fallback,L2_top20,concave_book,test,1000000.0,0.6293247734555373,0.6634823996855376,0.662455777331257,0.03313100387571966,0.610488441469651,0.6113867847654677,1.0,0.0
book_walk_L2_top20+sqrt_fallback,L2_top20,concave_book,test,10000000.0,8.914630401377108,8.87343175376892,2.8018032747667703,-6.112827126610337,1.5861682580290357,6.315266045274898,1.0,0.0
book_walk_L2_top20+sqrt_fallback,L2_top20,coupled_hivol,test,1000.0,1.8551820977373203,1.625,1.625,-0.23018209773732023,1.7964159312924164,1.8111029778342127,1.0,0.0
book_walk_L2_top20+sqrt_fallback,L2_top20,coupled_hivol,test,10000.0,1.87774057557296,1.6293117039908338,1.627300035298733,-0.25044054027422663,1.9875992676092182,2.00331508076327,1.0,0.0
book_walk_L2_top20+sqrt_fallback,L2_top20,coupled_hivol,test,100000.0,1.963406066824745,2.006813939660383,2.005907340001496,0.04250127317675143,1.915248403749423,1.9157199185388134,1.0,0.0
book_walk_L2_top20+sqrt_fallback,L2_top20,coupled_hivol,test,1000000.0,3.8763273764506874,3.8000747184835078,3.804042336127853,-0.07228504032283503,1.9000473135424183,1.9014218155775524,1.0,0.0
book_walk_L2_top20+sqrt_fallback,L2_top20,coupled_hivol,test,10000000.0,12.246479482965885,12.21941753602927,12.228908435686732,-0.017571047279153092,1.9376506497457364,1.937730317191368,1.0,0.0
book_walk_L2_top20+sqrt_fallback,L2_top20,coupled_lovol,test,1000.0,0.3670969084210042,0.375,0.375,0.00790309157899579,0.20620995672148335,0.20636134596280872,1.0,0.0
book_walk_L2_top20+sqrt_fallback,L2_top20,coupled_lovol,test,10000.0,0.3892049646809896,0.375,0.375,-0.01420496468098962,0.21767817239012272,0.21814116474588688,1.0,0.0
book_walk_L2_top20+sqrt_fallback,L2_top20,coupled_lovol,test,100000.0,0.367784154404564,0.3820050135907947,0.3806620652838888,0.012877910879324758,0.2176137020290269,0.21799441254168408,1.0,0.0
book_walk_L2_top20+sqrt_fallback,L2_top20,coupled_lovol,test,1000000.0,0.786313933152048,0.7921081062985238,0.7893998393193943,0.0030859061673461094,0.21800152330647082,0.21802336338295356,1.0,0.0
book_walk_L2_top20+sqrt_fallback,L2_top20,coupled_lovol,test,10000000.0,2.7443505066187464,2.7404297067178782,2.7293120387905065,-0.015038467828239827,0.23842749001012573,0.23890128402155902,1.0,0.0
