t,O,H,L,C,V
2026-03-29 22:00:00,103.05000305175781,103.13999938964844,102.0199966430664,102.12000274658203,6479.0
2026-03-29 23:00:00,102.12999725341797,102.91999816894531,101.86000061035156,102.79000091552734,5480.0
2026-03-30 00:00:00,102.80000305175781,103.1500015258789,101.05000305175781,103.0199966430664,13032.0
2026-03-30 01:00:00,103.05000305175781,103.20999908447266,101.70999908447266,101.9800033569336,7352.0
2026-03-30 02:00:00,101.98999786376953,103.05999755859375,101.16000366210938,101.66999816894531,7099.0
2026-03-30 03:00:00,101.66999816894531,101.75,100.26000213623047,101.62000274658203,11471.0
2026-03-30 04:00:00,101.58000183105469,101.58000183105469,101.08000183105469,101.47000122070312,2839.0
2026-03-30 05:00:00,101.48999786376953,101.52999877929688,100.55999755859375,100.8499984741211,4816.0
2026-03-30 06:00:00,100.83000183105469,101.7699966430664,100.41999816894531,101.58999633789062,7215.0
2026-03-30 07:00:00,101.58000183105469,102.19000244140625,101.13999938964844,101.69000244140625,9884.0
2026-03-30 08:00:00,101.68000030517578,102.48999786376953,100.66000366210938,101.06999969482422,12887.0
2026-03-30 09:00:00,101.05999755859375,101.8499984741211,100.76000213623047,101.58999633789062,8048.0
2026-03-30 10:00:00,101.5999984741211,102.04000091552734,101.30000305175781,101.69999694824219,5805.0
2026-03-30 11:00:00,101.69000244140625,101.7699966430664,99.43000030517578,101.11000061035156,16893.0
2026-03-30 12:00:00,101.0999984741211,101.48999786376953,100.5,100.68000030517578,13749.0
2026-03-30 13:00:00,100.69000244140625,102.86000061035156,99.98999786376953,102.4000015258789,38533.0
2026-03-30 14:00:00,102.41000366210938,102.51000213623047,101.33000183105469,102.06999969482422,34628.0
2026-03-30 15:00:00,102.06999969482422,103.02999877929688,101.5,102.97000122070312,33153.0
2026-03-30 16:00:00,102.95999908447266,103.86000061035156,102.45999908447266,102.93000030517578,24867.0
2026-03-30 17:00:00,102.91999816894531,103.7300033569336,102.7300033569336,103.37000274658203,21458.0
2026-03-30 18:00:00,103.37999725341797,103.41000366210938,102.3499984741211,103.31999969482422,31405.0
2026-03-30 19:00:00,103.30999755859375,104.3499984741211,103.16000366210938,104.12999725341797,15492.0
2026-03-30 20:00:00,104.12000274658203,105.36000061035156,104.11000061035156,105.01000213623047,9115.0
2026-03-30 22:00:00,105.06999969482422,105.63999938964844,104.5,105.56999969482422,0.0
2026-03-30 23:00:00,105.58000183105469,106.86000061035156,105.5,106.20999908447266,7896.0
2026-03-31 00:00:00,106.18000030517578,106.54000091552734,104.05999755859375,104.06999969482422,13333.0
2026-03-31 01:00:00,104.05999755859375,104.75,100.83000183105469,101.68000030517578,21985.0
2026-03-31 02:00:00,101.66000366210938,102.58000183105469,101.43000030517578,102.23999786376953,7939.0
2026-03-31 03:00:00,102.26000213623047,103.16000366210938,101.56999969482422,103.0,6089.0
2026-03-31 04:00:00,102.97000122070312,103.12999725341797,102.58999633789062,102.80000305175781,2470.0
2026-03-31 05:00:00,102.77999877929688,103.44999694824219,102.45999908447266,102.72000122070312,4096.0
2026-03-31 06:00:00,102.69999694824219,103.05999755859375,102.44999694824219,102.66000366210938,3931.0
2026-03-31 07:00:00,102.66999816894531,103.44000244140625,101.80000305175781,102.02999877929688,8951.0
2026-03-31 08:00:00,102.04000091552734,102.91000366210938,101.91000366210938,102.45999908447266,11448.0
2026-03-31 09:00:00,102.47000122070312,104.33000183105469,101.30000305175781,104.19999694824219,16901.0
2026-03-31 10:00:00,104.19999694824219,105.0,103.66999816894531,104.81999969482422,15088.0
2026-03-31 11:00:00,104.83000183105469,105.22000122070312,102.54000091552734,102.81999969482422,24250.0
2026-03-31 12:00:00,102.80000305175781,104.02999877929688,102.2699966430664,103.16000366210938,22229.0
2026-03-31 13:00:00,103.18000030517578,103.88999938964844,102.19999694824219,102.47000122070312,28004.0
2026-03-31 14:00:00,102.47000122070312,104.4000015258789,102.11000061035156,104.29000091552734,38927.0
2026-03-31 15:00:00,104.29000091552734,104.77999877929688,103.5199966430664,104.61000061035156,40457.0
2026-03-31 16:00:00,104.62000274658203,105.04000091552734,100.0,101.83000183105469,71816.0
2026-03-31 17:00:00,101.80999755859375,102.63999938964844,99.62000274658203,102.43000030517578,55156.0
2026-03-31 18:00:00,102.44000244140625,102.5,100.80000305175781,102.33999633789062,50993.0
2026-03-31 19:00:00,102.33000183105469,102.5,101.6500015258789,102.08000183105469,9724.0
2026-03-31 20:00:00,102.0999984741211,102.1500015258789,100.66999816894531,101.55999755859375,8829.0
2026-03-31 22:00:00,101.72000122070312,102.8499984741211,101.5199966430664,102.19999694824219,0.0
2026-03-31 23:00:00,102.19999694824219,102.23999786376953,101.61000061035156,101.61000061035156,3181.0
2026-04-01 00:00:00,101.62999725341797,102.56999969482422,101.55000305175781,102.13999938964844,4845.0
2026-04-01 01:00:00,102.13999938964844,103.16000366210938,101.87999725341797,102.9800033569336,7277.0
2026-04-01 02:00:00,102.95999908447266,103.30999755859375,102.52999877929688,103.18000030517578,2710.0
2026-04-01 03:00:00,103.18000030517578,103.30999755859375,102.80000305175781,102.91000366210938,2560.0
2026-04-01 04:00:00,102.95999908447266,103.12999725341797,102.51000213623047,102.55999755859375,2178.0
2026-04-01 05:00:00,102.56999969482422,102.68000030517578,101.02999877929688,101.27999877929688,6710.0
2026-04-01 06:00:00,101.26000213623047,101.33999633789062,96.6500015258789,96.9800033569336,30457.0
2026-04-01 07:00:00,96.94999694824219,98.58999633789062,96.5,98.36000061035156,21643.0
2026-04-01 08:00:00,98.36000061035156,99.41999816894531,97.94999694824219,99.31999969482422,16010.0
2026-04-01 09:00:00,99.31999969482422,100.66000366210938,99.11000061035156,100.05999755859375,14178.0
2026-04-01 10:00:00,100.04000091552734,100.58999633789062,99.44000244140625,99.9800033569336,13214.0
2026-04-01 11:00:00,99.95999908447266,100.16000366210938,98.33000183105469,98.80000305175781,13856.0
2026-04-01 12:00:00,98.77999877929688,100.88999938964844,98.01000213623047,100.58000183105469,32412.0
2026-04-01 13:00:00,100.58999633789062,101.01000213623047,98.44000244140625,98.95999908447266,41154.0
2026-04-01 14:00:00,98.95999908447266,99.58000183105469,98.2300033569336,99.06999969482422,34380.0
2026-04-01 15:00:00,99.05999755859375,100.27999877929688,98.94000244140625,99.7300033569336,28620.0
2026-04-01 16:00:00,99.73999786376953,100.86000061035156,99.62999725341797,100.02999877929688,23158.0
2026-04-01 17:00:00,100.01000213623047,100.04000091552734,98.58000183105469,99.30999755859375,25559.0
2026-04-01 18:00:00,99.30999755859375,100.44000244140625,99.16999816894531,99.83000183105469,42757.0
2026-04-01 19:00:00,99.8499984741211,99.88999938964844,98.8499984741211,99.5199966430664,13940.0
2026-04-01 20:00:00,99.52999877929688,100.0,98.76000213623047,98.91000366210938,5063.0
2026-04-01 22:00:00,98.91999816894531,99.20999908447266,98.37000274658203,99.05000305175781,0.0
2026-04-01 23:00:00,99.02999877929688,99.1500015258789,98.62999725341797,98.94000244140625,1889.0
2026-04-02 00:00:00,98.87999725341797,99.0199966430664,97.5,98.02999877929688,8788.0
2026-04-02 01:00:00,98.02999877929688,104.5,97.77999877929688,104.16999816894531,38783.0
2026-04-02 02:00:00,104.12000274658203,104.63999938964844,103.54000091552734,103.80000305175781,9050.0
2026-04-02 03:00:00,103.80000305175781,104.83000183105469,103.70999908447266,104.72000122070312,4588.0
2026-04-02 04:00:00,104.69999694824219,105.6500015258789,104.6500015258789,104.95999908447266,8564.0
2026-04-02 05:00:00,104.94000244140625,106.1500015258789,104.51000213623047,106.13999938964844,6465.0
2026-04-02 06:00:00,106.0999984741211,106.75,105.8499984741211,106.0999984741211,13550.0
2026-04-02 07:00:00,106.06999969482422,106.66999816894531,105.80999755859375,106.23999786376953,9724.0
2026-04-02 08:00:00,106.23999786376953,107.23999786376953,106.05999755859375,107.2300033569336,11448.0
2026-04-02 09:00:00,107.19999694824219,108.02999877929688,106.93000030517578,107.66999816894531,13909.0
2026-04-02 10:00:00,107.6500015258789,108.62000274658203,107.48999786376953,108.41000366210938,14751.0
2026-04-02 11:00:00,108.41000366210938,109.93000030517578,108.33000183105469,109.76000213623047,21204.0
2026-04-02 12:00:00,109.7699966430664,113.33999633789062,109.4000015258789,113.13999938964844,55701.0
2026-04-02 13:00:00,113.1500015258789,113.97000122070312,110.69999694824219,111.02999877929688,72304.0
2026-04-02 14:00:00,111.02999877929688,111.72000122070312,106.62000274658203,108.80999755859375,65652.0
2026-04-02 15:00:00,108.80000305175781,112.12999725341797,108.37000274658203,111.51000213623047,46905.0
2026-04-02 16:00:00,111.5,112.16000366210938,110.5,111.0,26208.0
2026-04-02 17:00:00,111.01000213623047,112.0,110.04000091552734,111.70999908447266,27966.0
2026-04-02 18:00:00,111.69000244140625,112.30000305175781,110.79000091552734,111.12999725341797,39869.0
2026-04-02 19:00:00,111.11000061035156,111.76000213623047,110.7699966430664,111.47000122070312,9836.0
2026-04-02 20:00:00,111.44999694824219,112.01000213623047,111.31999969482422,112.0,5625.0
2026-04-05 22:00:00,112.95999908447266,115.4800033569336,112.5,113.69000244140625,12539.0
2026-04-05 23:00:00,113.69000244140625,114.44999694824219,112.87999725341797,114.30999755859375,4564.0
2026-04-06 00:00:00,114.30000305175781,114.3499984741211,111.80000305175781,112.19999694824219,7856.0
2026-04-06 01:00:00,112.2300033569336,112.79000091552734,111.5,111.80000305175781,5887.0
2026-04-06 02:00:00,111.80000305175781,112.0,109.5,111.51000213623047,9777.0
2026-04-06 03:00:00,111.5199966430664,112.3499984741211,111.16000366210938,111.29000091552734,4684.0
2026-04-06 04:00:00,111.33000183105469,111.66000366210938,110.77999877929688,111.41000366210938,2910.0
2026-04-06 05:00:00,111.41999816894531,112.08000183105469,111.0199966430664,111.73999786376953,3031.0
2026-04-06 06:00:00,111.75,112.2699966430664,110.63999938964844,110.87000274658203,7478.0
2026-04-06 07:00:00,110.80000305175781,111.63999938964844,108.88999938964844,109.41999816894531,7666.0
2026-04-06 08:00:00,109.37999725341797,110.18000030517578,108.91999816894531,109.48999786376953,6385.0
2026-04-06 09:00:00,109.47000122070312,111.72000122070312,109.18000030517578,111.45999908447266,7223.0
2026-04-06 10:00:00,111.41000366210938,111.45999908447266,109.75,109.94000244140625,6388.0
2026-04-06 11:00:00,109.91999816894531,110.55000305175781,109.5999984741211,110.12000274658203,4685.0
2026-04-06 12:00:00,110.0999984741211,110.97000122070312,109.93000030517578,110.16000366210938,8089.0
2026-04-06 13:00:00,110.19000244140625,113.13999938964844,109.83999633789062,111.94999694824219,25955.0
2026-04-06 14:00:00,111.94000244140625,112.83000183105469,110.29000091552734,110.95999908447266,26077.0
2026-04-06 15:00:00,110.94999694824219,112.69999694824219,110.8499984741211,111.88999938964844,15023.0
2026-04-06 16:00:00,111.87999725341797,112.27999877929688,111.16999816894531,112.25,11366.0
2026-04-06 17:00:00,112.23999786376953,114.27999877929688,112.22000122070312,114.06999969482422,19974.0
2026-04-06 18:00:00,114.06999969482422,114.22000122070312,111.7300033569336,112.22000122070312,30720.0
2026-04-06 19:00:00,112.20999908447266,112.98999786376953,111.86000061035156,112.45999908447266,7990.0
2026-04-06 20:00:00,112.44999694824219,113.05999755859375,112.23999786376953,112.61000061035156,4191.0
2026-04-06 22:00:00,112.62000274658203,113.62000274658203,112.51000213623047,113.37000274658203,0.0
2026-04-06 23:00:00,113.41000366210938,113.94999694824219,113.04000091552734,113.83999633789062,2151.0
2026-04-07 00:00:00,113.83000183105469,113.91000366210938,112.66000366210938,113.31999969482422,5459.0
2026-04-07 01:00:00,113.36000061035156,115.16999816894531,112.75,114.91999816894531,9911.0
2026-04-07 02:00:00,114.91000366210938,115.5,114.5,114.95999908447266,6067.0
2026-04-07 03:00:00,114.97000122070312,115.73999786376953,114.81999969482422,115.5999984741211,3775.0
2026-04-07 04:00:00,115.62999725341797,116.55999755859375,115.13999938964844,115.44000244140625,6631.0
2026-04-07 05:00:00,115.43000030517578,116.04000091552734,114.94999694824219,115.2699966430664,3605.0
2026-04-07 06:00:00,115.25,115.43000030517578,112.41000366210938,114.86000061035156,6259.0
2026-04-07 07:00:00,114.8499984741211,115.62999725341797,114.58000183105469,115.37000274658203,6373.0
2026-04-07 08:00:00,115.36000061035156,115.4000015258789,112.33000183105469,112.69000244140625,19633.0
2026-04-07 09:00:00,112.68000030517578,113.06999969482422,111.27999877929688,112.55000305175781,14385.0
2026-04-07 10:00:00,112.52999877929688,114.62000274658203,111.75,114.19999694824219,19708.0
2026-04-07 11:00:00,114.16999816894531,115.93000030517578,113.9000015258789,115.81999969482422,17891.0
2026-04-07 12:00:00,115.83000183105469,116.44999694824219,114.11000061035156,115.06999969482422,27606.0
2026-04-07 13:00:00,115.05000305175781,116.2699966430664,114.5199966430664,116.22000122070312,27268.0
2026-04-07 14:00:00,116.20999908447266,117.05000305175781,115.41999816894531,116.41999816894531,31793.0
2026-04-07 15:00:00,116.43000030517578,117.62999725341797,114.5,114.9800033569336,37273.0
2026-04-07 16:00:00,114.95999908447266,115.63999938964844,113.62999725341797,115.13999938964844,26162.0
2026-04-07 17:00:00,115.12999725341797,115.87000274658203,113.33999633789062,113.91999816894531,30108.0
2026-04-07 18:00:00,113.91000366210938,115.5,112.5199966430664,115.12000274658203,44582.0
2026-04-07 19:00:00,115.0999984741211,115.37000274658203,109.19999694824219,112.2300033569336,34340.0
2026-04-07 20:00:00,112.2300033569336,112.48999786376953,110.16999816894531,110.33999633789062,15039.0
2026-04-07 22:00:00,108.73999786376953,109.19000244140625,97.33000183105469,98.77999877929688,0.0
2026-04-07 23:00:00,98.79000091552734,98.79000091552734,91.05000305175781,96.45999908447266,45089.0
2026-04-08 00:00:00,96.5199966430664,98.31999969482422,94.05000305175781,96.93000030517578,30202.0
2026-04-08 01:00:00,96.97000122070312,97.41999816894531,95.80999755859375,96.72000122070312,12032.0
2026-04-08 02:00:00,96.7300033569336,97.31999969482422,96.0,96.43000030517578,11492.0
2026-04-08 03:00:00,96.41999816894531,96.6500015258789,95.5,96.4800033569336,6289.0
2026-04-08 04:00:00,96.3499984741211,97.22000122070312,95.5,96.7300033569336,6724.0
2026-04-08 05:00:00,96.69999694824219,96.93000030517578,95.37000274658203,95.76000213623047,5952.0
2026-04-08 06:00:00,95.73999786376953,96.0,94.55999755859375,95.87999725341797,13445.0
2026-04-08 07:00:00,95.86000061035156,96.58999633789062,95.62999725341797,95.97000122070312,9195.0
2026-04-08 08:00:00,95.95999908447266,96.69000244140625,94.91000366210938,94.91999816894531,12846.0
2026-04-08 09:00:00,94.91000366210938,95.37999725341797,94.13999938964844,94.63999938964844,10042.0
2026-04-08 10:00:00,94.6500015258789,95.5999984741211,94.12999725341797,94.93000030517578,9503.0
2026-04-08 11:00:00,94.94000244140625,95.27999877929688,93.12000274658203,93.25,17287.0
2026-04-08 12:00:00,93.22000122070312,95.20999908447266,92.19999694824219,92.56999969482422,40669.0
2026-04-08 13:00:00,92.58999633789062,94.44000244140625,91.8499984741211,93.25,46528.0
2026-04-08 14:00:00,93.23999786376953,96.31999969482422,92.47000122070312,95.58000183105469,51583.0
2026-04-08 15:00:00,95.55999755859375,96.43000030517578,94.63999938964844,94.94000244140625,34757.0
2026-04-08 16:00:00,94.97000122070312,95.62000274658203,94.13999938964844,94.41999816894531,27728.0
2026-04-08 17:00:00,94.41999816894531,96.27999877929688,94.05999755859375,95.31999969482422,34409.0
2026-04-08 18:00:00,95.30999755859375,95.66999816894531,93.61000061035156,95.43000030517578,61434.0
2026-04-08 19:00:00,95.43000030517578,96.91000366210938,95.29000091552734,96.08999633789062,17457.0
2026-04-08 20:00:00,96.08999633789062,96.75,95.69999694824219,96.5,6449.0
2026-04-08 22:00:00,96.77999877929688,97.87999725341797,96.25,96.80000305175781,0.0
2026-04-08 23:00:00,96.81999969482422,97.2699966430664,96.51000213623047,97.12999725341797,2914.0
2026-04-09 00:00:00,97.0999984741211,97.80999755859375,96.37999725341797,97.66999816894531,7787.0
2026-04-09 01:00:00,97.66999816894531,98.37999725341797,96.8499984741211,96.94999694824219,8013.0
2026-04-09 02:00:00,96.9800033569336,97.26000213623047,96.51000213623047,97.23999786376953,4398.0
2026-04-09 03:00:00,97.25,97.41000366210938,96.72000122070312,97.19000244140625,2386.0
2026-04-09 04:00:00,97.1500015258789,97.80000305175781,97.12999725341797,97.7699966430664,2171.0
2026-04-09 05:00:00,97.7699966430664,98.08000183105469,97.2699966430664,97.37000274658203,3814.0
2026-04-09 06:00:00,97.37000274658203,97.8499984741211,96.95999908447266,97.04000091552734,6446.0
2026-04-09 07:00:00,97.04000091552734,98.08000183105469,96.95999908447266,97.68000030517578,9188.0
2026-04-09 08:00:00,97.66999816894531,98.0999984741211,97.26000213623047,97.88999938964844,9373.0
2026-04-09 09:00:00,97.88999938964844,97.94999694824219,97.19000244140625,97.6500015258789,6206.0
2026-04-09 10:00:00,97.63999938964844,99.69000244140625,97.58000183105469,99.5999984741211,15129.0
2026-04-09 11:00:00,99.62000274658203,99.66000366210938,98.38999938964844,98.87999725341797,13696.0
2026-04-09 12:00:00,98.87999725341797,99.98999786376953,98.5999984741211,99.36000061035156,17363.0
2026-04-09 13:00:00,99.36000061035156,100.76000213623047,99.0,100.63999938964844,28113.0
2026-04-09 14:00:00,100.6500015258789,102.69999694824219,100.25,101.9000015258789,37428.0
2026-04-09 15:00:00,101.87999725341797,102.63999938964844,98.86000061035156,99.16000366210938,56370.0
2026-04-09 16:00:00,99.12999725341797,99.18000030517578,96.86000061035156,97.43000030517578,47905.0
2026-04-09 17:00:00,97.44000244140625,97.73999786376953,95.25,96.33000183105469,41296.0
2026-04-09 18:00:00,96.30999755859375,98.66000366210938,96.04000091552734,98.41000366210938,51026.0
2026-04-09 19:00:00,98.4000015258789,99.5,97.88999938964844,99.30000305175781,12296.0
2026-04-09 20:00:00,99.29000091552734,99.33999633789062,97.83000183105469,97.9800033569336,8294.0
2026-04-09 22:00:00,98.2300033569336,99.19999694824219,98.0199966430664,99.0,0.0
2026-04-09 23:00:00,99.01000213623047,99.0999984741211,98.2300033569336,98.62000274658203,2229.0
2026-04-10 00:00:00,98.62000274658203,99.0999984741211,98.26000213623047,98.91000366210938,3494.0
2026-04-10 01:00:00,98.93000030517578,99.23999786376953,98.33000183105469,98.61000061035156,4053.0
2026-04-10 02:00:00,98.58000183105469,98.9000015258789,98.47000122070312,98.75,2754.0
2026-04-10 03:00:00,98.7699966430664,98.83000183105469,97.58000183105469,97.79000091552734,4194.0
2026-04-10 04:00:00,97.80000305175781,98.44000244140625,97.66000366210938,98.41000366210938,2415.0
2026-04-10 05:00:00,98.38999938964844,98.75,98.11000061035156,98.62000274658203,2501.0
2026-04-10 06:00:00,98.5999984741211,98.8499984741211,98.29000091552734,98.63999938964844,4141.0
2026-04-10 07:00:00,98.63999938964844,100.0,98.58999633789062,99.66999816894531,9011.0
2026-04-10 08:00:00,99.66999816894531,100.41999816894531,99.33000183105469,100.2699966430664,8039.0
2026-04-10 09:00:00,100.25,100.26000213623047,98.16000366210938,98.55999755859375,11946.0
2026-04-10 10:00:00,98.58000183105469,99.0,97.56999969482422,98.0,7951.0
2026-04-10 11:00:00,98.0,98.5,97.41000366210938,98.08999633789062,7473.0
2026-04-10 12:00:00,98.11000061035156,98.37000274658203,97.0,98.18000030517578,13769.0
2026-04-10 13:00:00,98.19000244140625,98.80000305175781,97.41000366210938,98.4000015258789,21208.0
2026-04-10 14:00:00,98.43000030517578,99.0,97.22000122070312,98.51000213623047,31748.0
2026-04-10 15:00:00,98.5199966430664,99.45999908447266,98.2699966430664,99.19000244140625,29771.0
2026-04-10 16:00:00,99.18000030517578,99.5,98.12000274658203,98.19999694824219,24950.0
2026-04-10 17:00:00,98.19999694824219,98.7300033569336,97.91999816894531,97.9800033569336,23088.0
2026-04-10 18:00:00,97.9800033569336,98.38999938964844,95.94000244140625,96.33999633789062,47222.0
2026-04-10 19:00:00,96.33999633789062,96.45999908447266,95.5199966430664,96.20999908447266,11778.0
2026-04-10 20:00:00,96.19000244140625,96.56999969482422,95.51000213623047,96.56999969482422,4586.0
2026-04-12 22:00:00,104.8499984741211,104.94000244140625,103.80000305175781,104.55000305175781,8148.0
2026-04-12 23:00:00,104.56999969482422,105.62999725341797,104.52999877929688,104.72000122070312,5024.0
2026-04-13 00:00:00,104.72000122070312,105.04000091552734,104.08999633789062,104.0999984741211,5228.0
2026-04-13 01:00:00,104.0999984741211,104.5199966430664,103.8499984741211,104.30999755859375,5933.0
2026-04-13 02:00:00,104.30000305175781,105.08999633789062,104.30000305175781,104.9000015258789,3489.0
2026-04-13 03:00:00,104.88999938964844,105.18000030517578,104.75,104.8499984741211,2848.0
2026-04-13 04:00:00,104.86000061035156,104.98999786376953,104.55999755859375,104.7699966430664,1721.0
2026-04-13 05:00:00,104.77999877929688,104.91000366210938,104.16000366210938,104.31999969482422,2769.0
2026-04-13 06:00:00,104.30000305175781,104.31999969482422,103.05000305175781,103.2699966430664,6089.0
2026-04-13 07:00:00,103.25,103.69999694824219,102.95999908447266,103.69000244140625,5936.0
2026-04-13 08:00:00,103.69999694824219,104.80000305175781,103.36000061035156,104.61000061035156,6610.0
2026-04-13 09:00:00,104.62000274658203,104.72000122070312,104.01000213623047,104.51000213623047,4083.0
2026-04-13 10:00:00,104.4800033569336,104.66000366210938,103.81999969482422,103.83000183105469,5376.0
2026-04-13 11:00:00,103.8499984741211,104.4000015258789,103.41999816894531,104.25,6994.0
2026-04-13 12:00:00,104.2699966430664,104.38999938964844,103.36000061035156,103.6500015258789,11207.0
2026-04-13 13:00:00,103.6500015258789,103.80999755859375,100.36000061035156,101.72000122070312,33846.0
2026-04-13 14:00:00,101.7300033569336,102.5,100.58000183105469,102.02999877929688,28032.0
2026-04-13 15:00:00,102.0199966430664,103.19000244140625,102.01000213623047,102.83999633789062,22983.0
2026-04-13 16:00:00,102.83000183105469,103.0,99.22000122070312,99.4800033569336,56379.0
2026-04-13 17:00:00,99.4800033569336,99.9800033569336,98.75,99.16000366210938,27612.0
2026-04-13 18:00:00,99.16999816894531,99.4000015258789,97.02999877929688,97.12999725341797,38794.0
2026-04-13 19:00:00,97.12000274658203,98.18000030517578,97.04000091552734,98.02999877929688,8275.0
2026-04-13 20:00:00,98.05000305175781,98.27999877929688,97.70999908447266,98.01000213623047,4979.0
2026-04-13 22:00:00,97.98999786376953,98.0,97.44999694824219,97.52999877929688,0.0
2026-04-13 23:00:00,97.54000091552734,97.58999633789062,96.06999969482422,96.62000274658203,4772.0
2026-04-14 00:00:00,96.55000305175781,96.95999908447266,95.69000244140625,95.97000122070312,4113.0
2026-04-14 01:00:00,95.9800033569336,97.27999877929688,95.95999908447266,97.18000030517578,4450.0
2026-04-14 02:00:00,97.16999816894531,97.2699966430664,96.79000091552734,97.08999633789062,1890.0
2026-04-14 03:00:00,97.12000274658203,97.62000274658203,96.75,96.94999694824219,3140.0
2026-04-14 04:00:00,96.9800033569336,97.0,96.66000366210938,96.70999908447266,1399.0
2026-04-14 05:00:00,96.75,97.47000122070312,96.63999938964844,97.3499984741211,1951.0
2026-04-14 06:00:00,97.3499984741211,97.73999786376953,97.1500015258789,97.38999938964844,3938.0
2026-04-14 07:00:00,97.38999938964844,97.5,95.19999694824219,96.5199966430664,12523.0
2026-04-14 08:00:00,96.54000091552734,97.05999755859375,96.37000274658203,96.38999938964844,5949.0
2026-04-14 09:00:00,96.37000274658203,97.30000305175781,96.23999786376953,96.88999938964844,4244.0
2026-04-14 10:00:00,96.8499984741211,97.55999755859375,96.16000366210938,97.3499984741211,5902.0
2026-04-14 11:00:00,97.31999969482422,97.97000122070312,96.05999755859375,97.19999694824219,7955.0
2026-04-14 12:00:00,97.19000244140625,97.19000244140625,95.66000366210938,95.83999633789062,14856.0
2026-04-14 13:00:00,95.8499984741211,96.33999633789062,94.66999816894531,94.69999694824219,27355.0
2026-04-14 14:00:00,94.68000030517578,94.68000030517578,92.20999908447266,93.41999816894531,39540.0
2026-04-14 15:00:00,93.41999816894531,94.31999969482422,92.20999908447266,92.61000061035156,28030.0
2026-04-14 16:00:00,92.62999725341797,92.80999755859375,91.91999816894531,92.76000213623047,18778.0
2026-04-14 17:00:00,92.7699966430664,93.0,91.5,92.05999755859375,24795.0
2026-04-14 18:00:00,92.05000305175781,92.16000366210938,91.05999755859375,91.7699966430664,41271.0
2026-04-14 19:00:00,91.75,92.19000244140625,91.56999969482422,92.0199966430664,5614.0
2026-04-14 20:00:00,92.01000213623047,92.3499984741211,91.44999694824219,92.06999969482422,5985.0
2026-04-14 22:00:00,92.0199966430664,92.37999725341797,91.19000244140625,91.70999908447266,0.0
2026-04-14 23:00:00,91.69999694824219,92.01000213623047,86.95999908447266,90.30000305175781,7185.0
2026-04-15 00:00:00,90.30000305175781,91.19000244140625,90.1500015258789,90.36000061035156,3908.0
2026-04-15 01:00:00,90.33999633789062,90.86000061035156,89.97000122070312,90.48999786376953,2769.0
2026-04-15 02:00:00,90.5,91.30999755859375,90.44000244140625,91.26000213623047,2697.0
2026-04-15 03:00:00,91.25,91.48999786376953,90.87999725341797,90.94000244140625,2215.0
2026-04-15 04:00:00,90.94999694824219,91.81999969482422,90.87000274658203,91.66999816894531,1946.0
2026-04-15 05:00:00,91.66000366210938,91.75,91.13999938964844,91.22000122070312,1968.0
2026-04-15 06:00:00,91.2300033569336,91.23999786376953,90.30000305175781,90.91000366210938,3776.0
2026-04-15 07:00:00,90.91999816894531,91.4800033569336,90.5999984741211,90.75,5110.0
2026-04-15 08:00:00,90.76000213623047,91.73999786376953,90.38999938964844,91.33000183105469,5877.0
2026-04-15 09:00:00,91.33000183105469,92.72000122070312,91.29000091552734,92.25,8872.0
2026-04-15 10:00:00,92.25,93.30000305175781,91.69999694824219,92.73999786376953,11244.0
2026-04-15 11:00:00,92.72000122070312,92.94999694824219,91.16000366210938,91.69000244140625,10432.0
2026-04-15 12:00:00,91.68000030517578,92.4800033569336,91.20999908447266,91.97000122070312,14505.0
2026-04-15 13:00:00,91.97000122070312,92.2300033569336,90.4000015258789,91.05000305175781,21916.0
2026-04-15 14:00:00,91.06999969482422,92.45999908447266,90.55999755859375,92.3499984741211,24241.0
2026-04-15 15:00:00,92.33999633789062,92.91999816894531,92.0199966430664,92.33000183105469,23543.0
2026-04-15 16:00:00,92.33000183105469,92.54000091552734,91.41999816894531,91.76000213623047,14319.0
2026-04-15 17:00:00,91.76000213623047,92.58999633789062,91.55000305175781,92.51000213623047,16445.0
2026-04-15 18:00:00,92.5,92.80000305175781,91.0,91.16000366210938,23121.0
2026-04-15 19:00:00,91.11000061035156,91.12999725341797,90.70999908447266,90.98999786376953,4782.0
2026-04-15 20:00:00,90.98999786376953,91.47000122070312,90.9800033569336,91.38999938964844,2532.0
2026-04-15 22:00:00,91.47000122070312,91.5,90.80999755859375,91.0,0.0
2026-04-15 23:00:00,91.02999877929688,91.02999877929688,90.66999816894531,90.95999908447266,717.0
2026-04-16 00:00:00,90.91999816894531,91.05000305175781,90.5199966430664,90.95999908447266,2063.0
2026-04-16 01:00:00,91.0,91.5,90.86000061035156,91.44000244140625,1413.0
2026-04-16 02:00:00,91.43000030517578,91.76000213623047,91.37000274658203,91.4800033569336,1412.0
2026-04-16 03:00:00,91.45999908447266,91.73999786376953,91.19999694824219,91.7300033569336,1574.0
2026-04-16 04:00:00,91.66999816894531,91.87000274658203,91.66000366210938,91.7699966430664,1330.0
2026-04-16 05:00:00,91.75,91.88999938964844,91.4800033569336,91.55999755859375,2259.0
2026-04-16 06:00:00,91.55999755859375,91.68000030517578,91.30999755859375,91.58000183105469,1842.0
2026-04-16 07:00:00,91.58999633789062,92.1500015258789,88.45999908447266,89.33999633789062,9768.0
2026-04-16 08:00:00,89.37000274658203,89.81999969482422,89.12999725341797,89.25,7276.0
2026-04-16 09:00:00,89.2300033569336,89.62000274658203,89.02999877929688,89.47000122070312,4515.0
2026-04-16 10:00:00,89.44000244140625,89.4800033569336,88.77999877929688,88.79000091552734,4218.0
2026-04-16 11:00:00,88.77999877929688,88.80999755859375,88.26000213623047,88.5999984741211,9928.0
2026-04-16 12:00:00,88.58000183105469,89.31999969482422,88.16000366210938,89.27999877929688,8993.0
2026-04-16 13:00:00,89.2699966430664,90.41000366210938,88.79000091552734,90.1500015258789,28319.0
2026-04-16 14:00:00,90.16000366210938,90.68000030517578,89.91000366210938,90.3499984741211,24317.0
2026-04-16 15:00:00,90.33999633789062,90.9000015258789,89.76000213623047,90.30000305175781,30276.0
2026-04-16 16:00:00,90.30000305175781,91.29000091552734,90.27999877929688,91.20999908447266,19086.0
2026-04-16 17:00:00,91.19999694824219,91.81999969482422,91.08999633789062,91.56999969482422,21285.0
2026-04-16 18:00:00,91.56999969482422,91.61000061035156,90.43000030517578,90.47000122070312,29129.0
2026-04-16 19:00:00,90.47000122070312,90.66999816894531,89.87999725341797,90.0999984741211,6516.0
2026-04-16 20:00:00,90.12000274658203,90.16000366210938,89.62000274658203,89.6500015258789,3429.0
2026-04-16 22:00:00,89.72000122070312,90.08999633789062,89.56999969482422,89.58999633789062,0.0
2026-04-16 23:00:00,89.61000061035156,90.20999908447266,89.5999984741211,90.02999877929688,1856.0
2026-04-17 00:00:00,90.0199966430664,90.13999938964844,89.5999984741211,90.12000274658203,3128.0
2026-04-17 01:00:00,90.0999984741211,90.26000213623047,89.73999786376953,89.9000015258789,2531.0
2026-04-17 02:00:00,89.88999938964844,90.12000274658203,89.7699966430664,89.86000061035156,1201.0
2026-04-17 03:00:00,89.8499984741211,90.0999984741211,89.66999816894531,89.83000183105469,1442.0
2026-04-17 04:00:00,89.86000061035156,89.9000015258789,89.5,89.55000305175781,1427.0
2026-04-17 05:00:00,89.56999969482422,89.75,89.37000274658203,89.52999877929688,2728.0
2026-04-17 06:00:00,89.52999877929688,90.33999633789062,89.5,90.13999938964844,3775.0
2026-04-17 07:00:00,90.12999725341797,90.27999877929688,89.79000091552734,89.93000030517578,5165.0
2026-04-17 08:00:00,89.94000244140625,90.01000213623047,88.76000213623047,89.02999877929688,7527.0
2026-04-17 09:00:00,89.0199966430664,89.16999816894531,87.41000366210938,87.62999725341797,13310.0
2026-04-17 10:00:00,87.61000061035156,88.05999755859375,87.0199966430664,87.80999755859375,9308.0
2026-04-17 11:00:00,87.83000183105469,88.02999877929688,87.44000244140625,87.63999938964844,6704.0
2026-04-17 12:00:00,87.62999725341797,87.80000305175781,81.81999969482422,82.41999816894531,62903.0
2026-04-17 13:00:00,82.43000030517578,83.25,80.41999816894531,81.75,100716.0
2026-04-17 14:00:00,81.75,81.9000015258789,78.97000122070312,79.98999786376953,70663.0
2026-04-17 15:00:00,79.98999786376953,81.79000091552734,79.69000244140625,81.12000274658203,50253.0
2026-04-17 16:00:00,81.13999938964844,81.83999633789062,80.87000274658203,81.36000061035156,20364.0
2026-04-17 17:00:00,81.3499984741211,82.97000122070312,81.27999877929688,81.8499984741211,30498.0
2026-04-17 18:00:00,81.8499984741211,83.62999725341797,81.7699966430664,83.29000091552734,39822.0
2026-04-17 19:00:00,83.27999877929688,83.4800033569336,82.62999725341797,83.08999633789062,9395.0
2026-04-17 20:00:00,83.11000061035156,84.02999877929688,82.58999633789062,82.58999633789062,6191.0
2026-04-20 09:00:00,82.58999633789062,87.66000366210938,82.58999633789062,87.62000274658203,2577.0
2026-04-20 10:00:00,87.62000274658203,87.63999938964844,82.58999633789062,87.5,6562.0
2026-04-20 11:00:00,87.5199966430664,87.94999694824219,82.58999633789062,87.0999984741211,9494.0
2026-04-20 12:00:00,87.11000061035156,87.54000091552734,86.66999816894531,86.94999694824219,14851.0
2026-04-20 13:00:00,86.9800033569336,87.45999908447266,85.44999694824219,85.95999908447266,39651.0
2026-04-20 14:00:00,85.97000122070312,87.83999633789062,85.94000244140625,87.29000091552734,32256.0
2026-04-20 15:00:00,87.27999877929688,87.51000213623047,86.47000122070312,87.33000183105469,28943.0
2026-04-20 16:00:00,87.31999969482422,87.68000030517578,87.0199966430664,87.2699966430664,17223.0
2026-04-20 17:00:00,87.27999877929688,87.9800033569336,87.08000183105469,87.5,22339.0
2026-04-20 18:00:00,87.48999786376953,87.76000213623047,86.97000122070312,87.37999725341797,39107.0
2026-04-20 19:00:00,87.37999725341797,87.41999816894531,86.83000183105469,86.87999725341797,6112.0
2026-04-20 20:00:00,86.88999938964844,87.05000305175781,85.56999969482422,85.88999938964844,8435.0
2026-04-20 22:00:00,85.81999969482422,86.52999877929688,85.5,86.36000061035156,0.0
2026-04-20 23:00:00,86.3499984741211,86.51000213623047,86.11000061035156,86.20999908447266,1095.0
2026-04-21 00:00:00,86.20999908447266,86.56999969482422,86.11000061035156,86.4800033569336,4001.0
2026-04-21 01:00:00,86.5,86.7300033569336,86.41999816894531,86.6500015258789,2827.0
2026-04-21 02:00:00,86.6500015258789,86.77999877929688,86.48999786376953,86.66000366210938,1587.0
2026-04-21 03:00:00,86.66000366210938,86.77999877929688,86.52999877929688,86.68000030517578,1299.0
2026-04-21 04:00:00,86.68000030517578,86.69000244140625,86.2699966430664,86.29000091552734,1573.0
2026-04-21 05:00:00,86.27999877929688,86.27999877929688,85.66999816894531,86.16000366210938,4570.0
2026-04-21 06:00:00,86.16000366210938,87.41999816894531,86.13999938964844,86.62000274658203,3512.0
2026-04-21 07:00:00,86.5999984741211,87.47000122070312,85.86000061035156,86.44000244140625,8896.0
2026-04-21 08:00:00,86.44999694824219,86.86000061035156,86.0,86.80000305175781,7102.0
2026-04-21 09:00:00,86.81999969482422,87.48999786376953,86.55999755859375,86.69999694824219,8169.0
2026-04-21 10:00:00,86.69000244140625,86.80000305175781,86.13999938964844,86.66000366210938,6315.0
2026-04-21 11:00:00,86.63999938964844,87.69999694824219,86.63999938964844,87.5999984741211,13520.0
2026-04-21 12:00:00,87.58999633789062,87.7300033569336,86.77999877929688,87.3499984741211,14198.0
2026-04-21 13:00:00,87.3499984741211,87.36000061035156,86.55000305175781,86.79000091552734,22370.0
2026-04-21 14:00:00,86.80000305175781,88.79000091552734,86.76000213623047,88.73999786376953,35411.0
2026-04-21 15:00:00,88.73999786376953,90.08999633789062,88.4000015258789,89.76000213623047,38654.0
2026-04-21 16:00:00,89.7699966430664,90.44999694824219,89.41999816894531,90.41999816894531,24100.0
2026-04-21 17:00:00,90.41999816894531,91.44999694824219,88.97000122070312,89.41999816894531,47521.0
2026-04-21 18:00:00,89.43000030517578,90.05999755859375,87.91000366210938,88.81999969482422,49806.0
2026-04-21 19:00:00,88.81999969482422,92.2300033569336,87.86000061035156,91.77999877929688,41863.0
2026-04-21 20:00:00,91.77999877929688,91.94999694824219,87.88999938964844,90.22000122070312,24506.0
2026-04-21 22:00:00,90.0,90.69999694824219,89.70999908447266,90.33000183105469,0.0
2026-04-21 23:00:00,90.3499984741211,90.70999908447266,90.31999969482422,90.48999786376953,1284.0
2026-04-22 00:00:00,90.5,90.51000213623047,88.76000213623047,89.80000305175781,8267.0
2026-04-22 01:00:00,89.79000091552734,89.79000091552734,89.04000091552734,89.4000015258789,4851.0
2026-04-22 02:00:00,89.41000366210938,89.5199966430664,89.1500015258789,89.33000183105469,2734.0
2026-04-22 03:00:00,89.36000061035156,89.69000244140625,89.16000366210938,89.25,2469.0
2026-04-22 04:00:00,89.26000213623047,89.62000274658203,89.19000244140625,89.58000183105469,2766.0
2026-04-22 05:00:00,89.55999755859375,89.58999633789062,87.63999938964844,88.76000213623047,11712.0
2026-04-22 06:00:00,88.76000213623047,88.95999908447266,88.62000274658203,88.7300033569336,3807.0
2026-04-22 07:00:00,88.70999908447266,89.41000366210938,88.5,89.37999725341797,5778.0
2026-04-22 08:00:00,89.37000274658203,91.41000366210938,89.22000122070312,90.80999755859375,12063.0
2026-04-22 09:00:00,90.80999755859375,91.1500015258789,90.13999938964844,90.86000061035156,9039.0
2026-04-22 10:00:00,90.86000061035156,90.94999694824219,89.94000244140625,90.12000274658203,6253.0
2026-04-22 11:00:00,90.11000061035156,90.63999938964844,89.79000091552734,90.20999908447266,8023.0
2026-04-22 12:00:00,90.22000122070312,91.5999984741211,89.70999908447266,91.43000030517578,18789.0
2026-04-22 13:00:00,91.41999816894531,92.08000183105469,90.41999816894531,91.7300033569336,39202.0
2026-04-22 14:00:00,91.73999786376953,92.45999908447266,90.95999908447266,92.20999908447266,28565.0
2026-04-22 15:00:00,92.20999908447266,93.2699966430664,91.30999755859375,93.11000061035156,37333.0
2026-04-22 16:00:00,93.08999633789062,93.7300033569336,92.87999725341797,93.62000274658203,18731.0
2026-04-22 17:00:00,93.62999725341797,93.69000244140625,92.33000183105469,92.62000274658203,26255.0
2026-04-22 18:00:00,92.62999725341797,93.30999755859375,92.5999984741211,92.94999694824219,19522.0
2026-04-22 19:00:00,92.94999694824219,93.08000183105469,92.41000366210938,92.61000061035156,7344.0
2026-04-22 20:00:00,92.61000061035156,93.13999938964844,92.41000366210938,92.87000274658203,3371.0
2026-04-22 22:00:00,92.9000015258789,92.93000030517578,92.33000183105469,92.52999877929688,0.0
2026-04-22 23:00:00,92.52999877929688,92.79000091552734,92.4000015258789,92.7300033569336,891.0
2026-04-23 00:00:00,92.73999786376953,97.22000122070312,92.61000061035156,92.93000030517578,26928.0
2026-04-23 01:00:00,92.95999908447266,93.70999908447266,92.81999969482422,93.47000122070312,6186.0
2026-04-23 02:00:00,93.48999786376953,95.2699966430664,93.44999694824219,95.05999755859375,8950.0
2026-04-23 03:00:00,95.06999969482422,95.2699966430664,94.43000030517578,94.55000305175781,5214.0
2026-04-23 04:00:00,94.56999969482422,94.66999816894531,94.02999877929688,94.05999755859375,2619.0
2026-04-23 05:00:00,94.06999969482422,94.44999694824219,93.83000183105469,93.86000061035156,2579.0
2026-04-23 06:00:00,93.87000274658203,94.66000366210938,93.6500015258789,94.41000366210938,4153.0
2026-04-23 07:00:00,94.38999938964844,94.73999786376953,93.23999786376953,93.69000244140625,6753.0
2026-04-23 08:00:00,93.68000030517578,95.05000305175781,93.66000366210938,94.9000015258789,7462.0
2026-04-23 09:00:00,94.88999938964844,95.63999938964844,94.2699966430664,94.93000030517578,9526.0
2026-04-23 10:00:00,94.95999908447266,95.05999755859375,93.73999786376953,93.94000244140625,5069.0
2026-04-23 11:00:00,93.91999816894531,94.22000122070312,93.02999877929688,93.25,12905.0
2026-04-23 12:00:00,93.26000213623047,94.0,92.30000305175781,93.2300033569336,25069.0
2026-04-23 13:00:00,93.22000122070312,94.44999694824219,92.9800033569336,93.98999786376953,22737.0
2026-04-23 14:00:00,93.98999786376953,94.62999725341797,93.02999877929688,93.08000183105469,26004.0
2026-04-23 15:00:00,93.08999633789062,94.6500015258789,92.95999908447266,94.44999694824219,22001.0
2026-04-23 16:00:00,94.44999694824219,94.69999694824219,93.93000030517578,94.45999908447266,15881.0
2026-04-23 17:00:00,94.44000244140625,98.38999938964844,94.43000030517578,96.19000244140625,76778.0
2026-04-23 18:00:00,96.22000122070312,96.8499984741211,95.19999694824219,96.70999908447266,41159.0
2026-04-23 19:00:00,96.69000244140625,96.87999725341797,95.95999908447266,96.4000015258789,9334.0
2026-04-23 20:00:00,96.41000366210938,97.41000366210938,96.4000015258789,97.0,6371.0
2026-04-23 22:00:00,96.62000274658203,97.3499984741211,95.87999725341797,97.08000183105469,0.0
2026-04-23 23:00:00,97.08000183105469,97.12999725341797,96.68000030517578,96.80999755859375,1220.0
2026-04-24 00:00:00,96.79000091552734,97.54000091552734,96.68000030517578,97.16999816894531,6146.0
2026-04-24 01:00:00,97.18000030517578,97.5999984741211,96.68000030517578,97.01000213623047,4582.0
2026-04-24 02:00:00,97.0,97.08000183105469,96.38999938964844,96.4800033569336,3797.0
2026-04-24 03:00:00,96.4800033569336,96.69000244140625,96.08000183105469,96.62000274658203,2728.0
2026-04-24 04:00:00,96.62000274658203,96.72000122070312,95.94999694824219,96.01000213623047,2034.0
2026-04-24 05:00:00,96.01000213623047,96.16999816894531,95.66000366210938,95.94000244140625,3040.0
2026-04-24 06:00:00,95.97000122070312,96.55999755859375,95.55000305175781,96.5,4667.0
2026-04-24 07:00:00,96.5199966430664,96.77999877929688,96.01000213623047,96.69999694824219,6323.0
2026-04-24 08:00:00,96.70999908447266,97.8499984741211,96.70999908447266,96.9800033569336,10837.0
2026-04-24 09:00:00,96.97000122070312,97.79000091552734,96.66000366210938,97.73999786376953,7338.0
2026-04-24 10:00:00,97.7300033569336,97.7300033569336,96.83999633789062,96.91999816894531,5863.0
2026-04-24 11:00:00,96.94999694824219,96.95999908447266,93.62999725341797,94.4800033569336,42502.0
2026-04-24 12:00:00,94.48999786376953,96.48999786376953,94.1500015258789,95.91999816894531,24015.0
2026-04-24 13:00:00,95.91999816894531,95.91999816894531,94.63999938964844,95.19999694824219,23944.0
2026-04-24 14:00:00,95.2300033569336,95.58999633789062,94.66000366210938,95.12000274658203,23654.0
2026-04-24 15:00:00,95.12000274658203,95.80999755859375,92.68000030517578,93.52999877929688,48333.0
2026-04-24 16:00:00,93.52999877929688,94.43000030517578,93.12999725341797,93.7699966430664,22857.0
2026-04-24 17:00:00,93.76000213623047,94.11000061035156,92.75,93.61000061035156,22182.0
2026-04-24 18:00:00,93.62000274658203,94.63999938964844,93.5999984741211,94.2300033569336,22586.0
2026-04-24 19:00:00,94.22000122070312,95.20999908447266,94.08999633789062,94.7699966430664,9346.0
2026-04-24 20:00:00,94.79000091552734,95.55999755859375,94.77999877929688,94.87999725341797,7018.0
2026-04-26 22:00:00,96.3499984741211,96.68000030517578,95.95999908447266,96.01000213623047,3651.0
2026-04-26 23:00:00,96.05000305175781,96.29000091552734,95.94999694824219,96.12999725341797,1472.0
2026-04-27 00:00:00,96.13999938964844,96.52999877929688,95.7699966430664,96.06999969482422,3820.0
2026-04-27 01:00:00,96.04000091552734,96.12000274658203,95.44999694824219,95.87000274658203,5535.0
2026-04-27 02:00:00,95.86000061035156,95.86000061035156,95.2300033569336,95.2300033569336,2969.0
2026-04-27 03:00:00,95.23999786376953,95.3499984741211,94.98999786376953,95.31999969482422,1953.0
2026-04-27 04:00:00,95.30000305175781,95.66999816894531,95.19999694824219,95.5999984741211,1233.0
2026-04-27 05:00:00,95.58000183105469,96.2699966430664,95.55000305175781,96.06999969482422,2989.0
2026-04-27 06:00:00,96.05999755859375,96.41000366210938,96.0199966430664,96.08000183105469,2623.0
2026-04-27 07:00:00,96.08000183105469,96.88999938964844,96.06999969482422,96.83000183105469,3886.0
2026-04-27 08:00:00,96.83999633789062,97.0999984741211,96.38999938964844,96.4800033569336,5292.0
2026-04-27 09:00:00,96.4800033569336,96.69000244140625,96.1500015258789,96.48999786376953,3872.0
2026-04-27 10:00:00,96.5,96.51000213623047,95.05999755859375,95.41000366210938,6506.0
2026-04-27 11:00:00,95.41999816894531,95.45999908447266,94.58999633789062,95.11000061035156,7267.0
2026-04-27 12:00:00,95.0999984741211,96.54000091552734,94.8499984741211,96.31999969482422,15304.0
2026-04-27 13:00:00,96.31999969482422,96.52999877929688,95.62000274658203,95.70999908447266,17579.0
2026-04-27 14:00:00,95.69999694824219,96.79000091552734,95.30000305175781,96.75,25707.0
2026-04-27 15:00:00,96.75,97.5,96.0999984741211,96.16999816894531,25895.0
2026-04-27 16:00:00,96.1500015258789,96.5999984741211,96.05999755859375,96.56999969482422,10075.0
2026-04-27 17:00:00,96.56999969482422,97.66999816894531,96.16000366210938,96.54000091552734,17219.0
2026-04-27 18:00:00,96.56999969482422,97.2300033569336,96.20999908447266,96.55000305175781,16415.0
2026-04-27 19:00:00,96.55000305175781,96.62999725341797,95.9000015258789,96.41000366210938,8833.0
2026-04-27 20:00:00,96.4000015258789,96.80000305175781,96.26000213623047,96.68000030517578,3055.0
2026-04-27 22:00:00,96.66999816894531,96.77999877929688,96.30000305175781,96.62999725341797,0.0
2026-04-27 23:00:00,96.62999725341797,96.80000305175781,96.58999633789062,96.6500015258789,862.0
2026-04-28 00:00:00,96.6500015258789,97.19999694824219,96.23999786376953,97.02999877929688,4005.0
2026-04-28 01:00:00,97.02999877929688,97.41000366210938,96.8499984741211,97.33000183105469,3025.0
2026-04-28 02:00:00,97.33000183105469,97.55000305175781,97.2300033569336,97.38999938964844,2237.0
2026-04-28 03:00:00,97.37999725341797,97.5999984741211,97.18000030517578,97.56999969482422,1664.0
2026-04-28 04:00:00,97.58999633789062,97.80999755859375,97.31999969482422,97.45999908447266,1682.0
2026-04-28 05:00:00,97.45999908447266,98.8499984741211,97.4000015258789,98.19999694824219,6576.0
2026-04-28 06:00:00,98.22000122070312,98.44999694824219,97.72000122070312,98.37000274658203,4002.0
2026-04-28 07:00:00,98.37000274658203,99.22000122070312,98.29000091552734,98.88999938964844,7757.0
2026-04-28 08:00:00,98.9000015258789,99.2699966430664,98.22000122070312,98.94999694824219,8421.0
2026-04-28 09:00:00,98.97000122070312,99.88999938964844,98.95999908447266,99.80999755859375,7077.0
2026-04-28 10:00:00,99.80999755859375,100.11000061035156,99.44999694824219,99.73999786376953,6912.0
2026-04-28 11:00:00,99.7300033569336,101.8499984741211,99.54000091552734,101.26000213623047,19996.0
2026-04-28 12:00:00,101.27999877929688,101.30000305175781,98.0999984741211,99.4000015258789,36717.0
2026-04-28 13:00:00,99.41000366210938,100.43000030517578,98.75,99.4000015258789,33382.0
2026-04-28 14:00:00,99.41999816894531,100.47000122070312,99.22000122070312,99.36000061035156,29250.0
2026-04-28 15:00:00,99.37999725341797,100.01000213623047,99.01000213623047,99.79000091552734,21334.0
2026-04-28 16:00:00,99.80000305175781,100.19999694824219,99.05999755859375,99.20999908447266,14494.0
2026-04-28 17:00:00,99.22000122070312,100.45999908447266,99.12999725341797,100.23999786376953,14448.0
2026-04-28 18:00:00,100.22000122070312,100.33000183105469,99.3499984741211,100.0,23214.0
2026-04-28 19:00:00,99.98999786376953,100.05999755859375,99.77999877929688,99.91000366210938,4890.0
2026-04-28 20:00:00,99.9000015258789,99.94000244140625,99.51000213623047,99.62000274658203,4084.0
2026-04-28 22:00:00,99.70999908447266,99.75,99.36000061035156,99.61000061035156,0.0
2026-04-28 23:00:00,99.62000274658203,99.69000244140625,99.3499984741211,99.41999816894531,1069.0
2026-04-29 00:00:00,99.43000030517578,99.43000030517578,98.93000030517578,99.30999755859375,3740.0
2026-04-29 01:00:00,99.30000305175781,100.73999786376953,99.23999786376953,100.38999938964844,8072.0
2026-04-29 02:00:00,100.37999725341797,100.38999938964844,98.41999816894531,99.30000305175781,7364.0
2026-04-29 03:00:00,99.33000183105469,99.47000122070312,98.79000091552734,99.33999633789062,2835.0
2026-04-29 04:00:00,99.30000305175781,99.62999725341797,99.20999908447266,99.54000091552734,1281.0
2026-04-29 05:00:00,99.58000183105469,99.86000061035156,99.55999755859375,99.83000183105469,1572.0
2026-04-29 06:00:00,99.8499984741211,100.62999725341797,99.5999984741211,100.58999633789062,4824.0
2026-04-29 07:00:00,100.55000305175781,101.93000030517578,100.33999633789062,101.69999694824219,9317.0
2026-04-29 08:00:00,101.70999908447266,103.77999877929688,101.62000274658203,103.5999984741211,16360.0
2026-04-29 09:00:00,103.61000061035156,103.70999908447266,102.8499984741211,103.55999755859375,8688.0
2026-04-29 10:00:00,103.56999969482422,103.81999969482422,103.08999633789062,103.13999938964844,5661.0
2026-04-29 11:00:00,103.12999725341797,103.44999694824219,102.73999786376953,103.4000015258789,8528.0
2026-04-29 12:00:00,103.41999816894531,104.37000274658203,102.9800033569336,103.81999969482422,16256.0
2026-04-29 13:00:00,103.83000183105469,105.25,103.05000305175781,104.95999908447266,34264.0
2026-04-29 14:00:00,104.9800033569336,105.43000030517578,104.38999938964844,105.19000244140625,25111.0
2026-04-29 15:00:00,105.18000030517578,107.04000091552734,104.93000030517578,106.77999877929688,38266.0
2026-04-29 16:00:00,106.80000305175781,107.2699966430664,106.19000244140625,107.13999938964844,26234.0
2026-04-29 17:00:00,107.13999938964844,107.68000030517578,106.2699966430664,106.5199966430664,30704.0
2026-04-29 18:00:00,106.56999969482422,107.44999694824219,106.47000122070312,106.80000305175781,26147.0
2026-04-29 19:00:00,106.81999969482422,108.48999786376953,106.69000244140625,107.77999877929688,11152.0
2026-04-29 20:00:00,107.7699966430664,108.5999984741211,107.52999877929688,108.48999786376953,5486.0
2026-04-29 22:00:00,109.06999969482422,109.63999938964844,107.58000183105469,108.41000366210938,0.0
2026-04-29 23:00:00,108.4000015258789,108.5,107.83000183105469,107.95999908447266,1554.0
2026-04-30 00:00:00,107.98999786376953,108.0999984741211,106.44999694824219,107.41000366210938,7792.0
2026-04-30 01:00:00,107.4000015258789,107.61000061035156,107.0999984741211,107.16999816894531,3420.0
2026-04-30 02:00:00,107.19000244140625,109.25,107.18000030517578,108.4000015258789,8141.0
2026-04-30 03:00:00,108.41999816894531,109.58000183105469,108.13999938964844,109.06999969482422,5358.0
2026-04-30 04:00:00,109.11000061035156,110.93000030517578,109.06999969482422,109.86000061035156,8273.0
2026-04-30 05:00:00,109.83999633789062,109.86000061035156,108.83999633789062,109.37000274658203,4526.0
2026-04-30 06:00:00,109.37000274658203,110.30999755859375,108.26000213623047,108.33999633789062,9400.0
2026-04-30 07:00:00,108.30000305175781,108.62000274658203,107.63999938964844,108.26000213623047,8108.0
2026-04-30 08:00:00,108.26000213623047,108.48999786376953,107.5,107.98999786376953,6615.0
2026-04-30 09:00:00,107.98999786376953,108.87000274658203,106.38999938964844,106.9000015258789,12565.0
2026-04-30 10:00:00,106.94000244140625,107.30999755859375,106.19999694824219,106.43000030517578,9629.0
2026-04-30 11:00:00,106.44000244140625,106.44999694824219,103.5,104.52999877929688,26992.0
2026-04-30 12:00:00,104.52999877929688,105.83000183105469,104.47000122070312,105.29000091552734,18666.0
2026-04-30 13:00:00,105.30000305175781,105.9800033569336,103.8499984741211,105.44999694824219,24475.0
2026-04-30 14:00:00,105.44999694824219,106.45999908447266,104.69000244140625,105.98999786376953,25895.0
2026-04-30 15:00:00,106.0,106.62000274658203,103.55000305175781,104.0999984741211,47691.0
2026-04-30 16:00:00,104.0999984741211,105.16999816894531,104.0199966430664,104.7699966430664,16337.0
2026-04-30 17:00:00,104.7699966430664,104.86000061035156,103.33999633789062,103.66999816894531,23078.0
2026-04-30 18:00:00,103.66999816894531,105.5999984741211,103.43000030517578,105.38999938964844,29564.0
2026-04-30 19:00:00,105.41000366210938,105.44000244140625,104.69999694824219,105.22000122070312,7134.0
2026-04-30 20:00:00,105.20999908447266,106.1500015258789,105.0999984741211,105.41000366210938,7361.0
2026-04-30 22:00:00,105.13999938964844,105.97000122070312,105.05999755859375,105.69000244140625,0.0
2026-04-30 23:00:00,105.69000244140625,105.8499984741211,105.5,105.63999938964844,786.0
2026-05-01 00:00:00,105.63999938964844,106.04000091552734,105.37999725341797,105.62999725341797,2802.0
2026-05-01 01:00:00,105.62999725341797,106.01000213623047,105.13999938964844,105.31999969482422,2199.0
2026-05-01 02:00:00,105.30000305175781,106.37999725341797,105.08000183105469,105.5,3074.0
2026-05-01 03:00:00,105.45999908447266,105.73999786376953,105.37999725341797,105.45999908447266,1273.0
2026-05-01 04:00:00,105.5199966430664,105.5999984741211,104.9800033569336,104.98999786376953,1638.0
2026-05-01 05:00:00,105.0,105.33000183105469,104.98999786376953,105.12000274658203,1401.0
2026-05-01 06:00:00,105.11000061035156,106.6500015258789,105.11000061035156,105.93000030517578,4455.0
2026-05-01 07:00:00,105.94000244140625,106.13999938964844,104.12999725341797,105.5199966430664,8743.0
2026-05-01 08:00:00,105.5199966430664,105.73999786376953,104.68000030517578,105.52999877929688,6154.0
2026-05-01 09:00:00,105.54000091552734,106.16999816894531,105.22000122070312,105.41999816894531,4766.0
2026-05-01 10:00:00,105.44000244140625,105.72000122070312,104.95999908447266,105.01000213623047,3961.0
2026-05-01 11:00:00,105.0,105.19999694824219,103.94999694824219,104.06999969482422,10499.0
2026-05-01 12:00:00,104.0999984741211,104.41000366210938,102.20999908447266,103.76000213623047,21862.0
2026-05-01 13:00:00,103.77999877929688,103.87000274658203,100.41999816894531,100.8499984741211,30616.0
2026-05-01 14:00:00,100.80999755859375,101.73999786376953,99.30000305175781,101.61000061035156,34303.0
2026-05-01 15:00:00,101.58999633789062,102.4800033569336,100.76000213623047,101.05999755859375,23407.0
2026-05-01 16:00:00,101.08999633789062,102.58999633789062,100.70999908447266,101.83000183105469,24183.0
2026-05-01 17:00:00,101.87999725341797,102.12999725341797,101.2300033569336,101.44000244140625,20183.0
2026-05-01 18:00:00,101.44999694824219,102.70999908447266,101.13999938964844,102.18000030517578,25373.0
2026-05-01 19:00:00,102.19999694824219,102.43000030517578,101.81999969482422,102.18000030517578,4631.0
2026-05-01 20:00:00,102.19000244140625,102.75,101.94000244140625,101.94000244140625,4380.0
2026-05-03 22:00:00,100.19000244140625,101.58000183105469,100.02999877929688,101.05999755859375,5552.0
2026-05-03 23:00:00,101.04000091552734,101.7699966430664,101.0,101.7300033569336,2177.0
2026-05-04 00:00:00,101.7300033569336,102.33000183105469,101.05999755859375,101.16000366210938,4519.0
2026-05-04 01:00:00,101.1500015258789,101.98999786376953,101.1500015258789,101.62999725341797,2415.0
2026-05-04 02:00:00,101.62000274658203,102.0999984741211,101.38999938964844,101.81999969482422,1583.0
2026-05-04 03:00:00,101.83000183105469,102.19999694824219,101.76000213623047,101.88999938964844,1580.0
2026-05-04 04:00:00,101.88999938964844,101.93000030517578,101.12000274658203,101.68000030517578,1673.0
2026-05-04 05:00:00,101.68000030517578,101.76000213623047,100.12000274658203,100.94999694824219,4339.0
2026-05-04 06:00:00,100.97000122070312,102.77999877929688,100.83000183105469,102.41999816894531,5685.0
2026-05-04 07:00:00,102.41000366210938,103.44999694824219,102.37999725341797,103.44999694824219,6263.0
2026-05-04 08:00:00,103.44000244140625,104.54000091552734,103.12000274658203,103.26000213623047,7840.0
2026-05-04 09:00:00,103.29000091552734,103.33999633789062,102.61000061035156,103.05999755859375,4093.0
2026-05-04 10:00:00,103.05999755859375,107.45999908447266,102.9800033569336,105.66999816894531,32005.0
2026-05-04 11:00:00,105.66999816894531,106.05000305175781,103.88999938964844,104.12999725341797,13162.0
2026-05-04 12:00:00,104.13999938964844,104.19000244140625,102.12000274658203,102.83000183105469,18042.0
2026-05-04 13:00:00,102.81999969482422,104.18000030517578,101.83000183105469,102.19999694824219,27584.0
2026-05-04 14:00:00,102.22000122070312,103.6500015258789,101.48999786376953,103.47000122070312,32007.0
2026-05-04 15:00:00,103.48999786376953,106.02999877929688,102.98999786376953,105.5999984741211,47724.0
2026-05-04 16:00:00,105.62999725341797,106.63999938964844,104.69000244140625,106.12999725341797,32416.0
2026-05-04 17:00:00,106.12999725341797,106.25,104.97000122070312,105.2699966430664,19112.0
2026-05-04 18:00:00,105.2699966430664,106.76000213623047,104.75,105.69000244140625,27570.0
2026-05-04 19:00:00,105.69000244140625,105.8499984741211,104.80999755859375,105.29000091552734,9931.0
2026-05-04 20:00:00,105.29000091552734,105.31999969482422,104.61000061035156,105.13999938964844,3099.0
2026-05-04 22:00:00,104.93000030517578,105.4800033569336,104.66999816894531,104.91000366210938,0.0
2026-05-04 23:00:00,104.93000030517578,105.12000274658203,104.80999755859375,104.98999786376953,576.0
2026-05-05 00:00:00,105.0,105.25,104.5199966430664,104.83999633789062,1487.0
2026-05-05 01:00:00,104.81999969482422,105.06999969482422,104.54000091552734,104.79000091552734,1589.0
2026-05-05 02:00:00,104.79000091552734,104.79000091552734,103.91999816894531,104.19000244140625,2537.0
2026-05-05 03:00:00,104.20999908447266,104.5199966430664,104.0999984741211,104.38999938964844,801.0
2026-05-05 04:00:00,104.37000274658203,104.37999725341797,103.8499984741211,104.16999816894531,967.0
2026-05-05 05:00:00,104.18000030517578,104.58000183105469,104.16999816894531,104.2699966430664,1894.0
2026-05-05 06:00:00,104.29000091552734,105.3499984741211,103.98999786376953,104.41999816894531,4186.0
2026-05-05 07:00:00,104.41000366210938,104.81999969482422,103.1500015258789,104.55000305175781,7051.0
2026-05-05 08:00:00,104.54000091552734,104.69000244140625,103.08000183105469,103.43000030517578,7388.0
2026-05-05 09:00:00,103.44000244140625,104.5,103.44000244140625,104.01000213623047,5383.0
2026-05-05 10:00:00,104.01000213623047,104.41000366210938,103.5,104.18000030517578,5053.0
2026-05-05 11:00:00,104.19000244140625,105.08999633789062,103.7300033569336,103.75,7302.0
2026-05-05 12:00:00,103.73999786376953,104.20999908447266,102.58999633789062,103.22000122070312,16877.0
2026-05-05 13:00:00,103.22000122070312,103.36000061035156,102.04000091552734,102.05999755859375,21149.0
2026-05-05 14:00:00,102.11000061035156,103.0,101.08000183105469,101.62000274658203,37364.0
2026-05-05 15:00:00,101.62000274658203,102.5199966430664,101.27999877929688,102.0999984741211,20851.0
2026-05-05 16:00:00,102.08999633789062,102.41999816894531,101.75,102.30999755859375,12562.0
2026-05-05 17:00:00,102.30999755859375,102.37999725341797,101.44999694824219,102.06999969482422,15971.0
2026-05-05 18:00:00,102.05999755859375,102.62999725341797,101.83000183105469,102.2699966430664,22608.0
2026-05-05 19:00:00,102.27999877929688,102.91000366210938,102.16999816894531,102.77999877929688,6560.0
2026-05-05 20:00:00,102.79000091552734,102.80999755859375,102.36000061035156,102.68000030517578,5126.0
2026-05-05 22:00:00,102.69999694824219,102.69999694824219,99.12000274658203,101.02999877929688,0.0
2026-05-05 23:00:00,101.02999877929688,101.1500015258789,99.19000244140625,99.80000305175781,6696.0
2026-05-06 00:00:00,99.80000305175781,101.41000366210938,99.61000061035156,100.91000366210938,7013.0
2026-05-06 01:00:00,100.88999938964844,101.29000091552734,100.11000061035156,100.55999755859375,4686.0
2026-05-06 02:00:00,100.56999969482422,100.79000091552734,100.44999694824219,100.63999938964844,1614.0
2026-05-06 03:00:00,100.66000366210938,100.9800033569336,100.31999969482422,100.52999877929688,1713.0
2026-05-06 04:00:00,100.5999984741211,100.73999786376953,100.20999908447266,100.38999938964844,1064.0
2026-05-06 05:00:00,100.38999938964844,101.37000274658203,100.19000244140625,100.29000091552734,3054.0
2026-05-06 06:00:00,100.30000305175781,101.30000305175781,99.73999786376953,100.8499984741211,5018.0
2026-05-06 07:00:00,100.86000061035156,101.19000244140625,97.69999694824219,97.80000305175781,12520.0
2026-05-06 08:00:00,97.76000213623047,99.08999633789062,95.19000244140625,95.44999694824219,22476.0
2026-05-06 09:00:00,95.44999694824219,96.33000183105469,93.30999755859375,93.3499984741211,28203.0
2026-05-06 10:00:00,93.3499984741211,93.38999938964844,89.52999877929688,89.80999755859375,38279.0
2026-05-06 11:00:00,89.79000091552734,92.62999725341797,88.66000366210938,92.55999755859375,38345.0
2026-05-06 12:00:00,92.55999755859375,96.0999984741211,92.47000122070312,95.41999816894531,42339.0
2026-05-06 13:00:00,95.41999816894531,96.80000305175781,95.12000274658203,96.04000091552734,34980.0
2026-05-06 14:00:00,96.02999877929688,97.33000183105469,94.4800033569336,94.77999877929688,32909.0
2026-05-06 15:00:00,94.7699966430664,96.11000061035156,94.62000274658203,95.33000183105469,22333.0
2026-05-06 16:00:00,95.33000183105469,96.3499984741211,94.56999969482422,95.87000274658203,19964.0
2026-05-06 17:00:00,95.86000061035156,95.94999694824219,94.98999786376953,95.23999786376953,15834.0
2026-05-06 18:00:00,95.23999786376953,95.30999755859375,94.33000183105469,95.20999908447266,30620.0
2026-05-06 19:00:00,95.22000122070312,95.56999969482422,94.83000183105469,95.37000274658203,7043.0
2026-05-06 20:00:00,95.3499984741211,96.37000274658203,95.05999755859375,96.20999908447266,9896.0
2026-05-06 22:00:00,96.30000305175781,96.33000183105469,95.62000274658203,95.86000061035156,0.0
2026-05-06 23:00:00,95.8499984741211,96.05999755859375,95.72000122070312,95.88999938964844,884.0
2026-05-07 00:00:00,95.9000015258789,96.4800033569336,95.73999786376953,96.1500015258789,2584.0
2026-05-07 01:00:00,96.18000030517578,96.44999694824219,95.37999725341797,95.43000030517578,3238.0
2026-05-07 02:00:00,95.41000366210938,95.77999877929688,94.83000183105469,95.69999694824219,2584.0
2026-05-07 03:00:00,95.69000244140625,95.94999694824219,95.3499984741211,95.7699966430664,1132.0
2026-05-07 04:00:00,95.81999969482422,95.83999633789062,95.5,95.55000305175781,770.0
2026-05-07 05:00:00,95.55000305175781,95.7699966430664,95.26000213623047,95.36000061035156,1360.0
2026-05-07 06:00:00,95.37999725341797,95.66999816894531,94.16999816894531,94.62999725341797,5409.0
2026-05-07 07:00:00,94.66000366210938,94.73999786376953,91.91999816894531,93.33000183105469,19012.0
2026-05-07 08:00:00,93.33000183105469,94.58999633789062,92.7300033569336,92.87999725341797,10166.0
2026-05-07 09:00:00,92.87999725341797,93.19999694824219,92.13999938964844,92.87000274658203,6400.0
2026-05-07 10:00:00,92.88999938964844,93.33000183105469,92.23999786376953,92.86000061035156,6649.0
2026-05-07 11:00:00,92.80999755859375,92.95999908447266,91.33000183105469,91.81999969482422,11071.0
2026-05-07 12:00:00,91.80000305175781,92.06999969482422,89.8499984741211,90.69000244140625,22800.0
2026-05-07 13:00:00,90.69999694824219,92.69000244140625,90.68000030517578,91.16000366210938,28985.0
2026-05-07 14:00:00,91.16999816894531,91.58000183105469,90.30000305175781,91.19999694824219,25184.0
2026-05-07 15:00:00,91.16999816894531,93.43000030517578,91.16000366210938,93.30999755859375,33635.0
2026-05-07 16:00:00,93.30999755859375,95.88999938964844,93.2699966430664,95.63999938964844,44516.0
2026-05-07 17:00:00,95.62999725341797,97.45999908447266,94.55999755859375,94.87999725341797,47535.0
2026-05-07 18:00:00,94.87999725341797,96.5999984741211,94.56999969482422,95.61000061035156,44173.0
2026-05-07 19:00:00,95.63999938964844,97.30000305175781,95.4800033569336,96.36000061035156,18676.0
2026-05-07 20:00:00,96.37000274658203,97.98999786376953,94.72000122070312,97.66000366210938,13986.0
2026-05-07 22:00:00,98.25,98.63999938964844,96.12000274658203,97.2699966430664,0.0
2026-05-07 23:00:00,97.25,97.26000213623047,96.69000244140625,96.9800033569336,1403.0
2026-05-08 00:00:00,96.98999786376953,97.30000305175781,96.4000015258789,96.58999633789062,2088.0
2026-05-08 01:00:00,96.58000183105469,96.58999633789062,95.5199966430664,96.02999877929688,4872.0
2026-05-08 02:00:00,96.04000091552734,96.47000122070312,95.08000183105469,95.75,3845.0
2026-05-08 03:00:00,95.69999694824219,95.80999755859375,95.36000061035156,95.69000244140625,1253.0
2026-05-08 04:00:00,95.69999694824219,96.4800033569336,95.6500015258789,95.80000305175781,2197.0
2026-05-08 05:00:00,95.7699966430664,95.91000366210938,95.30999755859375,95.41999816894531,1963.0
2026-05-08 06:00:00,95.43000030517578,95.79000091552734,94.1500015258789,95.13999938964844,6340.0
2026-05-08 07:00:00,95.12000274658203,95.91000366210938,94.77999877929688,95.26000213623047,5314.0
2026-05-08 08:00:00,95.26000213623047,95.52999877929688,94.16999816894531,94.5999984741211,7510.0
2026-05-08 09:00:00,94.5999984741211,95.38999938964844,93.81999969482422,95.1500015258789,6791.0
2026-05-08 10:00:00,95.16000366210938,95.30000305175781,94.44999694824219,94.88999938964844,6259.0
2026-05-08 11:00:00,94.93000030517578,95.26000213623047,94.20999908447266,94.97000122070312,5342.0
2026-05-08 12:00:00,94.9800033569336,95.62999725341797,94.61000061035156,95.3499984741211,9415.0
2026-05-08 13:00:00,95.3499984741211,95.4000015258789,93.91000366210938,94.30999755859375,21842.0
2026-05-08 14:00:00,94.33999633789062,95.8499984741211,94.31999969482422,95.4000015258789,21622.0
2026-05-08 15:00:00,95.41000366210938,96.12000274658203,95.0999984741211,95.80999755859375,25930.0
2026-05-08 16:00:00,95.80999755859375,96.18000030517578,95.44999694824219,96.12999725341797,16343.0
2026-05-08 17:00:00,96.12999725341797,96.16000366210938,95.30999755859375,95.48999786376953,12887.0
2026-05-08 18:00:00,95.48999786376953,95.80999755859375,94.58999633789062,95.55999755859375,32283.0
2026-05-08 19:00:00,95.55999755859375,95.6500015258789,94.69000244140625,94.91000366210938,6059.0
2026-05-08 20:00:00,94.91999816894531,95.41999816894531,94.41000366210938,95.41999816894531,3009.0
2026-05-10 22:00:00,97.97000122070312,98.41999816894531,97.6500015258789,98.29000091552734,3975.0
2026-05-10 23:00:00,98.30999755859375,98.91999816894531,98.19000244140625,98.87000274658203,2894.0
2026-05-11 00:00:00,98.86000061035156,99.91000366210938,98.5,99.25,6293.0
2026-05-11 01:00:00,99.2300033569336,99.37000274658203,98.83999633789062,98.9800033569336,5328.0
2026-05-11 02:00:00,99.0199966430664,99.87000274658203,98.87999725341797,99.80999755859375,3851.0
2026-05-11 03:00:00,99.80999755859375,100.30999755859375,99.68000030517578,99.94000244140625,3588.0
2026-05-11 04:00:00,99.94999694824219,100.37000274658203,99.94000244140625,100.30000305175781,1751.0
2026-05-11 05:00:00,100.29000091552734,100.33999633789062,99.62000274658203,99.7699966430664,2539.0
2026-05-11 06:00:00,99.7699966430664,100.12999725341797,98.9000015258789,99.02999877929688,4582.0
2026-05-11 07:00:00,99.01000213623047,99.31999969482422,98.23999786376953,98.30000305175781,5985.0
2026-05-11 08:00:00,98.27999877929688,98.44000244140625,96.91999816894531,97.58999633789062,10131.0
2026-05-11 09:00:00,97.62000274658203,98.11000061035156,97.37000274658203,98.08999633789062,4100.0
2026-05-11 10:00:00,98.08000183105469,98.11000061035156,97.27999877929688,98.0199966430664,4043.0
2026-05-11 11:00:00,98.02999877929688,98.58000183105469,97.70999908447266,98.31999969482422,3893.0
2026-05-11 12:00:00,98.31999969482422,98.69999694824219,96.58999633789062,98.08000183105469,14364.0
2026-05-11 13:00:00,98.08000183105469,98.12000274658203,96.12999725341797,96.62000274658203,24109.0
2026-05-11 14:00:00,96.63999938964844,97.95999908447266,96.55999755859375,97.69000244140625,18913.0
2026-05-11 15:00:00,97.66999816894531,98.30000305175781,97.19000244140625,97.87000274658203,19354.0
2026-05-11 16:00:00,97.87999725341797,99.83999633789062,97.8499984741211,99.26000213623047,20102.0
2026-05-11 17:00:00,99.26000213623047,99.26000213623047,98.11000061035156,98.33999633789062,13709.0
2026-05-11 18:00:00,98.36000061035156,98.9000015258789,97.81999969482422,98.12999725341797,32161.0
2026-05-11 19:00:00,98.12000274658203,98.5,97.83999633789062,98.33000183105469,5195.0
2026-05-11 20:00:00,98.30999755859375,98.9800033569336,98.16999816894531,98.25,5282.0
2026-05-11 22:00:00,98.38999938964844,98.44999694824219,98.0199966430664,98.23999786376953,0.0
2026-05-11 23:00:00,98.23999786376953,98.27999877929688,98.0,98.11000061035156,473.0
2026-05-12 00:00:00,98.12000274658203,98.79000091552734,98.0999984741211,98.7300033569336,2877.0
2026-05-12 01:00:00,98.70999908447266,99.13999938964844,98.36000061035156,99.04000091552734,2344.0
2026-05-12 02:00:00,99.05000305175781,99.27999877929688,98.93000030517578,98.97000122070312,1913.0
2026-05-12 03:00:00,99.0,99.20999908447266,98.83000183105469,99.18000030517578,1353.0
2026-05-12 04:00:00,99.13999938964844,99.16999816894531,98.66999816894531,99.0199966430664,1147.0
2026-05-12 05:00:00,99.04000091552734,99.5199966430664,98.81999969482422,99.19999694824219,1665.0
2026-05-12 06:00:00,99.22000122070312,100.70999908447266,99.19000244140625,100.5199966430664,7512.0
2026-05-12 07:00:00,100.54000091552734,100.70999908447266,100.25,100.66999816894531,4820.0
2026-05-12 08:00:00,100.66000366210938,101.47000122070312,100.5999984741211,100.9000015258789,7097.0
2026-05-12 09:00:00,100.91999816894531,101.76000213623047,100.86000061035156,101.08999633789062,6451.0
2026-05-12 10:00:00,101.08000183105469,101.97000122070312,100.81999969482422,101.66999816894531,5754.0
2026-05-12 11:00:00,101.66000366210938,102.05000305175781,101.1500015258789,101.2699966430664,6163.0
2026-05-12 12:00:00,101.27999877929688,101.76000213623047,100.5999984741211,100.7699966430664,12298.0
2026-05-12 13:00:00,100.76000213623047,102.12999725341797,100.66999816894531,101.7699966430664,17296.0
2026-05-12 14:00:00,101.7699966430664,102.18000030517578,101.37999725341797,101.94000244140625,17094.0
2026-05-12 15:00:00,101.94000244140625,102.23999786376953,101.16000366210938,101.5,19521.0
2026-05-12 16:00:00,101.4800033569336,101.97000122070312,101.22000122070312,101.63999938964844,13621.0
2026-05-12 17:00:00,101.62999725341797,101.72000122070312,101.2300033569336,101.69000244140625,14649.0
2026-05-12 18:00:00,101.69000244140625,102.72000122070312,101.52999877929688,102.54000091552734,38101.0
2026-05-12 19:00:00,102.55000305175781,102.55999755859375,102.20999908447266,102.37999725341797,5963.0
2026-05-12 20:00:00,102.37000274658203,102.47000122070312,101.91000366210938,102.05000305175781,3239.0
2026-05-12 22:00:00,102.16000366210938,102.2699966430664,101.69999694824219,101.93000030517578,0.0
2026-05-12 23:00:00,101.93000030517578,102.12999725341797,101.91999816894531,102.06999969482422,528.0
2026-05-13 00:00:00,102.05999755859375,102.08000183105469,100.93000030517578,101.45999908447266,4250.0
2026-05-13 01:00:00,101.47000122070312,101.62999725341797,101.26000213623047,101.58000183105469,1146.0
2026-05-13 02:00:00,101.5999984741211,101.75,100.7699966430664,101.06999969482422,1777.0
2026-05-13 03:00:00,101.05999755859375,101.19999694824219,100.83999633789062,101.08000183105469,1221.0
2026-05-13 04:00:00,101.05000305175781,101.05000305175781,100.58000183105469,100.75,1047.0
2026-05-13 05:00:00,100.73999786376953,100.9000015258789,100.55999755859375,100.66999816894531,1087.0
2026-05-13 06:00:00,100.66000366210938,101.12000274658203,100.56999969482422,100.9800033569336,2409.0
2026-05-13 07:00:00,100.9800033569336,101.3499984741211,100.6500015258789,101.2300033569336,3504.0
2026-05-13 08:00:00,101.2300033569336,101.80999755859375,101.05000305175781,101.56999969482422,4708.0
2026-05-13 09:00:00,101.55999755859375,101.9800033569336,101.19000244140625,101.30000305175781,3182.0
2026-05-13 10:00:00,101.33000183105469,102.38999938964844,101.31999969482422,102.30000305175781,5040.0
2026-05-13 11:00:00,102.30999755859375,102.36000061035156,101.66999816894531,101.8499984741211,4878.0
2026-05-13 12:00:00,101.86000061035156,102.75,101.76000213623047,102.33000183105469,9866.0
2026-05-13 13:00:00,102.33000183105469,102.88999938964844,102.02999877929688,102.87000274658203,21914.0
2026-05-13 14:00:00,102.87000274658203,103.66999816894531,102.69000244140625,103.13999938964844,25779.0
2026-05-13 15:00:00,103.13999938964844,103.23999786376953,102.0199966430664,102.22000122070312,17586.0
2026-05-13 16:00:00,102.2300033569336,102.37000274658203,100.8499984741211,102.0999984741211,22719.0
2026-05-13 17:00:00,102.08000183105469,102.18000030517578,101.22000122070312,101.33000183105469,12642.0
2026-05-13 18:00:00,101.31999969482422,101.4000015258789,100.69000244140625,101.01000213623047,25552.0
2026-05-13 19:00:00,101.02999877929688,101.41000366210938,100.94999694824219,101.36000061035156,3254.0
2026-05-13 20:00:00,101.37000274658203,101.58000183105469,100.69999694824219,101.0,3360.0
2026-05-13 22:00:00,101.0199966430664,101.26000213623047,100.72000122070312,100.87000274658203,0.0
2026-05-13 23:00:00,100.83999633789062,101.06999969482422,100.80000305175781,101.0199966430664,414.0
2026-05-14 00:00:00,101.05000305175781,101.29000091552734,100.88999938964844,101.1500015258789,1045.0
2026-05-14 01:00:00,101.13999938964844,101.41000366210938,100.7300033569336,101.08000183105469,1868.0
2026-05-14 02:00:00,101.05000305175781,101.5199966430664,100.93000030517578,101.48999786376953,1198.0
2026-05-14 03:00:00,101.45999908447266,101.73999786376953,101.16000366210938,101.3499984741211,1721.0
2026-05-14 04:00:00,101.37999725341797,101.58000183105469,101.36000061035156,101.45999908447266,800.0
2026-05-14 05:00:00,101.4800033569336,101.81999969482422,101.36000061035156,101.45999908447266,1597.0
2026-05-14 06:00:00,101.44999694824219,101.45999908447266,99.5999984741211,101.05999755859375,6888.0
2026-05-14 07:00:00,101.06999969482422,102.0999984741211,100.91999816894531,101.94000244140625,4746.0
2026-05-14 08:00:00,101.94999694824219,102.3499984741211,101.0,101.33999633789062,7498.0
2026-05-14 09:00:00,101.30999755859375,102.0999984741211,100.80999755859375,101.06999969482422,4994.0
2026-05-14 10:00:00,101.08000183105469,101.72000122070312,100.11000061035156,101.06999969482422,8970.0
2026-05-14 11:00:00,101.11000061035156,101.30999755859375,100.04000091552734,100.2699966430664,6655.0
2026-05-14 12:00:00,100.27999877929688,100.94000244140625,99.38999938964844,100.36000061035156,10807.0
2026-05-14 13:00:00,100.37999725341797,101.0999984741211,100.16999816894531,100.88999938964844,20502.0
2026-05-14 14:00:00,100.91000366210938,101.76000213623047,100.33000183105469,100.58999633789062,12659.0
2026-05-14 15:00:00,100.58999633789062,101.08000183105469,100.38999938964844,100.97000122070312,10294.0
2026-05-14 16:00:00,100.9800033569336,101.18000030517578,100.25,101.05999755859375,10961.0
2026-05-14 17:00:00,101.06999969482422,102.06999969482422,100.91000366210938,101.73999786376953,12131.0
2026-05-14 18:00:00,101.7300033569336,102.0,101.06999969482422,101.43000030517578,20025.0
2026-05-14 19:00:00,101.43000030517578,102.01000213623047,101.3499984741211,102.0,3493.0
2026-05-14 20:00:00,102.01000213623047,102.18000030517578,101.81999969482422,102.0199966430664,2780.0
2026-05-14 22:00:00,102.05999755859375,102.06999969482422,101.4800033569336,101.95999908447266,0.0
2026-05-14 23:00:00,101.93000030517578,102.02999877929688,101.69999694824219,101.93000030517578,330.0
2026-05-15 00:00:00,101.94000244140625,102.0199966430664,101.58000183105469,101.83999633789062,570.0
2026-05-15 01:00:00,101.80000305175781,102.9000015258789,101.68000030517578,102.37999725341797,1090.0
2026-05-15 02:00:00,102.43000030517578,102.91999816894531,102.02999877929688,102.62999725341797,811.0
2026-05-15 03:00:00,102.66999816894531,102.69000244140625,102.3499984741211,102.37000274658203,272.0
2026-05-15 04:00:00,102.38999938964844,102.58999633789062,102.37000274658203,102.37999725341797,937.0
2026-05-15 05:00:00,102.41999816894531,103.79000091552734,102.41999816894531,103.33999633789062,1497.0
2026-05-15 06:00:00,103.33999633789062,103.5999984741211,103.06999969482422,103.19999694824219,625.0
2026-05-15 07:00:00,103.22000122070312,103.47000122070312,98.58000183105469,99.20999908447266,14540.0
2026-05-15 08:00:00,99.20999908447266,100.76000213623047,99.05999755859375,100.41000366210938,11381.0
2026-05-15 09:00:00,100.41999816894531,100.94000244140625,100.06999969482422,100.80999755859375,7334.0
2026-05-15 10:00:00,100.80000305175781,100.83999633789062,98.6500015258789,99.05999755859375,14269.0
2026-05-15 11:00:00,99.05999755859375,100.16000366210938,98.87999725341797,100.04000091552734,7036.0
2026-05-15 12:00:00,100.05000305175781,100.18000030517578,99.51000213623047,99.83999633789062,10794.0
2026-05-15 13:00:00,99.83000183105469,99.9000015258789,99.18000030517578,99.88999938964844,15290.0
2026-05-15 14:00:00,99.88999938964844,100.55999755859375,99.20999908447266,100.27999877929688,18243.0
2026-05-15 15:00:00,100.29000091552734,101.19000244140625,99.91000366210938,100.93000030517578,19255.0
2026-05-15 16:00:00,100.91999816894531,101.2300033569336,100.56999969482422,100.7300033569336,14409.0
2026-05-15 17:00:00,100.7300033569336,100.9000015258789,100.30999755859375,100.66999816894531,12190.0
2026-05-15 18:00:00,100.66000366210938,101.38999938964844,100.62000274658203,100.9800033569336,20879.0
2026-05-15 19:00:00,100.9800033569336,101.37999725341797,100.9000015258789,101.20999908447266,6070.0
2026-05-15 20:00:00,101.23999786376953,101.56999969482422,100.9800033569336,101.0199966430664,4169.0
2026-05-15 21:00:00,101.0199966430664,101.0199966430664,101.0199966430664,101.0199966430664,0.0
2026-05-17 22:00:00,102.02999877929688,102.55999755859375,102.0,102.25,4749.0
2026-05-17 23:00:00,102.26000213623047,102.69999694824219,102.25,102.4800033569336,1662.0
2026-05-18 00:00:00,102.44999694824219,103.2300033569336,102.0,102.9800033569336,4370.0
2026-05-18 01:00:00,102.97000122070312,104.37000274658203,102.6500015258789,103.31999969482422,8399.0
2026-05-18 02:00:00,103.33000183105469,103.7300033569336,103.13999938964844,103.2699966430664,2303.0
2026-05-18 03:00:00,103.26000213623047,103.4000015258789,103.08000183105469,103.19000244140625,1182.0
2026-05-18 04:00:00,103.19000244140625,103.33999633789062,103.0,103.16999816894531,1598.0
2026-05-18 05:00:00,103.1500015258789,103.30999755859375,102.55999755859375,102.87999725341797,2079.0
2026-05-18 06:00:00,102.87999725341797,103.44999694824219,101.0199966430664,102.87000274658203,3584.0
2026-05-18 07:00:00,102.83999633789062,102.93000030517578,101.5999984741211,102.18000030517578,9620.0
2026-05-18 08:00:00,102.18000030517578,102.43000030517578,101.62999725341797,101.80999755859375,6752.0
2026-05-18 09:00:00,101.80000305175781,102.55999755859375,101.69999694824219,102.20999908447266,5310.0
2026-05-18 10:00:00,102.19999694824219,102.5199966430664,102.05999755859375,102.43000030517578,3538.0
2026-05-18 11:00:00,102.45999908447266,103.26000213623047,100.16000366210938,100.88999938964844,22983.0
2026-05-18 12:00:00,100.91000366210938,101.61000061035156,98.5999984741211,99.04000091552734,29387.0
2026-05-18 13:00:00,99.06999969482422,100.23999786376953,98.94999694824219,99.58999633789062,34424.0
2026-05-18 14:00:00,99.58000183105469,102.37000274658203,99.55000305175781,102.22000122070312,35223.0
2026-05-18 15:00:00,102.20999908447266,103.12999725341797,102.02999877929688,102.8499984741211,31160.0
2026-05-18 16:00:00,102.83999633789062,103.63999938964844,102.70999908447266,102.91000366210938,22530.0
2026-05-18 17:00:00,102.91000366210938,103.12000274658203,102.19000244140625,103.02999877929688,17813.0
2026-05-18 18:00:00,103.0199966430664,105.20999908447266,103.01000213623047,104.6500015258789,42612.0
2026-05-18 19:00:00,104.66000366210938,104.80000305175781,101.41000366210938,101.95999908447266,23956.0
2026-05-18 20:00:00,101.95999908447266,102.5999984741211,101.0999984741211,102.44999694824219,8023.0
2026-05-18 21:00:00,102.48999786376953,102.48999786376953,102.48999786376953,102.48999786376953,2.0
2026-05-18 22:00:00,102.58000183105469,102.73999786376953,102.12000274658203,102.44999694824219,0.0
2026-05-18 23:00:00,102.44999694824219,102.5199966430664,102.26000213623047,102.30000305175781,577.0
2026-05-19 00:00:00,102.30000305175781,102.75,102.22000122070312,102.51000213623047,2216.0
2026-05-19 01:00:00,102.47000122070312,103.0,102.23999786376953,102.52999877929688,3220.0
2026-05-19 02:00:00,102.5,103.0999984741211,102.41999816894531,102.91000366210938,1382.0
2026-05-19 03:00:00,102.93000030517578,103.12999725341797,102.66999816894531,102.87000274658203,1080.0
2026-05-19 04:00:00,102.83999633789062,102.91999816894531,102.58999633789062,102.6500015258789,750.0
2026-05-19 05:00:00,102.63999938964844,103.44999694824219,102.58000183105469,103.16000366210938,2011.0
2026-05-19 06:00:00,103.16000366210938,103.8499984741211,102.73999786376953,103.72000122070312,7185.0
2026-05-19 07:00:00,103.70999908447266,104.0,103.0199966430664,103.1500015258789,5066.0
2026-05-19 08:00:00,103.16999816894531,103.86000061035156,103.02999877929688,103.23999786376953,5087.0
2026-05-19 09:00:00,103.25,103.58000183105469,102.55999755859375,102.79000091552734,4176.0
2026-05-19 10:00:00,102.79000091552734,104.18000030517578,102.7300033569336,103.41999816894531,8906.0
2026-05-19 11:00:00,103.44999694824219,104.0999984741211,103.41000366210938,103.97000122070312,4769.0
2026-05-19 12:00:00,103.9800033569336,104.01000213623047,103.2300033569336,103.51000213623047,7126.0
2026-05-19 13:00:00,103.5,104.70999908447266,103.13999938964844,103.45999908447266,25943.0
2026-05-19 14:00:00,103.4800033569336,103.79000091552734,102.61000061035156,103.48999786376953,23460.0
2026-05-19 15:00:00,103.4800033569336,103.91000366210938,102.95999908447266,103.83000183105469,17202.0
2026-05-19 16:00:00,103.81999969482422,104.1500015258789,103.51000213623047,103.70999908447266,12803.0
2026-05-19 17:00:00,103.70999908447266,104.08999633789062,103.2699966430664,103.44000244140625,14576.0
2026-05-19 18:00:00,103.43000030517578,104.86000061035156,103.08999633789062,104.6500015258789,31291.0
2026-05-19 19:00:00,104.66000366210938,104.66000366210938,104.12000274658203,104.4800033569336,4620.0
2026-05-19 20:00:00,104.48999786376953,104.58999633789062,103.94999694824219,104.02999877929688,3001.0
2026-05-19 22:00:00,104.12000274658203,104.36000061035156,104.02999877929688,104.20999908447266,0.0
2026-05-19 23:00:00,104.20999908447266,104.29000091552734,103.76000213623047,103.91999816894531,1157.0
2026-05-20 00:00:00,103.91999816894531,104.0199966430664,103.70999908447266,103.87000274658203,1587.0
2026-05-20 01:00:00,103.8499984741211,104.44999694824219,103.12000274658203,103.61000061035156,4500.0
2026-05-20 02:00:00,103.58000183105469,104.44999694824219,103.41000366210938,104.19999694824219,2685.0
2026-05-20 03:00:00,104.19999694824219,104.33000183105469,103.56999969482422,103.66000366210938,1834.0
2026-05-20 04:00:00,103.68000030517578,103.97000122070312,103.31999969482422,103.9000015258789,1507.0
2026-05-20 05:00:00,103.87999725341797,103.94000244140625,103.56999969482422,103.83999633789062,1235.0
2026-05-20 06:00:00,103.86000061035156,104.01000213623047,102.6500015258789,102.79000091552734,5321.0
2026-05-20 07:00:00,102.75,103.16999816894531,102.5,103.04000091552734,4457.0
2026-05-20 08:00:00,103.05000305175781,103.12000274658203,101.81999969482422,102.05999755859375,8784.0
2026-05-20 09:00:00,102.08999633789062,102.72000122070312,101.63999938964844,102.3499984741211,5759.0
2026-05-20 10:00:00,102.33999633789062,102.51000213623047,100.87000274658203,101.4800033569336,11000.0
2026-05-20 11:00:00,101.4800033569336,102.7699966430664,101.41999816894531,102.5199966430664,9970.0
2026-05-20 12:00:00,102.52999877929688,102.6500015258789,100.75,101.66000366210938,17174.0
2026-05-20 13:00:00,101.68000030517578,102.33000183105469,101.29000091552734,102.2699966430664,23098.0
2026-05-20 14:00:00,102.26000213623047,102.80000305175781,99.44999694824219,100.48999786376953,53535.0
2026-05-20 15:00:00,100.5,100.66999816894531,97.0,99.26000213623047,50392.0
2026-05-20 16:00:00,99.2300033569336,99.63999938964844,97.5999984741211,97.88999938964844,24924.0
2026-05-20 17:00:00,97.83999633789062,98.3499984741211,96.94000244140625,98.31999969482422,28921.0
2026-05-20 18:00:00,98.30000305175781,98.70999908447266,97.76000213623047,97.94999694824219,27219.0
2026-05-20 19:00:00,97.94000244140625,98.58000183105469,97.7699966430664,98.52999877929688,7400.0
2026-05-20 20:00:00,98.5199966430664,99.11000061035156,98.33000183105469,99.08000183105469,4262.0
2026-05-20 22:00:00,98.94999694824219,99.22000122070312,98.75,98.98999786376953,0.0
2026-05-20 23:00:00,98.95999908447266,99.20999908447266,98.75,98.87999725341797,1080.0
2026-05-21 00:00:00,98.87000274658203,100.11000061035156,98.79000091552734,99.12000274658203,4235.0
2026-05-21 01:00:00,99.12000274658203,99.16000366210938,98.5,98.5999984741211,3963.0
2026-05-21 02:00:00,98.58999633789062,99.25,98.5199966430664,99.1500015258789,1573.0
2026-05-21 03:00:00,99.16000366210938,99.2699966430664,98.94000244140625,99.12000274658203,984.0
2026-05-21 04:00:00,99.0999984741211,99.29000091552734,98.79000091552734,98.83999633789062,818.0
2026-05-21 05:00:00,98.83999633789062,100.05999755859375,98.81999969482422,99.41999816894531,2585.0
2026-05-21 06:00:00,99.44999694824219,99.8499984741211,98.80000305175781,99.55000305175781,5225.0
2026-05-21 07:00:00,99.58000183105469,99.93000030517578,99.23999786376953,99.27999877929688,2912.0
2026-05-21 08:00:00,99.27999877929688,99.58000183105469,98.04000091552734,98.47000122070312,9046.0
2026-05-21 09:00:00,98.5,98.5,97.25,97.58999633789062,7656.0
2026-05-21 10:00:00,97.5999984741211,101.33999633789062,97.4800033569336,101.05999755859375,22736.0
2026-05-21 11:00:00,101.08000183105469,101.08000183105469,100.1500015258789,100.58999633789062,11598.0
2026-05-21 12:00:00,100.56999969482422,101.29000091552734,100.44000244140625,101.08999633789062,15814.0
2026-05-21 13:00:00,101.08999633789062,102.66000366210938,100.29000091552734,100.52999877929688,36916.0
2026-05-21 14:00:00,100.52999877929688,101.55999755859375,100.2699966430664,101.3499984741211,24968.0
2026-05-21 15:00:00,101.36000061035156,102.13999938964844,100.72000122070312,100.7300033569336,20956.0
2026-05-21 16:00:00,100.72000122070312,100.77999877929688,99.79000091552734,100.01000213623047,18074.0
2026-05-21 17:00:00,100.0,100.43000030517578,95.76000213623047,96.33000183105469,59748.0
2026-05-21 18:00:00,96.33999633789062,98.30000305175781,96.0,98.01000213623047,53705.0
2026-05-21 19:00:00,98.01000213623047,98.20999908447266,97.05999755859375,97.31999969482422,17902.0
2026-05-21 20:00:00,97.3499984741211,98.18000030517578,97.20999908447266,98.0,4139.0
2026-05-21 22:00:00,98.0,98.0,97.29000091552734,97.7300033569336,0.0
2026-05-21 23:00:00,97.7300033569336,97.91000366210938,97.51000213623047,97.73999786376953,1237.0
2026-05-22 00:00:00,97.73999786376953,98.1500015258789,97.5999984741211,97.93000030517578,2691.0
2026-05-22 01:00:00,97.91999816894531,98.3499984741211,97.62000274658203,97.69000244140625,2744.0
2026-05-22 02:00:00,97.66000366210938,97.97000122070312,97.33000183105469,97.47000122070312,1856.0
2026-05-22 03:00:00,97.44000244140625,97.56999969482422,97.23999786376953,97.45999908447266,1385.0
2026-05-22 04:00:00,97.4800033569336,97.4800033569336,96.91999816894531,97.3499984741211,1975.0
2026-05-22 05:00:00,97.33999633789062,98.55000305175781,97.33999633789062,98.37999725341797,2293.0
2026-05-22 06:00:00,98.37999725341797,98.7300033569336,97.91999816894531,98.0,3865.0
2026-05-22 07:00:00,97.9800033569336,98.93000030517578,97.94999694824219,98.45999908447266,7580.0
2026-05-22 08:00:00,98.45999908447266,99.43000030517578,98.08999633789062,98.69999694824219,11371.0
2026-05-22 09:00:00,98.72000122070312,99.06999969482422,97.88999938964844,98.5199966430664,5274.0
2026-05-22 10:00:00,98.5,98.80000305175781,97.66000366210938,98.30999755859375,5564.0
2026-05-22 11:00:00,98.31999969482422,98.66000366210938,97.16000366210938,97.5199966430664,7288.0
2026-05-22 12:00:00,97.55000305175781,97.7699966430664,95.6500015258789,96.22000122070312,23799.0
2026-05-22 13:00:00,96.19999694824219,98.11000061035156,95.45999908447266,97.7699966430664,31546.0
2026-05-22 14:00:00,97.77999877929688,98.16999816894531,97.29000091552734,97.56999969482422,13501.0
2026-05-22 15:00:00,97.56999969482422,97.95999908447266,96.80000305175781,97.05999755859375,17070.0
2026-05-22 16:00:00,97.05999755859375,97.41000366210938,96.5199966430664,96.86000061035156,17911.0
2026-05-22 17:00:00,96.83000183105469,97.23999786376953,94.7300033569336,96.06999969482422,38718.0
2026-05-22 18:00:00,96.06999969482422,96.7699966430664,96.0,96.25,25747.0
2026-05-22 19:00:00,96.2300033569336,96.94999694824219,96.08000183105469,96.27999877929688,9304.0
2026-05-22 20:00:00,96.2300033569336,97.2699966430664,95.97000122070312,96.5999984741211,7050.0
2026-05-26 04:00:00,91.66000366210938,92.12000274658203,91.58000183105469,92.0199966430664,1878.0
2026-05-26 05:00:00,92.01000213623047,92.55000305175781,91.79000091552734,91.88999938964844,3334.0
2026-05-26 06:00:00,91.9000015258789,92.30999755859375,91.4000015258789,91.66999816894531,5243.0
2026-05-26 07:00:00,91.66000366210938,92.95999908447266,91.52999877929688,92.47000122070312,9692.0
2026-05-26 08:00:00,92.47000122070312,93.63999938964844,92.33000183105469,93.19999694824219,7890.0
2026-05-26 09:00:00,93.20999908447266,93.27999877929688,92.51000213623047,92.61000061035156,6285.0
2026-05-26 10:00:00,92.61000061035156,92.7300033569336,91.5,92.0199966430664,8388.0
2026-05-26 11:00:00,92.0199966430664,92.9000015258789,91.9800033569336,92.72000122070312,7934.0
2026-05-26 12:00:00,92.72000122070312,93.36000061035156,92.41999816894531,92.80000305175781,10623.0
2026-05-26 13:00:00,92.80999755859375,94.51000213623047,92.54000091552734,94.19999694824219,21587.0
2026-05-26 14:00:00,94.16000366210938,94.43000030517578,93.16999816894531,94.19000244140625,25592.0
2026-05-26 15:00:00,94.19000244140625,94.69999694824219,93.80999755859375,93.9000015258789,21619.0
2026-05-26 16:00:00,93.88999938964844,94.36000061035156,93.70999908447266,94.02999877929688,15476.0
2026-05-26 17:00:00,94.04000091552734,94.16000366210938,93.55999755859375,93.73999786376953,15219.0
2026-05-26 18:00:00,93.73999786376953,94.08999633789062,93.41000366210938,93.68000030517578,23242.0
2026-05-26 19:00:00,93.69000244140625,94.05999755859375,93.51000213623047,93.52999877929688,6438.0
2026-05-26 20:00:00,93.51000213623047,93.87000274658203,93.19999694824219,93.56999969482422,3704.0
2026-05-26 22:00:00,93.38999938964844,93.69000244140625,93.30000305175781,93.58000183105469,0.0
2026-05-26 23:00:00,93.56999969482422,93.62000274658203,93.0999984741211,93.30999755859375,1346.0
2026-05-27 00:00:00,93.33000183105469,93.43000030517578,92.80999755859375,92.95999908447266,2957.0
2026-05-27 01:00:00,92.97000122070312,93.22000122070312,92.55000305175781,92.8499984741211,3124.0
2026-05-27 02:00:00,92.83999633789062,92.83999633789062,92.16000366210938,92.4000015258789,2954.0
2026-05-27 03:00:00,92.37999725341797,92.38999938964844,91.87000274658203,92.12999725341797,2876.0
2026-05-27 04:00:00,92.11000061035156,92.1500015258789,91.80999755859375,91.94000244140625,1560.0
2026-05-27 05:00:00,91.94999694824219,92.22000122070312,91.7300033569336,91.8499984741211,2484.0
2026-05-27 06:00:00,91.83999633789062,92.04000091552734,91.41000366210938,91.54000091552734,5041.0
2026-05-27 07:00:00,91.54000091552734,91.6500015258789,90.8499984741211,91.12000274658203,8355.0
2026-05-27 08:00:00,91.0999984741211,91.26000213623047,89.69000244140625,90.16999816894531,11233.0
2026-05-27 09:00:00,90.16000366210938,90.52999877929688,89.63999938964844,89.87000274658203,9450.0
2026-05-27 10:00:00,89.86000061035156,90.51000213623047,89.83000183105469,90.20999908447266,6040.0
2026-05-27 11:00:00,90.19999694824219,90.8499984741211,89.95999908447266,90.54000091552734,11234.0
2026-05-27 12:00:00,90.55000305175781,90.7699966430664,87.7699966430664,88.83999633789062,39981.0
2026-05-27 13:00:00,88.8499984741211,90.0199966430664,88.76000213623047,89.80000305175781,25417.0
2026-05-27 14:00:00,89.79000091552734,91.01000213623047,89.45999908447266,90.80999755859375,30858.0
2026-05-27 15:00:00,90.81999969482422,91.19000244140625,89.93000030517578,90.01000213623047,28734.0
2026-05-27 16:00:00,90.0199966430664,90.4000015258789,89.41999816894531,89.87999725341797,17566.0
2026-05-27 17:00:00,89.87999725341797,90.0999984741211,89.16000366210938,89.5199966430664,12990.0
2026-05-27 18:00:00,89.52999877929688,89.5999984741211,88.4800033569336,88.94000244140625,33582.0
2026-05-27 19:00:00,88.94000244140625,89.58000183105469,88.83000183105469,89.44000244140625,7253.0
2026-05-27 20:00:00,89.44000244140625,89.5999984741211,89.30000305175781,89.41000366210938,3413.0
2026-05-27 22:00:00,89.11000061035156,90.08000183105469,89.11000061035156,89.69999694824219,0.0
2026-05-27 23:00:00,89.75,90.4000015258789,89.61000061035156,90.19999694824219,2850.0
2026-05-28 00:00:00,90.20999908447266,90.69000244140625,90.18000030517578,90.4800033569336,4456.0
2026-05-28 01:00:00,90.45999908447266,90.4800033569336,89.97000122070312,90.18000030517578,3076.0
2026-05-28 02:00:00,90.16999816894531,90.97000122070312,89.93000030517578,90.94000244140625,3437.0
2026-05-28 03:00:00,90.94000244140625,92.20999908447266,90.86000061035156,92.0999984741211,7486.0
2026-05-28 04:00:00,92.19999694824219,92.5199966430664,91.98999786376953,92.16999816894531,3626.0
2026-05-28 05:00:00,92.13999938964844,92.2300033569336,91.41000366210938,91.58000183105469,3731.0
2026-05-28 06:00:00,91.56999969482422,91.62000274658203,90.75,91.1500015258789,4193.0
2026-05-28 07:00:00,91.1500015258789,91.41999816894531,90.80999755859375,90.93000030517578,5199.0
2026-05-28 08:00:00,90.93000030517578,91.02999877929688,90.4800033569336,90.55999755859375,6134.0
2026-05-28 09:00:00,90.55999755859375,90.77999877929688,89.87000274658203,90.25,5269.0
2026-05-28 10:00:00,90.26000213623047,91.37000274658203,90.0,91.01000213623047,7183.0
2026-05-28 11:00:00,91.0,91.56999969482422,90.73999786376953,91.30000305175781,7356.0
2026-05-28 12:00:00,91.30999755859375,91.44999694824219,90.4000015258789,90.54000091552734,11145.0
2026-05-28 13:00:00,90.54000091552734,91.3499984741211,90.30000305175781,90.83000183105469,14846.0
2026-05-28 14:00:00,90.83000183105469,91.13999938964844,87.11000061035156,89.48999786376953,33848.0
2026-05-28 15:00:00,89.51000213623047,90.16000366210938,88.9800033569336,89.77999877929688,18831.0
2026-05-28 16:00:00,89.7699966430664,90.25,88.0199966430664,88.23999786376953,20891.0
2026-05-28 17:00:00,88.26000213623047,89.16000366210938,88.19999694824219,88.8499984741211,16004.0
2026-05-28 18:00:00,88.86000061035156,89.54000091552734,88.58999633789062,89.25,22423.0
2026-05-28 19:00:00,89.23999786376953,89.48999786376953,89.01000213623047,89.4800033569336,4569.0
2026-05-28 20:00:00,89.47000122070312,89.63999938964844,88.52999877929688,88.52999877929688,5580.0
2026-05-28 22:00:00,88.55000305175781,88.91999816894531,88.26000213623047,88.51000213623047,0.0
2026-05-28 23:00:00,88.54000091552734,88.66999816894531,88.19999694824219,88.52999877929688,1249.0
2026-05-29 00:00:00,88.52999877929688,88.52999877929688,87.62999725341797,88.36000061035156,3208.0
2026-05-29 01:00:00,88.3499984741211,88.44000244140625,87.66999816894531,87.88999938964844,2760.0
2026-05-29 02:00:00,87.9000015258789,88.05000305175781,87.56999969482422,87.7699966430664,2415.0
2026-05-29 03:00:00,87.80999755859375,88.29000091552734,87.37000274658203,88.16999816894531,2677.0
2026-05-29 04:00:00,88.18000030517578,88.25,87.47000122070312,87.70999908447266,3402.0
2026-05-29 05:00:00,87.72000122070312,88.12999725341797,87.66999816894531,88.0199966430664,1661.0
2026-05-29 06:00:00,88.01000213623047,88.04000091552734,87.16999816894531,87.4800033569336,3401.0
2026-05-29 07:00:00,87.4800033569336,89.01000213623047,87.33999633789062,88.72000122070312,5718.0
2026-05-29 08:00:00,88.72000122070312,89.0199966430664,88.5199966430664,88.68000030517578,4048.0
2026-05-29 09:00:00,88.69000244140625,88.72000122070312,86.86000061035156,87.5,12909.0
2026-05-29 10:00:00,87.5,87.81999969482422,86.70999908447266,87.3499984741211,4718.0
2026-05-29 11:00:00,87.33999633789062,88.30999755859375,87.16000366210938,87.61000061035156,6882.0
2026-05-29 12:00:00,87.62000274658203,88.16000366210938,87.20999908447266,87.33000183105469,10316.0
2026-05-29 13:00:00,87.31999969482422,87.87000274658203,86.7300033569336,87.69000244140625,19779.0
2026-05-29 14:00:00,87.68000030517578,88.94999694824219,87.45999908447266,87.95999908447266,33109.0
2026-05-29 15:00:00,87.97000122070312,88.01000213623047,86.3499984741211,87.5999984741211,37331.0
2026-05-29 16:00:00,87.5999984741211,87.97000122070312,86.43000030517578,86.58000183105469,22372.0
2026-05-29 17:00:00,86.58999633789062,87.31999969482422,86.55999755859375,87.19000244140625,20555.0
2026-05-29 18:00:00,87.18000030517578,88.0,87.0,87.63999938964844,32984.0
2026-05-29 19:00:00,87.66000366210938,88.16999816894531,87.5,88.08000183105469,6182.0
2026-05-29 20:00:00,88.08000183105469,88.13999938964844,87.36000061035156,87.36000061035156,3810.0
2026-05-31 22:00:00,89.93000030517578,89.95999908447266,89.33999633789062,89.58999633789062,3378.0
2026-05-31 23:00:00,89.5999984741211,89.6500015258789,89.11000061035156,89.41999816894531,2239.0
2026-06-01 00:00:00,89.43000030517578,89.94999694824219,89.25,89.33000183105469,2594.0
2026-06-01 01:00:00,89.33000183105469,90.19999694824219,89.02999877929688,89.87999725341797,3693.0
2026-06-01 02:00:00,89.88999938964844,90.0,89.51000213623047,89.61000061035156,1829.0
2026-06-01 03:00:00,89.58999633789062,90.04000091552734,89.16000366210938,89.73999786376953,3399.0
2026-06-01 04:00:00,89.7300033569336,89.94000244140625,89.26000213623047,89.6500015258789,1604.0
2026-06-01 05:00:00,89.66000366210938,90.0,89.4800033569336,89.75,1605.0
2026-06-01 06:00:00,89.7300033569336,90.76000213623047,89.70999908447266,90.16000366210938,4766.0
2026-06-01 07:00:00,90.1500015258789,90.70999908447266,90.08000183105469,90.37000274658203,4694.0
2026-06-01 08:00:00,90.38999938964844,91.26000213623047,90.20999908447266,90.81999969482422,7069.0
2026-06-01 09:00:00,90.81999969482422,91.25,90.55000305175781,90.80000305175781,3620.0
2026-06-01 10:00:00,90.77999877929688,90.93000030517578,90.47000122070312,90.63999938964844,3798.0
2026-06-01 11:00:00,90.63999938964844,90.79000091552734,90.16999816894531,90.25,4899.0
2026-06-01 12:00:00,90.25,90.47000122070312,89.2699966430664,89.66000366210938,12658.0
2026-06-01 13:00:00,89.6500015258789,94.19999694824219,89.44999694824219,94.13999938964844,54813.0
2026-06-01 14:00:00,94.16999816894531,94.70999908447266,92.91999816894531,94.5199966430664,34306.0
2026-06-01 15:00:00,94.5199966430664,94.77999877929688,92.19999694824219,93.77999877929688,34886.0
2026-06-01 16:00:00,93.7699966430664,94.44999694824219,92.73999786376953,92.81999969482422,25864.0
2026-06-01 17:00:00,92.80999755859375,93.20999908447266,90.80000305175781,91.79000091552734,36138.0
2026-06-01 18:00:00,91.77999877929688,92.6500015258789,91.43000030517578,92.5199966430664,26932.0
2026-06-01 19:00:00,92.51000213623047,92.6500015258789,92.0999984741211,92.44000244140625,6360.0
2026-06-01 20:00:00,92.45999908447266,92.55000305175781,92.08000183105469,92.47000122070312,3188.0
2026-06-01 22:00:00,92.44999694824219,92.61000061035156,92.13999938964844,92.30000305175781,0.0
2026-06-01 23:00:00,92.30999755859375,92.37000274658203,91.69000244140625,91.93000030517578,1879.0
2026-06-02 00:00:00,91.91000366210938,92.48999786376953,91.6500015258789,92.4000015258789,3056.0
2026-06-02 01:00:00,92.38999938964844,92.6500015258789,91.5,91.68000030517578,4898.0
2026-06-02 02:00:00,91.66999816894531,91.87999725341797,91.45999908447266,91.7699966430664,2148.0
2026-06-02 03:00:00,91.77999877929688,91.80999755859375,91.26000213623047,91.44999694824219,1837.0
2026-06-02 04:00:00,91.44000244140625,91.51000213623047,91.1500015258789,91.20999908447266,1201.0
2026-06-02 05:00:00,91.2300033569336,91.47000122070312,91.0,91.37000274658203,1837.0
2026-06-02 06:00:00,91.38999938964844,91.69999694824219,90.98999786376953,91.55000305175781,3160.0
2026-06-02 07:00:00,91.54000091552734,91.73999786376953,90.55999755859375,90.81999969482422,6540.0
2026-06-02 08:00:00,90.80999755859375,91.2300033569336,90.1500015258789,90.6500015258789,9077.0
2026-06-02 09:00:00,90.6500015258789,91.08000183105469,90.12000274658203,91.01000213623047,5784.0
2026-06-02 10:00:00,91.01000213623047,91.5199966430664,90.93000030517578,91.16999816894531,4921.0
2026-06-02 11:00:00,91.16000366210938,91.25,90.73999786376953,91.0199966430664,3975.0
2026-06-02 12:00:00,91.02999877929688,91.5999984741211,90.58000183105469,91.13999938964844,9806.0
2026-06-02 13:00:00,91.12999725341797,92.44999694824219,91.08999633789062,92.27999877929688,21967.0
2026-06-02 14:00:00,92.27999877929688,92.5,91.68000030517578,91.91999816894531,16712.0
2026-06-02 15:00:00,91.91000366210938,93.0999984741211,91.44000244140625,92.86000061035156,20220.0
2026-06-02 16:00:00,92.86000061035156,93.41000366210938,92.45999908447266,93.12000274658203,21198.0
2026-06-02 17:00:00,93.11000061035156,93.94999694824219,92.9000015258789,93.83999633789062,23743.0
2026-06-02 18:00:00,93.83999633789062,94.0,93.19999694824219,93.9000015258789,28834.0
2026-06-02 19:00:00,93.88999938964844,93.9000015258789,93.44999694824219,93.69000244140625,8142.0
2026-06-02 20:00:00,93.66000366210938,93.72000122070312,93.33999633789062,93.38999938964844,0.0
2026-06-02 22:00:00,93.44999694824219,94.5,93.44999694824219,94.25,3374.0
2026-06-02 23:00:00,94.26000213623047,96.08000183105469,94.12000274658203,94.61000061035156,10120.0
2026-06-03 00:00:00,94.58999633789062,94.88999938964844,94.23999786376953,94.37999725341797,3777.0
2026-06-03 01:00:00,94.41000366210938,95.0999984741211,94.19999694824219,94.8499984741211,4247.0
2026-06-03 02:00:00,94.83000183105469,94.88999938964844,94.5199966430664,94.72000122070312,1369.0
2026-06-03 03:00:00,94.73999786376953,94.80000305175781,94.52999877929688,94.72000122070312,1287.0
2026-06-03 04:00:00,94.72000122070312,95.19000244140625,94.70999908447266,94.9000015258789,1194.0
2026-06-03 05:00:00,94.91999816894531,95.58999633789062,94.79000091552734,95.55999755859375,1946.0
2026-06-03 06:00:00,95.58000183105469,95.83999633789062,95.13999938964844,95.75,4984.0
2026-06-03 07:00:00,95.7300033569336,96.0199966430664,95.5,95.87999725341797,5350.0
2026-06-03 08:00:00,95.87000274658203,96.55999755859375,95.61000061035156,96.33999633789062,9272.0
2026-06-03 09:00:00,96.36000061035156,96.9800033569336,95.88999938964844,96.87000274658203,8744.0
2026-06-03 10:00:00,96.87000274658203,97.0,95.62999725341797,95.98999786376953,13084.0
2026-06-03 11:00:00,95.9800033569336,96.05000305175781,95.52999877929688,95.70999908447266,6527.0
2026-06-03 12:00:00,95.70999908447266,96.5,95.30999755859375,96.0199966430664,12735.0
2026-06-03 13:00:00,96.01000213623047,96.1500015258789,94.44000244140625,94.4800033569336,30153.0
2026-06-03 14:00:00,94.4800033569336,95.6500015258789,94.33999633789062,95.25,25381.0
2026-06-03 15:00:00,95.23999786376953,96.30999755859375,95.05999755859375,95.9000015258789,21513.0
2026-06-03 16:00:00,95.88999938964844,96.31999969482422,95.63999938964844,95.66999816894531,20075.0
2026-06-03 17:00:00,95.66000366210938,96.4800033569336,95.25,96.23999786376953,16533.0
2026-06-03 18:00:00,96.22000122070312,96.56999969482422,95.8499984741211,96.05999755859375,23266.0
2026-06-03 19:00:00,96.05000305175781,96.2300033569336,95.66999816894531,96.22000122070312,5797.0
2026-06-03 20:00:00,96.22000122070312,96.48999786376953,96.01000213623047,96.19999694824219,6597.0
2026-06-03 22:00:00,95.75,95.91000366210938,95.0,95.23999786376953,0.0
2026-06-03 23:00:00,95.2300033569336,95.5,95.16000366210938,95.38999938964844,971.0
2026-06-04 00:00:00,95.38999938964844,95.7699966430664,95.2300033569336,95.31999969482422,2688.0
2026-06-04 01:00:00,95.31999969482422,95.5,94.83999633789062,95.01000213623047,3024.0
2026-06-04 02:00:00,94.98999786376953,95.0999984741211,94.79000091552734,94.83999633789062,1530.0
2026-06-04 03:00:00,94.83999633789062,95.5199966430664,94.76000213623047,95.11000061035156,2225.0
2026-06-04 04:00:00,95.11000061035156,95.3499984741211,95.05000305175781,95.20999908447266,1037.0
2026-06-04 05:00:00,95.19999694824219,95.5999984741211,95.16000366210938,95.18000030517578,1277.0
2026-06-04 06:00:00,95.16000366210938,95.45999908447266,94.91999816894531,95.20999908447266,2052.0
2026-06-04 07:00:00,95.20999908447266,95.62000274658203,94.9000015258789,95.41999816894531,3913.0
2026-06-04 08:00:00,95.45999908447266,95.69000244140625,94.37999725341797,94.87999725341797,9087.0
2026-06-04 09:00:00,94.87999725341797,95.05000305175781,94.05999755859375,94.51000213623047,6321.0
2026-06-04 10:00:00,94.51000213623047,95.30000305175781,94.5,94.91000366210938,5146.0
2026-06-04 11:00:00,94.88999938964844,94.93000030517578,92.33999633789062,92.44999694824219,17989.0
2026-06-04 12:00:00,92.47000122070312,93.0,91.91000366210938,92.66000366210938,21159.0
2026-06-04 13:00:00,92.68000030517578,93.1500015258789,92.12999725341797,92.36000061035156,20002.0
2026-06-04 14:00:00,92.37999725341797,93.12000274658203,92.01000213623047,93.05999755859375,16127.0
2026-06-04 15:00:00,93.05999755859375,93.26000213623047,92.62999725341797,93.0,15801.0
2026-06-04 16:00:00,93.0,93.1500015258789,92.27999877929688,92.38999938964844,12143.0
2026-06-04 17:00:00,92.4000015258789,92.61000061035156,91.94000244140625,92.33000183105469,11227.0
2026-06-04 18:00:00,92.33000183105469,93.45999908447266,91.94999694824219,93.33000183105469,32863.0
2026-06-04 19:00:00,93.33999633789062,93.36000061035156,92.9800033569336,93.16999816894531,4400.0
2026-06-04 20:00:00,93.1500015258789,93.20999908447266,92.8499984741211,92.91000366210938,2022.0
2026-06-04 22:00:00,92.81999969482422,92.94000244140625,92.5199966430664,92.9000015258789,0.0
2026-06-04 23:00:00,92.87999725341797,93.02999877929688,92.81999969482422,92.97000122070312,395.0
2026-06-05 00:00:00,92.97000122070312,93.0199966430664,92.62000274658203,92.69000244140625,1493.0
2026-06-05 01:00:00,92.68000030517578,93.19000244140625,92.5199966430664,93.13999938964844,1809.0
2026-06-05 02:00:00,93.12999725341797,93.54000091552734,93.0999984741211,93.41999816894531,2356.0
2026-06-05 03:00:00,93.4000015258789,93.4800033569336,93.0,93.13999938964844,1921.0
2026-06-05 04:00:00,93.18000030517578,93.19999694824219,92.94999694824219,93.02999877929688,916.0
2026-06-05 05:00:00,93.02999877929688,93.22000122070312,92.94000244140625,92.94000244140625,1274.0
2026-06-05 06:00:00,92.95999908447266,93.12999725341797,92.58000183105469,92.76000213623047,2742.0
2026-06-05 07:00:00,92.76000213623047,92.8499984741211,92.0199966430664,92.69000244140625,5135.0
2026-06-05 08:00:00,92.69999694824219,92.98999786376953,91.5,92.83999633789062,9813.0
2026-06-05 09:00:00,92.83999633789062,93.1500015258789,91.94000244140625,92.8499984741211,11257.0
2026-06-05 10:00:00,92.83999633789062,93.13999938964844,92.47000122070312,92.86000061035156,4578.0
2026-06-05 11:00:00,92.87000274658203,93.62999725341797,92.58999633789062,92.88999938964844,8867.0
2026-06-05 12:00:00,92.91000366210938,93.1500015258789,92.33999633789062,92.38999938964844,7915.0
2026-06-05 13:00:00,92.4000015258789,92.58999633789062,91.26000213623047,91.4800033569336,23331.0
2026-06-05 14:00:00,91.4800033569336,91.66999816894531,90.55000305175781,91.30999755859375,23443.0
2026-06-05 15:00:00,91.31999969482422,91.51000213623047,90.47000122070312,90.7699966430664,20337.0
2026-06-05 16:00:00,90.7699966430664,91.0199966430664,89.68000030517578,90.08000183105469,26242.0
2026-06-05 17:00:00,90.08000183105469,90.36000061035156,89.91999816894531,90.02999877929688,16457.0
2026-06-05 18:00:00,90.0199966430664,90.72000122070312,89.9000015258789,90.30000305175781,36300.0
2026-06-05 19:00:00,90.30999755859375,90.41999816894531,90.0,90.23999786376953,5899.0
2026-06-05 20:00:00,90.2300033569336,90.54000091552734,90.16999816894531,90.54000091552734,2686.0
2026-06-07 22:00:00,93.3499984741211,93.3499984741211,92.51000213623047,92.87000274658203,5187.0
2026-06-07 23:00:00,92.87999725341797,92.94999694824219,92.36000061035156,92.73999786376953,2126.0
2026-06-08 00:00:00,92.76000213623047,92.8499984741211,92.27999877929688,92.41000366210938,2062.0
2026-06-08 01:00:00,92.38999938964844,94.80000305175781,92.19999694824219,93.29000091552734,13612.0
2026-06-08 02:00:00,93.29000091552734,94.37000274658203,93.2300033569336,93.63999938964844,6399.0
2026-06-08 03:00:00,93.62999725341797,94.0199966430664,93.36000061035156,93.55000305175781,3143.0
2026-06-08 04:00:00,93.54000091552734,94.5999984741211,93.52999877929688,94.47000122070312,3601.0
2026-06-08 05:00:00,94.45999908447266,94.8499984741211,94.08000183105469,94.4800033569336,3567.0
2026-06-08 06:00:00,94.45999908447266,94.83999633789062,93.94999694824219,94.62000274658203,5857.0
2026-06-08 07:00:00,94.61000061035156,94.93000030517578,94.01000213623047,94.61000061035156,6792.0
2026-06-08 08:00:00,94.5999984741211,95.25,94.20999908447266,94.66000366210938,9123.0
2026-06-08 09:00:00,94.66000366210938,94.91000366210938,94.23999786376953,94.66999816894531,6668.0
2026-06-08 10:00:00,94.66999816894531,95.47000122070312,93.48999786376953,93.76000213623047,11385.0
2026-06-08 11:00:00,93.76000213623047,94.06999969482422,91.05000305175781,91.22000122070312,18673.0
2026-06-08 12:00:00,91.20999908447266,92.1500015258789,91.01000213623047,91.91000366210938,14767.0
2026-06-08 13:00:00,91.91999816894531,92.08000183105469,90.38999938964844,91.05999755859375,21025.0
2026-06-08 14:00:00,91.05000305175781,92.23999786376953,90.9800033569336,91.7699966430664,19015.0
2026-06-08 15:00:00,91.7699966430664,92.37999725341797,91.38999938964844,91.61000061035156,19546.0
2026-06-08 16:00:00,91.61000061035156,91.79000091552734,91.05000305175781,91.41000366210938,16915.0
2026-06-08 17:00:00,91.41000366210938,91.44999694824219,90.76000213623047,91.12000274658203,18656.0
2026-06-08 18:00:00,91.12000274658203,91.48999786376953,90.91000366210938,91.13999938964844,26573.0
2026-06-08 19:00:00,91.13999938964844,91.5,91.01000213623047,91.25,4690.0
2026-06-08 20:00:00,91.23999786376953,91.55999755859375,91.0999984741211,91.27999877929688,3061.0
2026-06-08 22:00:00,91.27999877929688,91.55000305175781,91.25,91.37000274658203,0.0
2026-06-08 23:00:00,91.38999938964844,91.43000030517578,91.30000305175781,91.37999725341797,1731.0
2026-06-09 00:00:00,91.33999633789062,91.47000122070312,90.70999908447266,91.02999877929688,2615.0
2026-06-09 01:00:00,91.05000305175781,91.1500015258789,90.58999633789062,90.94999694824219,1970.0
2026-06-09 02:00:00,90.93000030517578,91.0,90.4800033569336,90.62999725341797,1574.0
2026-06-09 03:00:00,90.66000366210938,90.69000244140625,89.8499984741211,90.12999725341797,3049.0
2026-06-09 04:00:00,90.13999938964844,90.37999725341797,90.01000213623047,90.2699966430664,1377.0
2026-06-09 05:00:00,90.27999877929688,90.36000061035156,89.80999755859375,90.13999938964844,1858.0
2026-06-09 06:00:00,90.13999938964844,91.30000305175781,89.5999984741211,89.93000030517578,3949.0
2026-06-09 07:00:00,89.91999816894531,90.11000061035156,89.33000183105469,89.69999694824219,6084.0
2026-06-09 08:00:00,89.69999694824219,89.91000366210938,88.80000305175781,89.25,7342.0
2026-06-09 09:00:00,89.25,89.36000061035156,88.80000305175781,89.16000366210938,5320.0
2026-06-09 10:00:00,89.1500015258789,89.45999908447266,88.69999694824219,89.01000213623047,5864.0
2026-06-09 11:00:00,88.98999786376953,89.79000091552734,88.97000122070312,89.55999755859375,6655.0
2026-06-09 12:00:00,89.55999755859375,89.66999816894531,88.83999633789062,89.04000091552734,11145.0
2026-06-09 13:00:00,89.05000305175781,89.54000091552734,87.47000122070312,87.83999633789062,32653.0
2026-06-09 14:00:00,87.83999633789062,88.22000122070312,87.37000274658203,87.77999877929688,23496.0
2026-06-09 15:00:00,87.7699966430664,87.91000366210938,86.69999694824219,86.69999694824219,21498.0
2026-06-09 16:00:00,86.69999694824219,89.48999786376953,85.94999694824219,87.87000274658203,56887.0
2026-06-09 17:00:00,87.87000274658203,88.5,87.12000274658203,88.1500015258789,27611.0
2026-06-09 18:00:00,88.1500015258789,88.62999725341797,87.94999694824219,88.05000305175781,34825.0
2026-06-09 19:00:00,88.06999969482422,88.61000061035156,87.93000030517578,88.30000305175781,7159.0
2026-06-09 20:00:00,88.30999755859375,88.77999877929688,88.2300033569336,88.69999694824219,7187.0
2026-06-09 22:00:00,89.4000015258789,89.91000366210938,88.6500015258789,89.12000274658203,0.0
2026-06-09 23:00:00,89.11000061035156,89.33999633789062,88.8499984741211,89.18000030517578,1436.0
2026-06-10 00:00:00,89.19000244140625,90.0,88.76000213623047,88.86000061035156,5069.0
2026-06-10 01:00:00,88.8499984741211,89.36000061035156,88.27999877929688,89.2699966430664,4440.0
2026-06-10 02:00:00,89.26000213623047,89.4000015258789,88.7300033569336,88.95999908447266,1970.0
2026-06-10 03:00:00,88.95999908447266,89.16000366210938,88.56999969482422,88.61000061035156,1578.0
2026-06-10 04:00:00,88.61000061035156,88.93000030517578,88.61000061035156,88.66000366210938,664.0
2026-06-10 05:00:00,88.68000030517578,88.7699966430664,87.87999725341797,88.06999969482422,2573.0
2026-06-10 06:00:00,88.06999969482422,88.29000091552734,87.61000061035156,88.26000213623047,3811.0
2026-06-10 07:00:00,88.26000213623047,88.66999816894531,87.69000244140625,88.0199966430664,4892.0
2026-06-10 08:00:00,88.0,88.8499984741211,87.38999938964844,87.68000030517578,7117.0
2026-06-10 09:00:00,87.69000244140625,88.51000213623047,87.4000015258789,87.91999816894531,4582.0
2026-06-10 10:00:00,87.9000015258789,88.47000122070312,87.75,88.02999877929688,3806.0
2026-06-10 11:00:00,88.0,90.41999816894531,87.76000213623047,90.05000305175781,26170.0
2026-06-10 12:00:00,90.04000091552734,90.0999984741211,88.70999908447266,89.08000183105469,18844.0
2026-06-10 13:00:00,89.06999969482422,89.9000015258789,88.9000015258789,89.79000091552734,14477.0
2026-06-10 14:00:00,89.77999877929688,90.37999725341797,89.4800033569336,90.26000213623047,22378.0
2026-06-10 15:00:00,90.2699966430664,91.47000122070312,89.36000061035156,90.62999725341797,35160.0
2026-06-10 16:00:00,90.62000274658203,91.27999877929688,90.52999877929688,91.05000305175781,17529.0
2026-06-10 17:00:00,91.04000091552734,91.83999633789062,90.83000183105469,90.88999938964844,23279.0
2026-06-10 18:00:00,90.9000015258789,90.91000366210938,89.80999755859375,90.19000244140625,35543.0
2026-06-10 19:00:00,90.18000030517578,90.61000061035156,90.12000274658203,90.41999816894531,5597.0
2026-06-10 20:00:00,90.4000015258789,91.87000274658203,90.2699966430664,91.8499984741211,11026.0
2026-06-10 21:00:00,91.8499984741211,91.8499984741211,91.8499984741211,91.8499984741211,4.0
2026-06-10 22:00:00,92.25,93.36000061035156,91.9000015258789,93.3499984741211,0.0
2026-06-10 23:00:00,93.3499984741211,93.63999938964844,92.44999694824219,92.47000122070312,8461.0
2026-06-11 00:00:00,92.52999877929688,92.75,91.91000366210938,92.3499984741211,5893.0
2026-06-11 01:00:00,92.36000061035156,92.37999725341797,91.19999694824219,91.6500015258789,5556.0
2026-06-11 02:00:00,91.63999938964844,91.98999786376953,91.44000244140625,91.56999969482422,1743.0
2026-06-11 03:00:00,91.55999755859375,92.11000061035156,91.54000091552734,91.80999755859375,1565.0
2026-06-11 04:00:00,91.81999969482422,91.94999694824219,91.0,91.11000061035156,2441.0
2026-06-11 05:00:00,91.0999984741211,91.19000244140625,90.33999633789062,90.5999984741211,2860.0
2026-06-11 06:00:00,90.63999938964844,90.95999908447266,90.38999938964844,90.47000122070312,2984.0
2026-06-11 07:00:00,90.47000122070312,90.55000305175781,89.36000061035156,89.83000183105469,8080.0
2026-06-11 08:00:00,89.83999633789062,89.91000366210938,88.7699966430664,89.0999984741211,7994.0
2026-06-11 09:00:00,89.11000061035156,89.80000305175781,89.06999969482422,89.30999755859375,4727.0
2026-06-11 10:00:00,89.30000305175781,89.5199966430664,88.75,88.95999908447266,5117.0
2026-06-11 11:00:00,88.95999908447266,89.37000274658203,88.62999725341797,89.04000091552734,7595.0
2026-06-11 12:00:00,89.05000305175781,91.4800033569336,88.94999694824219,90.05999755859375,31001.0
2026-06-11 13:00:00,90.05999755859375,90.66000366210938,89.05000305175781,89.33999633789062,21887.0
2026-06-11 14:00:00,89.36000061035156,90.4000015258789,89.3499984741211,90.06999969482422,15932.0
2026-06-11 15:00:00,90.08000183105469,91.20999908447266,89.97000122070312,90.83999633789062,17699.0
2026-06-11 16:00:00,90.83999633789062,91.5,90.6500015258789,90.83999633789062,15082.0
2026-06-11 17:00:00,90.8499984741211,90.91999816894531,86.54000091552734,87.38999938964844,52017.0
2026-06-11 18:00:00,87.38999938964844,88.31999969482422,87.11000061035156,87.80000305175781,36964.0
2026-06-11 19:00:00,87.77999877929688,87.8499984741211,85.80999755859375,86.52999877929688,20069.0
2026-06-11 20:00:00,86.54000091552734,86.58999633789062,85.73999786376953,86.41999816894531,6676.0
2026-06-11 22:00:00,86.63999938964844,86.63999938964844,85.12999725341797,85.94999694824219,0.0
2026-06-11 23:00:00,85.94000244140625,86.19999694824219,85.69000244140625,86.05999755859375,1670.0
2026-06-12 00:00:00,86.06999969482422,86.73999786376953,86.04000091552734,86.63999938964844,2568.0
2026-06-12 01:00:00,86.62999725341797,86.91999816894531,86.55999755859375,86.80999755859375,2855.0
2026-06-12 02:00:00,86.80000305175781,86.9000015258789,86.5,86.73999786376953,1394.0
2026-06-12 03:00:00,86.7300033569336,86.9800033569336,86.20999908447266,86.27999877929688,1877.0
2026-06-12 04:00:00,86.25,86.36000061035156,86.06999969482422,86.08000183105469,1264.0
2026-06-12 05:00:00,86.08000183105469,86.16000366210938,85.66999816894531,86.05999755859375,2187.0
2026-06-12 06:00:00,86.05999755859375,86.1500015258789,85.73999786376953,86.0999984741211,3107.0
2026-06-12 07:00:00,86.08000183105469,86.4000015258789,84.91999816894531,85.19000244140625,7920.0
2026-06-12 08:00:00,85.19999694824219,85.2300033569336,83.19999694824219,83.87000274658203,16156.0
2026-06-12 09:00:00,83.87999725341797,84.22000122070312,83.47000122070312,84.16000366210938,6328.0
2026-06-12 10:00:00,84.16000366210938,85.27999877929688,84.01000213623047,84.69999694824219,10019.0
2026-06-12 11:00:00,84.69000244140625,85.19999694824219,84.04000091552734,84.9000015258789,8105.0
2026-06-12 12:00:00,84.87999725341797,85.69999694824219,84.72000122070312,85.08999633789062,11353.0
2026-06-12 13:00:00,85.08999633789062,87.04000091552734,84.95999908447266,87.0199966430664,23844.0
2026-06-12 14:00:00,87.02999877929688,87.2300033569336,84.73999786376953,84.95999908447266,27275.0
2026-06-12 15:00:00,84.97000122070312,85.04000091552734,84.12999725341797,84.41000366210938,20088.0
2026-06-12 16:00:00,84.41999816894531,85.0,84.16999816894531,84.83999633789062,15727.0
2026-06-12 17:00:00,84.8499984741211,85.04000091552734,84.44999694824219,84.91000366210938,13070.0
2026-06-12 18:00:00,84.9000015258789,85.08999633789062,84.31999969482422,84.44999694824219,17340.0
2026-06-12 19:00:00,84.45999908447266,84.66000366210938,84.23999786376953,84.30000305175781,6386.0
2026-06-12 20:00:00,84.30000305175781,84.87999725341797,84.18000030517578,84.87999725341797,2654.0
2026-06-14 22:00:00,80.94999694824219,81.69000244140625,80.79000091552734,81.2699966430664,5105.0
2026-06-14 23:00:00,81.27999877929688,81.33999633789062,80.86000061035156,81.0,2018.0
2026-06-15 00:00:00,81.0,81.2300033569336,80.43000030517578,80.97000122070312,2859.0
2026-06-15 01:00:00,80.97000122070312,81.20999908447266,80.48999786376953,80.91000366210938,2750.0
2026-06-15 02:00:00,80.9000015258789,80.9000015258789,80.0,80.08999633789062,3301.0
2026-06-15 03:00:00,80.08999633789062,80.66000366210938,80.0,80.54000091552734,5534.0
2026-06-15 04:00:00,80.5199966430664,80.70999908447266,80.45999908447266,80.52999877929688,1222.0
2026-06-15 05:00:00,80.55000305175781,81.02999877929688,80.5,80.79000091552734,3325.0
2026-06-15 06:00:00,80.79000091552734,81.12000274658203,80.44000244140625,80.5,4713.0
2026-06-15 07:00:00,80.51000213623047,80.68000030517578,79.69999694824219,80.48999786376953,10730.0
2026-06-15 08:00:00,80.51000213623047,80.86000061035156,80.16000366210938,80.41999816894531,7822.0
2026-06-15 09:00:00,80.4000015258789,80.5,79.95999908447266,80.25,8088.0
2026-06-15 10:00:00,80.25,80.69000244140625,80.05000305175781,80.58999633789062,5025.0
2026-06-15 11:00:00,80.58999633789062,80.61000061035156,80.05999755859375,80.41999816894531,5115.0
2026-06-15 12:00:00,80.41000366210938,80.61000061035156,79.97000122070312,80.33999633789062,9360.0
2026-06-15 13:00:00,80.33999633789062,80.66999816894531,80.20999908447266,80.23999786376953,15081.0
2026-06-15 14:00:00,80.2300033569336,80.5,79.80000305175781,80.47000122070312,17989.0
2026-06-15 15:00:00,80.4800033569336,80.87000274658203,80.1500015258789,80.2699966430664,13995.0
2026-06-15 16:00:00,80.25,80.51000213623047,80.0199966430664,80.51000213623047,10071.0
2026-06-15 17:00:00,80.51000213623047,80.73999786376953,80.27999877929688,80.58000183105469,13859.0
2026-06-15 18:00:00,80.58999633789062,81.04000091552734,80.36000061035156,80.87999725341797,19647.0
2026-06-15 19:00:00,80.87999725341797,81.47000122070312,80.87000274658203,81.31999969482422,7027.0
2026-06-15 20:00:00,81.30999755859375,81.61000061035156,81.11000061035156,81.16000366210938,2764.0
2026-06-15 22:00:00,81.0999984741211,81.48999786376953,80.91999816894531,81.4000015258789,0.0
2026-06-15 23:00:00,81.4000015258789,81.58000183105469,81.30000305175781,81.52999877929688,300.0
2026-06-16 00:00:00,81.51000213623047,81.5199966430664,81.19999694824219,81.30999755859375,1038.0
2026-06-16 01:00:00,81.31999969482422,81.37999725341797,80.83999633789062,80.91999816894531,1733.0
2026-06-16 02:00:00,80.9000015258789,81.0,80.56999969482422,80.72000122070312,1726.0
2026-06-16 03:00:00,80.69999694824219,80.7300033569336,80.56999969482422,80.69000244140625,824.0
2026-06-16 04:00:00,80.66999816894531,80.81999969482422,80.56999969482422,80.58000183105469,680.0
2026-06-16 05:00:00,80.5999984741211,80.62999725341797,80.27999877929688,80.4800033569336,1388.0
2026-06-16 06:00:00,80.47000122070312,80.80000305175781,80.37999725341797,80.55000305175781,1509.0
2026-06-16 07:00:00,80.55000305175781,80.55999755859375,78.08999633789062,78.1500015258789,12437.0
2026-06-16 08:00:00,78.13999938964844,78.33999633789062,77.25,77.4800033569336,11554.0
2026-06-16 09:00:00,77.4800033569336,78.06999969482422,77.4800033569336,77.7699966430664,4713.0
2026-06-16 10:00:00,77.75,77.79000091552734,77.13999938964844,77.30000305175781,5226.0
2026-06-16 11:00:00,77.29000091552734,77.43000030517578,77.05999755859375,77.27999877929688,7478.0
2026-06-16 12:00:00,77.27999877929688,77.30000305175781,76.02999877929688,76.41999816894531,26156.0
2026-06-16 13:00:00,76.43000030517578,77.1500015258789,76.33999633789062,76.86000061035156,21087.0
2026-06-16 14:00:00,76.87000274658203,76.95999908447266,76.05999755859375,76.29000091552734,23090.0
2026-06-16 15:00:00,76.30000305175781,76.48999786376953,74.87000274658203,75.20999908447266,28359.0
2026-06-16 16:00:00,75.20999908447266,75.38999938964844,74.73999786376953,74.9800033569336,18497.0
2026-06-16 17:00:00,74.98999786376953,75.36000061035156,74.80999755859375,75.06999969482422,17555.0
2026-06-16 18:00:00,75.08999633789062,75.69000244140625,74.94999694824219,75.6500015258789,19699.0
2026-06-16 19:00:00,75.66000366210938,76.4000015258789,75.61000061035156,76.12000274658203,12379.0
2026-06-16 20:00:00,76.13999938964844,76.16999816894531,75.7300033569336,75.83000183105469,5427.0
2026-06-16 22:00:00,75.72000122070312,76.05999755859375,75.51000213623047,75.93000030517578,0.0
2026-06-16 23:00:00,75.93000030517578,75.9800033569336,75.72000122070312,75.86000061035156,669.0
2026-06-17 00:00:00,75.87999725341797,75.9000015258789,75.66000366210938,75.86000061035156,1605.0
2026-06-17 01:00:00,75.8499984741211,75.9000015258789,75.33000183105469,75.43000030517578,2976.0
2026-06-17 02:00:00,75.44000244140625,75.52999877929688,75.27999877929688,75.3499984741211,1591.0
2026-06-17 03:00:00,75.3499984741211,75.37000274658203,74.72000122070312,74.80000305175781,4107.0
2026-06-17 04:00:00,74.80999755859375,75.16000366210938,74.77999877929688,74.88999938964844,2117.0
2026-06-17 05:00:00,74.87999725341797,75.66000366210938,74.45999908447266,75.45999908447266,5068.0
2026-06-17 06:00:00,75.44999694824219,75.61000061035156,74.48999786376953,74.79000091552734,6607.0
2026-06-17 07:00:00,74.77999877929688,75.0999984741211,74.08999633789062,74.98999786376953,8512.0
2026-06-17 08:00:00,75.0,75.80000305175781,74.80000305175781,75.38999938964844,8959.0
2026-06-17 09:00:00,75.4000015258789,75.63999938964844,74.8499984741211,75.3499984741211,5967.0
2026-06-17 10:00:00,75.33000183105469,75.83000183105469,75.12999725341797,75.69999694824219,6897.0
2026-06-17 11:00:00,75.69000244140625,76.2699966430664,75.55999755859375,76.0199966430664,7150.0
2026-06-17 12:00:00,76.0199966430664,76.05999755859375,75.63999938964844,75.83999633789062,9532.0
2026-06-17 13:00:00,75.83000183105469,76.48999786376953,75.77999877929688,76.37000274658203,20477.0
2026-06-17 14:00:00,76.37000274658203,79.18000030517578,76.13999938964844,77.0,49024.0
2026-06-17 15:00:00,77.01000213623047,77.19999694824219,75.75,75.86000061035156,22419.0
2026-06-17 16:00:00,75.87000274658203,76.26000213623047,75.58999633789062,75.63999938964844,13547.0
2026-06-17 17:00:00,75.66999816894531,76.31999969482422,75.38999938964844,75.66000366210938,15406.0
2026-06-17 18:00:00,75.66000366210938,76.26000213623047,75.54000091552734,75.73999786376953,16926.0
2026-06-17 19:00:00,75.73999786376953,75.8499984741211,75.23999786376953,75.30999755859375,7009.0
2026-06-17 20:00:00,75.30999755859375,75.38999938964844,74.93000030517578,75.01000213623047,3365.0
2026-06-17 22:00:00,74.87999725341797,75.75,74.87999725341797,75.37999725341797,0.0
2026-06-17 23:00:00,75.36000061035156,75.41999816894531,75.1500015258789,75.31999969482422,1169.0
2026-06-18 00:00:00,75.30000305175781,75.36000061035156,75.0,75.30000305175781,2603.0
2026-06-18 01:00:00,75.30000305175781,75.44000244140625,74.63999938964844,74.80000305175781,2817.0
2026-06-18 02:00:00,74.79000091552734,75.01000213623047,74.56999969482422,74.80000305175781,2177.0
2026-06-18 03:00:00,74.80999755859375,74.83000183105469,74.4800033569336,74.54000091552734,1532.0
2026-06-18 04:00:00,74.51000213623047,74.58999633789062,74.04000091552734,74.12000274658203,2582.0
2026-06-18 05:00:00,74.12999725341797,74.23999786376953,73.75,74.04000091552734,3562.0
2026-06-18 06:00:00,74.04000091552734,74.33999633789062,73.41999816894531,74.19999694824219,6798.0
2026-06-18 07:00:00,74.19000244140625,74.75,73.95999908447266,74.33999633789062,6677.0
2026-06-18 08:00:00,74.33000183105469,74.51000213623047,73.81999969482422,73.9800033569336,7485.0
2026-06-18 09:00:00,73.98999786376953,74.27999877929688,73.69000244140625,73.73999786376953,5880.0
2026-06-18 10:00:00,73.73999786376953,75.05000305175781,73.72000122070312,74.62999725341797,7644.0
2026-06-18 11:00:00,74.62000274658203,74.91000366210938,74.41000366210938,74.72000122070312,5455.0
2026-06-18 12:00:00,74.72000122070312,74.79000091552734,74.2699966430664,74.44000244140625,5841.0
2026-06-18 13:00:00,74.44000244140625,74.58000183105469,73.04000091552734,73.19999694824219,29316.0
2026-06-18 14:00:00,73.20999908447266,73.55000305175781,72.91999816894531,73.30000305175781,24587.0
2026-06-18 15:00:00,73.30999755859375,73.98999786376953,72.83000183105469,73.91999816894531,28735.0
2026-06-18 16:00:00,73.93000030517578,74.41999816894531,73.68000030517578,74.27999877929688,20033.0
2026-06-18 17:00:00,74.27999877929688,74.6500015258789,74.05000305175781,74.5199966430664,19342.0
2026-06-18 18:00:00,74.5199966430664,76.05999755859375,74.51000213623047,75.62999725341797,53294.0
2026-06-18 19:00:00,75.62999725341797,75.83000183105469,75.45999908447266,75.7300033569336,11424.0
2026-06-18 20:00:00,75.72000122070312,75.87000274658203,75.31999969482422,75.5199966430664,3627.0
2026-06-18 22:00:00,75.4000015258789,75.7300033569336,75.27999877929688,75.37999725341797,0.0
2026-06-18 23:00:00,75.38999938964844,75.45999908447266,75.11000061035156,75.37999725341797,1079.0
2026-06-19 00:00:00,75.41000366210938,75.41000366210938,75.0,75.05999755859375,1399.0
2026-06-19 01:00:00,75.06999969482422,75.70999908447266,74.9800033569336,75.6500015258789,2212.0
2026-06-19 02:00:00,75.66000366210938,75.83000183105469,75.5199966430664,75.61000061035156,1321.0
2026-06-19 03:00:00,75.61000061035156,75.72000122070312,75.19000244140625,75.26000213623047,1750.0
2026-06-21 22:00:00,78.0,78.13999938964844,76.54000091552734,77.45999908447266,8857.0
2026-06-21 23:00:00,77.45999908447266,77.86000061035156,76.54000091552734,77.68000030517578,3204.0
2026-06-22 00:00:00,77.69000244140625,77.81999969482422,76.54000091552734,77.0,4445.0
2026-06-22 01:00:00,77.0199966430664,77.0199966430664,75.5,75.76000213623047,7427.0
2026-06-22 02:00:00,75.77999877929688,76.54000091552734,75.01000213623047,75.33000183105469,3453.0
2026-06-22 03:00:00,75.3499984741211,76.54000091552734,75.30000305175781,75.69000244140625,2467.0
2026-06-22 04:00:00,75.6500015258789,76.54000091552734,75.41000366210938,75.41000366210938,1122.0
2026-06-22 05:00:00,75.41999816894531,76.54000091552734,75.02999877929688,75.30000305175781,2469.0
2026-06-22 06:00:00,75.31999969482422,76.54000091552734,74.9000015258789,75.33000183105469,3513.0
2026-06-22 07:00:00,75.31999969482422,76.54000091552734,75.19999694824219,75.63999938964844,5087.0
2026-06-22 08:00:00,75.62999725341797,76.54000091552734,75.08999633789062,75.2300033569336,7548.0
2026-06-22 09:00:00,75.2300033569336,76.54000091552734,75.0999984741211,75.3499984741211,3639.0
2026-06-22 10:00:00,75.36000061035156,76.54000091552734,75.19000244140625,75.33999633789062,3090.0
2026-06-22 11:00:00,75.33999633789062,76.54000091552734,74.62999725341797,75.01000213623047,8600.0
2026-06-22 12:00:00,75.0,76.54000091552734,74.43000030517578,74.5199966430664,10547.0
2026-06-22 13:00:00,74.52999877929688,76.54000091552734,73.5,73.76000213623047,28731.0
2026-06-22 14:00:00,73.7699966430664,76.54000091552734,73.51000213623047,74.0199966430664,19676.0
2026-06-22 15:00:00,74.0199966430664,76.54000091552734,73.23999786376953,73.41000366210938,23070.0
2026-06-22 16:00:00,73.41000366210938,76.54000091552734,73.37000274658203,73.58000183105469,12992.0
2026-06-22 17:00:00,73.56999969482422,76.54000091552734,73.29000091552734,73.33000183105469,12386.0
2026-06-22 18:00:00,73.31999969482422,76.54000091552734,73.31999969482422,74.01000213623047,28588.0
2026-06-22 19:00:00,74.01000213623047,76.54000091552734,74.0,74.2699966430664,5395.0
2026-06-22 20:00:00,74.2699966430664,76.54000091552734,73.97000122070312,76.54000091552734,3154.0
2026-06-22 22:00:00,74.13999938964844,74.44999694824219,74.04000091552734,74.33000183105469,0.0
2026-06-22 23:00:00,74.30999755859375,74.31999969482422,74.0999984741211,74.16000366210938,604.0
2026-06-23 00:00:00,74.18000030517578,74.27999877929688,74.0,74.19999694824219,1504.0
2026-06-23 01:00:00,74.20999908447266,74.2699966430664,73.79000091552734,73.91999816894531,2846.0
2026-06-23 02:00:00,73.91999816894531,74.30999755859375,73.7699966430664,73.91999816894531,1993.0
2026-06-23 03:00:00,73.91999816894531,73.91999816894531,73.56999969482422,73.63999938964844,2232.0
2026-06-23 04:00:00,73.63999938964844,73.77999877929688,73.58000183105469,73.75,1083.0
2026-06-23 05:00:00,73.7300033569336,73.79000091552734,73.0199966430664,73.0999984741211,3525.0
2026-06-23 06:00:00,73.08000183105469,73.19000244140625,72.55999755859375,72.91999816894531,6544.0
2026-06-23 07:00:00,72.94000244140625,73.2300033569336,72.4800033569336,73.16999816894531,5945.0
2026-06-23 08:00:00,73.16999816894531,73.87000274658203,73.16000366210938,73.44999694824219,8113.0
2026-06-23 09:00:00,73.44000244140625,73.66999816894531,73.16999816894531,73.51000213623047,3917.0
2026-06-23 10:00:00,73.5199966430664,73.95999908447266,73.37000274658203,73.9000015258789,4457.0
2026-06-23 11:00:00,73.88999938964844,74.06999969482422,73.5,73.86000061035156,5554.0
2026-06-23 12:00:00,73.86000061035156,73.9000015258789,73.20999908447266,73.61000061035156,9464.0
2026-06-23 13:00:00,73.62000274658203,73.7300033569336,72.87000274658203,72.9800033569336,15978.0
2026-06-23 14:00:00,72.9800033569336,73.38999938964844,72.5199966430664,73.16999816894531,29240.0
2026-06-23 15:00:00,73.16000366210938,73.4800033569336,72.72000122070312,73.0,17994.0
2026-06-23 16:00:00,72.98999786376953,73.26000213623047,72.83000183105469,72.97000122070312,8081.0
2026-06-23 17:00:00,72.9800033569336,73.31999969482422,72.9800033569336,73.04000091552734,14232.0
2026-06-23 18:00:00,73.04000091552734,73.43000030517578,73.04000091552734,73.36000061035156,20089.0
2026-06-23 19:00:00,73.36000061035156,73.41999816894531,73.2300033569336,73.31999969482422,3040.0
2026-06-23 20:00:00,73.31999969482422,73.51000213623047,73.0199966430664,73.05000305175781,3181.0
2026-06-23 22:00:00,73.12999725341797,73.18000030517578,72.87999725341797,72.94999694824219,0.0
2026-06-23 23:00:00,72.95999908447266,72.97000122070312,72.62999725341797,72.69000244140625,1253.0
2026-06-24 00:00:00,72.69999694824219,72.95999908447266,72.66000366210938,72.81999969482422,1915.0
2026-06-24 01:00:00,72.81999969482422,73.06999969482422,72.33999633789062,72.66999816894531,4272.0
2026-06-24 02:00:00,72.68000030517578,72.91000366210938,72.16000366210938,72.16999816894531,3155.0
2026-06-24 03:00:00,72.19000244140625,72.4800033569336,72.06999969482422,72.41999816894531,1775.0
2026-06-24 04:00:00,72.43000030517578,72.7699966430664,72.41999816894531,72.66000366210938,956.0
2026-06-24 05:00:00,72.66000366210938,72.77999877929688,72.43000030517578,72.5,1040.0
2026-06-24 06:00:00,72.5,73.16999816894531,72.45999908447266,72.61000061035156,4644.0
2026-06-24 07:00:00,72.5999984741211,72.62000274658203,71.91999816894531,71.95999908447266,5904.0
2026-06-24 08:00:00,71.95999908447266,72.12999725341797,71.69000244140625,72.04000091552734,7994.0
2026-06-24 09:00:00,72.05999755859375,72.13999938964844,71.55000305175781,71.98999786376953,7728.0
2026-06-24 10:00:00,72.0,72.27999877929688,71.72000122070312,71.81999969482422,4709.0
2026-06-24 11:00:00,71.83000183105469,71.88999938964844,70.91999816894531,70.94000244140625,12553.0
2026-06-24 12:00:00,70.94999694824219,71.20999908447266,70.83999633789062,71.02999877929688,13741.0
2026-06-24 13:00:00,71.04000091552734,71.06999969482422,69.66999816894531,69.7699966430664,42028.0
2026-06-24 14:00:00,69.76000213623047,70.37999725341797,69.62999725341797,69.87000274658203,22010.0
2026-06-24 15:00:00,69.87000274658203,70.58000183105469,69.68000030517578,70.48999786376953,24976.0
2026-06-24 16:00:00,70.48999786376953,70.95999908447266,70.27999877929688,70.5199966430664,14851.0
2026-06-24 17:00:00,70.52999877929688,70.66000366210938,70.05000305175781,70.4800033569336,15358.0
2026-06-24 18:00:00,70.4800033569336,70.5199966430664,69.91000366210938,69.94999694824219,24869.0
2026-06-24 19:00:00,69.94999694824219,70.12999725341797,69.9000015258789,70.04000091552734,6496.0
2026-06-24 20:00:00,70.04000091552734,70.04000091552734,69.76000213623047,69.87000274658203,3738.0
2026-06-24 22:00:00,69.94999694824219,70.02999877929688,69.66000366210938,69.87999725341797,0.0
2026-06-24 23:00:00,69.87000274658203,70.0199966430664,69.86000061035156,70.0,527.0
2026-06-25 00:00:00,70.0,70.20999908447266,69.94000244140625,69.9800033569336,1687.0
2026-06-25 01:00:00,70.0,70.06999969482422,69.11000061035156,69.33999633789062,5957.0
2026-06-25 02:00:00,69.33999633789062,69.5,69.05000305175781,69.37000274658203,2519.0
2026-06-25 03:00:00,69.4000015258789,69.41999816894531,69.05999755859375,69.33000183105469,2357.0
2026-06-25 04:00:00,69.31999969482422,69.55999755859375,69.26000213623047,69.48999786376953,1284.0
2026-06-25 05:00:00,69.48999786376953,69.61000061035156,69.20999908447266,69.37999725341797,2344.0
2026-06-25 06:00:00,69.36000061035156,69.81999969482422,69.23999786376953,69.58999633789062,3671.0
2026-06-25 07:00:00,69.56999969482422,70.05999755859375,69.41999816894531,69.97000122070312,6608.0
2026-06-25 08:00:00,69.95999908447266,70.05999755859375,69.04000091552734,69.20999908447266,8794.0
2026-06-25 09:00:00,69.20999908447266,69.6500015258789,68.9000015258789,69.58000183105469,7352.0
2026-06-25 10:00:00,69.56999969482422,69.68000030517578,69.37000274658203,69.41999816894531,3605.0
2026-06-25 11:00:00,69.4000015258789,69.94999694824219,69.2699966430664,69.80999755859375,6004.0
2026-06-25 12:00:00,69.80000305175781,69.94999694824219,69.31999969482422,69.55000305175781,13873.0
2026-06-25 13:00:00,69.54000091552734,70.4800033569336,69.44999694824219,70.45999908447266,20159.0
2026-06-25 14:00:00,70.44000244140625,70.9800033569336,70.3499984741211,70.80999755859375,23327.0
2026-06-25 15:00:00,70.81999969482422,71.76000213623047,70.7699966430664,71.43000030517578,29307.0
2026-06-25 16:00:00,71.44999694824219,71.69000244140625,71.41000366210938,71.55000305175781,13201.0
2026-06-25 17:00:00,71.55000305175781,71.83999633789062,71.29000091552734,71.77999877929688,15413.0
2026-06-25 18:00:00,71.79000091552734,72.2300033569336,71.7300033569336,72.12999725341797,27315.0
2026-06-25 19:00:00,72.13999938964844,72.5,71.9000015258789,72.02999877929688,6973.0
2026-06-25 20:00:00,72.02999877929688,72.18000030517578,71.37999725341797,71.47000122070312,4185.0
2026-06-25 22:00:00,71.44000244140625,71.61000061035156,71.2699966430664,71.5,0.0
2026-06-25 23:00:00,71.5199966430664,71.55999755859375,71.43000030517578,71.5199966430664,541.0
2026-06-26 00:00:00,71.52999877929688,71.86000061035156,71.43000030517578,71.80000305175781,1796.0
2026-06-26 01:00:00,71.80999755859375,71.83999633789062,71.20999908447266,71.23999786376953,2828.0
2026-06-26 02:00:00,71.23999786376953,71.29000091552734,70.79000091552734,70.81999969482422,2541.0
2026-06-26 03:00:00,70.80999755859375,70.81999969482422,70.4800033569336,70.58999633789062,2029.0
2026-06-26 04:00:00,70.5999984741211,70.6500015258789,70.38999938964844,70.41000366210938,1312.0
2026-06-26 05:00:00,70.4000015258789,70.94000244140625,70.33999633789062,70.87999725341797,2444.0
2026-06-26 06:00:00,70.87999725341797,70.91000366210938,70.33999633789062,70.48999786376953,3140.0
2026-06-26 07:00:00,70.4800033569336,70.52999877929688,69.81999969482422,69.87000274658203,5450.0
2026-06-26 08:00:00,69.87999725341797,70.16999816894531,68.9800033569336,69.29000091552734,12195.0
2026-06-26 09:00:00,69.29000091552734,69.51000213623047,69.0199966430664,69.08000183105469,6768.0
2026-06-26 10:00:00,69.06999969482422,69.5999984741211,68.95999908447266,69.5199966430664,7340.0
2026-06-26 11:00:00,69.51000213623047,70.33999633789062,69.5,70.08000183105469,9122.0
2026-06-26 12:00:00,70.08000183105469,70.12000274658203,69.36000061035156,69.37999725341797,11901.0
2026-06-26 13:00:00,69.37999725341797,70.58000183105469,69.18000030517578,69.4000015258789,31004.0
2026-06-26 14:00:00,69.4000015258789,69.5199966430664,68.83999633789062,69.20999908447266,28312.0
2026-06-26 15:00:00,69.20999908447266,69.5199966430664,68.55999755859375,69.08999633789062,29772.0
2026-06-26 16:00:00,69.08999633789062,69.36000061035156,68.8499984741211,69.30000305175781,17189.0
2026-06-26 17:00:00,69.30999755859375,69.5199966430664,69.02999877929688,69.2699966430664,13324.0
2026-06-26 18:00:00,69.2699966430664,69.37999725341797,69.06999969482422,69.12000274658203,17158.0
2026-06-26 19:00:00,69.12000274658203,69.62000274658203,69.01000213623047,69.51000213623047,6023.0
2026-06-26 20:00:00,69.48999786376953,70.38999938964844,69.2300033569336,69.2300033569336,9746.0
2026-06-28 22:00:00,69.9800033569336,70.38999938964844,69.93000030517578,70.04000091552734,2531.0
2026-06-28 23:00:00,70.05000305175781,70.0999984741211,69.66000366210938,69.76000213623047,2030.0
2026-06-29 00:00:00,69.75,70.05000305175781,69.31999969482422,69.8499984741211,3192.0
2026-06-29 01:00:00,69.86000061035156,70.27999877929688,69.73999786376953,70.0,3019.0
2026-06-29 02:00:00,70.0,70.11000061035156,69.77999877929688,69.95999908447266,1846.0
2026-06-29 03:00:00,69.94999694824219,70.0999984741211,69.9000015258789,70.05999755859375,1158.0
2026-06-29 04:00:00,70.05999755859375,70.12999725341797,69.94999694824219,69.94999694824219,797.0
2026-06-29 05:00:00,69.94999694824219,69.97000122070312,69.41999816894531,69.51000213623047,2032.0
2026-06-29 06:00:00,69.48999786376953,70.29000091552734,69.45999908447266,69.94999694824219,3226.0
2026-06-29 07:00:00,69.94000244140625,70.01000213623047,69.4800033569336,69.5199966430664,3630.0
2026-06-29 08:00:00,69.5199966430664,70.2699966430664,69.4800033569336,70.13999938964844,6601.0
2026-06-29 09:00:00,70.12999725341797,70.7300033569336,69.91000366210938,70.61000061035156,6233.0
2026-06-29 10:00:00,70.5999984741211,70.62000274658203,69.79000091552734,69.8499984741211,4839.0
2026-06-29 11:00:00,69.86000061035156,70.08000183105469,69.61000061035156,69.97000122070312,10001.0
2026-06-29 12:00:00,69.95999908447266,70.18000030517578,69.69999694824219,70.02999877929688,9731.0
2026-06-29 13:00:00,70.04000091552734,70.30000305175781,69.87999725341797,70.06999969482422,10966.0
2026-06-29 14:00:00,70.08999633789062,70.58999633789062,69.94999694824219,70.47000122070312,15992.0
2026-06-29 15:00:00,70.4800033569336,70.69999694824219,70.26000213623047,70.58999633789062,11885.0
2026-06-29 16:00:00,70.58999633789062,71.04000091552734,70.55000305175781,70.80999755859375,11635.0
2026-06-29 17:00:00,70.80999755859375,71.1500015258789,70.66999816894531,70.91000366210938,12638.0
2026-06-29 18:00:00,70.9000015258789,71.0,70.44999694824219,70.45999908447266,17742.0
2026-06-29 19:00:00,70.47000122070312,70.55000305175781,70.36000061035156,70.5199966430664,3552.0
2026-06-29 20:00:00,70.52999877929688,70.61000061035156,70.41000366210938,70.41999816894531,2112.0
2026-06-29 22:00:00,70.43000030517578,70.5,70.25,70.27999877929688,0.0
2026-06-29 23:00:00,70.29000091552734,70.31999969482422,70.13999938964844,70.1500015258789,464.0
2026-06-30 00:00:00,70.1500015258789,70.4000015258789,70.1500015258789,70.30000305175781,1465.0
2026-06-30 01:00:00,70.30000305175781,70.41999816894531,70.11000061035156,70.30000305175781,1450.0
2026-06-30 02:00:00,70.33000183105469,70.87000274658203,70.30000305175781,70.68000030517578,1864.0
2026-06-30 03:00:00,70.69000244140625,70.73999786376953,70.30999755859375,70.3499984741211,1373.0
2026-06-30 04:00:00,70.37000274658203,70.4800033569336,70.20999908447266,70.22000122070312,801.0
2026-06-30 05:00:00,70.20999908447266,70.37000274658203,69.93000030517578,70.11000061035156,2267.0
2026-06-30 06:00:00,70.0999984741211,70.20999908447266,69.75,70.12999725341797,3379.0
2026-06-30 07:00:00,70.12000274658203,70.43000030517578,70.0999984741211,70.27999877929688,3567.0
2026-06-30 08:00:00,70.2699966430664,70.87999725341797,70.1500015258789,70.52999877929688,6584.0
2026-06-30 09:00:00,70.55000305175781,71.04000091552734,70.45999908447266,71.0199966430664,6154.0
2026-06-30 10:00:00,71.0199966430664,71.18000030517578,70.54000091552734,70.69999694824219,4767.0
2026-06-30 11:00:00,70.69999694824219,71.19999694824219,70.52999877929688,71.1500015258789,6425.0
2026-06-30 12:00:00,71.16000366210938,71.55999755859375,70.81999969482422,70.97000122070312,12743.0
2026-06-30 13:00:00,70.95999908447266,71.5999984741211,70.69999694824219,70.9000015258789,23394.0
2026-06-30 14:00:00,70.88999938964844,70.97000122070312,70.31999969482422,70.43000030517578,19571.0
2026-06-30 15:00:00,70.43000030517578,70.44000244140625,69.72000122070312,69.7699966430664,18922.0
2026-06-30 16:00:00,69.7699966430664,70.16999816894531,69.75,69.80000305175781,15682.0
2026-06-30 17:00:00,69.79000091552734,69.9000015258789,69.56999969482422,69.69000244140625,11491.0
2026-06-30 18:00:00,69.68000030517578,70.02999877929688,69.22000122070312,69.9800033569336,22330.0
2026-06-30 19:00:00,69.9800033569336,70.1500015258789,69.91000366210938,70.08999633789062,3454.0
2026-06-30 20:00:00,70.08000183105469,70.16999816894531,69.97000122070312,70.02999877929688,3283.0
2026-06-30 22:00:00,69.9800033569336,70.16999816894531,69.87999725341797,69.98999786376953,0.0
2026-06-30 23:00:00,69.9800033569336,70.12000274658203,69.91000366210938,70.12000274658203,440.0
2026-07-01 00:00:00,70.11000061035156,70.19000244140625,69.9800033569336,70.12000274658203,928.0
2026-07-01 01:00:00,70.12999725341797,70.1500015258789,69.66999816894531,69.77999877929688,2031.0
2026-07-01 02:00:00,69.79000091552734,69.87999725341797,69.68000030517578,69.80999755859375,1339.0
2026-07-01 03:00:00,69.80999755859375,69.87000274658203,69.76000213623047,69.80999755859375,928.0
2026-07-01 04:00:00,69.81999969482422,69.8499984741211,69.66999816894531,69.72000122070312,543.0
2026-07-01 05:00:00,69.7300033569336,69.87000274658203,69.56999969482422,69.61000061035156,1277.0
2026-07-01 06:00:00,69.5999984741211,69.69000244140625,69.44000244140625,69.58999633789062,2185.0
2026-07-01 07:00:00,69.58000183105469,69.72000122070312,69.16999816894531,69.36000061035156,4727.0
2026-07-01 08:00:00,69.36000061035156,69.44999694824219,68.29000091552734,68.3499984741211,10843.0
2026-07-01 09:00:00,68.33999633789062,68.80000305175781,68.22000122070312,68.79000091552734,6230.0
2026-07-01 10:00:00,68.79000091552734,69.01000213623047,68.61000061035156,68.8499984741211,5554.0
2026-07-01 11:00:00,68.83999633789062,69.16999816894531,68.7300033569336,69.13999938964844,6342.0
2026-07-01 12:00:00,69.1500015258789,69.18000030517578,68.6500015258789,68.76000213623047,8936.0
2026-07-01 13:00:00,68.7699966430664,69.25,68.75,69.06999969482422,18627.0
2026-07-01 14:00:00,69.06999969482422,69.11000061035156,68.1500015258789,68.19000244140625,19600.0
2026-07-01 15:00:00,68.19999694824219,68.55999755859375,68.05999755859375,68.16000366210938,18985.0
2026-07-01 16:00:00,68.16000366210938,68.47000122070312,68.02999877929688,68.2699966430664,13394.0
2026-07-01 17:00:00,68.27999877929688,68.41000366210938,68.12999725341797,68.29000091552734,12570.0
2026-07-01 18:00:00,68.29000091552734,68.7300033569336,68.2699966430664,68.29000091552734,21404.0
2026-07-01 19:00:00,68.29000091552734,68.3499984741211,67.91999816894531,68.0199966430664,8401.0
2026-07-01 20:00:00,68.02999877929688,68.1500015258789,67.95999908447266,68.08999633789062,3674.0
2026-07-01 22:00:00,68.02999877929688,68.16999816894531,67.94999694824219,68.0199966430664,0.0
2026-07-01 23:00:00,68.01000213623047,68.05999755859375,67.95999908447266,67.98999786376953,473.0
2026-07-02 00:00:00,68.0,68.13999938964844,67.72000122070312,67.9000015258789,3194.0
2026-07-02 01:00:00,67.88999938964844,67.94000244140625,67.58999633789062,67.80000305175781,3123.0
2026-07-02 02:00:00,67.80999755859375,67.9800033569336,67.62999725341797,67.70999908447266,1501.0
2026-07-02 03:00:00,67.69999694824219,67.79000091552734,67.55999755859375,67.70999908447266,1881.0
2026-07-02 04:00:00,67.7300033569336,67.91999816894531,67.72000122070312,67.9000015258789,549.0
2026-07-02 05:00:00,67.88999938964844,67.91999816894531,67.70999908447266,67.87999725341797,1292.0
2026-07-02 06:00:00,67.88999938964844,67.98999786376953,67.51000213623047,67.55999755859375,3272.0
2026-07-02 07:00:00,67.55000305175781,68.23999786376953,67.44999694824219,67.94999694824219,6872.0
2026-07-02 08:00:00,67.94999694824219,68.23999786376953,67.77999877929688,67.87000274658203,5844.0
2026-07-02 09:00:00,67.87999725341797,67.9000015258789,67.30999755859375,67.51000213623047,6451.0
2026-07-02 10:00:00,67.51000213623047,67.69999694824219,67.41999816894531,67.44999694824219,5733.0
2026-07-02 11:00:00,67.44999694824219,67.62000274658203,67.04000091552734,67.18000030517578,8798.0
2026-07-02 12:00:00,67.18000030517578,67.68000030517578,67.11000061035156,67.56999969482422,12383.0
2026-07-02 13:00:00,67.55999755859375,68.08999633789062,67.47000122070312,67.7699966430664,15925.0
2026-07-02 14:00:00,67.76000213623047,67.83999633789062,67.52999877929688,67.73999786376953,12479.0
2026-07-02 15:00:00,67.73999786376953,67.88999938964844,67.43000030517578,67.7300033569336,13618.0
2026-07-02 16:00:00,67.73999786376953,68.27999877929688,67.68000030517578,68.12999725341797,14559.0
2026-07-02 17:00:00,68.12999725341797,68.5199966430664,68.08000183105469,68.4800033569336,11365.0
2026-07-02 18:00:00,68.47000122070312,68.80000305175781,68.3499984741211,68.44999694824219,18501.0
2026-07-02 19:00:00,68.44999694824219,68.55000305175781,68.41000366210938,68.47000122070312,4093.0
2026-07-02 20:00:00,68.47000122070312,68.5199966430664,68.43000030517578,68.45999908447266,1565.0
2026-07-02 22:00:00,68.43000030517578,68.55999755859375,68.37000274658203,68.4800033569336,0.0
2026-07-02 23:00:00,68.4800033569336,68.5,68.37999725341797,68.4000015258789,324.0
2026-07-03 00:00:00,68.37999725341797,68.52999877929688,68.33000183105469,68.44000244140625,745.0
2026-07-03 01:00:00,68.44000244140625,68.93000030517578,68.30000305175781,68.9000015258789,2241.0
2026-07-03 02:00:00,68.91999816894531,69.13999938964844,68.81999969482422,68.88999938964844,1818.0
2026-07-03 03:00:00,68.88999938964844,69.16000366210938,68.88999938964844,69.01000213623047,981.0
2026-07-05 22:00:00,68.68000030517578,68.77999877929688,68.30000305175781,68.30999755859375,1572.0
2026-07-05 23:00:00,68.31999969482422,68.77999877929688,68.22000122070312,68.25,872.0
2026-07-06 00:00:00,68.25,68.77999877929688,68.22000122070312,68.23999786376953,2274.0
2026-07-06 01:00:00,68.2300033569336,68.9000015258789,68.16000366210938,68.87000274658203,3014.0
2026-07-06 02:00:00,68.87999725341797,69.16000366210938,68.52999877929688,68.58000183105469,2534.0
2026-07-06 03:00:00,68.58000183105469,68.77999877929688,68.37000274658203,68.41999816894531,1337.0
2026-07-06 04:00:00,68.44000244140625,68.77999877929688,68.41000366210938,68.61000061035156,733.0
2026-07-06 05:00:00,68.62000274658203,68.88999938964844,68.58999633789062,68.8499984741211,1101.0
2026-07-06 06:00:00,68.87999725341797,69.20999908447266,68.70999908447266,68.76000213623047,3642.0
2026-07-06 07:00:00,68.7699966430664,68.77999877929688,67.81999969482422,67.93000030517578,8291.0
2026-07-06 08:00:00,67.94000244140625,68.77999877929688,67.9000015258789,68.19999694824219,8130.0
2026-07-06 09:00:00,68.19999694824219,68.77999877929688,68.11000061035156,68.30999755859375,6968.0
2026-07-06 10:00:00,68.31999969482422,68.77999877929688,68.08999633789062,68.58999633789062,5637.0
2026-07-06 11:00:00,68.58999633789062,68.77999877929688,68.30999755859375,68.6500015258789,4633.0
2026-07-06 12:00:00,68.6500015258789,68.77999877929688,68.13999938964844,68.29000091552734,9846.0
2026-07-06 13:00:00,68.27999877929688,68.94999694824219,68.06999969482422,68.70999908447266,17902.0
2026-07-06 14:00:00,68.69999694824219,69.12000274658203,68.44000244140625,68.76000213623047,17234.0
2026-07-06 15:00:00,68.76000213623047,69.04000091552734,68.58000183105469,68.73999786376953,13958.0
2026-07-06 16:00:00,68.73999786376953,68.80999755859375,68.22000122070312,68.30999755859375,10369.0
2026-07-06 17:00:00,68.30000305175781,68.77999877929688,68.19999694824219,68.52999877929688,12040.0
2026-07-06 18:00:00,68.52999877929688,68.77999877929688,68.36000061035156,68.54000091552734,16716.0
2026-07-06 19:00:00,68.55000305175781,68.77999877929688,68.54000091552734,68.69000244140625,3383.0
2026-07-06 20:00:00,68.68000030517578,68.77999877929688,68.58999633789062,68.77999877929688,1255.0
2026-07-06 22:00:00,68.58000183105469,68.75,68.58000183105469,68.75,0.0
2026-07-06 23:00:00,68.76000213623047,68.9000015258789,68.66000366210938,68.76000213623047,734.0
2026-07-07 00:00:00,68.76000213623047,68.91000366210938,68.69999694824219,68.87999725341797,1509.0
2026-07-07 01:00:00,68.87000274658203,69.0999984741211,68.62999725341797,69.06999969482422,1957.0
2026-07-07 02:00:00,69.05999755859375,69.31999969482422,68.95999908447266,69.0,3575.0
2026-07-07 03:00:00,69.0,69.22000122070312,68.83999633789062,68.93000030517578,1947.0
2026-07-07 04:00:00,68.93000030517578,69.02999877929688,68.91999816894531,68.95999908447266,617.0
2026-07-07 05:00:00,68.9800033569336,69.44000244140625,68.95999908447266,69.3499984741211,2423.0
2026-07-07 06:00:00,69.37000274658203,69.4800033569336,69.19999694824219,69.44000244140625,3525.0
2026-07-07 07:00:00,69.44999694824219,69.62999725341797,69.30000305175781,69.33999633789062,5627.0
2026-07-07 08:00:00,69.33999633789062,69.54000091552734,68.97000122070312,69.36000061035156,9897.0
2026-07-07 09:00:00,69.36000061035156,69.73999786376953,69.05999755859375,69.2699966430664,6772.0
2026-07-07 10:00:00,69.2699966430664,69.41000366210938,69.05999755859375,69.38999938964844,5437.0
2026-07-07 11:00:00,69.38999938964844,69.45999908447266,68.93000030517578,69.02999877929688,5782.0
2026-07-07 12:00:00,69.0199966430664,69.33000183105469,68.87999725341797,69.13999938964844,11860.0
2026-07-07 13:00:00,69.12999725341797,70.08000183105469,69.11000061035156,70.02999877929688,28495.0
2026-07-07 14:00:00,70.04000091552734,70.5199966430664,69.7699966430664,70.2300033569336,30900.0
2026-07-07 15:00:00,70.23999786376953,70.55999755859375,70.08000183105469,70.33999633789062,18047.0
2026-07-07 16:00:00,70.33999633789062,70.58000183105469,70.30000305175781,70.44000244140625,11053.0
2026-07-07 17:00:00,70.44000244140625,70.72000122070312,70.33999633789062,70.41999816894531,12810.0
2026-07-07 18:00:00,70.43000030517578,71.45999908447266,70.33000183105469,71.44999694824219,29766.0
2026-07-07 19:00:00,71.44999694824219,72.51000213623047,71.41999816894531,71.87999725341797,30888.0
2026-07-07 20:00:00,71.88999938964844,72.30999755859375,71.87999725341797,72.19999694824219,5115.0
2026-07-07 22:00:00,72.37999725341797,72.6500015258789,72.06999969482422,72.44999694824219,0.0
2026-07-07 23:00:00,72.44999694824219,72.5,72.26000213623047,72.41999816894531,1868.0
2026-07-08 00:00:00,72.41000366210938,72.72000122070312,71.95999908447266,71.98999786376953,5433.0
2026-07-08 01:00:00,71.98999786376953,72.16000366210938,71.75,72.12999725341797,5230.0
2026-07-08 02:00:00,72.12999725341797,72.62000274658203,72.0,72.26000213623047,3500.0
2026-07-08 03:00:00,72.26000213623047,72.4000015258789,72.16000366210938,72.26000213623047,1918.0
2026-07-08 04:00:00,72.26000213623047,72.38999938964844,72.19999694824219,72.36000061035156,1534.0
2026-07-08 05:00:00,72.37000274658203,72.91999816894531,72.33000183105469,72.7699966430664,4629.0
2026-07-08 06:00:00,72.76000213623047,72.93000030517578,70.44000244140625,72.56999969482422,5118.0
2026-07-08 07:00:00,72.55000305175781,72.8499984741211,71.80999755859375,72.05999755859375,8815.0
2026-07-08 08:00:00,72.06999969482422,74.91000366210938,71.93000030517578,74.8499984741211,41244.0
2026-07-08 09:00:00,74.8499984741211,75.30000305175781,74.44000244140625,74.9000015258789,23263.0
2026-07-08 10:00:00,74.9000015258789,74.97000122070312,73.81999969482422,74.1500015258789,16813.0
2026-07-08 11:00:00,74.1500015258789,74.58000183105469,73.4800033569336,74.08000183105469,17979.0
2026-07-08 12:00:00,74.08000183105469,74.33999633789062,73.12999725341797,73.83999633789062,31240.0
2026-07-08 13:00:00,73.83000183105469,74.30999755859375,73.30999755859375,73.75,39923.0
2026-07-08 14:00:00,73.76000213623047,75.79000091552734,73.73999786376953,75.30000305175781,43215.0
2026-07-08 15:00:00,75.30000305175781,76.08000183105469,75.23999786376953,75.83999633789062,31761.0
2026-07-08 16:00:00,75.83999633789062,75.9800033569336,74.37000274658203,74.56999969482422,40710.0
2026-07-08 17:00:00,74.58000183105469,74.62999725341797,73.54000091552734,73.77999877929688,25768.0
2026-07-08 18:00:00,73.7699966430664,73.8499984741211,73.3499984741211,73.58999633789062,31466.0
2026-07-08 19:00:00,73.61000061035156,74.30999755859375,73.5,74.06999969482422,8836.0
2026-07-08 20:00:00,74.05999755859375,75.05999755859375,74.05000305175781,74.76000213623047,10865.0
2026-07-08 22:00:00,74.94999694824219,75.12999725341797,74.22000122070312,74.52999877929688,0.0
2026-07-08 23:00:00,74.5199966430664,74.56999969482422,74.4000015258789,74.45999908447266,759.0
2026-07-09 00:00:00,74.44999694824219,74.5199966430664,74.0,74.0199966430664,2831.0
2026-07-09 01:00:00,74.0199966430664,74.62000274658203,73.87999725341797,74.12000274658203,3796.0
2026-07-09 02:00:00,74.12000274658203,74.66999816894531,73.97000122070312,74.51000213623047,2783.0
2026-07-09 03:00:00,74.52999877929688,74.5999984741211,74.16000366210938,74.27999877929688,2040.0
2026-07-09 04:00:00,74.2699966430664,74.41000366210938,74.25,74.3499984741211,1077.0
2026-07-09 05:00:00,74.33999633789062,74.54000091552734,73.0,73.05999755859375,8713.0
2026-07-09 06:00:00,73.08000183105469,73.52999877929688,73.01000213623047,73.30999755859375,5132.0
2026-07-09 07:00:00,73.31999969482422,73.73999786376953,72.54000091552734,72.76000213623047,9755.0
2026-07-09 08:00:00,72.76000213623047,73.05000305175781,72.37000274658203,73.0199966430664,9032.0
2026-07-09 09:00:00,73.04000091552734,73.66999816894531,72.97000122070312,73.51000213623047,7541.0
2026-07-09 10:00:00,73.51000213623047,74.62000274658203,73.41999816894531,74.25,9190.0
2026-07-09 11:00:00,74.25,74.29000091552734,73.83000183105469,73.95999908447266,7927.0
2026-07-09 12:00:00,73.94999694824219,74.12999725341797,73.62999725341797,73.93000030517578,13702.0
2026-07-09 13:00:00,73.91999816894531,74.01000213623047,72.62000274658203,72.66000366210938,25324.0
2026-07-09 14:00:00,72.66000366210938,73.08000183105469,72.16000366210938,72.30999755859375,26226.0
2026-07-09 15:00:00,72.30999755859375,72.52999877929688,71.80999755859375,72.12000274658203,20782.0
2026-07-09 16:00:00,72.13999938964844,72.2699966430664,71.63999938964844,71.94000244140625,17536.0
2026-07-09 17:00:00,71.94000244140625,72.12000274658203,71.43000030517578,71.52999877929688,17895.0
2026-07-09 18:00:00,71.5199966430664,72.19999694824219,71.41999816894531,71.61000061035156,31407.0
2026-07-09 19:00:00,71.5999984741211,71.88999938964844,71.43000030517578,71.87999725341797,4852.0
2026-07-09 20:00:00,71.87999725341797,71.93000030517578,71.62999725341797,71.80999755859375,2849.0
2026-07-09 22:00:00,71.86000061035156,71.87000274658203,71.22000122070312,71.83000183105469,0.0
2026-07-09 23:00:00,71.81999969482422,71.94999694824219,71.73999786376953,71.91999816894531,687.0
2026-07-10 00:00:00,71.91999816894531,72.01000213623047,71.77999877929688,71.97000122070312,1363.0
2026-07-10 01:00:00,71.97000122070312,72.18000030517578,71.7699966430664,72.13999938964844,2137.0
2026-07-10 02:00:00,72.1500015258789,72.41999816894531,72.08000183105469,72.36000061035156,2004.0
2026-07-10 03:00:00,72.36000061035156,72.41000366210938,72.16999816894531,72.38999938964844,1267.0
2026-07-10 04:00:00,72.41999816894531,72.55999755859375,72.18000030517578,72.29000091552734,1887.0
2026-07-10 05:00:00,72.30999755859375,72.43000030517578,71.97000122070312,72.16000366210938,2016.0
2026-07-10 06:00:00,72.18000030517578,72.26000213623047,71.75,72.04000091552734,3182.0
2026-07-10 07:00:00,72.04000091552734,72.08999633789062,71.30999755859375,71.56999969482422,7253.0
2026-07-10 08:00:00,71.55000305175781,72.19000244140625,71.16000366210938,71.88999938964844,8474.0
2026-07-10 09:00:00,71.88999938964844,72.05000305175781,71.51000213623047,71.8499984741211,4756.0
2026-07-10 10:00:00,71.86000061035156,72.30000305175781,71.80999755859375,72.23999786376953,4533.0
2026-07-10 11:00:00,72.25,72.83999633789062,72.13999938964844,72.7300033569336,8499.0
2026-07-10 12:00:00,72.7300033569336,72.8499984741211,71.47000122070312,71.94999694824219,16254.0
2026-07-10 13:00:00,71.95999908447266,72.38999938964844,71.5,71.58999633789062,15652.0
2026-07-10 14:00:00,71.5999984741211,73.16000366210938,71.25,71.93000030517578,26540.0
2026-07-10 15:00:00,71.93000030517578,71.93000030517578,70.7699966430664,71.01000213623047,24247.0
2026-07-10 16:00:00,71.01000213623047,71.48999786376953,71.01000213623047,71.08999633789062,14517.0
2026-07-10 17:00:00,71.0999984741211,71.4000015258789,71.02999877929688,71.29000091552734,14943.0
2026-07-10 18:00:00,71.27999877929688,71.61000061035156,71.08000183105469,71.58999633789062,27358.0
2026-07-10 19:00:00,71.5999984741211,71.69999694824219,71.44999694824219,71.56999969482422,7418.0
2026-07-10 20:00:00,71.55999755859375,71.6500015258789,71.41000366210938,71.41000366210938,2832.0
2026-07-12 22:00:00,74.0999984741211,74.19999694824219,73.55999755859375,73.69000244140625,3338.0
2026-07-12 23:00:00,73.69999694824219,73.87999725341797,73.62000274658203,73.7699966430664,2092.0
2026-07-13 00:00:00,73.76000213623047,74.5,73.7300033569336,74.2699966430664,4885.0
2026-07-13 01:00:00,74.25,74.66000366210938,74.16999816894531,74.38999938964844,5491.0
2026-07-13 02:00:00,74.38999938964844,74.58999633789062,74.11000061035156,74.25,4006.0
2026-07-13 03:00:00,74.23999786376953,74.44999694824219,74.12000274658203,74.29000091552734,3126.0
2026-07-13 04:00:00,74.30000305175781,74.55000305175781,74.27999877929688,74.52999877929688,1623.0
2026-07-13 05:00:00,74.5199966430664,75.08000183105469,74.47000122070312,74.69999694824219,4505.0
2026-07-13 06:00:00,74.69000244140625,74.70999908447266,73.98999786376953,74.05999755859375,4861.0
2026-07-13 07:00:00,74.05000305175781,74.2300033569336,73.66999816894531,74.0,4793.0
2026-07-13 08:00:00,74.0,74.05000305175781,72.75,73.05999755859375,11417.0
2026-07-13 09:00:00,73.05999755859375,73.19000244140625,72.61000061035156,73.12000274658203,7511.0
2026-07-13 10:00:00,73.12000274658203,73.94000244140625,73.11000061035156,73.80999755859375,8667.0
2026-07-13 11:00:00,73.81999969482422,74.05000305175781,73.5999984741211,73.80000305175781,8385.0
2026-07-13 12:00:00,73.81999969482422,74.45999908447266,73.62999725341797,73.77999877929688,14083.0
2026-07-13 13:00:00,73.77999877929688,74.11000061035156,73.43000030517578,73.7300033569336,16507.0
2026-07-13 14:00:00,73.73999786376953,75.20999908447266,73.5,74.5,41697.0
2026-07-13 15:00:00,74.5,74.9800033569336,74.41000366210938,74.8499984741211,17915.0
2026-07-13 16:00:00,74.8499984741211,75.95999908447266,74.77999877929688,75.73999786376953,24752.0
2026-07-13 17:00:00,75.73999786376953,77.69999694824219,75.4000015258789,77.5999984741211,29590.0
2026-07-13 18:00:00,77.5999984741211,78.44999694824219,77.37000274658203,77.63999938964844,54594.0
2026-07-13 19:00:00,77.6500015258789,77.9800033569336,77.47000122070312,77.66000366210938,9207.0
2026-07-13 20:00:00,77.68000030517578,78.58000183105469,77.6500015258789,78.0,9628.0
2026-07-13 22:00:00,78.04000091552734,79.08999633789062,77.86000061035156,79.04000091552734,0.0
2026-07-13 23:00:00,79.04000091552734,79.58000183105469,78.58999633789062,78.94999694824219,4574.0
2026-07-14 00:00:00,78.94999694824219,80.41999816894531,78.58000183105469,79.86000061035156,13082.0
2026-07-14 01:00:00,79.83999633789062,79.94999694824219,79.08000183105469,79.5199966430664,10605.0
2026-07-14 02:00:00,79.54000091552734,79.61000061035156,78.91000366210938,79.52999877929688,5984.0
2026-07-14 03:00:00,79.54000091552734,80.05999755859375,79.43000030517578,79.62999725341797,5361.0
2026-07-14 04:00:00,79.62000274658203,79.91000366210938,79.43000030517578,79.77999877929688,3393.0
2026-07-14 05:00:00,79.77999877929688,79.9000015258789,78.83000183105469,79.3499984741211,5019.0
2026-07-14 06:00:00,79.38999938964844,80.58000183105469,79.30999755859375,80.44000244140625,8861.0
2026-07-14 07:00:00,80.43000030517578,80.93000030517578,79.97000122070312,80.37999725341797,13495.0
2026-07-14 08:00:00,80.38999938964844,81.12999725341797,79.97000122070312,81.02999877929688,16509.0
2026-07-14 09:00:00,81.04000091552734,81.25,80.02999877929688,80.58000183105469,12298.0
2026-07-14 10:00:00,80.58999633789062,81.2699966430664,80.30000305175781,80.91999816894531,13476.0
2026-07-14 11:00:00,80.91999816894531,81.05000305175781,79.47000122070312,79.54000091552734,16731.0
2026-07-14 12:00:00,79.54000091552734,80.87999725341797,79.4800033569336,80.70999908447266,24421.0
2026-07-14 13:00:00,80.69999694824219,80.95999908447266,79.58999633789062,79.93000030517578,40338.0
2026-07-14 14:00:00,79.94000244140625,80.0,78.12000274658203,78.83999633789062,39583.0
2026-07-14 15:00:00,78.83999633789062,79.79000091552734,77.83999633789062,79.4800033569336,52043.0
2026-07-14 16:00:00,79.4800033569336,79.62999725341797,78.79000091552734,79.19999694824219,21874.0
2026-07-14 17:00:00,79.19999694824219,79.31999969482422,78.47000122070312,78.7300033569336,22230.0
2026-07-14 18:00:00,78.73999786376953,79.8499984741211,78.72000122070312,79.62999725341797,34216.0
2026-07-14 19:00:00,79.63999938964844,79.95999908447266,79.48999786376953,79.69999694824219,6500.0
2026-07-14 20:00:00,79.68000030517578,80.27999877929688,79.66999816894531,79.83000183105469,2779.0
2026-07-14 22:00:00,79.73999786376953,80.23999786376953,79.58999633789062,79.9000015258789,0.0
2026-07-14 23:00:00,79.94000244140625,79.9800033569336,79.68000030517578,79.87000274658203,991.0
2026-07-15 00:00:00,79.83999633789062,80.58999633789062,79.61000061035156,80.19999694824219,3997.0
2026-07-15 01:00:00,80.19999694824219,80.25,79.7699966430664,80.20999908447266,3867.0
2026-07-15 02:00:00,80.2300033569336,80.43000030517578,80.04000091552734,80.30000305175781,2750.0
2026-07-15 03:00:00,80.29000091552734,80.30999755859375,79.81999969482422,79.93000030517578,2600.0
2026-07-15 04:00:00,79.94999694824219,80.06999969482422,79.66000366210938,79.77999877929688,1868.0
2026-07-15 05:00:00,79.77999877929688,79.98999786376953,79.4800033569336,79.7300033569336,2567.0
2026-07-15 06:00:00,79.72000122070312,80.02999877929688,79.48999786376953,79.9800033569336,2917.0
2026-07-15 07:00:00,79.98999786376953,80.62999725341797,79.98999786376953,80.5199966430664,5928.0
2026-07-15 08:00:00,80.55000305175781,80.93000030517578,79.33999633789062,79.4000015258789,12456.0
2026-07-15 09:00:00,79.4000015258789,80.16999816894531,79.30000305175781,80.12999725341797,5713.0
2026-07-15 10:00:00,80.12999725341797,80.33999633789062,79.8499984741211,79.87000274658203,5288.0
2026-07-15 11:00:00,79.87000274658203,80.08999633789062,79.36000061035156,79.55999755859375,8111.0
2026-07-15 12:00:00,79.55999755859375,79.94000244140625,79.54000091552734,79.77999877929688,9532.0
2026-07-15 13:00:00,79.7699966430664,80.44999694824219,79.37999725341797,79.77999877929688,26505.0
2026-07-15 14:00:00,79.79000091552734,79.86000061035156,78.55999755859375,78.63999938964844,24222.0
2026-07-15 15:00:00,78.63999938964844,78.9800033569336,78.19000244140625,78.87000274658203,27616.0
2026-07-15 16:00:00,78.88999938964844,79.72000122070312,78.83000183105469,79.4800033569336,21010.0
2026-07-15 17:00:00,79.48999786376953,79.48999786376953,78.77999877929688,78.9800033569336,11997.0
2026-07-15 18:00:00,78.97000122070312,79.9000015258789,78.83000183105469,79.73999786376953,20690.0
2026-07-15 19:00:00,79.75,80.68000030517578,79.55999755859375,80.31999969482422,10541.0
2026-07-15 20:00:00,80.31999969482422,80.51000213623047,80.18000030517578,80.23999786376953,3427.0
2026-07-15 22:00:00,80.0,80.58999633789062,79.5999984741211,80.29000091552734,0.0
2026-07-15 23:00:00,80.29000091552734,80.33999633789062,80.06999969482422,80.22000122070312,529.0
2026-07-16 00:00:00,80.16999816894531,80.20999908447266,79.88999938964844,80.13999938964844,1419.0
2026-07-16 01:00:00,80.11000061035156,80.37000274658203,79.94999694824219,80.05000305175781,2199.0
2026-07-16 02:00:00,80.05999755859375,80.27999877929688,79.98999786376953,80.04000091552734,1230.0
2026-07-16 03:00:00,80.0199966430664,80.08000183105469,79.2699966430664,79.55999755859375,2727.0
2026-07-16 04:00:00,79.54000091552734,79.61000061035156,79.26000213623047,79.37000274658203,955.0
2026-07-16 05:00:00,79.38999938964844,79.5999984741211,79.13999938964844,79.38999938964844,1520.0
2026-07-16 06:00:00,79.4000015258789,79.69000244140625,79.26000213623047,79.41000366210938,3228.0
2026-07-16 07:00:00,79.41999816894531,79.77999877929688,79.22000122070312,79.54000091552734,4404.0
2026-07-16 08:00:00,79.55999755859375,79.66999816894531,79.2699966430664,79.30999755859375,5472.0
2026-07-16 09:00:00,79.30999755859375,79.66000366210938,78.91000366210938,79.55000305175781,7219.0
2026-07-16 10:00:00,79.55999755859375,79.69000244140625,79.4000015258789,79.62000274658203,3995.0
2026-07-16 11:00:00,79.62999725341797,80.33999633789062,79.33000183105469,79.68000030517578,10578.0
2026-07-16 12:00:00,79.66000366210938,80.7300033569336,79.62999725341797,80.5,17914.0
2026-07-16 13:00:00,80.5,80.87000274658203,79.87000274658203,80.06999969482422,16025.0
2026-07-16 14:00:00,80.08999633789062,80.30999755859375,79.44000244140625,79.58000183105469,15588.0
2026-07-16 15:00:00,79.58000183105469,79.7699966430664,78.62000274658203,78.80000305175781,28492.0
2026-07-16 16:00:00,78.80000305175781,79.54000091552734,78.2699966430664,78.41999816894531,17530.0
2026-07-16 17:00:00,78.44000244140625,78.66999816894531,78.12000274658203,78.19000244140625,12411.0
2026-07-16 18:00:00,78.19000244140625,78.44999694824219,78.0,78.38999938964844,20623.0
2026-07-16 19:00:00,78.38999938964844,78.5199966430664,78.30999755859375,78.41000366210938,3439.0
2026-07-16 20:00:00,78.41000366210938,79.0199966430664,78.20999908447266,78.88999938964844,4292.0
2026-07-16 22:00:00,78.86000061035156,79.06999969482422,78.80999755859375,78.94000244140625,0.0
2026-07-16 23:00:00,78.93000030517578,79.02999877929688,78.91000366210938,79.0199966430664,1503.0
2026-07-17 00:00:00,79.01000213623047,79.13999938964844,78.79000091552734,79.11000061035156,2339.0
2026-07-17 01:00:00,79.11000061035156,79.58000183105469,79.0,79.16999816894531,4475.0
2026-07-17 02:00:00,79.16999816894531,79.23999786376953,78.7699966430664,79.02999877929688,2610.0
2026-07-17 03:00:00,79.01000213623047,79.16000366210938,78.87000274658203,79.16000366210938,1142.0
2026-07-17 04:00:00,79.1500015258789,79.27999877929688,79.06999969482422,79.19000244140625,1226.0
2026-07-17 05:00:00,79.19000244140625,79.20999908447266,78.12999725341797,78.37999725341797,3448.0
2026-07-17 06:00:00,78.43000030517578,78.88999938964844,77.93000030517578,78.6500015258789,5870.0
2026-07-17 07:00:00,78.62999725341797,79.13999938964844,78.61000061035156,78.7699966430664,4838.0
2026-07-17 08:00:00,78.76000213623047,79.31999969482422,78.52999877929688,79.29000091552734,6195.0
2026-07-17 09:00:00,79.31999969482422,79.93000030517578,79.29000091552734,79.7699966430664,10418.0
2026-07-17 10:00:00,79.7699966430664,80.08999633789062,79.55999755859375,79.9800033569336,8281.0
2026-07-17 11:00:00,79.98999786376953,80.31999969482422,79.9000015258789,80.19000244140625,7613.0
2026-07-17 12:00:00,80.19999694824219,80.45999908447266,80.05000305175781,80.3499984741211,11947.0
2026-07-17 13:00:00,80.33999633789062,81.19999694824219,80.29000091552734,81.13999938964844,23380.0
2026-07-17 14:00:00,81.13999938964844,81.25,80.16999816894531,80.22000122070312,21356.0
2026-07-17 15:00:00,80.20999908447266,80.8499984741211,79.81999969482422,80.68000030517578,26436.0
2026-07-17 16:00:00,80.69000244140625,81.54000091552734,80.62000274658203,81.47000122070312,20800.0
2026-07-17 17:00:00,81.47000122070312,81.87999725341797,81.27999877929688,81.7699966430664,21077.0
2026-07-17 18:00:00,81.7699966430664,82.06999969482422,81.33999633789062,81.41000366210938,32841.0
2026-07-17 19:00:00,81.41999816894531,81.47000122070312,81.08000183105469,81.44000244140625,8417.0
2026-07-17 20:00:00,81.44000244140625,81.86000061035156,81.31999969482422,81.77999877929688,6556.0
2026-07-19 22:00:00,83.87999725341797,84.5999984741211,83.79000091552734,84.02999877929688,8710.0
2026-07-19 23:00:00,84.04000091552734,84.16999816894531,83.70999908447266,83.83999633789062,4788.0
2026-07-20 00:00:00,83.8499984741211,83.9000015258789,83.5199966430664,83.56999969482422,4135.0
2026-07-20 01:00:00,83.56999969482422,83.86000061035156,83.36000061035156,83.69999694824219,4962.0
2026-07-20 02:00:00,83.69999694824219,83.8499984741211,83.30999755859375,83.36000061035156,3149.0
2026-07-20 03:00:00,83.3499984741211,83.6500015258789,83.31999969482422,83.63999938964844,1309.0
2026-07-20 04:00:00,83.63999938964844,83.7699966430664,83.47000122070312,83.55000305175781,1709.0
2026-07-20 05:00:00,83.54000091552734,83.86000061035156,83.43000030517578,83.80999755859375,2497.0
2026-07-20 06:00:00,83.80999755859375,84.19999694824219,83.66999816894531,83.88999938964844,7476.0
2026-07-20 07:00:00,83.87999725341797,84.16999816894531,82.11000061035156,82.22000122070312,17889.0
2026-07-20 08:00:00,82.20999908447266,82.2300033569336,81.2699966430664,81.56999969482422,14313.0
2026-07-20 09:00:00,81.56999969482422,81.73999786376953,80.94999694824219,81.16999816894531,8734.0
2026-07-20 10:00:00,81.18000030517578,81.83000183105469,81.1500015258789,81.63999938964844,6652.0
2026-07-20 11:00:00,81.62999725341797,81.72000122070312,79.58000183105469,80.27999877929688,27563.0
2026-07-20 12:00:00,80.26000213623047,82.12999725341797,80.23999786376953,81.87000274658203,33660.0
2026-07-20 13:00:00,81.87999725341797,81.98999786376953,81.0999984741211,81.70999908447266,24995.0
2026-07-20 14:00:00,81.70999908447266,82.06999969482422,81.29000091552734,82.0,24186.0
2026-07-20 15:00:00,81.98999786376953,82.08000183105469,81.11000061035156,81.55999755859375,22057.0
2026-07-20 16:00:00,81.56999969482422,82.44999694824219,81.18000030517578,81.88999938964844,24417.0
2026-07-20 17:00:00,81.9000015258789,82.29000091552734,81.66999816894531,82.16000366210938,21545.0
2026-07-20 18:00:00,82.16999816894531,83.16999816894531,81.81999969482422,82.86000061035156,37244.0
2026-07-20 19:00:00,82.87000274658203,82.98999786376953,82.16000366210938,82.41999816894531,10944.0
2026-07-20 20:00:00,82.43000030517578,82.55999755859375,82.36000061035156,82.41999816894531,2791.0
2026-07-20 22:00:00,82.41999816894531,82.69000244140625,82.4000015258789,82.62999725341797,0.0
2026-07-20 23:00:00,82.62999725341797,82.73999786376953,82.44999694824219,82.48999786376953,652.0
2026-07-21 00:00:00,82.47000122070312,82.55000305175781,82.31999969482422,82.5,1686.0
2026-07-21 01:00:00,82.51000213623047,82.55999755859375,81.91999816894531,82.41000366210938,3524.0
2026-07-21 02:00:00,82.43000030517578,82.52999877929688,82.12999725341797,82.1500015258789,1413.0
2026-07-21 03:00:00,82.1500015258789,82.4000015258789,82.0999984741211,82.19000244140625,1145.0
2026-07-21 04:00:00,82.16999816894531,82.23999786376953,81.91000366210938,82.13999938964844,1516.0
2026-07-21 05:00:00,82.13999938964844,82.41999816894531,81.81999969482422,82.05000305175781,2335.0
2026-07-21 06:00:00,82.05999755859375,82.31999969482422,81.91000366210938,82.31999969482422,3747.0
2026-07-21 07:00:00,82.30999755859375,83.05000305175781,81.88999938964844,81.91999816894531,8524.0
2026-07-21 08:00:00,81.91999816894531,82.44999694824219,81.38999938964844,82.23999786376953,10165.0
2026-07-21 09:00:00,82.25,83.37999725341797,81.94999694824219,83.26000213623047,10581.0
2026-07-21 10:00:00,83.26000213623047,83.37000274658203,82.29000091552734,83.2699966430664,13943.0
2026-07-21 11:00:00,83.26000213623047,84.0,83.19999694824219,83.83999633789062,14136.0
2026-07-21 12:00:00,83.8499984741211,84.43000030517578,83.33000183105469,84.12000274658203,22417.0
2026-07-21 13:00:00,84.13999938964844,84.94999694824219,84.06999969482422,84.37999725341797,30665.0
2026-07-21 14:00:00,84.37999725341797,85.02999877929688,84.06999969482422,84.69999694824219,34532.0
2026-07-21 15:00:00,84.7300033569336,84.8499984741211,83.69000244140625,84.51000213623047,33162.0
2026-07-21 16:00:00,84.51000213623047,84.56999969482422,84.0999984741211,84.38999938964844,16561.0
2026-07-21 17:00:00,84.4000015258789,84.5,84.02999877929688,84.36000061035156,15063.0
2026-07-21 18:00:00,84.3499984741211,84.56999969482422,83.97000122070312,84.51000213623047,34275.0
2026-07-21 19:00:00,84.5199966430664,84.76000213623047,84.44999694824219,84.66999816894531,9109.0
2026-07-21 20:00:00,84.66000366210938,84.73999786376953,84.30999755859375,84.54000091552734,4029.0
2026-07-21 22:00:00,84.69000244140625,84.80000305175781,84.58000183105469,84.70999908447266,0.0
2026-07-21 23:00:00,84.69999694824219,84.91000366210938,84.61000061035156,84.79000091552734,1478.0
2026-07-22 00:00:00,84.77999877929688,84.80999755859375,84.44000244140625,84.6500015258789,3192.0
2026-07-22 01:00:00,84.63999938964844,85.75,84.56999969482422,85.61000061035156,7148.0
2026-07-22 02:00:00,85.58999633789062,85.66000366210938,84.91999816894531,85.05000305175781,4356.0
2026-07-22 03:00:00,85.08000183105469,85.31999969482422,85.02999877929688,85.30999755859375,1599.0
2026-07-22 04:00:00,85.3499984741211,85.47000122070312,85.22000122070312,85.43000030517578,1611.0
2026-07-22 05:00:00,85.41999816894531,85.55999755859375,85.0199966430664,85.13999938964844,2455.0
2026-07-22 06:00:00,85.1500015258789,86.38999938964844,85.05000305175781,86.12999725341797,11107.0
2026-07-22 07:00:00,86.12999725341797,87.86000061035156,86.11000061035156,87.70999908447266,19827.0
2026-07-22 08:00:00,87.70999908447266,87.79000091552734,87.13999938964844,87.62000274658203,17666.0
2026-07-22 09:00:00,87.63999938964844,88.61000061035156,87.33999633789062,88.44000244140625,25321.0
2026-07-22 10:00:00,88.44999694824219,88.45999908447266,86.91000366210938,87.18000030517578,26485.0
2026-07-22 11:00:00,87.18000030517578,87.86000061035156,87.0199966430664,87.3499984741211,17286.0
2026-07-22 12:00:00,87.33999633789062,87.7699966430664,86.54000091552734,87.22000122070312,23805.0
2026-07-22 13:00:00,87.2300033569336,87.37999725341797,86.1500015258789,86.95999908447266,36852.0
2026-07-22 14:00:00,86.95999908447266,87.18000030517578,86.41000366210938,86.69999694824219,23235.0
2026-07-22 15:00:00,86.70999908447266,87.31999969482422,85.77999877929688,86.0199966430664,29700.0
2026-07-22 16:00:00,86.01000213623047,86.55000305175781,85.91999816894531,86.30999755859375,15419.0
2026-07-22 17:00:00,86.31999969482422,86.94999694824219,86.31999969482422,86.80999755859375,16880.0
2026-07-22 18:00:00,86.81999969482422,87.0999984741211,86.62999725341797,87.05999755859375,27057.0
2026-07-22 19:00:00,87.06999969482422,87.16999816894531,86.45999908447266,86.51000213623047,10293.0
2026-07-22 20:00:00,86.5199966430664,86.66999816894531,86.20999908447266,86.4800033569336,4272.0
2026-07-22 22:00:00,87.72000122070312,88.4000015258789,87.31999969482422,87.94999694824219,0.0
2026-07-22 23:00:00,87.94000244140625,88.01000213623047,87.7300033569336,87.80999755859375,1642.0
2026-07-23 00:00:00,87.80000305175781,88.4000015258789,87.36000061035156,87.9800033569336,6888.0
2026-07-23 01:00:00,87.95999908447266,88.63999938964844,87.81999969482422,88.11000061035156,5518.0
2026-07-23 02:00:00,88.12000274658203,88.47000122070312,88.04000091552734,88.23999786376953,2487.0
2026-07-23 03:00:00,88.23999786376953,88.66999816894531,88.19999694824219,88.48999786376953,3739.0
2026-07-23 04:00:00,88.45999908447266,88.47000122070312,87.93000030517578,88.12999725341797,2554.0
2026-07-23 05:00:00,88.12000274658203,88.41000366210938,87.66000366210938,88.30000305175781,3684.0
2026-07-23 06:00:00,88.29000091552734,88.80000305175781,87.93000030517578,88.63999938964844,6841.0
2026-07-23 07:00:00,88.62999725341797,89.8499984741211,88.5999984741211,89.30000305175781,18364.0
2026-07-23 08:00:00,89.33000183105469,89.76000213623047,88.91000366210938,89.5,14860.0
2026-07-23 09:00:00,89.5199966430664,90.36000061035156,89.23999786376953,90.22000122070312,17542.0
2026-07-23 10:00:00,90.22000122070312,90.72000122070312,89.86000061035156,90.12999725341797,14631.0
2026-07-23 11:00:00,90.12000274658203,91.19000244140625,90.0999984741211,90.69000244140625,15537.0
2026-07-23 12:00:00,90.69000244140625,91.4000015258789,90.5199966430664,90.83999633789062,27740.0
2026-07-23 13:00:00,90.83999633789062,91.88999938964844,90.68000030517578,91.7300033569336,36540.0
2026-07-23 14:00:00,91.7300033569336,92.16000366210938,90.9800033569336,91.9000015258789,33708.0
2026-07-23 15:00:00,91.88999938964844,92.81999969482422,91.7300033569336,91.8499984741211,49246.0
2026-07-23 16:00:00,91.8499984741211,92.56999969482422,91.58999633789062,92.33000183105469,22211.0
2026-07-23 17:00:00,92.33000183105469,93.29000091552734,92.30999755859375,93.2300033569336,24679.0
2026-07-23 18:00:00,93.25,93.5,91.94000244140625,92.02999877929688,42466.0
2026-07-23 19:00:00,92.02999877929688,92.02999877929688,91.12999725341797,91.61000061035156,12234.0
2026-07-23 20:00:00,91.61000061035156,92.43000030517578,91.41999816894531,92.36000061035156,8255.0
2026-07-23 22:00:00,92.55000305175781,92.66000366210938,92.05000305175781,92.08999633789062,0.0
2026-07-23 23:00:00,92.08000183105469,92.52999877929688,92.05999755859375,92.29000091552734,1635.0
2026-07-24 00:00:00,92.27999877929688,92.83000183105469,91.88999938964844,91.9000015258789,4635.0
2026-07-24 01:00:00,91.9000015258789,91.9000015258789,91.16000366210938,91.6500015258789,6690.0
2026-07-24 02:00:00,91.63999938964844,92.05000305175781,91.61000061035156,91.91999816894531,2628.0
2026-07-24 03:00:00,91.91000366210938,92.4000015258789,91.87000274658203,91.94999694824219,4378.0
2026-07-24 04:00:00,91.91000366210938,91.98999786376953,91.54000091552734,91.6500015258789,1961.0
2026-07-24 05:00:00,91.6500015258789,91.86000061035156,91.18000030517578,91.5,2625.0
2026-07-24 06:00:00,91.5,91.6500015258789,90.51000213623047,90.55999755859375,8955.0
2026-07-24 07:00:00,90.58000183105469,90.75,90.1500015258789,90.44999694824219,13457.0
2026-07-24 08:00:00,90.44000244140625,90.80999755859375,89.41999816894531,89.5999984741211,18274.0
2026-07-24 09:00:00,89.58999633789062,89.62999725341797,88.73999786376953,89.01000213623047,18405.0
2026-07-24 10:00:00,89.02999877929688,90.16999816894531,88.83000183105469,89.9000015258789,14131.0
2026-07-24 11:00:00,89.9000015258789,90.12999725341797,88.94000244140625,89.4000015258789,10784.0
2026-07-24 12:00:00,89.37999725341797,90.02999877929688,88.95999908447266,89.38999938964844,18153.0
2026-07-24 13:00:00,89.38999938964844,90.55999755859375,89.12999725341797,89.93000030517578,30640.0
2026-07-24 14:00:00,89.94000244140625,90.05000305175781,89.2699966430664,89.68000030517578,32435.0
2026-07-24 15:00:00,89.68000030517578,90.0,87.68000030517578,88.4000015258789,56271.0
2026-07-24 16:00:00,88.38999938964844,88.66000366210938,88.06999969482422,88.38999938964844,19577.0
2026-07-24 17:00:00,88.37999725341797,89.19999694824219,88.19999694824219,89.06999969482422,19021.0
2026-07-24 18:00:00,89.08000183105469,89.41999816894531,88.58000183105469,89.37000274658203,28273.0
2026-07-24 19:00:00,89.37999725341797,89.80999755859375,88.93000030517578,89.7699966430664,12876.0
2026-07-24 20:00:00,89.76000213623047,90.6500015258789,89.30999755859375,89.30999755859375,8548.0
2026-07-26 22:00:00,84.62999725341797,85.02999877929688,83.87999725341797,84.81999969482422,8316.0
2026-07-26 23:00:00,84.80999755859375,85.16000366210938,84.48999786376953,84.62999725341797,5418.0
2026-07-27 00:00:00,84.61000061035156,84.94999694824219,84.04000091552734,84.79000091552734,6473.0
2026-07-27 01:00:00,84.77999877929688,85.44999694824219,84.62000274658203,85.27999877929688,5049.0
2026-07-27 02:00:00,85.26000213623047,85.69999694824219,85.16999816894531,85.58000183105469,3625.0
2026-07-27 03:00:00,85.58000183105469,85.58999633789062,85.05999755859375,85.20999908447266,2693.0
2026-07-27 04:00:00,85.20999908447266,85.20999908447266,84.47000122070312,84.83999633789062,3364.0
2026-07-27 05:00:00,84.8499984741211,84.95999908447266,84.37000274658203,84.58000183105469,2864.0
2026-07-27 06:00:00,84.56999969482422,84.62999725341797,83.37999725341797,83.47000122070312,11613.0
2026-07-27 07:00:00,83.48999786376953,84.5999984741211,83.33999633789062,84.58999633789062,12543.0
2026-07-27 08:00:00,84.58999633789062,84.8499984741211,82.87000274658203,82.94999694824219,18229.0
2026-07-27 09:00:00,82.95999908447266,83.27999877929688,82.12000274658203,82.33999633789062,19639.0
2026-07-27 10:00:00,82.3499984741211,83.55999755859375,82.31999969482422,83.2699966430664,16622.0
2026-07-27 11:00:00,83.26000213623047,83.94999694824219,83.02999877929688,83.3499984741211,14115.0
2026-07-27 12:00:00,83.36000061035156,84.33999633789062,83.36000061035156,84.0199966430664,20135.0
2026-07-27 13:00:00,84.0199966430664,84.55000305175781,83.68000030517578,84.22000122070312,24852.0
2026-07-27 14:00:00,84.2300033569336,84.2699966430664,83.44999694824219,83.56999969482422,19479.0
2026-07-27 15:00:00,83.58000183105469,83.83999633789062,82.9800033569336,83.38999938964844,23118.0
2026-07-27 16:00:00,83.37999725341797,83.7699966430664,82.31999969482422,82.83999633789062,29749.0
2026-07-27 17:00:00,82.8499984741211,83.0,82.51000213623047,82.62000274658203,18854.0
2026-07-27 18:00:00,82.62000274658203,82.95999908447266,81.98999786376953,82.12999725341797,35699.0
2026-07-27 19:00:00,82.12999725341797,82.44999694824219,81.91000366210938,81.93000030517578,7999.0
2026-07-27 20:00:00,81.93000030517578,82.08000183105469,81.62999725341797,81.91000366210938,7854.0
2026-07-27 22:00:00,82.0,82.19000244140625,81.56999969482422,82.11000061035156,0.0
2026-07-27 23:00:00,82.12000274658203,82.22000122070312,82.0,82.05000305175781,696.0
2026-07-28 00:00:00,82.02999877929688,82.19000244140625,81.43000030517578,82.11000061035156,4212.0
2026-07-28 01:00:00,82.11000061035156,82.23999786376953,81.45999908447266,81.62999725341797,4627.0
2026-07-28 02:00:00,81.62000274658203,81.77999877929688,80.69000244140625,80.81999969482422,6316.0
2026-07-28 03:00:00,80.83999633789062,81.58000183105469,80.5999984741211,81.55999755859375,4915.0
2026-07-28 04:00:00,81.58000183105469,81.93000030517578,81.54000091552734,81.62999725341797,2829.0
2026-07-28 05:00:00,81.62999725341797,82.43000030517578,81.47000122070312,82.1500015258789,3653.0
2026-07-28 06:00:00,82.13999938964844,82.61000061035156,80.61000061035156,80.80999755859375,7487.0
2026-07-28 07:00:00,80.80999755859375,81.54000091552734,80.54000091552734,80.77999877929688,10685.0
2026-07-28 08:00:00,80.77999877929688,80.8499984741211,79.80000305175781,80.19999694824219,21105.0
2026-07-28 09:00:00,80.19999694824219,81.22000122070312,80.19999694824219,80.62000274658203,11351.0
2026-07-28 10:00:00,80.62999725341797,81.48999786376953,80.58000183105469,81.16999816894531,7951.0
2026-07-28 11:00:00,81.16999816894531,81.91999816894531,80.69000244140625,81.72000122070312,11347.0
2026-07-28 12:00:00,81.72000122070312,81.7300033569336,80.62999725341797,80.79000091552734,14617.0
2026-07-28 13:00:00,80.80999755859375,81.6500015258789,80.73999786376953,81.44999694824219,20846.0
2026-07-28 14:00:00,81.44000244140625,81.83000183105469,80.87000274658203,81.44999694824219,21852.0
2026-07-28 15:00:00,81.44000244140625,81.58000183105469,78.2699966430664,78.36000061035156,64296.0
2026-07-28 16:00:00,78.36000061035156,78.83999633789062,77.77999877929688,78.66000366210938,47842.0
2026-07-28 17:00:00,78.66000366210938,79.66000366210938,78.33000183105469,79.44000244140625,31491.0
2026-07-28 18:00:00,79.44000244140625,79.5,78.80999755859375,79.20999908447266,30419.0
2026-07-28 19:00:00,79.20999908447266,79.23999786376953,78.87999725341797,79.12000274658203,5684.0
2026-07-28 20:00:00,79.12000274658203,79.30000305175781,78.83999633789062,79.12999725341797,5069.0
2026-07-28 22:00:00,80.04000091552734,83.25,79.91999816894531,82.62999725341797,0.0
2026-07-28 23:00:00,82.62999725341797,83.30000305175781,81.80999755859375,81.88999938964844,7654.0
2026-07-29 00:00:00,81.87000274658203,82.5999984741211,81.62000274658203,82.45999908447266,10633.0
2026-07-29 01:00:00,82.44999694824219,83.05000305175781,82.30999755859375,82.76000213623047,6387.0
2026-07-29 02:00:00,82.76000213623047,82.83000183105469,82.05000305175781,82.30999755859375,3582.0
2026-07-29 03:00:00,82.30999755859375,82.7699966430664,82.30999755859375,82.70999908447266,2523.0
2026-07-29 04:00:00,82.69000244140625,82.69000244140625,81.87999725341797,82.04000091552734,2475.0
2026-07-29 05:00:00,82.04000091552734,82.26000213623047,81.79000091552734,82.23999786376953,3147.0
2026-07-29 06:00:00,82.23999786376953,82.43000030517578,81.80000305175781,82.0999984741211,3909.0
2026-07-29 07:00:00,82.0999984741211,82.37000274658203,81.70999908447266,82.0199966430664,7372.0
2026-07-29 08:00:00,82.02999877929688,82.38999938964844,81.51000213623047,81.87999725341797,10112.0
2026-07-29 09:00:00,81.87999725341797,82.30999755859375,81.69000244140625,82.11000061035156,5838.0
2026-07-29 10:00:00,82.11000061035156,83.27999877929688,81.9800033569336,83.18000030517578,10960.0
2026-07-29 11:00:00,83.18000030517578,83.33999633789062,82.36000061035156,82.52999877929688,11116.0
2026-07-29 12:00:00,82.54000091552734,84.76000213623047,82.5,84.54000091552734,32537.0
2026-07-29 13:00:00,84.55000305175781,84.94999694824219,84.0999984741211,84.8499984741211,22062.0
2026-07-29 14:00:00,84.83999633789062,85.4800033569336,84.33999633789062,85.36000061035156,25769.0
2026-07-29 15:00:00,85.36000061035156,85.56999969482422,84.36000061035156,84.98999786376953,29821.0
2026-07-29 16:00:00,84.98999786376953,85.22000122070312,84.18000030517578,84.58999633789062,22794.0
2026-07-29 17:00:00,84.58000183105469,84.81999969482422,84.30000305175781,84.58999633789062,17866.0
2026-07-29 18:00:00,84.5999984741211,84.94000244140625,84.30000305175781,84.44999694824219,32659.0
2026-07-29 19:00:00,84.44000244140625,85.25,84.05999755859375,84.88999938964844,13979.0
2026-07-29 20:00:00,84.88999938964844,85.0199966430664,84.51000213623047,84.5999984741211,4792.0
2026-07-29 22:00:00,84.6500015258789,84.69999694824219,84.23999786376953,84.43000030517578,0.0
2026-07-29 23:00:00,84.41999816894531,84.72000122070312,84.11000061035156,84.19999694824219,2245.0
2026-07-30 00:00:00,84.20999908447266,84.62000274658203,83.20999908447266,84.52999877929688,7359.0
2026-07-30 01:00:00,84.5,84.51000213623047,83.62999725341797,83.80000305175781,4209.0
2026-07-30 02:00:00,83.7699966430664,83.80000305175781,83.23999786376953,83.43000030517578,3398.0
2026-07-30 03:00:00,83.41999816894531,83.75,83.22000122070312,83.6500015258789,1764.0
2026-07-30 04:00:00,83.6500015258789,84.16999816894531,83.62000274658203,84.05000305175781,1799.0
2026-07-30 05:00:00,84.06999969482422,85.38999938964844,83.97000122070312,85.22000122070312,8200.0
2026-07-30 06:00:00,85.18000030517578,85.9000015258789,85.08000183105469,85.30999755859375,13952.0
2026-07-30 07:00:00,85.30000305175781,85.94000244140625,84.58999633789062,85.16999816894531,13139.0
2026-07-30 08:00:00,85.16999816894531,85.36000061035156,84.30000305175781,84.76000213623047,11605.0
2026-07-30 09:00:00,84.73999786376953,84.83000183105469,83.83999633789062,84.45999908447266,12651.0
2026-07-30 10:00:00,84.47000122070312,84.6500015258789,83.26000213623047,83.73999786376953,7431.0
2026-07-30 11:00:00,83.7699966430664,83.93000030517578,83.29000091552734,83.54000091552734,8258.0
2026-07-30 12:00:00,83.55000305175781,84.48999786376953,83.4000015258789,84.4800033569336,13315.0
2026-07-30 13:00:00,84.47000122070312,84.5199966430664,82.97000122070312,83.76000213623047,19094.0
2026-07-30 14:00:00,83.7699966430664,84.4800033569336,83.62999725341797,84.20999908447266,16647.0
2026-07-30 15:00:00,84.22000122070312,84.86000061035156,83.58999633789062,84.06999969482422,16896.0
2026-07-30 16:00:00,84.06999969482422,84.29000091552734,83.51000213623047,84.08999633789062,10201.0
2026-07-30 17:00:00,84.0999984741211,84.38999938964844,83.6500015258789,84.08000183105469,12079.0
2026-07-30 18:00:00,84.08000183105469,84.27999877929688,83.47000122070312,83.5199966430664,20841.0
2026-07-30 19:00:00,83.54000091552734,83.83000183105469,83.44000244140625,83.6500015258789,4129.0
2026-07-30 20:00:00,83.66000366210938,84.20999908447266,83.58000183105469,83.95999908447266,3552.0
2026-07-30 22:00:00,83.91999816894531,84.31999969482422,83.87999725341797,84.05999755859375,0.0
2026-07-30 23:00:00,84.05000305175781,84.12000274658203,83.93000030517578,84.05999755859375,491.0
2026-07-31 00:00:00,84.05999755859375,84.18000030517578,83.5199966430664,83.55000305175781,1715.0
2026-07-31 01:00:00,83.54000091552734,83.54000091552734,82.08999633789062,82.47000122070312,7281.0
2026-07-31 02:00:00,82.47000122070312,82.47000122070312,81.5999984741211,82.2699966430664,5204.0
2026-07-31 03:00:00,82.27999877929688,82.5,82.06999969482422,82.36000061035156,1935.0
2026-07-31 04:00:00,82.33999633789062,82.4000015258789,81.62999725341797,81.66000366210938,2148.0
2026-07-31 05:00:00,81.6500015258789,81.98999786376953,81.05999755859375,81.69000244140625,3836.0
2026-07-31 06:00:00,81.69999694824219,82.2300033569336,81.61000061035156,82.02999877929688,3955.0
2026-07-31 07:00:00,82.0199966430664,82.69000244140625,81.9800033569336,82.18000030517578,6700.0
2026-07-31 08:00:00,82.16000366210938,82.88999938964844,81.94000244140625,82.58999633789062,7410.0
2026-07-31 09:00:00,82.58000183105469,83.77999877929688,82.54000091552734,83.70999908447266,11110.0
2026-07-31 10:00:00,83.72000122070312,84.5,83.72000122070312,84.30000305175781,8073.0
2026-07-31 11:00:00,84.30000305175781,85.08999633789062,84.0999984741211,84.86000061035156,14291.0
2026-07-31 12:00:00,84.87000274658203,86.44999694824219,84.86000061035156,85.88999938964844,19625.0
2026-07-31 13:00:00,85.88999938964844,85.9800033569336,85.2699966430664,85.5199966430664,20706.0
2026-07-31 14:00:00,85.5199966430664,85.93000030517578,84.73999786376953,85.79000091552734,20566.0
2026-07-31 15:00:00,85.77999877929688,86.01000213623047,83.98999786376953,84.06999969482422,31963.0
2026-07-31 16:00:00,84.08999633789062,84.83999633789062,84.05999755859375,84.69999694824219,16311.0
2026-07-31 17:00:00,84.72000122070312,85.0999984741211,84.52999877929688,84.69999694824219,16705.0
2026-07-31 18:00:00,84.69000244140625,85.16000366210938,84.4800033569336,84.61000061035156,21263.0
2026-07-31 19:00:00,84.5999984741211,84.94999694824219,84.54000091552734,84.7699966430664,4777.0
2026-07-31 20:00:00,84.75,86.87000274658203,84.45999908447266,84.66999816894531,8276.0
2026-08-02 22:00:00,80.01000213623047,81.30000305175781,79.83999633789062,81.23999786376953,7267.0
2026-08-02 23:00:00,81.23999786376953,81.30000305175781,80.43000030517578,80.70999908447266,3114.0
2026-08-03 00:00:00,80.70999908447266,81.0,80.31999969482422,80.62000274658203,3802.0
2026-08-03 01:00:00,80.62999725341797,80.80999755859375,80.0199966430664,80.11000061035156,4960.0
2026-08-03 02:00:00,80.12000274658203,80.37000274658203,79.55999755859375,79.69999694824219,4244.0
2026-08-03 03:00:00,79.69000244140625,80.16000366210938,79.62999725341797,79.79000091552734,3208.0
2026-08-03 04:00:00,79.75,79.83000183105469,79.5,79.5199966430664,1924.0
2026-08-03 05:00:00,79.51000213623047,79.9000015258789,79.37999725341797,79.63999938964844,2525.0
2026-08-03 06:00:00,79.6500015258789,79.72000122070312,78.87000274658203,79.0999984741211,5373.0
2026-08-03 07:00:00,79.08999633789062,80.41999816894531,79.05999755859375,79.66999816894531,12130.0
2026-08-03 08:00:00,79.68000030517578,80.66000366210938,79.55000305175781,80.2699966430664,10023.0
2026-08-03 09:00:00,80.2699966430664,80.31999969482422,79.47000122070312,80.05000305175781,8568.0
2026-08-03 10:00:00,80.04000091552734,80.04000091552734,79.30999755859375,79.5,5730.0
2026-08-03 11:00:00,79.51000213623047,79.87999725341797,79.0,79.04000091552734,8758.0
2026-08-03 12:00:00,79.04000091552734,79.38999938964844,78.81999969482422,79.0199966430664,14336.0
2026-08-03 13:00:00,79.01000213623047,79.4000015258789,78.43000030517578,79.12999725341797,25782.0
2026-08-03 14:00:00,79.12999725341797,79.66999816894531,79.02999877929688,79.66999816894531,19952.0
2026-08-03 15:00:00,79.66999816894531,80.16000366210938,79.38999938964844,79.63999938964844,22622.0
2026-08-03 16:00:00,79.62999725341797,79.9000015258789,79.2699966430664,79.58000183105469,18446.0
2026-08-03 17:00:00,79.58000183105469,80.30999755859375,79.55999755859375,80.01000213623047,25522.0
2026-08-03 18:00:00,80.0,80.6500015258789,79.45999908447266,80.38999938964844,36950.0
2026-08-03 19:00:00,80.38999938964844,80.5999984741211,80.12000274658203,80.12999725341797,7288.0
2026-08-03 20:00:00,80.1500015258789,80.23999786376953,79.8499984741211,80.05999755859375,2884.0
2026-08-03 22:00:00,80.0999984741211,80.16000366210938,79.62000274658203,80.08000183105469,0.0
2026-08-03 23:00:00,80.0999984741211,80.3499984741211,79.81999969482422,80.23999786376953,1480.0
2026-08-04 00:00:00,80.23999786376953,81.18000030517578,80.2300033569336,81.01000213623047,4518.0
2026-08-04 01:00:00,81.0199966430664,81.22000122070312,80.6500015258789,80.9800033569336,3238.0
2026-08-04 02:00:00,80.98999786376953,81.2699966430664,80.77999877929688,81.18000030517578,1914.0
2026-08-04 03:00:00,81.1500015258789,81.27999877929688,80.86000061035156,81.19000244140625,2090.0
2026-08-04 04:00:00,81.19000244140625,81.30000305175781,81.05999755859375,81.2300033569336,1116.0
2026-08-04 05:00:00,81.22000122070312,81.44999694824219,80.87000274658203,80.9000015258789,2285.0
2026-08-04 06:00:00,80.87999725341797,81.08000183105469,80.41000366210938,80.44999694824219,3675.0
2026-08-04 07:00:00,80.44000244140625,81.04000091552734,80.20999908447266,80.73999786376953,6680.0
2026-08-04 08:00:00,80.7699966430664,82.27999877929688,80.44999694824219,82.0999984741211,13231.0
2026-08-04 09:00:00,82.12000274658203,82.33000183105469,81.70999908447266,81.8499984741211,11440.0
2026-08-04 10:00:00,81.83000183105469,82.0199966430664,80.5199966430664,80.83000183105469,17804.0
2026-08-04 11:00:00,80.83000183105469,80.95999908447266,76.58000183105469,76.66999816894531,42593.0
2026-08-04 12:00:00,76.66999816894531,78.12000274658203,76.66000366210938,77.51000213623047,29334.0
2026-08-04 13:00:00,77.48999786376953,77.86000061035156,75.7699966430664,75.97000122070312,44547.0
2026-08-04 14:00:00,75.9800033569336,77.0199966430664,75.79000091552734,76.9000015258789,29437.0
2026-08-04 15:00:00,76.91000366210938,77.05999755859375,75.16000366210938,75.73999786376953,35204.0
2026-08-04 16:00:00,75.73999786376953,76.31999969482422,75.69999694824219,76.19999694824219,17603.0
2026-08-04 17:00:00,76.19999694824219,76.2699966430664,75.56999969482422,75.88999938964844,15508.0
2026-08-04 18:00:00,75.88999938964844,75.9800033569336,75.54000091552734,75.80000305175781,29737.0
2026-08-04 19:00:00,75.79000091552734,76.01000213623047,75.66000366210938,75.79000091552734,6855.0
2026-08-04 20:00:00,75.79000091552734,75.83999633789062,75.11000061035156,75.13999938964844,7558.0
2026-08-04 22:00:00,75.16999816894531,75.44000244140625,75.13999938964844,75.3499984741211,0.0
2026-08-04 23:00:00,75.33999633789062,75.38999938964844,75.06999969482422,75.2300033569336,1269.0
2026-08-05 00:00:00,75.22000122070312,75.5,74.30000305175781,75.38999938964844,5093.0
2026-08-05 01:00:00,75.37999725341797,76.05999755859375,75.37999725341797,75.9800033569336,3908.0
2026-08-05 02:00:00,75.95999908447266,76.02999877929688,74.23999786376953,74.73999786376953,8708.0
2026-08-05 03:00:00,74.7300033569336,74.8499984741211,74.44999694824219,74.58000183105469,3048.0
2026-08-05 04:00:00,74.56999969482422,75.29000091552734,74.5,75.1500015258789,2906.0
2026-08-05 05:00:00,75.16999816894531,75.33000183105469,74.75,75.04000091552734,2906.0
2026-08-05 06:00:00,75.05999755859375,75.4800033569336,74.94000244140625,75.0199966430664,4514.0
2026-08-05 07:00:00,75.02999877929688,76.27999877929688,74.87999725341797,76.01000213623047,10883.0
2026-08-05 08:00:00,76.01000213623047,76.38999938964844,75.75,76.23999786376953,11006.0
2026-08-05 09:00:00,76.20999908447266,76.55000305175781,75.83999633789062,76.51000213623047,6422.0
2026-08-05 10:00:00,76.5199966430664,76.69999694824219,76.13999938964844,76.2300033569336,6064.0
2026-08-05 11:00:00,76.23999786376953,76.38999938964844,75.80999755859375,76.05999755859375,7664.0
2026-08-05 12:00:00,76.05000305175781,76.5999984741211,75.80000305175781,76.5199966430664,12645.0
2026-08-05 13:00:00,76.52999877929688,76.54000091552734,74.93000030517578,75.5,28969.0
2026-08-05 14:00:00,75.51000213623047,75.58000183105469,74.6500015258789,75.13999938964844,29892.0
2026-08-05 15:00:00,75.1500015258789,75.81999969482422,74.52999877929688,75.58999633789062,24559.0
2026-08-05 16:00:00,75.58999633789062,75.77999877929688,74.72000122070312,74.91000366210938,14461.0
2026-08-05 17:00:00,74.9000015258789,75.0199966430664,74.44999694824219,74.87000274658203,17490.0
2026-08-05 18:00:00,74.87999725341797,75.43000030517578,74.8499984741211,75.33000183105469,24426.0
2026-08-05 19:00:00,75.31999969482422,75.37999725341797,75.01000213623047,75.18000030517578,3465.0
2026-08-05 20:00:00,75.16000366210938,75.16000366210938,74.87000274658203,75.05999755859375,3152.0
2026-08-05 21:00:00,75.08000183105469,75.08000183105469,75.08000183105469,75.08000183105469,1.0
2026-08-05 22:00:00,75.13999938964844,75.2699966430664,74.88999938964844,75.05000305175781,0.0
2026-08-05 23:00:00,75.04000091552734,75.0999984741211,74.83999633789062,74.87000274658203,551.0
2026-08-06 00:00:00,74.88999938964844,75.16000366210938,74.63999938964844,74.94999694824219,2163.0
2026-08-06 01:00:00,74.94999694824219,76.04000091552734,74.91000366210938,75.76000213623047,6344.0
2026-08-06 02:00:00,75.7300033569336,75.80000305175781,75.41999816894531,75.4800033569336,1803.0
2026-08-06 03:00:00,75.45999908447266,75.55999755859375,74.91000366210938,74.98999786376953,1931.0
2026-08-06 04:00:00,74.9000015258789,74.94999694824219,74.61000061035156,74.80999755859375,2275.0
2026-08-06 05:00:00,74.80999755859375,74.97000122070312,74.56999969482422,74.87000274658203,2218.0
2026-08-06 06:00:00,74.88999938964844,75.63999938964844,74.83999633789062,75.2699966430664,4189.0
2026-08-06 07:00:00,75.2699966430664,75.52999877929688,74.9800033569336,75.41999816894531,4729.0
2026-08-06 08:00:00,75.41999816894531,75.80000305175781,74.9000015258789,75.16999816894531,9463.0
2026-08-06 09:00:00,75.16999816894531,75.5199966430664,75.06999969482422,75.13999938964844,3885.0
2026-08-06 10:00:00,75.1500015258789,76.05000305175781,75.12000274658203,75.88999938964844,6420.0
2026-08-06 11:00:00,75.87999725341797,76.2300033569336,75.68000030517578,75.69000244140625,7176.0
2026-08-06 12:00:00,75.69000244140625,76.43000030517578,75.61000061035156,76.22000122070312,13180.0
2026-08-06 13:00:00,76.22000122070312,76.83999633789062,75.9000015258789,76.12000274658203,22114.0
2026-08-06 14:00:00,76.12999725341797,76.76000213623047,75.94000244140625,76.58000183105469,14337.0
2026-08-06 15:00:00,76.58999633789062,78.1500015258789,76.51000213623047,77.75,31877.0
2026-08-06 16:00:00,77.73999786376953,78.08999633789062,77.58000183105469,77.87999725341797,19545.0
2026-08-06 17:00:00,77.87999725341797,77.9000015258789,77.13999938964844,77.30999755859375,17153.0
2026-08-06 18:00:00,77.30999755859375,77.48999786376953,77.11000061035156,77.4000015258789,24972.0
2026-08-06 19:00:00,77.41000366210938,78.33000183105469,77.41000366210938,77.72000122070312,12270.0
2026-08-06 20:00:00,77.68000030517578,78.51000213623047,77.61000061035156,78.2300033569336,5772.0
2026-08-06 22:00:00,78.16999816894531,78.20999908447266,77.80000305175781,78.11000061035156,0.0
2026-08-06 23:00:00,78.12000274658203,78.12999725341797,77.94999694824219,77.98999786376953,716.0
2026-08-07 00:00:00,77.9800033569336,78.41999816894531,77.87000274658203,77.94000244140625,3504.0
2026-08-07 01:00:00,77.94000244140625,78.02999877929688,77.7300033569336,77.91999816894531,1884.0
2026-08-07 02:00:00,77.91999816894531,78.20999908447266,77.91999816894531,78.0,1398.0
2026-08-07 03:00:00,78.01000213623047,78.26000213623047,77.9000015258789,78.05000305175781,1331.0
2026-08-07 04:00:00,78.05000305175781,78.7699966430664,77.98999786376953,78.31999969482422,4863.0
2026-08-07 05:00:00,78.33000183105469,78.38999938964844,78.05999755859375,78.05999755859375,1630.0
2026-08-07 06:00:00,78.05999755859375,78.1500015258789,77.55999755859375,77.87000274658203,3995.0
2026-08-07 07:00:00,77.87999725341797,78.05000305175781,77.51000213623047,77.76000213623047,3934.0
2026-08-07 08:00:00,77.7699966430664,78.04000091552734,77.45999908447266,77.73999786376953,7112.0
2026-08-07 09:00:00,77.75,77.83999633789062,77.08999633789062,77.25,6104.0
2026-08-07 10:00:00,77.23999786376953,77.31999969482422,76.79000091552734,76.81999969482422,8226.0
2026-08-07 11:00:00,76.83000183105469,77.08000183105469,76.56999969482422,76.73999786376953,6875.0
2026-08-07 12:00:00,76.75,77.52999877929688,76.58000183105469,76.73999786376953,16740.0
2026-08-07 13:00:00,76.7300033569336,77.33999633789062,76.52999877929688,77.33999633789062,15713.0
2026-08-07 14:00:00,77.31999969482422,78.0999984741211,77.18000030517578,78.08999633789062,17751.0
2026-08-07 15:00:00,78.08999633789062,78.48999786376953,77.94999694824219,78.4000015258789,20364.0
2026-08-07 16:00:00,78.41000366210938,78.5,78.13999938964844,78.36000061035156,13482.0
2026-08-07 17:00:00,78.37000274658203,78.37000274658203,77.72000122070312,78.08000183105469,18571.0
2026-08-07 18:00:00,78.06999969482422,78.37000274658203,77.93000030517578,78.11000061035156,34358.0
2026-08-07 19:00:00,78.11000061035156,78.11000061035156,76.81999969482422,77.02999877929688,13074.0
2026-08-07 20:00:00,77.01000213623047,78.18000030517578,76.83999633789062,78.18000030517578,3462.0
2026-08-09 22:00:00,79.2300033569336,79.2699966430664,78.55999755859375,78.8499984741211,3450.0
2026-08-09 23:00:00,78.8499984741211,78.93000030517578,78.5999984741211,78.7699966430664,1365.0
2026-08-10 00:00:00,78.76000213623047,78.95999908447266,78.5,78.66000366210938,2516.0
2026-08-10 01:00:00,78.6500015258789,79.16000366210938,78.18000030517578,78.87999725341797,3746.0
2026-08-10 02:00:00,78.87999725341797,79.01000213623047,78.58999633789062,78.81999969482422,1227.0
2026-08-10 03:00:00,78.8499984741211,78.86000061035156,78.55000305175781,78.80999755859375,1024.0
2026-08-10 04:00:00,78.79000091552734,78.87000274658203,78.33000183105469,78.44999694824219,1450.0
2026-08-10 05:00:00,78.45999908447266,78.61000061035156,77.80000305175781,77.83000183105469,3127.0
2026-08-10 06:00:00,77.83000183105469,78.31999969482422,77.79000091552734,77.93000030517578,3535.0
2026-08-10 07:00:00,77.93000030517578,78.6500015258789,77.81999969482422,78.19999694824219,6698.0
2026-08-10 08:00:00,78.19999694824219,79.36000061035156,78.18000030517578,79.12999725341797,8245.0
2026-08-10 09:00:00,79.12999725341797,79.13999938964844,78.66000366210938,79.0199966430664,4737.0
2026-08-10 10:00:00,79.0199966430664,79.58999633789062,78.44000244140625,79.47000122070312,7017.0
2026-08-10 11:00:00,79.4800033569336,79.63999938964844,78.97000122070312,79.56999969482422,8800.0
2026-08-10 12:00:00,79.58000183105469,79.9800033569336,79.2699966430664,79.7300033569336,10990.0
2026-08-10 13:00:00,79.7300033569336,80.9800033569336,79.16999816894531,80.86000061035156,27514.0
2026-08-10 14:00:00,80.86000061035156,80.91000366210938,80.27999877929688,80.80000305175781,17865.0
2026-08-10 15:00:00,80.77999877929688,81.4000015258789,80.66000366210938,81.02999877929688,21626.0
2026-08-10 16:00:00,81.04000091552734,81.62000274658203,80.81999969482422,81.41000366210938,18465.0
2026-08-10 17:00:00,81.43000030517578,81.95999908447266,81.43000030517578,81.94999694824219,21526.0
2026-08-10 18:00:00,81.94999694824219,82.31999969482422,81.76000213623047,81.9000015258789,44624.0
2026-08-10 19:00:00,81.9000015258789,82.1500015258789,81.66000366210938,82.13999938964844,6696.0
2026-08-10 20:00:00,82.13999938964844,82.37999725341797,82.08999633789062,82.30000305175781,0.0
2026-08-10 22:00:00,82.3499984741211,82.3499984741211,82.05999755859375,82.12999725341797,1020.0
2026-08-10 23:00:00,82.12999725341797,82.18000030517578,81.9800033569336,82.12000274658203,634.0
2026-08-11 00:00:00,82.11000061035156,82.44999694824219,82.0199966430664,82.20999908447266,3027.0
2026-08-11 01:00:00,82.22000122070312,82.5199966430664,82.0,82.41000366210938,3535.0
2026-08-11 02:00:00,82.41000366210938,82.44000244140625,82.16000366210938,82.33999633789062,1569.0
2026-08-11 03:00:00,82.3499984741211,82.41000366210938,82.0999984741211,82.12000274658203,997.0
2026-08-11 04:00:00,82.0999984741211,82.31999969482422,81.91000366210938,82.23999786376953,1678.0
2026-08-11 05:00:00,82.25,82.55000305175781,82.16000366210938,82.47000122070312,2759.0
2026-08-11 06:00:00,82.45999908447266,83.7300033569336,82.30999755859375,83.45999908447266,11161.0
2026-08-11 07:00:00,83.47000122070312,84.05000305175781,83.2300033569336,83.95999908447266,11264.0
2026-08-11 08:00:00,83.97000122070312,84.54000091552734,83.7300033569336,84.52999877929688,11989.0
2026-08-11 09:00:00,84.54000091552734,84.61000061035156,83.97000122070312,84.2300033569336,9797.0
2026-08-11 10:00:00,84.19999694824219,84.3499984741211,83.26000213623047,83.48999786376953,11492.0
2026-08-11 11:00:00,83.4800033569336,83.5,81.66000366210938,82.16000366210938,24457.0
2026-08-11 12:00:00,82.1500015258789,82.76000213623047,81.83000183105469,82.55999755859375,15015.0
2026-08-11 13:00:00,82.55000305175781,82.56999969482422,81.2699966430664,81.62000274658203,25478.0
2026-08-11 14:00:00,81.63999938964844,82.69999694824219,81.62000274658203,82.56999969482422,18039.0
2026-08-11 15:00:00,82.55999755859375,83.3499984741211,82.2699966430664,83.26000213623047,25947.0
2026-08-11 16:00:00,83.26000213623047,83.27999877929688,82.79000091552734,83.13999938964844,16398.0
2026-08-11 17:00:00,83.13999938964844,83.3499984741211,82.97000122070312,83.29000091552734,16605.0
2026-08-11 18:00:00,83.27999877929688,83.36000061035156,82.91000366210938,83.16000366210938,30460.0
2026-08-11 19:00:00,83.16999816894531,83.62000274658203,83.13999938964844,83.41999816894531,5692.0
2026-08-11 20:00:00,83.43000030517578,83.52999877929688,83.19999694824219,83.2300033569336,4876.0
2026-08-11 22:00:00,83.48999786376953,83.5999984741211,83.3499984741211,83.5,0.0
2026-08-11 23:00:00,83.48999786376953,83.55000305175781,83.41000366210938,83.43000030517578,566.0
2026-08-12 00:00:00,83.44000244140625,83.93000030517578,83.37999725341797,83.77999877929688,3299.0
2026-08-12 01:00:00,83.80999755859375,84.02999877929688,83.69000244140625,83.76000213623047,2881.0
2026-08-12 02:00:00,83.77999877929688,84.1500015258789,83.7699966430664,84.05999755859375,2299.0
2026-08-12 03:00:00,84.08000183105469,84.3499984741211,83.91000366210938,84.25,2370.0
2026-08-12 04:00:00,84.30000305175781,84.3499984741211,83.66999816894531,83.69999694824219,2613.0
2026-08-12 05:00:00,83.72000122070312,84.0999984741211,83.5199966430664,84.02999877929688,2683.0
2026-08-12 06:00:00,84.04000091552734,84.05000305175781,83.43000030517578,83.73999786376953,4291.0
2026-08-12 07:00:00,83.7300033569336,84.08999633789062,83.70999908447266,83.83999633789062,5113.0
2026-08-12 08:00:00,83.83000183105469,83.91999816894531,83.20999908447266,83.58000183105469,8356.0
2026-08-12 09:00:00,83.58000183105469,83.58999633789062,82.45999908447266,83.0,12616.0
2026-08-12 10:00:00,83.0,83.73999786376953,82.81999969482422,83.4000015258789,10077.0
2026-08-12 11:00:00,83.38999938964844,83.76000213623047,83.16000366210938,83.73999786376953,7063.0
2026-08-12 12:00:00,83.73999786376953,83.9000015258789,82.9800033569336,82.98999786376953,10460.0
2026-08-12 13:00:00,83.0,83.06999969482422,82.54000091552734,82.66999816894531,14352.0
2026-08-12 14:00:00,82.69000244140625,83.12000274658203,82.4000015258789,83.01000213623047,20285.0
2026-08-12 15:00:00,83.0,83.45999908447266,82.9000015258789,83.30999755859375,16835.0
2026-08-12 16:00:00,83.33000183105469,83.33999633789062,82.86000061035156,82.88999938964844,14662.0
2026-08-12 17:00:00,82.88999938964844,83.37999725341797,82.77999877929688,83.12999725341797,24991.0
2026-08-12 18:00:00,83.13999938964844,83.4000015258789,82.80999755859375,83.19999694824219,31542.0
2026-08-12 19:00:00,83.19999694824219,83.22000122070312,82.87000274658203,83.01000213623047,4494.0
2026-08-12 20:00:00,83.0199966430664,83.0199966430664,82.5,82.58000183105469,3843.0
2026-08-12 22:00:00,82.69999694824219,82.8499984741211,82.5999984741211,82.69999694824219,0.0
2026-08-12 23:00:00,82.70999908447266,82.80000305175781,82.62999725341797,82.66999816894531,438.0
2026-08-13 00:00:00,82.6500015258789,82.6500015258789,82.05999755859375,82.08999633789062,2763.0
2026-08-13 01:00:00,82.08000183105469,82.41999816894531,81.9000015258789,82.26000213623047,2634.0
2026-08-13 02:00:00,82.23999786376953,82.33000183105469,82.08000183105469,82.25,763.0
2026-08-13 03:00:00,82.25,82.68000030517578,82.02999877929688,82.62000274658203,1512.0
2026-08-13 04:00:00,82.61000061035156,83.01000213623047,82.61000061035156,83.0,2079.0
2026-08-13 05:00:00,83.01000213623047,83.2300033569336,82.87999725341797,83.12000274658203,2651.0
2026-08-13 06:00:00,83.0999984741211,83.30000305175781,82.69999694824219,82.75,3013.0
2026-08-13 07:00:00,82.73999786376953,83.12000274658203,81.80000305175781,82.20999908447266,7701.0
2026-08-13 08:00:00,82.20999908447266,82.45999908447266,81.63999938964844,81.80999755859375,6926.0
2026-08-13 09:00:00,81.80000305175781,81.88999938964844,81.25,81.87000274658203,6623.0
2026-08-13 10:00:00,81.87000274658203,82.18000030517578,81.3499984741211,81.44999694824219,7201.0
2026-08-13 11:00:00,81.44000244140625,81.72000122070312,81.26000213623047,81.5999984741211,4883.0
2026-08-13 12:00:00,81.61000061035156,81.6500015258789,81.08000183105469,81.20999908447266,12058.0
2026-08-13 13:00:00,81.22000122070312,81.3499984741211,80.30000305175781,80.66000366210938,22758.0
2026-08-13 14:00:00,80.63999938964844,81.29000091552734,80.08999633789062,81.2300033569336,25262.0
2026-08-13 15:00:00,81.2300033569336,82.7300033569336,81.20999908447266,82.56999969482422,33027.0
2026-08-13 16:00:00,82.56999969482422,82.66999816894531,81.81999969482422,81.94000244140625,16282.0
2026-08-13 17:00:00,81.94000244140625,82.1500015258789,81.80000305175781,81.80999755859375,14736.0
2026-08-13 18:00:00,81.80999755859375,81.80999755859375,80.86000061035156,81.1500015258789,35046.0
2026-08-13 19:00:00,81.16000366210938,81.3499984741211,81.05000305175781,81.2699966430664,4304.0
2026-08-13 20:00:00,81.27999877929688,81.30999755859375,81.06999969482422,81.20999908447266,3411.0
2026-08-13 22:00:00,81.2699966430664,81.2699966430664,81.0199966430664,81.08000183105469,0.0
2026-08-13 23:00:00,81.06999969482422,81.36000061035156,81.05999755859375,81.33000183105469,513.0
2026-08-14 00:00:00,81.33000183105469,81.44000244140625,81.04000091552734,81.05999755859375,1629.0
2026-08-14 01:00:00,81.05999755859375,81.4000015258789,80.81999969482422,80.93000030517578,2662.0
2026-08-14 02:00:00,80.91999816894531,81.4000015258789,80.70999908447266,81.38999938964844,2561.0
2026-08-14 03:00:00,81.37999725341797,81.47000122070312,81.19999694824219,81.3499984741211,855.0
2026-08-14 04:00:00,81.3499984741211,81.44999694824219,81.19999694824219,81.37999725341797,922.0
2026-08-14 05:00:00,81.37999725341797,82.0,81.27999877929688,81.9800033569336,3277.0
2026-08-14 06:00:00,82.0,82.2699966430664,81.80000305175781,82.18000030517578,4465.0
2026-08-14 07:00:00,82.16999816894531,82.98999786376953,82.16000366210938,82.87999725341797,8034.0
2026-08-14 08:00:00,82.87000274658203,82.97000122070312,82.22000122070312,82.54000091552734,8124.0
2026-08-14 09:00:00,82.55999755859375,82.5999984741211,82.0199966430664,82.08999633789062,6185.0
2026-08-14 10:00:00,82.0999984741211,82.0999984741211,81.41999816894531,81.51000213623047,6137.0
2026-08-14 11:00:00,81.51000213623047,81.86000061035156,81.43000030517578,81.55999755859375,6251.0
2026-08-14 12:00:00,81.55999755859375,82.18000030517578,81.12000274658203,81.13999938964844,14458.0
2026-08-14 13:00:00,81.13999938964844,81.52999877929688,80.76000213623047,81.16999816894531,17388.0
2026-08-14 14:00:00,81.16999816894531,81.87000274658203,81.12000274658203,81.70999908447266,21932.0
2026-08-14 15:00:00,81.72000122070312,81.91000366210938,81.33999633789062,81.66000366210938,13651.0
2026-08-14 16:00:00,81.66000366210938,82.0199966430664,81.52999877929688,81.91999816894531,8806.0
2026-08-14 17:00:00,81.91999816894531,82.4000015258789,81.83999633789062,82.29000091552734,10534.0
2026-08-14 18:00:00,82.29000091552734,82.66999816894531,82.08999633789062,82.41000366210938,17504.0
2026-08-14 19:00:00,82.41000366210938,82.43000030517578,82.19000244140625,82.4000015258789,4678.0
2026-08-14 20:00:00,82.38999938964844,82.52999877929688,82.2300033569336,82.4000015258789,2946.0
2026-08-16 22:00:00,82.62000274658203,82.66000366210938,82.29000091552734,82.38999938964844,1336.0
2026-08-16 23:00:00,82.37999725341797,82.48999786376953,82.30000305175781,82.33000183105469,814.0
2026-08-17 00:00:00,82.33000183105469,82.33000183105469,81.86000061035156,81.88999938964844,1701.0
2026-08-17 01:00:00,81.87999725341797,82.91999816894531,81.72000122070312,82.58999633789062,3271.0
2026-08-17 02:00:00,82.58999633789062,83.04000091552734,82.26000213623047,82.43000030517578,2665.0
2026-08-17 03:00:00,82.41999816894531,82.58999633789062,82.23999786376953,82.23999786376953,1583.0
2026-08-17 04:00:00,82.16999816894531,82.38999938964844,81.94000244140625,82.1500015258789,2008.0
2026-08-17 05:00:00,82.13999938964844,82.20999908447266,81.79000091552734,81.8499984741211,2539.0
2026-08-17 06:00:00,81.83999633789062,81.9800033569336,81.62999725341797,81.8499984741211,3001.0
2026-08-17 07:00:00,81.86000061035156,82.20999908447266,81.5,81.94999694824219,4009.0
2026-08-17 08:00:00,81.94000244140625,82.38999938964844,81.83000183105469,82.37999725341797,5402.0
2026-08-17 09:00:00,82.37999725341797,83.16000366210938,82.33999633789062,82.97000122070312,7004.0
2026-08-17 10:00:00,82.95999908447266,83.2300033569336,81.86000061035156,82.83999633789062,12362.0
2026-08-17 11:00:00,82.83999633789062,82.91000366210938,82.33000183105469,82.36000061035156,5937.0
2026-08-17 12:00:00,82.36000061035156,83.1500015258789,82.20999908447266,82.97000122070312,13635.0
2026-08-17 13:00:00,82.98999786376953,83.12999725341797,82.44000244140625,82.62999725341797,11480.0
2026-08-17 14:00:00,82.62000274658203,82.69999694824219,82.0999984741211,82.16999816894531,10597.0
2026-08-17 15:00:00,82.18000030517578,82.88999938964844,82.18000030517578,82.81999969482422,14016.0
2026-08-17 16:00:00,82.83999633789062,82.9000015258789,82.33000183105469,82.8499984741211,11541.0
2026-08-17 17:00:00,82.8499984741211,84.87999725341797,82.80000305175781,84.79000091552734,20675.0
2026-08-17 18:00:00,84.7699966430664,84.87000274658203,84.12999725341797,84.25,16767.0
2026-08-17 19:00:00,84.26000213623047,84.68000030517578,84.22000122070312,84.6500015258789,4439.0
2026-08-17 20:00:00,84.63999938964844,85.04000091552734,84.51000213623047,84.94999694824219,2928.0
2026-08-17 22:00:00,84.95999908447266,85.37000274658203,84.87000274658203,84.97000122070312,0.0
2026-08-17 23:00:00,84.98999786376953,85.06999969482422,84.81999969482422,84.87999725341797,344.0
2026-08-18 00:00:00,84.9000015258789,85.0199966430664,84.73999786376953,84.76000213623047,626.0
2026-08-18 01:00:00,84.77999877929688,85.16000366210938,84.62000274658203,84.93000030517578,822.0
2026-08-18 02:00:00,84.93000030517578,85.12999725341797,84.87000274658203,85.02999877929688,628.0
2026-08-18 03:00:00,85.04000091552734,85.2699966430664,84.98999786376953,85.25,1013.0
2026-08-18 04:00:00,85.27999877929688,85.37999725341797,85.12999725341797,85.1500015258789,725.0
2026-08-18 05:00:00,85.19000244140625,85.37999725341797,85.0,85.12999725341797,559.0
2026-08-18 06:00:00,85.12999725341797,85.68000030517578,85.12999725341797,85.19999694824219,1034.0
2026-08-18 07:00:00,85.19000244140625,85.31999969482422,84.05000305175781,84.37999725341797,19437.0
2026-08-18 08:00:00,84.3499984741211,84.66000366210938,84.0,84.12999725341797,8329.0
2026-08-18 09:00:00,84.12000274658203,84.29000091552734,83.94999694824219,84.04000091552734,4618.0
2026-08-18 10:00:00,84.02999877929688,84.4000015258789,83.8499984741211,83.9800033569336,6466.0
2026-08-18 11:00:00,83.9800033569336,84.2300033569336,83.86000061035156,84.1500015258789,4832.0
2026-08-18 12:00:00,84.16000366210938,84.45999908447266,83.98999786376953,84.37000274658203,10935.0
2026-08-18 13:00:00,84.37000274658203,85.06999969482422,84.05000305175781,84.55999755859375,25264.0
2026-08-18 14:00:00,84.56999969482422,84.61000061035156,83.77999877929688,84.51000213623047,27669.0
2026-08-18 15:00:00,84.51000213623047,85.01000213623047,84.05999755859375,84.72000122070312,22643.0
2026-08-18 16:00:00,84.7300033569336,84.7300033569336,84.08999633789062,84.20999908447266,14654.0
2026-08-18 17:00:00,84.22000122070312,84.36000061035156,84.02999877929688,84.05000305175781,10448.0
2026-08-18 18:00:00,84.05000305175781,84.20999908447266,83.9000015258789,84.08000183105469,18224.0
2026-08-18 19:00:00,84.08000183105469,84.20999908447266,84.01000213623047,84.08999633789062,5388.0
2026-08-18 20:00:00,84.08000183105469,84.54000091552734,84.05000305175781,84.41999816894531,5459.0
2026-08-18 22:00:00,84.45999908447266,84.56999969482422,84.4000015258789,84.44999694824219,0.0
2026-08-18 23:00:00,84.44999694824219,84.55000305175781,84.44999694824219,84.5,746.0
2026-08-19 00:00:00,84.48999786376953,84.94999694824219,84.36000061035156,84.75,3080.0
2026-08-19 01:00:00,84.76000213623047,85.13999938964844,84.70999908447266,85.0,3763.0
2026-08-19 02:00:00,85.0199966430664,85.08999633789062,84.66000366210938,84.73999786376953,1906.0
2026-08-19 03:00:00,84.75,84.91000366210938,84.5999984741211,84.68000030517578,1295.0
2026-08-19 04:00:00,84.69999694824219,84.86000061035156,84.5199966430664,84.61000061035156,872.0
2026-08-19 05:00:00,84.62000274658203,84.79000091552734,84.52999877929688,84.7699966430664,1304.0
2026-08-19 06:00:00,84.79000091552734,85.0199966430664,84.4000015258789,84.54000091552734,3825.0
2026-08-19 07:00:00,84.55000305175781,84.9800033569336,84.27999877929688,84.69999694824219,6144.0
2026-08-19 08:00:00,84.70999908447266,85.05000305175781,84.2300033569336,84.9800033569336,8740.0
2026-08-19 09:00:00,84.9800033569336,85.41999816894531,84.66999816894531,85.0199966430664,10036.0
2026-08-19 10:00:00,85.0199966430664,85.25,84.86000061035156,84.91000366210938,4139.0
2026-08-19 11:00:00,84.91999816894531,85.0,84.55000305175781,84.6500015258789,5857.0
2026-08-19 12:00:00,84.68000030517578,84.73999786376953,83.44999694824219,83.97000122070312,19724.0
2026-08-19 13:00:00,83.9800033569336,84.69999694824219,83.94000244140625,84.54000091552734,24971.0
2026-08-19 14:00:00,84.54000091552734,85.12999725341797,84.38999938964844,84.88999938964844,26819.0
2026-08-19 15:00:00,84.87999725341797,85.4800033569336,84.83999633789062,85.2300033569336,26776.0
2026-08-19 16:00:00,85.2300033569336,85.66000366210938,85.2300033569336,85.58999633789062,23922.0
2026-08-19 17:00:00,85.58999633789062,85.83999633789062,84.83000183105469,85.12999725341797,23894.0
2026-08-19 18:00:00,85.12999725341797,85.2699966430664,84.1500015258789,84.3499984741211,34030.0
2026-08-19 19:00:00,84.3499984741211,84.38999938964844,83.93000030517578,84.26000213623047,7052.0
2026-08-19 20:00:00,84.25,84.5199966430664,84.16000366210938,84.4000015258789,6388.0
2026-08-19 22:00:00,84.4000015258789,84.68000030517578,84.2300033569336,84.4800033569336,0.0
2026-08-19 23:00:00,84.4800033569336,84.68000030517578,84.26000213623047,84.30000305175781,1808.0
2026-08-20 00:00:00,84.30000305175781,84.66000366210938,84.23999786376953,84.5999984741211,2308.0
2026-08-20 01:00:00,84.62000274658203,84.91999816894531,84.45999908447266,84.79000091552734,3784.0
2026-08-20 02:00:00,84.7699966430664,84.81999969482422,84.27999877929688,84.44000244140625,3685.0
2026-08-20 03:00:00,84.44000244140625,84.62000274658203,84.33000183105469,84.48999786376953,2891.0
2026-08-20 04:00:00,84.45999908447266,84.66999816894531,84.3499984741211,84.47000122070312,1007.0
2026-08-20 05:00:00,84.4800033569336,84.69000244140625,84.33000183105469,84.55000305175781,1459.0
2026-08-20 06:00:00,84.55000305175781,84.93000030517578,84.41999816894531,84.91000366210938,3491.0
2026-08-20 07:00:00,84.91000366210938,85.87000274658203,84.91000366210938,85.62999725341797,12512.0
2026-08-20 08:00:00,85.62999725341797,86.47000122070312,85.23999786376953,86.37999725341797,14558.0
2026-08-20 09:00:00,86.37000274658203,86.81999969482422,86.2699966430664,86.7699966430664,10359.0
2026-08-20 10:00:00,86.77999877929688,86.83999633789062,86.44000244140625,86.73999786376953,7829.0
2026-08-20 11:00:00,86.73999786376953,87.25,86.69000244140625,87.2300033569336,10539.0
2026-08-20 12:00:00,87.2300033569336,87.69000244140625,86.66000366210938,86.68000030517578,24486.0
2026-08-20 13:00:00,86.68000030517578,87.01000213623047,86.22000122070312,86.48999786376953,31351.0
2026-08-20 14:00:00,86.5,86.7699966430664,85.69000244140625,86.02999877929688,27406.0
2026-08-20 15:00:00,86.02999877929688,86.8499984741211,85.77999877929688,86.51000213623047,22559.0
2026-08-20 16:00:00,86.51000213623047,86.73999786376953,86.02999877929688,86.0999984741211,13392.0
2026-08-20 17:00:00,86.0999984741211,86.7300033569336,85.87000274658203,86.5199966430664,14425.0
2026-08-20 18:00:00,86.5199966430664,86.9800033569336,86.37000274658203,86.86000061035156,27003.0
2026-08-20 19:00:00,86.8499984741211,86.87000274658203,86.55999755859375,86.5999984741211,5580.0
2026-08-20 20:00:00,86.5999984741211,86.66000366210938,86.19999694824219,86.20999908447266,4536.0
2026-08-20 22:00:00,86.2699966430664,86.44999694824219,86.22000122070312,86.30999755859375,0.0
2026-08-20 23:00:00,86.30999755859375,86.37999725341797,86.20999908447266,86.22000122070312,826.0
2026-08-21 00:00:00,86.19999694824219,86.44999694824219,86.05999755859375,86.37000274658203,3165.0
2026-08-21 01:00:00,86.38999938964844,86.94000244140625,86.2699966430664,86.7300033569336,3405.0
2026-08-21 02:00:00,86.72000122070312,86.80999755859375,86.47000122070312,86.51000213623047,1925.0
2026-08-21 03:00:00,86.5,86.61000061035156,86.33999633789062,86.45999908447266,1351.0
2026-08-21 04:00:00,86.4800033569336,86.54000091552734,86.2300033569336,86.23999786376953,1092.0
2026-08-21 05:00:00,86.23999786376953,86.5,86.12999725341797,86.16999816894531,2100.0
2026-08-21 06:00:00,86.19000244140625,86.5,86.0999984741211,86.29000091552734,2591.0
2026-08-21 07:00:00,86.33000183105469,86.5,86.08999633789062,86.37999725341797,5854.0
2026-08-21 08:00:00,86.36000061035156,86.79000091552734,85.91999816894531,85.93000030517578,10055.0
2026-08-21 09:00:00,85.93000030517578,86.58000183105469,85.80000305175781,86.55000305175781,6198.0
2026-08-21 10:00:00,86.55999755859375,87.51000213623047,86.55999755859375,87.05000305175781,13363.0
2026-08-21 11:00:00,87.05000305175781,87.2699966430664,86.11000061035156,86.95999908447266,14088.0
2026-08-21 12:00:00,86.95999908447266,87.33000183105469,86.76000213623047,86.87000274658203,11909.0
2026-08-21 13:00:00,86.87999725341797,87.11000061035156,86.43000030517578,86.45999908447266,19715.0
2026-08-21 14:00:00,86.47000122070312,86.77999877929688,86.2300033569336,86.52999877929688,17471.0
2026-08-21 15:00:00,86.52999877929688,87.06999969482422,86.13999938964844,86.80999755859375,17036.0
2026-08-21 16:00:00,86.80999755859375,87.01000213623047,86.5,86.93000030517578,15434.0
2026-08-21 17:00:00,86.93000030517578,87.45999908447266,86.87000274658203,87.31999969482422,20067.0
2026-08-21 18:00:00,87.33000183105469,87.33000183105469,86.9000015258789,87.02999877929688,27404.0
2026-08-21 19:00:00,87.0199966430664,87.0199966430664,86.61000061035156,86.6500015258789,9649.0
2026-08-21 20:00:00,86.6500015258789,87.05999755859375,86.58999633789062,87.05999755859375,3352.0
2026-08-23 22:00:00,86.38999938964844,86.45999908447266,86.23999786376953,86.26000213623047,1196.0
2026-08-23 23:00:00,86.2699966430664,86.27999877929688,85.9800033569336,86.0199966430664,1573.0
2026-08-24 00:00:00,86.01000213623047,86.22000122070312,85.61000061035156,85.83000183105469,4043.0
2026-08-24 01:00:00,85.83000183105469,85.8499984741211,84.83999633789062,85.36000061035156,8677.0
2026-08-24 02:00:00,85.3499984741211,85.73999786376953,85.22000122070312,85.69000244140625,3347.0
2026-08-24 03:00:00,85.69999694824219,85.79000091552734,85.58000183105469,85.62999725341797,1449.0
2026-08-24 04:00:00,85.61000061035156,85.76000213623047,85.51000213623047,85.61000061035156,1756.0
2026-08-24 05:00:00,85.62000274658203,85.7699966430664,85.47000122070312,85.55999755859375,1803.0
2026-08-24 06:00:00,85.58999633789062,85.6500015258789,85.1500015258789,85.18000030517578,4128.0
2026-08-24 07:00:00,85.19000244140625,85.72000122070312,85.05000305175781,85.66999816894531,6488.0
2026-08-24 08:00:00,85.66000366210938,85.80999755859375,84.69000244140625,84.95999908447266,11206.0
2026-08-24 09:00:00,84.97000122070312,85.4800033569336,84.7699966430664,85.1500015258789,7046.0
2026-08-24 10:00:00,85.16000366210938,85.38999938964844,84.88999938964844,85.38999938964844,4700.0
2026-08-24 11:00:00,85.37000274658203,85.58999633789062,85.02999877929688,85.37999725341797,6044.0
2026-08-24 12:00:00,85.37999725341797,86.23999786376953,85.08000183105469,85.54000091552734,14474.0
2026-08-24 13:00:00,85.55000305175781,86.05000305175781,85.31999969482422,85.38999938964844,21213.0
2026-08-24 14:00:00,85.37999725341797,85.55000305175781,84.76000213623047,85.0,17690.0
2026-08-24 15:00:00,85.0,85.16000366210938,84.36000061035156,84.80000305175781,22475.0
2026-08-24 16:00:00,84.80999755859375,85.41999816894531,84.72000122070312,85.22000122070312,11942.0
2026-08-24 17:00:00,85.22000122070312,85.23999786376953,84.69000244140625,84.80999755859375,14922.0
2026-08-24 18:00:00,84.80999755859375,85.26000213623047,84.66000366210938,85.18000030517578,19266.0
2026-08-24 19:00:00,85.18000030517578,85.29000091552734,84.98999786376953,85.02999877929688,4567.0
2026-08-24 20:00:00,85.04000091552734,85.08000183105469,84.83999633789062,84.9800033569336,2752.0
2026-08-24 22:00:00,85.02999877929688,85.12999725341797,84.97000122070312,85.0999984741211,0.0
2026-08-24 23:00:00,85.11000061035156,85.23999786376953,85.08999633789062,85.19000244140625,438.0
2026-08-25 00:00:00,85.19999694824219,85.25,84.75,84.77999877929688,1841.0
2026-08-25 01:00:00,84.7699966430664,85.48999786376953,84.7300033569336,85.45999908447266,3660.0
2026-08-25 02:00:00,85.47000122070312,85.83999633789062,85.41999816894531,85.55999755859375,3288.0
2026-08-25 03:00:00,85.55999755859375,85.5999984741211,85.12999725341797,85.43000030517578,2184.0
2026-08-25 04:00:00,85.44000244140625,85.48999786376953,85.05999755859375,85.08000183105469,1390.0
2026-08-25 05:00:00,85.06999969482422,85.08999633789062,84.27999877929688,84.47000122070312,4198.0
2026-08-25 06:00:00,84.47000122070312,84.61000061035156,84.11000061035156,84.26000213623047,6576.0
2026-08-25 07:00:00,84.2699966430664,84.5999984741211,84.12000274658203,84.55000305175781,5560.0
2026-08-25 08:00:00,84.55000305175781,84.70999908447266,82.8499984741211,83.0199966430664,19411.0
2026-08-25 09:00:00,83.01000213623047,83.08000183105469,82.04000091552734,82.12000274658203,18387.0
2026-08-25 10:00:00,82.12000274658203,82.61000061035156,82.12000274658203,82.44999694824219,10222.0
2026-08-25 11:00:00,82.47000122070312,82.7300033569336,81.81999969482422,81.94999694824219,11952.0
2026-08-25 12:00:00,81.97000122070312,82.5999984741211,81.87999725341797,82.19999694824219,14268.0
2026-08-25 13:00:00,82.20999908447266,82.63999938964844,81.80999755859375,82.43000030517578,20536.0
2026-08-25 14:00:00,82.44000244140625,83.30999755859375,82.30000305175781,82.5,25761.0
2026-08-25 15:00:00,82.4800033569336,82.69000244140625,81.54000091552734,82.08999633789062,28392.0
2026-08-25 16:00:00,82.0999984741211,82.41999816894531,82.0199966430664,82.18000030517578,16276.0
2026-08-25 17:00:00,82.16999816894531,82.4000015258789,82.06999969482422,82.12999725341797,13370.0
2026-08-25 18:00:00,82.13999938964844,82.45999908447266,82.06999969482422,82.30000305175781,18785.0
2026-08-25 19:00:00,82.30000305175781,82.38999938964844,81.08999633789062,81.12000274658203,15717.0
2026-08-25 20:00:00,81.12999725341797,81.23999786376953,80.2300033569336,81.11000061035156,18377.0
2026-08-25 22:00:00,81.11000061035156,81.30999755859375,80.93000030517578,81.01000213623047,0.0
2026-08-25 23:00:00,81.0199966430664,81.1500015258789,80.95999908447266,80.9800033569336,964.0
2026-08-26 00:00:00,80.97000122070312,81.12000274658203,80.58000183105469,80.72000122070312,4224.0
2026-08-26 01:00:00,80.70999908447266,80.72000122070312,80.33000183105469,80.54000091552734,5597.0
2026-08-26 02:00:00,80.5199966430664,80.55000305175781,80.12999725341797,80.41000366210938,3825.0
2026-08-26 03:00:00,80.4000015258789,80.41999816894531,80.08000183105469,80.2699966430664,2522.0
2026-08-26 04:00:00,80.2699966430664,80.63999938964844,80.25,80.61000061035156,2247.0
2026-08-26 05:00:00,80.61000061035156,80.91999816894531,80.43000030517578,80.76000213623047,3005.0
2026-08-26 06:00:00,80.77999877929688,80.94000244140625,80.27999877929688,80.47000122070312,5301.0
2026-08-26 07:00:00,80.4800033569336,80.62999725341797,79.8499984741211,79.91000366210938,8957.0
2026-08-26 08:00:00,79.9000015258789,80.52999877929688,79.68000030517578,79.83999633789062,11050.0
2026-08-26 09:00:00,79.83999633789062,80.25,79.62000274658203,80.12000274658203,10483.0
2026-08-26 10:00:00,80.12999725341797,80.41999816894531,79.95999908447266,80.2300033569336,6899.0
2026-08-26 11:00:00,80.25,80.68000030517578,80.08999633789062,80.55000305175781,8406.0
2026-08-26 12:00:00,80.55000305175781,80.75,80.18000030517578,80.66000366210938,13526.0
2026-08-26 13:00:00,80.66000366210938,81.72000122070312,80.51000213623047,81.5,25553.0
2026-08-26 14:00:00,81.48999786376953,81.97000122070312,81.31999969482422,81.91999816894531,21138.0
2026-08-26 15:00:00,81.93000030517578,82.88999938964844,81.83999633789062,82.7699966430664,32419.0
2026-08-26 16:00:00,82.7699966430664,83.30999755859375,82.70999908447266,82.7699966430664,25210.0
2026-08-26 17:00:00,82.7699966430664,82.83999633789062,82.5,82.55000305175781,12516.0
2026-08-26 18:00:00,82.55999755859375,82.56999969482422,81.9800033569336,82.0,20646.0
2026-08-26 19:00:00,82.0,82.08000183105469,81.83000183105469,81.93000030517578,5126.0
2026-08-26 20:00:00,81.91999816894531,81.94000244140625,81.73999786376953,81.91000366210938,3834.0
2026-08-26 22:00:00,82.0,82.12999725341797,81.77999877929688,81.83000183105469,0.0
2026-08-26 23:00:00,81.80000305175781,81.86000061035156,81.75,81.80000305175781,412.0
2026-08-27 00:00:00,81.80999755859375,81.88999938964844,81.52999877929688,81.79000091552734,2760.0
2026-08-27 01:00:00,81.80000305175781,82.16999816894531,81.56999969482422,81.62000274658203,4391.0
2026-08-27 02:00:00,81.62999725341797,81.7300033569336,81.44000244140625,81.44000244140625,2189.0
2026-08-27 03:00:00,81.44999694824219,81.9000015258789,81.44000244140625,81.83999633789062,2148.0
2026-08-27 04:00:00,81.83999633789062,81.91999816894531,81.77999877929688,81.83000183105469,683.0
2026-08-27 05:00:00,81.81999969482422,81.86000061035156,81.41999816894531,81.43000030517578,2102.0
2026-08-27 06:00:00,81.44000244140625,81.51000213623047,81.0199966430664,81.02999877929688,4262.0
2026-08-27 07:00:00,81.02999877929688,81.36000061035156,80.6500015258789,81.36000061035156,7237.0
2026-08-27 08:00:00,81.36000061035156,81.83000183105469,81.19999694824219,81.81999969482422,7286.0
2026-08-27 09:00:00,81.83000183105469,82.22000122070312,81.81999969482422,82.19000244140625,7086.0
2026-08-27 10:00:00,82.19999694824219,82.55000305175781,82.08999633789062,82.22000122070312,7328.0
2026-08-27 11:00:00,82.23999786376953,82.62000274658203,82.1500015258789,82.45999908447266,9207.0
2026-08-27 12:00:00,82.45999908447266,82.80999755859375,82.16999816894531,82.52999877929688,8946.0
2026-08-27 13:00:00,82.5199966430664,82.87000274658203,82.33999633789062,82.83999633789062,16573.0
2026-08-27 14:00:00,82.83999633789062,83.13999938964844,82.0,82.02999877929688,22319.0
2026-08-27 15:00:00,82.04000091552734,82.68000030517578,81.98999786376953,82.58999633789062,16691.0
2026-08-27 16:00:00,82.5999984741211,82.91000366210938,82.44000244140625,82.75,11890.0
2026-08-27 17:00:00,82.75,84.04000091552734,82.66000366210938,83.95999908447266,22353.0
2026-08-27 18:00:00,83.9800033569336,84.2699966430664,83.43000030517578,83.76000213623047,32467.0
2026-08-27 19:00:00,83.7699966430664,84.0199966430664,83.61000061035156,83.62999725341797,9215.0
2026-08-27 20:00:00,83.62999725341797,83.69999694824219,83.44999694824219,83.54000091552734,3103.0
2026-08-27 22:00:00,83.66999816894531,83.77999877929688,83.44999694824219,83.58999633789062,0.0
2026-08-27 23:00:00,83.5999984741211,83.63999938964844,83.4800033569336,83.5,437.0
2026-08-28 00:00:00,83.48999786376953,83.52999877929688,83.26000213623047,83.2699966430664,1442.0
2026-08-28 01:00:00,83.27999877929688,83.52999877929688,83.02999877929688,83.05999755859375,2383.0
2026-08-28 02:00:00,83.05999755859375,83.45999908447266,83.05000305175781,83.11000061035156,2012.0
2026-08-28 03:00:00,83.08999633789062,83.25,83.05000305175781,83.11000061035156,1103.0
2026-08-28 04:00:00,83.0999984741211,83.27999877929688,83.05000305175781,83.2699966430664,1244.0
2026-08-28 05:00:00,83.2699966430664,83.33999633789062,82.8499984741211,83.12000274658203,2213.0
2026-08-28 06:00:00,83.12000274658203,83.23999786376953,82.73999786376953,82.87999725341797,5165.0
2026-08-28 07:00:00,82.87999725341797,83.31999969482422,82.66999816894531,82.9800033569336,6094.0
2026-08-28 08:00:00,82.98999786376953,83.31999969482422,82.54000091552734,83.30999755859375,10038.0
2026-08-28 09:00:00,83.33000183105469,83.5,82.88999938964844,83.06999969482422,5224.0
2026-08-28 10:00:00,83.06999969482422,83.62000274658203,82.87000274658203,83.26000213623047,4839.0
2026-08-28 11:00:00,83.26000213623047,83.31999969482422,82.86000061035156,82.91000366210938,4125.0
2026-08-28 12:00:00,82.91000366210938,83.0199966430664,82.44000244140625,82.45999908447266,7847.0
2026-08-28 13:00:00,82.47000122070312,82.80999755859375,82.25,82.51000213623047,14207.0
2026-08-28 14:00:00,82.5199966430664,83.13999938964844,82.31999969482422,82.87000274658203,13394.0
2026-08-28 15:00:00,82.86000061035156,83.29000091552734,82.81999969482422,83.04000091552734,13211.0
2026-08-28 16:00:00,83.04000091552734,83.55000305175781,82.9000015258789,83.5199966430664,11788.0
2026-08-28 17:00:00,83.51000213623047,83.70999908447266,83.2699966430664,83.45999908447266,9966.0
2026-08-28 18:00:00,83.45999908447266,83.55999755859375,83.08999633789062,83.18000030517578,17546.0
2026-08-28 19:00:00,83.18000030517578,83.5199966430664,83.16999816894531,83.38999938964844,4492.0
2026-08-28 20:00:00,83.4000015258789,83.4800033569336,83.30000305175781,83.4000015258789,2279.0
2026-08-30 22:00:00,85.26000213623047,85.30000305175781,84.7699966430664,84.87000274658203,3581.0
2026-08-30 23:00:00,84.87999725341797,84.9000015258789,84.44000244140625,84.7300033569336,3011.0
2026-08-31 00:00:00,84.7300033569336,84.77999877929688,84.11000061035156,84.3499984741211,2666.0
2026-08-31 01:00:00,84.3499984741211,85.4800033569336,84.33999633789062,85.19000244140625,7250.0
2026-08-31 02:00:00,85.20999908447266,85.62999725341797,85.0199966430664,85.02999877929688,4938.0
2026-08-31 03:00:00,85.0199966430664,85.16000366210938,84.87999725341797,85.08999633789062,1811.0
2026-08-31 04:00:00,85.12000274658203,85.38999938964844,85.0199966430664,85.3499984741211,1874.0
2026-08-31 05:00:00,85.33999633789062,86.0199966430664,85.27999877929688,85.6500015258789,4925.0
2026-08-31 06:00:00,85.6500015258789,85.83000183105469,85.33999633789062,85.3499984741211,2800.0
2026-08-31 07:00:00,85.3499984741211,85.45999908447266,84.47000122070312,85.43000030517578,11232.0
2026-08-31 08:00:00,85.43000030517578,86.52999877929688,85.2300033569336,86.41000366210938,13777.0
2026-08-31 09:00:00,86.43000030517578,86.62999725341797,86.05000305175781,86.48999786376953,9629.0
2026-08-31 10:00:00,86.48999786376953,86.79000091552734,86.12000274658203,86.20999908447266,6649.0
2026-08-31 11:00:00,86.22000122070312,86.69000244140625,86.16999816894531,86.37999725341797,6764.0
2026-08-31 12:00:00,86.37999725341797,86.75,85.91999816894531,86.05999755859375,18637.0
2026-08-31 13:00:00,86.06999969482422,86.37999725341797,85.37999725341797,85.98999786376953,25631.0
2026-08-31 14:00:00,85.98999786376953,86.05000305175781,85.16999816894531,85.27999877929688,17209.0
2026-08-31 15:00:00,85.27999877929688,85.6500015258789,85.11000061035156,85.55999755859375,14756.0
2026-08-31 16:00:00,85.54000091552734,85.66999816894531,85.27999877929688,85.5999984741211,10067.0
2026-08-31 17:00:00,85.58999633789062,85.9000015258789,85.48999786376953,85.51000213623047,10412.0
2026-08-31 18:00:00,85.51000213623047,86.0,85.44999694824219,85.58999633789062,18239.0
2026-08-31 19:00:00,85.58999633789062,86.0199966430664,85.54000091552734,85.9800033569336,8447.0
2026-08-31 20:00:00,85.9800033569336,86.37999725341797,85.88999938964844,86.30999755859375,4386.0
2026-08-31 22:00:00,86.30999755859375,86.45999908447266,86.12999725341797,86.41000366210938,0.0
2026-08-31 23:00:00,86.41999816894531,86.48999786376953,86.30000305175781,86.41000366210938,741.0
2026-09-01 00:00:00,86.41000366210938,86.72000122070312,86.41000366210938,86.55000305175781,3158.0
2026-09-01 01:00:00,86.55000305175781,86.7300033569336,86.30999755859375,86.33999633789062,2968.0
2026-09-01 02:00:00,86.31999969482422,86.81999969482422,86.30000305175781,86.63999938964844,2826.0
2026-09-01 03:00:00,86.63999938964844,86.81999969482422,86.61000061035156,86.75,1790.0
2026-09-01 04:00:00,86.75,87.08999633789062,86.63999938964844,87.0,2440.0
2026-09-01 05:00:00,87.01000213623047,87.06999969482422,86.22000122070312,86.44000244140625,4202.0
2026-09-01 06:00:00,86.44000244140625,86.7699966430664,86.30000305175781,86.52999877929688,4024.0
2026-09-01 07:00:00,86.54000091552734,87.23999786376953,86.33999633789062,86.94999694824219,8389.0
2026-09-01 08:00:00,86.94999694824219,88.08999633789062,86.9000015258789,88.04000091552734,19030.0
2026-09-01 09:00:00,88.02999877929688,88.12999725341797,87.68000030517578,87.9800033569336,12044.0
2026-09-01 10:00:00,87.97000122070312,88.11000061035156,87.58000183105469,87.80000305175781,8040.0
2026-09-01 11:00:00,87.80000305175781,87.98999786376953,87.43000030517578,87.83999633789062,8645.0
2026-09-01 12:00:00,87.8499984741211,88.22000122070312,87.30000305175781,87.97000122070312,18936.0
2026-09-01 13:00:00,87.97000122070312,88.52999877929688,87.95999908447266,88.36000061035156,30423.0
2026-09-01 14:00:00,88.36000061035156,88.37999725341797,87.4800033569336,87.94000244140625,24461.0
2026-09-01 15:00:00,87.94999694824219,88.37999725341797,87.7300033569336,88.33999633789062,20657.0
2026-09-01 16:00:00,88.33999633789062,89.94999694824219,88.27999877929688,89.55000305175781,44696.0
2026-09-01 17:00:00,89.52999877929688,90.12999725341797,89.33999633789062,89.87999725341797,22325.0
2026-09-01 18:00:00,89.88999938964844,90.55000305175781,89.66000366210938,90.51000213623047,38405.0
2026-09-01 19:00:00,90.51000213623047,90.68000030517578,90.30999755859375,90.63999938964844,8516.0
2026-09-01 20:00:00,90.63999938964844,90.97000122070312,90.44000244140625,90.68000030517578,12017.0
2026-09-01 22:00:00,90.6500015258789,91.01000213623047,90.56999969482422,90.83999633789062,0.0
2026-09-01 23:00:00,90.83000183105469,90.87000274658203,90.66000366210938,90.7699966430664,1209.0
2026-09-02 00:00:00,90.7699966430664,92.06999969482422,90.68000030517578,92.05000305175781,9683.0
2026-09-02 01:00:00,92.05999755859375,92.29000091552734,91.26000213623047,91.30999755859375,11479.0
2026-09-02 02:00:00,91.30000305175781,91.54000091552734,90.72000122070312,90.73999786376953,5418.0
2026-09-02 03:00:00,90.75,90.88999938964844,90.58999633789062,90.69000244140625,3788.0
2026-09-02 04:00:00,90.69999694824219,90.80000305175781,90.44999694824219,90.54000091552734,1627.0
2026-09-02 05:00:00,90.55000305175781,90.83000183105469,90.47000122070312,90.77999877929688,2838.0
2026-09-02 06:00:00,90.77999877929688,90.97000122070312,90.44000244140625,90.62000274658203,6546.0
2026-09-02 07:00:00,90.61000061035156,90.70999908447266,89.91999816894531,90.1500015258789,14214.0
2026-09-02 08:00:00,90.12999725341797,90.45999908447266,89.91999816894531,90.22000122070312,8913.0
2026-09-02 09:00:00,90.22000122070312,90.69000244140625,90.08999633789062,90.52999877929688,6785.0
2026-09-02 10:00:00,90.52999877929688,90.58000183105469,90.0999984741211,90.2300033569336,5754.0
2026-09-02 11:00:00,90.23999786376953,90.41999816894531,89.05999755859375,89.11000061035156,14927.0
2026-09-02 12:00:00,89.11000061035156,89.94000244140625,89.04000091552734,89.8499984741211,13474.0
2026-09-02 13:00:00,89.8499984741211,89.87000274658203,89.05999755859375,89.08000183105469,19620.0
2026-09-02 14:00:00,89.08000183105469,90.56999969482422,88.97000122070312,90.56999969482422,30301.0
2026-09-02 15:00:00,90.56999969482422,90.9800033569336,90.37000274658203,90.56999969482422,24437.0
2026-09-02 16:00:00,90.58999633789062,91.19000244140625,90.52999877929688,90.93000030517578,19349.0
2026-09-02 17:00:00,90.93000030517578,91.30000305175781,90.72000122070312,90.9000015258789,17021.0
2026-09-02 18:00:00,90.9000015258789,91.4800033569336,90.62000274658203,90.8499984741211,29179.0
2026-09-02 19:00:00,90.8499984741211,91.01000213623047,90.7300033569336,90.80000305175781,6340.0
2026-09-02 20:00:00,90.80000305175781,90.80999755859375,90.31999969482422,90.62999725341797,4453.0
2026-09-02 22:00:00,90.69999694824219,90.80999755859375,90.62999725341797,90.76000213623047,0.0
2026-09-02 23:00:00,90.73999786376953,90.75,90.55000305175781,90.58999633789062,1075.0
2026-09-03 00:00:00,90.5999984741211,90.88999938964844,90.51000213623047,90.76000213623047,2363.0
2026-09-03 01:00:00,90.7699966430664,91.44999694824219,90.52999877929688,91.37999725341797,4973.0
2026-09-03 02:00:00,91.38999938964844,91.45999908447266,90.91999816894531,91.08000183105469,3285.0
2026-09-03 03:00:00,91.05000305175781,91.18000030517578,90.87999725341797,91.05999755859375,1489.0
2026-09-03 04:00:00,91.02999877929688,91.02999877929688,90.55999755859375,90.56999969482422,2196.0
2026-09-03 05:00:00,90.58000183105469,90.63999938964844,89.8499984741211,89.94999694824219,6358.0
2026-09-03 06:00:00,89.94000244140625,90.20999908447266,89.62000274658203,90.05000305175781,6157.0
2026-09-03 07:00:00,90.06999969482422,90.73999786376953,89.94999694824219,90.55999755859375,8704.0
2026-09-03 08:00:00,90.56999969482422,91.3499984741211,89.56999969482422,91.33000183105469,24275.0
2026-09-03 09:00:00,91.33000183105469,92.56999969482422,91.13999938964844,92.33999633789062,17455.0
2026-09-03 10:00:00,92.3499984741211,93.13999938964844,92.18000030517578,92.86000061035156,19073.0
2026-09-03 11:00:00,92.86000061035156,93.08000183105469,92.11000061035156,93.0199966430664,20117.0
2026-09-03 12:00:00,93.01000213623047,93.05999755859375,91.58000183105469,91.80000305175781,27130.0
2026-09-03 13:00:00,91.80999755859375,92.27999877929688,91.52999877929688,91.79000091552734,25901.0
2026-09-03 14:00:00,91.80000305175781,92.48999786376953,91.70999908447266,92.04000091552734,24192.0
2026-09-03 15:00:00,92.02999877929688,92.58999633789062,91.08000183105469,91.23999786376953,32469.0
2026-09-03 16:00:00,91.2300033569336,91.80999755859375,91.05000305175781,91.6500015258789,18897.0
2026-09-03 17:00:00,91.6500015258789,92.08000183105469,91.27999877929688,91.31999969482422,13787.0
2026-09-03 18:00:00,91.44000244140625,91.66000366210938,90.86000061035156,91.62999725341797,24443.0
2026-09-03 19:00:00,91.63999938964844,91.69000244140625,91.29000091552734,91.68000030517578,6004.0
2026-09-03 20:00:00,91.66999816894531,91.86000061035156,91.58999633789062,91.66999816894531,2777.0
2026-09-03 22:00:00,91.66999816894531,91.83999633789062,91.58999633789062,91.80999755859375,0.0
2026-09-03 23:00:00,91.80999755859375,91.88999938964844,91.76000213623047,91.83000183105469,775.0
2026-09-04 00:00:00,91.8499984741211,91.91999816894531,91.4000015258789,91.58000183105469,1898.0
2026-09-04 01:00:00,91.58000183105469,92.16999816894531,91.48999786376953,92.0,4335.0
2026-09-04 02:00:00,92.01000213623047,92.12000274658203,91.66999816894531,91.83000183105469,2799.0
2026-09-04 03:00:00,91.81999969482422,92.05999755859375,91.66000366210938,92.0199966430664,1323.0
2026-09-04 04:00:00,92.02999877929688,92.12999725341797,91.5999984741211,91.61000061035156,2004.0
2026-09-04 05:00:00,91.58999633789062,91.69999694824219,91.30999755859375,91.41000366210938,2272.0
2026-09-04 06:00:00,91.4000015258789,91.69999694824219,91.30999755859375,91.41999816894531,3426.0
2026-09-04 07:00:00,91.43000030517578,91.75,90.66000366210938,90.73999786376953,12253.0
2026-09-04 08:00:00,90.73999786376953,91.02999877929688,90.37999725341797,90.72000122070312,14673.0
2026-09-04 09:00:00,90.72000122070312,91.13999938964844,90.61000061035156,91.12000274658203,6242.0
2026-09-04 10:00:00,91.11000061035156,91.11000061035156,90.33000183105469,90.4000015258789,6597.0
2026-09-04 11:00:00,90.41000366210938,90.87000274658203,90.41000366210938,90.76000213623047,7132.0
2026-09-04 12:00:00,90.75,90.7699966430664,89.86000061035156,89.91000366210938,20327.0
2026-09-04 13:00:00,89.91000366210938,90.44999694824219,88.72000122070312,89.0199966430664,38737.0
2026-09-04 14:00:00,89.02999877929688,90.91000366210938,89.0199966430664,90.87999725341797,36952.0
2026-09-04 15:00:00,90.87999725341797,91.13999938964844,90.16000366210938,90.97000122070312,22957.0
2026-09-04 16:00:00,90.97000122070312,91.20999908447266,90.5,91.16999816894531,15203.0
2026-09-04 17:00:00,91.18000030517578,91.33999633789062,90.66999816894531,90.81999969482422,14097.0
2026-09-04 18:00:00,90.81999969482422,91.77999877929688,90.7699966430664,91.51000213623047,25177.0
2026-09-04 19:00:00,91.51000213623047,91.52999877929688,91.26000213623047,91.36000061035156,5263.0
2026-09-04 20:00:00,91.36000061035156,91.4800033569336,91.11000061035156,91.4800033569336,3174.0
2026-09-08 04:00:00,92.88999938964844,93.19000244140625,92.86000061035156,93.05999755859375,2113.0
2026-09-08 05:00:00,93.06999969482422,93.7699966430664,92.97000122070312,93.5999984741211,5905.0
2026-09-08 06:00:00,93.61000061035156,94.20999908447266,93.58999633789062,94.08000183105469,8498.0
2026-09-08 07:00:00,94.08999633789062,94.5999984741211,93.83999633789062,94.44999694824219,12277.0
2026-09-08 08:00:00,94.44999694824219,94.7300033569336,94.16000366210938,94.44000244140625,16626.0
2026-09-08 09:00:00,94.44000244140625,94.63999938964844,93.55999755859375,93.62000274658203,13138.0
2026-09-08 10:00:00,93.62000274658203,94.08999633789062,93.44999694824219,93.91999816894531,10445.0
2026-09-08 11:00:00,93.93000030517578,94.06999969482422,93.61000061035156,93.69999694824219,8731.0
2026-09-08 12:00:00,93.69999694824219,93.98999786376953,92.6500015258789,92.68000030517578,23113.0
2026-09-08 13:00:00,92.68000030517578,93.45999908447266,92.38999938964844,93.33999633789062,30991.0
2026-09-08 14:00:00,93.33000183105469,93.5199966430664,92.62000274658203,92.73999786376953,21519.0
2026-09-08 15:00:00,92.75,93.1500015258789,92.19999694824219,92.36000061035156,24866.0
2026-09-08 16:00:00,92.37000274658203,92.7699966430664,91.94999694824219,92.44999694824219,28720.0
2026-09-08 17:00:00,92.43000030517578,92.44999694824219,91.81999969482422,92.19999694824219,21199.0
2026-09-08 18:00:00,92.19000244140625,93.93000030517578,92.18000030517578,93.58999633789062,42295.0
2026-09-08 19:00:00,93.5999984741211,93.98999786376953,93.16999816894531,93.83000183105469,13963.0
2026-09-08 20:00:00,93.80999755859375,94.36000061035156,93.80000305175781,94.25,8394.0
2026-09-08 22:00:00,94.30999755859375,94.47000122070312,94.1500015258789,94.19999694824219,0.0
2026-09-08 23:00:00,94.20999908447266,94.77999877929688,94.19999694824219,94.61000061035156,2672.0
2026-09-09 00:00:00,94.58999633789062,94.7300033569336,94.33000183105469,94.5199966430664,4021.0
2026-09-09 01:00:00,94.54000091552734,94.77999877929688,94.25,94.33999633789062,5871.0
2026-09-09 02:00:00,94.33000183105469,94.5199966430664,94.19000244140625,94.37000274658203,2427.0
2026-09-09 03:00:00,94.36000061035156,94.68000030517578,94.1500015258789,94.18000030517578,3349.0
2026-09-09 04:00:00,94.16999816894531,94.2699966430664,93.97000122070312,93.98999786376953,1758.0
2026-09-09 05:00:00,94.0,94.05999755859375,93.76000213623047,93.83999633789062,2242.0
2026-09-09 06:00:00,93.83999633789062,94.48999786376953,93.83000183105469,94.22000122070312,4489.0
2026-09-09 07:00:00,94.2300033569336,94.8499984741211,94.08999633789062,94.47000122070312,11533.0
2026-09-09 08:00:00,94.47000122070312,94.88999938964844,94.11000061035156,94.69000244140625,11384.0
2026-09-09 09:00:00,94.69999694824219,95.56999969482422,94.69999694824219,95.44000244140625,17418.0
2026-09-09 10:00:00,95.44999694824219,95.55999755859375,94.80999755859375,94.91999816894531,10015.0
2026-09-09 11:00:00,94.91000366210938,95.6500015258789,94.8499984741211,95.5199966430664,17562.0
2026-09-09 12:00:00,95.5199966430664,95.9800033569336,95.4000015258789,95.9000015258789,19269.0
2026-09-09 13:00:00,95.9000015258789,96.0999984741211,95.44999694824219,95.7300033569336,27639.0
2026-09-09 14:00:00,95.72000122070312,96.43000030517578,95.56999969482422,96.2300033569336,30926.0
2026-09-09 15:00:00,96.23999786376953,96.68000030517578,96.18000030517578,96.51000213623047,25807.0
2026-09-09 16:00:00,96.5199966430664,96.81999969482422,95.54000091552734,95.55000305175781,26371.0
2026-09-09 17:00:00,95.55000305175781,96.01000213623047,95.1500015258789,95.9800033569336,22909.0
2026-09-09 18:00:00,95.9800033569336,96.58000183105469,95.79000091552734,96.58000183105469,37316.0
2026-09-09 19:00:00,96.56999969482422,96.68000030517578,96.2699966430664,96.66000366210938,6065.0
2026-09-09 20:00:00,96.66000366210938,96.93000030517578,96.58999633789062,96.66999816894531,5005.0
2026-09-09 22:00:00,96.87999725341797,97.79000091552734,96.79000091552734,96.97000122070312,0.0
2026-09-09 23:00:00,96.95999908447266,97.19999694824219,96.93000030517578,97.0199966430664,1335.0
2026-09-10 00:00:00,97.0199966430664,97.0999984741211,96.41000366210938,96.41999816894531,6287.0
2026-09-10 01:00:00,96.41999816894531,96.91999816894531,96.26000213623047,96.44000244140625,4644.0
2026-09-10 02:00:00,96.43000030517578,96.51000213623047,96.11000061035156,96.20999908447266,3175.0
2026-09-10 03:00:00,96.22000122070312,96.22000122070312,95.94000244140625,96.0999984741211,2745.0
2026-09-10 04:00:00,96.05999755859375,96.19999694824219,96.05999755859375,96.08000183105469,1205.0
2026-09-10 05:00:00,96.08999633789062,96.19000244140625,95.4000015258789,95.58999633789062,5241.0
2026-09-10 06:00:00,95.55999755859375,95.80000305175781,95.37000274658203,95.68000030517578,4928.0
2026-09-10 07:00:00,95.68000030517578,96.43000030517578,95.62999725341797,96.27999877929688,8828.0
2026-09-10 08:00:00,96.30000305175781,97.51000213623047,96.2300033569336,97.44999694824219,13665.0
2026-09-10 09:00:00,97.45999908447266,97.83999633789062,97.05000305175781,97.66999816894531,10048.0
2026-09-10 10:00:00,97.66999816894531,97.66999816894531,96.6500015258789,97.2300033569336,12342.0
2026-09-10 11:00:00,97.22000122070312,98.58999633789062,97.12000274658203,98.58000183105469,16023.0
2026-09-10 12:00:00,98.56999969482422,100.87999725341797,98.41000366210938,100.06999969482422,49129.0
2026-09-10 13:00:00,100.05999755859375,100.29000091552734,99.16000366210938,99.29000091552734,41668.0
2026-09-10 14:00:00,99.30000305175781,100.08999633789062,98.56999969482422,99.7699966430664,38806.0
2026-09-10 15:00:00,99.76000213623047,101.7300033569336,99.72000122070312,101.66999816894531,42752.0
2026-09-10 16:00:00,101.63999938964844,102.5999984741211,101.13999938964844,101.36000061035156,40221.0
2026-09-10 17:00:00,101.37999725341797,102.05000305175781,101.26000213623047,101.97000122070312,26351.0
2026-09-10 18:00:00,101.95999908447266,103.05999755859375,101.41000366210938,101.95999908447266,50330.0
2026-09-10 19:00:00,101.9800033569336,102.93000030517578,101.97000122070312,102.76000213623047,12640.0
2026-09-10 20:00:00,102.75,104.04000091552734,102.72000122070312,103.93000030517578,10848.0
2026-09-10 22:00:00,104.31999969482422,104.44000244140625,103.7699966430664,103.86000061035156,0.0
2026-09-10 23:00:00,103.87999725341797,104.45999908447266,103.62000274658203,104.2699966430664,4146.0
2026-09-11 00:00:00,104.27999877929688,104.43000030517578,102.73999786376953,103.16999816894531,9771.0
2026-09-11 01:00:00,103.18000030517578,103.2300033569336,102.16000366210938,102.62000274658203,8425.0
2026-09-11 02:00:00,102.58999633789062,102.95999908447266,102.44999694824219,102.91000366210938,4926.0
2026-09-11 03:00:00,102.91999816894531,103.45999908447266,102.75,103.22000122070312,5344.0
2026-09-11 04:00:00,103.31999969482422,103.4800033569336,102.06999969482422,102.33000183105469,8230.0
2026-09-11 05:00:00,102.33000183105469,102.36000061035156,100.9000015258789,101.37999725341797,15072.0
2026-09-11 06:00:00,101.37000274658203,101.43000030517578,100.7300033569336,101.08999633789062,13433.0
2026-09-11 07:00:00,101.08000183105469,101.27999877929688,100.37000274658203,101.02999877929688,15444.0
2026-09-11 08:00:00,101.0199966430664,101.33000183105469,99.76000213623047,99.83999633789062,22281.0
2026-09-11 09:00:00,99.83000183105469,100.5,99.44000244140625,99.80999755859375,14874.0
2026-09-11 10:00:00,99.81999969482422,100.30000305175781,98.75,98.87999725341797,17723.0
2026-09-11 11:00:00,98.87999725341797,99.7699966430664,98.80000305175781,99.25,12761.0
2026-09-11 12:00:00,99.23999786376953,99.83999633789062,98.98999786376953,99.38999938964844,20553.0
2026-09-11 13:00:00,99.37999725341797,99.4000015258789,98.4800033569336,99.0999984741211,37883.0
2026-09-11 14:00:00,99.12000274658203,99.87000274658203,98.75,99.63999938964844,29357.0
2026-09-11 15:00:00,99.63999938964844,99.77999877929688,98.95999908447266,99.75,23268.0
2026-09-11 16:00:00,99.76000213623047,100.27999877929688,99.41000366210938,100.11000061035156,26223.0
2026-09-11 17:00:00,100.12000274658203,100.16999816894531,99.30999755859375,99.81999969482422,24181.0
2026-09-11 18:00:00,99.80000305175781,100.56999969482422,99.5199966430664,100.4800033569336,41708.0
2026-09-11 19:00:00,100.4800033569336,100.77999877929688,100.38999938964844,100.62000274658203,8716.0
2026-09-11 20:00:00,100.61000061035156,100.66000366210938,99.97000122070312,100.05000305175781,4087.0
2026-09-13 22:00:00,103.12999725341797,103.44000244140625,102.2300033569336,102.41000366210938,5400.0
2026-09-13 23:00:00,102.43000030517578,102.62999725341797,102.19999694824219,102.55999755859375,2376.0
2026-09-14 00:00:00,102.54000091552734,102.94999694824219,102.30000305175781,102.77999877929688,3252.0
2026-09-14 01:00:00,102.79000091552734,103.5999984741211,102.2300033569336,102.33999633789062,8812.0
2026-09-14 02:00:00,102.33999633789062,102.97000122070312,102.19999694824219,102.80000305175781,4240.0
2026-09-14 03:00:00,102.81999969482422,103.4800033569336,102.7699966430664,103.25,4037.0
2026-09-14 04:00:00,103.19999694824219,103.19999694824219,102.55999755859375,102.69000244140625,3300.0
2026-09-14 05:00:00,102.68000030517578,102.81999969482422,102.04000091552734,102.2300033569336,3560.0
2026-09-14 06:00:00,102.22000122070312,102.87999725341797,101.94000244140625,102.87000274658203,7758.0
2026-09-14 07:00:00,102.86000061035156,103.5199966430664,102.47000122070312,102.80000305175781,11395.0
2026-09-14 08:00:00,102.79000091552734,103.80000305175781,102.22000122070312,103.43000030517578,14677.0
2026-09-14 09:00:00,103.44000244140625,103.83000183105469,102.4000015258789,102.62000274658203,9463.0
2026-09-14 10:00:00,102.62000274658203,102.9800033569336,102.26000213623047,102.5199966430664,7651.0
2026-09-14 11:00:00,102.5,103.6500015258789,102.31999969482422,103.51000213623047,10530.0
2026-09-14 12:00:00,103.51000213623047,104.94999694824219,102.62999725341797,104.22000122070312,35606.0
2026-09-14 13:00:00,104.20999908447266,104.55000305175781,103.4000015258789,104.4000015258789,28734.0
2026-09-14 14:00:00,104.4000015258789,104.51000213623047,103.43000030517578,103.51000213623047,29371.0
2026-09-14 15:00:00,103.52999877929688,103.91999816894531,101.91000366210938,103.12999725341797,60222.0
2026-09-14 16:00:00,103.12000274658203,103.16999816894531,100.79000091552734,101.36000061035156,41329.0
2026-09-14 17:00:00,101.36000061035156,102.08000183105469,101.29000091552734,101.72000122070312,22871.0
2026-09-14 18:00:00,101.70999908447266,101.73999786376953,100.52999877929688,101.05000305175781,43712.0
2026-09-14 19:00:00,101.05000305175781,101.95999908447266,100.69999694824219,101.8499984741211,11163.0
2026-09-14 20:00:00,101.83999633789062,102.08000183105469,101.69999694824219,101.88999938964844,4541.0
2026-09-14 22:00:00,102.01000213623047,102.05999755859375,101.83000183105469,101.95999908447266,0.0
2026-09-14 23:00:00,101.97000122070312,102.22000122070312,101.94999694824219,102.16000366210938,860.0
2026-09-15 00:00:00,102.16999816894531,102.80000305175781,102.02999877929688,102.68000030517578,4619.0
2026-09-15 01:00:00,102.68000030517578,102.9800033569336,102.12000274658203,102.93000030517578,5951.0
2026-09-15 02:00:00,102.94000244140625,103.16000366210938,102.6500015258789,102.88999938964844,3087.0
2026-09-15 03:00:00,102.87000274658203,103.01000213623047,102.76000213623047,102.93000030517578,2090.0
2026-09-15 04:00:00,102.94999694824219,103.33000183105469,102.88999938964844,103.2300033569336,2095.0
2026-09-15 05:00:00,103.23999786376953,103.41999816894531,102.72000122070312,103.01000213623047,3140.0
2026-09-15 06:00:00,103.0,103.48999786376953,102.91999816894531,103.3499984741211,4368.0
2026-09-15 07:00:00,103.3499984741211,103.5999984741211,103.01000213623047,103.45999908447266,7814.0
2026-09-15 08:00:00,103.44999694824219,103.95999908447266,103.19999694824219,103.63999938964844,12387.0
2026-09-15 09:00:00,103.6500015258789,104.20999908447266,103.22000122070312,103.62999725341797,14686.0
2026-09-15 10:00:00,103.62000274658203,103.7300033569336,102.51000213623047,102.58000183105469,11768.0
2026-09-15 11:00:00,102.58999633789062,102.69999694824219,102.12000274658203,102.3499984741211,14106.0
2026-09-15 12:00:00,102.33999633789062,103.06999969482422,101.20999908447266,101.79000091552734,27826.0
2026-09-15 13:00:00,101.80000305175781,103.76000213623047,101.27999877929688,103.2699966430664,52269.0
2026-09-15 14:00:00,103.2699966430664,104.80999755859375,103.25,104.69999694824219,37723.0
2026-09-15 15:00:00,104.69999694824219,105.05999755859375,104.1500015258789,104.94999694824219,37998.0
2026-09-15 16:00:00,104.94999694824219,106.22000122070312,104.91999816894531,106.13999938964844,30253.0
2026-09-15 17:00:00,106.13999938964844,106.75,105.9000015258789,106.47000122070312,28109.0
2026-09-15 18:00:00,106.45999908447266,106.54000091552734,105.5999984741211,105.69000244140625,32629.0
2026-09-15 19:00:00,105.66999816894531,105.87000274658203,105.41999816894531,105.87000274658203,6825.0
2026-09-15 20:00:00,105.87999725341797,106.1500015258789,105.41999816894531,105.4800033569336,0.0
2026-09-15 22:00:00,105.4800033569336,105.62999725341797,105.23999786376953,105.33000183105469,2007.0
2026-09-15 23:00:00,105.33999633789062,105.4800033569336,105.29000091552734,105.36000061035156,678.0
2026-09-16 00:00:00,105.36000061035156,105.41999816894531,104.69000244140625,105.2300033569336,4172.0
2026-09-16 01:00:00,105.23999786376953,105.33000183105469,104.7699966430664,105.05000305175781,4194.0
2026-09-16 02:00:00,105.04000091552734,105.11000061035156,104.52999877929688,104.6500015258789,2938.0
2026-09-16 03:00:00,104.66000366210938,105.02999877929688,104.2300033569336,104.77999877929688,4436.0
2026-09-16 04:00:00,104.73999786376953,104.77999877929688,104.5199966430664,104.62999725341797,1361.0
2026-09-16 05:00:00,104.62999725341797,104.94999694824219,104.51000213623047,104.81999969482422,2890.0
2026-09-16 06:00:00,104.83000183105469,104.88999938964844,104.0199966430664,104.0199966430664,5081.0
2026-09-16 07:00:00,104.0199966430664,104.31999969482422,103.76000213623047,104.26000213623047,8944.0
2026-09-16 08:00:00,104.26000213623047,104.80999755859375,104.16999816894531,104.5,9675.0
2026-09-16 09:00:00,104.51000213623047,104.98999786376953,103.91000366210938,104.13999938964844,8703.0
2026-09-16 10:00:00,104.13999938964844,104.20999908447266,103.2699966430664,103.2699966430664,10127.0
2026-09-16 11:00:00,103.26000213623047,103.54000091552734,102.8499984741211,103.18000030517578,14560.0
2026-09-16 12:00:00,103.19000244140625,104.22000122070312,102.94000244140625,104.08999633789062,23049.0
2026-09-16 13:00:00,104.0999984741211,104.12000274658203,103.1500015258789,103.4000015258789,20657.0
2026-09-16 14:00:00,103.37000274658203,103.94999694824219,102.2300033569336,102.23999786376953,30101.0
2026-09-16 15:00:00,102.23999786376953,102.68000030517578,100.97000122070312,102.0,57590.0
2026-09-16 16:00:00,101.9800033569336,102.72000122070312,101.9000015258789,102.58999633789062,14826.0
2026-09-16 17:00:00,102.58999633789062,102.80000305175781,102.25,102.29000091552734,12347.0
2026-09-16 18:00:00,102.29000091552734,102.8499984741211,102.05000305175781,102.62000274658203,25631.0
2026-09-16 19:00:00,102.62000274658203,102.87000274658203,101.72000122070312,102.04000091552734,8863.0
2026-09-16 20:00:00,102.01000213623047,102.30000305175781,101.97000122070312,102.0199966430664,4399.0
2026-09-16 22:00:00,102.18000030517578,102.23999786376953,101.87000274658203,102.04000091552734,0.0
2026-09-16 23:00:00,102.0199966430664,102.04000091552734,101.37999725341797,101.7699966430664,2792.0
2026-09-17 00:00:00,101.76000213623047,101.79000091552734,101.06999969482422,101.30999755859375,3614.0
2026-09-17 01:00:00,101.30000305175781,102.3499984741211,101.19999694824219,102.23999786376953,4528.0
2026-09-17 02:00:00,102.26000213623047,102.43000030517578,101.94000244140625,102.33000183105469,1925.0
2026-09-17 03:00:00,102.33999633789062,102.45999908447266,101.98999786376953,102.2699966430664,2012.0
2026-09-17 04:00:00,102.33999633789062,102.47000122070312,102.12000274658203,102.20999908447266,1819.0
2026-09-17 05:00:00,102.19999694824219,102.26000213623047,101.38999938964844,101.41999816894531,2668.0
2026-09-17 06:00:00,101.43000030517578,101.48999786376953,100.38999938964844,100.95999908447266,10972.0
2026-09-17 07:00:00,100.94999694824219,101.80000305175781,100.66000366210938,101.5999984741211,7962.0
2026-09-17 08:00:00,101.58000183105469,101.9800033569336,101.04000091552734,101.45999908447266,7838.0
2026-09-17 09:00:00,101.44999694824219,102.12000274658203,101.04000091552734,101.33999633789062,8111.0
2026-09-17 10:00:00,101.33999633789062,101.33999633789062,100.47000122070312,100.63999938964844,12855.0
2026-09-17 11:00:00,100.62999725341797,100.94999694824219,99.58999633789062,99.94999694824219,14443.0
2026-09-17 12:00:00,99.95999908447266,100.2699966430664,99.0999984741211,99.9800033569336,30785.0
2026-09-17 13:00:00,99.97000122070312,101.2699966430664,99.58999633789062,100.58000183105469,28012.0
2026-09-17 14:00:00,100.54000091552734,101.26000213623047,100.2699966430664,101.18000030517578,15902.0
2026-09-17 15:00:00,101.16999816894531,101.29000091552734,100.4800033569336,100.94999694824219,18870.0
2026-09-17 16:00:00,100.95999908447266,102.33000183105469,100.72000122070312,102.08000183105469,24550.0
2026-09-17 17:00:00,102.08999633789062,102.41000366210938,101.7699966430664,101.9800033569336,20153.0
2026-09-17 18:00:00,101.9800033569336,102.1500015258789,101.6500015258789,101.83000183105469,18806.0
2026-09-17 19:00:00,101.83999633789062,101.8499984741211,101.06999969482422,101.23999786376953,5718.0
2026-09-17 20:00:00,101.23999786376953,101.36000061035156,100.9800033569336,101.08999633789062,3102.0
2026-09-17 22:00:00,101.05999755859375,101.33000183105469,100.87999725341797,101.13999938964844,0.0
2026-09-17 23:00:00,101.11000061035156,101.25,101.05000305175781,101.08999633789062,225.0
2026-09-18 00:00:00,101.08000183105469,101.23999786376953,100.76000213623047,101.16999816894531,773.0
2026-09-18 01:00:00,101.0999984741211,101.44999694824219,100.81999969482422,101.30000305175781,1673.0
2026-09-18 02:00:00,101.27999877929688,101.56999969482422,101.11000061035156,101.37999725341797,976.0
2026-09-18 03:00:00,101.36000061035156,101.5,101.0,101.16999816894531,725.0
2026-09-18 04:00:00,101.19000244140625,101.33999633789062,100.80000305175781,101.01000213623047,868.0
2026-09-18 05:00:00,101.0,101.18000030517578,100.73999786376953,100.93000030517578,871.0
2026-09-18 06:00:00,100.9000015258789,101.0999984741211,99.88999938964844,100.0199966430664,2780.0
2026-09-18 07:00:00,100.02999877929688,100.31999969482422,94.83000183105469,95.33000183105469,34182.0
2026-09-18 08:00:00,95.33000183105469,95.87000274658203,95.20999908447266,95.55999755859375,10412.0
2026-09-18 09:00:00,95.56999969482422,96.51000213623047,95.19999694824219,96.37999725341797,13883.0
2026-09-18 10:00:00,96.37999725341797,96.44000244140625,95.5199966430664,95.61000061035156,9874.0
2026-09-18 11:00:00,95.62000274658203,96.4000015258789,95.38999938964844,96.22000122070312,17635.0
2026-09-18 12:00:00,96.22000122070312,96.94999694824219,95.6500015258789,96.9000015258789,23826.0
2026-09-18 13:00:00,96.9000015258789,97.9800033569336,96.87999725341797,97.80000305175781,27652.0
2026-09-18 14:00:00,97.79000091552734,98.01000213623047,96.8499984741211,97.05000305175781,35024.0
2026-09-18 15:00:00,97.05999755859375,97.36000061035156,96.80000305175781,96.81999969482422,25518.0
2026-09-18 16:00:00,96.83000183105469,96.86000061035156,95.83999633789062,96.0,26769.0
2026-09-18 17:00:00,95.98999786376953,96.16999816894531,95.69000244140625,96.0199966430664,21209.0
2026-09-18 18:00:00,96.0,96.13999938964844,95.43000030517578,95.5,30239.0
2026-09-18 19:00:00,95.51000213623047,95.73999786376953,95.38999938964844,95.69000244140625,8343.0
2026-09-18 20:00:00,95.68000030517578,96.08000183105469,95.1500015258789,96.08000183105469,6650.0
2026-09-20 22:00:00,96.7699966430664,96.7699966430664,95.87999725341797,95.91000366210938,3676.0
2026-09-20 23:00:00,95.91000366210938,96.33000183105469,95.62000274658203,95.66000366210938,3456.0
2026-09-21 00:00:00,95.66000366210938,95.86000061035156,94.33000183105469,94.62999725341797,7747.0
2026-09-21 01:00:00,94.61000061035156,94.61000061035156,93.58000183105469,93.94999694824219,9602.0
2026-09-21 02:00:00,93.94999694824219,94.12000274658203,93.75,94.05999755859375,3400.0
2026-09-21 03:00:00,94.06999969482422,94.08000183105469,93.75,93.97000122070312,2719.0
2026-09-21 04:00:00,93.98999786376953,94.25,93.83999633789062,94.08999633789062,2603.0
2026-09-21 05:00:00,94.08000183105469,94.70999908447266,94.08000183105469,94.62000274658203,3445.0
2026-09-21 06:00:00,94.62999725341797,94.77999877929688,93.87000274658203,94.13999938964844,6367.0
2026-09-21 07:00:00,94.13999938964844,94.31999969482422,93.76000213623047,94.19000244140625,8785.0
2026-09-21 08:00:00,94.19000244140625,94.33000183105469,93.45999908447266,94.19999694824219,10877.0
2026-09-21 09:00:00,94.20999908447266,94.58999633789062,93.4800033569336,93.72000122070312,8967.0
2026-09-21 10:00:00,93.73999786376953,93.87000274658203,92.69999694824219,93.31999969482422,17457.0
2026-09-21 11:00:00,93.30999755859375,93.70999908447266,93.29000091552734,93.4800033569336,10881.0
2026-09-21 12:00:00,93.4800033569336,93.77999877929688,92.7699966430664,93.69999694824219,16978.0
2026-09-21 13:00:00,93.69999694824219,93.76000213623047,92.4800033569336,92.58000183105469,33088.0
2026-09-21 14:00:00,92.56999969482422,92.66999816894531,91.58999633789062,92.22000122070312,41447.0
2026-09-21 15:00:00,92.22000122070312,92.51000213623047,91.69999694824219,92.30999755859375,26798.0
2026-09-21 16:00:00,92.31999969482422,92.33999633789062,91.19000244140625,91.44999694824219,30332.0
2026-09-21 17:00:00,91.44000244140625,92.29000091552734,91.44000244140625,92.18000030517578,17893.0
2026-09-21 18:00:00,92.16999816894531,92.58999633789062,92.05999755859375,92.4800033569336,25990.0
2026-09-21 19:00:00,92.4800033569336,92.55000305175781,91.94000244140625,92.13999938964844,8329.0
2026-09-21 20:00:00,92.12000274658203,92.16999816894531,91.81999969482422,91.97000122070312,4932.0
2026-09-21 22:00:00,91.94999694824219,92.18000030517578,91.75,92.16000366210938,0.0
2026-09-21 23:00:00,92.16999816894531,92.33999633789062,92.02999877929688,92.29000091552734,801.0
2026-09-22 00:00:00,92.2699966430664,92.7699966430664,92.11000061035156,92.72000122070312,3663.0
2026-09-22 01:00:00,92.7300033569336,93.0,92.70999908447266,92.9800033569336,2707.0
2026-09-22 02:00:00,92.98999786376953,93.16999816894531,92.7300033569336,93.12000274658203,3060.0
2026-09-22 03:00:00,93.12000274658203,93.2699966430664,92.87999725341797,92.97000122070312,2236.0
2026-09-22 04:00:00,92.98999786376953,93.41000366210938,92.95999908447266,93.37999725341797,2515.0
2026-09-22 05:00:00,93.37999725341797,93.58000183105469,93.31999969482422,93.55000305175781,2669.0
2026-09-22 06:00:00,93.54000091552734,93.80999755859375,93.4000015258789,93.62999725341797,5259.0
2026-09-22 07:00:00,93.63999938964844,93.83999633789062,92.88999938964844,93.23999786376953,8135.0
2026-09-22 08:00:00,93.2300033569336,93.26000213623047,90.19999694824219,90.41999816894531,27768.0
2026-09-22 09:00:00,90.44000244140625,91.55999755859375,89.68000030517578,89.7300033569336,35771.0
2026-09-22 10:00:00,89.72000122070312,90.02999877929688,89.16000366210938,89.55000305175781,23499.0
2026-09-22 11:00:00,89.55000305175781,90.7699966430664,89.55000305175781,89.95999908447266,21825.0
2026-09-22 12:00:00,89.95999908447266,90.83999633789062,89.93000030517578,90.38999938964844,14556.0
2026-09-22 13:00:00,90.38999938964844,90.80999755859375,89.4800033569336,90.51000213623047,37854.0
2026-09-22 14:00:00,90.5,91.86000061035156,90.26000213623047,91.04000091552734,44409.0
2026-09-22 15:00:00,91.0199966430664,91.79000091552734,90.95999908447266,91.66000366210938,27402.0
2026-09-22 16:00:00,91.66999816894531,92.05999755859375,91.02999877929688,91.4000015258789,24589.0
2026-09-22 17:00:00,91.38999938964844,91.38999938964844,89.47000122070312,89.61000061035156,36262.0
2026-09-22 18:00:00,89.5999984741211,90.93000030517578,89.51000213623047,90.62000274658203,46136.0
2026-09-22 19:00:00,90.62999725341797,90.66999816894531,88.66999816894531,89.58999633789062,26432.0
2026-09-22 20:00:00,89.58999633789062,90.08000183105469,89.5199966430664,89.8499984741211,5016.0
2026-09-22 22:00:00,89.88999938964844,90.0,89.62000274658203,89.63999938964844,0.0
2026-09-22 23:00:00,89.6500015258789,89.75,89.55999755859375,89.55999755859375,898.0
2026-09-23 00:00:00,89.56999969482422,90.16999816894531,89.47000122070312,90.02999877929688,4744.0
2026-09-23 01:00:00,90.02999877929688,90.37999725341797,89.91000366210938,89.91000366210938,3060.0
2026-09-23 02:00:00,89.91999816894531,90.01000213623047,89.62000274658203,89.66000366210938,3081.0
2026-09-23 03:00:00,89.66000366210938,89.87999725341797,89.04000091552734,89.3499984741211,4915.0
2026-09-23 04:00:00,89.36000061035156,89.4000015258789,88.70999908447266,88.91000366210938,4824.0
2026-09-23 05:00:00,88.91999816894531,89.56999969482422,88.8499984741211,89.30999755859375,4384.0
2026-09-23 06:00:00,89.29000091552734,89.61000061035156,89.08000183105469,89.5999984741211,5837.0
2026-09-23 07:00:00,89.5999984741211,90.08999633789062,89.19999694824219,89.52999877929688,12443.0
2026-09-23 08:00:00,89.54000091552734,90.5199966430664,89.52999877929688,89.93000030517578,10932.0
2026-09-23 09:00:00,89.94000244140625,90.36000061035156,89.77999877929688,90.02999877929688,7025.0
2026-09-23 10:00:00,90.0199966430664,90.06999969482422,89.44000244140625,89.9000015258789,10581.0
2026-09-23 11:00:00,89.9000015258789,91.0,89.83000183105469,90.72000122070312,18068.0
2026-09-23 12:00:00,90.72000122070312,91.26000213623047,90.5,91.06999969482422,21677.0
2026-09-23 13:00:00,91.05999755859375,92.12000274658203,90.70999908447266,91.9800033569336,44863.0
2026-09-23 14:00:00,91.9800033569336,92.27999877929688,91.08000183105469,91.41000366210938,43017.0
2026-09-23 15:00:00,91.41000366210938,92.88999938964844,91.13999938964844,92.56999969482422,34395.0
2026-09-23 16:00:00,92.56999969482422,92.80000305175781,90.5199966430664,91.48999786376953,34243.0
2026-09-23 17:00:00,91.48999786376953,92.26000213623047,90.98999786376953,91.66000366210938,35956.0
2026-09-23 18:00:00,91.66000366210938,92.87999725341797,91.6500015258789,92.2699966430664,30591.0
2026-09-23 19:00:00,92.29000091552734,92.77999877929688,92.13999938964844,92.58999633789062,8202.0
2026-09-23 20:00:00,92.58000183105469,93.02999877929688,92.55999755859375,92.70999908447266,5941.0
2026-09-23 22:00:00,92.72000122070312,92.79000091552734,92.12000274658203,92.22000122070312,0.0
2026-09-23 23:00:00,92.20999908447266,92.2699966430664,92.02999877929688,92.13999938964844,1093.0
2026-09-24 00:00:00,92.13999938964844,92.18000030517578,91.44999694824219,91.62000274658203,4260.0
2026-09-24 01:00:00,91.62000274658203,91.94999694824219,91.29000091552734,91.9000015258789,3773.0
2026-09-24 02:00:00,91.9000015258789,92.06999969482422,91.30000305175781,91.33000183105469,3756.0
2026-09-24 03:00:00,91.30000305175781,91.45999908447266,91.2300033569336,91.30000305175781,2002.0
2026-09-24 04:00:00,91.29000091552734,91.56999969482422,91.2699966430664,91.45999908447266,2233.0
2026-09-24 05:00:00,91.45999908447266,92.26000213623047,91.33000183105469,92.13999938964844,3537.0
2026-09-24 06:00:00,92.13999938964844,92.87000274658203,91.93000030517578,92.73999786376953,7923.0
2026-09-24 07:00:00,92.76000213623047,92.87999725341797,92.0,92.87000274658203,9613.0
2026-09-24 08:00:00,92.87999725341797,94.69000244140625,92.79000091552734,94.36000061035156,27392.0
2026-09-24 09:00:00,94.36000061035156,94.37000274658203,93.63999938964844,93.75,11052.0
2026-09-24 10:00:00,93.76000213623047,93.91000366210938,92.80999755859375,93.12000274658203,13423.0
2026-09-24 11:00:00,93.12000274658203,93.7699966430664,92.88999938964844,93.4800033569336,10726.0
2026-09-24 12:00:00,93.4800033569336,94.0,93.44000244140625,93.91999816894531,13664.0
2026-09-24 13:00:00,93.91999816894531,94.47000122070312,93.5199966430664,94.11000061035156,26807.0
2026-09-24 14:00:00,94.12999725341797,95.7300033569336,93.94999694824219,95.55999755859375,32348.0
2026-09-24 15:00:00,95.56999969482422,96.51000213623047,95.4800033569336,96.4800033569336,39760.0
2026-09-24 16:00:00,96.4800033569336,96.77999877929688,93.30999755859375,94.41999816894531,83566.0
2026-09-24 17:00:00,94.41000366210938,95.6500015258789,93.80999755859375,95.30000305175781,38529.0
2026-09-24 18:00:00,95.30000305175781,95.33000183105469,93.87999725341797,94.38999938964844,36603.0
2026-09-24 19:00:00,94.41000366210938,95.4800033569336,94.41000366210938,95.20999908447266,11574.0
2026-09-24 20:00:00,95.22000122070312,95.5,94.68000030517578,94.76000213623047,5008.0
2026-09-24 22:00:00,94.75,94.75,94.23999786376953,94.36000061035156,0.0
2026-09-24 23:00:00,94.33999633789062,94.41000366210938,93.9000015258789,93.97000122070312,2176.0
2026-09-25 00:00:00,93.97000122070312,94.06999969482422,93.55000305175781,93.62000274658203,5219.0
2026-09-25 01:00:00,93.61000061035156,93.7300033569336,93.05999755859375,93.18000030517578,6167.0
2026-09-25 02:00:00,93.18000030517578,93.25,92.94999694824219,93.0,3673.0
2026-09-25 03:00:00,93.0,93.19999694824219,92.72000122070312,93.12000274658203,4042.0
2026-09-25 04:00:00,93.0999984741211,93.19000244140625,92.97000122070312,93.08000183105469,1487.0
2026-09-25 05:00:00,93.06999969482422,93.22000122070312,92.41000366210938,92.80999755859375,4975.0
2026-09-25 06:00:00,92.80000305175781,93.19000244140625,92.37999725341797,93.04000091552734,5932.0
2026-09-25 07:00:00,93.05999755859375,93.73999786376953,92.94999694824219,93.58000183105469,9703.0
2026-09-25 08:00:00,93.56999969482422,93.7300033569336,92.23999786376953,92.43000030517578,13477.0
2026-09-25 09:00:00,92.44000244140625,93.12000274658203,92.13999938964844,93.05999755859375,12521.0
2026-09-25 10:00:00,93.05999755859375,93.12000274658203,92.66999816894531,92.91000366210938,5881.0
2026-09-25 11:00:00,92.88999938964844,93.0,92.20999908447266,92.52999877929688,10623.0
2026-09-25 12:00:00,92.52999877929688,92.97000122070312,92.04000091552734,92.54000091552734,16208.0
2026-09-25 13:00:00,92.52999877929688,93.47000122070312,92.41000366210938,93.44999694824219,21992.0
2026-09-25 14:00:00,93.41999816894531,94.13999938964844,93.20999908447266,93.80999755859375,24550.0
2026-09-25 15:00:00,93.80999755859375,94.2300033569336,92.83000183105469,92.8499984741211,34963.0
2026-09-25 16:00:00,92.83999633789062,92.91999816894531,91.51000213623047,92.23999786376953,65274.0
2026-09-25 17:00:00,92.23999786376953,92.66000366210938,91.88999938964844,92.1500015258789,23026.0
2026-09-25 18:00:00,92.16000366210938,92.66000366210938,91.81999969482422,92.2699966430664,33166.0
2026-09-25 19:00:00,92.2699966430664,92.77999877929688,92.19999694824219,92.2300033569336,10175.0
2026-09-25 20:00:00,92.22000122070312,92.91000366210938,92.20999908447266,92.41000366210938,6392.0
2026-09-27 22:00:00,93.27999877929688,93.66000366210938,93.05000305175781,93.55999755859375,3229.0
2026-09-27 23:00:00,93.54000091552734,93.76000213623047,93.26000213623047,93.30999755859375,2140.0
2026-09-28 00:00:00,93.30000305175781,93.5199966430664,92.9000015258789,93.30000305175781,4088.0
2026-09-28 01:00:00,93.30000305175781,93.70999908447266,92.68000030517578,93.30000305175781,6268.0
2026-09-28 02:00:00,93.30000305175781,94.33000183105469,93.30000305175781,93.47000122070312,5797.0
2026-09-28 03:00:00,93.4800033569336,94.06999969482422,93.12000274658203,93.98999786376953,2935.0
2026-09-28 04:00:00,94.05000305175781,94.2300033569336,93.91000366210938,94.06999969482422,2276.0
2026-09-28 05:00:00,94.05999755859375,94.7300033569336,94.0199966430664,94.30999755859375,4944.0
2026-09-28 06:00:00,94.31999969482422,94.5,93.3499984741211,93.48999786376953,6576.0
2026-09-28 07:00:00,93.4800033569336,94.62000274658203,93.45999908447266,94.37000274658203,10294.0
2026-09-28 08:00:00,94.37000274658203,95.61000061035156,94.3499984741211,95.61000061035156,12957.0
2026-09-28 09:00:00,95.61000061035156,95.95999908447266,95.37000274658203,95.88999938964844,9386.0
2026-09-28 10:00:00,95.87999725341797,96.4800033569336,95.75,96.18000030517578,11972.0
2026-09-28 11:00:00,96.18000030517578,96.54000091552734,95.55000305175781,95.93000030517578,15818.0
2026-09-28 12:00:00,95.94000244140625,96.12999725341797,94.01000213623047,94.26000213623047,22758.0
2026-09-28 13:00:00,94.23999786376953,94.8499984741211,93.75,93.86000061035156,23989.0
2026-09-28 14:00:00,93.8499984741211,95.69999694824219,93.69999694824219,95.63999938964844,32610.0
2026-09-28 15:00:00,95.62999725341797,95.69000244140625,95.0,95.0199966430664,24344.0
2026-09-28 16:00:00,95.0199966430664,95.12999725341797,91.98999786376953,93.0999984741211,57867.0
2026-09-28 17:00:00,93.08999633789062,93.43000030517578,91.25,92.77999877929688,41889.0
2026-09-28 18:00:00,92.79000091552734,92.94999694824219,91.94999694824219,92.55000305175781,29372.0
2026-09-28 19:00:00,92.54000091552734,93.25,92.41999816894531,93.2300033569336,8605.0
2026-09-28 20:00:00,93.2300033569336,93.47000122070312,92.83000183105469,93.29000091552734,3806.0
2026-09-28 22:00:00,93.52999877929688,93.7699966430664,93.0999984741211,93.33999633789062,0.0
2026-09-28 23:00:00,93.3499984741211,93.3499984741211,93.06999969482422,93.16999816894531,696.0
2026-09-29 00:00:00,93.16999816894531,93.56999969482422,93.0,93.54000091552734,3653.0
2026-09-29 01:00:00,93.52999877929688,94.01000213623047,93.33000183105469,93.58999633789062,5033.0
2026-09-29 02:00:00,93.5999984741211,94.01000213623047,93.4000015258789,93.81999969482422,2890.0
2026-09-29 03:00:00,93.80000305175781,94.1500015258789,93.72000122070312,94.12000274658203,1931.0
2026-09-29 04:00:00,94.05999755859375,94.36000061035156,94.01000213623047,94.31999969482422,1541.0
2026-09-29 05:00:00,94.30000305175781,94.73999786376953,94.0199966430664,94.0999984741211,3028.0
2026-09-29 06:00:00,94.11000061035156,94.13999938964844,93.70999908447266,93.97000122070312,5684.0
2026-09-29 07:00:00,93.95999908447266,94.08999633789062,93.0,93.43000030517578,10088.0
2026-09-29 08:00:00,93.43000030517578,93.68000030517578,92.62000274658203,92.66999816894531,11728.0
2026-09-29 09:00:00,92.68000030517578,92.83999633789062,92.08000183105469,92.5,8800.0
2026-09-29 10:00:00,92.48999786376953,92.5,91.80000305175781,91.8499984741211,9150.0
2026-09-29 11:00:00,91.83000183105469,92.01000213623047,90.80000305175781,91.16000366210938,15943.0
2026-09-29 12:00:00,91.1500015258789,91.29000091552734,90.33000183105469,90.7699966430664,22064.0
2026-09-29 13:00:00,90.76000213623047,90.83999633789062,90.12999725341797,90.44000244140625,7271.0
2026-09-29 13:12:03,90.48999786376953,90.48999786376953,90.48999786376953,90.48999786376953,0.0
