t,O,H,L,C,V
2026-03-29 23:00:00,1.1491611003875732,1.1496896743774414,1.1491611003875732,1.1494252681732178,0.0
2026-03-30 00:00:00,1.1495574712753296,1.151543140411377,1.1494252681732178,1.151012897491455,0.0
2026-03-30 01:00:00,1.151145339012146,1.151410460472107,1.1507480144500732,1.1507480144500732,0.0
2026-03-30 02:00:00,1.1507480144500732,1.1518083810806274,1.150483250617981,1.151410460472107,0.0
2026-03-30 03:00:00,1.151410460472107,1.1522064208984375,1.151410460472107,1.1519410610198975,0.0
2026-03-30 04:00:00,1.1519410610198975,1.1524720191955566,1.1516757011413574,1.1516757011413574,0.0
2026-03-30 05:00:00,1.1516757011413574,1.1520737409591675,1.1512778997421265,1.1519410610198975,0.0
2026-03-30 06:00:00,1.1518083810806274,1.152339220046997,1.151543140411377,1.151543140411377,0.0
2026-03-30 07:00:00,1.151543140411377,1.151543140411377,1.1498217582702637,1.1500862836837769,0.0
2026-03-30 08:00:00,1.1500862836837769,1.1502184867858887,1.1494252681732178,1.1499539613723755,0.0
2026-03-30 09:00:00,1.1498217582702637,1.1500862836837769,1.1488970518112183,1.1499539613723755,0.0
2026-03-30 10:00:00,1.1496896743774414,1.1500862836837769,1.1492931842803955,1.1492931842803955,0.0
2026-03-30 11:00:00,1.1492931842803955,1.1499539613723755,1.1488970518112183,1.1488970518112183,0.0
2026-03-30 12:00:00,1.1487650871276855,1.1488970518112183,1.1475785970687866,1.1486331224441528,0.0
2026-03-30 13:00:00,1.1487650871276855,1.1490291357040405,1.1465259790420532,1.1466574668884277,0.0
2026-03-30 14:00:00,1.1469204425811768,1.1471836566925049,1.1458691358566284,1.1467890739440918,0.0
2026-03-30 15:00:00,1.1467890739440918,1.1469204425811768,1.144819736480713,1.145737886428833,0.0
2026-03-30 16:00:00,1.145737886428833,1.1462632417678833,1.145213007926941,1.1461317539215088,0.0
2026-03-30 17:00:00,1.1463946104049683,1.1466574668884277,1.1458691358566284,1.1460003852844238,0.0
2026-03-30 18:00:00,1.1460003852844238,1.1469204425811768,1.1460003852844238,1.1465259790420532,0.0
2026-03-30 19:00:00,1.1463946104049683,1.1465259790420532,1.1458691358566284,1.1461317539215088,0.0
2026-03-30 20:00:00,1.1462632417678833,1.1465259790420532,1.1460003852844238,1.1465259790420532,0.0
2026-03-30 21:00:00,1.1461317539215088,1.1471836566925049,1.1458691358566284,1.1466574668884277,0.0
2026-03-30 22:00:00,1.1463946104049683,1.1469204425811768,1.1463946104049683,1.1463946104049683,0.0
2026-03-30 23:00:00,1.1461317539215088,1.1461317539215088,1.1456066370010376,1.1458691358566284,0.0
2026-03-31 00:00:00,1.1460003852844238,1.1479737758636475,1.145213007926941,1.1479737758636475,0.0
2026-03-31 01:00:00,1.1478420495986938,1.1492931842803955,1.1477103233337402,1.1479737758636475,0.0
2026-03-31 02:00:00,1.1478420495986938,1.1482374668121338,1.1477103233337402,1.1479737758636475,0.0
2026-03-31 03:00:00,1.1479737758636475,1.1479737758636475,1.1470520496368408,1.147315263748169,0.0
2026-03-31 04:00:00,1.147315263748169,1.1475785970687866,1.147315263748169,1.147315263748169,0.0
2026-03-31 05:00:00,1.147315263748169,1.147446870803833,1.1466574668884277,1.1466574668884277,0.0
2026-03-31 06:00:00,1.1467890739440918,1.1477103233337402,1.1463946104049683,1.1475785970687866,0.0
2026-03-31 07:00:00,1.147446870803833,1.1475785970687866,1.1467890739440918,1.1475785970687866,0.0
2026-03-31 08:00:00,1.1475785970687866,1.1478420495986938,1.1467890739440918,1.1471836566925049,0.0
2026-03-31 09:00:00,1.1470520496368408,1.1475785970687866,1.1465259790420532,1.1470520496368408,0.0
2026-03-31 10:00:00,1.1471836566925049,1.147315263748169,1.1461317539215088,1.1462632417678833,0.0
2026-03-31 11:00:00,1.1462632417678833,1.1494252681732178,1.1461317539215088,1.1491611003875732,0.0
2026-03-31 12:00:00,1.1495574712753296,1.1512778997421265,1.1492931842803955,1.1507480144500732,0.0
2026-03-31 13:00:00,1.1507480144500732,1.1535356044769287,1.150483250617981,1.15340256690979,0.0
2026-03-31 14:00:00,1.1536686420440674,1.1542012691497803,1.151543140411377,1.1524720191955566,0.0
2026-03-31 15:00:00,1.1524720191955566,1.1536686420440674,1.151543140411377,1.1519410610198975,0.0
2026-03-31 16:00:00,1.1519410610198975,1.1560693979263306,1.1518083810806274,1.154334545135498,0.0
2026-03-31 17:00:00,1.1546010971069336,1.1558021306991577,1.1546010971069336,1.1546010971069336,0.0
2026-03-31 18:00:00,1.154334545135498,1.1552680730819702,1.154334545135498,1.155001163482666,0.0
2026-03-31 19:00:00,1.1547343730926514,1.156336784362793,1.154334545135498,1.156336784362793,0.0
2026-03-31 20:00:00,1.156336784362793,1.1566041707992554,1.1556684970855713,1.1556684970855713,0.0
2026-03-31 21:00:00,1.1558021306991577,1.1560693979263306,1.155001163482666,1.1558021306991577,0.0
2026-03-31 22:00:00,1.1560693979263306,1.156336784362793,1.1556684970855713,1.156203031539917,0.0
2026-03-31 23:00:00,1.156203031539917,1.1576753854751587,1.1560693979263306,1.1576753854751587,0.0
2026-04-01 00:00:00,1.1576753854751587,1.1582117080688477,1.157273530960083,1.1578094959259033,0.0
2026-04-01 01:00:00,1.1576753854751587,1.1576753854751587,1.1559356451034546,1.1564704179763794,0.0
2026-04-01 02:00:00,1.1566041707992554,1.1574074029922485,1.1564704179763794,1.157273530960083,0.0
2026-04-01 03:00:00,1.157139539718628,1.157139539718628,1.156336784362793,1.1564704179763794,0.0
2026-04-01 04:00:00,1.156336784362793,1.1570056676864624,1.156336784362793,1.1568717956542969,0.0
2026-04-01 05:00:00,1.1568717956542969,1.1579434871673584,1.1568717956542969,1.1574074029922485,0.0
2026-04-01 06:00:00,1.157273530960083,1.1595547199249268,1.1566041707992554,1.1594202518463135,0.0
2026-04-01 07:00:00,1.1595547199249268,1.160092830657959,1.1582117080688477,1.1586142778396606,0.0
2026-04-01 08:00:00,1.1584800481796265,1.161440134048462,1.158077597618103,1.160092830657959,0.0
2026-04-01 09:00:00,1.1599582433700562,1.160496711730957,1.1584800481796265,1.1598236560821533,0.0
2026-04-01 10:00:00,1.1598236560821533,1.1607661247253418,1.15968918800354,1.1603620052337646,0.0
2026-04-01 11:00:00,1.1602274179458618,1.16130530834198,1.1602274179458618,1.1610356569290161,0.0
2026-04-01 12:00:00,1.161170482635498,1.1619800329208374,1.1598236560821533,1.1606314182281494,0.0
2026-04-01 13:00:00,1.1607661247253418,1.1626555919647217,1.1603620052337646,1.161440134048462,0.0
2026-04-01 14:00:00,1.1610356569290161,1.163061261177063,1.1609008312225342,1.1627906560897827,0.0
2026-04-01 15:00:00,1.1626555919647217,1.1629259586334229,1.1609008312225342,1.1617100238800049,0.0
2026-04-01 16:00:00,1.1617100238800049,1.16225004196167,1.1607661247253418,1.16225004196167,0.0
2026-04-01 17:00:00,1.16225004196167,1.162520408630371,1.1598236560821533,1.1598236560821533,0.0
2026-04-01 18:00:00,1.15968918800354,1.15968918800354,1.1582117080688477,1.1584800481796265,0.0
2026-04-01 19:00:00,1.158077597618103,1.1590172052383423,1.158077597618103,1.1588828563690186,0.0
2026-04-01 20:00:00,1.1588828563690186,1.1595547199249268,1.1586142778396606,1.1595547199249268,0.0
2026-04-01 21:00:00,1.159151554107666,1.1598236560821533,1.1584800481796265,1.1594202518463135,0.0
2026-04-01 22:00:00,1.1594202518463135,1.15968918800354,1.159151554107666,1.1594202518463135,0.0
2026-04-01 23:00:00,1.1595547199249268,1.1598236560821533,1.1592857837677002,1.1592857837677002,0.0
2026-04-02 00:00:00,1.1592857837677002,1.160092830657959,1.1590172052383423,1.160092830657959,0.0
2026-04-02 01:00:00,1.1599582433700562,1.1606314182281494,1.155001163482666,1.1555349826812744,0.0
2026-04-02 02:00:00,1.1555349826812744,1.156336784362793,1.1547343730926514,1.1551345586776733,0.0
2026-04-02 03:00:00,1.1548677682876587,1.1552680730819702,1.1542012691497803,1.154334545135498,0.0
2026-04-02 04:00:00,1.154334545135498,1.1544678211212158,1.1536686420440674,1.1539349555969238,0.0
2026-04-02 05:00:00,1.1542012691497803,1.1542012691497803,1.1528706550598145,1.1528706550598145,0.0
2026-04-02 06:00:00,1.1532695293426514,1.1539349555969238,1.1519410610198975,1.1539349555969238,0.0
2026-04-02 07:00:00,1.1538017988204956,1.1539349555969238,1.1522064208984375,1.1536686420440674,0.0
2026-04-02 08:00:00,1.1536686420440674,1.1538017988204956,1.1527377367019653,1.1528706550598145,0.0
2026-04-02 09:00:00,1.1528706550598145,1.15340256690979,1.1526048183441162,1.1527377367019653,0.0
2026-04-02 10:00:00,1.1528706550598145,1.1528706550598145,1.151543140411377,1.151543140411377,0.0
2026-04-02 11:00:00,1.1516757011413574,1.1522064208984375,1.1512778997421265,1.1522064208984375,0.0
2026-04-02 12:00:00,1.1522064208984375,1.15340256690979,1.1522064208984375,1.1527377367019653,0.0
2026-04-02 13:00:00,1.1527377367019653,1.15340256690979,1.152339220046997,1.15340256690979,0.0
2026-04-02 14:00:00,1.1532695293426514,1.1558021306991577,1.1531364917755127,1.1555349826812744,0.0
2026-04-02 15:00:00,1.1556684970855713,1.1560693979263306,1.1547343730926514,1.1548677682876587,0.0
2026-04-02 16:00:00,1.1548677682876587,1.155001163482666,1.154334545135498,1.1546010971069336,0.0
2026-04-02 17:00:00,1.154334545135498,1.1551345586776733,1.154068112373352,1.154068112373352,0.0
2026-04-02 18:00:00,1.1542012691497803,1.1542012691497803,1.1536686420440674,1.1542012691497803,0.0
2026-04-02 19:00:00,1.154068112373352,1.1544678211212158,1.1538017988204956,1.1538017988204956,0.0
2026-04-02 20:00:00,1.1536686420440674,1.154334545135498,1.1536686420440674,1.1542012691497803,0.0
2026-04-02 21:00:00,1.154334545135498,1.1546010971069336,1.1536686420440674,1.1546010971069336,0.0
2026-04-02 22:00:00,1.1547343730926514,1.1547343730926514,1.1542012691497803,1.154334545135498,0.0
2026-04-02 23:00:00,1.154334545135498,1.1546010971069336,1.154334545135498,1.1544678211212158,0.0
2026-04-03 00:00:00,1.1544678211212158,1.1547343730926514,1.1542012691497803,1.1542012691497803,0.0
2026-04-03 01:00:00,1.1542012691497803,1.154334545135498,1.1538017988204956,1.1538017988204956,0.0
2026-04-03 02:00:00,1.1538017988204956,1.1542012691497803,1.1535356044769287,1.1539349555969238,0.0
2026-04-03 03:00:00,1.1539349555969238,1.154068112373352,1.1538017988204956,1.1539349555969238,0.0
2026-04-03 04:00:00,1.1539349555969238,1.1539349555969238,1.1538017988204956,1.1538017988204956,0.0
2026-04-03 05:00:00,1.1538017988204956,1.1542012691497803,1.1532695293426514,1.1542012691497803,0.0
2026-04-03 06:00:00,1.154068112373352,1.154334545135498,1.1538017988204956,1.154334545135498,0.0
2026-04-03 07:00:00,1.154334545135498,1.155001163482666,1.154334545135498,1.1546010971069336,0.0
2026-04-03 08:00:00,1.1546010971069336,1.1548677682876587,1.154334545135498,1.1546010971069336,0.0
2026-04-03 09:00:00,1.1547343730926514,1.1548677682876587,1.1544678211212158,1.1546010971069336,0.0
2026-04-03 10:00:00,1.1547343730926514,1.1551345586776733,1.1546010971069336,1.1548677682876587,0.0
2026-04-03 11:00:00,1.1548677682876587,1.155001163482666,1.1544678211212158,1.1547343730926514,0.0
2026-04-03 12:00:00,1.1548677682876587,1.1548677682876587,1.1526048183441162,1.15340256690979,0.0
2026-04-03 13:00:00,1.1532695293426514,1.1542012691497803,1.1531364917755127,1.1539349555969238,0.0
2026-04-03 14:00:00,1.1539349555969238,1.1539349555969238,1.1524720191955566,1.1524720191955566,0.0
2026-04-03 15:00:00,1.1524720191955566,1.1531364917755127,1.1524720191955566,1.1524720191955566,0.0
2026-04-03 16:00:00,1.1524720191955566,1.1524720191955566,1.1520737409591675,1.152339220046997,0.0
2026-04-03 17:00:00,1.1522064208984375,1.1524720191955566,1.1520737409591675,1.1522064208984375,0.0
2026-04-03 18:00:00,1.152339220046997,1.152339220046997,1.1516757011413574,1.1518083810806274,0.0
2026-04-03 19:00:00,1.1518083810806274,1.1520737409591675,1.1518083810806274,1.1519410610198975,0.0
2026-04-03 20:00:00,1.1519410610198975,1.1532695293426514,1.1518083810806274,1.1522064208984375,0.0
2026-04-03 21:00:00,1.152339220046997,1.152339220046997,1.1522064208984375,1.1522064208984375,0.0
2026-04-05 23:00:00,1.1518083810806274,1.1519410610198975,1.1512778997421265,1.1512778997421265,0.0
2026-04-06 00:00:00,1.151410460472107,1.1522064208984375,1.151410460472107,1.151543140411377,0.0
2026-04-06 01:00:00,1.151543140411377,1.1516757011413574,1.151012897491455,1.151012897491455,0.0
2026-04-06 02:00:00,1.1512778997421265,1.1531364917755127,1.1512778997421265,1.1524720191955566,0.0
2026-04-06 03:00:00,1.1524720191955566,1.1526048183441162,1.1520737409591675,1.1522064208984375,0.0
2026-04-06 04:00:00,1.152339220046997,1.1528706550598145,1.1522064208984375,1.1527377367019653,0.0
2026-04-06 05:00:00,1.1527377367019653,1.1532695293426514,1.1527377367019653,1.1528706550598145,0.0
2026-04-06 06:00:00,1.1527377367019653,1.1539349555969238,1.1526048183441162,1.1536686420440674,0.0
2026-04-06 07:00:00,1.1536686420440674,1.157139539718628,1.1528706550598145,1.156738042831421,0.0
2026-04-06 08:00:00,1.1570056676864624,1.1570056676864624,1.1558021306991577,1.1559356451034546,0.0
2026-04-06 09:00:00,1.1559356451034546,1.156203031539917,1.1551345586776733,1.155401587486267,0.0
2026-04-06 10:00:00,1.155401587486267,1.1556684970855713,1.1546010971069336,1.1551345586776733,0.0
2026-04-06 11:00:00,1.1552680730819702,1.1552680730819702,1.1544678211212158,1.1548677682876587,0.0
2026-04-06 12:00:00,1.1548677682876587,1.1558021306991577,1.1546010971069336,1.1556684970855713,0.0
2026-04-06 13:00:00,1.1556684970855713,1.156336784362793,1.155401587486267,1.156336784362793,0.0
2026-04-06 14:00:00,1.1566041707992554,1.157273530960083,1.1546010971069336,1.1546010971069336,0.0
2026-04-06 15:00:00,1.1544678211212158,1.1547343730926514,1.1539349555969238,1.1547343730926514,0.0
2026-04-06 16:00:00,1.1548677682876587,1.1551345586776733,1.1546010971069336,1.1548677682876587,0.0
2026-04-06 17:00:00,1.1546010971069336,1.155001163482666,1.1538017988204956,1.1544678211212158,0.0
2026-04-06 18:00:00,1.154334545135498,1.1555349826812744,1.154334545135498,1.1548677682876587,0.0
2026-04-06 19:00:00,1.1547343730926514,1.155001163482666,1.1544678211212158,1.1546010971069336,0.0
2026-04-06 20:00:00,1.1546010971069336,1.1547343730926514,1.1544678211212158,1.1544678211212158,0.0
2026-04-06 21:00:00,1.1544678211212158,1.1551345586776733,1.1542012691497803,1.1546010971069336,0.0
2026-04-06 22:00:00,1.1547343730926514,1.1548677682876587,1.1546010971069336,1.1546010971069336,0.0
2026-04-06 23:00:00,1.1546010971069336,1.1547343730926514,1.154334545135498,1.1544678211212158,0.0
2026-04-07 00:00:00,1.1544678211212158,1.1546010971069336,1.154068112373352,1.154068112373352,0.0
2026-04-07 01:00:00,1.1539349555969238,1.154334545135498,1.1531364917755127,1.1532695293426514,0.0
2026-04-07 02:00:00,1.1532695293426514,1.1535356044769287,1.1528706550598145,1.1532695293426514,0.0
2026-04-07 03:00:00,1.1532695293426514,1.1538017988204956,1.1532695293426514,1.1538017988204956,0.0
2026-04-07 04:00:00,1.1538017988204956,1.1542012691497803,1.1536686420440674,1.1542012691497803,0.0
2026-04-07 05:00:00,1.1542012691497803,1.154334545135498,1.15340256690979,1.1538017988204956,0.0
2026-04-07 06:00:00,1.1539349555969238,1.1548677682876587,1.1536686420440674,1.1547343730926514,0.0
2026-04-07 07:00:00,1.1547343730926514,1.1548677682876587,1.154068112373352,1.1546010971069336,0.0
2026-04-07 08:00:00,1.1546010971069336,1.1578094959259033,1.1546010971069336,1.1578094959259033,0.0
2026-04-07 09:00:00,1.1578094959259033,1.1578094959259033,1.1566041707992554,1.1566041707992554,0.0
2026-04-07 10:00:00,1.1566041707992554,1.1566041707992554,1.1551345586776733,1.1556684970855713,0.0
2026-04-07 11:00:00,1.1556684970855713,1.1564704179763794,1.1552680730819702,1.156203031539917,0.0
2026-04-07 12:00:00,1.156336784362793,1.1570056676864624,1.1558021306991577,1.1564704179763794,0.0
2026-04-07 13:00:00,1.156336784362793,1.1568717956542969,1.1560693979263306,1.156738042831421,0.0
2026-04-07 14:00:00,1.156738042831421,1.1582117080688477,1.156203031539917,1.1575413942337036,0.0
2026-04-07 15:00:00,1.1574074029922485,1.1579434871673584,1.1570056676864624,1.1575413942337036,0.0
2026-04-07 16:00:00,1.1574074029922485,1.1582117080688477,1.157273530960083,1.1574074029922485,0.0
2026-04-07 17:00:00,1.1575413942337036,1.1582117080688477,1.1570056676864624,1.158077597618103,0.0
2026-04-07 18:00:00,1.1582117080688477,1.1586142778396606,1.1575413942337036,1.1578094959259033,0.0
2026-04-07 19:00:00,1.1578094959259033,1.160496711730957,1.1576753854751587,1.1598236560821533,0.0
2026-04-07 20:00:00,1.15968918800354,1.1607661247253418,1.15968918800354,1.1599582433700562,0.0
2026-04-07 21:00:00,1.1595547199249268,1.1607661247253418,1.1595547199249268,1.1602274179458618,0.0
2026-04-07 22:00:00,1.1606314182281494,1.1667250394821167,1.1606314182281494,1.1667250394821167,0.0
2026-04-07 23:00:00,1.1671334505081177,1.1693171262741089,1.1667250394821167,1.1689070463180542,0.0
2026-04-08 00:00:00,1.1690436601638794,1.169864296913147,1.1669973134994507,1.1675423383712769,0.0
2026-04-08 01:00:00,1.1675423383712769,1.1690436601638794,1.1675423383712769,1.1678149700164795,0.0
2026-04-08 02:00:00,1.1680878400802612,1.1684973239898682,1.1672697067260742,1.1676785945892334,0.0
2026-04-08 03:00:00,1.1678149700164795,1.1678149700164795,1.1671334505081177,1.1675423383712769,0.0
2026-04-08 04:00:00,1.1674060821533203,1.1683608293533325,1.1674060821533203,1.1678149700164795,0.0
2026-04-08 05:00:00,1.1679514646530151,1.1710972785949707,1.1678149700164795,1.1695905923843384,0.0
2026-04-08 06:00:00,1.1695905923843384,1.1710972785949707,1.1689070463180542,1.1700011491775513,0.0
2026-04-08 07:00:00,1.169864296913147,1.1702749729156494,1.1683608293533325,1.169864296913147,0.0
2026-04-08 08:00:00,1.169864296913147,1.1700011491775513,1.1675423383712769,1.1684973239898682,0.0
2026-04-08 09:00:00,1.1684973239898682,1.1691803932189941,1.1682243347167969,1.1683608293533325,0.0
2026-04-08 10:00:00,1.1682243347167969,1.1695905923843384,1.1682243347167969,1.1694538593292236,0.0
2026-04-08 11:00:00,1.1691803932189941,1.1710972785949707,1.1690436601638794,1.1704120635986328,0.0
2026-04-08 12:00:00,1.1704120635986328,1.17205810546875,1.1697274446487427,1.171783447265625,0.0
2026-04-08 13:00:00,1.1716461181640625,1.1724703311920166,1.1691803932189941,1.1695905923843384,0.0
2026-04-08 14:00:00,1.169864296913147,1.170548915863037,1.1694538593292236,1.169864296913147,0.0
2026-04-08 15:00:00,1.1697274446487427,1.1700011491775513,1.1689070463180542,1.1691803932189941,0.0
2026-04-08 16:00:00,1.1689070463180542,1.1690436601638794,1.1682243347167969,1.1684973239898682,0.0
2026-04-08 17:00:00,1.1684973239898682,1.1689070463180542,1.1674060821533203,1.1678149700164795,0.0
2026-04-08 18:00:00,1.1675423383712769,1.1683608293533325,1.1655012369155884,1.1655012369155884,0.0
2026-04-08 19:00:00,1.164958119392395,1.1674060821533203,1.164958119392395,1.1674060821533203,0.0
2026-04-08 20:00:00,1.1671334505081177,1.1671334505081177,1.1664528846740723,1.1665889024734497,0.0
2026-04-08 21:00:00,1.1667250394821167,1.1671334505081177,1.1659088134765625,1.1668611764907837,0.0
2026-04-08 22:00:00,1.1669973134994507,1.1669973134994507,1.1664528846740723,1.1665889024734497,0.0
2026-04-08 23:00:00,1.1664528846740723,1.1665889024734497,1.1661807298660278,1.1661807298660278,0.0
2026-04-09 00:00:00,1.1661807298660278,1.1663167476654053,1.1657729148864746,1.1661807298660278,0.0
2026-04-09 01:00:00,1.1661807298660278,1.1665889024734497,1.1653653383255005,1.1665889024734497,0.0
2026-04-09 02:00:00,1.1667250394821167,1.1669973134994507,1.1663167476654053,1.1668611764907837,0.0
2026-04-09 03:00:00,1.1668611764907837,1.1669973134994507,1.1664528846740723,1.1665889024734497,0.0
2026-04-09 04:00:00,1.1667250394821167,1.1674060821533203,1.1665889024734497,1.1669973134994507,0.0
2026-04-09 05:00:00,1.1669973134994507,1.1671334505081177,1.1663167476654053,1.1664528846740723,0.0
2026-04-09 06:00:00,1.1664528846740723,1.1665889024734497,1.1657729148864746,1.1665889024734497,0.0
2026-04-09 07:00:00,1.1668611764907837,1.1671334505081177,1.16604483127594,1.1665889024734497,0.0
2026-04-09 08:00:00,1.1665889024734497,1.1678149700164795,1.1663167476654053,1.1675423383712769,0.0
2026-04-09 09:00:00,1.1675423383712769,1.1682243347167969,1.1672697067260742,1.1678149700164795,0.0
2026-04-09 10:00:00,1.1678149700164795,1.1682243347167969,1.1678149700164795,1.1678149700164795,0.0
2026-04-09 11:00:00,1.1674060821533203,1.1693171262741089,1.1674060821533203,1.1691803932189941,0.0
2026-04-09 12:00:00,1.1691803932189941,1.1691803932189941,1.1683608293533325,1.1689070463180542,0.0
2026-04-09 13:00:00,1.1689070463180542,1.169864296913147,1.1686338186264038,1.1686338186264038,0.0
2026-04-09 14:00:00,1.1683608293533325,1.1691803932189941,1.1678149700164795,1.168770432472229,0.0
2026-04-09 15:00:00,1.168770432472229,1.1709601879119873,1.1680878400802612,1.170823097229004,0.0
2026-04-09 16:00:00,1.170823097229004,1.171783447265625,1.170823097229004,1.1713716983795166,0.0
2026-04-09 17:00:00,1.1715089082717896,1.1726078987121582,1.1713716983795166,1.171783447265625,0.0
2026-04-09 18:00:00,1.171783447265625,1.171783447265625,1.1701380014419556,1.1704120635986328,0.0
2026-04-09 19:00:00,1.1702749729156494,1.1712344884872437,1.1701380014419556,1.1704120635986328,0.0
2026-04-09 20:00:00,1.1702749729156494,1.1704120635986328,1.169864296913147,1.1702749729156494,0.0
2026-04-09 21:00:00,1.1702749729156494,1.1706860065460205,1.1695905923843384,1.1704120635986328,0.0
2026-04-09 22:00:00,1.1704120635986328,1.170548915863037,1.1695905923843384,1.1697274446487427,0.0
2026-04-09 23:00:00,1.1697274446487427,1.1700011491775513,1.1694538593292236,1.1694538593292236,0.0
2026-04-10 00:00:00,1.1694538593292236,1.1694538593292236,1.1689070463180542,1.1690436601638794,0.0
2026-04-10 01:00:00,1.1690436601638794,1.169864296913147,1.1690436601638794,1.1695905923843384,0.0
2026-04-10 02:00:00,1.1697274446487427,1.1697274446487427,1.1690436601638794,1.1694538593292236,0.0
2026-04-10 03:00:00,1.1694538593292236,1.1700011491775513,1.1693171262741089,1.169864296913147,0.0
2026-04-10 04:00:00,1.169864296913147,1.1700011491775513,1.1694538593292236,1.1695905923843384,0.0
2026-04-10 05:00:00,1.1695905923843384,1.1695905923843384,1.1691803932189941,1.1694538593292236,0.0
2026-04-10 06:00:00,1.1693171262741089,1.1695905923843384,1.168770432472229,1.168770432472229,0.0
2026-04-10 07:00:00,1.1689070463180542,1.1693171262741089,1.1682243347167969,1.1682243347167969,0.0
2026-04-10 08:00:00,1.1683608293533325,1.1693171262741089,1.1680878400802612,1.1689070463180542,0.0
2026-04-10 09:00:00,1.1690436601638794,1.1713716983795166,1.1689070463180542,1.1712344884872437,0.0
2026-04-10 10:00:00,1.1713716983795166,1.1719207763671875,1.1709601879119873,1.1716461181640625,0.0
2026-04-10 11:00:00,1.1716461181640625,1.172195553779602,1.1715089082717896,1.171783447265625,0.0
2026-04-10 12:00:00,1.171783447265625,1.1728830337524414,1.1713716983795166,1.172195553779602,0.0
2026-04-10 13:00:00,1.172195553779602,1.17384672164917,1.172195553779602,1.1730204820632935,0.0
2026-04-10 14:00:00,1.1730204820632935,1.1741223335266113,1.1726078987121582,1.1731581687927246,0.0
2026-04-10 15:00:00,1.1731581687927246,1.1741223335266113,1.1726078987121582,1.1726078987121582,0.0
2026-04-10 16:00:00,1.1724703311920166,1.1728830337524414,1.1716461181640625,1.1724703311920166,0.0
2026-04-10 17:00:00,1.172333002090454,1.1728830337524414,1.172333002090454,1.1727453470230103,0.0
2026-04-10 18:00:00,1.1726078987121582,1.17384672164917,1.172333002090454,1.173433542251587,0.0
2026-04-10 19:00:00,1.173433542251587,1.1735711097717285,1.1731581687927246,1.1731581687927246,0.0
2026-04-10 20:00:00,1.1730204820632935,1.173433542251587,1.1727453470230103,1.1727453470230103,0.0
2026-04-10 21:00:00,1.1728830337524414,1.1728830337524414,1.1728830337524414,1.1728830337524414,0.0
2026-04-12 23:00:00,1.1675423383712769,1.1678149700164795,1.1667250394821167,1.1676785945892334,0.0
2026-04-13 00:00:00,1.1679514646530151,1.1689070463180542,1.1674060821533203,1.1689070463180542,0.0
2026-04-13 01:00:00,1.1691803932189941,1.1691803932189941,1.1683608293533325,1.1690436601638794,0.0
2026-04-13 02:00:00,1.1690436601638794,1.1693171262741089,1.1689070463180542,1.1691803932189941,0.0
2026-04-13 03:00:00,1.1691803932189941,1.1691803932189941,1.1689070463180542,1.1691803932189941,0.0
2026-04-13 04:00:00,1.1691803932189941,1.1693171262741089,1.1689070463180542,1.1689070463180542,0.0
2026-04-13 05:00:00,1.1690436601638794,1.1691803932189941,1.168770432472229,1.1691803932189941,0.0
2026-04-13 06:00:00,1.1691803932189941,1.1697274446487427,1.1682243347167969,1.1689070463180542,0.0
2026-04-13 07:00:00,1.1690436601638794,1.1702749729156494,1.1690436601638794,1.1701380014419556,0.0
2026-04-13 08:00:00,1.1700011491775513,1.1700011491775513,1.168770432472229,1.1689070463180542,0.0
2026-04-13 09:00:00,1.1690436601638794,1.1694538593292236,1.168770432472229,1.1690436601638794,0.0
2026-04-13 10:00:00,1.1689070463180542,1.169864296913147,1.1686338186264038,1.1695905923843384,0.0
2026-04-13 11:00:00,1.169864296913147,1.1702749729156494,1.1686338186264038,1.1686338186264038,0.0
2026-04-13 12:00:00,1.1684973239898682,1.1701380014419556,1.1684973239898682,1.1701380014419556,0.0
2026-04-13 13:00:00,1.1702749729156494,1.1715089082717896,1.1700011491775513,1.1706860065460205,0.0
2026-04-13 14:00:00,1.1709601879119873,1.172195553779602,1.170548915863037,1.1715089082717896,0.0
2026-04-13 15:00:00,1.1713716983795166,1.1715089082717896,1.170548915863037,1.1712344884872437,0.0
2026-04-13 16:00:00,1.1713716983795166,1.1731581687927246,1.1710972785949707,1.1728830337524414,0.0
2026-04-13 17:00:00,1.1728830337524414,1.1741223335266113,1.1728830337524414,1.1737089157104492,0.0
2026-04-13 18:00:00,1.1737089157104492,1.1764705181121826,1.1737089157104492,1.1764705181121826,0.0
2026-04-13 19:00:00,1.176885962486267,1.176885962486267,1.1757789850234985,1.1764705181121826,0.0
2026-04-13 20:00:00,1.1764705181121826,1.1766090393066406,1.1760554313659668,1.1761938333511353,0.0
2026-04-13 21:00:00,1.1761938333511353,1.1764705181121826,1.1759172677993774,1.1760554313659668,0.0
2026-04-13 22:00:00,1.1763322353363037,1.176747441291809,1.1763322353363037,1.1763322353363037,0.0
2026-04-13 23:00:00,1.1764705181121826,1.177024483680725,1.1764705181121826,1.177024483680725,0.0
2026-04-14 00:00:00,1.177024483680725,1.177024483680725,1.1766090393066406,1.176885962486267,0.0
2026-04-14 01:00:00,1.177024483680725,1.177024483680725,1.1763322353363037,1.1763322353363037,0.0
2026-04-14 02:00:00,1.1763322353363037,1.1766090393066406,1.1760554313659668,1.1764705181121826,0.0
2026-04-14 03:00:00,1.1764705181121826,1.177163004875183,1.1763322353363037,1.177163004875183,0.0
2026-04-14 04:00:00,1.177024483680725,1.1773016452789307,1.176885962486267,1.177163004875183,0.0
2026-04-14 05:00:00,1.177024483680725,1.1773016452789307,1.1763322353363037,1.176747441291809,0.0
2026-04-14 06:00:00,1.176885962486267,1.1781338453292847,1.1761938333511353,1.1781338453292847,0.0
2026-04-14 07:00:00,1.1781338453292847,1.1796625852584839,1.1781338453292847,1.1784114837646484,0.0
2026-04-14 08:00:00,1.1782727241516113,1.1786893606185913,1.1778563261032104,1.178550362586975,0.0
2026-04-14 09:00:00,1.1786893606185913,1.1795234680175781,1.178550362586975,1.1789672374725342,0.0
2026-04-14 10:00:00,1.1792453527450562,1.1802195310592651,1.1792453527450562,1.1800801753997803,0.0
2026-04-14 11:00:00,1.179940938949585,1.1807769536972046,1.179940938949585,1.1807769536972046,0.0
2026-04-14 12:00:00,1.1800801753997803,1.1807769536972046,1.1796625852584839,1.1807769536972046,0.0
2026-04-14 13:00:00,1.1807769536972046,1.1810559034347534,1.1798018217086792,1.1802195310592651,0.0
2026-04-14 14:00:00,1.18035888671875,1.1813349723815918,1.1798018217086792,1.1813349723815918,0.0
2026-04-14 15:00:00,1.1811953783035278,1.1811953783035278,1.1791062355041504,1.1793843507766724,0.0
2026-04-14 16:00:00,1.1793843507766724,1.179940938949585,1.1792453527450562,1.1798018217086792,0.0
2026-04-14 17:00:00,1.1798018217086792,1.1802195310592651,1.1795234680175781,1.179940938949585,0.0
2026-04-14 18:00:00,1.1800801753997803,1.1800801753997803,1.1793843507766724,1.1796625852584839,0.0
2026-04-14 19:00:00,1.1795234680175781,1.1798018217086792,1.1793843507766724,1.1795234680175781,0.0
2026-04-14 20:00:00,1.1795234680175781,1.179940938949585,1.1795234680175781,1.179940938949585,0.0
2026-04-14 21:00:00,1.179940938949585,1.1802195310592651,1.1791062355041504,1.1793843507766724,0.0
2026-04-14 22:00:00,1.1796625852584839,1.1802195310592651,1.1796625852584839,1.1798018217086792,0.0
2026-04-14 23:00:00,1.179940938949585,1.18035888671875,1.1798018217086792,1.1802195310592651,0.0
2026-04-15 00:00:00,1.1802195310592651,1.1802195310592651,1.1793843507766724,1.1798018217086792,0.0
2026-04-15 01:00:00,1.1798018217086792,1.179940938949585,1.1793843507766724,1.1795234680175781,0.0
2026-04-15 02:00:00,1.1793843507766724,1.1793843507766724,1.1782727241516113,1.1786893606185913,0.0
2026-04-15 03:00:00,1.1786893606185913,1.1792453527450562,1.1784114837646484,1.1791062355041504,0.0
2026-04-15 04:00:00,1.1791062355041504,1.1793843507766724,1.1789672374725342,1.1792453527450562,0.0
2026-04-15 05:00:00,1.1792453527450562,1.1800801753997803,1.1792453527450562,1.1795234680175781,0.0
2026-04-15 06:00:00,1.1796625852584839,1.1802195310592651,1.178828239440918,1.1789672374725342,0.0
2026-04-15 07:00:00,1.178828239440918,1.1793843507766724,1.1786893606185913,1.178828239440918,0.0
2026-04-15 08:00:00,1.1789672374725342,1.1798018217086792,1.1789672374725342,1.1793843507766724,0.0
2026-04-15 09:00:00,1.1792453527450562,1.1795234680175781,1.177994966506958,1.178550362586975,0.0
2026-04-15 10:00:00,1.178550362586975,1.1789672374725342,1.1777175664901733,1.1781338453292847,0.0
2026-04-15 11:00:00,1.177994966506958,1.1786893606185913,1.1777175664901733,1.178550362586975,0.0
2026-04-15 12:00:00,1.1786893606185913,1.1793843507766724,1.1781338453292847,1.1792453527450562,0.0
2026-04-15 13:00:00,1.1792453527450562,1.179940938949585,1.178828239440918,1.1792453527450562,0.0
2026-04-15 14:00:00,1.1792453527450562,1.18035888671875,1.1789672374725342,1.1800801753997803,0.0
2026-04-15 15:00:00,1.1800801753997803,1.1810559034347534,1.179940938949585,1.18035888671875,0.0
2026-04-15 16:00:00,1.1802195310592651,1.1806375980377197,1.1800801753997803,1.1804981231689453,0.0
2026-04-15 17:00:00,1.1804981231689453,1.1804981231689453,1.1796625852584839,1.179940938949585,0.0
2026-04-15 18:00:00,1.1798018217086792,1.1804981231689453,1.1798018217086792,1.18035888671875,0.0
2026-04-15 19:00:00,1.18035888671875,1.1807769536972046,1.1802195310592651,1.1804981231689453,0.0
2026-04-15 20:00:00,1.18035888671875,1.18035888671875,1.179940938949585,1.1802195310592651,0.0
2026-04-15 21:00:00,1.1802195310592651,1.1806375980377197,1.179940938949585,1.1800801753997803,0.0
2026-04-15 22:00:00,1.1804981231689453,1.1806375980377197,1.1804981231689453,1.1806375980377197,0.0
2026-04-15 23:00:00,1.1806375980377197,1.1811953783035278,1.1806375980377197,1.1810559034347534,0.0
2026-04-16 00:00:00,1.1810559034347534,1.1810559034347534,1.1806375980377197,1.1810559034347534,0.0
2026-04-16 01:00:00,1.1810559034347534,1.1811953783035278,1.1800801753997803,1.1804981231689453,0.0
2026-04-16 02:00:00,1.1806375980377197,1.1820330619812012,1.1806375980377197,1.1820330619812012,0.0
2026-04-16 03:00:00,1.1820330619812012,1.182732105255127,1.1816140413284302,1.1816140413284302,0.0
2026-04-16 04:00:00,1.1816140413284302,1.1816140413284302,1.1811953783035278,1.1813349723815918,0.0
2026-04-16 05:00:00,1.1813349723815918,1.1813349723815918,1.1807769536972046,1.1807769536972046,0.0
2026-04-16 06:00:00,1.1809163093566895,1.1809163093566895,1.1796625852584839,1.1806375980377197,0.0
2026-04-16 07:00:00,1.1807769536972046,1.1807769536972046,1.1795234680175781,1.1796625852584839,0.0
2026-04-16 08:00:00,1.1795234680175781,1.1796625852584839,1.1781338453292847,1.1789672374725342,0.0
2026-04-16 09:00:00,1.178828239440918,1.1791062355041504,1.1781338453292847,1.1782727241516113,0.0
2026-04-16 10:00:00,1.1782727241516113,1.1784114837646484,1.1777175664901733,1.1782727241516113,0.0
2026-04-16 11:00:00,1.1784114837646484,1.1791062355041504,1.1784114837646484,1.178828239440918,0.0
2026-04-16 12:00:00,1.1786893606185913,1.1786893606185913,1.1778563261032104,1.178550362586975,0.0
2026-04-16 13:00:00,1.178550362586975,1.1786893606185913,1.177163004875183,1.1773016452789307,0.0
2026-04-16 14:00:00,1.1775789260864258,1.1784114837646484,1.1773016452789307,1.1775789260864258,0.0
2026-04-16 15:00:00,1.1775789260864258,1.1784114837646484,1.1774401664733887,1.1784114837646484,0.0
2026-04-16 16:00:00,1.178550362586975,1.1791062355041504,1.1774401664733887,1.1778563261032104,0.0
2026-04-16 17:00:00,1.1778563261032104,1.1778563261032104,1.177163004875183,1.1775789260864258,0.0
2026-04-16 18:00:00,1.1777175664901733,1.1784114837646484,1.1777175664901733,1.1782727241516113,0.0
2026-04-16 19:00:00,1.1784114837646484,1.178828239440918,1.1784114837646484,1.178550362586975,0.0
2026-04-16 20:00:00,1.178550362586975,1.1786893606185913,1.1782727241516113,1.178550362586975,0.0
2026-04-16 21:00:00,1.1786893606185913,1.1786893606185913,1.1777175664901733,1.1786893606185913,0.0
2026-04-16 22:00:00,1.1784114837646484,1.1791062355041504,1.1784114837646484,1.178828239440918,0.0
2026-04-16 23:00:00,1.178828239440918,1.1789672374725342,1.1784114837646484,1.1784114837646484,0.0
2026-04-17 00:00:00,1.1784114837646484,1.1786893606185913,1.1781338453292847,1.1782727241516113,0.0
2026-04-17 01:00:00,1.1782727241516113,1.1782727241516113,1.1778563261032104,1.177994966506958,0.0
2026-04-17 02:00:00,1.177994966506958,1.1781338453292847,1.1777175664901733,1.1781338453292847,0.0
2026-04-17 03:00:00,1.1781338453292847,1.178828239440918,1.1778563261032104,1.1786893606185913,0.0
2026-04-17 04:00:00,1.1786893606185913,1.178828239440918,1.178550362586975,1.1786893606185913,0.0
2026-04-17 05:00:00,1.178550362586975,1.178828239440918,1.1784114837646484,1.178550362586975,0.0
2026-04-17 06:00:00,1.1782727241516113,1.178550362586975,1.1777175664901733,1.1778563261032104,0.0
2026-04-17 07:00:00,1.177994966506958,1.178550362586975,1.1778563261032104,1.178550362586975,0.0
2026-04-17 08:00:00,1.1786893606185913,1.1798018217086792,1.1784114837646484,1.1798018217086792,0.0
2026-04-17 09:00:00,1.1798018217086792,1.1802195310592651,1.1795234680175781,1.1798018217086792,0.0
2026-04-17 10:00:00,1.1796625852584839,1.179940938949585,1.1795234680175781,1.1798018217086792,0.0
2026-04-17 11:00:00,1.1798018217086792,1.1802195310592651,1.1795234680175781,1.1798018217086792,0.0
2026-04-17 12:00:00,1.1798018217086792,1.1838523149490356,1.1798018217086792,1.183712124824524,0.0
2026-04-17 13:00:00,1.1839923858642578,1.1852554082870483,1.1828720569610596,1.183712124824524,0.0
2026-04-17 14:00:00,1.183712124824524,1.1838523149490356,1.1816140413284302,1.1818934679031372,0.0
2026-04-17 15:00:00,1.1816140413284302,1.1817537546157837,1.18035888671875,1.18035888671875,0.0
2026-04-17 16:00:00,1.18035888671875,1.1807769536972046,1.1796625852584839,1.1802195310592651,0.0
2026-04-17 17:00:00,1.1800801753997803,1.1800801753997803,1.1789672374725342,1.1798018217086792,0.0
2026-04-17 18:00:00,1.179940938949585,1.179940938949585,1.177994966506958,1.1782727241516113,0.0
2026-04-17 19:00:00,1.1782727241516113,1.1786893606185913,1.177163004875183,1.177163004875183,0.0
2026-04-17 20:00:00,1.1773016452789307,1.1774401664733887,1.1766090393066406,1.176747441291809,0.0
2026-04-17 21:00:00,1.176747441291809,1.176747441291809,1.176747441291809,1.176747441291809,0.0
2026-04-19 23:00:00,1.1743981838226318,1.1748120784759521,1.1739845275878906,1.1742602586746216,0.0
2026-04-20 00:00:00,1.1741223335266113,1.1760554313659668,1.1741223335266113,1.1757789850234985,0.0
2026-04-20 01:00:00,1.1759172677993774,1.1763322353363037,1.1755025386810303,1.1760554313659668,0.0
2026-04-20 02:00:00,1.1760554313659668,1.1764705181121826,1.1757789850234985,1.1760554313659668,0.0
2026-04-20 03:00:00,1.1760554313659668,1.1764705181121826,1.1757789850234985,1.1763322353363037,0.0
2026-04-20 04:00:00,1.1763322353363037,1.1764705181121826,1.1760554313659668,1.1763322353363037,0.0
2026-04-20 05:00:00,1.1763322353363037,1.1764705181121826,1.1750881671905518,1.1756407022476196,0.0
2026-04-20 06:00:00,1.1757789850234985,1.1757789850234985,1.1755025386810303,1.1755025386810303,0.0
2026-04-20 09:00:00,1.1763322353363037,1.176885962486267,1.1763322353363037,1.176885962486267,0.0
2026-04-20 10:00:00,1.176885962486267,1.1774401664733887,1.1766090393066406,1.1774401664733887,0.0
2026-04-20 11:00:00,1.1774401664733887,1.1778563261032104,1.177024483680725,1.177163004875183,0.0
2026-04-20 12:00:00,1.176885962486267,1.177024483680725,1.1760554313659668,1.176747441291809,0.0
2026-04-20 13:00:00,1.1766090393066406,1.178550362586975,1.1764705181121826,1.1778563261032104,0.0
2026-04-20 14:00:00,1.1775789260864258,1.1781338453292847,1.177024483680725,1.1775789260864258,0.0
2026-04-20 15:00:00,1.1777175664901733,1.1792453527450562,1.1773016452789307,1.178828239440918,0.0
2026-04-20 16:00:00,1.1789672374725342,1.1791062355041504,1.178550362586975,1.178828239440918,0.0
2026-04-20 17:00:00,1.1789672374725342,1.1792453527450562,1.178550362586975,1.1786893606185913,0.0
2026-04-20 18:00:00,1.178828239440918,1.1792453527450562,1.1784114837646484,1.1784114837646484,0.0
2026-04-20 19:00:00,1.178550362586975,1.1792453527450562,1.178550362586975,1.1789672374725342,0.0
2026-04-20 20:00:00,1.178828239440918,1.1792453527450562,1.178828239440918,1.1791062355041504,0.0
2026-04-20 21:00:00,1.1793843507766724,1.1793843507766724,1.178550362586975,1.1786893606185913,0.0
2026-04-20 22:00:00,1.1792453527450562,1.1793843507766724,1.178828239440918,1.1792453527450562,0.0
2026-04-20 23:00:00,1.1793843507766724,1.1793843507766724,1.1786893606185913,1.178828239440918,0.0
2026-04-21 00:00:00,1.178828239440918,1.178828239440918,1.1784114837646484,1.1786893606185913,0.0
2026-04-21 01:00:00,1.178550362586975,1.1789672374725342,1.1784114837646484,1.1784114837646484,0.0
2026-04-21 02:00:00,1.1784114837646484,1.178550362586975,1.1781338453292847,1.1782727241516113,0.0
2026-04-21 03:00:00,1.1782727241516113,1.1782727241516113,1.1777175664901733,1.1778563261032104,0.0
2026-04-21 04:00:00,1.177994966506958,1.177994966506958,1.1777175664901733,1.177994966506958,0.0
2026-04-21 05:00:00,1.177994966506958,1.178550362586975,1.1778563261032104,1.1782727241516113,0.0
2026-04-21 06:00:00,1.1781338453292847,1.1781338453292847,1.1775789260864258,1.1778563261032104,0.0
2026-04-21 07:00:00,1.1778563261032104,1.177994966506958,1.176747441291809,1.176747441291809,0.0
2026-04-21 08:00:00,1.176885962486267,1.177163004875183,1.1760554313659668,1.176747441291809,0.0
2026-04-21 09:00:00,1.176885962486267,1.176885962486267,1.1760554313659668,1.1763322353363037,0.0
2026-04-21 10:00:00,1.1761938333511353,1.1764705181121826,1.1760554313659668,1.1764705181121826,0.0
2026-04-21 11:00:00,1.1764705181121826,1.177163004875183,1.1760554313659668,1.177024483680725,0.0
2026-04-21 12:00:00,1.177163004875183,1.177163004875183,1.1760554313659668,1.1761938333511353,0.0
2026-04-21 13:00:00,1.1764705181121826,1.1773016452789307,1.1764705181121826,1.176885962486267,0.0
2026-04-21 14:00:00,1.177024483680725,1.1778563261032104,1.1756407022476196,1.1756407022476196,0.0
2026-04-21 15:00:00,1.1755025386810303,1.1761938333511353,1.1745359897613525,1.1755025386810303,0.0
2026-04-21 16:00:00,1.1755025386810303,1.1757789850234985,1.1743981838226318,1.1745359897613525,0.0
2026-04-21 17:00:00,1.1743981838226318,1.1761938333511353,1.1724703311920166,1.1746740341186523,0.0
2026-04-21 18:00:00,1.1749500036239624,1.1749500036239624,1.1732958555221558,1.1743981838226318,0.0
2026-04-21 19:00:00,1.1745359897613525,1.175364375114441,1.1724703311920166,1.1730204820632935,0.0
2026-04-21 20:00:00,1.1728830337524414,1.1756407022476196,1.1727453470230103,1.1746740341186523,0.0
2026-04-21 21:00:00,1.1748120784759521,1.1759172677993774,1.17384672164917,1.1741223335266113,0.0
2026-04-21 22:00:00,1.1745359897613525,1.1745359897613525,1.1742602586746216,1.1742602586746216,0.0
2026-04-21 23:00:00,1.1742602586746216,1.1748120784759521,1.1741223335266113,1.1746740341186523,0.0
2026-04-22 00:00:00,1.1749500036239624,1.1755025386810303,1.1746740341186523,1.1746740341186523,0.0
2026-04-22 01:00:00,1.1749500036239624,1.1750881671905518,1.1742602586746216,1.1748120784759521,0.0
2026-04-22 02:00:00,1.1749500036239624,1.1750881671905518,1.1743981838226318,1.1743981838226318,0.0
2026-04-22 03:00:00,1.1743981838226318,1.1746740341186523,1.1741223335266113,1.1742602586746216,0.0
2026-04-22 04:00:00,1.1742602586746216,1.1745359897613525,1.1742602586746216,1.1742602586746216,0.0
2026-04-22 05:00:00,1.1743981838226318,1.1764705181121826,1.1743981838226318,1.1755025386810303,0.0
2026-04-22 06:00:00,1.1755025386810303,1.1757789850234985,1.1749500036239624,1.1752262115478516,0.0
2026-04-22 07:00:00,1.1755025386810303,1.1759172677993774,1.1750881671905518,1.1759172677993774,0.0
2026-04-22 08:00:00,1.1759172677993774,1.1761938333511353,1.1750881671905518,1.1757789850234985,0.0
2026-04-22 09:00:00,1.1756407022476196,1.1760554313659668,1.1750881671905518,1.1750881671905518,0.0
2026-04-22 10:00:00,1.1749500036239624,1.1756407022476196,1.1749500036239624,1.1755025386810303,0.0
2026-04-22 11:00:00,1.175364375114441,1.175364375114441,1.1735711097717285,1.1737089157104492,0.0
2026-04-22 12:00:00,1.17384672164917,1.1741223335266113,1.1728830337524414,1.1731581687927246,0.0
2026-04-22 13:00:00,1.1730204820632935,1.1745359897613525,1.1728830337524414,1.1743981838226318,0.0
2026-04-22 14:00:00,1.1746740341186523,1.1746740341186523,1.172195553779602,1.172195553779602,0.0
2026-04-22 15:00:00,1.172195553779602,1.1726078987121582,1.1716461181640625,1.1716461181640625,0.0
2026-04-22 16:00:00,1.171783447265625,1.1719207763671875,1.1713716983795166,1.1716461181640625,0.0
2026-04-22 17:00:00,1.1715089082717896,1.17205810546875,1.1715089082717896,1.1715089082717896,0.0
2026-04-22 18:00:00,1.1712344884872437,1.1716461181640625,1.1710972785949707,1.1712344884872437,0.0
2026-04-22 19:00:00,1.1712344884872437,1.1715089082717896,1.170823097229004,1.170823097229004,0.0
2026-04-22 20:00:00,1.1709601879119873,1.1710972785949707,1.1706860065460205,1.1709601879119873,0.0
2026-04-22 21:00:00,1.1710972785949707,1.1713716983795166,1.1706860065460205,1.1710972785949707,0.0
2026-04-22 22:00:00,1.1710972785949707,1.1712344884872437,1.170823097229004,1.1709601879119873,0.0
2026-04-22 23:00:00,1.1709601879119873,1.1710972785949707,1.170823097229004,1.1709601879119873,0.0
2026-04-23 00:00:00,1.170823097229004,1.1716461181640625,1.1695905923843384,1.1715089082717896,0.0
2026-04-23 01:00:00,1.1715089082717896,1.1715089082717896,1.1710972785949707,1.1712344884872437,0.0
2026-04-23 02:00:00,1.1713716983795166,1.1713716983795166,1.1700011491775513,1.1701380014419556,0.0
2026-04-23 03:00:00,1.1700011491775513,1.1704120635986328,1.169864296913147,1.169864296913147,0.0
2026-04-23 04:00:00,1.1700011491775513,1.1704120635986328,1.169864296913147,1.1704120635986328,0.0
2026-04-23 05:00:00,1.1702749729156494,1.1709601879119873,1.1702749729156494,1.1709601879119873,0.0
2026-04-23 06:00:00,1.1709601879119873,1.1712344884872437,1.170548915863037,1.1706860065460205,0.0
2026-04-23 07:00:00,1.1706860065460205,1.1713716983795166,1.1700011491775513,1.170548915863037,0.0
2026-04-23 08:00:00,1.1706860065460205,1.170823097229004,1.1700011491775513,1.170548915863037,0.0
2026-04-23 09:00:00,1.170548915863037,1.170548915863037,1.1694538593292236,1.1697274446487427,0.0
2026-04-23 10:00:00,1.169864296913147,1.169864296913147,1.1683608293533325,1.1686338186264038,0.0
2026-04-23 11:00:00,1.1684973239898682,1.169864296913147,1.1682243347167969,1.1694538593292236,0.0
2026-04-23 12:00:00,1.1694538593292236,1.1701380014419556,1.1690436601638794,1.1695905923843384,0.0
2026-04-23 13:00:00,1.1695905923843384,1.1700011491775513,1.168770432472229,1.1695905923843384,0.0
2026-04-23 14:00:00,1.1693171262741089,1.1719207763671875,1.1691803932189941,1.1713716983795166,0.0
2026-04-23 15:00:00,1.1715089082717896,1.171783447265625,1.1704120635986328,1.170823097229004,0.0
2026-04-23 16:00:00,1.1706860065460205,1.1709601879119873,1.1702749729156494,1.1706860065460205,0.0
2026-04-23 17:00:00,1.170548915863037,1.170548915863037,1.1674060821533203,1.1695905923843384,0.0
2026-04-23 18:00:00,1.1697274446487427,1.1701380014419556,1.1691803932189941,1.1691803932189941,0.0
2026-04-23 19:00:00,1.1693171262741089,1.1693171262741089,1.1683608293533325,1.1690436601638794,0.0
2026-04-23 20:00:00,1.1689070463180542,1.1689070463180542,1.1683608293533325,1.168770432472229,0.0
2026-04-23 21:00:00,1.1697274446487427,1.1697274446487427,1.1682243347167969,1.1690436601638794,0.0
2026-04-23 22:00:00,1.1690436601638794,1.1690436601638794,1.1689070463180542,1.1689070463180542,0.0
2026-04-23 23:00:00,1.1689070463180542,1.1689070463180542,1.1684973239898682,1.1686338186264038,0.0
2026-04-24 00:00:00,1.1686338186264038,1.1691803932189941,1.1686338186264038,1.1689070463180542,0.0
2026-04-24 01:00:00,1.1689070463180542,1.1691803932189941,1.1686338186264038,1.1691803932189941,0.0
2026-04-24 02:00:00,1.1691803932189941,1.1691803932189941,1.1682243347167969,1.1682243347167969,0.0
2026-04-24 03:00:00,1.1683608293533325,1.1683608293533325,1.1676785945892334,1.1680878400802612,0.0
2026-04-24 04:00:00,1.1680878400802612,1.1684973239898682,1.1679514646530151,1.1682243347167969,0.0
2026-04-24 05:00:00,1.1683608293533325,1.1686338186264038,1.1680878400802612,1.1686338186264038,0.0
2026-04-24 06:00:00,1.1684973239898682,1.1686338186264038,1.1680878400802612,1.1680878400802612,0.0
2026-04-24 07:00:00,1.1680878400802612,1.1695905923843384,1.1679514646530151,1.1695905923843384,0.0
2026-04-24 08:00:00,1.1691803932189941,1.169864296913147,1.1689070463180542,1.1693171262741089,0.0
2026-04-24 09:00:00,1.1694538593292236,1.1694538593292236,1.168770432472229,1.1690436601638794,0.0
2026-04-24 10:00:00,1.1690436601638794,1.1706860065460205,1.1689070463180542,1.1706860065460205,0.0
2026-04-24 11:00:00,1.1706860065460205,1.172195553779602,1.1706860065460205,1.171783447265625,0.0
2026-04-24 12:00:00,1.1719207763671875,1.17205810546875,1.1706860065460205,1.1712344884872437,0.0
2026-04-24 13:00:00,1.1713716983795166,1.1715089082717896,1.1702749729156494,1.1710972785949707,0.0
2026-04-24 14:00:00,1.1710972785949707,1.1719207763671875,1.170823097229004,1.1709601879119873,0.0
2026-04-24 15:00:00,1.1709601879119873,1.172195553779602,1.1706860065460205,1.17205810546875,0.0
2026-04-24 16:00:00,1.172195553779602,1.172333002090454,1.171783447265625,1.172333002090454,0.0
2026-04-24 17:00:00,1.172333002090454,1.1724703311920166,1.1716461181640625,1.171783447265625,0.0
2026-04-24 18:00:00,1.1716461181640625,1.172195553779602,1.1715089082717896,1.17205810546875,0.0
2026-04-24 19:00:00,1.172195553779602,1.1724703311920166,1.1719207763671875,1.172195553779602,0.0
2026-04-24 20:00:00,1.172195553779602,1.1727453470230103,1.17205810546875,1.1724703311920166,0.0
2026-04-24 21:00:00,1.1726078987121582,1.1726078987121582,1.1726078987121582,1.1726078987121582,0.0
2026-04-26 23:00:00,1.1710972785949707,1.1713716983795166,1.1709601879119873,1.1709601879119873,0.0
2026-04-27 00:00:00,1.1709601879119873,1.1719207763671875,1.1709601879119873,1.1719207763671875,0.0
2026-04-27 01:00:00,1.17205810546875,1.1730204820632935,1.17205810546875,1.1727453470230103,0.0
2026-04-27 02:00:00,1.1728830337524414,1.1731581687927246,1.172333002090454,1.1730204820632935,0.0
2026-04-27 03:00:00,1.1730204820632935,1.1735711097717285,1.1730204820632935,1.1732958555221558,0.0
2026-04-27 04:00:00,1.1732958555221558,1.173433542251587,1.1728830337524414,1.1730204820632935,0.0
2026-04-27 05:00:00,1.1730204820632935,1.1731581687927246,1.1726078987121582,1.1726078987121582,0.0
2026-04-27 06:00:00,1.1726078987121582,1.1732958555221558,1.17205810546875,1.1732958555221558,0.0
2026-04-27 07:00:00,1.1732958555221558,1.1748120784759521,1.1732958555221558,1.1748120784759521,0.0
2026-04-27 08:00:00,1.1746740341186523,1.175364375114441,1.1743981838226318,1.1752262115478516,0.0
2026-04-27 09:00:00,1.1752262115478516,1.175364375114441,1.1743981838226318,1.1745359897613525,0.0
2026-04-27 10:00:00,1.1745359897613525,1.1750881671905518,1.1742602586746216,1.1749500036239624,0.0
2026-04-27 11:00:00,1.1749500036239624,1.1749500036239624,1.1741223335266113,1.1743981838226318,0.0
2026-04-27 12:00:00,1.1745359897613525,1.1757789850234985,1.1743981838226318,1.1748120784759521,0.0
2026-04-27 13:00:00,1.1746740341186523,1.1757789850234985,1.1739845275878906,1.1741223335266113,0.0
2026-04-27 14:00:00,1.1741223335266113,1.1750881671905518,1.1739845275878906,1.1739845275878906,0.0
2026-04-27 15:00:00,1.1739845275878906,1.1739845275878906,1.173433542251587,1.173433542251587,0.0
2026-04-27 16:00:00,1.173433542251587,1.1737089157104492,1.1728830337524414,1.1731581687927246,0.0
2026-04-27 17:00:00,1.1730204820632935,1.1732958555221558,1.1724703311920166,1.1727453470230103,0.0
2026-04-27 18:00:00,1.1727453470230103,1.1728830337524414,1.172195553779602,1.172333002090454,0.0
2026-04-27 19:00:00,1.172333002090454,1.1728830337524414,1.172333002090454,1.172333002090454,0.0
2026-04-27 20:00:00,1.1724703311920166,1.1727453470230103,1.172333002090454,1.1724703311920166,0.0
2026-04-27 21:00:00,1.1727453470230103,1.1727453470230103,1.172195553779602,1.1726078987121582,0.0
2026-04-27 22:00:00,1.1726078987121582,1.1727453470230103,1.172333002090454,1.1726078987121582,0.0
2026-04-27 23:00:00,1.1726078987121582,1.1726078987121582,1.1724703311920166,1.1726078987121582,0.0
2026-04-28 00:00:00,1.1727453470230103,1.1730204820632935,1.17205810546875,1.172195553779602,0.0
2026-04-28 01:00:00,1.17205810546875,1.172195553779602,1.1716461181640625,1.1716461181640625,0.0
2026-04-28 02:00:00,1.1716461181640625,1.1716461181640625,1.1712344884872437,1.1712344884872437,0.0
2026-04-28 03:00:00,1.1710972785949707,1.17205810546875,1.1710972785949707,1.171783447265625,0.0
2026-04-28 04:00:00,1.1716461181640625,1.1719207763671875,1.1715089082717896,1.1715089082717896,0.0
2026-04-28 05:00:00,1.1716461181640625,1.1716461181640625,1.1709601879119873,1.1709601879119873,0.0
2026-04-28 06:00:00,1.170823097229004,1.1710972785949707,1.1691803932189941,1.1691803932189941,0.0
2026-04-28 07:00:00,1.1690436601638794,1.1704120635986328,1.1690436601638794,1.1701380014419556,0.0
2026-04-28 08:00:00,1.1701380014419556,1.1710972785949707,1.1700011491775513,1.170548915863037,0.0
2026-04-28 09:00:00,1.1704120635986328,1.1704120635986328,1.1690436601638794,1.1695905923843384,0.0
2026-04-28 10:00:00,1.1695905923843384,1.169864296913147,1.1694538593292236,1.1695905923843384,0.0
2026-04-28 11:00:00,1.1697274446487427,1.1702749729156494,1.1686338186264038,1.1686338186264038,0.0
2026-04-28 12:00:00,1.1684973239898682,1.1702749729156494,1.1682243347167969,1.1700011491775513,0.0
2026-04-28 13:00:00,1.169864296913147,1.1706860065460205,1.1691803932189941,1.1700011491775513,0.0
2026-04-28 14:00:00,1.1700011491775513,1.1706860065460205,1.1694538593292236,1.1701380014419556,0.0
2026-04-28 15:00:00,1.170548915863037,1.1719207763671875,1.170548915863037,1.1716461181640625,0.0
2026-04-28 16:00:00,1.1716461181640625,1.1719207763671875,1.1709601879119873,1.1713716983795166,0.0
2026-04-28 17:00:00,1.1713716983795166,1.17205810546875,1.1709601879119873,1.1716461181640625,0.0
2026-04-28 18:00:00,1.171783447265625,1.1719207763671875,1.1715089082717896,1.1715089082717896,0.0
2026-04-28 19:00:00,1.1715089082717896,1.171783447265625,1.1710972785949707,1.1712344884872437,0.0
2026-04-28 20:00:00,1.1713716983795166,1.171783447265625,1.1713716983795166,1.1716461181640625,0.0
2026-04-28 21:00:00,1.1716461181640625,1.17205810546875,1.1716461181640625,1.171783447265625,0.0
2026-04-28 22:00:00,1.1719207763671875,1.172195553779602,1.1719207763671875,1.1719207763671875,0.0
2026-04-28 23:00:00,1.1719207763671875,1.172195553779602,1.1719207763671875,1.172195553779602,0.0
2026-04-29 00:00:00,1.172333002090454,1.1724703311920166,1.171783447265625,1.17205810546875,0.0
2026-04-29 01:00:00,1.1719207763671875,1.1719207763671875,1.1710972785949707,1.1715089082717896,0.0
2026-04-29 02:00:00,1.171783447265625,1.17205810546875,1.1710972785949707,1.1710972785949707,0.0
2026-04-29 03:00:00,1.1712344884872437,1.1715089082717896,1.1709601879119873,1.1709601879119873,0.0
2026-04-29 04:00:00,1.1709601879119873,1.1712344884872437,1.170823097229004,1.1709601879119873,0.0
2026-04-29 05:00:00,1.1709601879119873,1.1709601879119873,1.1702749729156494,1.170548915863037,0.0
2026-04-29 06:00:00,1.170548915863037,1.170823097229004,1.1701380014419556,1.1704120635986328,0.0
2026-04-29 07:00:00,1.1702749729156494,1.1710972785949707,1.1702749729156494,1.1709601879119873,0.0
2026-04-29 08:00:00,1.170823097229004,1.170823097229004,1.169864296913147,1.170548915863037,0.0
2026-04-29 09:00:00,1.1704120635986328,1.170823097229004,1.1701380014419556,1.1701380014419556,0.0
2026-04-29 10:00:00,1.1700011491775513,1.1710972785949707,1.1700011491775513,1.1710972785949707,0.0
2026-04-29 11:00:00,1.1710972785949707,1.1712344884872437,1.1704120635986328,1.170548915863037,0.0
2026-04-29 12:00:00,1.170548915863037,1.1710972785949707,1.169864296913147,1.1702749729156494,0.0
2026-04-29 13:00:00,1.1702749729156494,1.170548915863037,1.168770432472229,1.1691803932189941,0.0
2026-04-29 14:00:00,1.1693171262741089,1.170548915863037,1.168770432472229,1.170548915863037,0.0
2026-04-29 15:00:00,1.1704120635986328,1.170823097229004,1.1693171262741089,1.169864296913147,0.0
2026-04-29 16:00:00,1.169864296913147,1.1701380014419556,1.168770432472229,1.168770432472229,0.0
2026-04-29 17:00:00,1.168770432472229,1.1693171262741089,1.1684973239898682,1.1691803932189941,0.0
2026-04-29 18:00:00,1.1680878400802612,1.1689070463180542,1.1667250394821167,1.1676785945892334,0.0
2026-04-29 19:00:00,1.1678149700164795,1.1683608293533325,1.1672697067260742,1.1679514646530151,0.0
2026-04-29 20:00:00,1.1679514646530151,1.1680878400802612,1.1675423383712769,1.1679514646530151,0.0
2026-04-29 21:00:00,1.1671334505081177,1.1684973239898682,1.1671334505081177,1.1675423383712769,0.0
2026-04-29 22:00:00,1.1678149700164795,1.1682243347167969,1.1675423383712769,1.1680878400802612,0.0
2026-04-29 23:00:00,1.1682243347167969,1.1689070463180542,1.1679514646530151,1.1689070463180542,0.0
2026-04-30 00:00:00,1.1691803932189941,1.1693171262741089,1.1682243347167969,1.1682243347167969,0.0
2026-04-30 01:00:00,1.1680878400802612,1.1684973239898682,1.1676785945892334,1.1678149700164795,0.0
2026-04-30 02:00:00,1.1678149700164795,1.1680878400802612,1.1665889024734497,1.1669973134994507,0.0
2026-04-30 03:00:00,1.1671334505081177,1.1674060821533203,1.1668611764907837,1.1668611764907837,0.0
2026-04-30 04:00:00,1.1669973134994507,1.1669973134994507,1.1659088134765625,1.1663167476654053,0.0
2026-04-30 05:00:00,1.1664528846740723,1.1667250394821167,1.1663167476654053,1.1663167476654053,0.0
2026-04-30 06:00:00,1.1661807298660278,1.1674060821533203,1.1661807298660278,1.1672697067260742,0.0
2026-04-30 07:00:00,1.1674060821533203,1.1684973239898682,1.1674060821533203,1.1682243347167969,0.0
2026-04-30 08:00:00,1.1683608293533325,1.1700011491775513,1.1679514646530151,1.1682243347167969,0.0
2026-04-30 09:00:00,1.1684973239898682,1.1700011491775513,1.1678149700164795,1.169864296913147,0.0
2026-04-30 10:00:00,1.169864296913147,1.1716461181640625,1.1693171262741089,1.1716461181640625,0.0
2026-04-30 11:00:00,1.17205810546875,1.172195553779602,1.1706860065460205,1.170823097229004,0.0
2026-04-30 12:00:00,1.170823097229004,1.170823097229004,1.1693171262741089,1.1697274446487427,0.0
2026-04-30 13:00:00,1.1697274446487427,1.1702749729156494,1.168770432472229,1.1697274446487427,0.0
2026-04-30 14:00:00,1.1693171262741089,1.1737089157104492,1.1693171262741089,1.173433542251587,0.0
2026-04-30 15:00:00,1.1731581687927246,1.17384672164917,1.1727453470230103,1.1732958555221558,0.0
2026-04-30 16:00:00,1.1731581687927246,1.17384672164917,1.1727453470230103,1.1730204820632935,0.0
2026-04-30 17:00:00,1.1730204820632935,1.173433542251587,1.1727453470230103,1.1728830337524414,0.0
2026-04-30 18:00:00,1.1730204820632935,1.1743981838226318,1.1730204820632935,1.1739845275878906,0.0
2026-04-30 19:00:00,1.1742602586746216,1.1743981838226318,1.1735711097717285,1.1739845275878906,0.0
2026-04-30 20:00:00,1.17384672164917,1.1739845275878906,1.173433542251587,1.173433542251587,0.0
2026-04-30 21:00:00,1.1737089157104492,1.1741223335266113,1.173433542251587,1.17384672164917,0.0
2026-04-30 22:00:00,1.17384672164917,1.17384672164917,1.1732958555221558,1.173433542251587,0.0
2026-04-30 23:00:00,1.1735711097717285,1.1737089157104492,1.1732958555221558,1.1732958555221558,0.0
2026-05-01 00:00:00,1.1732958555221558,1.1732958555221558,1.1728830337524414,1.1731581687927246,0.0
2026-05-01 01:00:00,1.1731581687927246,1.1735711097717285,1.1728830337524414,1.173433542251587,0.0
2026-05-01 02:00:00,1.1735711097717285,1.17384672164917,1.173433542251587,1.1737089157104492,0.0
2026-05-01 03:00:00,1.17384672164917,1.1741223335266113,1.173433542251587,1.1735711097717285,0.0
2026-05-01 04:00:00,1.173433542251587,1.1735711097717285,1.1730204820632935,1.1731581687927246,0.0
2026-05-01 05:00:00,1.1730204820632935,1.1731581687927246,1.1726078987121582,1.1726078987121582,0.0
2026-05-01 06:00:00,1.1726078987121582,1.1748120784759521,1.172333002090454,1.1741223335266113,0.0
2026-05-01 07:00:00,1.17384672164917,1.1745359897613525,1.1737089157104492,1.17384672164917,0.0
2026-05-01 08:00:00,1.1739845275878906,1.1750881671905518,1.1737089157104492,1.1746740341186523,0.0
2026-05-01 09:00:00,1.1746740341186523,1.1746740341186523,1.1735711097717285,1.1737089157104492,0.0
2026-05-01 10:00:00,1.1735711097717285,1.1749500036239624,1.1735711097717285,1.1748120784759521,0.0
2026-05-01 11:00:00,1.1749500036239624,1.1760554313659668,1.1748120784759521,1.1755025386810303,0.0
2026-05-01 12:00:00,1.1756407022476196,1.1773016452789307,1.175364375114441,1.1763322353363037,0.0
2026-05-01 13:00:00,1.1761938333511353,1.1766090393066406,1.1748120784759521,1.1766090393066406,0.0
2026-05-01 14:00:00,1.176747441291809,1.178828239440918,1.176747441291809,1.177163004875183,0.0
2026-05-01 15:00:00,1.177024483680725,1.1774401664733887,1.1760554313659668,1.1760554313659668,0.0
2026-05-01 16:00:00,1.1759172677993774,1.1760554313659668,1.1743981838226318,1.1743981838226318,0.0
2026-05-01 17:00:00,1.1742602586746216,1.1743981838226318,1.173433542251587,1.1737089157104492,0.0
2026-05-01 18:00:00,1.1737089157104492,1.1737089157104492,1.1724703311920166,1.1732958555221558,0.0
2026-05-01 19:00:00,1.1731581687927246,1.1731581687927246,1.172195553779602,1.172333002090454,0.0
2026-05-01 20:00:00,1.172333002090454,1.1726078987121582,1.17205810546875,1.1726078987121582,0.0
2026-05-01 21:00:00,1.172333002090454,1.172333002090454,1.172333002090454,1.172333002090454,0.0
2026-05-04 04:00:00,1.1732958555221558,1.1732958555221558,1.1731581687927246,1.1731581687927246,0.0
2026-05-04 05:00:00,1.1731581687927246,1.1735711097717285,1.1730204820632935,1.173433542251587,0.0
2026-05-04 06:00:00,1.1735711097717285,1.1739845275878906,1.1727453470230103,1.1732958555221558,0.0
2026-05-04 07:00:00,1.1731581687927246,1.1731581687927246,1.17205810546875,1.172333002090454,0.0
2026-05-04 08:00:00,1.1719207763671875,1.1726078987121582,1.1715089082717896,1.172333002090454,0.0
2026-05-04 09:00:00,1.172333002090454,1.1726078987121582,1.17205810546875,1.17205810546875,0.0
2026-05-04 10:00:00,1.1719207763671875,1.17205810546875,1.1693171262741089,1.170823097229004,0.0
2026-05-04 11:00:00,1.1709601879119873,1.1710972785949707,1.1697274446487427,1.1697274446487427,0.0
2026-05-04 12:00:00,1.1695905923843384,1.1715089082717896,1.1695905923843384,1.1715089082717896,0.0
2026-05-04 13:00:00,1.1709601879119873,1.17205810546875,1.1706860065460205,1.171783447265625,0.0
2026-05-04 14:00:00,1.171783447265625,1.1719207763671875,1.1709601879119873,1.1712344884872437,0.0
2026-05-04 15:00:00,1.1709601879119873,1.171783447265625,1.1697274446487427,1.1701380014419556,0.0
2026-05-04 16:00:00,1.1701380014419556,1.1701380014419556,1.1684973239898682,1.1686338186264038,0.0
2026-05-04 17:00:00,1.1686338186264038,1.1700011491775513,1.1686338186264038,1.1697274446487427,0.0
2026-05-04 18:00:00,1.1695905923843384,1.1700011491775513,1.1693171262741089,1.1695905923843384,0.0
2026-05-04 19:00:00,1.1700011491775513,1.170548915863037,1.1697274446487427,1.169864296913147,0.0
2026-05-04 20:00:00,1.1697274446487427,1.1697274446487427,1.1690436601638794,1.1695905923843384,0.0
2026-05-04 21:00:00,1.1701380014419556,1.1702749729156494,1.1691803932189941,1.1695905923843384,0.0
2026-05-04 22:00:00,1.1693171262741089,1.1695905923843384,1.1693171262741089,1.1693171262741089,0.0
2026-05-04 23:00:00,1.1693171262741089,1.1695905923843384,1.1693171262741089,1.1695905923843384,0.0
2026-05-05 00:00:00,1.1695905923843384,1.1697274446487427,1.1689070463180542,1.1690436601638794,0.0
2026-05-05 01:00:00,1.1689070463180542,1.1691803932189941,1.1683608293533325,1.1689070463180542,0.0
2026-05-05 02:00:00,1.1690436601638794,1.1694538593292236,1.1690436601638794,1.1690436601638794,0.0
2026-05-05 03:00:00,1.1691803932189941,1.1691803932189941,1.168770432472229,1.168770432472229,0.0
2026-05-05 04:00:00,1.168770432472229,1.1690436601638794,1.1680878400802612,1.1680878400802612,0.0
2026-05-05 05:00:00,1.1679514646530151,1.168770432472229,1.1679514646530151,1.1684973239898682,0.0
2026-05-05 06:00:00,1.1686338186264038,1.1691803932189941,1.1683608293533325,1.1689070463180542,0.0
2026-05-05 07:00:00,1.1689070463180542,1.169864296913147,1.1689070463180542,1.1694538593292236,0.0
2026-05-05 08:00:00,1.1693171262741089,1.169864296913147,1.1689070463180542,1.1691803932189941,0.0
2026-05-05 09:00:00,1.1689070463180542,1.1695905923843384,1.1686338186264038,1.1694538593292236,0.0
2026-05-05 10:00:00,1.1693171262741089,1.169864296913147,1.1690436601638794,1.1693171262741089,0.0
2026-05-05 11:00:00,1.1693171262741089,1.1697274446487427,1.168770432472229,1.1691803932189941,0.0
2026-05-05 12:00:00,1.1691803932189941,1.1700011491775513,1.1689070463180542,1.1695905923843384,0.0
2026-05-05 13:00:00,1.1695905923843384,1.1706860065460205,1.1695905923843384,1.1700011491775513,0.0
2026-05-05 14:00:00,1.1701380014419556,1.170823097229004,1.169864296913147,1.170823097229004,0.0
2026-05-05 15:00:00,1.1709601879119873,1.1716461181640625,1.170548915863037,1.1710972785949707,0.0
2026-05-05 16:00:00,1.1709601879119873,1.1710972785949707,1.1701380014419556,1.1702749729156494,0.0
2026-05-05 17:00:00,1.1702749729156494,1.1706860065460205,1.1700011491775513,1.1702749729156494,0.0
2026-05-05 18:00:00,1.1702749729156494,1.1704120635986328,1.1701380014419556,1.1704120635986328,0.0
2026-05-05 19:00:00,1.1704120635986328,1.1704120635986328,1.1697274446487427,1.169864296913147,0.0
2026-05-05 20:00:00,1.169864296913147,1.1700011491775513,1.1695905923843384,1.1695905923843384,0.0
2026-05-05 21:00:00,1.169864296913147,1.1701380014419556,1.1689070463180542,1.1695905923843384,0.0
2026-05-05 22:00:00,1.1697274446487427,1.1712344884872437,1.1694538593292236,1.170823097229004,0.0
2026-05-05 23:00:00,1.1709601879119873,1.1727453470230103,1.1709601879119873,1.171783447265625,0.0
2026-05-06 00:00:00,1.171783447265625,1.1724703311920166,1.1715089082717896,1.172333002090454,0.0
2026-05-06 01:00:00,1.1724703311920166,1.1728830337524414,1.172195553779602,1.1724703311920166,0.0
2026-05-06 02:00:00,1.1726078987121582,1.1727453470230103,1.1719207763671875,1.17205810546875,0.0
2026-05-06 03:00:00,1.17205810546875,1.1726078987121582,1.17205810546875,1.17205810546875,0.0
2026-05-06 04:00:00,1.17205810546875,1.1746740341186523,1.1719207763671875,1.1742602586746216,0.0
2026-05-06 05:00:00,1.1739845275878906,1.1741223335266113,1.1732958555221558,1.1735711097717285,0.0
2026-05-06 06:00:00,1.17384672164917,1.17384672164917,1.1731581687927246,1.1737089157104492,0.0
2026-05-06 07:00:00,1.1737089157104492,1.17384672164917,1.1728830337524414,1.17384672164917,0.0
2026-05-06 08:00:00,1.1742602586746216,1.1773016452789307,1.1737089157104492,1.176747441291809,0.0
2026-05-06 09:00:00,1.176747441291809,1.177994966506958,1.1760554313659668,1.1778563261032104,0.0
2026-05-06 10:00:00,1.177994966506958,1.179940938949585,1.177024483680725,1.1793843507766724,0.0
2026-05-06 11:00:00,1.1792453527450562,1.1795234680175781,1.177163004875183,1.1773016452789307,0.0
2026-05-06 12:00:00,1.1773016452789307,1.1773016452789307,1.1755025386810303,1.1756407022476196,0.0
2026-05-06 13:00:00,1.1756407022476196,1.1761938333511353,1.1750881671905518,1.1755025386810303,0.0
2026-05-06 14:00:00,1.1755025386810303,1.1766090393066406,1.1749500036239624,1.1759172677993774,0.0
2026-05-06 15:00:00,1.1757789850234985,1.1760554313659668,1.1752262115478516,1.1756407022476196,0.0
2026-05-06 16:00:00,1.1756407022476196,1.1756407022476196,1.1748120784759521,1.1748120784759521,0.0
2026-05-06 17:00:00,1.1746740341186523,1.1759172677993774,1.1746740341186523,1.1750881671905518,0.0
2026-05-06 18:00:00,1.1752262115478516,1.1755025386810303,1.1748120784759521,1.1752262115478516,0.0
2026-05-06 19:00:00,1.175364375114441,1.1759172677993774,1.1752262115478516,1.1752262115478516,0.0
2026-05-06 20:00:00,1.1749500036239624,1.175364375114441,1.1748120784759521,1.1752262115478516,0.0
2026-05-06 21:00:00,1.1752262115478516,1.1756407022476196,1.1748120784759521,1.1752262115478516,0.0
2026-05-06 22:00:00,1.1752262115478516,1.1755025386810303,1.1752262115478516,1.175364375114441,0.0
2026-05-06 23:00:00,1.175364375114441,1.1756407022476196,1.1750881671905518,1.1750881671905518,0.0
2026-05-07 00:00:00,1.1752262115478516,1.1757789850234985,1.1750881671905518,1.1752262115478516,0.0
2026-05-07 01:00:00,1.1752262115478516,1.1766090393066406,1.1749500036239624,1.1763322353363037,0.0
2026-05-07 02:00:00,1.1761938333511353,1.1763322353363037,1.1759172677993774,1.1760554313659668,0.0
2026-05-07 03:00:00,1.1759172677993774,1.1759172677993774,1.1752262115478516,1.1752262115478516,0.0
2026-05-07 04:00:00,1.1752262115478516,1.1756407022476196,1.1752262115478516,1.1755025386810303,0.0
2026-05-07 05:00:00,1.1755025386810303,1.1756407022476196,1.175364375114441,1.1755025386810303,0.0
2026-05-07 06:00:00,1.1755025386810303,1.1759172677993774,1.1749500036239624,1.1750881671905518,0.0
2026-05-07 07:00:00,1.1752262115478516,1.177163004875183,1.1752262115478516,1.177024483680725,0.0
2026-05-07 08:00:00,1.177024483680725,1.1777175664901733,1.176747441291809,1.1774401664733887,0.0
2026-05-07 09:00:00,1.1774401664733887,1.1781338453292847,1.177024483680725,1.1773016452789307,0.0
2026-05-07 10:00:00,1.1773016452789307,1.177994966506958,1.177024483680725,1.177163004875183,0.0
2026-05-07 11:00:00,1.177024483680725,1.1773016452789307,1.1766090393066406,1.1773016452789307,0.0
2026-05-07 12:00:00,1.1774401664733887,1.1781338453292847,1.177163004875183,1.1777175664901733,0.0
2026-05-07 13:00:00,1.1775789260864258,1.177994966506958,1.177024483680725,1.1773016452789307,0.0
2026-05-07 14:00:00,1.1773016452789307,1.177994966506958,1.176885962486267,1.177994966506958,0.0
2026-05-07 15:00:00,1.177994966506958,1.1781338453292847,1.176747441291809,1.176747441291809,0.0
2026-05-07 16:00:00,1.1766090393066406,1.176885962486267,1.1760554313659668,1.1763322353363037,0.0
2026-05-07 17:00:00,1.1763322353363037,1.1763322353363037,1.1741223335266113,1.1752262115478516,0.0
2026-05-07 18:00:00,1.1752262115478516,1.1755025386810303,1.1745359897613525,1.1752262115478516,0.0
2026-05-07 19:00:00,1.175364375114441,1.1756407022476196,1.17384672164917,1.17384672164917,0.0
2026-05-07 20:00:00,1.1737089157104492,1.1746740341186523,1.1727453470230103,1.1727453470230103,0.0
2026-05-07 21:00:00,1.1731581687927246,1.17384672164917,1.1728830337524414,1.1730204820632935,0.0
2026-05-07 22:00:00,1.1730204820632935,1.173433542251587,1.1728830337524414,1.1728830337524414,0.0
2026-05-07 23:00:00,1.1728830337524414,1.173433542251587,1.1728830337524414,1.173433542251587,0.0
2026-05-08 00:00:00,1.1735711097717285,1.17384672164917,1.1730204820632935,1.1731581687927246,0.0
2026-05-08 01:00:00,1.1732958555221558,1.1737089157104492,1.1731581687927246,1.1735711097717285,0.0
2026-05-08 02:00:00,1.1735711097717285,1.1735711097717285,1.1728830337524414,1.1731581687927246,0.0
2026-05-08 03:00:00,1.1731581687927246,1.1737089157104492,1.1730204820632935,1.1732958555221558,0.0
2026-05-08 04:00:00,1.173433542251587,1.17384672164917,1.1731581687927246,1.17384672164917,0.0
2026-05-08 05:00:00,1.17384672164917,1.1741223335266113,1.1737089157104492,1.1741223335266113,0.0
2026-05-08 06:00:00,1.1742602586746216,1.1750881671905518,1.1741223335266113,1.1748120784759521,0.0
2026-05-08 07:00:00,1.1749500036239624,1.1750881671905518,1.1745359897613525,1.1746740341186523,0.0
2026-05-08 08:00:00,1.1746740341186523,1.176747441291809,1.1746740341186523,1.1766090393066406,0.0
2026-05-08 09:00:00,1.176747441291809,1.1777175664901733,1.176747441291809,1.1773016452789307,0.0
2026-05-08 10:00:00,1.1773016452789307,1.1775789260864258,1.1766090393066406,1.176747441291809,0.0
2026-05-08 11:00:00,1.176747441291809,1.177163004875183,1.1766090393066406,1.176885962486267,0.0
2026-05-08 12:00:00,1.176885962486267,1.1781338453292847,1.1763322353363037,1.1778563261032104,0.0
2026-05-08 13:00:00,1.1777175664901733,1.1789672374725342,1.177163004875183,1.1781338453292847,0.0
2026-05-08 14:00:00,1.1781338453292847,1.1781338453292847,1.177163004875183,1.1777175664901733,0.0
2026-05-08 15:00:00,1.1777175664901733,1.1781338453292847,1.177024483680725,1.1777175664901733,0.0
2026-05-08 16:00:00,1.1777175664901733,1.1781338453292847,1.1774401664733887,1.1775789260864258,0.0
2026-05-08 17:00:00,1.1774401664733887,1.177994966506958,1.1774401664733887,1.1777175664901733,0.0
2026-05-08 18:00:00,1.1774401664733887,1.178550362586975,1.1774401664733887,1.1782727241516113,0.0
2026-05-08 19:00:00,1.1782727241516113,1.1786893606185913,1.1781338453292847,1.1784114837646484,0.0
2026-05-08 20:00:00,1.1782727241516113,1.1791062355041504,1.1782727241516113,1.178828239440918,0.0
2026-05-08 21:00:00,1.1789672374725342,1.1789672374725342,1.1789672374725342,1.1789672374725342,0.0
2026-05-10 23:00:00,1.176747441291809,1.1773016452789307,1.176747441291809,1.177024483680725,0.0
2026-05-11 00:00:00,1.177163004875183,1.1775789260864258,1.177024483680725,1.1773016452789307,0.0
2026-05-11 01:00:00,1.1773016452789307,1.1773016452789307,1.1766090393066406,1.1766090393066406,0.0
2026-05-11 02:00:00,1.176747441291809,1.176885962486267,1.1763322353363037,1.1763322353363037,0.0
2026-05-11 03:00:00,1.1761938333511353,1.1761938333511353,1.1760554313659668,1.1760554313659668,0.0
2026-05-11 04:00:00,1.1760554313659668,1.1760554313659668,1.175364375114441,1.175364375114441,0.0
2026-05-11 05:00:00,1.1755025386810303,1.1757789850234985,1.1752262115478516,1.175364375114441,0.0
2026-05-11 06:00:00,1.1755025386810303,1.177163004875183,1.1755025386810303,1.177163004875183,0.0
2026-05-11 07:00:00,1.177163004875183,1.1777175664901733,1.176885962486267,1.1774401664733887,0.0
2026-05-11 08:00:00,1.1774401664733887,1.178550362586975,1.1774401664733887,1.1775789260864258,0.0
2026-05-11 09:00:00,1.1774401664733887,1.1777175664901733,1.177163004875183,1.177163004875183,0.0
2026-05-11 10:00:00,1.177024483680725,1.1777175664901733,1.176885962486267,1.1773016452789307,0.0
2026-05-11 11:00:00,1.1773016452789307,1.1778563261032104,1.176885962486267,1.177024483680725,0.0
2026-05-11 12:00:00,1.177163004875183,1.1778563261032104,1.176885962486267,1.1775789260864258,0.0
2026-05-11 13:00:00,1.1777175664901733,1.1791062355041504,1.1777175664901733,1.178828239440918,0.0
2026-05-11 14:00:00,1.1789672374725342,1.1791062355041504,1.1782727241516113,1.1782727241516113,0.0
2026-05-11 15:00:00,1.1782727241516113,1.178828239440918,1.177994966506958,1.1784114837646484,0.0
2026-05-11 16:00:00,1.1784114837646484,1.1784114837646484,1.1775789260864258,1.1777175664901733,0.0
2026-05-11 17:00:00,1.1777175664901733,1.1782727241516113,1.1775789260864258,1.1781338453292847,0.0
2026-05-11 18:00:00,1.1782727241516113,1.1784114837646484,1.1778563261032104,1.1778563261032104,0.0
2026-05-11 19:00:00,1.1778563261032104,1.1781338453292847,1.1778563261032104,1.177994966506958,0.0
2026-05-11 20:00:00,1.1781338453292847,1.1786893606185913,1.177994966506958,1.178550362586975,0.0
2026-05-11 21:00:00,1.1778563261032104,1.1791062355041504,1.1778563261032104,1.178828239440918,0.0
2026-05-11 22:00:00,1.1789672374725342,1.1791062355041504,1.178828239440918,1.178828239440918,0.0
2026-05-11 23:00:00,1.178828239440918,1.178828239440918,1.1781338453292847,1.1781338453292847,0.0
2026-05-12 00:00:00,1.177994966506958,1.177994966506958,1.177024483680725,1.177024483680725,0.0
2026-05-12 01:00:00,1.177024483680725,1.1773016452789307,1.1761938333511353,1.1764705181121826,0.0
2026-05-12 02:00:00,1.1764705181121826,1.176747441291809,1.1763322353363037,1.1766090393066406,0.0
2026-05-12 03:00:00,1.1766090393066406,1.1766090393066406,1.1759172677993774,1.1759172677993774,0.0
2026-05-12 04:00:00,1.1760554313659668,1.1763322353363037,1.1759172677993774,1.1760554313659668,0.0
2026-05-12 05:00:00,1.1759172677993774,1.1766090393066406,1.1756407022476196,1.1766090393066406,0.0
2026-05-12 06:00:00,1.176747441291809,1.176747441291809,1.1755025386810303,1.1755025386810303,0.0
2026-05-12 07:00:00,1.175364375114441,1.1756407022476196,1.1746740341186523,1.1750881671905518,0.0
2026-05-12 08:00:00,1.1750881671905518,1.175364375114441,1.1743981838226318,1.1749500036239624,0.0
2026-05-12 09:00:00,1.1749500036239624,1.175364375114441,1.1748120784759521,1.1750881671905518,0.0
2026-05-12 10:00:00,1.1750881671905518,1.1752262115478516,1.1745359897613525,1.1745359897613525,0.0
2026-05-12 11:00:00,1.1743981838226318,1.1750881671905518,1.17384672164917,1.1748120784759521,0.0
2026-05-12 12:00:00,1.1746740341186523,1.175364375114441,1.1739845275878906,1.1750881671905518,0.0
2026-05-12 13:00:00,1.1752262115478516,1.1752262115478516,1.1731581687927246,1.173433542251587,0.0
2026-05-12 14:00:00,1.173433542251587,1.17384672164917,1.1731581687927246,1.17384672164917,0.0
2026-05-12 15:00:00,1.1739845275878906,1.1739845275878906,1.1727453470230103,1.1737089157104492,0.0
2026-05-12 16:00:00,1.1735711097717285,1.1741223335266113,1.1731581687927246,1.1731581687927246,0.0
2026-05-12 17:00:00,1.1731581687927246,1.1737089157104492,1.1731581687927246,1.1735711097717285,0.0
2026-05-12 18:00:00,1.1737089157104492,1.1743981838226318,1.1732958555221558,1.1743981838226318,0.0
2026-05-12 19:00:00,1.1745359897613525,1.1749500036239624,1.1743981838226318,1.1743981838226318,0.0
2026-05-12 20:00:00,1.1742602586746216,1.1743981838226318,1.1741223335266113,1.1743981838226318,0.0
2026-05-12 21:00:00,1.17384672164917,1.1745359897613525,1.17384672164917,1.1742602586746216,0.0
2026-05-12 22:00:00,1.1742602586746216,1.1743981838226318,1.1741223335266113,1.1742602586746216,0.0
2026-05-12 23:00:00,1.1742602586746216,1.1745359897613525,1.17384672164917,1.17384672164917,0.0
2026-05-13 00:00:00,1.17384672164917,1.1741223335266113,1.1735711097717285,1.1741223335266113,0.0
2026-05-13 01:00:00,1.1741223335266113,1.1745359897613525,1.1735711097717285,1.1741223335266113,0.0
2026-05-13 02:00:00,1.1742602586746216,1.1745359897613525,1.1739845275878906,1.1739845275878906,0.0
2026-05-13 03:00:00,1.1741223335266113,1.1741223335266113,1.1737089157104492,1.17384672164917,0.0
2026-05-13 04:00:00,1.17384672164917,1.17384672164917,1.1735711097717285,1.17384672164917,0.0
2026-05-13 05:00:00,1.17384672164917,1.1739845275878906,1.1735711097717285,1.1737089157104492,0.0
2026-05-13 06:00:00,1.1737089157104492,1.1737089157104492,1.172195553779602,1.172195553779602,0.0
2026-05-13 07:00:00,1.172333002090454,1.1726078987121582,1.1710972785949707,1.1710972785949707,0.0
2026-05-13 08:00:00,1.1710972785949707,1.1715089082717896,1.1704120635986328,1.1706860065460205,0.0
2026-05-13 09:00:00,1.1706860065460205,1.1709601879119873,1.1700011491775513,1.1709601879119873,0.0
2026-05-13 10:00:00,1.1709601879119873,1.171783447265625,1.1706860065460205,1.1715089082717896,0.0
2026-05-13 11:00:00,1.1716461181640625,1.17205810546875,1.1715089082717896,1.1715089082717896,0.0
2026-05-13 12:00:00,1.1716461181640625,1.1719207763671875,1.1701380014419556,1.1704120635986328,0.0
2026-05-13 13:00:00,1.170548915863037,1.1715089082717896,1.170548915863037,1.1715089082717896,0.0
2026-05-13 14:00:00,1.1713716983795166,1.1715089082717896,1.1706860065460205,1.1712344884872437,0.0
2026-05-13 15:00:00,1.1712344884872437,1.1719207763671875,1.1710972785949707,1.1715089082717896,0.0
2026-05-13 16:00:00,1.1713716983795166,1.17205810546875,1.1712344884872437,1.1712344884872437,0.0
2026-05-13 17:00:00,1.1712344884872437,1.1713716983795166,1.170823097229004,1.170823097229004,0.0
2026-05-13 18:00:00,1.170823097229004,1.1713716983795166,1.170823097229004,1.1712344884872437,0.0
2026-05-13 19:00:00,1.1712344884872437,1.1716461181640625,1.1712344884872437,1.1713716983795166,0.0
2026-05-13 20:00:00,1.1713716983795166,1.171783447265625,1.1712344884872437,1.1716461181640625,0.0
2026-05-13 21:00:00,1.1716461181640625,1.17205810546875,1.1715089082717896,1.1719207763671875,0.0
2026-05-13 22:00:00,1.171783447265625,1.172195553779602,1.171783447265625,1.17205810546875,0.0
2026-05-13 23:00:00,1.172195553779602,1.172195553779602,1.1719207763671875,1.1719207763671875,0.0
2026-05-14 00:00:00,1.1719207763671875,1.172195553779602,1.171783447265625,1.17205810546875,0.0
2026-05-14 01:00:00,1.1719207763671875,1.17205810546875,1.1716461181640625,1.1716461181640625,0.0
2026-05-14 02:00:00,1.171783447265625,1.1719207763671875,1.1715089082717896,1.1716461181640625,0.0
2026-05-14 03:00:00,1.1716461181640625,1.171783447265625,1.1713716983795166,1.1715089082717896,0.0
2026-05-14 04:00:00,1.1715089082717896,1.17205810546875,1.1715089082717896,1.171783447265625,0.0
2026-05-14 05:00:00,1.171783447265625,1.1719207763671875,1.1713716983795166,1.1713716983795166,0.0
2026-05-14 06:00:00,1.1715089082717896,1.1724703311920166,1.1710972785949707,1.172195553779602,0.0
2026-05-14 07:00:00,1.172195553779602,1.172195553779602,1.1710972785949707,1.1710972785949707,0.0
2026-05-14 08:00:00,1.1710972785949707,1.1716461181640625,1.170823097229004,1.1715089082717896,0.0
2026-05-14 09:00:00,1.1713716983795166,1.1716461181640625,1.1709601879119873,1.1712344884872437,0.0
2026-05-14 10:00:00,1.1709601879119873,1.1713716983795166,1.1709601879119873,1.1712344884872437,0.0
2026-05-14 11:00:00,1.1710972785949707,1.1710972785949707,1.1702749729156494,1.170548915863037,0.0
2026-05-14 12:00:00,1.170548915863037,1.170823097229004,1.1700011491775513,1.1701380014419556,0.0
2026-05-14 13:00:00,1.1701380014419556,1.1701380014419556,1.1689070463180542,1.1694538593292236,0.0
2026-05-14 14:00:00,1.1690436601638794,1.1702749729156494,1.1683608293533325,1.1683608293533325,0.0
2026-05-14 15:00:00,1.1680878400802612,1.1684973239898682,1.1675423383712769,1.1680878400802612,0.0
2026-05-14 16:00:00,1.1680878400802612,1.1683608293533325,1.1675423383712769,1.1679514646530151,0.0
2026-05-14 17:00:00,1.1680878400802612,1.1683608293533325,1.1680878400802612,1.1680878400802612,0.0
2026-05-14 18:00:00,1.1680878400802612,1.1682243347167969,1.1678149700164795,1.1680878400802612,0.0
2026-05-14 19:00:00,1.1680878400802612,1.1682243347167969,1.1672697067260742,1.1674060821533203,0.0
2026-05-14 20:00:00,1.1675423383712769,1.1675423383712769,1.1669973134994507,1.1672697067260742,0.0
2026-05-14 21:00:00,1.1669973134994507,1.1676785945892334,1.1669973134994507,1.1675423383712769,0.0
2026-05-14 22:00:00,1.1674060821533203,1.1675423383712769,1.1672697067260742,1.1672697067260742,0.0
2026-05-14 23:00:00,1.1672697067260742,1.1672697067260742,1.1664528846740723,1.1664528846740723,0.0
2026-05-15 00:00:00,1.1664528846740723,1.1665889024734497,1.1656370162963867,1.16604483127594,0.0
2026-05-15 01:00:00,1.1659088134765625,1.1659088134765625,1.164958119392395,1.1650937795639038,0.0
2026-05-15 02:00:00,1.164958119392395,1.16604483127594,1.164958119392395,1.1656370162963867,0.0
2026-05-15 03:00:00,1.1656370162963867,1.1657729148864746,1.1653653383255005,1.1656370162963867,0.0
2026-05-15 04:00:00,1.1655012369155884,1.1656370162963867,1.164958119392395,1.1650937795639038,0.0
2026-05-15 05:00:00,1.1650937795639038,1.1650937795639038,1.1637378931045532,1.1637378931045532,0.0
2026-05-15 06:00:00,1.1637378931045532,1.164686679840088,1.1637378931045532,1.163873314857483,0.0
2026-05-15 07:00:00,1.163602590560913,1.1650937795639038,1.163602590560913,1.163873314857483,0.0
2026-05-15 08:00:00,1.1640088558197021,1.1641442775726318,1.1634671688079834,1.163602590560913,0.0
2026-05-15 09:00:00,1.163602590560913,1.163602590560913,1.1621150970458984,1.1631964445114136,0.0
2026-05-15 10:00:00,1.163061261177063,1.1657729148864746,1.163061261177063,1.1653653383255005,0.0
2026-05-15 11:00:00,1.1652295589447021,1.1652295589447021,1.1633317470550537,1.1634671688079834,0.0
2026-05-15 12:00:00,1.1634671688079834,1.1634671688079834,1.16225004196167,1.163061261177063,0.0
2026-05-15 13:00:00,1.1629259586334229,1.1633317470550537,1.16225004196167,1.1626555919647217,0.0
2026-05-15 14:00:00,1.1627906560897827,1.1640088558197021,1.162520408630371,1.1633317470550537,0.0
2026-05-15 15:00:00,1.1633317470550537,1.1633317470550537,1.1623852252960205,1.1629259586334229,0.0
2026-05-15 16:00:00,1.1629259586334229,1.1634671688079834,1.1626555919647217,1.1633317470550537,0.0
2026-05-15 17:00:00,1.1631964445114136,1.163873314857483,1.163061261177063,1.163061261177063,0.0
2026-05-15 18:00:00,1.163061261177063,1.163061261177063,1.1621150970458984,1.162520408630371,0.0
2026-05-15 19:00:00,1.162520408630371,1.1626555919647217,1.16225004196167,1.1623852252960205,0.0
2026-05-15 20:00:00,1.1623852252960205,1.1629259586334229,1.16225004196167,1.1629259586334229,0.0
2026-05-15 21:00:00,1.163061261177063,1.163061261177063,1.163061261177063,1.163061261177063,0.0
2026-05-17 23:00:00,1.1626555919647217,1.1626555919647217,1.1615750789642334,1.1617100238800049,0.0
2026-05-18 00:00:00,1.1618449687957764,1.1623852252960205,1.161170482635498,1.161440134048462,0.0
2026-05-18 01:00:00,1.1615750789642334,1.16225004196167,1.161170482635498,1.1621150970458984,0.0
2026-05-18 02:00:00,1.1619800329208374,1.16225004196167,1.1617100238800049,1.1618449687957764,0.0
2026-05-18 03:00:00,1.1619800329208374,1.162520408630371,1.1619800329208374,1.162520408630371,0.0
2026-05-18 04:00:00,1.162520408630371,1.1629259586334229,1.16225004196167,1.1623852252960205,0.0
2026-05-18 05:00:00,1.162520408630371,1.162520408630371,1.1621150970458984,1.162520408630371,0.0
2026-05-18 06:00:00,1.1626555919647217,1.1640088558197021,1.1626555919647217,1.163873314857483,0.0
2026-05-18 07:00:00,1.163873314857483,1.1642799377441406,1.1634671688079834,1.163602590560913,0.0
2026-05-18 08:00:00,1.1637378931045532,1.1648223400115967,1.1633317470550537,1.1645511388778687,0.0
2026-05-18 09:00:00,1.1645511388778687,1.1645511388778687,1.163873314857483,1.163873314857483,0.0
2026-05-18 10:00:00,1.163873314857483,1.1640088558197021,1.163061261177063,1.163061261177063,0.0
2026-05-18 11:00:00,1.163061261177063,1.1652295589447021,1.163061261177063,1.1644154787063599,0.0
2026-05-18 12:00:00,1.1644154787063599,1.16604483127594,1.1644154787063599,1.1655012369155884,0.0
2026-05-18 13:00:00,1.1655012369155884,1.1659088134765625,1.1648223400115967,1.1655012369155884,0.0
2026-05-18 14:00:00,1.1656370162963867,1.1656370162963867,1.1645511388778687,1.164686679840088,0.0
2026-05-18 15:00:00,1.1645511388778687,1.1655012369155884,1.1637378931045532,1.1653653383255005,0.0
2026-05-18 16:00:00,1.1650937795639038,1.1659088134765625,1.1648223400115967,1.1656370162963867,0.0
2026-05-18 17:00:00,1.1655012369155884,1.1656370162963867,1.1652295589447021,1.1652295589447021,0.0
2026-05-18 18:00:00,1.1652295589447021,1.1652295589447021,1.1634671688079834,1.1634671688079834,0.0
2026-05-18 19:00:00,1.1633317470550537,1.1659088134765625,1.1633317470550537,1.1656370162963867,0.0
2026-05-18 20:00:00,1.1655012369155884,1.1663167476654053,1.1655012369155884,1.1659088134765625,0.0
2026-05-18 21:00:00,1.1656370162963867,1.1664528846740723,1.1655012369155884,1.1663167476654053,0.0
2026-05-18 22:00:00,1.1664528846740723,1.1664528846740723,1.1661807298660278,1.1661807298660278,0.0
2026-05-18 23:00:00,1.1661807298660278,1.1661807298660278,1.1657729148864746,1.1657729148864746,0.0
2026-05-19 00:00:00,1.1659088134765625,1.1659088134765625,1.164686679840088,1.1648223400115967,0.0
2026-05-19 01:00:00,1.164686679840088,1.1656370162963867,1.164686679840088,1.1650937795639038,0.0
2026-05-19 02:00:00,1.1648223400115967,1.1650937795639038,1.1645511388778687,1.164686679840088,0.0
2026-05-19 03:00:00,1.164686679840088,1.164958119392395,1.1644154787063599,1.1645511388778687,0.0
2026-05-19 04:00:00,1.1645511388778687,1.164686679840088,1.163873314857483,1.1640088558197021,0.0
2026-05-19 05:00:00,1.1640088558197021,1.1645511388778687,1.1637378931045532,1.1645511388778687,0.0
2026-05-19 06:00:00,1.1644154787063599,1.164958119392395,1.1640088558197021,1.1640088558197021,0.0
2026-05-19 07:00:00,1.1640088558197021,1.1640088558197021,1.1633317470550537,1.163873314857483,0.0
2026-05-19 08:00:00,1.163873314857483,1.163873314857483,1.1626555919647217,1.1626555919647217,0.0
2026-05-19 09:00:00,1.1626555919647217,1.1626555919647217,1.1618449687957764,1.16225004196167,0.0
2026-05-19 10:00:00,1.16225004196167,1.1629259586334229,1.161440134048462,1.162520408630371,0.0
2026-05-19 11:00:00,1.162520408630371,1.162520408630371,1.1621150970458984,1.1621150970458984,0.0
2026-05-19 12:00:00,1.1619800329208374,1.1627906560897827,1.1618449687957764,1.1621150970458984,0.0
2026-05-19 13:00:00,1.1619800329208374,1.1619800329208374,1.160496711730957,1.1618449687957764,0.0
2026-05-19 14:00:00,1.1615750789642334,1.1617100238800049,1.1599582433700562,1.1599582433700562,0.0
2026-05-19 15:00:00,1.1599582433700562,1.160496711730957,1.15968918800354,1.160496711730957,0.0
2026-05-19 16:00:00,1.160496711730957,1.16130530834198,1.160092830657959,1.1610356569290161,0.0
2026-05-19 17:00:00,1.161170482635498,1.1615750789642334,1.1610356569290161,1.1615750789642334,0.0
2026-05-19 18:00:00,1.161440134048462,1.1617100238800049,1.1606314182281494,1.1607661247253418,0.0
2026-05-19 19:00:00,1.1607661247253418,1.161170482635498,1.1606314182281494,1.1609008312225342,0.0
2026-05-19 20:00:00,1.1609008312225342,1.1610356569290161,1.1607661247253418,1.1609008312225342,0.0
2026-05-19 21:00:00,1.1602274179458618,1.161440134048462,1.1602274179458618,1.161170482635498,0.0
2026-05-19 22:00:00,1.1610356569290161,1.161170482635498,1.1609008312225342,1.161170482635498,0.0
2026-05-19 23:00:00,1.161170482635498,1.1615750789642334,1.1610356569290161,1.1610356569290161,0.0
2026-05-20 00:00:00,1.1610356569290161,1.16130530834198,1.160496711730957,1.160496711730957,0.0
2026-05-20 01:00:00,1.160496711730957,1.160496711730957,1.15968918800354,1.1599582433700562,0.0
2026-05-20 02:00:00,1.160092830657959,1.1606314182281494,1.1598236560821533,1.1602274179458618,0.0
2026-05-20 03:00:00,1.1599582433700562,1.1609008312225342,1.1599582433700562,1.160496711730957,0.0
2026-05-20 04:00:00,1.1606314182281494,1.1609008312225342,1.160092830657959,1.160092830657959,0.0
2026-05-20 05:00:00,1.160092830657959,1.1603620052337646,1.1595547199249268,1.1598236560821533,0.0
2026-05-20 06:00:00,1.1598236560821533,1.1609008312225342,1.15968918800354,1.160092830657959,0.0
2026-05-20 07:00:00,1.1599582433700562,1.160496711730957,1.1595547199249268,1.15968918800354,0.0
2026-05-20 08:00:00,1.1595547199249268,1.1598236560821533,1.1587486267089844,1.1594202518463135,0.0
2026-05-20 09:00:00,1.1594202518463135,1.1598236560821533,1.1592857837677002,1.1592857837677002,0.0
2026-05-20 10:00:00,1.159151554107666,1.1606314182281494,1.159151554107666,1.160496711730957,0.0
2026-05-20 11:00:00,1.1603620052337646,1.1607661247253418,1.1599582433700562,1.1603620052337646,0.0
2026-05-20 12:00:00,1.160496711730957,1.1606314182281494,1.15968918800354,1.15968918800354,0.0
2026-05-20 13:00:00,1.1598236560821533,1.1599582433700562,1.1592857837677002,1.1594202518463135,0.0
2026-05-20 14:00:00,1.1594202518463135,1.1626555919647217,1.1586142778396606,1.16225004196167,0.0
2026-05-20 15:00:00,1.16225004196167,1.164686679840088,1.1617100238800049,1.16225004196167,0.0
2026-05-20 16:00:00,1.16225004196167,1.1633317470550537,1.16225004196167,1.1627906560897827,0.0
2026-05-20 17:00:00,1.1627906560897827,1.1629259586334229,1.16225004196167,1.16225004196167,0.0
2026-05-20 18:00:00,1.1619800329208374,1.163873314857483,1.1619800329208374,1.163602590560913,0.0
2026-05-20 19:00:00,1.1634671688079834,1.1637378931045532,1.163061261177063,1.163061261177063,0.0
2026-05-20 20:00:00,1.163061261177063,1.1631964445114136,1.1626555919647217,1.1629259586334229,0.0
2026-05-20 21:00:00,1.1626555919647217,1.163061261177063,1.162520408630371,1.1629259586334229,0.0
2026-05-20 22:00:00,1.1629259586334229,1.163061261177063,1.1627906560897827,1.1629259586334229,0.0
2026-05-20 23:00:00,1.1629259586334229,1.163061261177063,1.1626555919647217,1.1627906560897827,0.0
2026-05-21 00:00:00,1.1627906560897827,1.1631964445114136,1.1626555919647217,1.1631964445114136,0.0
2026-05-21 01:00:00,1.1633317470550537,1.163873314857483,1.1626555919647217,1.1629259586334229,0.0
2026-05-21 02:00:00,1.163061261177063,1.1631964445114136,1.1621150970458984,1.1621150970458984,0.0
2026-05-21 03:00:00,1.1621150970458984,1.1626555919647217,1.1621150970458984,1.16225004196167,0.0
2026-05-21 04:00:00,1.16225004196167,1.1626555919647217,1.16225004196167,1.1626555919647217,0.0
2026-05-21 05:00:00,1.1626555919647217,1.1626555919647217,1.16225004196167,1.162520408630371,0.0
2026-05-21 06:00:00,1.162520408630371,1.1629259586334229,1.1619800329208374,1.1623852252960205,0.0
2026-05-21 07:00:00,1.1623852252960205,1.1623852252960205,1.1599582433700562,1.1610356569290161,0.0
2026-05-21 08:00:00,1.1610356569290161,1.1637378931045532,1.1610356569290161,1.162520408630371,0.0
2026-05-21 09:00:00,1.1626555919647217,1.163602590560913,1.162520408630371,1.163061261177063,0.0
2026-05-21 10:00:00,1.163061261177063,1.1633317470550537,1.1603620052337646,1.161170482635498,0.0
2026-05-21 11:00:00,1.1610356569290161,1.1618449687957764,1.160092830657959,1.160092830657959,0.0
2026-05-21 12:00:00,1.1603620052337646,1.161170482635498,1.15968918800354,1.160092830657959,0.0
2026-05-21 13:00:00,1.160092830657959,1.1603620052337646,1.1582117080688477,1.1598236560821533,0.0
2026-05-21 14:00:00,1.1598236560821533,1.1599582433700562,1.1588828563690186,1.1598236560821533,0.0
2026-05-21 15:00:00,1.15968918800354,1.15968918800354,1.1586142778396606,1.1592857837677002,0.0
2026-05-21 16:00:00,1.1592857837677002,1.1599582433700562,1.1590172052383423,1.1599582433700562,0.0
2026-05-21 17:00:00,1.1599582433700562,1.1633317470550537,1.1595547199249268,1.1627906560897827,0.0
2026-05-21 18:00:00,1.1629259586334229,1.1633317470550537,1.161170482635498,1.1615750789642334,0.0
2026-05-21 19:00:00,1.1615750789642334,1.1627906560897827,1.161440134048462,1.162520408630371,0.0
2026-05-21 20:00:00,1.162520408630371,1.1626555919647217,1.1619800329208374,1.1621150970458984,0.0
2026-05-21 21:00:00,1.1619800329208374,1.1626555919647217,1.161440134048462,1.162520408630371,0.0
2026-05-21 22:00:00,1.162520408630371,1.162520408630371,1.1619800329208374,1.1621150970458984,0.0
2026-05-21 23:00:00,1.16225004196167,1.16225004196167,1.1619800329208374,1.1621150970458984,0.0
2026-05-22 00:00:00,1.1621150970458984,1.1621150970458984,1.1617100238800049,1.1618449687957764,0.0
2026-05-22 01:00:00,1.1618449687957764,1.1619800329208374,1.161440134048462,1.161440134048462,0.0
2026-05-22 02:00:00,1.161440134048462,1.1618449687957764,1.161440134048462,1.1615750789642334,0.0
2026-05-22 03:00:00,1.1617100238800049,1.1617100238800049,1.16130530834198,1.1615750789642334,0.0
2026-05-22 04:00:00,1.1615750789642334,1.1619800329208374,1.1615750789642334,1.1619800329208374,0.0
2026-05-22 05:00:00,1.1619800329208374,1.1621150970458984,1.16130530834198,1.16130530834198,0.0
2026-05-22 06:00:00,1.16130530834198,1.1618449687957764,1.1609008312225342,1.161440134048462,0.0
2026-05-22 07:00:00,1.1610356569290161,1.16130530834198,1.1606314182281494,1.16130530834198,0.0
2026-05-22 08:00:00,1.16130530834198,1.1617100238800049,1.1609008312225342,1.161170482635498,0.0
2026-05-22 09:00:00,1.161170482635498,1.161170482635498,1.160092830657959,1.1607661247253418,0.0
2026-05-22 10:00:00,1.1609008312225342,1.161170482635498,1.1599582433700562,1.160092830657959,0.0
2026-05-22 11:00:00,1.160092830657959,1.160496711730957,1.15968918800354,1.1599582433700562,0.0
2026-05-22 12:00:00,1.160092830657959,1.1610356569290161,1.1598236560821533,1.1606314182281494,0.0
2026-05-22 13:00:00,1.1607661247253418,1.1621150970458984,1.1603620052337646,1.1607661247253418,0.0
2026-05-22 14:00:00,1.1603620052337646,1.160496711730957,1.1592857837677002,1.1602274179458618,0.0
2026-05-22 15:00:00,1.160092830657959,1.1609008312225342,1.160092830657959,1.1606314182281494,0.0
2026-05-22 16:00:00,1.160496711730957,1.161440134048462,1.1603620052337646,1.161440134048462,0.0
2026-05-22 17:00:00,1.1615750789642334,1.16225004196167,1.16130530834198,1.1617100238800049,0.0
2026-05-22 18:00:00,1.1617100238800049,1.1618449687957764,1.16130530834198,1.1615750789642334,0.0
2026-05-22 19:00:00,1.1615750789642334,1.1617100238800049,1.1609008312225342,1.1610356569290161,0.0
2026-05-22 20:00:00,1.1610356569290161,1.1610356569290161,1.1603620052337646,1.160496711730957,0.0
2026-05-22 21:00:00,1.1606314182281494,1.1606314182281494,1.160496711730957,1.160496711730957,0.0
2026-05-24 23:00:00,1.164686679840088,1.164958119392395,1.1644154787063599,1.1644154787063599,0.0
2026-05-25 00:00:00,1.1644154787063599,1.1650937795639038,1.1640088558197021,1.1640088558197021,0.0
2026-05-25 01:00:00,1.163873314857483,1.164958119392395,1.163873314857483,1.1642799377441406,0.0
2026-05-25 02:00:00,1.1642799377441406,1.1645511388778687,1.1640088558197021,1.1641442775726318,0.0
2026-05-25 03:00:00,1.1642799377441406,1.1642799377441406,1.1640088558197021,1.1640088558197021,0.0
2026-05-25 04:00:00,1.1641442775726318,1.164686679840088,1.163873314857483,1.1645511388778687,0.0
2026-05-25 05:00:00,1.1645511388778687,1.1648223400115967,1.1641442775726318,1.1642799377441406,0.0
2026-05-25 06:00:00,1.1641442775726318,1.164686679840088,1.1641442775726318,1.1644154787063599,0.0
2026-05-25 07:00:00,1.1644154787063599,1.1645511388778687,1.1634671688079834,1.1640088558197021,0.0
2026-05-25 08:00:00,1.163873314857483,1.164686679840088,1.1637378931045532,1.164686679840088,0.0
2026-05-25 09:00:00,1.164686679840088,1.1648223400115967,1.1644154787063599,1.1644154787063599,0.0
2026-05-25 10:00:00,1.1645511388778687,1.1648223400115967,1.1645511388778687,1.164686679840088,0.0
2026-05-25 11:00:00,1.1645511388778687,1.1653653383255005,1.1644154787063599,1.164686679840088,0.0
2026-05-25 12:00:00,1.164686679840088,1.1655012369155884,1.164686679840088,1.1652295589447021,0.0
2026-05-25 13:00:00,1.1650937795639038,1.1653653383255005,1.1642799377441406,1.1642799377441406,0.0
2026-05-25 14:00:00,1.1642799377441406,1.164958119392395,1.1641442775726318,1.1645511388778687,0.0
2026-05-25 15:00:00,1.1645511388778687,1.1650937795639038,1.1642799377441406,1.1645511388778687,0.0
2026-05-25 16:00:00,1.1645511388778687,1.1645511388778687,1.1640088558197021,1.1644154787063599,0.0
2026-05-25 17:00:00,1.1644154787063599,1.164686679840088,1.1644154787063599,1.164686679840088,0.0
2026-05-25 18:00:00,1.164686679840088,1.164686679840088,1.1645511388778687,1.164686679840088,0.0
2026-05-25 19:00:00,1.164686679840088,1.164686679840088,1.1645511388778687,1.1645511388778687,0.0
2026-05-25 20:00:00,1.1645511388778687,1.164686679840088,1.1645511388778687,1.164686679840088,0.0
2026-05-25 21:00:00,1.1650937795639038,1.1650937795639038,1.1640088558197021,1.1644154787063599,0.0
2026-05-25 22:00:00,1.1642799377441406,1.1645511388778687,1.1642799377441406,1.1644154787063599,0.0
2026-05-25 23:00:00,1.1644154787063599,1.164686679840088,1.163873314857483,1.1640088558197021,0.0
2026-05-26 00:00:00,1.1640088558197021,1.1642799377441406,1.1637378931045532,1.1642799377441406,0.0
2026-05-26 01:00:00,1.1641442775726318,1.1642799377441406,1.1633317470550537,1.1637378931045532,0.0
2026-05-26 02:00:00,1.1637378931045532,1.163873314857483,1.1634671688079834,1.1637378931045532,0.0
2026-05-26 03:00:00,1.1637378931045532,1.1640088558197021,1.1637378931045532,1.1640088558197021,0.0
2026-05-26 04:00:00,1.163873314857483,1.163873314857483,1.1633317470550537,1.1633317470550537,0.0
2026-05-26 05:00:00,1.1633317470550537,1.1633317470550537,1.163061261177063,1.1631964445114136,0.0
2026-05-26 06:00:00,1.163061261177063,1.1640088558197021,1.163061261177063,1.1637378931045532,0.0
2026-05-26 07:00:00,1.163873314857483,1.1642799377441406,1.163061261177063,1.1641442775726318,0.0
2026-05-26 08:00:00,1.1640088558197021,1.1644154787063599,1.1637378931045532,1.1640088558197021,0.0
2026-05-26 09:00:00,1.163873314857483,1.164686679840088,1.1637378931045532,1.164686679840088,0.0
2026-05-26 10:00:00,1.164686679840088,1.164686679840088,1.1641442775726318,1.1645511388778687,0.0
2026-05-26 11:00:00,1.1645511388778687,1.1648223400115967,1.1637378931045532,1.1637378931045532,0.0
2026-05-26 12:00:00,1.1637378931045532,1.1640088558197021,1.1634671688079834,1.163602590560913,0.0
2026-05-26 13:00:00,1.1634671688079834,1.163602590560913,1.16225004196167,1.1627906560897827,0.0
2026-05-26 14:00:00,1.1626555919647217,1.1631964445114136,1.162520408630371,1.1627906560897827,0.0
2026-05-26 15:00:00,1.1627906560897827,1.1627906560897827,1.1621150970458984,1.16225004196167,0.0
2026-05-26 16:00:00,1.1623852252960205,1.1631964445114136,1.1623852252960205,1.1627906560897827,0.0
2026-05-26 17:00:00,1.1626555919647217,1.163061261177063,1.162520408630371,1.1626555919647217,0.0
2026-05-26 18:00:00,1.1626555919647217,1.1633317470550537,1.1626555919647217,1.1633317470550537,0.0
2026-05-26 19:00:00,1.163061261177063,1.163602590560913,1.163061261177063,1.1634671688079834,0.0
2026-05-26 20:00:00,1.163602590560913,1.163602590560913,1.1634671688079834,1.163602590560913,0.0
2026-05-26 21:00:00,1.1631964445114136,1.163602590560913,1.163061261177063,1.1633317470550537,0.0
2026-05-26 22:00:00,1.1637378931045532,1.1640088558197021,1.1634671688079834,1.1637378931045532,0.0
2026-05-26 23:00:00,1.1637378931045532,1.164686679840088,1.1637378931045532,1.1640088558197021,0.0
2026-05-27 00:00:00,1.1640088558197021,1.164686679840088,1.1640088558197021,1.1641442775726318,0.0
2026-05-27 01:00:00,1.1644154787063599,1.1645511388778687,1.163602590560913,1.1637378931045532,0.0
2026-05-27 02:00:00,1.1642799377441406,1.1644154787063599,1.1637378931045532,1.1641442775726318,0.0
2026-05-27 03:00:00,1.1641442775726318,1.1648223400115967,1.1640088558197021,1.1645511388778687,0.0
2026-05-27 04:00:00,1.1645511388778687,1.164958119392395,1.1641442775726318,1.1645511388778687,0.0
2026-05-27 05:00:00,1.1644154787063599,1.1650937795639038,1.1642799377441406,1.1642799377441406,0.0
2026-05-27 06:00:00,1.1645511388778687,1.1655012369155884,1.1641442775726318,1.164958119392395,0.0
2026-05-27 07:00:00,1.1650937795639038,1.1655012369155884,1.1644154787063599,1.1644154787063599,0.0
2026-05-27 08:00:00,1.1641442775726318,1.1653653383255005,1.1641442775726318,1.1648223400115967,0.0
2026-05-27 09:00:00,1.164686679840088,1.1653653383255005,1.164686679840088,1.1648223400115967,0.0
2026-05-27 10:00:00,1.164686679840088,1.1650937795639038,1.1640088558197021,1.1642799377441406,0.0
2026-05-27 11:00:00,1.1642799377441406,1.164686679840088,1.1637378931045532,1.1642799377441406,0.0
2026-05-27 12:00:00,1.1640088558197021,1.1664528846740723,1.163873314857483,1.164686679840088,0.0
2026-05-27 13:00:00,1.1653653383255005,1.1655012369155884,1.1641442775726318,1.1644154787063599,0.0
2026-05-27 14:00:00,1.1644154787063599,1.1656370162963867,1.163061261177063,1.163061261177063,0.0
2026-05-27 15:00:00,1.1626555919647217,1.1642799377441406,1.1626555919647217,1.163602590560913,0.0
2026-05-27 16:00:00,1.163602590560913,1.163873314857483,1.1629259586334229,1.163602590560913,0.0
2026-05-27 17:00:00,1.163873314857483,1.163873314857483,1.162520408630371,1.163061261177063,0.0
2026-05-27 18:00:00,1.163061261177063,1.1634671688079834,1.1626555919647217,1.1633317470550537,0.0
2026-05-27 19:00:00,1.1633317470550537,1.163873314857483,1.163061261177063,1.1631964445114136,0.0
2026-05-27 20:00:00,1.1631964445114136,1.1637378931045532,1.1629259586334229,1.1629259586334229,0.0
2026-05-27 21:00:00,1.1640088558197021,1.1640088558197021,1.1629259586334229,1.1631964445114136,0.0
2026-05-27 22:00:00,1.163061261177063,1.1633317470550537,1.1629259586334229,1.1629259586334229,0.0
2026-05-27 23:00:00,1.1629259586334229,1.1633317470550537,1.1619800329208374,1.1621150970458984,0.0
2026-05-28 00:00:00,1.1619800329208374,1.1626555919647217,1.1619800329208374,1.162520408630371,0.0
2026-05-28 01:00:00,1.1623852252960205,1.1623852252960205,1.16130530834198,1.16130530834198,0.0
2026-05-28 02:00:00,1.161440134048462,1.1618449687957764,1.16130530834198,1.1615750789642334,0.0
2026-05-28 03:00:00,1.1615750789642334,1.1617100238800049,1.159151554107666,1.159151554107666,0.0
2026-05-28 04:00:00,1.159151554107666,1.1595547199249268,1.1590172052383423,1.1595547199249268,0.0
2026-05-28 05:00:00,1.1595547199249268,1.160496711730957,1.1592857837677002,1.1602274179458618,0.0
2026-05-28 06:00:00,1.1602274179458618,1.1615750789642334,1.1602274179458618,1.161440134048462,0.0
2026-05-28 07:00:00,1.1615750789642334,1.1621150970458984,1.161440134048462,1.161440134048462,0.0
2026-05-28 08:00:00,1.1615750789642334,1.1619800329208374,1.1610356569290161,1.1619800329208374,0.0
2026-05-28 09:00:00,1.1619800329208374,1.16225004196167,1.1615750789642334,1.1615750789642334,0.0
2026-05-28 10:00:00,1.1617100238800049,1.1618449687957764,1.1607661247253418,1.1607661247253418,0.0
2026-05-28 11:00:00,1.1607661247253418,1.162520408630371,1.1607661247253418,1.1621150970458984,0.0
2026-05-28 12:00:00,1.1621150970458984,1.1640088558197021,1.1619800329208374,1.1640088558197021,0.0
2026-05-28 13:00:00,1.1641442775726318,1.1645511388778687,1.1633317470550537,1.1633317470550537,0.0
2026-05-28 14:00:00,1.1631964445114136,1.16604483127594,1.163061261177063,1.164958119392395,0.0
2026-05-28 15:00:00,1.1653653383255005,1.1659088134765625,1.1652295589447021,1.1652295589447021,0.0
2026-05-28 16:00:00,1.1652295589447021,1.1663167476654053,1.164958119392395,1.16604483127594,0.0
2026-05-28 17:00:00,1.16604483127594,1.16604483127594,1.1655012369155884,1.1657729148864746,0.0
2026-05-28 18:00:00,1.1656370162963867,1.1657729148864746,1.164958119392395,1.1650937795639038,0.0
2026-05-28 19:00:00,1.1650937795639038,1.1655012369155884,1.1650937795639038,1.1650937795639038,0.0
2026-05-28 20:00:00,1.164958119392395,1.1653653383255005,1.1648223400115967,1.1653653383255005,0.0
2026-05-28 21:00:00,1.1653653383255005,1.1656370162963867,1.1650937795639038,1.1653653383255005,0.0
2026-05-28 22:00:00,1.1655012369155884,1.1656370162963867,1.1653653383255005,1.1653653383255005,0.0
2026-05-28 23:00:00,1.1653653383255005,1.1656370162963867,1.1653653383255005,1.1656370162963867,0.0
2026-05-29 00:00:00,1.1656370162963867,1.1659088134765625,1.1650937795639038,1.1652295589447021,0.0
2026-05-29 01:00:00,1.1652295589447021,1.16604483127594,1.164686679840088,1.1648223400115967,0.0
2026-05-29 02:00:00,1.164958119392395,1.1653653383255005,1.1648223400115967,1.1648223400115967,0.0
2026-05-29 03:00:00,1.1648223400115967,1.1648223400115967,1.1640088558197021,1.1640088558197021,0.0
2026-05-29 04:00:00,1.1641442775726318,1.1642799377441406,1.163873314857483,1.1642799377441406,0.0
2026-05-29 05:00:00,1.1642799377441406,1.164686679840088,1.1641442775726318,1.1645511388778687,0.0
2026-05-29 06:00:00,1.1645511388778687,1.1657729148864746,1.1645511388778687,1.1657729148864746,0.0
2026-05-29 07:00:00,1.1655012369155884,1.1656370162963867,1.1641442775726318,1.1645511388778687,0.0
2026-05-29 08:00:00,1.1640088558197021,1.1642799377441406,1.1629259586334229,1.1631964445114136,0.0
2026-05-29 09:00:00,1.163061261177063,1.1645511388778687,1.163061261177063,1.1645511388778687,0.0
2026-05-29 10:00:00,1.1644154787063599,1.1648223400115967,1.1641442775726318,1.164686679840088,0.0
2026-05-29 11:00:00,1.1645511388778687,1.1652295589447021,1.1644154787063599,1.1652295589447021,0.0
2026-05-29 12:00:00,1.1652295589447021,1.1652295589447021,1.1645511388778687,1.1652295589447021,0.0
2026-05-29 13:00:00,1.1650937795639038,1.1656370162963867,1.1648223400115967,1.1650937795639038,0.0
2026-05-29 14:00:00,1.1650937795639038,1.1676785945892334,1.1644154787063599,1.1675423383712769,0.0
2026-05-29 15:00:00,1.1671334505081177,1.168770432472229,1.1671334505081177,1.1680878400802612,0.0
2026-05-29 16:00:00,1.1680878400802612,1.1680878400802612,1.1671334505081177,1.1675423383712769,0.0
2026-05-29 17:00:00,1.1675423383712769,1.1676785945892334,1.1665889024734497,1.1665889024734497,0.0
2026-05-29 18:00:00,1.1665889024734497,1.1671334505081177,1.1665889024734497,1.1668611764907837,0.0
2026-05-29 19:00:00,1.1668611764907837,1.1672697067260742,1.1667250394821167,1.1667250394821167,0.0
2026-05-29 20:00:00,1.1667250394821167,1.1667250394821167,1.1661807298660278,1.1661807298660278,0.0
2026-05-29 21:00:00,1.1659088134765625,1.1659088134765625,1.1659088134765625,1.1659088134765625,0.0
2026-05-31 23:00:00,1.1657729148864746,1.1659088134765625,1.1652295589447021,1.1652295589447021,0.0
2026-06-01 00:00:00,1.1652295589447021,1.1656370162963867,1.1648223400115967,1.1650937795639038,0.0
2026-06-01 01:00:00,1.164958119392395,1.164958119392395,1.1645511388778687,1.1648223400115967,0.0
2026-06-01 02:00:00,1.1648223400115967,1.164958119392395,1.164686679840088,1.164958119392395,0.0
2026-06-01 03:00:00,1.164958119392395,1.1652295589447021,1.1645511388778687,1.164686679840088,0.0
2026-06-01 04:00:00,1.164686679840088,1.1652295589447021,1.164686679840088,1.1650937795639038,0.0
2026-06-01 05:00:00,1.1652295589447021,1.1656370162963867,1.1652295589447021,1.1653653383255005,0.0
2026-06-01 06:00:00,1.1656370162963867,1.1668611764907837,1.1653653383255005,1.1668611764907837,0.0
2026-06-01 07:00:00,1.1665889024734497,1.1665889024734497,1.1655012369155884,1.16604483127594,0.0
2026-06-01 08:00:00,1.1659088134765625,1.1663167476654053,1.1656370162963867,1.1661807298660278,0.0
2026-06-01 09:00:00,1.1663167476654053,1.1663167476654053,1.1652295589447021,1.1653653383255005,0.0
2026-06-01 10:00:00,1.1653653383255005,1.1653653383255005,1.164958119392395,1.1650937795639038,0.0
2026-06-01 11:00:00,1.1650937795639038,1.1650937795639038,1.1645511388778687,1.164958119392395,0.0
2026-06-01 12:00:00,1.1650937795639038,1.1653653383255005,1.164958119392395,1.1650937795639038,0.0
2026-06-01 13:00:00,1.1650937795639038,1.1650937795639038,1.161440134048462,1.161440134048462,0.0
2026-06-01 14:00:00,1.161170482635498,1.1621150970458984,1.1610356569290161,1.1619800329208374,0.0
2026-06-01 15:00:00,1.1621150970458984,1.163061261177063,1.1618449687957764,1.1626555919647217,0.0
2026-06-01 16:00:00,1.1627906560897827,1.1633317470550537,1.1619800329208374,1.1633317470550537,0.0
2026-06-01 17:00:00,1.1633317470550537,1.1640088558197021,1.1629259586334229,1.163873314857483,0.0
2026-06-01 18:00:00,1.163873314857483,1.163873314857483,1.1634671688079834,1.1634671688079834,0.0
2026-06-01 19:00:00,1.1634671688079834,1.1637378931045532,1.163061261177063,1.1634671688079834,0.0
2026-06-01 20:00:00,1.163602590560913,1.1637378931045532,1.1633317470550537,1.163602590560913,0.0
2026-06-01 21:00:00,1.1637378931045532,1.1644154787063599,1.1633317470550537,1.163873314857483,0.0
2026-06-01 22:00:00,1.1637378931045532,1.163873314857483,1.163602590560913,1.1637378931045532,0.0
2026-06-01 23:00:00,1.163873314857483,1.1640088558197021,1.163602590560913,1.163873314857483,0.0
2026-06-02 00:00:00,1.163873314857483,1.163873314857483,1.1633317470550537,1.1634671688079834,0.0
2026-06-02 01:00:00,1.163602590560913,1.1641442775726318,1.1631964445114136,1.1634671688079834,0.0
2026-06-02 02:00:00,1.1634671688079834,1.1637378931045532,1.1634671688079834,1.1634671688079834,0.0
2026-06-02 03:00:00,1.1634671688079834,1.163873314857483,1.1634671688079834,1.1637378931045532,0.0
2026-06-02 04:00:00,1.1637378931045532,1.1642799377441406,1.1637378931045532,1.1641442775726318,0.0
2026-06-02 05:00:00,1.1641442775726318,1.1642799377441406,1.1640088558197021,1.1640088558197021,0.0
2026-06-02 06:00:00,1.1641442775726318,1.1655012369155884,1.1641442775726318,1.1653653383255005,0.0
2026-06-02 07:00:00,1.1652295589447021,1.1653653383255005,1.1648223400115967,1.1652295589447021,0.0
2026-06-02 08:00:00,1.1652295589447021,1.1655012369155884,1.1645511388778687,1.164686679840088,0.0
2026-06-02 09:00:00,1.1645511388778687,1.1648223400115967,1.1644154787063599,1.164686679840088,0.0
2026-06-02 10:00:00,1.1645511388778687,1.164958119392395,1.1642799377441406,1.164686679840088,0.0
2026-06-02 11:00:00,1.164686679840088,1.1656370162963867,1.164686679840088,1.1653653383255005,0.0
2026-06-02 12:00:00,1.1653653383255005,1.1659088134765625,1.1652295589447021,1.1653653383255005,0.0
2026-06-02 13:00:00,1.1655012369155884,1.1655012369155884,1.1642799377441406,1.164686679840088,0.0
2026-06-02 14:00:00,1.1640088558197021,1.1652295589447021,1.1640088558197021,1.164686679840088,0.0
2026-06-02 15:00:00,1.164686679840088,1.1648223400115967,1.1640088558197021,1.1644154787063599,0.0
2026-06-02 16:00:00,1.1641442775726318,1.1642799377441406,1.163061261177063,1.1631964445114136,0.0
2026-06-02 17:00:00,1.1633317470550537,1.1633317470550537,1.1623852252960205,1.162520408630371,0.0
2026-06-02 18:00:00,1.162520408630371,1.1633317470550537,1.1617100238800049,1.1631964445114136,0.0
2026-06-02 19:00:00,1.1633317470550537,1.163602590560913,1.1631964445114136,1.163602590560913,0.0
2026-06-02 20:00:00,1.163602590560913,1.1637378931045532,1.1633317470550537,1.1634671688079834,0.0
2026-06-02 21:00:00,1.1631964445114136,1.1637378931045532,1.163061261177063,1.1633317470550537,0.0
2026-06-02 22:00:00,1.1633317470550537,1.1634671688079834,1.163061261177063,1.163061261177063,0.0
2026-06-02 23:00:00,1.163061261177063,1.163061261177063,1.16225004196167,1.162520408630371,0.0
2026-06-03 00:00:00,1.162520408630371,1.1633317470550537,1.162520408630371,1.1631964445114136,0.0
2026-06-03 01:00:00,1.163061261177063,1.163602590560913,1.1629259586334229,1.1633317470550537,0.0
2026-06-03 02:00:00,1.1633317470550537,1.163602590560913,1.1629259586334229,1.1631964445114136,0.0
2026-06-03 03:00:00,1.163061261177063,1.1633317470550537,1.163061261177063,1.163061261177063,0.0
2026-06-03 04:00:00,1.163061261177063,1.163061261177063,1.1627906560897827,1.1629259586334229,0.0
2026-06-03 05:00:00,1.1629259586334229,1.163061261177063,1.16225004196167,1.16225004196167,0.0
2026-06-03 06:00:00,1.16225004196167,1.162520408630371,1.1617100238800049,1.1619800329208374,0.0
2026-06-03 07:00:00,1.1618449687957764,1.162520408630371,1.1617100238800049,1.1619800329208374,0.0
2026-06-03 08:00:00,1.1618449687957764,1.1619800329208374,1.1609008312225342,1.161170482635498,0.0
2026-06-03 09:00:00,1.16130530834198,1.1619800329208374,1.16130530834198,1.1617100238800049,0.0
2026-06-03 10:00:00,1.1617100238800049,1.162520408630371,1.1617100238800049,1.1619800329208374,0.0
2026-06-03 11:00:00,1.1619800329208374,1.162520408630371,1.1619800329208374,1.1621150970458984,0.0
2026-06-03 12:00:00,1.1619800329208374,1.1619800329208374,1.160092830657959,1.1603620052337646,0.0
2026-06-03 13:00:00,1.1603620052337646,1.1609008312225342,1.160092830657959,1.1606314182281494,0.0
2026-06-03 14:00:00,1.1609008312225342,1.1615750789642334,1.1598236560821533,1.1615750789642334,0.0
2026-06-03 15:00:00,1.161440134048462,1.161440134048462,1.1606314182281494,1.1607661247253418,0.0
2026-06-03 16:00:00,1.1607661247253418,1.1607661247253418,1.1598236560821533,1.1603620052337646,0.0
2026-06-03 17:00:00,1.1603620052337646,1.1606314182281494,1.160092830657959,1.1602274179458618,0.0
2026-06-03 18:00:00,1.1602274179458618,1.1602274179458618,1.1599582433700562,1.1602274179458618,0.0
2026-06-03 19:00:00,1.1602274179458618,1.1603620052337646,1.160092830657959,1.160092830657959,0.0
2026-06-03 20:00:00,1.1602274179458618,1.1603620052337646,1.160092830657959,1.1602274179458618,0.0
2026-06-03 21:00:00,1.160496711730957,1.1607661247253418,1.160092830657959,1.1602274179458618,0.0
2026-06-03 22:00:00,1.1602274179458618,1.1610356569290161,1.1598236560821533,1.1607661247253418,0.0
2026-06-03 23:00:00,1.1609008312225342,1.161440134048462,1.160496711730957,1.16130530834198,0.0
2026-06-04 00:00:00,1.16130530834198,1.1615750789642334,1.1609008312225342,1.1610356569290161,0.0
2026-06-04 01:00:00,1.1607661247253418,1.16130530834198,1.1607661247253418,1.16130530834198,0.0
2026-06-04 02:00:00,1.16130530834198,1.161440134048462,1.1610356569290161,1.16130530834198,0.0
2026-06-04 03:00:00,1.161170482635498,1.16130530834198,1.1606314182281494,1.1609008312225342,0.0
2026-06-04 04:00:00,1.1609008312225342,1.161440134048462,1.1607661247253418,1.16130530834198,0.0
2026-06-04 05:00:00,1.16130530834198,1.16130530834198,1.1609008312225342,1.16130530834198,0.0
2026-06-04 06:00:00,1.16130530834198,1.1618449687957764,1.1610356569290161,1.161440134048462,0.0
2026-06-04 07:00:00,1.161440134048462,1.1615750789642334,1.1602274179458618,1.1607661247253418,0.0
2026-06-04 08:00:00,1.1607661247253418,1.1617100238800049,1.1607661247253418,1.1617100238800049,0.0
2026-06-04 09:00:00,1.1618449687957764,1.163061261177063,1.1618449687957764,1.1629259586334229,0.0
2026-06-04 10:00:00,1.1629259586334229,1.1637378931045532,1.1629259586334229,1.1634671688079834,0.0
2026-06-04 11:00:00,1.163602590560913,1.1648223400115967,1.163602590560913,1.1645511388778687,0.0
2026-06-04 12:00:00,1.1648223400115967,1.1648223400115967,1.163873314857483,1.1641442775726318,0.0
2026-06-04 13:00:00,1.1640088558197021,1.1642799377441406,1.1637378931045532,1.1640088558197021,0.0
2026-06-04 14:00:00,1.1642799377441406,1.1642799377441406,1.1633317470550537,1.1634671688079834,0.0
2026-06-04 15:00:00,1.1634671688079834,1.1634671688079834,1.1626555919647217,1.1631964445114136,0.0
2026-06-04 16:00:00,1.1631964445114136,1.1633317470550537,1.1626555919647217,1.1626555919647217,0.0
2026-06-04 17:00:00,1.1626555919647217,1.1626555919647217,1.1623852252960205,1.1623852252960205,0.0
2026-06-04 18:00:00,1.1623852252960205,1.162520408630371,1.1617100238800049,1.1618449687957764,0.0
2026-06-04 19:00:00,1.1618449687957764,1.1619800329208374,1.161440134048462,1.1615750789642334,0.0
2026-06-04 20:00:00,1.1615750789642334,1.1617100238800049,1.161170482635498,1.161440134048462,0.0
2026-06-04 21:00:00,1.161440134048462,1.1621150970458984,1.161440134048462,1.1615750789642334,0.0
2026-06-04 22:00:00,1.1615750789642334,1.1617100238800049,1.161440134048462,1.1615750789642334,0.0
2026-06-04 23:00:00,1.1615750789642334,1.1617100238800049,1.1615750789642334,1.1615750789642334,0.0
2026-06-05 00:00:00,1.1615750789642334,1.1617100238800049,1.161440134048462,1.1617100238800049,0.0
2026-06-05 01:00:00,1.1615750789642334,1.1618449687957764,1.16130530834198,1.1617100238800049,0.0
2026-06-05 02:00:00,1.1617100238800049,1.1619800329208374,1.1615750789642334,1.1618449687957764,0.0
2026-06-05 03:00:00,1.1617100238800049,1.1618449687957764,1.1617100238800049,1.1618449687957764,0.0
2026-06-05 04:00:00,1.1618449687957764,1.1619800329208374,1.1617100238800049,1.1619800329208374,0.0
2026-06-05 05:00:00,1.1619800329208374,1.16225004196167,1.1618449687957764,1.1619800329208374,0.0
2026-06-05 06:00:00,1.1618449687957764,1.1626555919647217,1.1617100238800049,1.162520408630371,0.0
2026-06-05 07:00:00,1.1626555919647217,1.1640088558197021,1.1626555919647217,1.163602590560913,0.0
2026-06-05 08:00:00,1.1637378931045532,1.1642799377441406,1.1637378931045532,1.1640088558197021,0.0
2026-06-05 09:00:00,1.163873314857483,1.164686679840088,1.163873314857483,1.1642799377441406,0.0
2026-06-05 10:00:00,1.1642799377441406,1.164686679840088,1.1641442775726318,1.1644154787063599,0.0
2026-06-05 11:00:00,1.1644154787063599,1.1645511388778687,1.1637378931045532,1.1644154787063599,0.0
2026-06-05 12:00:00,1.1645511388778687,1.1645511388778687,1.1590172052383423,1.1590172052383423,0.0
2026-06-05 13:00:00,1.1590172052383423,1.160092830657959,1.1575413942337036,1.1575413942337036,0.0
2026-06-05 14:00:00,1.1574074029922485,1.1582117080688477,1.155401587486267,1.156203031539917,0.0
2026-06-05 15:00:00,1.156203031539917,1.156203031539917,1.1535356044769287,1.1535356044769287,0.0
2026-06-05 16:00:00,1.15340256690979,1.1535356044769287,1.1526048183441162,1.1535356044769287,0.0
2026-06-05 17:00:00,1.1535356044769287,1.1535356044769287,1.152339220046997,1.1527377367019653,0.0
2026-06-05 18:00:00,1.1527377367019653,1.1530035734176636,1.152339220046997,1.1526048183441162,0.0
2026-06-05 19:00:00,1.1526048183441162,1.1530035734176636,1.1522064208984375,1.1528706550598145,0.0
2026-06-05 20:00:00,1.1528706550598145,1.1528706550598145,1.1522064208984375,1.1527377367019653,0.0
2026-06-05 21:00:00,1.1527377367019653,1.1527377367019653,1.1527377367019653,1.1527377367019653,0.0
2026-06-07 23:00:00,1.1518083810806274,1.1526048183441162,1.1518083810806274,1.1526048183441162,0.0
2026-06-08 00:00:00,1.1526048183441162,1.1535356044769287,1.1524720191955566,1.1535356044769287,0.0
2026-06-08 01:00:00,1.1536686420440674,1.1538017988204956,1.151543140411377,1.1528706550598145,0.0
2026-06-08 02:00:00,1.1530035734176636,1.15340256690979,1.1524720191955566,1.1532695293426514,0.0
2026-06-08 03:00:00,1.1532695293426514,1.1535356044769287,1.1530035734176636,1.1535356044769287,0.0
2026-06-08 04:00:00,1.1535356044769287,1.1536686420440674,1.15340256690979,1.15340256690979,0.0
2026-06-08 05:00:00,1.1535356044769287,1.154334545135498,1.1520737409591675,1.1522064208984375,0.0
2026-06-08 06:00:00,1.1522064208984375,1.1527377367019653,1.1516757011413574,1.1519410610198975,0.0
2026-06-08 07:00:00,1.1519410610198975,1.1530035734176636,1.1518083810806274,1.1520737409591675,0.0
2026-06-08 08:00:00,1.1519410610198975,1.1524720191955566,1.1512778997421265,1.151410460472107,0.0
2026-06-08 09:00:00,1.151145339012146,1.1516757011413574,1.15035080909729,1.1516757011413574,0.0
2026-06-08 10:00:00,1.151543140411377,1.1531364917755127,1.151410460472107,1.1528706550598145,0.0
2026-06-08 11:00:00,1.1527377367019653,1.1546010971069336,1.1527377367019653,1.1539349555969238,0.0
2026-06-08 12:00:00,1.154068112373352,1.1547343730926514,1.1539349555969238,1.1544678211212158,0.0
2026-06-08 13:00:00,1.1546010971069336,1.1558021306991577,1.1544678211212158,1.1546010971069336,0.0
2026-06-08 14:00:00,1.1544678211212158,1.1547343730926514,1.1536686420440674,1.1544678211212158,0.0
2026-06-08 15:00:00,1.1547343730926514,1.155001163482666,1.154068112373352,1.1548677682876587,0.0
2026-06-08 16:00:00,1.1547343730926514,1.1548677682876587,1.154334545135498,1.154334545135498,0.0
2026-06-08 17:00:00,1.154334545135498,1.1544678211212158,1.1539349555969238,1.1542012691497803,0.0
2026-06-08 18:00:00,1.1542012691497803,1.1546010971069336,1.1532695293426514,1.1532695293426514,0.0
2026-06-08 19:00:00,1.1531364917755127,1.1538017988204956,1.1531364917755127,1.15340256690979,0.0
2026-06-08 20:00:00,1.15340256690979,1.1536686420440674,1.15340256690979,1.1535356044769287,0.0
2026-06-08 21:00:00,1.1536686420440674,1.154334545135498,1.1531364917755127,1.154068112373352,0.0
2026-06-08 22:00:00,1.1538017988204956,1.1538017988204956,1.1535356044769287,1.1536686420440674,0.0
2026-06-08 23:00:00,1.1536686420440674,1.1538017988204956,1.1531364917755127,1.1531364917755127,0.0
2026-06-09 00:00:00,1.1531364917755127,1.15340256690979,1.1531364917755127,1.15340256690979,0.0
2026-06-09 01:00:00,1.15340256690979,1.1542012691497803,1.15340256690979,1.1542012691497803,0.0
2026-06-09 02:00:00,1.154334545135498,1.154334545135498,1.154068112373352,1.154068112373352,0.0
2026-06-09 03:00:00,1.154068112373352,1.154334545135498,1.1538017988204956,1.154068112373352,0.0
2026-06-09 04:00:00,1.1542012691497803,1.1551345586776733,1.154068112373352,1.1548677682876587,0.0
2026-06-09 05:00:00,1.1548677682876587,1.1551345586776733,1.154334545135498,1.1547343730926514,0.0
2026-06-09 06:00:00,1.1547343730926514,1.1555349826812744,1.1547343730926514,1.1547343730926514,0.0
2026-06-09 07:00:00,1.1548677682876587,1.1548677682876587,1.154068112373352,1.154334545135498,0.0
2026-06-09 08:00:00,1.1542012691497803,1.1555349826812744,1.154068112373352,1.155401587486267,0.0
2026-06-09 09:00:00,1.155401587486267,1.1566041707992554,1.155401587486267,1.1564704179763794,0.0
2026-06-09 10:00:00,1.1564704179763794,1.157273530960083,1.1564704179763794,1.1568717956542969,0.0
2026-06-09 11:00:00,1.1568717956542969,1.1576753854751587,1.1568717956542969,1.1575413942337036,0.0
2026-06-09 12:00:00,1.1576753854751587,1.1578094959259033,1.157273530960083,1.1578094959259033,0.0
2026-06-09 13:00:00,1.1579434871673584,1.158077597618103,1.156738042831421,1.157139539718628,0.0
2026-06-09 14:00:00,1.157139539718628,1.1576753854751587,1.156336784362793,1.1566041707992554,0.0
2026-06-09 15:00:00,1.1566041707992554,1.1570056676864624,1.155001163482666,1.1559356451034546,0.0
2026-06-09 16:00:00,1.1559356451034546,1.1560693979263306,1.1532695293426514,1.1542012691497803,0.0
2026-06-09 17:00:00,1.1544678211212158,1.1555349826812744,1.1544678211212158,1.1551345586776733,0.0
2026-06-09 18:00:00,1.1551345586776733,1.1556684970855713,1.155001163482666,1.1552680730819702,0.0
2026-06-09 19:00:00,1.1552680730819702,1.1552680730819702,1.154334545135498,1.1544678211212158,0.0
2026-06-09 20:00:00,1.1544678211212158,1.1548677682876587,1.1544678211212158,1.1547343730926514,0.0
2026-06-09 21:00:00,1.1546010971069336,1.1551345586776733,1.1539349555969238,1.1542012691497803,0.0
2026-06-09 22:00:00,1.1542012691497803,1.1544678211212158,1.1539349555969238,1.154068112373352,0.0
2026-06-09 23:00:00,1.1539349555969238,1.1542012691497803,1.1538017988204956,1.1538017988204956,0.0
2026-06-10 00:00:00,1.1538017988204956,1.1546010971069336,1.1536686420440674,1.1546010971069336,0.0
2026-06-10 01:00:00,1.1544678211212158,1.1546010971069336,1.1539349555969238,1.154068112373352,0.0
2026-06-10 02:00:00,1.1542012691497803,1.1547343730926514,1.154068112373352,1.1546010971069336,0.0
2026-06-10 03:00:00,1.1546010971069336,1.155401587486267,1.1546010971069336,1.155401587486267,0.0
2026-06-10 04:00:00,1.155401587486267,1.155401587486267,1.1548677682876587,1.1548677682876587,0.0
2026-06-10 05:00:00,1.155001163482666,1.1558021306991577,1.1548677682876587,1.1556684970855713,0.0
2026-06-10 06:00:00,1.1558021306991577,1.1560693979263306,1.155401587486267,1.155401587486267,0.0
2026-06-10 07:00:00,1.1551345586776733,1.156203031539917,1.1551345586776733,1.1556684970855713,0.0
2026-06-10 08:00:00,1.1556684970855713,1.1556684970855713,1.1552680730819702,1.1555349826812744,0.0
2026-06-10 09:00:00,1.1556684970855713,1.156203031539917,1.155401587486267,1.1560693979263306,0.0
2026-06-10 10:00:00,1.1560693979263306,1.156203031539917,1.1555349826812744,1.1555349826812744,0.0
2026-06-10 11:00:00,1.1555349826812744,1.1555349826812744,1.1539349555969238,1.154068112373352,0.0
2026-06-10 12:00:00,1.154068112373352,1.1566041707992554,1.1539349555969238,1.155401587486267,0.0
2026-06-10 13:00:00,1.1552680730819702,1.1575413942337036,1.1551345586776733,1.1566041707992554,0.0
2026-06-10 14:00:00,1.1564704179763794,1.1570056676864624,1.155401587486267,1.1555349826812744,0.0
2026-06-10 15:00:00,1.1555349826812744,1.1559356451034546,1.1547343730926514,1.1551345586776733,0.0
2026-06-10 16:00:00,1.155401587486267,1.156203031539917,1.155401587486267,1.1556684970855713,0.0
2026-06-10 17:00:00,1.1556684970855713,1.1559356451034546,1.1548677682876587,1.1556684970855713,0.0
2026-06-10 18:00:00,1.1556684970855713,1.1560693979263306,1.1551345586776733,1.1552680730819702,0.0
2026-06-10 19:00:00,1.1551345586776733,1.1551345586776733,1.1544678211212158,1.1544678211212158,0.0
2026-06-10 20:00:00,1.1544678211212158,1.1544678211212158,1.1538017988204956,1.1539349555969238,0.0
2026-06-10 21:00:00,1.1539349555969238,1.1551345586776733,1.1538017988204956,1.1538017988204956,0.0
2026-06-10 22:00:00,1.1538017988204956,1.1539349555969238,1.1531364917755127,1.1535356044769287,0.0
2026-06-10 23:00:00,1.1532695293426514,1.154068112373352,1.1530035734176636,1.1538017988204956,0.0
2026-06-11 00:00:00,1.1539349555969238,1.1546010971069336,1.1539349555969238,1.1546010971069336,0.0
2026-06-11 01:00:00,1.1547343730926514,1.1559356451034546,1.1546010971069336,1.1556684970855713,0.0
2026-06-11 02:00:00,1.1556684970855713,1.1556684970855713,1.155001163482666,1.1551345586776733,0.0
2026-06-11 03:00:00,1.1551345586776733,1.1552680730819702,1.1547343730926514,1.1548677682876587,0.0
2026-06-11 04:00:00,1.1548677682876587,1.155401587486267,1.1546010971069336,1.1551345586776733,0.0
2026-06-11 05:00:00,1.1551345586776733,1.155401587486267,1.1548677682876587,1.1551345586776733,0.0
2026-06-11 06:00:00,1.155001163482666,1.1551345586776733,1.1544678211212158,1.1544678211212158,0.0
2026-06-11 07:00:00,1.1546010971069336,1.1558021306991577,1.1544678211212158,1.1548677682876587,0.0
2026-06-11 08:00:00,1.1548677682876587,1.1548677682876587,1.1535356044769287,1.1536686420440674,0.0
2026-06-11 09:00:00,1.1535356044769287,1.154068112373352,1.15340256690979,1.1538017988204956,0.0
2026-06-11 10:00:00,1.1538017988204956,1.1538017988204956,1.1527377367019653,1.15340256690979,0.0
2026-06-11 11:00:00,1.1535356044769287,1.154334545135498,1.1535356044769287,1.1542012691497803,0.0
2026-06-11 12:00:00,1.1542012691497803,1.1544678211212158,1.152339220046997,1.154334545135498,0.0
2026-06-11 13:00:00,1.1542012691497803,1.1542012691497803,1.1522064208984375,1.15340256690979,0.0
2026-06-11 14:00:00,1.15340256690979,1.15340256690979,1.1519410610198975,1.1520737409591675,0.0
2026-06-11 15:00:00,1.152339220046997,1.1527377367019653,1.1518083810806274,1.1518083810806274,0.0
2026-06-11 16:00:00,1.1518083810806274,1.1519410610198975,1.151145339012146,1.1512778997421265,0.0
2026-06-11 17:00:00,1.1512778997421265,1.1566041707992554,1.1506155729293823,1.1555349826812744,0.0
2026-06-11 18:00:00,1.1555349826812744,1.1568717956542969,1.1546010971069336,1.1564704179763794,0.0
2026-06-11 19:00:00,1.1564704179763794,1.1588828563690186,1.1564704179763794,1.1582117080688477,0.0
2026-06-11 20:00:00,1.1582117080688477,1.1586142778396606,1.1579434871673584,1.1582117080688477,0.0
2026-06-11 21:00:00,1.158077597618103,1.1586142778396606,1.1576753854751587,1.1582117080688477,0.0
2026-06-11 22:00:00,1.1582117080688477,1.1587486267089844,1.1576753854751587,1.1586142778396606,0.0
2026-06-11 23:00:00,1.1587486267089844,1.1588828563690186,1.1578094959259033,1.1578094959259033,0.0
2026-06-12 00:00:00,1.1579434871673584,1.1579434871673584,1.1570056676864624,1.157139539718628,0.0
2026-06-12 01:00:00,1.157273530960083,1.157273530960083,1.1564704179763794,1.1566041707992554,0.0
2026-06-12 02:00:00,1.1566041707992554,1.157273530960083,1.1566041707992554,1.1570056676864624,0.0
2026-06-12 03:00:00,1.1570056676864624,1.1578094959259033,1.1568717956542969,1.1575413942337036,0.0
2026-06-12 04:00:00,1.1575413942337036,1.1578094959259033,1.157273530960083,1.1574074029922485,0.0
2026-06-12 05:00:00,1.1575413942337036,1.1575413942337036,1.156203031539917,1.156203031539917,0.0
2026-06-12 06:00:00,1.156336784362793,1.1576753854751587,1.156336784362793,1.1576753854751587,0.0
2026-06-12 07:00:00,1.1575413942337036,1.1575413942337036,1.1560693979263306,1.1570056676864624,0.0
2026-06-12 08:00:00,1.1570056676864624,1.1587486267089844,1.1570056676864624,1.158077597618103,0.0
2026-06-12 09:00:00,1.158077597618103,1.1592857837677002,1.1576753854751587,1.1588828563690186,0.0
2026-06-12 10:00:00,1.1587486267089844,1.1588828563690186,1.1575413942337036,1.1576753854751587,0.0
2026-06-12 11:00:00,1.1578094959259033,1.1583458185195923,1.1575413942337036,1.1575413942337036,0.0
2026-06-12 12:00:00,1.1574074029922485,1.1575413942337036,1.1564704179763794,1.156738042831421,0.0
2026-06-12 13:00:00,1.156738042831421,1.158077597618103,1.1566041707992554,1.157273530960083,0.0
2026-06-12 14:00:00,1.157139539718628,1.158077597618103,1.157139539718628,1.1579434871673584,0.0
2026-06-12 15:00:00,1.1575413942337036,1.1586142778396606,1.1575413942337036,1.1576753854751587,0.0
2026-06-12 16:00:00,1.1576753854751587,1.1578094959259033,1.157273530960083,1.1578094959259033,0.0
2026-06-12 17:00:00,1.1579434871673584,1.158077597618103,1.1575413942337036,1.1578094959259033,0.0
2026-06-12 18:00:00,1.1578094959259033,1.1582117080688477,1.1575413942337036,1.1579434871673584,0.0
2026-06-12 19:00:00,1.1576753854751587,1.158077597618103,1.157273530960083,1.1574074029922485,0.0
2026-06-12 20:00:00,1.1574074029922485,1.1574074029922485,1.1570056676864624,1.157139539718628,0.0
2026-06-12 21:00:00,1.157139539718628,1.157273530960083,1.157139539718628,1.157273530960083,0.0
2026-06-14 23:00:00,1.161170482635498,1.161170482635498,1.1606314182281494,1.1606314182281494,0.0
2026-06-15 00:00:00,1.1609008312225342,1.161440134048462,1.1602274179458618,1.1602274179458618,0.0
2026-06-15 01:00:00,1.160092830657959,1.160496711730957,1.1598236560821533,1.160092830657959,0.0
2026-06-15 02:00:00,1.1602274179458618,1.1603620052337646,1.1598236560821533,1.1602274179458618,0.0
2026-06-15 03:00:00,1.1603620052337646,1.1607661247253418,1.1602274179458618,1.1607661247253418,0.0
2026-06-15 04:00:00,1.1607661247253418,1.1617100238800049,1.1606314182281494,1.1615750789642334,0.0
2026-06-15 05:00:00,1.1617100238800049,1.1623852252960205,1.1617100238800049,1.1619800329208374,0.0
2026-06-15 06:00:00,1.1621150970458984,1.1621150970458984,1.1603620052337646,1.1609008312225342,0.0
2026-06-15 07:00:00,1.1607661247253418,1.161440134048462,1.1606314182281494,1.1610356569290161,0.0
2026-06-15 08:00:00,1.1609008312225342,1.16130530834198,1.160092830657959,1.160496711730957,0.0
2026-06-15 09:00:00,1.160496711730957,1.16130530834198,1.160496711730957,1.1609008312225342,0.0
2026-06-15 10:00:00,1.1609008312225342,1.1617100238800049,1.1607661247253418,1.16130530834198,0.0
2026-06-15 11:00:00,1.1615750789642334,1.1617100238800049,1.1609008312225342,1.16130530834198,0.0
2026-06-15 12:00:00,1.16130530834198,1.1621150970458984,1.1607661247253418,1.1618449687957764,0.0
2026-06-15 13:00:00,1.1617100238800049,1.1623852252960205,1.1617100238800049,1.1619800329208374,0.0
2026-06-15 14:00:00,1.1619800329208374,1.1621150970458984,1.1609008312225342,1.16130530834198,0.0
2026-06-15 15:00:00,1.1609008312225342,1.1610356569290161,1.160092830657959,1.1602274179458618,0.0
2026-06-15 16:00:00,1.160092830657959,1.1609008312225342,1.160092830657959,1.1607661247253418,0.0
2026-06-15 17:00:00,1.1607661247253418,1.1607661247253418,1.1602274179458618,1.1602274179458618,0.0
2026-06-15 18:00:00,1.1602274179458618,1.160496711730957,1.1598236560821533,1.1598236560821533,0.0
2026-06-15 19:00:00,1.1599582433700562,1.1599582433700562,1.1588828563690186,1.1588828563690186,0.0
2026-06-15 20:00:00,1.1587486267089844,1.1592857837677002,1.1587486267089844,1.159151554107666,0.0
2026-06-15 21:00:00,1.15968918800354,1.1603620052337646,1.1590172052383423,1.1594202518463135,0.0
2026-06-15 22:00:00,1.159151554107666,1.1594202518463135,1.1588828563690186,1.159151554107666,0.0
2026-06-15 23:00:00,1.159151554107666,1.15968918800354,1.159151554107666,1.1594202518463135,0.0
2026-06-16 00:00:00,1.1595547199249268,1.15968918800354,1.159151554107666,1.15968918800354,0.0
2026-06-16 01:00:00,1.15968918800354,1.1598236560821533,1.1590172052383423,1.159151554107666,0.0
2026-06-16 02:00:00,1.1590172052383423,1.159151554107666,1.1586142778396606,1.159151554107666,0.0
2026-06-16 03:00:00,1.1590172052383423,1.159151554107666,1.1588828563690186,1.1590172052383423,0.0
2026-06-16 04:00:00,1.1590172052383423,1.1590172052383423,1.1579434871673584,1.1582117080688477,0.0
2026-06-16 05:00:00,1.1582117080688477,1.1583458185195923,1.1579434871673584,1.1579434871673584,0.0
2026-06-16 06:00:00,1.1579434871673584,1.1590172052383423,1.1578094959259033,1.1590172052383423,0.0
2026-06-16 07:00:00,1.1588828563690186,1.1598236560821533,1.1588828563690186,1.1598236560821533,0.0
2026-06-16 08:00:00,1.1598236560821533,1.1610356569290161,1.15968918800354,1.1609008312225342,0.0
2026-06-16 09:00:00,1.1610356569290161,1.16130530834198,1.1603620052337646,1.160496711730957,0.0
2026-06-16 10:00:00,1.160496711730957,1.1615750789642334,1.1603620052337646,1.1615750789642334,0.0
2026-06-16 11:00:00,1.161440134048462,1.161440134048462,1.160092830657959,1.1602274179458618,0.0
2026-06-16 12:00:00,1.1602274179458618,1.160496711730957,1.1595547199249268,1.1603620052337646,0.0
2026-06-16 13:00:00,1.1603620052337646,1.1606314182281494,1.1595547199249268,1.1595547199249268,0.0
2026-06-16 14:00:00,1.1599582433700562,1.161170482635498,1.159151554107666,1.1610356569290161,0.0
2026-06-16 15:00:00,1.1610356569290161,1.1621150970458984,1.1603620052337646,1.1617100238800049,0.0
2026-06-16 16:00:00,1.1617100238800049,1.16225004196167,1.1615750789642334,1.1617100238800049,0.0
2026-06-16 17:00:00,1.1615750789642334,1.1617100238800049,1.161440134048462,1.161440134048462,0.0
2026-06-16 18:00:00,1.1615750789642334,1.1617100238800049,1.1610356569290161,1.161440134048462,0.0
2026-06-16 19:00:00,1.1615750789642334,1.1617100238800049,1.1610356569290161,1.161170482635498,0.0
2026-06-16 20:00:00,1.1610356569290161,1.16130530834198,1.1610356569290161,1.16130530834198,0.0
2026-06-16 21:00:00,1.161170482635498,1.1618449687957764,1.1610356569290161,1.161170482635498,0.0
2026-06-16 22:00:00,1.161440134048462,1.1617100238800049,1.16130530834198,1.1615750789642334,0.0
2026-06-16 23:00:00,1.1615750789642334,1.1618449687957764,1.16130530834198,1.16130530834198,0.0
2026-06-17 00:00:00,1.16130530834198,1.1619800329208374,1.16130530834198,1.1618449687957764,0.0
2026-06-17 01:00:00,1.1617100238800049,1.1619800329208374,1.161440134048462,1.1615750789642334,0.0
2026-06-17 02:00:00,1.1615750789642334,1.1618449687957764,1.16130530834198,1.16130530834198,0.0
2026-06-17 03:00:00,1.16130530834198,1.1615750789642334,1.16130530834198,1.161440134048462,0.0
2026-06-17 04:00:00,1.16130530834198,1.1617100238800049,1.16130530834198,1.1615750789642334,0.0
2026-06-17 05:00:00,1.1615750789642334,1.1618449687957764,1.161440134048462,1.1615750789642334,0.0
2026-06-17 06:00:00,1.161440134048462,1.1618449687957764,1.1607661247253418,1.161170482635498,0.0
2026-06-17 07:00:00,1.161170482635498,1.1618449687957764,1.1607661247253418,1.161170482635498,0.0
2026-06-17 08:00:00,1.1610356569290161,1.1610356569290161,1.1602274179458618,1.160496711730957,0.0
2026-06-17 09:00:00,1.160496711730957,1.1609008312225342,1.160496711730957,1.1607661247253418,0.0
2026-06-17 10:00:00,1.1606314182281494,1.1607661247253418,1.1599582433700562,1.160092830657959,0.0
2026-06-17 11:00:00,1.1599582433700562,1.1599582433700562,1.1588828563690186,1.1594202518463135,0.0
2026-06-17 12:00:00,1.1595547199249268,1.1606314182281494,1.1594202518463135,1.1606314182281494,0.0
2026-06-17 13:00:00,1.160496711730957,1.1606314182281494,1.1599582433700562,1.160092830657959,0.0
2026-06-17 14:00:00,1.160092830657959,1.160092830657959,1.1587486267089844,1.1592857837677002,0.0
2026-06-17 15:00:00,1.159151554107666,1.15968918800354,1.1590172052383423,1.1595547199249268,0.0
2026-06-17 16:00:00,1.1595547199249268,1.1595547199249268,1.1592857837677002,1.1595547199249268,0.0
2026-06-17 17:00:00,1.1594202518463135,1.1599582433700562,1.1592857837677002,1.1599582433700562,0.0
2026-06-17 18:00:00,1.1552680730819702,1.1566041707992554,1.154068112373352,1.1542012691497803,0.0
2026-06-17 19:00:00,1.154334545135498,1.154334545135498,1.1482374668121338,1.1496896743774414,0.0
2026-06-17 20:00:00,1.1500862836837769,1.1508804559707642,1.1490291357040405,1.150483250617981,0.0
2026-06-17 21:00:00,1.1508804559707642,1.151012897491455,1.1502184867858887,1.1506155729293823,0.0
2026-06-17 22:00:00,1.1506155729293823,1.151012897491455,1.15035080909729,1.1508804559707642,0.0
2026-06-17 23:00:00,1.1507480144500732,1.151145339012146,1.1507480144500732,1.151012897491455,0.0
2026-06-18 00:00:00,1.1512778997421265,1.152339220046997,1.1512778997421265,1.1519410610198975,0.0
2026-06-18 01:00:00,1.1519410610198975,1.1526048183441162,1.1519410610198975,1.1519410610198975,0.0
2026-06-18 02:00:00,1.1520737409591675,1.1526048183441162,1.1516757011413574,1.1522064208984375,0.0
2026-06-18 03:00:00,1.1522064208984375,1.1527377367019653,1.1520737409591675,1.1527377367019653,0.0
2026-06-18 04:00:00,1.1528706550598145,1.1528706550598145,1.1524720191955566,1.1526048183441162,0.0
2026-06-18 05:00:00,1.1526048183441162,1.1527377367019653,1.151410460472107,1.151410460472107,0.0
2026-06-18 06:00:00,1.1516757011413574,1.1531364917755127,1.1516757011413574,1.152339220046997,0.0
2026-06-18 07:00:00,1.1522064208984375,1.152339220046997,1.151012897491455,1.151543140411377,0.0
2026-06-18 08:00:00,1.151543140411377,1.1516757011413574,1.1486331224441528,1.1486331224441528,0.0
2026-06-18 09:00:00,1.1482374668121338,1.1488970518112183,1.1478420495986938,1.1481056213378906,0.0
2026-06-18 10:00:00,1.1479737758636475,1.1479737758636475,1.1462632417678833,1.1463946104049683,0.0
2026-06-18 11:00:00,1.1465259790420532,1.1469204425811768,1.145737886428833,1.1461317539215088,0.0
2026-06-18 12:00:00,1.1458691358566284,1.148369312286377,1.145737886428833,1.147315263748169,0.0
2026-06-18 13:00:00,1.1471836566925049,1.1486331224441528,1.1466574668884277,1.147446870803833,0.0
2026-06-18 14:00:00,1.1475785970687866,1.1490291357040405,1.1470520496368408,1.1488970518112183,0.0
2026-06-18 15:00:00,1.1490291357040405,1.1490291357040405,1.147315263748169,1.147315263748169,0.0
2026-06-18 16:00:00,1.147446870803833,1.147446870803833,1.1465259790420532,1.1469204425811768,0.0
2026-06-18 17:00:00,1.1467890739440918,1.1477103233337402,1.1465259790420532,1.1465259790420532,0.0
2026-06-18 18:00:00,1.1465259790420532,1.1469204425811768,1.1462632417678833,1.1463946104049683,0.0
2026-06-18 19:00:00,1.1462632417678833,1.1465259790420532,1.1454753875732422,1.1461317539215088,0.0
2026-06-18 20:00:00,1.1460003852844238,1.1466574668884277,1.1460003852844238,1.1460003852844238,0.0
2026-06-18 21:00:00,1.1461317539215088,1.1471836566925049,1.1454753875732422,1.1463946104049683,0.0
2026-06-18 22:00:00,1.1463946104049683,1.1467890739440918,1.1462632417678833,1.1466574668884277,0.0
2026-06-18 23:00:00,1.1465259790420532,1.1465259790420532,1.1461317539215088,1.1461317539215088,0.0
2026-06-19 00:00:00,1.1465259790420532,1.1467890739440918,1.1463946104049683,1.1466574668884277,0.0
2026-06-19 01:00:00,1.1466574668884277,1.1466574668884277,1.1456066370010376,1.1456066370010376,0.0
2026-06-19 02:00:00,1.1456066370010376,1.1461317539215088,1.1454753875732422,1.145737886428833,0.0
2026-06-19 03:00:00,1.145737886428833,1.145737886428833,1.1445575952529907,1.1445575952529907,0.0
2026-06-19 04:00:00,1.1445575952529907,1.144688606262207,1.1431183815002441,1.1432491540908813,0.0
2026-06-19 05:00:00,1.1431183815002441,1.1436413526535034,1.1422044038772583,1.143379807472229,0.0
2026-06-19 06:00:00,1.1435105800628662,1.1445575952529907,1.1435105800628662,1.1445575952529907,0.0
2026-06-19 07:00:00,1.144688606262207,1.145213007926941,1.1445575952529907,1.1449507474899292,0.0
2026-06-19 08:00:00,1.145213007926941,1.1469204425811768,1.145213007926941,1.1467890739440918,0.0
2026-06-19 09:00:00,1.1466574668884277,1.1469204425811768,1.1462632417678833,1.1463946104049683,0.0
2026-06-19 10:00:00,1.1463946104049683,1.1467890739440918,1.1456066370010376,1.1467890739440918,0.0
2026-06-19 11:00:00,1.1466574668884277,1.1470520496368408,1.1462632417678833,1.1463946104049683,0.0
2026-06-19 12:00:00,1.1465259790420532,1.1477103233337402,1.1465259790420532,1.147446870803833,0.0
2026-06-19 13:00:00,1.147446870803833,1.1475785970687866,1.1461317539215088,1.1466574668884277,0.0
2026-06-19 14:00:00,1.1465259790420532,1.147315263748169,1.1461317539215088,1.1470520496368408,0.0
2026-06-19 15:00:00,1.147315263748169,1.1477103233337402,1.1466574668884277,1.1466574668884277,0.0
2026-06-19 16:00:00,1.1466574668884277,1.147315263748169,1.1465259790420532,1.147315263748169,0.0
2026-06-19 17:00:00,1.147315263748169,1.1479737758636475,1.1471836566925049,1.1478420495986938,0.0
2026-06-19 18:00:00,1.1479737758636475,1.1485011577606201,1.1477103233337402,1.1479737758636475,0.0
2026-06-19 19:00:00,1.1479737758636475,1.148369312286377,1.1478420495986938,1.1481056213378906,0.0
2026-06-19 20:00:00,1.1478420495986938,1.1485011577606201,1.147315263748169,1.147315263748169,0.0
2026-06-19 21:00:00,1.1469204425811768,1.1469204425811768,1.1469204425811768,1.1469204425811768,0.0
2026-06-21 23:00:00,1.1466574668884277,1.1469204425811768,1.1461317539215088,1.1465259790420532,0.0
2026-06-22 00:00:00,1.1466574668884277,1.1469204425811768,1.1461317539215088,1.1469204425811768,0.0
2026-06-22 01:00:00,1.1471836566925049,1.1475785970687866,1.1467890739440918,1.1467890739440918,0.0
2026-06-22 02:00:00,1.1466574668884277,1.1470520496368408,1.1463946104049683,1.1469204425811768,0.0
2026-06-22 03:00:00,1.1469204425811768,1.1470520496368408,1.1458691358566284,1.1460003852844238,0.0
2026-06-22 04:00:00,1.1460003852844238,1.1460003852844238,1.1456066370010376,1.1458691358566284,0.0
2026-06-22 05:00:00,1.1458691358566284,1.1466574668884277,1.1458691358566284,1.1458691358566284,0.0
2026-06-22 06:00:00,1.1456066370010376,1.1465259790420532,1.1456066370010376,1.1462632417678833,0.0
2026-06-22 07:00:00,1.1463946104049683,1.1465259790420532,1.144819736480713,1.1449507474899292,0.0
2026-06-22 08:00:00,1.1449507474899292,1.145737886428833,1.1445575952529907,1.1453442573547363,0.0
2026-06-22 09:00:00,1.1453442573547363,1.1465259790420532,1.1453442573547363,1.1461317539215088,0.0
2026-06-22 10:00:00,1.1460003852844238,1.1466574668884277,1.1458691358566284,1.1458691358566284,0.0
2026-06-22 11:00:00,1.145737886428833,1.1460003852844238,1.145081877708435,1.145081877708435,0.0
2026-06-22 12:00:00,1.145213007926941,1.1465259790420532,1.145213007926941,1.1458691358566284,0.0
2026-06-22 13:00:00,1.145081877708435,1.145081877708435,1.1432491540908813,1.1432491540908813,0.0
2026-06-22 14:00:00,1.1432491540908813,1.1453442573547363,1.1428571939468384,1.144819736480713,0.0
2026-06-22 15:00:00,1.1449507474899292,1.1453442573547363,1.1435105800628662,1.1435105800628662,0.0
2026-06-22 16:00:00,1.1435105800628662,1.1435105800628662,1.1428571939468384,1.1435105800628662,0.0
2026-06-22 17:00:00,1.143379807472229,1.1436413526535034,1.1431183815002441,1.1432491540908813,0.0
2026-06-22 18:00:00,1.1432491540908813,1.1435105800628662,1.1425960063934326,1.1425960063934326,0.0
2026-06-22 19:00:00,1.1428571939468384,1.1428571939468384,1.1422044038772583,1.1427265405654907,0.0
2026-06-22 20:00:00,1.1428571939468384,1.1432491540908813,1.1428571939468384,1.142987847328186,0.0
2026-06-22 21:00:00,1.1420739889144897,1.1437721252441406,1.1420739889144897,1.1431183815002441,0.0
2026-06-22 22:00:00,1.142987847328186,1.1432491540908813,1.1428571939468384,1.1431183815002441,0.0
2026-06-22 23:00:00,1.1431183815002441,1.1432491540908813,1.142987847328186,1.142987847328186,0.0
2026-06-23 00:00:00,1.1428571939468384,1.1431183815002441,1.1425960063934326,1.142987847328186,0.0
2026-06-23 01:00:00,1.1431183815002441,1.1431183815002441,1.1425960063934326,1.142987847328186,0.0
2026-06-23 02:00:00,1.142987847328186,1.1436413526535034,1.1428571939468384,1.142987847328186,0.0
2026-06-23 03:00:00,1.142987847328186,1.1432491540908813,1.1423349380493164,1.1432491540908813,0.0
2026-06-23 04:00:00,1.1432491540908813,1.143379807472229,1.1423349380493164,1.1423349380493164,0.0
2026-06-23 05:00:00,1.1423349380493164,1.1428571939468384,1.1423349380493164,1.1425960063934326,0.0
2026-06-23 06:00:00,1.1425960063934326,1.1432491540908813,1.1423349380493164,1.1427265405654907,0.0
2026-06-23 07:00:00,1.1427265405654907,1.144164800643921,1.141291856765747,1.1415525674819946,0.0
2026-06-23 08:00:00,1.1415525674819946,1.1419435739517212,1.1407711505889893,1.1411616802215576,0.0
2026-06-23 09:00:00,1.1410315036773682,1.141422152519226,1.1410315036773682,1.141422152519226,0.0
2026-06-23 10:00:00,1.1415525674819946,1.1415525674819946,1.1399909257888794,1.140380859375,0.0
2026-06-23 11:00:00,1.1405109167099,1.1405109167099,1.1388224363327026,1.1388224363327026,0.0
2026-06-23 12:00:00,1.1389521360397339,1.1398608684539795,1.1386927366256714,1.139211654663086,0.0
2026-06-23 13:00:00,1.139211654663086,1.1402509212493896,1.1388224363327026,1.139211654663086,0.0
2026-06-23 14:00:00,1.1393414735794067,1.1393414735794067,1.138044834136963,1.1385631561279297,0.0
2026-06-23 15:00:00,1.1385631561279297,1.1388224363327026,1.1379153728485107,1.1385631561279297,0.0
2026-06-23 16:00:00,1.1385631561279297,1.1386927366256714,1.1381744146347046,1.1383039951324463,0.0
2026-06-23 17:00:00,1.1381744146347046,1.1384334564208984,1.138044834136963,1.1383039951324463,0.0
2026-06-23 18:00:00,1.1383039951324463,1.1384334564208984,1.1379153728485107,1.1381744146347046,0.0
2026-06-23 19:00:00,1.1381744146347046,1.1385631561279297,1.1381744146347046,1.1383039951324463,0.0
2026-06-23 20:00:00,1.1381744146347046,1.1385631561279297,1.1381744146347046,1.1384334564208984,0.0
2026-06-23 21:00:00,1.1383039951324463,1.1389521360397339,1.1383039951324463,1.1388224363327026,0.0
2026-06-23 22:00:00,1.1386927366256714,1.1386927366256714,1.1381744146347046,1.1384334564208984,0.0
2026-06-23 23:00:00,1.1384334564208984,1.1386927366256714,1.1381744146347046,1.1383039951324463,0.0
2026-06-24 00:00:00,1.1381744146347046,1.1385631561279297,1.1376564502716064,1.1379153728485107,0.0
2026-06-24 01:00:00,1.1379153728485107,1.138044834136963,1.1373976469039917,1.1379153728485107,0.0
2026-06-24 02:00:00,1.1379153728485107,1.1379153728485107,1.1371389627456665,1.1371389627456665,0.0
2026-06-24 03:00:00,1.1371389627456665,1.1371389627456665,1.1364928483963013,1.1370097398757935,0.0
2026-06-24 04:00:00,1.1370097398757935,1.1370097398757935,1.1364928483963013,1.1366219520568848,0.0
2026-06-24 05:00:00,1.1366219520568848,1.1371389627456665,1.1366219520568848,1.1370097398757935,0.0
2026-06-24 06:00:00,1.1371389627456665,1.1377859115600586,1.1362345218658447,1.1362345218658447,0.0
2026-06-24 07:00:00,1.1362345218658447,1.1363636255264282,1.135589361190796,1.135589361190796,0.0
2026-06-24 08:00:00,1.135589361190796,1.1358473300933838,1.1341726779937744,1.135589361190796,0.0
2026-06-24 09:00:00,1.135589361190796,1.1357183456420898,1.1348161697387695,1.1350737810134888,0.0
2026-06-24 10:00:00,1.1349449157714844,1.1349449157714844,1.1341726779937744,1.134429931640625,0.0
2026-06-24 11:00:00,1.134429931640625,1.1352026462554932,1.1341726779937744,1.1341726779937744,0.0
2026-06-24 12:00:00,1.134429931640625,1.1348161697387695,1.1328877210617065,1.133144497871399,0.0
2026-06-24 13:00:00,1.1332728862762451,1.1349449157714844,1.1328877210617065,1.1348161697387695,0.0
2026-06-24 14:00:00,1.1346874237060547,1.1354604959487915,1.1339154243469238,1.134429931640625,0.0
2026-06-24 15:00:00,1.134429931640625,1.1363636255264282,1.134429931640625,1.1353315114974976,0.0
2026-06-24 16:00:00,1.1352026462554932,1.1370097398757935,1.1350737810134888,1.1362345218658447,0.0
2026-06-24 17:00:00,1.1363636255264282,1.1363636255264282,1.1352026462554932,1.1353315114974976,0.0
2026-06-24 18:00:00,1.1354604959487915,1.1363636255264282,1.1354604959487915,1.1357183456420898,0.0
2026-06-24 19:00:00,1.1359764337539673,1.1361054182052612,1.1354604959487915,1.1357183456420898,0.0
2026-06-24 20:00:00,1.135589361190796,1.1362345218658447,1.135589361190796,1.1361054182052612,0.0
2026-06-24 21:00:00,1.1353315114974976,1.1364928483963013,1.1353315114974976,1.1362345218658447,0.0
2026-06-24 22:00:00,1.1363636255264282,1.1363636255264282,1.1358473300933838,1.1358473300933838,0.0
2026-06-24 23:00:00,1.1358473300933838,1.1359764337539673,1.135589361190796,1.1357183456420898,0.0
2026-06-25 00:00:00,1.135589361190796,1.1357183456420898,1.1352026462554932,1.135589361190796,0.0
2026-06-25 01:00:00,1.1357183456420898,1.1370097398757935,1.1357183456420898,1.1361054182052612,0.0
2026-06-25 02:00:00,1.1361054182052612,1.1368803977966309,1.1361054182052612,1.1366219520568848,0.0
2026-06-25 03:00:00,1.1367511749267578,1.1373976469039917,1.1367511749267578,1.137268304824829,0.0
2026-06-25 04:00:00,1.1373976469039917,1.1373976469039917,1.1370097398757935,1.1371389627456665,0.0
2026-06-25 05:00:00,1.1370097398757935,1.1371389627456665,1.1363636255264282,1.1364928483963013,0.0
2026-06-25 06:00:00,1.1366219520568848,1.1367511749267578,1.135589361190796,1.1357183456420898,0.0
2026-06-25 07:00:00,1.1357183456420898,1.1362345218658447,1.1349449157714844,1.1362345218658447,0.0
2026-06-25 08:00:00,1.1363636255264282,1.1375269889831543,1.1363636255264282,1.1370097398757935,0.0
2026-06-25 09:00:00,1.1370097398757935,1.1375269889831543,1.1366219520568848,1.1366219520568848,0.0
2026-06-25 10:00:00,1.1364928483963013,1.1364928483963013,1.1346874237060547,1.1348161697387695,0.0
2026-06-25 11:00:00,1.1348161697387695,1.1348161697387695,1.1336582899093628,1.1340440511703491,0.0
2026-06-25 12:00:00,1.1340440511703491,1.1366219520568848,1.1340440511703491,1.135589361190796,0.0
2026-06-25 13:00:00,1.1358473300933838,1.1370097398757935,1.1353315114974976,1.1364928483963013,0.0
2026-06-25 14:00:00,1.1367511749267578,1.1384334564208984,1.1367511749267578,1.1377859115600586,0.0
2026-06-25 15:00:00,1.1379153728485107,1.1390818357467651,1.1377859115600586,1.1388224363327026,0.0
2026-06-25 16:00:00,1.1385631561279297,1.1389521360397339,1.1376564502716064,1.1377859115600586,0.0
2026-06-25 17:00:00,1.1376564502716064,1.138044834136963,1.1375269889831543,1.1377859115600586,0.0
2026-06-25 18:00:00,1.1377859115600586,1.1383039951324463,1.1373976469039917,1.1377859115600586,0.0
2026-06-25 19:00:00,1.1377859115600586,1.1381744146347046,1.137268304824829,1.1376564502716064,0.0
2026-06-25 20:00:00,1.1376564502716064,1.1377859115600586,1.137268304824829,1.137268304824829,0.0
2026-06-25 21:00:00,1.1370097398757935,1.1379153728485107,1.1366219520568848,1.1375269889831543,0.0
2026-06-25 22:00:00,1.1376564502716064,1.1376564502716064,1.1371389627456665,1.137268304824829,0.0
2026-06-25 23:00:00,1.137268304824829,1.137268304824829,1.1363636255264282,1.1364928483963013,0.0
2026-06-26 00:00:00,1.1364928483963013,1.1370097398757935,1.1364928483963013,1.1368803977966309,0.0
2026-06-26 01:00:00,1.1370097398757935,1.137268304824829,1.1361054182052612,1.1362345218658447,0.0
2026-06-26 02:00:00,1.1362345218658447,1.1366219520568848,1.1357183456420898,1.1362345218658447,0.0
2026-06-26 03:00:00,1.1362345218658447,1.1375269889831543,1.1362345218658447,1.1373976469039917,0.0
2026-06-26 04:00:00,1.1373976469039917,1.1379153728485107,1.137268304824829,1.1379153728485107,0.0
2026-06-26 05:00:00,1.138044834136963,1.1384334564208984,1.1379153728485107,1.1383039951324463,0.0
2026-06-26 06:00:00,1.1381744146347046,1.1384334564208984,1.1375269889831543,1.1379153728485107,0.0
2026-06-26 07:00:00,1.1377859115600586,1.139211654663086,1.1376564502716064,1.1390818357467651,0.0
2026-06-26 08:00:00,1.1390818357467651,1.1409013271331787,1.1386927366256714,1.1405109167099,0.0
2026-06-26 09:00:00,1.140380859375,1.1415525674819946,1.1399909257888794,1.1410315036773682,0.0
2026-06-26 10:00:00,1.1411616802215576,1.1411616802215576,1.140380859375,1.1407711505889893,0.0
2026-06-26 11:00:00,1.1409013271331787,1.1409013271331787,1.1398608684539795,1.1401208639144897,0.0
2026-06-26 12:00:00,1.1401208639144897,1.143379807472229,1.1401208639144897,1.143379807472229,0.0
2026-06-26 13:00:00,1.1431183815002441,1.1431183815002441,1.1416828632354736,1.1427265405654907,0.0
2026-06-26 14:00:00,1.1428571939468384,1.1428571939468384,1.1398608684539795,1.1398608684539795,0.0
2026-06-26 15:00:00,1.1396011114120483,1.1411616802215576,1.1396011114120483,1.1406410932540894,0.0
2026-06-26 16:00:00,1.1406410932540894,1.1406410932540894,1.1386927366256714,1.1393414735794067,0.0
2026-06-26 17:00:00,1.139211654663086,1.1396011114120483,1.1388224363327026,1.1389521360397339,0.0
2026-06-26 18:00:00,1.1389521360397339,1.1394712924957275,1.1389521360397339,1.1390818357467651,0.0
2026-06-26 19:00:00,1.1389521360397339,1.139211654663086,1.1384334564208984,1.1390818357467651,0.0
2026-06-26 20:00:00,1.1390818357467651,1.1394712924957275,1.1385631561279297,1.1390818357467651,0.0
2026-06-26 21:00:00,1.1389521360397339,1.1389521360397339,1.1389521360397339,1.1389521360397339,0.0
2026-06-28 23:00:00,1.1389521360397339,1.1390818357467651,1.1385631561279297,1.1389521360397339,0.0
2026-06-29 00:00:00,1.1389521360397339,1.139211654663086,1.1386927366256714,1.139211654663086,0.0
2026-06-29 01:00:00,1.1390818357467651,1.1393414735794067,1.1388224363327026,1.1388224363327026,0.0
2026-06-29 02:00:00,1.1388224363327026,1.1396011114120483,1.1388224363327026,1.139211654663086,0.0
2026-06-29 03:00:00,1.1390818357467651,1.1393414735794067,1.1388224363327026,1.1388224363327026,0.0
2026-06-29 04:00:00,1.1386927366256714,1.1388224363327026,1.1384334564208984,1.1385631561279297,0.0
2026-06-29 05:00:00,1.1385631561279297,1.1398608684539795,1.1385631561279297,1.1397310495376587,0.0
2026-06-29 06:00:00,1.1397310495376587,1.1418131589889526,1.1396011114120483,1.1418131589889526,0.0
2026-06-29 07:00:00,1.1415525674819946,1.1415525674819946,1.140380859375,1.1405109167099,0.0
2026-06-29 08:00:00,1.1406410932540894,1.1410315036773682,1.1396011114120483,1.1398608684539795,0.0
2026-06-29 09:00:00,1.1398608684539795,1.1405109167099,1.1398608684539795,1.1405109167099,0.0
2026-06-29 10:00:00,1.1406410932540894,1.1409013271331787,1.140380859375,1.1407711505889893,0.0
2026-06-29 11:00:00,1.1407711505889893,1.141422152519226,1.1402509212493896,1.141291856765747,0.0
2026-06-29 12:00:00,1.1411616802215576,1.1411616802215576,1.140380859375,1.1405109167099,0.0
2026-06-29 13:00:00,1.1406410932540894,1.141422152519226,1.140380859375,1.141291856765747,0.0
2026-06-29 14:00:00,1.141422152519226,1.1425960063934326,1.1409013271331787,1.1424654722213745,0.0
2026-06-29 15:00:00,1.1424654722213745,1.1428571939468384,1.1420739889144897,1.1425960063934326,0.0
2026-06-29 16:00:00,1.1427265405654907,1.143379807472229,1.1427265405654907,1.142987847328186,0.0
2026-06-29 17:00:00,1.142987847328186,1.1431183815002441,1.1424654722213745,1.142987847328186,0.0
2026-06-29 18:00:00,1.142987847328186,1.1432491540908813,1.1428571939468384,1.1428571939468384,0.0
2026-06-29 19:00:00,1.1428571939468384,1.142987847328186,1.1425960063934326,1.1428571939468384,0.0
2026-06-29 20:00:00,1.1428571939468384,1.142987847328186,1.1425960063934326,1.1427265405654907,0.0
2026-06-29 21:00:00,1.1425960063934326,1.1437721252441406,1.1424654722213745,1.142987847328186,0.0
2026-06-29 22:00:00,1.1425960063934326,1.1428571939468384,1.1425960063934326,1.1428571939468384,0.0
2026-06-29 23:00:00,1.1428571939468384,1.1428571939468384,1.1423349380493164,1.1423349380493164,0.0
2026-06-30 00:00:00,1.1422044038772583,1.1423349380493164,1.1415525674819946,1.1419435739517212,0.0
2026-06-30 01:00:00,1.1420739889144897,1.1420739889144897,1.1407711505889893,1.1407711505889893,0.0
2026-06-30 02:00:00,1.1407711505889893,1.1409013271331787,1.1406410932540894,1.1406410932540894,0.0
2026-06-30 03:00:00,1.1406410932540894,1.1409013271331787,1.1399909257888794,1.1402509212493896,0.0
2026-06-30 04:00:00,1.1401208639144897,1.1402509212493896,1.1393414735794067,1.1393414735794067,0.0
2026-06-30 05:00:00,1.139211654663086,1.1396011114120483,1.1386927366256714,1.1386927366256714,0.0
2026-06-30 06:00:00,1.1388224363327026,1.1406410932540894,1.1386927366256714,1.1406410932540894,0.0
2026-06-30 07:00:00,1.1406410932540894,1.1411616802215576,1.1401208639144897,1.1402509212493896,0.0
2026-06-30 08:00:00,1.1399909257888794,1.1401208639144897,1.1386927366256714,1.1396011114120483,0.0
2026-06-30 09:00:00,1.1394712924957275,1.1401208639144897,1.139211654663086,1.1401208639144897,0.0
2026-06-30 10:00:00,1.1399909257888794,1.1405109167099,1.1396011114120483,1.1405109167099,0.0
2026-06-30 11:00:00,1.1405109167099,1.1405109167099,1.1390818357467651,1.1396011114120483,0.0
2026-06-30 12:00:00,1.1396011114120483,1.1405109167099,1.139211654663086,1.1399909257888794,0.0
2026-06-30 13:00:00,1.1399909257888794,1.1409013271331787,1.1398608684539795,1.1401208639144897,0.0
2026-06-30 14:00:00,1.1399909257888794,1.1436413526535034,1.1396011114120483,1.1436413526535034,0.0
2026-06-30 15:00:00,1.1436413526535034,1.1436413526535034,1.1419435739517212,1.1419435739517212,0.0
2026-06-30 16:00:00,1.1420739889144897,1.1420739889144897,1.1415525674819946,1.1416828632354736,0.0
2026-06-30 17:00:00,1.1418131589889526,1.1425960063934326,1.1418131589889526,1.1424654722213745,0.0
2026-06-30 18:00:00,1.1424654722213745,1.142987847328186,1.1423349380493164,1.1425960063934326,0.0
2026-06-30 19:00:00,1.1423349380493164,1.142987847328186,1.1419435739517212,1.142987847328186,0.0
2026-06-30 20:00:00,1.142987847328186,1.142987847328186,1.1424654722213745,1.1424654722213745,0.0
2026-06-30 21:00:00,1.1424654722213745,1.1431183815002441,1.1420739889144897,1.1428571939468384,0.0
2026-06-30 22:00:00,1.1425960063934326,1.1425960063934326,1.1422044038772583,1.1423349380493164,0.0
2026-06-30 23:00:00,1.1423349380493164,1.1423349380493164,1.1415525674819946,1.1416828632354736,0.0
2026-07-01 00:00:00,1.1416828632354736,1.1416828632354736,1.1411616802215576,1.141422152519226,0.0
2026-07-01 01:00:00,1.141291856765747,1.141291856765747,1.1406410932540894,1.1407711505889893,0.0
2026-07-01 02:00:00,1.1407711505889893,1.1411616802215576,1.1406410932540894,1.1409013271331787,0.0
2026-07-01 03:00:00,1.1409013271331787,1.1411616802215576,1.1405109167099,1.1407711505889893,0.0
2026-07-01 04:00:00,1.1407711505889893,1.141422152519226,1.1406410932540894,1.141291856765747,0.0
2026-07-01 05:00:00,1.1411616802215576,1.141422152519226,1.1407711505889893,1.1409013271331787,0.0
2026-07-01 06:00:00,1.1409013271331787,1.1411616802215576,1.140380859375,1.1406410932540894,0.0
2026-07-01 07:00:00,1.1406410932540894,1.1406410932540894,1.1396011114120483,1.1405109167099,0.0
2026-07-01 08:00:00,1.1405109167099,1.1406410932540894,1.1397310495376587,1.1398608684539795,0.0
2026-07-01 09:00:00,1.1397310495376587,1.1402509212493896,1.1389521360397339,1.1390818357467651,0.0
2026-07-01 10:00:00,1.1390818357467651,1.1402509212493896,1.1389521360397339,1.1402509212493896,0.0
2026-07-01 11:00:00,1.1401208639144897,1.1401208639144897,1.1389521360397339,1.1389521360397339,0.0
2026-07-01 12:00:00,1.1389521360397339,1.1390818357467651,1.137268304824829,1.1375269889831543,0.0
2026-07-01 13:00:00,1.1373976469039917,1.141291856765747,1.1366219520568848,1.1397310495376587,0.0
2026-07-01 14:00:00,1.1401208639144897,1.1406410932540894,1.1389521360397339,1.1397310495376587,0.0
2026-07-01 15:00:00,1.1398608684539795,1.1398608684539795,1.1383039951324463,1.1386927366256714,0.0
2026-07-01 16:00:00,1.1386927366256714,1.1397310495376587,1.1383039951324463,1.1385631561279297,0.0
2026-07-01 17:00:00,1.1385631561279297,1.1389521360397339,1.1383039951324463,1.1384334564208984,0.0
2026-07-01 18:00:00,1.1384334564208984,1.1385631561279297,1.1379153728485107,1.1383039951324463,0.0
2026-07-01 19:00:00,1.1383039951324463,1.1384334564208984,1.138044834136963,1.1383039951324463,0.0
2026-07-01 20:00:00,1.1381744146347046,1.1383039951324463,1.1377859115600586,1.138044834136963,0.0
2026-07-01 21:00:00,1.1379153728485107,1.1386927366256714,1.1376564502716064,1.1377859115600586,0.0
2026-07-01 22:00:00,1.1383039951324463,1.1383039951324463,1.138044834136963,1.1381744146347046,0.0
2026-07-01 23:00:00,1.1381744146347046,1.1381744146347046,1.138044834136963,1.138044834136963,0.0
2026-07-02 00:00:00,1.138044834136963,1.1385631561279297,1.1379153728485107,1.138044834136963,0.0
2026-07-02 01:00:00,1.138044834136963,1.1388224363327026,1.138044834136963,1.1384334564208984,0.0
2026-07-02 02:00:00,1.1384334564208984,1.139211654663086,1.1384334564208984,1.1385631561279297,0.0
2026-07-02 03:00:00,1.1385631561279297,1.1386927366256714,1.1381744146347046,1.1385631561279297,0.0
2026-07-02 04:00:00,1.1385631561279297,1.1390818357467651,1.1385631561279297,1.1390818357467651,0.0
2026-07-02 05:00:00,1.1390818357467651,1.139211654663086,1.1385631561279297,1.1389521360397339,0.0
2026-07-02 06:00:00,1.1389521360397339,1.1406410932540894,1.1389521360397339,1.1398608684539795,0.0
2026-07-02 07:00:00,1.1397310495376587,1.141291856765747,1.1394712924957275,1.1411616802215576,0.0
2026-07-02 08:00:00,1.1411616802215576,1.1423349380493164,1.1411616802215576,1.1422044038772583,0.0
2026-07-02 09:00:00,1.1423349380493164,1.1423349380493164,1.141291856765747,1.1415525674819946,0.0
2026-07-02 10:00:00,1.141291856765747,1.141422152519226,1.1407711505889893,1.141291856765747,0.0
2026-07-02 11:00:00,1.141422152519226,1.1418131589889526,1.140380859375,1.1406410932540894,0.0
2026-07-02 12:00:00,1.1406410932540894,1.147446870803833,1.1398608684539795,1.1453442573547363,0.0
2026-07-02 13:00:00,1.1454753875732422,1.145737886428833,1.144426703453064,1.145213007926941,0.0
2026-07-02 14:00:00,1.1453442573547363,1.1461317539215088,1.1437721252441406,1.144688606262207,0.0
2026-07-02 15:00:00,1.144688606262207,1.1453442573547363,1.144426703453064,1.145081877708435,0.0
2026-07-02 16:00:00,1.145081877708435,1.145081877708435,1.1439030170440674,1.144164800643921,0.0
2026-07-02 17:00:00,1.1440337896347046,1.1440337896347046,1.1432491540908813,1.1432491540908813,0.0
2026-07-02 18:00:00,1.143379807472229,1.1440337896347046,1.143379807472229,1.1436413526535034,0.0
2026-07-02 19:00:00,1.1436413526535034,1.1436413526535034,1.142987847328186,1.143379807472229,0.0
2026-07-02 20:00:00,1.143379807472229,1.1439030170440674,1.143379807472229,1.1436413526535034,0.0
2026-07-02 21:00:00,1.1427265405654907,1.1442956924438477,1.1427265405654907,1.1437721252441406,0.0
2026-07-02 22:00:00,1.1436413526535034,1.1439030170440674,1.1431183815002441,1.1431183815002441,0.0
2026-07-02 23:00:00,1.1432491540908813,1.143379807472229,1.1425960063934326,1.1425960063934326,0.0
2026-07-03 00:00:00,1.1427265405654907,1.143379807472229,1.1423349380493164,1.143379807472229,0.0
2026-07-03 01:00:00,1.143379807472229,1.144688606262207,1.143379807472229,1.1440337896347046,0.0
2026-07-03 02:00:00,1.1440337896347046,1.144819736480713,1.1439030170440674,1.1442956924438477,0.0
2026-07-03 03:00:00,1.1442956924438477,1.144426703453064,1.1440337896347046,1.144426703453064,0.0
2026-07-03 04:00:00,1.144426703453064,1.144819736480713,1.1442956924438477,1.144819736480713,0.0
2026-07-03 05:00:00,1.1449507474899292,1.145737886428833,1.1449507474899292,1.145081877708435,0.0
2026-07-03 06:00:00,1.145213007926941,1.1465259790420532,1.145213007926941,1.1458691358566284,0.0
2026-07-03 07:00:00,1.1456066370010376,1.1460003852844238,1.145213007926941,1.145737886428833,0.0
2026-07-03 08:00:00,1.1458691358566284,1.1460003852844238,1.1454753875732422,1.1456066370010376,0.0
2026-07-03 09:00:00,1.1456066370010376,1.1456066370010376,1.144426703453064,1.144426703453064,0.0
2026-07-03 10:00:00,1.144426703453064,1.1453442573547363,1.144426703453064,1.145081877708435,0.0
2026-07-03 11:00:00,1.1449507474899292,1.1460003852844238,1.1449507474899292,1.145213007926941,0.0
2026-07-03 12:00:00,1.1453442573547363,1.1454753875732422,1.1449507474899292,1.1449507474899292,0.0
2026-07-03 13:00:00,1.1449507474899292,1.145081877708435,1.144164800643921,1.144164800643921,0.0
2026-07-03 14:00:00,1.1442956924438477,1.145081877708435,1.144164800643921,1.144688606262207,0.0
2026-07-03 15:00:00,1.1445575952529907,1.144688606262207,1.1439030170440674,1.1440337896347046,0.0
2026-07-03 16:00:00,1.1440337896347046,1.1442956924438477,1.1439030170440674,1.1440337896347046,0.0
2026-07-03 17:00:00,1.144164800643921,1.144426703453064,1.144164800643921,1.1442956924438477,0.0
2026-07-03 18:00:00,1.144426703453064,1.144426703453064,1.144164800643921,1.1442956924438477,0.0
2026-07-03 19:00:00,1.144164800643921,1.144426703453064,1.1439030170440674,1.1440337896347046,0.0
2026-07-03 20:00:00,1.1439030170440674,1.1440337896347046,1.1437721252441406,1.1440337896347046,0.0
2026-07-03 21:00:00,1.1440337896347046,1.1440337896347046,1.1440337896347046,1.1440337896347046,0.0
2026-07-05 23:00:00,1.1440337896347046,1.144164800643921,1.1436413526535034,1.1440337896347046,0.0
2026-07-06 00:00:00,1.1440337896347046,1.144426703453064,1.1437721252441406,1.144164800643921,0.0
2026-07-06 01:00:00,1.144164800643921,1.144164800643921,1.1432491540908813,1.1432491540908813,0.0
2026-07-06 02:00:00,1.1432491540908813,1.1437721252441406,1.1431183815002441,1.1437721252441406,0.0
2026-07-06 03:00:00,1.1437721252441406,1.1439030170440674,1.1431183815002441,1.1435105800628662,0.0
2026-07-06 04:00:00,1.1435105800628662,1.1437721252441406,1.1435105800628662,1.1436413526535034,0.0
2026-07-06 05:00:00,1.1435105800628662,1.1435105800628662,1.1427265405654907,1.1427265405654907,0.0
2026-07-06 06:00:00,1.142987847328186,1.1432491540908813,1.1423349380493164,1.1424654722213745,0.0
2026-07-06 07:00:00,1.1423349380493164,1.1431183815002441,1.1420739889144897,1.142987847328186,0.0
2026-07-06 08:00:00,1.142987847328186,1.142987847328186,1.1419435739517212,1.1423349380493164,0.0
2026-07-06 09:00:00,1.1423349380493164,1.1424654722213745,1.141422152519226,1.1415525674819946,0.0
2026-07-06 10:00:00,1.1416828632354736,1.1424654722213745,1.141291856765747,1.1423349380493164,0.0
2026-07-06 11:00:00,1.1423349380493164,1.1423349380493164,1.1415525674819946,1.1419435739517212,0.0
2026-07-06 12:00:00,1.1420739889144897,1.1422044038772583,1.1415525674819946,1.1416828632354736,0.0
2026-07-06 13:00:00,1.141422152519226,1.1425960063934326,1.1411616802215576,1.1415525674819946,0.0
2026-07-06 14:00:00,1.1415525674819946,1.1422044038772583,1.1415525674819946,1.1419435739517212,0.0
2026-07-06 15:00:00,1.1420739889144897,1.1428571939468384,1.1419435739517212,1.1428571939468384,0.0
2026-07-06 16:00:00,1.1428571939468384,1.1435105800628662,1.1428571939468384,1.143379807472229,0.0
2026-07-06 17:00:00,1.1435105800628662,1.1442956924438477,1.1435105800628662,1.1440337896347046,0.0
2026-07-06 18:00:00,1.1440337896347046,1.144819736480713,1.1439030170440674,1.144688606262207,0.0
2026-07-06 19:00:00,1.144426703453064,1.144688606262207,1.144164800643921,1.1445575952529907,0.0
2026-07-06 20:00:00,1.144426703453064,1.1445575952529907,1.1442956924438477,1.144426703453064,0.0
2026-07-06 21:00:00,1.145081877708435,1.145081877708435,1.144164800643921,1.145081877708435,0.0
2026-07-06 22:00:00,1.144688606262207,1.144819736480713,1.1445575952529907,1.144688606262207,0.0
2026-07-06 23:00:00,1.1449507474899292,1.145081877708435,1.144426703453064,1.144426703453064,0.0
2026-07-07 00:00:00,1.144426703453064,1.1445575952529907,1.144164800643921,1.1442956924438477,0.0
2026-07-07 01:00:00,1.1442956924438477,1.1449507474899292,1.1440337896347046,1.144688606262207,0.0
2026-07-07 02:00:00,1.144819736480713,1.1449507474899292,1.1442956924438477,1.1442956924438477,0.0
2026-07-07 03:00:00,1.1442956924438477,1.1445575952529907,1.1439030170440674,1.1440337896347046,0.0
2026-07-07 04:00:00,1.1440337896347046,1.144164800643921,1.1439030170440674,1.1439030170440674,0.0
2026-07-07 05:00:00,1.1440337896347046,1.1440337896347046,1.1432491540908813,1.1435105800628662,0.0
2026-07-07 06:00:00,1.1436413526535034,1.1436413526535034,1.1428571939468384,1.1431183815002441,0.0
2026-07-07 07:00:00,1.1432491540908813,1.1435105800628662,1.1428571939468384,1.142987847328186,0.0
2026-07-07 08:00:00,1.142987847328186,1.1439030170440674,1.1428571939468384,1.1431183815002441,0.0
2026-07-07 09:00:00,1.1431183815002441,1.1432491540908813,1.1428571939468384,1.1428571939468384,0.0
2026-07-07 10:00:00,1.1427265405654907,1.1436413526535034,1.1427265405654907,1.1436413526535034,0.0
2026-07-07 11:00:00,1.1436413526535034,1.144164800643921,1.142987847328186,1.1436413526535034,0.0
2026-07-07 12:00:00,1.1435105800628662,1.1445575952529907,1.1435105800628662,1.1439030170440674,0.0
2026-07-07 13:00:00,1.1439030170440674,1.144426703453064,1.143379807472229,1.1437721252441406,0.0
2026-07-07 14:00:00,1.1440337896347046,1.1440337896347046,1.1428571939468384,1.1437721252441406,0.0
2026-07-07 15:00:00,1.1436413526535034,1.1437721252441406,1.1425960063934326,1.1425960063934326,0.0
2026-07-07 16:00:00,1.1427265405654907,1.1428571939468384,1.1420739889144897,1.1425960063934326,0.0
2026-07-07 17:00:00,1.1427265405654907,1.1432491540908813,1.1425960063934326,1.1431183815002441,0.0
2026-07-07 18:00:00,1.1431183815002441,1.1432491540908813,1.1422044038772583,1.1422044038772583,0.0
2026-07-07 19:00:00,1.1420739889144897,1.1420739889144897,1.1411616802215576,1.1419435739517212,0.0
2026-07-07 20:00:00,1.1418131589889526,1.1420739889144897,1.141422152519226,1.1415525674819946,0.0
2026-07-07 21:00:00,1.1427265405654907,1.1427265405654907,1.140380859375,1.1411616802215576,0.0
2026-07-07 22:00:00,1.1411616802215576,1.1411616802215576,1.1406410932540894,1.1410315036773682,0.0
2026-07-07 23:00:00,1.1410315036773682,1.1411616802215576,1.140380859375,1.1405109167099,0.0
2026-07-08 00:00:00,1.140380859375,1.1415525674819946,1.140380859375,1.1411616802215576,0.0
2026-07-08 01:00:00,1.1411616802215576,1.141291856765747,1.1402509212493896,1.1409013271331787,0.0
2026-07-08 02:00:00,1.1409013271331787,1.1415525674819946,1.1407711505889893,1.1415525674819946,0.0
2026-07-08 03:00:00,1.1415525674819946,1.1419435739517212,1.1415525674819946,1.1416828632354736,0.0
2026-07-08 04:00:00,1.1416828632354736,1.1419435739517212,1.141422152519226,1.1418131589889526,0.0
2026-07-08 05:00:00,1.1418131589889526,1.1423349380493164,1.1415525674819946,1.1423349380493164,0.0
2026-07-08 06:00:00,1.1424654722213745,1.1427265405654907,1.1422044038772583,1.1424654722213745,0.0
2026-07-08 07:00:00,1.1425960063934326,1.143379807472229,1.1420739889144897,1.142987847328186,0.0
2026-07-08 08:00:00,1.1428571939468384,1.1431183815002441,1.1409013271331787,1.141422152519226,0.0
2026-07-08 09:00:00,1.1411616802215576,1.141422152519226,1.1401208639144897,1.1409013271331787,0.0
2026-07-08 10:00:00,1.1409013271331787,1.1416828632354736,1.1405109167099,1.1411616802215576,0.0
2026-07-08 11:00:00,1.1411616802215576,1.141291856765747,1.1397310495376587,1.1399909257888794,0.0
2026-07-08 12:00:00,1.1402509212493896,1.1410315036773682,1.1399909257888794,1.1399909257888794,0.0
2026-07-08 13:00:00,1.1401208639144897,1.1416828632354736,1.1401208639144897,1.1411616802215576,0.0
2026-07-08 14:00:00,1.141291856765747,1.1415525674819946,1.1407711505889893,1.1410315036773682,0.0
2026-07-08 15:00:00,1.1409013271331787,1.141422152519226,1.1394712924957275,1.1398608684539795,0.0
2026-07-08 16:00:00,1.1398608684539795,1.1418131589889526,1.1398608684539795,1.1416828632354736,0.0
2026-07-08 17:00:00,1.1418131589889526,1.142987847328186,1.1418131589889526,1.1422044038772583,0.0
2026-07-08 18:00:00,1.1422044038772583,1.1431183815002441,1.1422044038772583,1.142987847328186,0.0
2026-07-08 19:00:00,1.1431183815002441,1.1432491540908813,1.1425960063934326,1.1431183815002441,0.0
2026-07-08 20:00:00,1.142987847328186,1.1431183815002441,1.1418131589889526,1.1420739889144897,0.0
2026-07-08 21:00:00,1.1420739889144897,1.1427265405654907,1.1418131589889526,1.1422044038772583,0.0
2026-07-08 22:00:00,1.1420739889144897,1.1422044038772583,1.1419435739517212,1.1422044038772583,0.0
2026-07-08 23:00:00,1.1422044038772583,1.1424654722213745,1.1420739889144897,1.1424654722213745,0.0
2026-07-09 00:00:00,1.1424654722213745,1.1432491540908813,1.1424654722213745,1.1428571939468384,0.0
2026-07-09 01:00:00,1.1428571939468384,1.142987847328186,1.1423349380493164,1.1428571939468384,0.0
2026-07-09 02:00:00,1.1428571939468384,1.1431183815002441,1.1427265405654907,1.1427265405654907,0.0
2026-07-09 03:00:00,1.1427265405654907,1.143379807472229,1.1425960063934326,1.142987847328186,0.0
2026-07-09 04:00:00,1.142987847328186,1.1431183815002441,1.1427265405654907,1.142987847328186,0.0
2026-07-09 05:00:00,1.142987847328186,1.1436413526535034,1.142987847328186,1.143379807472229,0.0
2026-07-09 06:00:00,1.1437721252441406,1.145081877708435,1.1437721252441406,1.144426703453064,0.0
2026-07-09 07:00:00,1.1445575952529907,1.1445575952529907,1.1436413526535034,1.1437721252441406,0.0
2026-07-09 08:00:00,1.1439030170440674,1.144164800643921,1.1428571939468384,1.142987847328186,0.0
2026-07-09 09:00:00,1.142987847328186,1.1435105800628662,1.1427265405654907,1.143379807472229,0.0
2026-07-09 10:00:00,1.143379807472229,1.1435105800628662,1.1424654722213745,1.1425960063934326,0.0
2026-07-09 11:00:00,1.1425960063934326,1.1432491540908813,1.1425960063934326,1.1432491540908813,0.0
2026-07-09 12:00:00,1.143379807472229,1.1439030170440674,1.1427265405654907,1.1427265405654907,0.0
2026-07-09 13:00:00,1.1428571939468384,1.144164800643921,1.1428571939468384,1.144164800643921,0.0
2026-07-09 14:00:00,1.1442956924438477,1.144819736480713,1.1435105800628662,1.1436413526535034,0.0
2026-07-09 15:00:00,1.1436413526535034,1.1442956924438477,1.1432491540908813,1.144164800643921,0.0
2026-07-09 16:00:00,1.1442956924438477,1.144426703453064,1.1439030170440674,1.1440337896347046,0.0
2026-07-09 17:00:00,1.1440337896347046,1.144426703453064,1.1439030170440674,1.1440337896347046,0.0
2026-07-09 18:00:00,1.144164800643921,1.144164800643921,1.1435105800628662,1.1436413526535034,0.0
2026-07-09 19:00:00,1.1437721252441406,1.1437721252441406,1.142987847328186,1.1431183815002441,0.0
2026-07-09 20:00:00,1.1431183815002441,1.143379807472229,1.1431183815002441,1.1432491540908813,0.0
2026-07-09 21:00:00,1.1437721252441406,1.1437721252441406,1.1424654722213745,1.1435105800628662,0.0
2026-07-09 22:00:00,1.143379807472229,1.1436413526535034,1.1432491540908813,1.1436413526535034,0.0
2026-07-09 23:00:00,1.1436413526535034,1.1437721252441406,1.1435105800628662,1.1436413526535034,0.0
2026-07-10 00:00:00,1.1436413526535034,1.1445575952529907,1.143379807472229,1.144426703453064,0.0
2026-07-10 01:00:00,1.1442956924438477,1.145213007926941,1.144164800643921,1.145213007926941,0.0
2026-07-10 02:00:00,1.145081877708435,1.1463946104049683,1.145081877708435,1.1461317539215088,0.0
2026-07-10 03:00:00,1.1462632417678833,1.1462632417678833,1.145213007926941,1.1453442573547363,0.0
2026-07-10 04:00:00,1.145213007926941,1.145213007926941,1.144426703453064,1.1445575952529907,0.0
2026-07-10 05:00:00,1.1445575952529907,1.144688606262207,1.1439030170440674,1.1442956924438477,0.0
2026-07-10 06:00:00,1.1442956924438477,1.145081877708435,1.1442956924438477,1.1445575952529907,0.0
2026-07-10 07:00:00,1.144426703453064,1.1445575952529907,1.1440337896347046,1.1440337896347046,0.0
2026-07-10 08:00:00,1.1440337896347046,1.1445575952529907,1.143379807472229,1.143379807472229,0.0
2026-07-10 09:00:00,1.143379807472229,1.1436413526535034,1.142987847328186,1.1431183815002441,0.0
2026-07-10 10:00:00,1.1431183815002441,1.1439030170440674,1.142987847328186,1.1436413526535034,0.0
2026-07-10 11:00:00,1.1436413526535034,1.1437721252441406,1.142987847328186,1.1435105800628662,0.0
2026-07-10 12:00:00,1.1435105800628662,1.1440337896347046,1.1427265405654907,1.1432491540908813,0.0
2026-07-10 13:00:00,1.1432491540908813,1.1432491540908813,1.1423349380493164,1.1423349380493164,0.0
2026-07-10 14:00:00,1.1422044038772583,1.1431183815002441,1.1418131589889526,1.1425960063934326,0.0
2026-07-10 15:00:00,1.1425960063934326,1.144164800643921,1.1425960063934326,1.144164800643921,0.0
2026-07-10 16:00:00,1.1440337896347046,1.144426703453064,1.143379807472229,1.143379807472229,0.0
2026-07-10 17:00:00,1.143379807472229,1.143379807472229,1.1420739889144897,1.1420739889144897,0.0
2026-07-10 18:00:00,1.1420739889144897,1.1420739889144897,1.1415525674819946,1.1419435739517212,0.0
2026-07-10 19:00:00,1.1419435739517212,1.1419435739517212,1.1416828632354736,1.1419435739517212,0.0
2026-07-10 20:00:00,1.1419435739517212,1.1422044038772583,1.1415525674819946,1.1416828632354736,0.0
2026-07-10 21:00:00,1.1419435739517212,1.1419435739517212,1.1419435739517212,1.1419435739517212,0.0
2026-07-12 23:00:00,1.1397310495376587,1.1406410932540894,1.1397310495376587,1.1406410932540894,0.0
2026-07-13 00:00:00,1.1407711505889893,1.1407711505889893,1.1398608684539795,1.1398608684539795,0.0
2026-07-13 01:00:00,1.1398608684539795,1.1399909257888794,1.1389521360397339,1.1399909257888794,0.0
2026-07-13 02:00:00,1.1401208639144897,1.1402509212493896,1.1397310495376587,1.1398608684539795,0.0
2026-07-13 03:00:00,1.1398608684539795,1.1401208639144897,1.1394712924957275,1.1401208639144897,0.0
2026-07-13 04:00:00,1.1402509212493896,1.1407711505889893,1.1399909257888794,1.1407711505889893,0.0
2026-07-13 05:00:00,1.1407711505889893,1.1411616802215576,1.1401208639144897,1.1401208639144897,0.0
2026-07-13 06:00:00,1.1402509212493896,1.1410315036773682,1.1399909257888794,1.140380859375,0.0
2026-07-13 07:00:00,1.1405109167099,1.1428571939468384,1.1405109167099,1.1427265405654907,0.0
2026-07-13 08:00:00,1.1427265405654907,1.1449507474899292,1.1427265405654907,1.1439030170440674,0.0
2026-07-13 09:00:00,1.1439030170440674,1.1440337896347046,1.1431183815002441,1.143379807472229,0.0
2026-07-13 10:00:00,1.1435105800628662,1.1439030170440674,1.142987847328186,1.1439030170440674,0.0
2026-07-13 11:00:00,1.1439030170440674,1.1440337896347046,1.1428571939468384,1.1431183815002441,0.0
2026-07-13 12:00:00,1.1431183815002441,1.1432491540908813,1.1424654722213745,1.1432491540908813,0.0
2026-07-13 13:00:00,1.1435105800628662,1.1435105800628662,1.1418131589889526,1.1418131589889526,0.0
2026-07-13 14:00:00,1.1418131589889526,1.1418131589889526,1.1401208639144897,1.1406410932540894,0.0
2026-07-13 15:00:00,1.1409013271331787,1.1409013271331787,1.1399909257888794,1.1406410932540894,0.0
2026-07-13 16:00:00,1.1405109167099,1.1405109167099,1.1386927366256714,1.1390818357467651,0.0
2026-07-13 17:00:00,1.139211654663086,1.1393414735794067,1.1389521360397339,1.1389521360397339,0.0
2026-07-13 18:00:00,1.1389521360397339,1.139211654663086,1.1388224363327026,1.1389521360397339,0.0
2026-07-13 19:00:00,1.1390818357467651,1.1390818357467651,1.1385631561279297,1.1385631561279297,0.0
2026-07-13 20:00:00,1.1386927366256714,1.1388224363327026,1.1381744146347046,1.1384334564208984,0.0
2026-07-13 21:00:00,1.1393414735794067,1.1393414735794067,1.1381744146347046,1.1384334564208984,0.0
2026-07-13 22:00:00,1.1385631561279297,1.1388224363327026,1.1384334564208984,1.1384334564208984,0.0
2026-07-13 23:00:00,1.1384334564208984,1.1386927366256714,1.1383039951324463,1.1385631561279297,0.0
2026-07-14 00:00:00,1.1386927366256714,1.139211654663086,1.1381744146347046,1.1389521360397339,0.0
2026-07-14 01:00:00,1.1388224363327026,1.1393414735794067,1.1388224363327026,1.139211654663086,0.0
2026-07-14 02:00:00,1.139211654663086,1.1397310495376587,1.139211654663086,1.1394712924957275,0.0
2026-07-14 03:00:00,1.1394712924957275,1.1398608684539795,1.139211654663086,1.1397310495376587,0.0
2026-07-14 04:00:00,1.1397310495376587,1.1397310495376587,1.1390818357467651,1.1393414735794067,0.0
2026-07-14 05:00:00,1.1394712924957275,1.1398608684539795,1.1394712924957275,1.1394712924957275,0.0
2026-07-14 06:00:00,1.1394712924957275,1.1397310495376587,1.1388224363327026,1.1389521360397339,0.0
2026-07-14 07:00:00,1.1388224363327026,1.1399909257888794,1.1388224363327026,1.1398608684539795,0.0
2026-07-14 08:00:00,1.1398608684539795,1.1409013271331787,1.1397310495376587,1.140380859375,0.0
2026-07-14 09:00:00,1.1402509212493896,1.1407711505889893,1.1398608684539795,1.140380859375,0.0
2026-07-14 10:00:00,1.140380859375,1.1405109167099,1.1394712924957275,1.1394712924957275,0.0
2026-07-14 11:00:00,1.1394712924957275,1.1411616802215576,1.1393414735794067,1.1410315036773682,0.0
2026-07-14 12:00:00,1.1409013271331787,1.1462632417678833,1.1407711505889893,1.144688606262207,0.0
2026-07-14 13:00:00,1.144819736480713,1.145737886428833,1.144819736480713,1.1456066370010376,0.0
2026-07-14 14:00:00,1.1453442573547363,1.1461317539215088,1.144426703453064,1.144819736480713,0.0
2026-07-14 15:00:00,1.144819736480713,1.1454753875732422,1.142987847328186,1.142987847328186,0.0
2026-07-14 16:00:00,1.1431183815002441,1.1437721252441406,1.1428571939468384,1.1436413526535034,0.0
2026-07-14 17:00:00,1.1435105800628662,1.1436413526535034,1.1423349380493164,1.1425960063934326,0.0
2026-07-14 18:00:00,1.1427265405654907,1.1428571939468384,1.1420739889144897,1.1425960063934326,0.0
2026-07-14 19:00:00,1.1427265405654907,1.1428571939468384,1.1424654722213745,1.1424654722213745,0.0
2026-07-14 20:00:00,1.1423349380493164,1.1425960063934326,1.1422044038772583,1.1423349380493164,0.0
2026-07-14 21:00:00,1.1424654722213745,1.1431183815002441,1.1422044038772583,1.1425960063934326,0.0
2026-07-14 22:00:00,1.1424654722213745,1.1424654722213745,1.1420739889144897,1.1424654722213745,0.0
2026-07-14 23:00:00,1.1423349380493164,1.1428571939468384,1.1423349380493164,1.1427265405654907,0.0
2026-07-15 00:00:00,1.1427265405654907,1.1437721252441406,1.1427265405654907,1.1437721252441406,0.0
2026-07-15 01:00:00,1.1437721252441406,1.1440337896347046,1.1435105800628662,1.1439030170440674,0.0
2026-07-15 02:00:00,1.1439030170440674,1.144426703453064,1.1436413526535034,1.144426703453064,0.0
2026-07-15 03:00:00,1.1442956924438477,1.1445575952529907,1.1437721252441406,1.144164800643921,0.0
2026-07-15 04:00:00,1.144164800643921,1.144426703453064,1.1440337896347046,1.1440337896347046,0.0
2026-07-15 05:00:00,1.1440337896347046,1.144688606262207,1.1439030170440674,1.144426703453064,0.0
2026-07-15 06:00:00,1.144426703453064,1.144688606262207,1.1432491540908813,1.1432491540908813,0.0
2026-07-15 07:00:00,1.1432491540908813,1.1435105800628662,1.1423349380493164,1.1425960063934326,0.0
2026-07-15 08:00:00,1.1427265405654907,1.1431183815002441,1.1424654722213745,1.1427265405654907,0.0
2026-07-15 09:00:00,1.1427265405654907,1.1428571939468384,1.1420739889144897,1.1420739889144897,0.0
2026-07-15 10:00:00,1.1420739889144897,1.1422044038772583,1.141422152519226,1.1415525674819946,0.0
2026-07-15 11:00:00,1.1419435739517212,1.1422044038772583,1.141422152519226,1.1416828632354736,0.0
2026-07-15 12:00:00,1.1416828632354736,1.1432491540908813,1.1410315036773682,1.1432491540908813,0.0
2026-07-15 13:00:00,1.1431183815002441,1.1437721252441406,1.1427265405654907,1.1436413526535034,0.0
2026-07-15 14:00:00,1.1435105800628662,1.144426703453064,1.143379807472229,1.1439030170440674,0.0
2026-07-15 15:00:00,1.1440337896347046,1.144426703453064,1.1435105800628662,1.1439030170440674,0.0
2026-07-15 16:00:00,1.1439030170440674,1.1445575952529907,1.143379807472229,1.1445575952529907,0.0
2026-07-15 17:00:00,1.1445575952529907,1.1477103233337402,1.1445575952529907,1.1477103233337402,0.0
2026-07-15 18:00:00,1.1477103233337402,1.148369312286377,1.1471836566925049,1.1471836566925049,0.0
2026-07-15 19:00:00,1.1469204425811768,1.1477103233337402,1.1465259790420532,1.1467890739440918,0.0
2026-07-15 20:00:00,1.1467890739440918,1.1467890739440918,1.1463946104049683,1.1466574668884277,0.0
2026-07-15 21:00:00,1.1467890739440918,1.147315263748169,1.1463946104049683,1.1467890739440918,0.0
2026-07-15 22:00:00,1.1469204425811768,1.1471836566925049,1.1469204425811768,1.1469204425811768,0.0
2026-07-15 23:00:00,1.1471836566925049,1.147446870803833,1.1470520496368408,1.147315263748169,0.0
2026-07-16 00:00:00,1.147315263748169,1.1477103233337402,1.1470520496368408,1.1477103233337402,0.0
2026-07-16 01:00:00,1.1477103233337402,1.1477103233337402,1.1467890739440918,1.1469204425811768,0.0
2026-07-16 02:00:00,1.1469204425811768,1.1469204425811768,1.1463946104049683,1.1467890739440918,0.0
2026-07-16 03:00:00,1.1467890739440918,1.1471836566925049,1.1466574668884277,1.1469204425811768,0.0
2026-07-16 04:00:00,1.1469204425811768,1.1470520496368408,1.1466574668884277,1.1469204425811768,0.0
2026-07-16 05:00:00,1.1469204425811768,1.1471836566925049,1.1466574668884277,1.1466574668884277,0.0
2026-07-16 06:00:00,1.1467890739440918,1.147446870803833,1.1467890739440918,1.1471836566925049,0.0
2026-07-16 07:00:00,1.1471836566925049,1.1479737758636475,1.1470520496368408,1.147315263748169,0.0
2026-07-16 08:00:00,1.1471836566925049,1.147446870803833,1.1466574668884277,1.1469204425811768,0.0
2026-07-16 09:00:00,1.1469204425811768,1.1470520496368408,1.1463946104049683,1.1469204425811768,0.0
2026-07-16 10:00:00,1.1469204425811768,1.1471836566925049,1.1463946104049683,1.1463946104049683,0.0
2026-07-16 11:00:00,1.1462632417678833,1.1471836566925049,1.1461317539215088,1.1471836566925049,0.0
2026-07-16 12:00:00,1.1471836566925049,1.147315263748169,1.145081877708435,1.145081877708435,0.0
2026-07-16 13:00:00,1.145081877708435,1.1462632417678833,1.1449507474899292,1.1454753875732422,0.0
2026-07-16 14:00:00,1.1453442573547363,1.145737886428833,1.1442956924438477,1.144688606262207,0.0
2026-07-16 15:00:00,1.1445575952529907,1.145213007926941,1.1440337896347046,1.1449507474899292,0.0
2026-07-16 16:00:00,1.145081877708435,1.145081877708435,1.1437721252441406,1.1437721252441406,0.0
2026-07-16 17:00:00,1.1437721252441406,1.144164800643921,1.1435105800628662,1.1440337896347046,0.0
2026-07-16 18:00:00,1.1440337896347046,1.144164800643921,1.1437721252441406,1.144164800643921,0.0
2026-07-16 19:00:00,1.144164800643921,1.144426703453064,1.1437721252441406,1.144426703453064,0.0
2026-07-16 20:00:00,1.1442956924438477,1.144819736480713,1.144164800643921,1.144819736480713,0.0
2026-07-16 21:00:00,1.144426703453064,1.144819736480713,1.1442956924438477,1.1445575952529907,0.0
2026-07-16 22:00:00,1.1445575952529907,1.144819736480713,1.1445575952529907,1.144688606262207,0.0
2026-07-16 23:00:00,1.144688606262207,1.1449507474899292,1.1445575952529907,1.144819736480713,0.0
2026-07-17 00:00:00,1.144819736480713,1.1449507474899292,1.144426703453064,1.1449507474899292,0.0
2026-07-17 01:00:00,1.1449507474899292,1.145081877708435,1.144164800643921,1.144164800643921,0.0
2026-07-17 02:00:00,1.1442956924438477,1.144426703453064,1.1440337896347046,1.1440337896347046,0.0
2026-07-17 03:00:00,1.1440337896347046,1.1442956924438477,1.1439030170440674,1.1442956924438477,0.0
2026-07-17 04:00:00,1.1442956924438477,1.1442956924438477,1.1439030170440674,1.1439030170440674,0.0
2026-07-17 05:00:00,1.1439030170440674,1.144688606262207,1.1439030170440674,1.1442956924438477,0.0
2026-07-17 06:00:00,1.1442956924438477,1.1454753875732422,1.1442956924438477,1.1453442573547363,0.0
2026-07-17 07:00:00,1.1453442573547363,1.1456066370010376,1.144688606262207,1.1449507474899292,0.0
2026-07-17 08:00:00,1.144819736480713,1.145081877708435,1.1440337896347046,1.1445575952529907,0.0
2026-07-17 09:00:00,1.144426703453064,1.1445575952529907,1.1440337896347046,1.1442956924438477,0.0
2026-07-17 10:00:00,1.1442956924438477,1.1442956924438477,1.142987847328186,1.142987847328186,0.0
2026-07-17 11:00:00,1.142987847328186,1.1439030170440674,1.1428571939468384,1.143379807472229,0.0
2026-07-17 12:00:00,1.143379807472229,1.1439030170440674,1.142987847328186,1.1431183815002441,0.0
2026-07-17 13:00:00,1.1432491540908813,1.1440337896347046,1.1428571939468384,1.1439030170440674,0.0
2026-07-17 14:00:00,1.1439030170440674,1.144688606262207,1.1436413526535034,1.1442956924438477,0.0
2026-07-17 15:00:00,1.1442956924438477,1.144688606262207,1.1440337896347046,1.1442956924438477,0.0
2026-07-17 16:00:00,1.1442956924438477,1.144426703453064,1.1437721252441406,1.144164800643921,0.0
2026-07-17 17:00:00,1.144164800643921,1.144164800643921,1.1436413526535034,1.1437721252441406,0.0
2026-07-17 18:00:00,1.1437721252441406,1.1440337896347046,1.1437721252441406,1.1440337896347046,0.0
2026-07-17 19:00:00,1.1439030170440674,1.144426703453064,1.1437721252441406,1.144426703453064,0.0
2026-07-17 20:00:00,1.144426703453064,1.1445575952529907,1.1439030170440674,1.1440337896347046,0.0
2026-07-17 21:00:00,1.1442956924438477,1.1445575952529907,1.1442956924438477,1.1445575952529907,0.0
2026-07-19 23:00:00,1.142987847328186,1.1431183815002441,1.1427265405654907,1.142987847328186,0.0
2026-07-20 00:00:00,1.142987847328186,1.1436413526535034,1.142987847328186,1.1436413526535034,0.0
2026-07-20 01:00:00,1.1437721252441406,1.1439030170440674,1.1435105800628662,1.1439030170440674,0.0
2026-07-20 02:00:00,1.1439030170440674,1.1445575952529907,1.1439030170440674,1.144426703453064,0.0
2026-07-20 03:00:00,1.144426703453064,1.1445575952529907,1.1442956924438477,1.1445575952529907,0.0
2026-07-20 04:00:00,1.1445575952529907,1.144819736480713,1.144426703453064,1.144819736480713,0.0
2026-07-20 05:00:00,1.144819736480713,1.144819736480713,1.1442956924438477,1.144426703453064,0.0
2026-07-20 06:00:00,1.144426703453064,1.1445575952529907,1.1437721252441406,1.1437721252441406,0.0
2026-07-20 07:00:00,1.1437721252441406,1.145213007926941,1.1437721252441406,1.144688606262207,0.0
2026-07-20 08:00:00,1.144819736480713,1.144819736480713,1.144164800643921,1.1442956924438477,0.0
2026-07-20 09:00:00,1.1442956924438477,1.1442956924438477,1.1431183815002441,1.143379807472229,0.0
2026-07-20 10:00:00,1.143379807472229,1.1439030170440674,1.1432491540908813,1.1435105800628662,0.0
2026-07-20 11:00:00,1.1435105800628662,1.1442956924438477,1.1432491540908813,1.1432491540908813,0.0
2026-07-20 12:00:00,1.1431183815002441,1.1432491540908813,1.1420739889144897,1.1427265405654907,0.0
2026-07-20 13:00:00,1.1427265405654907,1.1427265405654907,1.1418131589889526,1.1420739889144897,0.0
2026-07-20 14:00:00,1.1419435739517212,1.1420739889144897,1.1406410932540894,1.1410315036773682,0.0
2026-07-20 15:00:00,1.1410315036773682,1.1415525674819946,1.1409013271331787,1.1415525674819946,0.0
2026-07-20 16:00:00,1.141422152519226,1.1419435739517212,1.141291856765747,1.141422152519226,0.0
2026-07-20 17:00:00,1.1415525674819946,1.1418131589889526,1.141422152519226,1.1416828632354736,0.0
2026-07-20 18:00:00,1.1416828632354736,1.1422044038772583,1.1416828632354736,1.1418131589889526,0.0
2026-07-20 19:00:00,1.1419435739517212,1.1420739889144897,1.1416828632354736,1.1419435739517212,0.0
2026-07-20 20:00:00,1.1419435739517212,1.1419435739517212,1.1415525674819946,1.1416828632354736,0.0
2026-07-20 21:00:00,1.1419435739517212,1.1423349380493164,1.141291856765747,1.1416828632354736,0.0
2026-07-20 22:00:00,1.141422152519226,1.1416828632354736,1.141291856765747,1.1416828632354736,0.0
2026-07-20 23:00:00,1.1416828632354736,1.1418131589889526,1.1415525674819946,1.1418131589889526,0.0
2026-07-21 00:00:00,1.1419435739517212,1.1420739889144897,1.1415525674819946,1.1416828632354736,0.0
2026-07-21 01:00:00,1.1415525674819946,1.1419435739517212,1.1415525674819946,1.1418131589889526,0.0
2026-07-21 02:00:00,1.1418131589889526,1.1419435739517212,1.141422152519226,1.141422152519226,0.0
2026-07-21 03:00:00,1.1415525674819946,1.1418131589889526,1.141291856765747,1.1415525674819946,0.0
2026-07-21 04:00:00,1.1415525674819946,1.1420739889144897,1.1415525674819946,1.1420739889144897,0.0
2026-07-21 05:00:00,1.1420739889144897,1.1424654722213745,1.1419435739517212,1.1420739889144897,0.0
2026-07-21 06:00:00,1.1422044038772583,1.1425960063934326,1.1420739889144897,1.1425960063934326,0.0
2026-07-21 07:00:00,1.1425960063934326,1.142987847328186,1.1424654722213745,1.1425960063934326,0.0
2026-07-21 08:00:00,1.1425960063934326,1.1428571939468384,1.1423349380493164,1.1424654722213745,0.0
2026-07-21 09:00:00,1.1424654722213745,1.1431183815002441,1.1424654722213745,1.1425960063934326,0.0
2026-07-21 10:00:00,1.1425960063934326,1.1431183815002441,1.1423349380493164,1.1424654722213745,0.0
2026-07-21 11:00:00,1.1424654722213745,1.1425960063934326,1.1420739889144897,1.1422044038772583,0.0
2026-07-21 12:00:00,1.1423349380493164,1.1423349380493164,1.1418131589889526,1.1420739889144897,0.0
2026-07-21 13:00:00,1.1419435739517212,1.1420739889144897,1.1409013271331787,1.1415525674819946,0.0
2026-07-21 14:00:00,1.1415525674819946,1.1422044038772583,1.1406410932540894,1.1409013271331787,0.0
2026-07-21 15:00:00,1.1409013271331787,1.141422152519226,1.1406410932540894,1.1410315036773682,0.0
2026-07-21 16:00:00,1.1410315036773682,1.141422152519226,1.1410315036773682,1.1411616802215576,0.0
2026-07-21 17:00:00,1.1411616802215576,1.141291856765747,1.1410315036773682,1.1410315036773682,0.0
2026-07-21 18:00:00,1.1409013271331787,1.1409013271331787,1.1402509212493896,1.1406410932540894,0.0
2026-07-21 19:00:00,1.1407711505889893,1.1407711505889893,1.140380859375,1.140380859375,0.0
2026-07-21 20:00:00,1.1405109167099,1.1406410932540894,1.1401208639144897,1.1401208639144897,0.0
2026-07-21 21:00:00,1.1399909257888794,1.1406410932540894,1.1398608684539795,1.1406410932540894,0.0
2026-07-21 22:00:00,1.140380859375,1.140380859375,1.1402509212493896,1.1402509212493896,0.0
2026-07-21 23:00:00,1.1402509212493896,1.1405109167099,1.1401208639144897,1.1405109167099,0.0
2026-07-22 00:00:00,1.140380859375,1.1410315036773682,1.140380859375,1.1407711505889893,0.0
2026-07-22 01:00:00,1.1407711505889893,1.1410315036773682,1.1401208639144897,1.1406410932540894,0.0
2026-07-22 02:00:00,1.1406410932540894,1.141291856765747,1.1405109167099,1.1409013271331787,0.0
2026-07-22 03:00:00,1.1409013271331787,1.1411616802215576,1.1407711505889893,1.1410315036773682,0.0
2026-07-22 04:00:00,1.1410315036773682,1.1411616802215576,1.1409013271331787,1.1411616802215576,0.0
2026-07-22 05:00:00,1.1411616802215576,1.141291856765747,1.1409013271331787,1.141291856765747,0.0
2026-07-22 06:00:00,1.141291856765747,1.1416828632354736,1.1410315036773682,1.141422152519226,0.0
2026-07-22 07:00:00,1.141422152519226,1.1420739889144897,1.1407711505889893,1.141291856765747,0.0
2026-07-22 08:00:00,1.141291856765747,1.1415525674819946,1.1407711505889893,1.141291856765747,0.0
2026-07-22 09:00:00,1.141422152519226,1.1415525674819946,1.1407711505889893,1.1407711505889893,0.0
2026-07-22 10:00:00,1.1407711505889893,1.1410315036773682,1.140380859375,1.1406410932540894,0.0
2026-07-22 11:00:00,1.1407711505889893,1.1410315036773682,1.1406410932540894,1.1409013271331787,0.0
2026-07-22 12:00:00,1.1410315036773682,1.1416828632354736,1.1410315036773682,1.141291856765747,0.0
2026-07-22 13:00:00,1.1411616802215576,1.1423349380493164,1.1411616802215576,1.1416828632354736,0.0
2026-07-22 14:00:00,1.1418131589889526,1.1420739889144897,1.1411616802215576,1.141291856765747,0.0
2026-07-22 15:00:00,1.1411616802215576,1.1416828632354736,1.1411616802215576,1.1416828632354736,0.0
2026-07-22 16:00:00,1.1416828632354736,1.1416828632354736,1.1410315036773682,1.141291856765747,0.0
2026-07-22 17:00:00,1.141291856765747,1.1415525674819946,1.1411616802215576,1.141291856765747,0.0
2026-07-22 18:00:00,1.141422152519226,1.141422152519226,1.1411616802215576,1.141422152519226,0.0
2026-07-22 19:00:00,1.141422152519226,1.1415525674819946,1.141291856765747,1.141422152519226,0.0
2026-07-22 20:00:00,1.141422152519226,1.1415525674819946,1.141422152519226,1.141422152519226,0.0
2026-07-22 21:00:00,1.1409013271331787,1.1415525674819946,1.1409013271331787,1.1409013271331787,0.0
2026-07-22 22:00:00,1.141291856765747,1.141291856765747,1.1409013271331787,1.1410315036773682,0.0
2026-07-22 23:00:00,1.1411616802215576,1.1415525674819946,1.1411616802215576,1.141422152519226,0.0
2026-07-23 00:00:00,1.1415525674819946,1.1420739889144897,1.141422152519226,1.1420739889144897,0.0
2026-07-23 01:00:00,1.1420739889144897,1.1423349380493164,1.1419435739517212,1.1419435739517212,0.0
2026-07-23 02:00:00,1.1419435739517212,1.1431183815002441,1.1419435739517212,1.1431183815002441,0.0
2026-07-23 03:00:00,1.1432491540908813,1.143379807472229,1.1427265405654907,1.1432491540908813,0.0
2026-07-23 04:00:00,1.1431183815002441,1.1439030170440674,1.1431183815002441,1.1436413526535034,0.0
2026-07-23 05:00:00,1.1436413526535034,1.1437721252441406,1.1432491540908813,1.143379807472229,0.0
2026-07-23 06:00:00,1.143379807472229,1.1436413526535034,1.1427265405654907,1.1428571939468384,0.0
2026-07-23 07:00:00,1.1427265405654907,1.142987847328186,1.1424654722213745,1.1427265405654907,0.0
2026-07-23 08:00:00,1.1428571939468384,1.1428571939468384,1.1411616802215576,1.141422152519226,0.0
2026-07-23 09:00:00,1.141291856765747,1.1418131589889526,1.141291856765747,1.1415525674819946,0.0
2026-07-23 10:00:00,1.1416828632354736,1.1416828632354736,1.1407711505889893,1.1407711505889893,0.0
2026-07-23 11:00:00,1.1406410932540894,1.1409013271331787,1.1388224363327026,1.1398608684539795,0.0
2026-07-23 12:00:00,1.1397310495376587,1.1397310495376587,1.138044834136963,1.1388224363327026,0.0
2026-07-23 13:00:00,1.1389521360397339,1.1389521360397339,1.137268304824829,1.1377859115600586,0.0
2026-07-23 14:00:00,1.1377859115600586,1.1377859115600586,1.1367511749267578,1.1373976469039917,0.0
2026-07-23 15:00:00,1.1373976469039917,1.1377859115600586,1.1370097398757935,1.1375269889831543,0.0
2026-07-23 16:00:00,1.1376564502716064,1.1383039951324463,1.1376564502716064,1.1383039951324463,0.0
2026-07-23 17:00:00,1.1383039951324463,1.1384334564208984,1.1375269889831543,1.1375269889831543,0.0
2026-07-23 18:00:00,1.1375269889831543,1.1379153728485107,1.1373976469039917,1.1377859115600586,0.0
2026-07-23 19:00:00,1.1381744146347046,1.1381744146347046,1.1377859115600586,1.138044834136963,0.0
2026-07-23 20:00:00,1.1381744146347046,1.1383039951324463,1.138044834136963,1.138044834136963,0.0
2026-07-23 21:00:00,1.1375269889831543,1.1384334564208984,1.1371389627456665,1.1381744146347046,0.0
2026-07-23 22:00:00,1.1379153728485107,1.1383039951324463,1.1379153728485107,1.1383039951324463,0.0
2026-07-23 23:00:00,1.1383039951324463,1.1383039951324463,1.1379153728485107,1.138044834136963,0.0
2026-07-24 00:00:00,1.1379153728485107,1.1386927366256714,1.1379153728485107,1.1386927366256714,0.0
2026-07-24 01:00:00,1.1388224363327026,1.1390818357467651,1.1385631561279297,1.1386927366256714,0.0
2026-07-24 02:00:00,1.1388224363327026,1.1390818357467651,1.1385631561279297,1.1385631561279297,0.0
2026-07-24 03:00:00,1.1384334564208984,1.1385631561279297,1.1381744146347046,1.1385631561279297,0.0
2026-07-24 04:00:00,1.1385631561279297,1.1386927366256714,1.138044834136963,1.1381744146347046,0.0
2026-07-24 05:00:00,1.1383039951324463,1.1386927366256714,1.138044834136963,1.138044834136963,0.0
2026-07-24 06:00:00,1.1381744146347046,1.1389521360397339,1.138044834136963,1.1389521360397339,0.0
2026-07-24 07:00:00,1.1390818357467651,1.140380859375,1.1389521360397339,1.1393414735794067,0.0
2026-07-24 08:00:00,1.1393414735794067,1.1393414735794067,1.1384334564208984,1.1386927366256714,0.0
2026-07-24 09:00:00,1.1385631561279297,1.1390818357467651,1.1385631561279297,1.1390818357467651,0.0
2026-07-24 10:00:00,1.139211654663086,1.1396011114120483,1.1385631561279297,1.1386927366256714,0.0
2026-07-24 11:00:00,1.1385631561279297,1.1390818357467651,1.1375269889831543,1.1377859115600586,0.0
2026-07-24 12:00:00,1.1379153728485107,1.1381744146347046,1.1371389627456665,1.137268304824829,0.0
2026-07-24 13:00:00,1.1373976469039917,1.1379153728485107,1.1368803977966309,1.1379153728485107,0.0
2026-07-24 14:00:00,1.138044834136963,1.1383039951324463,1.1373976469039917,1.1383039951324463,0.0
2026-07-24 15:00:00,1.138044834136963,1.1393414735794067,1.138044834136963,1.1386927366256714,0.0
2026-07-24 16:00:00,1.1386927366256714,1.1389521360397339,1.1381744146347046,1.1381744146347046,0.0
2026-07-24 17:00:00,1.138044834136963,1.138044834136963,1.1371389627456665,1.137268304824829,0.0
2026-07-24 18:00:00,1.137268304824829,1.1373976469039917,1.1370097398757935,1.137268304824829,0.0
2026-07-24 19:00:00,1.1373976469039917,1.1375269889831543,1.1371389627456665,1.1373976469039917,0.0
2026-07-24 20:00:00,1.1373976469039917,1.1376564502716064,1.1370097398757935,1.1373976469039917,0.0
2026-07-24 21:00:00,1.1375269889831543,1.1375269889831543,1.1375269889831543,1.1375269889831543,0.0
2026-07-26 23:00:00,1.1393414735794067,1.1398608684539795,1.139211654663086,1.1398608684539795,0.0
2026-07-27 00:00:00,1.1399909257888794,1.1415525674819946,1.1399909257888794,1.1405109167099,0.0
2026-07-27 01:00:00,1.1406410932540894,1.1416828632354736,1.1406410932540894,1.1416828632354736,0.0
2026-07-27 02:00:00,1.1416828632354736,1.1416828632354736,1.1409013271331787,1.1409013271331787,0.0
2026-07-27 03:00:00,1.1410315036773682,1.1410315036773682,1.1405109167099,1.1406410932540894,0.0
2026-07-27 04:00:00,1.1406410932540894,1.1409013271331787,1.1405109167099,1.1407711505889893,0.0
2026-07-27 05:00:00,1.1405109167099,1.1410315036773682,1.1405109167099,1.1409013271331787,0.0
2026-07-27 06:00:00,1.1410315036773682,1.1420739889144897,1.1410315036773682,1.141291856765747,0.0
2026-07-27 07:00:00,1.1411616802215576,1.141291856765747,1.1402509212493896,1.1402509212493896,0.0
2026-07-27 08:00:00,1.1401208639144897,1.1406410932540894,1.1398608684539795,1.1406410932540894,0.0
2026-07-27 09:00:00,1.1405109167099,1.1406410932540894,1.1398608684539795,1.1399909257888794,0.0
2026-07-27 10:00:00,1.1398608684539795,1.1405109167099,1.1397310495376587,1.1397310495376587,0.0
2026-07-27 11:00:00,1.1398608684539795,1.1398608684539795,1.1388224363327026,1.1389521360397339,0.0
2026-07-27 12:00:00,1.1390818357467651,1.1393414735794067,1.138044834136963,1.1388224363327026,0.0
2026-07-27 13:00:00,1.1385631561279297,1.1389521360397339,1.1376564502716064,1.1376564502716064,0.0
2026-07-27 14:00:00,1.1373976469039917,1.1379153728485107,1.137268304824829,1.1373976469039917,0.0
2026-07-27 15:00:00,1.1375269889831543,1.138044834136963,1.137268304824829,1.1379153728485107,0.0
2026-07-27 16:00:00,1.1377859115600586,1.1388224363327026,1.1377859115600586,1.1383039951324463,0.0
2026-07-27 17:00:00,1.1381744146347046,1.1383039951324463,1.1371389627456665,1.1376564502716064,0.0
2026-07-27 18:00:00,1.1375269889831543,1.1376564502716064,1.1371389627456665,1.1371389627456665,0.0
2026-07-27 19:00:00,1.137268304824829,1.1376564502716064,1.1370097398757935,1.1373976469039917,0.0
2026-07-27 20:00:00,1.137268304824829,1.1375269889831543,1.1370097398757935,1.1371389627456665,0.0
2026-07-27 21:00:00,1.1364928483963013,1.1384334564208984,1.1364928483963013,1.1375269889831543,0.0
2026-07-27 22:00:00,1.137268304824829,1.1375269889831543,1.137268304824829,1.137268304824829,0.0
2026-07-27 23:00:00,1.137268304824829,1.1373976469039917,1.1371389627456665,1.137268304824829,0.0
2026-07-28 00:00:00,1.1371389627456665,1.1377859115600586,1.1370097398757935,1.1377859115600586,0.0
2026-07-28 01:00:00,1.1377859115600586,1.138044834136963,1.1373976469039917,1.1376564502716064,0.0
2026-07-28 02:00:00,1.1376564502716064,1.1381744146347046,1.1375269889831543,1.138044834136963,0.0
2026-07-28 03:00:00,1.138044834136963,1.1383039951324463,1.1376564502716064,1.1377859115600586,0.0
2026-07-28 04:00:00,1.1376564502716064,1.1376564502716064,1.1371389627456665,1.137268304824829,0.0
2026-07-28 05:00:00,1.1371389627456665,1.1371389627456665,1.1364928483963013,1.1370097398757935,0.0
2026-07-28 06:00:00,1.1370097398757935,1.1375269889831543,1.1368803977966309,1.1371389627456665,0.0
2026-07-28 07:00:00,1.1371389627456665,1.1376564502716064,1.1367511749267578,1.1368803977966309,0.0
2026-07-28 08:00:00,1.1368803977966309,1.1375269889831543,1.1368803977966309,1.1375269889831543,0.0
2026-07-28 09:00:00,1.1376564502716064,1.1376564502716064,1.1359764337539673,1.1359764337539673,0.0
2026-07-28 10:00:00,1.1359764337539673,1.1366219520568848,1.1357183456420898,1.1363636255264282,0.0
2026-07-28 11:00:00,1.1364928483963013,1.1371389627456665,1.1361054182052612,1.1370097398757935,0.0
2026-07-28 12:00:00,1.1368803977966309,1.1371389627456665,1.1364928483963013,1.1370097398757935,0.0
2026-07-28 13:00:00,1.1368803977966309,1.1376564502716064,1.1368803977966309,1.1373976469039917,0.0
2026-07-28 14:00:00,1.1375269889831543,1.1389521360397339,1.1375269889831543,1.1389521360397339,0.0
2026-07-28 15:00:00,1.1389521360397339,1.1405109167099,1.1388224363327026,1.140380859375,0.0
2026-07-28 16:00:00,1.140380859375,1.1407711505889893,1.1399909257888794,1.1399909257888794,0.0
2026-07-28 17:00:00,1.1398608684539795,1.1399909257888794,1.139211654663086,1.1393414735794067,0.0
2026-07-28 18:00:00,1.139211654663086,1.1394712924957275,1.1389521360397339,1.1389521360397339,0.0
2026-07-28 19:00:00,1.1389521360397339,1.1394712924957275,1.1389521360397339,1.1390818357467651,0.0
2026-07-28 20:00:00,1.1390818357467651,1.139211654663086,1.1388224363327026,1.1389521360397339,0.0
2026-07-28 21:00:00,1.1385631561279297,1.1398608684539795,1.1383039951324463,1.1394712924957275,0.0
2026-07-28 22:00:00,1.139211654663086,1.1394712924957275,1.1388224363327026,1.1388224363327026,0.0
2026-07-28 23:00:00,1.1388224363327026,1.1389521360397339,1.1385631561279297,1.1389521360397339,0.0
2026-07-29 00:00:00,1.1388224363327026,1.1393414735794067,1.1385631561279297,1.1393414735794067,0.0
2026-07-29 01:00:00,1.1394712924957275,1.1396011114120483,1.1389521360397339,1.1394712924957275,0.0
2026-07-29 02:00:00,1.1394712924957275,1.1398608684539795,1.1393414735794067,1.1397310495376587,0.0
2026-07-29 03:00:00,1.1397310495376587,1.140380859375,1.1397310495376587,1.1399909257888794,0.0
2026-07-29 04:00:00,1.1399909257888794,1.1406410932540894,1.1399909257888794,1.1405109167099,0.0
2026-07-29 05:00:00,1.1405109167099,1.1406410932540894,1.1401208639144897,1.1401208639144897,0.0
2026-07-29 06:00:00,1.1402509212493896,1.140380859375,1.1393414735794067,1.1394712924957275,0.0
2026-07-29 07:00:00,1.1394712924957275,1.140380859375,1.1394712924957275,1.1401208639144897,0.0
2026-07-29 08:00:00,1.1401208639144897,1.140380859375,1.1396011114120483,1.1399909257888794,0.0
2026-07-29 09:00:00,1.1398608684539795,1.1399909257888794,1.1396011114120483,1.1396011114120483,0.0
2026-07-29 10:00:00,1.1394712924957275,1.1396011114120483,1.1386927366256714,1.1388224363327026,0.0
2026-07-29 11:00:00,1.1389521360397339,1.139211654663086,1.1384334564208984,1.1384334564208984,0.0
2026-07-29 12:00:00,1.1385631561279297,1.1385631561279297,1.1379153728485107,1.138044834136963,0.0
2026-07-29 13:00:00,1.1383039951324463,1.1394712924957275,1.138044834136963,1.1393414735794067,0.0
2026-07-29 14:00:00,1.1396011114120483,1.1399909257888794,1.1384334564208984,1.1384334564208984,0.0
2026-07-29 15:00:00,1.1384334564208984,1.1388224363327026,1.1381744146347046,1.1385631561279297,0.0
2026-07-29 16:00:00,1.1385631561279297,1.1388224363327026,1.138044834136963,1.1388224363327026,0.0
2026-07-29 17:00:00,1.1388224363327026,1.1402509212493896,1.1388224363327026,1.1399909257888794,0.0
2026-07-29 18:00:00,1.1418131589889526,1.1454753875732422,1.1411616802215576,1.1453442573547363,0.0
2026-07-29 19:00:00,1.1456066370010376,1.1469204425811768,1.144688606262207,1.145213007926941,0.0
2026-07-29 20:00:00,1.145081877708435,1.147315263748169,1.145081877708435,1.1470520496368408,0.0
2026-07-29 21:00:00,1.1475785970687866,1.1492931842803955,1.1453442573547363,1.1465259790420532,0.0
2026-07-29 22:00:00,1.1469204425811768,1.147446870803833,1.1469204425811768,1.147446870803833,0.0
2026-07-29 23:00:00,1.1475785970687866,1.1478420495986938,1.1467890739440918,1.1470520496368408,0.0
2026-07-30 00:00:00,1.1470520496368408,1.1471836566925049,1.1460003852844238,1.1461317539215088,0.0
2026-07-30 01:00:00,1.1461317539215088,1.1463946104049683,1.1456066370010376,1.1456066370010376,0.0
2026-07-30 02:00:00,1.1458691358566284,1.1458691358566284,1.1454753875732422,1.1456066370010376,0.0
2026-07-30 03:00:00,1.1456066370010376,1.145737886428833,1.145213007926941,1.1453442573547363,0.0
2026-07-30 04:00:00,1.145213007926941,1.145737886428833,1.145213007926941,1.1453442573547363,0.0
2026-07-30 05:00:00,1.1453442573547363,1.1460003852844238,1.145213007926941,1.1453442573547363,0.0
2026-07-30 06:00:00,1.1454753875732422,1.1454753875732422,1.144688606262207,1.145081877708435,0.0
2026-07-30 07:00:00,1.145081877708435,1.1454753875732422,1.1439030170440674,1.144164800643921,0.0
2026-07-30 08:00:00,1.144426703453064,1.145737886428833,1.1442956924438477,1.145213007926941,0.0
2026-07-30 09:00:00,1.1453442573547363,1.1470520496368408,1.1453442573547363,1.1467890739440918,0.0
2026-07-30 10:00:00,1.1467890739440918,1.1486331224441528,1.1465259790420532,1.1477103233337402,0.0
2026-07-30 11:00:00,1.1478420495986938,1.1479737758636475,1.1469204425811768,1.1478420495986938,0.0
2026-07-30 12:00:00,1.1479737758636475,1.1486331224441528,1.147446870803833,1.1477103233337402,0.0
2026-07-30 13:00:00,1.1477103233337402,1.1526048183441162,1.147315263748169,1.1526048183441162,0.0
2026-07-30 14:00:00,1.1526048183441162,1.1538017988204956,1.1507480144500732,1.1507480144500732,0.0
2026-07-30 15:00:00,1.150483250617981,1.1527377367019653,1.15035080909729,1.1524720191955566,0.0
2026-07-30 16:00:00,1.1527377367019653,1.15340256690979,1.1527377367019653,1.1531364917755127,0.0
2026-07-30 17:00:00,1.1532695293426514,1.1532695293426514,1.1519410610198975,1.1531364917755127,0.0
2026-07-30 18:00:00,1.1535356044769287,1.1538017988204956,1.1531364917755127,1.1538017988204956,0.0
2026-07-30 19:00:00,1.1539349555969238,1.1539349555969238,1.1531364917755127,1.1535356044769287,0.0
2026-07-30 20:00:00,1.15340256690979,1.1535356044769287,1.1530035734176636,1.1531364917755127,0.0
2026-07-30 21:00:00,1.1531364917755127,1.1532695293426514,1.1527377367019653,1.1528706550598145,0.0
2026-07-30 22:00:00,1.1530035734176636,1.15340256690979,1.1528706550598145,1.1531364917755127,0.0
2026-07-30 23:00:00,1.1532695293426514,1.15340256690979,1.1526048183441162,1.1526048183441162,0.0
2026-07-31 00:00:00,1.1527377367019653,1.1530035734176636,1.1519410610198975,1.1522064208984375,0.0
2026-07-31 01:00:00,1.1522064208984375,1.152339220046997,1.151410460472107,1.151410460472107,0.0
2026-07-31 02:00:00,1.151410460472107,1.1519410610198975,1.151410460472107,1.151543140411377,0.0
2026-07-31 03:00:00,1.151543140411377,1.1516757011413574,1.151012897491455,1.1516757011413574,0.0
2026-07-31 04:00:00,1.1516757011413574,1.1516757011413574,1.1508804559707642,1.151145339012146,0.0
2026-07-31 05:00:00,1.151145339012146,1.1512778997421265,1.1508804559707642,1.151012897491455,0.0
2026-07-31 06:00:00,1.1508804559707642,1.1524720191955566,1.1508804559707642,1.1520737409591675,0.0
2026-07-31 07:00:00,1.1520737409591675,1.1527377367019653,1.151543140411377,1.1516757011413574,0.0
2026-07-31 08:00:00,1.1518083810806274,1.1528706550598145,1.1508804559707642,1.1528706550598145,0.0
2026-07-31 09:00:00,1.1527377367019653,1.1527377367019653,1.1507480144500732,1.1508804559707642,0.0
2026-07-31 10:00:00,1.1507480144500732,1.151145339012146,1.150483250617981,1.150483250617981,0.0
2026-07-31 11:00:00,1.150483250617981,1.150483250617981,1.1488970518112183,1.1488970518112183,0.0
2026-07-31 12:00:00,1.1487650871276855,1.1494252681732178,1.1486331224441528,1.1492931842803955,0.0
2026-07-31 13:00:00,1.1491611003875732,1.1506155729293823,1.1461317539215088,1.1470520496368408,0.0
2026-07-31 14:00:00,1.1470520496368408,1.1508804559707642,1.1466574668884277,1.1508804559707642,0.0
2026-07-31 15:00:00,1.151012897491455,1.1522064208984375,1.1500862836837769,1.1522064208984375,0.0
2026-07-31 16:00:00,1.1520737409591675,1.1522064208984375,1.1516757011413574,1.1520737409591675,0.0
2026-07-31 17:00:00,1.1522064208984375,1.154068112373352,1.1520737409591675,1.1538017988204956,0.0
2026-07-31 18:00:00,1.1536686420440674,1.1538017988204956,1.1528706550598145,1.15340256690979,0.0
2026-07-31 19:00:00,1.1535356044769287,1.1539349555969238,1.1530035734176636,1.15340256690979,0.0
2026-07-31 20:00:00,1.15340256690979,1.155001163482666,1.1528706550598145,1.1532695293426514,0.0
2026-07-31 21:00:00,1.1527377367019653,1.1527377367019653,1.1527377367019653,1.1527377367019653,0.0
2026-08-02 23:00:00,1.1552680730819702,1.1552680730819702,1.1546010971069336,1.1547343730926514,0.0
2026-08-03 00:00:00,1.154334545135498,1.1558021306991577,1.1539349555969238,1.1546010971069336,0.0
2026-08-03 01:00:00,1.154334545135498,1.1547343730926514,1.15340256690979,1.1535356044769287,0.0
2026-08-03 02:00:00,1.1535356044769287,1.1538017988204956,1.1532695293426514,1.15340256690979,0.0
2026-08-03 03:00:00,1.15340256690979,1.15340256690979,1.1530035734176636,1.15340256690979,0.0
2026-08-03 04:00:00,1.15340256690979,1.1539349555969238,1.1532695293426514,1.1538017988204956,0.0
2026-08-03 05:00:00,1.1538017988204956,1.154068112373352,1.1535356044769287,1.154068112373352,0.0
2026-08-03 06:00:00,1.1542012691497803,1.1542012691497803,1.1527377367019653,1.1530035734176636,0.0
2026-08-03 07:00:00,1.1531364917755127,1.1535356044769287,1.1524720191955566,1.1530035734176636,0.0
2026-08-03 08:00:00,1.1527377367019653,1.1530035734176636,1.1524720191955566,1.1526048183441162,0.0
2026-08-03 09:00:00,1.1527377367019653,1.1532695293426514,1.152339220046997,1.1526048183441162,0.0
2026-08-03 10:00:00,1.1524720191955566,1.1527377367019653,1.1520737409591675,1.1526048183441162,0.0
2026-08-03 11:00:00,1.1527377367019653,1.1535356044769287,1.1524720191955566,1.1535356044769287,0.0
2026-08-03 12:00:00,1.1536686420440674,1.1538017988204956,1.1526048183441162,1.1531364917755127,0.0
2026-08-03 13:00:00,1.1532695293426514,1.1538017988204956,1.1526048183441162,1.1530035734176636,0.0
2026-08-03 14:00:00,1.1526048183441162,1.1530035734176636,1.151410460472107,1.1518083810806274,0.0
2026-08-03 15:00:00,1.151543140411377,1.151543140411377,1.1506155729293823,1.1512778997421265,0.0
2026-08-03 16:00:00,1.1512778997421265,1.151410460472107,1.1508804559707642,1.151012897491455,0.0
2026-08-03 17:00:00,1.1508804559707642,1.1508804559707642,1.150483250617981,1.150483250617981,0.0
2026-08-03 18:00:00,1.150483250617981,1.1518083810806274,1.150483250617981,1.1516757011413574,0.0
2026-08-03 19:00:00,1.1516757011413574,1.1518083810806274,1.1512778997421265,1.151410460472107,0.0
2026-08-03 20:00:00,1.151410460472107,1.151410460472107,1.151012897491455,1.151145339012146,0.0
2026-08-03 21:00:00,1.1516757011413574,1.1518083810806274,1.151012897491455,1.151410460472107,0.0
2026-08-03 22:00:00,1.151543140411377,1.151543140411377,1.151012897491455,1.151145339012146,0.0
2026-08-03 23:00:00,1.1512778997421265,1.151410460472107,1.151012897491455,1.151012897491455,0.0
2026-08-04 00:00:00,1.151145339012146,1.1518083810806274,1.1508804559707642,1.1508804559707642,0.0
2026-08-04 01:00:00,1.1507480144500732,1.1518083810806274,1.1506155729293823,1.151543140411377,0.0
2026-08-04 02:00:00,1.1516757011413574,1.1516757011413574,1.151145339012146,1.151145339012146,0.0
2026-08-04 03:00:00,1.151410460472107,1.151543140411377,1.151145339012146,1.151145339012146,0.0
2026-08-04 04:00:00,1.1512778997421265,1.151410460472107,1.151012897491455,1.1512778997421265,0.0
2026-08-04 05:00:00,1.1512778997421265,1.151410460472107,1.1507480144500732,1.151012897491455,0.0
2026-08-04 06:00:00,1.151012897491455,1.1512778997421265,1.1507480144500732,1.151012897491455,0.0
2026-08-04 07:00:00,1.151145339012146,1.1519410610198975,1.151145339012146,1.151410460472107,0.0
2026-08-04 08:00:00,1.151543140411377,1.1516757011413574,1.151012897491455,1.151145339012146,0.0
2026-08-04 09:00:00,1.151145339012146,1.151410460472107,1.1507480144500732,1.151145339012146,0.0
2026-08-04 10:00:00,1.151145339012146,1.1522064208984375,1.151145339012146,1.1516757011413574,0.0
2026-08-04 11:00:00,1.1516757011413574,1.1526048183441162,1.151543140411377,1.1519410610198975,0.0
2026-08-04 12:00:00,1.1520737409591675,1.1526048183441162,1.1516757011413574,1.1518083810806274,0.0
2026-08-04 13:00:00,1.1518083810806274,1.1528706550598145,1.151410460472107,1.1527377367019653,0.0
2026-08-04 14:00:00,1.1527377367019653,1.15340256690979,1.152339220046997,1.1526048183441162,0.0
2026-08-04 15:00:00,1.1527377367019653,1.1530035734176636,1.1518083810806274,1.1528706550598145,0.0
2026-08-04 16:00:00,1.1528706550598145,1.1528706550598145,1.1520737409591675,1.1522064208984375,0.0
2026-08-04 17:00:00,1.152339220046997,1.1528706550598145,1.152339220046997,1.1527377367019653,0.0
2026-08-04 18:00:00,1.1527377367019653,1.1536686420440674,1.1526048183441162,1.1535356044769287,0.0
2026-08-04 19:00:00,1.1535356044769287,1.1536686420440674,1.1532695293426514,1.15340256690979,0.0
2026-08-04 20:00:00,1.15340256690979,1.1536686420440674,1.15340256690979,1.1535356044769287,0.0
2026-08-04 21:00:00,1.1531364917755127,1.15340256690979,1.1530035734176636,1.1532695293426514,0.0
2026-08-04 22:00:00,1.15340256690979,1.1535356044769287,1.15340256690979,1.1535356044769287,0.0
2026-08-04 23:00:00,1.1535356044769287,1.1536686420440674,1.1532695293426514,1.1535356044769287,0.0
2026-08-05 00:00:00,1.1535356044769287,1.1538017988204956,1.15340256690979,1.15340256690979,0.0
2026-08-05 01:00:00,1.1532695293426514,1.1535356044769287,1.1530035734176636,1.1530035734176636,0.0
2026-08-05 02:00:00,1.1531364917755127,1.154334545135498,1.1531364917755127,1.1538017988204956,0.0
2026-08-05 03:00:00,1.1538017988204956,1.1544678211212158,1.1538017988204956,1.154068112373352,0.0
2026-08-05 04:00:00,1.154068112373352,1.154334545135498,1.1538017988204956,1.1539349555969238,0.0
2026-08-05 05:00:00,1.1538017988204956,1.154068112373352,1.1535356044769287,1.1539349555969238,0.0
2026-08-05 06:00:00,1.1538017988204956,1.1548677682876587,1.1535356044769287,1.1548677682876587,0.0
2026-08-05 07:00:00,1.1548677682876587,1.1548677682876587,1.1538017988204956,1.1542012691497803,0.0
2026-08-05 08:00:00,1.154334545135498,1.1547343730926514,1.1535356044769287,1.1539349555969238,0.0
2026-08-05 09:00:00,1.154068112373352,1.1546010971069336,1.1536686420440674,1.154334545135498,0.0
2026-08-05 10:00:00,1.154334545135498,1.1544678211212158,1.1538017988204956,1.154334545135498,0.0
2026-08-05 11:00:00,1.1544678211212158,1.1558021306991577,1.1544678211212158,1.1555349826812744,0.0
2026-08-05 12:00:00,1.1556684970855713,1.1559356451034546,1.1548677682876587,1.1548677682876587,0.0
2026-08-05 13:00:00,1.1547343730926514,1.1556684970855713,1.1544678211212158,1.1547343730926514,0.0
2026-08-05 14:00:00,1.1551345586776733,1.1559356451034546,1.1548677682876587,1.1556684970855713,0.0
2026-08-05 15:00:00,1.1558021306991577,1.1559356451034546,1.1546010971069336,1.155001163482666,0.0
2026-08-05 16:00:00,1.1551345586776733,1.1551345586776733,1.1547343730926514,1.1548677682876587,0.0
2026-08-05 17:00:00,1.155001163482666,1.1560693979263306,1.1547343730926514,1.1559356451034546,0.0
2026-08-05 18:00:00,1.1559356451034546,1.156203031539917,1.1558021306991577,1.1558021306991577,0.0
2026-08-05 19:00:00,1.1558021306991577,1.1558021306991577,1.1551345586776733,1.155401587486267,0.0
2026-08-05 20:00:00,1.1556684970855713,1.1556684970855713,1.1552680730819702,1.1556684970855713,0.0
2026-08-05 21:00:00,1.156336784362793,1.156336784362793,1.155401587486267,1.1555349826812744,0.0
2026-08-05 22:00:00,1.1556684970855713,1.1559356451034546,1.1555349826812744,1.1558021306991577,0.0
2026-08-05 23:00:00,1.1558021306991577,1.156203031539917,1.1558021306991577,1.1560693979263306,0.0
2026-08-06 00:00:00,1.1559356451034546,1.156203031539917,1.1558021306991577,1.1559356451034546,0.0
2026-08-06 01:00:00,1.1559356451034546,1.1560693979263306,1.1556684970855713,1.1558021306991577,0.0
2026-08-06 02:00:00,1.1559356451034546,1.1560693979263306,1.1556684970855713,1.1556684970855713,0.0
2026-08-06 03:00:00,1.1556684970855713,1.1556684970855713,1.155001163482666,1.1552680730819702,0.0
2026-08-06 04:00:00,1.1551345586776733,1.1552680730819702,1.155001163482666,1.1552680730819702,0.0
2026-08-06 05:00:00,1.1552680730819702,1.155401587486267,1.1548677682876587,1.1552680730819702,0.0
2026-08-06 06:00:00,1.1555349826812744,1.1555349826812744,1.1547343730926514,1.1548677682876587,0.0
2026-08-06 07:00:00,1.1548677682876587,1.155001163482666,1.1544678211212158,1.1547343730926514,0.0
2026-08-06 08:00:00,1.1547343730926514,1.1548677682876587,1.154334545135498,1.1546010971069336,0.0
2026-08-06 09:00:00,1.1546010971069336,1.1547343730926514,1.154068112373352,1.1542012691497803,0.0
2026-08-06 10:00:00,1.1542012691497803,1.1546010971069336,1.1539349555969238,1.1544678211212158,0.0
2026-08-06 11:00:00,1.1546010971069336,1.155001163482666,1.1542012691497803,1.1548677682876587,0.0
2026-08-06 12:00:00,1.1547343730926514,1.1548677682876587,1.154068112373352,1.1542012691497803,0.0
2026-08-06 13:00:00,1.154334545135498,1.1547343730926514,1.1539349555969238,1.1547343730926514,0.0
2026-08-06 14:00:00,1.1547343730926514,1.1547343730926514,1.15340256690979,1.1538017988204956,0.0
2026-08-06 15:00:00,1.1538017988204956,1.1538017988204956,1.1522064208984375,1.1524720191955566,0.0
2026-08-06 16:00:00,1.152339220046997,1.1526048183441162,1.1519410610198975,1.152339220046997,0.0
2026-08-06 17:00:00,1.1524720191955566,1.1526048183441162,1.1520737409591675,1.1526048183441162,0.0
2026-08-06 18:00:00,1.1526048183441162,1.1527377367019653,1.1524720191955566,1.1527377367019653,0.0
2026-08-06 19:00:00,1.1527377367019653,1.1528706550598145,1.1522064208984375,1.1526048183441162,0.0
2026-08-06 20:00:00,1.1526048183441162,1.1527377367019653,1.1522064208984375,1.1527377367019653,0.0
2026-08-06 21:00:00,1.1530035734176636,1.1530035734176636,1.1522064208984375,1.1524720191955566,0.0
2026-08-06 22:00:00,1.1526048183441162,1.1526048183441162,1.1524720191955566,1.1524720191955566,0.0
2026-08-06 23:00:00,1.1526048183441162,1.1527377367019653,1.1526048183441162,1.1527377367019653,0.0
2026-08-07 00:00:00,1.1526048183441162,1.1527377367019653,1.1522064208984375,1.1522064208984375,0.0
2026-08-07 01:00:00,1.152339220046997,1.1528706550598145,1.1522064208984375,1.1524720191955566,0.0
2026-08-07 02:00:00,1.1526048183441162,1.1527377367019653,1.1524720191955566,1.1524720191955566,0.0
2026-08-07 03:00:00,1.1524720191955566,1.1526048183441162,1.152339220046997,1.1526048183441162,0.0
2026-08-07 04:00:00,1.1526048183441162,1.1527377367019653,1.1524720191955566,1.1527377367019653,0.0
2026-08-07 05:00:00,1.1527377367019653,1.1528706550598145,1.1524720191955566,1.1526048183441162,0.0
2026-08-07 06:00:00,1.1527377367019653,1.1528706550598145,1.1524720191955566,1.1526048183441162,0.0
2026-08-07 07:00:00,1.1524720191955566,1.1527377367019653,1.1522064208984375,1.1526048183441162,0.0
2026-08-07 08:00:00,1.1526048183441162,1.1528706550598145,1.1522064208984375,1.1526048183441162,0.0
2026-08-07 09:00:00,1.1527377367019653,1.15340256690979,1.1527377367019653,1.1531364917755127,0.0
2026-08-07 10:00:00,1.1532695293426514,1.1532695293426514,1.1528706550598145,1.1530035734176636,0.0
2026-08-07 11:00:00,1.1531364917755127,1.1536686420440674,1.1530035734176636,1.1536686420440674,0.0
2026-08-07 12:00:00,1.1538017988204956,1.1582117080688477,1.1532695293426514,1.1576753854751587,0.0
2026-08-07 13:00:00,1.1576753854751587,1.1578094959259033,1.1560693979263306,1.1560693979263306,0.0
2026-08-07 14:00:00,1.1560693979263306,1.156738042831421,1.155401587486267,1.1556684970855713,0.0
2026-08-07 15:00:00,1.1558021306991577,1.156738042831421,1.155401587486267,1.156203031539917,0.0
2026-08-07 16:00:00,1.156203031539917,1.1570056676864624,1.156203031539917,1.156203031539917,0.0
2026-08-07 17:00:00,1.156203031539917,1.1566041707992554,1.156203031539917,1.1564704179763794,0.0
2026-08-07 18:00:00,1.156336784362793,1.1570056676864624,1.156203031539917,1.156738042831421,0.0
2026-08-07 19:00:00,1.1568717956542969,1.157273530960083,1.1564704179763794,1.1564704179763794,0.0
2026-08-07 20:00:00,1.1564704179763794,1.1564704179763794,1.1559356451034546,1.1560693979263306,0.0
2026-08-07 21:00:00,1.156203031539917,1.156203031539917,1.156203031539917,1.156203031539917,0.0
2026-08-09 23:00:00,1.1559356451034546,1.156203031539917,1.1558021306991577,1.1559356451034546,0.0
2026-08-10 00:00:00,1.1560693979263306,1.156203031539917,1.1558021306991577,1.1560693979263306,0.0
2026-08-10 01:00:00,1.156203031539917,1.156203031539917,1.1555349826812744,1.1556684970855713,0.0
2026-08-10 02:00:00,1.1558021306991577,1.1558021306991577,1.1555349826812744,1.1555349826812744,0.0
2026-08-10 03:00:00,1.1555349826812744,1.1555349826812744,1.1552680730819702,1.1552680730819702,0.0
2026-08-10 04:00:00,1.1552680730819702,1.1555349826812744,1.1551345586776733,1.1555349826812744,0.0
2026-08-10 05:00:00,1.1555349826812744,1.1559356451034546,1.155401587486267,1.1558021306991577,0.0
2026-08-10 06:00:00,1.1558021306991577,1.1559356451034546,1.1556684970855713,1.1558021306991577,0.0
2026-08-10 07:00:00,1.1556684970855713,1.1568717956542969,1.1555349826812744,1.1564704179763794,0.0
2026-08-10 08:00:00,1.156336784362793,1.1568717956542969,1.156336784362793,1.1564704179763794,0.0
2026-08-10 09:00:00,1.156336784362793,1.156738042831421,1.1560693979263306,1.1560693979263306,0.0
2026-08-10 10:00:00,1.1559356451034546,1.1560693979263306,1.1558021306991577,1.1559356451034546,0.0
2026-08-10 11:00:00,1.1558021306991577,1.1559356451034546,1.1552680730819702,1.1555349826812744,0.0
2026-08-10 12:00:00,1.1555349826812744,1.1558021306991577,1.155001163482666,1.1551345586776733,0.0
2026-08-10 13:00:00,1.1551345586776733,1.1556684970855713,1.1547343730926514,1.1548677682876587,0.0
2026-08-10 14:00:00,1.1548677682876587,1.1558021306991577,1.1548677682876587,1.155401587486267,0.0
2026-08-10 15:00:00,1.1555349826812744,1.1556684970855713,1.155001163482666,1.1555349826812744,0.0
2026-08-10 16:00:00,1.1555349826812744,1.1558021306991577,1.1548677682876587,1.1551345586776733,0.0
2026-08-10 17:00:00,1.155001163482666,1.1551345586776733,1.1544678211212158,1.1546010971069336,0.0
2026-08-10 18:00:00,1.1546010971069336,1.1548677682876587,1.154334545135498,1.1546010971069336,0.0
2026-08-10 19:00:00,1.1544678211212158,1.1546010971069336,1.154334545135498,1.1544678211212158,0.0
2026-08-10 20:00:00,1.1544678211212158,1.1546010971069336,1.1544678211212158,1.1546010971069336,0.0
2026-08-10 21:00:00,1.1546010971069336,1.1548677682876587,1.154334545135498,1.1544678211212158,0.0
2026-08-10 22:00:00,1.1547343730926514,1.1547343730926514,1.1544678211212158,1.1547343730926514,0.0
2026-08-10 23:00:00,1.1547343730926514,1.155001163482666,1.1546010971069336,1.155001163482666,0.0
2026-08-11 00:00:00,1.155001163482666,1.1552680730819702,1.1548677682876587,1.155001163482666,0.0
2026-08-11 01:00:00,1.1548677682876587,1.1552680730819702,1.1546010971069336,1.155001163482666,0.0
2026-08-11 02:00:00,1.155001163482666,1.155001163482666,1.1542012691497803,1.154334545135498,0.0
2026-08-11 03:00:00,1.154334545135498,1.1548677682876587,1.154334545135498,1.1546010971069336,0.0
2026-08-11 04:00:00,1.1546010971069336,1.1548677682876587,1.154334545135498,1.1546010971069336,0.0
2026-08-11 05:00:00,1.1544678211212158,1.1546010971069336,1.1542012691497803,1.1544678211212158,0.0
2026-08-11 06:00:00,1.1544678211212158,1.1546010971069336,1.1536686420440674,1.1539349555969238,0.0
2026-08-11 07:00:00,1.154068112373352,1.154334545135498,1.1535356044769287,1.1535356044769287,0.0
2026-08-11 08:00:00,1.1535356044769287,1.1542012691497803,1.1535356044769287,1.1539349555969238,0.0
2026-08-11 09:00:00,1.1539349555969238,1.154068112373352,1.1536686420440674,1.1539349555969238,0.0
2026-08-11 10:00:00,1.1539349555969238,1.1542012691497803,1.1536686420440674,1.1539349555969238,0.0
2026-08-11 11:00:00,1.1539349555969238,1.1546010971069336,1.1539349555969238,1.154068112373352,0.0
2026-08-11 12:00:00,1.154068112373352,1.1546010971069336,1.1538017988204956,1.1546010971069336,0.0
2026-08-11 13:00:00,1.1547343730926514,1.1551345586776733,1.154334545135498,1.1547343730926514,0.0
2026-08-11 14:00:00,1.1546010971069336,1.1546010971069336,1.1542012691497803,1.1546010971069336,0.0
2026-08-11 15:00:00,1.1546010971069336,1.1547343730926514,1.154068112373352,1.1546010971069336,0.0
2026-08-11 16:00:00,1.1546010971069336,1.1546010971069336,1.154334545135498,1.154334545135498,0.0
2026-08-11 17:00:00,1.1542012691497803,1.154334545135498,1.1538017988204956,1.154068112373352,0.0
2026-08-11 18:00:00,1.154068112373352,1.1546010971069336,1.1539349555969238,1.154334545135498,0.0
2026-08-11 19:00:00,1.1544678211212158,1.1547343730926514,1.154334545135498,1.1546010971069336,0.0
2026-08-11 20:00:00,1.1546010971069336,1.1547343730926514,1.1542012691497803,1.1546010971069336,0.0
2026-08-11 21:00:00,1.1544678211212158,1.1546010971069336,1.1542012691497803,1.1544678211212158,0.0
2026-08-11 22:00:00,1.1546010971069336,1.1547343730926514,1.1544678211212158,1.1547343730926514,0.0
2026-08-11 23:00:00,1.1547343730926514,1.1547343730926514,1.1544678211212158,1.1546010971069336,0.0
2026-08-12 00:00:00,1.1546010971069336,1.1548677682876587,1.154334545135498,1.154334545135498,0.0
2026-08-12 01:00:00,1.154334545135498,1.154334545135498,1.154068112373352,1.1542012691497803,0.0
2026-08-12 02:00:00,1.1542012691497803,1.154334545135498,1.1539349555969238,1.154068112373352,0.0
2026-08-12 03:00:00,1.1542012691497803,1.1542012691497803,1.1538017988204956,1.1538017988204956,0.0
2026-08-12 04:00:00,1.1539349555969238,1.1539349555969238,1.1536686420440674,1.1539349555969238,0.0
2026-08-12 05:00:00,1.1539349555969238,1.1539349555969238,1.1535356044769287,1.1536686420440674,0.0
2026-08-12 06:00:00,1.1538017988204956,1.154068112373352,1.1536686420440674,1.154068112373352,0.0
2026-08-12 07:00:00,1.154068112373352,1.1542012691497803,1.1539349555969238,1.154068112373352,0.0
2026-08-12 08:00:00,1.154068112373352,1.154334545135498,1.1538017988204956,1.154068112373352,0.0
2026-08-12 09:00:00,1.154068112373352,1.1552680730819702,1.1539349555969238,1.1539349555969238,0.0
2026-08-12 10:00:00,1.1539349555969238,1.1542012691497803,1.1535356044769287,1.1538017988204956,0.0
2026-08-12 11:00:00,1.1538017988204956,1.1548677682876587,1.1538017988204956,1.1547343730926514,0.0
2026-08-12 12:00:00,1.1547343730926514,1.156336784362793,1.1536686420440674,1.1560693979263306,0.0
2026-08-12 13:00:00,1.156336784362793,1.1564704179763794,1.155001163482666,1.1555349826812744,0.0
2026-08-12 14:00:00,1.1555349826812744,1.1556684970855713,1.1542012691497803,1.1544678211212158,0.0
2026-08-12 15:00:00,1.1544678211212158,1.1547343730926514,1.1538017988204956,1.154334545135498,0.0
2026-08-12 16:00:00,1.1542012691497803,1.154334545135498,1.1528706550598145,1.1531364917755127,0.0
2026-08-12 17:00:00,1.1532695293426514,1.15340256690979,1.1524720191955566,1.1524720191955566,0.0
2026-08-12 18:00:00,1.1524720191955566,1.1530035734176636,1.152339220046997,1.152339220046997,0.0
2026-08-12 19:00:00,1.1524720191955566,1.1528706550598145,1.152339220046997,1.1526048183441162,0.0
2026-08-12 20:00:00,1.1526048183441162,1.1528706550598145,1.1524720191955566,1.1528706550598145,0.0
2026-08-12 21:00:00,1.1532695293426514,1.1532695293426514,1.1524720191955566,1.1526048183441162,0.0
2026-08-12 22:00:00,1.1528706550598145,1.1530035734176636,1.1526048183441162,1.1530035734176636,0.0
2026-08-12 23:00:00,1.1530035734176636,1.1531364917755127,1.1530035734176636,1.1531364917755127,0.0
2026-08-13 00:00:00,1.1531364917755127,1.15340256690979,1.1530035734176636,1.1531364917755127,0.0
2026-08-13 01:00:00,1.1532695293426514,1.15340256690979,1.1527377367019653,1.1527377367019653,0.0
2026-08-13 02:00:00,1.1528706550598145,1.1528706550598145,1.152339220046997,1.1526048183441162,0.0
2026-08-13 03:00:00,1.1524720191955566,1.1527377367019653,1.152339220046997,1.1526048183441162,0.0
2026-08-13 04:00:00,1.1526048183441162,1.1530035734176636,1.152339220046997,1.1530035734176636,0.0
2026-08-13 05:00:00,1.1528706550598145,1.1531364917755127,1.1527377367019653,1.1528706550598145,0.0
2026-08-13 06:00:00,1.1528706550598145,1.1528706550598145,1.151543140411377,1.1520737409591675,0.0
2026-08-13 07:00:00,1.1520737409591675,1.1531364917755127,1.1520737409591675,1.1528706550598145,0.0
2026-08-13 08:00:00,1.1528706550598145,1.1531364917755127,1.1526048183441162,1.1527377367019653,0.0
2026-08-13 09:00:00,1.1527377367019653,1.1538017988204956,1.1527377367019653,1.1538017988204956,0.0
2026-08-13 10:00:00,1.1538017988204956,1.1542012691497803,1.1538017988204956,1.1539349555969238,0.0
2026-08-13 11:00:00,1.1539349555969238,1.1542012691497803,1.1536686420440674,1.1536686420440674,0.0
2026-08-13 12:00:00,1.1538017988204956,1.1547343730926514,1.1528706550598145,1.1547343730926514,0.0
2026-08-13 13:00:00,1.1546010971069336,1.1548677682876587,1.15340256690979,1.1538017988204956,0.0
2026-08-13 14:00:00,1.1539349555969238,1.1548677682876587,1.1535356044769287,1.1547343730926514,0.0
2026-08-13 15:00:00,1.1547343730926514,1.1548677682876587,1.15340256690979,1.15340256690979,0.0
2026-08-13 16:00:00,1.15340256690979,1.1535356044769287,1.1528706550598145,1.1532695293426514,0.0
2026-08-13 17:00:00,1.15340256690979,1.1535356044769287,1.1530035734176636,1.1531364917755127,0.0
2026-08-13 18:00:00,1.1531364917755127,1.1535356044769287,1.1530035734176636,1.1532695293426514,0.0
2026-08-13 19:00:00,1.1532695293426514,1.1535356044769287,1.1531364917755127,1.1531364917755127,0.0
2026-08-13 20:00:00,1.15340256690979,1.1535356044769287,1.1530035734176636,1.1532695293426514,0.0
2026-08-13 21:00:00,1.1530035734176636,1.1535356044769287,1.1528706550598145,1.1531364917755127,0.0
2026-08-13 22:00:00,1.1532695293426514,1.1535356044769287,1.1532695293426514,1.1535356044769287,0.0
2026-08-13 23:00:00,1.1535356044769287,1.1538017988204956,1.1535356044769287,1.1536686420440674,0.0
2026-08-14 00:00:00,1.1536686420440674,1.1542012691497803,1.1536686420440674,1.1542012691497803,0.0
2026-08-14 01:00:00,1.1542012691497803,1.1542012691497803,1.1535356044769287,1.1538017988204956,0.0
2026-08-14 02:00:00,1.1538017988204956,1.154068112373352,1.1536686420440674,1.1536686420440674,0.0
2026-08-14 03:00:00,1.1538017988204956,1.1542012691497803,1.1536686420440674,1.154068112373352,0.0
2026-08-14 04:00:00,1.154068112373352,1.154334545135498,1.154068112373352,1.1542012691497803,0.0
2026-08-14 05:00:00,1.1542012691497803,1.1546010971069336,1.1542012691497803,1.1544678211212158,0.0
2026-08-14 06:00:00,1.1546010971069336,1.1547343730926514,1.1542012691497803,1.1547343730926514,0.0
2026-08-14 07:00:00,1.1547343730926514,1.155401587486267,1.1546010971069336,1.155401587486267,0.0
2026-08-14 08:00:00,1.1555349826812744,1.1560693979263306,1.155401587486267,1.1559356451034546,0.0
2026-08-14 09:00:00,1.1559356451034546,1.1560693979263306,1.155401587486267,1.1556684970855713,0.0
2026-08-14 10:00:00,1.1556684970855713,1.1559356451034546,1.1555349826812744,1.1558021306991577,0.0
2026-08-14 11:00:00,1.1559356451034546,1.1574074029922485,1.1559356451034546,1.1568717956542969,0.0
2026-08-14 12:00:00,1.1570056676864624,1.158077597618103,1.156738042831421,1.1570056676864624,0.0
2026-08-14 13:00:00,1.1570056676864624,1.1587486267089844,1.1566041707992554,1.1582117080688477,0.0
2026-08-14 14:00:00,1.1587486267089844,1.1588828563690186,1.1582117080688477,1.1583458185195923,0.0
2026-08-14 15:00:00,1.1584800481796265,1.1588828563690186,1.158077597618103,1.1583458185195923,0.0
2026-08-14 16:00:00,1.1584800481796265,1.1584800481796265,1.1574074029922485,1.1574074029922485,0.0
2026-08-14 17:00:00,1.1574074029922485,1.1574074029922485,1.1566041707992554,1.156738042831421,0.0
2026-08-14 18:00:00,1.156738042831421,1.1570056676864624,1.1566041707992554,1.1568717956542969,0.0
2026-08-14 19:00:00,1.1570056676864624,1.157273530960083,1.1568717956542969,1.1570056676864624,0.0
2026-08-14 20:00:00,1.157139539718628,1.1574074029922485,1.157139539718628,1.157273530960083,0.0
2026-08-14 21:00:00,1.157273530960083,1.157273530960083,1.157273530960083,1.157273530960083,0.0
2026-08-16 23:00:00,1.1578094959259033,1.1579434871673584,1.1576753854751587,1.1576753854751587,0.0
2026-08-17 00:00:00,1.1579434871673584,1.1584800481796265,1.1579434871673584,1.1583458185195923,0.0
2026-08-17 01:00:00,1.1583458185195923,1.1587486267089844,1.1582117080688477,1.1586142778396606,0.0
2026-08-17 02:00:00,1.1587486267089844,1.1587486267089844,1.1582117080688477,1.1583458185195923,0.0
2026-08-17 03:00:00,1.1583458185195923,1.1587486267089844,1.1582117080688477,1.1587486267089844,0.0
2026-08-17 04:00:00,1.1586142778396606,1.159151554107666,1.1586142778396606,1.1588828563690186,0.0
2026-08-17 05:00:00,1.1588828563690186,1.1592857837677002,1.1586142778396606,1.1590172052383423,0.0
2026-08-17 06:00:00,1.159151554107666,1.1599582433700562,1.1587486267089844,1.1599582433700562,0.0
2026-08-17 07:00:00,1.1599582433700562,1.1615750789642334,1.1598236560821533,1.1609008312225342,0.0
2026-08-17 08:00:00,1.1610356569290161,1.1617100238800049,1.1599582433700562,1.1602274179458618,0.0
2026-08-17 09:00:00,1.1603620052337646,1.160496711730957,1.1599582433700562,1.1599582433700562,0.0
2026-08-17 10:00:00,1.1598236560821533,1.160092830657959,1.1592857837677002,1.1594202518463135,0.0
2026-08-17 11:00:00,1.1594202518463135,1.1598236560821533,1.159151554107666,1.1595547199249268,0.0
2026-08-17 12:00:00,1.1595547199249268,1.160092830657959,1.1592857837677002,1.160092830657959,0.0
2026-08-17 13:00:00,1.160092830657959,1.1602274179458618,1.159151554107666,1.1598236560821533,0.0
2026-08-17 14:00:00,1.15968918800354,1.1602274179458618,1.1590172052383423,1.1590172052383423,0.0
2026-08-17 15:00:00,1.1590172052383423,1.1592857837677002,1.1584800481796265,1.1592857837677002,0.0
2026-08-17 16:00:00,1.1592857837677002,1.1595547199249268,1.1588828563690186,1.159151554107666,0.0
2026-08-17 17:00:00,1.159151554107666,1.1592857837677002,1.158077597618103,1.158077597618103,0.0
2026-08-17 18:00:00,1.1579434871673584,1.158077597618103,1.1574074029922485,1.1575413942337036,0.0
2026-08-17 19:00:00,1.1576753854751587,1.1583458185195923,1.1575413942337036,1.1582117080688477,0.0
2026-08-17 20:00:00,1.1583458185195923,1.1583458185195923,1.158077597618103,1.1583458185195923,0.0
2026-08-17 21:00:00,1.1586142778396606,1.1590172052383423,1.1578094959259033,1.158077597618103,0.0
2026-08-17 22:00:00,1.1582117080688477,1.1583458185195923,1.158077597618103,1.1582117080688477,0.0
2026-08-17 23:00:00,1.1582117080688477,1.1587486267089844,1.1582117080688477,1.1586142778396606,0.0
2026-08-18 00:00:00,1.1586142778396606,1.1587486267089844,1.158077597618103,1.1586142778396606,0.0
2026-08-18 01:00:00,1.1586142778396606,1.1588828563690186,1.1582117080688477,1.1582117080688477,0.0
2026-08-18 02:00:00,1.1582117080688477,1.1583458185195923,1.1579434871673584,1.1583458185195923,0.0
2026-08-18 03:00:00,1.1582117080688477,1.1582117080688477,1.1575413942337036,1.1576753854751587,0.0
2026-08-18 04:00:00,1.1576753854751587,1.1578094959259033,1.1574074029922485,1.1575413942337036,0.0
2026-08-18 05:00:00,1.1574074029922485,1.1578094959259033,1.157273530960083,1.1576753854751587,0.0
2026-08-18 06:00:00,1.1575413942337036,1.1575413942337036,1.157139539718628,1.1575413942337036,0.0
2026-08-18 07:00:00,1.1576753854751587,1.158077597618103,1.157273530960083,1.1576753854751587,0.0
2026-08-18 08:00:00,1.1575413942337036,1.158077597618103,1.157273530960083,1.1579434871673584,0.0
2026-08-18 09:00:00,1.1578094959259033,1.1582117080688477,1.1576753854751587,1.1582117080688477,0.0
2026-08-18 10:00:00,1.1582117080688477,1.1582117080688477,1.1578094959259033,1.1579434871673584,0.0
2026-08-18 11:00:00,1.1579434871673584,1.158077597618103,1.1575413942337036,1.158077597618103,0.0
2026-08-18 12:00:00,1.1579434871673584,1.1582117080688477,1.1575413942337036,1.1578094959259033,0.0
2026-08-18 13:00:00,1.1579434871673584,1.1587486267089844,1.1576753854751587,1.1583458185195923,0.0
2026-08-18 14:00:00,1.1587486267089844,1.159151554107666,1.1584800481796265,1.1584800481796265,0.0
2026-08-18 15:00:00,1.1584800481796265,1.1588828563690186,1.158077597618103,1.1582117080688477,0.0
2026-08-18 16:00:00,1.1584800481796265,1.1588828563690186,1.1582117080688477,1.1583458185195923,0.0
2026-08-18 17:00:00,1.1583458185195923,1.1583458185195923,1.1578094959259033,1.158077597618103,0.0
2026-08-18 18:00:00,1.1579434871673584,1.1582117080688477,1.1578094959259033,1.1579434871673584,0.0
2026-08-18 19:00:00,1.1579434871673584,1.1583458185195923,1.1578094959259033,1.1578094959259033,0.0
2026-08-18 20:00:00,1.1576753854751587,1.1579434871673584,1.1575413942337036,1.1579434871673584,0.0
2026-08-18 21:00:00,1.1576753854751587,1.1583458185195923,1.1576753854751587,1.1579434871673584,0.0
2026-08-18 22:00:00,1.1579434871673584,1.158077597618103,1.1578094959259033,1.1579434871673584,0.0
2026-08-18 23:00:00,1.158077597618103,1.1582117080688477,1.1576753854751587,1.1579434871673584,0.0
2026-08-19 00:00:00,1.1579434871673584,1.1584800481796265,1.1576753854751587,1.1578094959259033,0.0
2026-08-19 01:00:00,1.1578094959259033,1.158077597618103,1.1574074029922485,1.158077597618103,0.0
2026-08-19 02:00:00,1.158077597618103,1.1590172052383423,1.1579434871673584,1.1586142778396606,0.0
2026-08-19 03:00:00,1.1586142778396606,1.1588828563690186,1.1584800481796265,1.1584800481796265,0.0
2026-08-19 04:00:00,1.1584800481796265,1.1588828563690186,1.1584800481796265,1.1588828563690186,0.0
2026-08-19 05:00:00,1.1590172052383423,1.1592857837677002,1.1587486267089844,1.159151554107666,0.0
2026-08-19 06:00:00,1.1592857837677002,1.160092830657959,1.1592857837677002,1.1598236560821533,0.0
2026-08-19 07:00:00,1.1599582433700562,1.160092830657959,1.1595547199249268,1.1599582433700562,0.0
2026-08-19 08:00:00,1.1599582433700562,1.1607661247253418,1.1599582433700562,1.160092830657959,0.0
2026-08-19 09:00:00,1.160092830657959,1.1610356569290161,1.1599582433700562,1.1610356569290161,0.0
2026-08-19 10:00:00,1.1609008312225342,1.1615750789642334,1.1609008312225342,1.1610356569290161,0.0
2026-08-19 11:00:00,1.1610356569290161,1.161170482635498,1.1603620052337646,1.1606314182281494,0.0
2026-08-19 12:00:00,1.1607661247253418,1.1645511388778687,1.1606314182281494,1.1640088558197021,0.0
2026-08-19 13:00:00,1.1642799377441406,1.16604483127594,1.1642799377441406,1.16604483127594,0.0
2026-08-19 14:00:00,1.16604483127594,1.1680878400802612,1.1657729148864746,1.1665889024734497,0.0
2026-08-19 15:00:00,1.1667250394821167,1.1671334505081177,1.16604483127594,1.1667250394821167,0.0
2026-08-19 16:00:00,1.1668611764907837,1.1675423383712769,1.1668611764907837,1.1672697067260742,0.0
2026-08-19 17:00:00,1.1675423383712769,1.1675423383712769,1.1661807298660278,1.1661807298660278,0.0
2026-08-19 18:00:00,1.1664528846740723,1.1678149700164795,1.1663167476654053,1.1676785945892334,0.0
2026-08-19 19:00:00,1.1678149700164795,1.1682243347167969,1.1674060821533203,1.1680878400802612,0.0
2026-08-19 20:00:00,1.1680878400802612,1.1682243347167969,1.1678149700164795,1.1680878400802612,0.0
2026-08-19 21:00:00,1.1680878400802612,1.1683608293533325,1.1678149700164795,1.1679514646530151,0.0
2026-08-19 22:00:00,1.1683608293533325,1.1686338186264038,1.1679514646530151,1.1680878400802612,0.0
2026-08-19 23:00:00,1.1679514646530151,1.1680878400802612,1.1676785945892334,1.1678149700164795,0.0
2026-08-20 00:00:00,1.1679514646530151,1.1683608293533325,1.1675423383712769,1.1678149700164795,0.0
2026-08-20 01:00:00,1.1678149700164795,1.1684973239898682,1.1674060821533203,1.1679514646530151,0.0
2026-08-20 02:00:00,1.1679514646530151,1.1686338186264038,1.1676785945892334,1.1678149700164795,0.0
2026-08-20 03:00:00,1.1678149700164795,1.1683608293533325,1.1678149700164795,1.1682243347167969,0.0
2026-08-20 04:00:00,1.1683608293533325,1.1683608293533325,1.1676785945892334,1.1676785945892334,0.0
2026-08-20 05:00:00,1.1676785945892334,1.1680878400802612,1.1674060821533203,1.1679514646530151,0.0
2026-08-20 06:00:00,1.1680878400802612,1.1691803932189941,1.1676785945892334,1.1691803932189941,0.0
2026-08-20 07:00:00,1.1690436601638794,1.1695905923843384,1.1682243347167969,1.1695905923843384,0.0
2026-08-20 08:00:00,1.1695905923843384,1.1702749729156494,1.1693171262741089,1.1701380014419556,0.0
2026-08-20 09:00:00,1.1702749729156494,1.1712344884872437,1.169864296913147,1.1710972785949707,0.0
2026-08-20 10:00:00,1.170823097229004,1.1713716983795166,1.169864296913147,1.1700011491775513,0.0
2026-08-20 11:00:00,1.1700011491775513,1.1700011491775513,1.1686338186264038,1.168770432472229,0.0
2026-08-20 12:00:00,1.1689070463180542,1.1693171262741089,1.1682243347167969,1.1691803932189941,0.0
2026-08-20 13:00:00,1.1694538593292236,1.1697274446487427,1.1679514646530151,1.1679514646530151,0.0
2026-08-20 14:00:00,1.1680878400802612,1.168770432472229,1.1675423383712769,1.1686338186264038,0.0
2026-08-20 15:00:00,1.1684973239898682,1.1695905923843384,1.1676785945892334,1.1682243347167969,0.0
2026-08-20 16:00:00,1.1682243347167969,1.1682243347167969,1.1672697067260742,1.1676785945892334,0.0
2026-08-20 17:00:00,1.1676785945892334,1.1678149700164795,1.1674060821533203,1.1678149700164795,0.0
2026-08-20 18:00:00,1.1678149700164795,1.1679514646530151,1.1674060821533203,1.1679514646530151,0.0
2026-08-20 19:00:00,1.1678149700164795,1.1682243347167969,1.1676785945892334,1.1680878400802612,0.0
2026-08-20 20:00:00,1.1682243347167969,1.1683608293533325,1.1679514646530151,1.1682243347167969,0.0
2026-08-20 21:00:00,1.1680878400802612,1.1683608293533325,1.1679514646530151,1.1680878400802612,0.0
2026-08-20 22:00:00,1.1682243347167969,1.168770432472229,1.1682243347167969,1.1686338186264038,0.0
2026-08-20 23:00:00,1.168770432472229,1.1691803932189941,1.168770432472229,1.1690436601638794,0.0
2026-08-21 00:00:00,1.1690436601638794,1.1693171262741089,1.1686338186264038,1.1686338186264038,0.0
2026-08-21 01:00:00,1.168770432472229,1.1695905923843384,1.1686338186264038,1.1694538593292236,0.0
2026-08-21 02:00:00,1.1694538593292236,1.1704120635986328,1.1691803932189941,1.1700011491775513,0.0
2026-08-21 03:00:00,1.1700011491775513,1.1701380014419556,1.1695905923843384,1.1697274446487427,0.0
2026-08-21 04:00:00,1.1695905923843384,1.169864296913147,1.1694538593292236,1.1695905923843384,0.0
2026-08-21 05:00:00,1.1695905923843384,1.1702749729156494,1.1693171262741089,1.1701380014419556,0.0
2026-08-21 06:00:00,1.1700011491775513,1.1701380014419556,1.1693171262741089,1.1701380014419556,0.0
2026-08-21 07:00:00,1.1701380014419556,1.1702749729156494,1.1690436601638794,1.1694538593292236,0.0
2026-08-21 08:00:00,1.1695905923843384,1.1709601879119873,1.1693171262741089,1.1709601879119873,0.0
2026-08-21 09:00:00,1.170823097229004,1.1715089082717896,1.1704120635986328,1.1704120635986328,0.0
2026-08-21 10:00:00,1.1702749729156494,1.1713716983795166,1.1702749729156494,1.170548915863037,0.0
2026-08-21 11:00:00,1.170548915863037,1.1712344884872437,1.1700011491775513,1.1704120635986328,0.0
2026-08-21 12:00:00,1.170548915863037,1.1706860065460205,1.1689070463180542,1.1694538593292236,0.0
2026-08-21 13:00:00,1.1694538593292236,1.1694538593292236,1.1682243347167969,1.1686338186264038,0.0
2026-08-21 14:00:00,1.1683608293533325,1.1684973239898682,1.1672697067260742,1.1675423383712769,0.0
2026-08-21 15:00:00,1.1676785945892334,1.168770432472229,1.1675423383712769,1.1686338186264038,0.0
2026-08-21 16:00:00,1.1686338186264038,1.168770432472229,1.1683608293533325,1.1684973239898682,0.0
2026-08-21 17:00:00,1.1684973239898682,1.1686338186264038,1.1680878400802612,1.1683608293533325,0.0
2026-08-21 18:00:00,1.1684973239898682,1.1686338186264038,1.1683608293533325,1.1686338186264038,0.0
2026-08-21 19:00:00,1.1684973239898682,1.1686338186264038,1.1680878400802612,1.1682243347167969,0.0
2026-08-21 20:00:00,1.1682243347167969,1.1682243347167969,1.1678149700164795,1.1678149700164795,0.0
2026-08-21 21:00:00,1.1678149700164795,1.1678149700164795,1.1678149700164795,1.1678149700164795,0.0
2026-08-23 23:00:00,1.1679514646530151,1.1684973239898682,1.1678149700164795,1.1684973239898682,0.0
2026-08-24 00:00:00,1.1686338186264038,1.1690436601638794,1.1686338186264038,1.1689070463180542,0.0
2026-08-24 01:00:00,1.1689070463180542,1.1689070463180542,1.1680878400802612,1.1684973239898682,0.0
2026-08-24 02:00:00,1.1684973239898682,1.168770432472229,1.1683608293533325,1.1684973239898682,0.0
2026-08-24 03:00:00,1.1684973239898682,1.1684973239898682,1.1682243347167969,1.1683608293533325,0.0
2026-08-24 04:00:00,1.1683608293533325,1.1684973239898682,1.1679514646530151,1.1684973239898682,0.0
2026-08-24 05:00:00,1.1686338186264038,1.1686338186264038,1.1679514646530151,1.1683608293533325,0.0
2026-08-24 06:00:00,1.1683608293533325,1.1683608293533325,1.1678149700164795,1.1680878400802612,0.0
2026-08-24 07:00:00,1.1683608293533325,1.1683608293533325,1.1668611764907837,1.1671334505081177,0.0
2026-08-24 08:00:00,1.1671334505081177,1.1671334505081177,1.1664528846740723,1.1667250394821167,0.0
2026-08-24 09:00:00,1.1667250394821167,1.1669973134994507,1.1664528846740723,1.1667250394821167,0.0
2026-08-24 10:00:00,1.1668611764907837,1.1669973134994507,1.1665889024734497,1.1667250394821167,0.0
2026-08-24 11:00:00,1.1667250394821167,1.1674060821533203,1.1667250394821167,1.1669973134994507,0.0
2026-08-24 12:00:00,1.1669973134994507,1.1675423383712769,1.1665889024734497,1.1672697067260742,0.0
2026-08-24 13:00:00,1.1674060821533203,1.1678149700164795,1.1667250394821167,1.1668611764907837,0.0
2026-08-24 14:00:00,1.1667250394821167,1.1675423383712769,1.1667250394821167,1.1668611764907837,0.0
2026-08-24 15:00:00,1.1668611764907837,1.1675423383712769,1.1668611764907837,1.1668611764907837,0.0
2026-08-24 16:00:00,1.1667250394821167,1.1672697067260742,1.1667250394821167,1.1668611764907837,0.0
2026-08-24 17:00:00,1.1668611764907837,1.1669973134994507,1.1659088134765625,1.1663167476654053,0.0
2026-08-24 18:00:00,1.1663167476654053,1.1668611764907837,1.16604483127594,1.1668611764907837,0.0
2026-08-24 19:00:00,1.1665889024734497,1.1667250394821167,1.1663167476654053,1.1664528846740723,0.0
2026-08-24 20:00:00,1.1664528846740723,1.1667250394821167,1.1664528846740723,1.1667250394821167,0.0
2026-08-24 21:00:00,1.1664528846740723,1.1669973134994507,1.1663167476654053,1.1667250394821167,0.0
2026-08-24 22:00:00,1.1667250394821167,1.1668611764907837,1.1667250394821167,1.1668611764907837,0.0
2026-08-24 23:00:00,1.1668611764907837,1.1671334505081177,1.1667250394821167,1.1671334505081177,0.0
2026-08-25 00:00:00,1.1672697067260742,1.1674060821533203,1.1671334505081177,1.1672697067260742,0.0
2026-08-25 01:00:00,1.1669973134994507,1.1671334505081177,1.1665889024734497,1.1665889024734497,0.0
2026-08-25 02:00:00,1.1665889024734497,1.1667250394821167,1.1663167476654053,1.1663167476654053,0.0
2026-08-25 03:00:00,1.1664528846740723,1.1665889024734497,1.1661807298660278,1.1664528846740723,0.0
2026-08-25 04:00:00,1.1664528846740723,1.1664528846740723,1.1659088134765625,1.1659088134765625,0.0
2026-08-25 05:00:00,1.1659088134765625,1.16604483127594,1.1656370162963867,1.1656370162963867,0.0
2026-08-25 06:00:00,1.1656370162963867,1.1661807298660278,1.1655012369155884,1.1656370162963867,0.0
2026-08-25 07:00:00,1.1656370162963867,1.1665889024734497,1.1656370162963867,1.1661807298660278,0.0
2026-08-25 08:00:00,1.1663167476654053,1.1671334505081177,1.1661807298660278,1.1671334505081177,0.0
2026-08-25 09:00:00,1.1671334505081177,1.1676785945892334,1.1669973134994507,1.1672697067260742,0.0
2026-08-25 10:00:00,1.1671334505081177,1.1671334505081177,1.1663167476654053,1.1665889024734497,0.0
2026-08-25 11:00:00,1.1665889024734497,1.1667250394821167,1.1661807298660278,1.1663167476654053,0.0
2026-08-25 12:00:00,1.1664528846740723,1.1669973134994507,1.1664528846740723,1.1669973134994507,0.0
2026-08-25 13:00:00,1.1669973134994507,1.1678149700164795,1.1667250394821167,1.1676785945892334,0.0
2026-08-25 14:00:00,1.1675423383712769,1.1678149700164795,1.1669973134994507,1.1672697067260742,0.0
2026-08-25 15:00:00,1.1672697067260742,1.1678149700164795,1.1671334505081177,1.1676785945892334,0.0
2026-08-25 16:00:00,1.1676785945892334,1.1676785945892334,1.1671334505081177,1.1674060821533203,0.0
2026-08-25 17:00:00,1.1674060821533203,1.1678149700164795,1.1672697067260742,1.1678149700164795,0.0
2026-08-25 18:00:00,1.1676785945892334,1.1678149700164795,1.1675423383712769,1.1676785945892334,0.0
2026-08-25 19:00:00,1.1678149700164795,1.1682243347167969,1.1672697067260742,1.1679514646530151,0.0
2026-08-25 20:00:00,1.1679514646530151,1.1682243347167969,1.1676785945892334,1.1676785945892334,0.0
2026-08-25 21:00:00,1.1689070463180542,1.1690436601638794,1.1674060821533203,1.1676785945892334,0.0
2026-08-25 22:00:00,1.1676785945892334,1.1680878400802612,1.1676785945892334,1.1680878400802612,0.0
2026-08-25 23:00:00,1.1680878400802612,1.1680878400802612,1.1676785945892334,1.1678149700164795,0.0
2026-08-26 00:00:00,1.1678149700164795,1.1679514646530151,1.1675423383712769,1.1676785945892334,0.0
2026-08-26 01:00:00,1.1676785945892334,1.1676785945892334,1.1672697067260742,1.1674060821533203,0.0
2026-08-26 02:00:00,1.1674060821533203,1.1675423383712769,1.1669973134994507,1.1671334505081177,0.0
2026-08-26 03:00:00,1.1671334505081177,1.1671334505081177,1.1667250394821167,1.1667250394821167,0.0
2026-08-26 04:00:00,1.1668611764907837,1.1668611764907837,1.1664528846740723,1.1665889024734497,0.0
2026-08-26 05:00:00,1.1665889024734497,1.1669973134994507,1.1664528846740723,1.1668611764907837,0.0
2026-08-26 06:00:00,1.1668611764907837,1.1669973134994507,1.1664528846740723,1.1669973134994507,0.0
2026-08-26 07:00:00,1.1671334505081177,1.1675423383712769,1.1671334505081177,1.1674060821533203,0.0
2026-08-26 08:00:00,1.1674060821533203,1.1680878400802612,1.1674060821533203,1.1674060821533203,0.0
2026-08-26 09:00:00,1.1674060821533203,1.1674060821533203,1.1667250394821167,1.1669973134994507,0.0
2026-08-26 10:00:00,1.1669973134994507,1.1669973134994507,1.1664528846740723,1.1665889024734497,0.0
2026-08-26 11:00:00,1.1665889024734497,1.1672697067260742,1.1664528846740723,1.1672697067260742,0.0
2026-08-26 12:00:00,1.1672697067260742,1.1678149700164795,1.1661807298660278,1.1661807298660278,0.0
2026-08-26 13:00:00,1.1659088134765625,1.1661807298660278,1.1656370162963867,1.1656370162963867,0.0
2026-08-26 14:00:00,1.1656370162963867,1.1656370162963867,1.1645511388778687,1.164958119392395,0.0
2026-08-26 15:00:00,1.1648223400115967,1.1657729148864746,1.1648223400115967,1.1653653383255005,0.0
2026-08-26 16:00:00,1.1655012369155884,1.1657729148864746,1.1652295589447021,1.1653653383255005,0.0
2026-08-26 17:00:00,1.1653653383255005,1.1657729148864746,1.1652295589447021,1.1656370162963867,0.0
2026-08-26 18:00:00,1.1655012369155884,1.1657729148864746,1.1653653383255005,1.1655012369155884,0.0
2026-08-26 19:00:00,1.1655012369155884,1.1656370162963867,1.1653653383255005,1.1656370162963867,0.0
2026-08-26 20:00:00,1.1656370162963867,1.1657729148864746,1.1655012369155884,1.1656370162963867,0.0
2026-08-26 21:00:00,1.1653653383255005,1.1659088134765625,1.1652295589447021,1.1657729148864746,0.0
2026-08-26 22:00:00,1.16604483127594,1.16604483127594,1.1657729148864746,1.1657729148864746,0.0
2026-08-26 23:00:00,1.1659088134765625,1.16604483127594,1.1657729148864746,1.1659088134765625,0.0
2026-08-27 00:00:00,1.1659088134765625,1.1661807298660278,1.1657729148864746,1.16604483127594,0.0
2026-08-27 01:00:00,1.16604483127594,1.1663167476654053,1.16604483127594,1.1661807298660278,0.0
2026-08-27 02:00:00,1.1661807298660278,1.1663167476654053,1.1659088134765625,1.1659088134765625,0.0
2026-08-27 03:00:00,1.1659088134765625,1.16604483127594,1.1657729148864746,1.1657729148864746,0.0
2026-08-27 04:00:00,1.1657729148864746,1.16604483127594,1.1657729148864746,1.1659088134765625,0.0
2026-08-27 05:00:00,1.1659088134765625,1.1661807298660278,1.1656370162963867,1.1657729148864746,0.0
2026-08-27 06:00:00,1.1657729148864746,1.16604483127594,1.1656370162963867,1.1657729148864746,0.0
2026-08-27 07:00:00,1.1657729148864746,1.16604483127594,1.1656370162963867,1.1659088134765625,0.0
2026-08-27 08:00:00,1.1659088134765625,1.1661807298660278,1.1652295589447021,1.1652295589447021,0.0
2026-08-27 09:00:00,1.1652295589447021,1.1652295589447021,1.1645511388778687,1.1645511388778687,0.0
2026-08-27 10:00:00,1.1644154787063599,1.1650937795639038,1.1642799377441406,1.1644154787063599,0.0
2026-08-27 11:00:00,1.1644154787063599,1.164686679840088,1.1641442775726318,1.1645511388778687,0.0
2026-08-27 12:00:00,1.1645511388778687,1.164958119392395,1.1644154787063599,1.1644154787063599,0.0
2026-08-27 13:00:00,1.1644154787063599,1.1663167476654053,1.1644154787063599,1.1657729148864746,0.0
2026-08-27 14:00:00,1.1657729148864746,1.16604483127594,1.164958119392395,1.164958119392395,0.0
2026-08-27 15:00:00,1.164958119392395,1.1657729148864746,1.164958119392395,1.1656370162963867,0.0
2026-08-27 16:00:00,1.1657729148864746,1.1659088134765625,1.1653653383255005,1.1656370162963867,0.0
2026-08-27 17:00:00,1.1656370162963867,1.1657729148864746,1.1650937795639038,1.1652295589447021,0.0
2026-08-27 18:00:00,1.1652295589447021,1.1653653383255005,1.1650937795639038,1.1652295589447021,0.0
2026-08-27 19:00:00,1.1653653383255005,1.1655012369155884,1.1652295589447021,1.1653653383255005,0.0
2026-08-27 20:00:00,1.1653653383255005,1.1656370162963867,1.1653653383255005,1.1656370162963867,0.0
2026-08-27 21:00:00,1.1656370162963867,1.16604483127594,1.164958119392395,1.1657729148864746,0.0
2026-08-27 22:00:00,1.1657729148864746,1.1659088134765625,1.1656370162963867,1.1657729148864746,0.0
2026-08-27 23:00:00,1.1657729148864746,1.1657729148864746,1.1656370162963867,1.1657729148864746,0.0
2026-08-28 00:00:00,1.1657729148864746,1.1657729148864746,1.1655012369155884,1.1657729148864746,0.0
2026-08-28 01:00:00,1.1656370162963867,1.1659088134765625,1.1653653383255005,1.1653653383255005,0.0
2026-08-28 02:00:00,1.1653653383255005,1.1655012369155884,1.1650937795639038,1.1655012369155884,0.0
2026-08-28 03:00:00,1.1655012369155884,1.1655012369155884,1.164958119392395,1.164958119392395,0.0
2026-08-28 04:00:00,1.1650937795639038,1.1650937795639038,1.164958119392395,1.164958119392395,0.0
2026-08-28 05:00:00,1.164958119392395,1.164958119392395,1.164686679840088,1.164958119392395,0.0
2026-08-28 06:00:00,1.1648223400115967,1.1652295589447021,1.164686679840088,1.1652295589447021,0.0
2026-08-28 07:00:00,1.1652295589447021,1.1652295589447021,1.1645511388778687,1.1650937795639038,0.0
2026-08-28 08:00:00,1.164958119392395,1.1652295589447021,1.164686679840088,1.1648223400115967,0.0
2026-08-28 09:00:00,1.1648223400115967,1.1648223400115967,1.1644154787063599,1.1644154787063599,0.0
2026-08-28 10:00:00,1.1644154787063599,1.1653653383255005,1.1642799377441406,1.1653653383255005,0.0
2026-08-28 11:00:00,1.1653653383255005,1.1653653383255005,1.1648223400115967,1.1648223400115967,0.0
2026-08-28 12:00:00,1.164958119392395,1.1653653383255005,1.1644154787063599,1.1653653383255005,0.0
2026-08-28 13:00:00,1.1652295589447021,1.1653653383255005,1.1645511388778687,1.164958119392395,0.0
2026-08-28 14:00:00,1.1642799377441406,1.1650937795639038,1.1599582433700562,1.162520408630371,0.0
2026-08-28 15:00:00,1.16225004196167,1.16225004196167,1.160092830657959,1.1602274179458618,0.0
2026-08-28 16:00:00,1.160092830657959,1.160092830657959,1.1588828563690186,1.1590172052383423,0.0
2026-08-28 17:00:00,1.1590172052383423,1.1592857837677002,1.1582117080688477,1.1584800481796265,0.0
2026-08-28 18:00:00,1.1584800481796265,1.1587486267089844,1.1582117080688477,1.1583458185195923,0.0
2026-08-28 19:00:00,1.1584800481796265,1.159151554107666,1.1584800481796265,1.1590172052383423,0.0
2026-08-28 20:00:00,1.1590172052383423,1.1590172052383423,1.1583458185195923,1.1586142778396606,0.0
2026-08-28 21:00:00,1.1586142778396606,1.1587486267089844,1.1586142778396606,1.1587486267089844,0.0
2026-08-30 23:00:00,1.1588828563690186,1.1592857837677002,1.1587486267089844,1.1592857837677002,0.0
2026-08-31 00:00:00,1.1592857837677002,1.15968918800354,1.1590172052383423,1.1595547199249268,0.0
2026-08-31 01:00:00,1.1594202518463135,1.1598236560821533,1.1590172052383423,1.1594202518463135,0.0
2026-08-31 02:00:00,1.1594202518463135,1.15968918800354,1.159151554107666,1.1595547199249268,0.0
2026-08-31 03:00:00,1.1595547199249268,1.15968918800354,1.1592857837677002,1.1595547199249268,0.0
2026-08-31 04:00:00,1.1595547199249268,1.1595547199249268,1.1592857837677002,1.1594202518463135,0.0
2026-08-31 05:00:00,1.1592857837677002,1.1594202518463135,1.159151554107666,1.1594202518463135,0.0
2026-08-31 06:00:00,1.1592857837677002,1.1594202518463135,1.1587486267089844,1.1592857837677002,0.0
2026-08-31 07:00:00,1.1592857837677002,1.1606314182281494,1.1588828563690186,1.1606314182281494,0.0
2026-08-31 08:00:00,1.1607661247253418,1.1609008312225342,1.15968918800354,1.15968918800354,0.0
2026-08-31 09:00:00,1.1599582433700562,1.1603620052337646,1.1599582433700562,1.1602274179458618,0.0
2026-08-31 10:00:00,1.1602274179458618,1.160496711730957,1.1599582433700562,1.160092830657959,0.0
2026-08-31 11:00:00,1.160092830657959,1.1606314182281494,1.1599582433700562,1.1599582433700562,0.0
2026-08-31 12:00:00,1.160092830657959,1.1602274179458618,1.1595547199249268,1.1598236560821533,0.0
2026-08-31 13:00:00,1.1598236560821533,1.160496711730957,1.15968918800354,1.1603620052337646,0.0
2026-08-31 14:00:00,1.1598236560821533,1.1621150970458984,1.1598236560821533,1.1617100238800049,0.0
2026-08-31 15:00:00,1.1618449687957764,1.1623852252960205,1.1615750789642334,1.1619800329208374,0.0
2026-08-31 16:00:00,1.1619800329208374,1.1621150970458984,1.1617100238800049,1.1619800329208374,0.0
2026-08-31 17:00:00,1.1619800329208374,1.1621150970458984,1.1618449687957764,1.1618449687957764,0.0
2026-08-31 18:00:00,1.1618449687957764,1.1621150970458984,1.1618449687957764,1.1618449687957764,0.0
2026-08-31 19:00:00,1.1619800329208374,1.1621150970458984,1.1618449687957764,1.1618449687957764,0.0
2026-08-31 20:00:00,1.1621150970458984,1.1621150970458984,1.1617100238800049,1.1621150970458984,0.0
2026-08-31 21:00:00,1.1621150970458984,1.16225004196167,1.1617100238800049,1.16225004196167,0.0
2026-08-31 22:00:00,1.1621150970458984,1.1621150970458984,1.1618449687957764,1.1618449687957764,0.0
2026-08-31 23:00:00,1.1618449687957764,1.1621150970458984,1.1615750789642334,1.1621150970458984,0.0
2026-09-01 00:00:00,1.1619800329208374,1.1627906560897827,1.1619800329208374,1.1621150970458984,0.0
2026-09-01 01:00:00,1.16225004196167,1.16225004196167,1.161170482635498,1.16130530834198,0.0
2026-09-01 02:00:00,1.16130530834198,1.16130530834198,1.1610356569290161,1.16130530834198,0.0
2026-09-01 03:00:00,1.161170482635498,1.16130530834198,1.1609008312225342,1.1609008312225342,0.0
2026-09-01 04:00:00,1.1609008312225342,1.1610356569290161,1.1606314182281494,1.1609008312225342,0.0
2026-09-01 05:00:00,1.1609008312225342,1.16130530834198,1.1609008312225342,1.161170482635498,0.0
2026-09-01 06:00:00,1.1610356569290161,1.161170482635498,1.1603620052337646,1.1607661247253418,0.0
2026-09-01 07:00:00,1.1609008312225342,1.1609008312225342,1.1595547199249268,1.1598236560821533,0.0
2026-09-01 08:00:00,1.1598236560821533,1.1598236560821533,1.159151554107666,1.15968918800354,0.0
2026-09-01 09:00:00,1.15968918800354,1.1603620052337646,1.15968918800354,1.15968918800354,0.0
2026-09-01 10:00:00,1.15968918800354,1.1598236560821533,1.1594202518463135,1.1595547199249268,0.0
2026-09-01 11:00:00,1.1594202518463135,1.1599582433700562,1.1594202518463135,1.1595547199249268,0.0
2026-09-01 12:00:00,1.1595547199249268,1.15968918800354,1.159151554107666,1.15968918800354,0.0
2026-09-01 13:00:00,1.1594202518463135,1.1606314182281494,1.1592857837677002,1.1606314182281494,0.0
2026-09-01 14:00:00,1.1603620052337646,1.1610356569290161,1.1599582433700562,1.1599582433700562,0.0
2026-09-01 15:00:00,1.1602274179458618,1.1602274179458618,1.1592857837677002,1.1595547199249268,0.0
2026-09-01 16:00:00,1.15968918800354,1.15968918800354,1.1588828563690186,1.1588828563690186,0.0
2026-09-01 17:00:00,1.1588828563690186,1.1598236560821533,1.1588828563690186,1.159151554107666,0.0
2026-09-01 18:00:00,1.159151554107666,1.1594202518463135,1.1588828563690186,1.1594202518463135,0.0
2026-09-01 19:00:00,1.1592857837677002,1.1595547199249268,1.159151554107666,1.1592857837677002,0.0
2026-09-01 20:00:00,1.159151554107666,1.15968918800354,1.159151554107666,1.1595547199249268,0.0
2026-09-01 21:00:00,1.1594202518463135,1.1598236560821533,1.1590172052383423,1.1595547199249268,0.0
2026-09-01 22:00:00,1.1595547199249268,1.1599582433700562,1.1595547199249268,1.15968918800354,0.0
2026-09-01 23:00:00,1.1595547199249268,1.15968918800354,1.1594202518463135,1.1594202518463135,0.0
2026-09-02 00:00:00,1.1594202518463135,1.1595547199249268,1.1587486267089844,1.1587486267089844,0.0
2026-09-02 01:00:00,1.1587486267089844,1.1587486267089844,1.158077597618103,1.1582117080688477,0.0
2026-09-02 02:00:00,1.158077597618103,1.1586142778396606,1.1579434871673584,1.1584800481796265,0.0
2026-09-02 03:00:00,1.1584800481796265,1.1586142778396606,1.1582117080688477,1.1583458185195923,0.0
2026-09-02 04:00:00,1.1583458185195923,1.1583458185195923,1.1578094959259033,1.1579434871673584,0.0
2026-09-02 05:00:00,1.1579434871673584,1.1584800481796265,1.1576753854751587,1.1583458185195923,0.0
2026-09-02 06:00:00,1.1583458185195923,1.1586142778396606,1.157139539718628,1.157139539718628,0.0
2026-09-02 07:00:00,1.157273530960083,1.1582117080688477,1.157139539718628,1.1582117080688477,0.0
2026-09-02 08:00:00,1.1582117080688477,1.1584800481796265,1.1576753854751587,1.1576753854751587,0.0
2026-09-02 09:00:00,1.1575413942337036,1.158077597618103,1.1574074029922485,1.1575413942337036,0.0
2026-09-02 10:00:00,1.1575413942337036,1.1575413942337036,1.157139539718628,1.1575413942337036,0.0
2026-09-02 11:00:00,1.1575413942337036,1.1582117080688477,1.1574074029922485,1.158077597618103,0.0
2026-09-02 12:00:00,1.158077597618103,1.1587486267089844,1.158077597618103,1.1582117080688477,0.0
2026-09-02 13:00:00,1.1583458185195923,1.1607661247253418,1.1582117080688477,1.1607661247253418,0.0
2026-09-02 14:00:00,1.160496711730957,1.160496711730957,1.1592857837677002,1.1595547199249268,0.0
2026-09-02 15:00:00,1.1595547199249268,1.1599582433700562,1.1592857837677002,1.1594202518463135,0.0
2026-09-02 16:00:00,1.15968918800354,1.15968918800354,1.159151554107666,1.159151554107666,0.0
2026-09-02 17:00:00,1.159151554107666,1.1592857837677002,1.1587486267089844,1.1590172052383423,0.0
2026-09-02 18:00:00,1.1590172052383423,1.159151554107666,1.1587486267089844,1.1588828563690186,0.0
2026-09-02 19:00:00,1.1588828563690186,1.1590172052383423,1.1586142778396606,1.1590172052383423,0.0
2026-09-02 20:00:00,1.159151554107666,1.1592857837677002,1.159151554107666,1.159151554107666,0.0
2026-09-02 21:00:00,1.1588828563690186,1.1592857837677002,1.1588828563690186,1.1592857837677002,0.0
2026-09-02 22:00:00,1.1592857837677002,1.1592857837677002,1.1588828563690186,1.1590172052383423,0.0
2026-09-02 23:00:00,1.1590172052383423,1.1590172052383423,1.1587486267089844,1.1588828563690186,0.0
2026-09-03 00:00:00,1.1587486267089844,1.1594202518463135,1.1587486267089844,1.1592857837677002,0.0
2026-09-03 01:00:00,1.1592857837677002,1.15968918800354,1.1588828563690186,1.1588828563690186,0.0
2026-09-03 02:00:00,1.1590172052383423,1.1598236560821533,1.1588828563690186,1.1594202518463135,0.0
2026-09-03 03:00:00,1.1595547199249268,1.160092830657959,1.1594202518463135,1.1599582433700562,0.0
2026-09-03 04:00:00,1.160092830657959,1.1603620052337646,1.1598236560821533,1.1598236560821533,0.0
2026-09-03 05:00:00,1.1599582433700562,1.1603620052337646,1.15968918800354,1.1603620052337646,0.0
2026-09-03 06:00:00,1.1603620052337646,1.161170482635498,1.1599582433700562,1.1607661247253418,0.0
2026-09-03 07:00:00,1.1609008312225342,1.1617100238800049,1.160496711730957,1.1607661247253418,0.0
2026-09-03 08:00:00,1.1606314182281494,1.161440134048462,1.1603620052337646,1.16130530834198,0.0
2026-09-03 09:00:00,1.161440134048462,1.161440134048462,1.160496711730957,1.1609008312225342,0.0
2026-09-03 10:00:00,1.1609008312225342,1.1609008312225342,1.160092830657959,1.1607661247253418,0.0
2026-09-03 11:00:00,1.1606314182281494,1.1617100238800049,1.160496711730957,1.1615750789642334,0.0
2026-09-03 12:00:00,1.161440134048462,1.1633317470550537,1.161170482635498,1.1629259586334229,0.0
2026-09-03 13:00:00,1.1629259586334229,1.1631964445114136,1.1621150970458984,1.163061261177063,0.0
2026-09-03 14:00:00,1.1626555919647217,1.1629259586334229,1.1617100238800049,1.1621150970458984,0.0
2026-09-03 15:00:00,1.16225004196167,1.163061261177063,1.1621150970458984,1.1626555919647217,0.0
2026-09-03 16:00:00,1.1626555919647217,1.1644154787063599,1.1626555919647217,1.1641442775726318,0.0
2026-09-03 17:00:00,1.1641442775726318,1.1641442775726318,1.163602590560913,1.163602590560913,0.0
2026-09-03 18:00:00,1.1637378931045532,1.1640088558197021,1.163602590560913,1.1637378931045532,0.0
2026-09-03 19:00:00,1.1637378931045532,1.1637378931045532,1.1629259586334229,1.1633317470550537,0.0
2026-09-03 20:00:00,1.1631964445114136,1.1633317470550537,1.1629259586334229,1.1629259586334229,0.0
2026-09-03 21:00:00,1.162520408630371,1.1633317470550537,1.162520408630371,1.163061261177063,0.0
2026-09-03 22:00:00,1.163061261177063,1.163061261177063,1.1626555919647217,1.1626555919647217,0.0
2026-09-03 23:00:00,1.1627906560897827,1.1631964445114136,1.1626555919647217,1.1631964445114136,0.0
2026-09-04 00:00:00,1.1631964445114136,1.1634671688079834,1.1629259586334229,1.1631964445114136,0.0
2026-09-04 01:00:00,1.1631964445114136,1.1634671688079834,1.163061261177063,1.1633317470550537,0.0
2026-09-04 02:00:00,1.1633317470550537,1.163602590560913,1.1629259586334229,1.163061261177063,0.0
2026-09-04 03:00:00,1.163061261177063,1.1631964445114136,1.1626555919647217,1.1626555919647217,0.0
2026-09-04 04:00:00,1.1626555919647217,1.163061261177063,1.1626555919647217,1.163061261177063,0.0
2026-09-04 05:00:00,1.1629259586334229,1.1631964445114136,1.1627906560897827,1.1631964445114136,0.0
2026-09-04 06:00:00,1.163061261177063,1.1633317470550537,1.163061261177063,1.163061261177063,0.0
2026-09-04 07:00:00,1.1631964445114136,1.1633317470550537,1.162520408630371,1.1626555919647217,0.0
2026-09-04 08:00:00,1.1626555919647217,1.1629259586334229,1.16225004196167,1.1627906560897827,0.0
2026-09-04 09:00:00,1.1626555919647217,1.1627906560897827,1.1619800329208374,1.1621150970458984,0.0
2026-09-04 10:00:00,1.1621150970458984,1.1626555919647217,1.1621150970458984,1.1623852252960205,0.0
2026-09-04 11:00:00,1.162520408630371,1.1626555919647217,1.1623852252960205,1.1623852252960205,0.0
2026-09-04 12:00:00,1.162520408630371,1.163061261177063,1.159151554107666,1.160496711730957,0.0
2026-09-04 13:00:00,1.1602274179458618,1.162520408630371,1.160092830657959,1.161440134048462,0.0
2026-09-04 14:00:00,1.16130530834198,1.1623852252960205,1.16130530834198,1.1619800329208374,0.0
2026-09-04 15:00:00,1.1618449687957764,1.1626555919647217,1.1617100238800049,1.1621150970458984,0.0
2026-09-04 16:00:00,1.16225004196167,1.1627906560897827,1.16225004196167,1.16225004196167,0.0
2026-09-04 17:00:00,1.16225004196167,1.16225004196167,1.1615750789642334,1.1615750789642334,0.0
2026-09-04 18:00:00,1.1617100238800049,1.1617100238800049,1.16130530834198,1.161440134048462,0.0
2026-09-04 19:00:00,1.161440134048462,1.1618449687957764,1.161440134048462,1.1617100238800049,0.0
2026-09-04 20:00:00,1.1617100238800049,1.1618449687957764,1.1615750789642334,1.1617100238800049,0.0
2026-09-04 21:00:00,1.1621150970458984,1.1621150970458984,1.1621150970458984,1.1621150970458984,0.0
2026-09-06 23:00:00,1.1617100238800049,1.1619800329208374,1.1617100238800049,1.1617100238800049,0.0
2026-09-07 00:00:00,1.1617100238800049,1.1623852252960205,1.1617100238800049,1.1621150970458984,0.0
2026-09-07 01:00:00,1.1621150970458984,1.1621150970458984,1.1617100238800049,1.1617100238800049,0.0
2026-09-07 02:00:00,1.1617100238800049,1.1617100238800049,1.161170482635498,1.16130530834198,0.0
2026-09-07 03:00:00,1.161170482635498,1.1615750789642334,1.161170482635498,1.161440134048462,0.0
2026-09-07 04:00:00,1.161440134048462,1.1615750789642334,1.161170482635498,1.1615750789642334,0.0
2026-09-07 05:00:00,1.161440134048462,1.1617100238800049,1.16130530834198,1.1617100238800049,0.0
2026-09-07 06:00:00,1.1615750789642334,1.16225004196167,1.161440134048462,1.1618449687957764,0.0
2026-09-07 07:00:00,1.1618449687957764,1.1626555919647217,1.161440134048462,1.1626555919647217,0.0
2026-09-07 08:00:00,1.1627906560897827,1.163873314857483,1.162520408630371,1.162520408630371,0.0
2026-09-07 09:00:00,1.162520408630371,1.1629259586334229,1.1623852252960205,1.1623852252960205,0.0
2026-09-07 10:00:00,1.1623852252960205,1.1629259586334229,1.1623852252960205,1.1627906560897827,0.0
2026-09-07 11:00:00,1.1627906560897827,1.1629259586334229,1.162520408630371,1.1626555919647217,0.0
2026-09-07 12:00:00,1.1627906560897827,1.1631964445114136,1.1623852252960205,1.1629259586334229,0.0
2026-09-07 13:00:00,1.1629259586334229,1.1633317470550537,1.1627906560897827,1.1631964445114136,0.0
2026-09-07 14:00:00,1.1631964445114136,1.163602590560913,1.163061261177063,1.1634671688079834,0.0
2026-09-07 15:00:00,1.1634671688079834,1.1634671688079834,1.163061261177063,1.163061261177063,0.0
2026-09-07 16:00:00,1.163061261177063,1.1633317470550537,1.1629259586334229,1.1631964445114136,0.0
2026-09-07 17:00:00,1.1631964445114136,1.1631964445114136,1.1627906560897827,1.1629259586334229,0.0
2026-09-07 18:00:00,1.1629259586334229,1.1629259586334229,1.1626555919647217,1.1626555919647217,0.0
2026-09-07 19:00:00,1.1626555919647217,1.1626555919647217,1.162520408630371,1.162520408630371,0.0
2026-09-07 20:00:00,1.162520408630371,1.1626555919647217,1.162520408630371,1.1626555919647217,0.0
2026-09-07 21:00:00,1.1629259586334229,1.1629259586334229,1.1623852252960205,1.1626555919647217,0.0
2026-09-07 22:00:00,1.1627906560897827,1.1629259586334229,1.1626555919647217,1.1629259586334229,0.0
2026-09-07 23:00:00,1.1629259586334229,1.1633317470550537,1.1629259586334229,1.163061261177063,0.0
2026-09-08 00:00:00,1.163061261177063,1.1634671688079834,1.1627906560897827,1.1629259586334229,0.0
2026-09-08 01:00:00,1.163061261177063,1.163602590560913,1.1629259586334229,1.163602590560913,0.0
2026-09-08 02:00:00,1.1637378931045532,1.1637378931045532,1.1627906560897827,1.1627906560897827,0.0
2026-09-08 03:00:00,1.1626555919647217,1.163061261177063,1.1626555919647217,1.1627906560897827,0.0
2026-09-08 04:00:00,1.1629259586334229,1.1629259586334229,1.1626555919647217,1.1627906560897827,0.0
2026-09-08 05:00:00,1.1627906560897827,1.1634671688079834,1.1626555919647217,1.1634671688079834,0.0
2026-09-08 06:00:00,1.1634671688079834,1.163873314857483,1.1623852252960205,1.162520408630371,0.0
2026-09-08 07:00:00,1.1623852252960205,1.1626555919647217,1.16130530834198,1.1615750789642334,0.0
2026-09-08 08:00:00,1.1615750789642334,1.1618449687957764,1.161170482635498,1.16130530834198,0.0
2026-09-08 09:00:00,1.16130530834198,1.1619800329208374,1.16130530834198,1.1617100238800049,0.0
2026-09-08 10:00:00,1.1617100238800049,1.1618449687957764,1.16130530834198,1.1617100238800049,0.0
2026-09-08 11:00:00,1.1615750789642334,1.16225004196167,1.161170482635498,1.1615750789642334,0.0
2026-09-08 12:00:00,1.1615750789642334,1.16225004196167,1.161440134048462,1.16225004196167,0.0
2026-09-08 13:00:00,1.1623852252960205,1.163061261177063,1.16225004196167,1.162520408630371,0.0
2026-09-08 14:00:00,1.1626555919647217,1.1634671688079834,1.16225004196167,1.1633317470550537,0.0
2026-09-08 15:00:00,1.1634671688079834,1.163602590560913,1.163061261177063,1.163061261177063,0.0
2026-09-08 16:00:00,1.1629259586334229,1.1629259586334229,1.1623852252960205,1.1626555919647217,0.0
2026-09-08 17:00:00,1.1627906560897827,1.163061261177063,1.1627906560897827,1.1629259586334229,0.0
2026-09-08 18:00:00,1.1629259586334229,1.1634671688079834,1.1626555919647217,1.1629259586334229,0.0
2026-09-08 19:00:00,1.1631964445114136,1.1633317470550537,1.1626555919647217,1.1626555919647217,0.0
2026-09-08 20:00:00,1.1626555919647217,1.1627906560897827,1.162520408630371,1.1626555919647217,0.0
2026-09-08 21:00:00,1.1631964445114136,1.1631964445114136,1.162520408630371,1.163061261177063,0.0
2026-09-08 22:00:00,1.1627906560897827,1.163061261177063,1.1627906560897827,1.1629259586334229,0.0
2026-09-08 23:00:00,1.1629259586334229,1.1631964445114136,1.1629259586334229,1.163061261177063,0.0
2026-09-09 00:00:00,1.1631964445114136,1.1634671688079834,1.1631964445114136,1.1634671688079834,0.0
2026-09-09 01:00:00,1.1634671688079834,1.163602590560913,1.163061261177063,1.1634671688079834,0.0
2026-09-09 02:00:00,1.1634671688079834,1.1634671688079834,1.1631964445114136,1.1634671688079834,0.0
2026-09-09 03:00:00,1.1634671688079834,1.163602590560913,1.1633317470550537,1.1633317470550537,0.0
2026-09-09 04:00:00,1.1633317470550537,1.163602590560913,1.1633317470550537,1.163602590560913,0.0
2026-09-09 05:00:00,1.163602590560913,1.1640088558197021,1.163602590560913,1.163873314857483,0.0
2026-09-09 06:00:00,1.163873314857483,1.1648223400115967,1.163873314857483,1.1642799377441406,0.0
2026-09-09 07:00:00,1.1642799377441406,1.1652295589447021,1.1641442775726318,1.1645511388778687,0.0
2026-09-09 08:00:00,1.1645511388778687,1.1645511388778687,1.163602590560913,1.163602590560913,0.0
2026-09-09 09:00:00,1.163602590560913,1.1637378931045532,1.1626555919647217,1.1626555919647217,0.0
2026-09-09 10:00:00,1.1627906560897827,1.163602590560913,1.162520408630371,1.1633317470550537,0.0
2026-09-09 11:00:00,1.1633317470550537,1.1650937795639038,1.1633317470550537,1.164958119392395,0.0
2026-09-09 12:00:00,1.1650937795639038,1.1656370162963867,1.164686679840088,1.164958119392395,0.0
2026-09-09 13:00:00,1.164958119392395,1.1653653383255005,1.1648223400115967,1.164958119392395,0.0
2026-09-09 14:00:00,1.1650937795639038,1.1656370162963867,1.1648223400115967,1.1650937795639038,0.0
2026-09-09 15:00:00,1.1650937795639038,1.1650937795639038,1.1623852252960205,1.163061261177063,0.0
2026-09-09 16:00:00,1.163061261177063,1.1642799377441406,1.163061261177063,1.163873314857483,0.0
2026-09-09 17:00:00,1.163873314857483,1.1644154787063599,1.163873314857483,1.1641442775726318,0.0
2026-09-09 18:00:00,1.1642799377441406,1.1642799377441406,1.1631964445114136,1.1631964445114136,0.0
2026-09-09 19:00:00,1.1633317470550537,1.1634671688079834,1.1629259586334229,1.1634671688079834,0.0
2026-09-09 20:00:00,1.1633317470550537,1.163602590560913,1.1631964445114136,1.163602590560913,0.0
2026-09-09 21:00:00,1.1626555919647217,1.1641442775726318,1.162520408630371,1.163873314857483,0.0
2026-09-09 22:00:00,1.1640088558197021,1.1641442775726318,1.1637378931045532,1.1641442775726318,0.0
2026-09-09 23:00:00,1.1641442775726318,1.1641442775726318,1.1637378931045532,1.1637378931045532,0.0
2026-09-10 00:00:00,1.163602590560913,1.1637378931045532,1.1633317470550537,1.1634671688079834,0.0
2026-09-10 01:00:00,1.163602590560913,1.1642799377441406,1.1634671688079834,1.1642799377441406,0.0
2026-09-10 02:00:00,1.1642799377441406,1.1644154787063599,1.1637378931045532,1.1642799377441406,0.0
2026-09-10 03:00:00,1.1642799377441406,1.1642799377441406,1.1640088558197021,1.1641442775726318,0.0
2026-09-10 04:00:00,1.1641442775726318,1.1642799377441406,1.1640088558197021,1.1640088558197021,0.0
2026-09-10 05:00:00,1.1641442775726318,1.1644154787063599,1.1640088558197021,1.1642799377441406,0.0
2026-09-10 06:00:00,1.1642799377441406,1.1642799377441406,1.1640088558197021,1.1642799377441406,0.0
2026-09-10 07:00:00,1.1642799377441406,1.1644154787063599,1.163873314857483,1.1642799377441406,0.0
2026-09-10 08:00:00,1.1642799377441406,1.1642799377441406,1.163873314857483,1.1641442775726318,0.0
2026-09-10 09:00:00,1.1641442775726318,1.1642799377441406,1.163602590560913,1.1637378931045532,0.0
2026-09-10 10:00:00,1.1637378931045532,1.1641442775726318,1.1627906560897827,1.1631964445114136,0.0
2026-09-10 11:00:00,1.163061261177063,1.1631964445114136,1.1619800329208374,1.1619800329208374,0.0
2026-09-10 12:00:00,1.1621150970458984,1.1627906560897827,1.15968918800354,1.1607661247253418,0.0
2026-09-10 13:00:00,1.1609008312225342,1.1621150970458984,1.1602274179458618,1.1615750789642334,0.0
2026-09-10 14:00:00,1.1617100238800049,1.1631964445114136,1.1617100238800049,1.1631964445114136,0.0
2026-09-10 15:00:00,1.1631964445114136,1.1634671688079834,1.1627906560897827,1.163061261177063,0.0
2026-09-10 16:00:00,1.163061261177063,1.1631964445114136,1.16225004196167,1.16225004196167,0.0
2026-09-10 17:00:00,1.16225004196167,1.1626555919647217,1.1619800329208374,1.16225004196167,0.0
2026-09-10 18:00:00,1.16225004196167,1.16225004196167,1.1615750789642334,1.1615750789642334,0.0
2026-09-10 19:00:00,1.1617100238800049,1.1617100238800049,1.16130530834198,1.161440134048462,0.0
2026-09-10 20:00:00,1.16130530834198,1.1615750789642334,1.1609008312225342,1.1615750789642334,0.0
2026-09-10 21:00:00,1.1615750789642334,1.1619800329208374,1.1607661247253418,1.16130530834198,0.0
2026-09-10 22:00:00,1.1610356569290161,1.161440134048462,1.1610356569290161,1.161440134048462,0.0
2026-09-10 23:00:00,1.16130530834198,1.161440134048462,1.161170482635498,1.161440134048462,0.0
2026-09-11 00:00:00,1.161440134048462,1.1618449687957764,1.161440134048462,1.1618449687957764,0.0
2026-09-11 01:00:00,1.1618449687957764,1.1621150970458984,1.161440134048462,1.1615750789642334,0.0
2026-09-11 02:00:00,1.1615750789642334,1.1615750789642334,1.1609008312225342,1.1610356569290161,0.0
2026-09-11 03:00:00,1.1610356569290161,1.161170482635498,1.1603620052337646,1.160496711730957,0.0
2026-09-11 04:00:00,1.160496711730957,1.161170482635498,1.1603620052337646,1.1607661247253418,0.0
2026-09-11 05:00:00,1.1607661247253418,1.1617100238800049,1.1607661247253418,1.16130530834198,0.0
2026-09-11 06:00:00,1.16130530834198,1.1617100238800049,1.16130530834198,1.16130530834198,0.0
2026-09-11 07:00:00,1.161440134048462,1.161440134048462,1.160496711730957,1.1607661247253418,0.0
2026-09-11 08:00:00,1.1609008312225342,1.161170482635498,1.1602274179458618,1.1602274179458618,0.0
2026-09-11 09:00:00,1.1603620052337646,1.160496711730957,1.1599582433700562,1.1599582433700562,0.0
2026-09-11 10:00:00,1.1599582433700562,1.160092830657959,1.1594202518463135,1.1595547199249268,0.0
2026-09-11 11:00:00,1.1595547199249268,1.1598236560821533,1.1594202518463135,1.1594202518463135,0.0
2026-09-11 12:00:00,1.1595547199249268,1.1606314182281494,1.1574074029922485,1.160496711730957,0.0
2026-09-11 13:00:00,1.1606314182281494,1.1615750789642334,1.1603620052337646,1.1615750789642334,0.0
2026-09-11 14:00:00,1.16130530834198,1.1618449687957764,1.1610356569290161,1.1618449687957764,0.0
2026-09-11 15:00:00,1.1617100238800049,1.1618449687957764,1.1603620052337646,1.1606314182281494,0.0
2026-09-11 16:00:00,1.1606314182281494,1.1610356569290161,1.1602274179458618,1.1603620052337646,0.0
2026-09-11 17:00:00,1.1602274179458618,1.1603620052337646,1.1599582433700562,1.160092830657959,0.0
2026-09-11 18:00:00,1.160092830657959,1.1602274179458618,1.1595547199249268,1.1599582433700562,0.0
2026-09-11 19:00:00,1.1598236560821533,1.160092830657959,1.15968918800354,1.1599582433700562,0.0
2026-09-11 20:00:00,1.1599582433700562,1.160092830657959,1.1595547199249268,1.1599582433700562,0.0
2026-09-11 21:00:00,1.1602274179458618,1.1602274179458618,1.1602274179458618,1.1602274179458618,0.0
2026-09-13 23:00:00,1.1594202518463135,1.15968918800354,1.1592857837677002,1.15968918800354,0.0
2026-09-14 00:00:00,1.15968918800354,1.1599582433700562,1.1588828563690186,1.159151554107666,0.0
2026-09-14 01:00:00,1.159151554107666,1.1592857837677002,1.1587486267089844,1.1588828563690186,0.0
2026-09-14 02:00:00,1.1588828563690186,1.159151554107666,1.1584800481796265,1.1584800481796265,0.0
2026-09-14 03:00:00,1.1584800481796265,1.1584800481796265,1.157273530960083,1.1574074029922485,0.0
2026-09-14 04:00:00,1.1574074029922485,1.1574074029922485,1.1566041707992554,1.1568717956542969,0.0
2026-09-14 05:00:00,1.1568717956542969,1.1574074029922485,1.156738042831421,1.157273530960083,0.0
2026-09-14 06:00:00,1.157273530960083,1.157273530960083,1.155401587486267,1.1556684970855713,0.0
2026-09-14 07:00:00,1.1556684970855713,1.1560693979263306,1.1547343730926514,1.1548677682876587,0.0
2026-09-14 08:00:00,1.1547343730926514,1.1547343730926514,1.1538017988204956,1.1542012691497803,0.0
2026-09-14 09:00:00,1.154334545135498,1.1547343730926514,1.1539349555969238,1.1544678211212158,0.0
2026-09-14 10:00:00,1.1544678211212158,1.1544678211212158,1.154068112373352,1.154334545135498,0.0
2026-09-14 11:00:00,1.154334545135498,1.1552680730819702,1.154334545135498,1.1551345586776733,0.0
2026-09-14 12:00:00,1.1551345586776733,1.1555349826812744,1.15340256690979,1.1535356044769287,0.0
2026-09-14 13:00:00,1.1535356044769287,1.154068112373352,1.1527377367019653,1.1528706550598145,0.0
2026-09-14 14:00:00,1.1528706550598145,1.1546010971069336,1.1527377367019653,1.154068112373352,0.0
2026-09-14 15:00:00,1.154068112373352,1.1552680730819702,1.1539349555969238,1.1551345586776733,0.0
2026-09-14 16:00:00,1.1552680730819702,1.156738042831421,1.1551345586776733,1.156336784362793,0.0
2026-09-14 17:00:00,1.1564704179763794,1.1564704179763794,1.1558021306991577,1.1559356451034546,0.0
2026-09-14 18:00:00,1.1559356451034546,1.156203031539917,1.1559356451034546,1.1559356451034546,0.0
2026-09-14 19:00:00,1.1560693979263306,1.1560693979263306,1.1551345586776733,1.1551345586776733,0.0
2026-09-14 20:00:00,1.155001163482666,1.155401587486267,1.1548677682876587,1.1551345586776733,0.0
2026-09-14 21:00:00,1.155001163482666,1.1558021306991577,1.1547343730926514,1.155401587486267,0.0
2026-09-14 22:00:00,1.155401587486267,1.1555349826812744,1.1552680730819702,1.1555349826812744,0.0
2026-09-14 23:00:00,1.1555349826812744,1.1555349826812744,1.155001163482666,1.1551345586776733,0.0
2026-09-15 00:00:00,1.1551345586776733,1.1551345586776733,1.1546010971069336,1.1547343730926514,0.0
2026-09-15 01:00:00,1.1546010971069336,1.1547343730926514,1.154068112373352,1.1542012691497803,0.0
2026-09-15 02:00:00,1.1542012691497803,1.1544678211212158,1.1539349555969238,1.154334545135498,0.0
2026-09-15 03:00:00,1.1544678211212158,1.1544678211212158,1.154068112373352,1.154068112373352,0.0
2026-09-15 04:00:00,1.154068112373352,1.1542012691497803,1.1538017988204956,1.154068112373352,0.0
2026-09-15 05:00:00,1.154068112373352,1.154068112373352,1.1536686420440674,1.1538017988204956,0.0
2026-09-15 06:00:00,1.1538017988204956,1.1538017988204956,1.1530035734176636,1.1538017988204956,0.0
2026-09-15 07:00:00,1.1538017988204956,1.154334545135498,1.1536686420440674,1.154334545135498,0.0
2026-09-15 08:00:00,1.1544678211212158,1.1544678211212158,1.1536686420440674,1.1536686420440674,0.0
2026-09-15 09:00:00,1.1538017988204956,1.1542012691497803,1.1535356044769287,1.154068112373352,0.0
2026-09-15 10:00:00,1.1542012691497803,1.154334545135498,1.1538017988204956,1.1538017988204956,0.0
2026-09-15 11:00:00,1.1538017988204956,1.1546010971069336,1.1538017988204956,1.1544678211212158,0.0
2026-09-15 12:00:00,1.154334545135498,1.1552680730819702,1.1542012691497803,1.155001163482666,0.0
2026-09-15 13:00:00,1.155001163482666,1.155401587486267,1.1542012691497803,1.1552680730819702,0.0
2026-09-15 14:00:00,1.1552680730819702,1.155401587486267,1.1544678211212158,1.1546010971069336,0.0
2026-09-15 15:00:00,1.1546010971069336,1.1548677682876587,1.1542012691497803,1.1544678211212158,0.0
2026-09-15 16:00:00,1.1544678211212158,1.1546010971069336,1.1542012691497803,1.1546010971069336,0.0
2026-09-15 17:00:00,1.1547343730926514,1.1547343730926514,1.154068112373352,1.154068112373352,0.0
2026-09-15 18:00:00,1.154068112373352,1.1547343730926514,1.1539349555969238,1.1546010971069336,0.0
2026-09-15 19:00:00,1.1546010971069336,1.1546010971069336,1.154334545135498,1.1544678211212158,0.0
2026-09-15 20:00:00,1.1544678211212158,1.1546010971069336,1.1542012691497803,1.1546010971069336,0.0
2026-09-15 21:00:00,1.1539349555969238,1.1551345586776733,1.1536686420440674,1.154334545135498,0.0
2026-09-15 22:00:00,1.1546010971069336,1.1548677682876587,1.154334545135498,1.154334545135498,0.0
2026-09-15 23:00:00,1.1542012691497803,1.1542012691497803,1.1538017988204956,1.1539349555969238,0.0
2026-09-16 00:00:00,1.154068112373352,1.1542012691497803,1.1536686420440674,1.1539349555969238,0.0
2026-09-16 01:00:00,1.1539349555969238,1.1539349555969238,1.1535356044769287,1.1536686420440674,0.0
2026-09-16 02:00:00,1.1535356044769287,1.1546010971069336,1.1535356044769287,1.1546010971069336,0.0
2026-09-16 03:00:00,1.1546010971069336,1.1547343730926514,1.154334545135498,1.1544678211212158,0.0
2026-09-16 04:00:00,1.1544678211212158,1.155001163482666,1.1544678211212158,1.1547343730926514,0.0
2026-09-16 05:00:00,1.1548677682876587,1.155401587486267,1.1547343730926514,1.1552680730819702,0.0
2026-09-16 06:00:00,1.1552680730819702,1.155401587486267,1.1547343730926514,1.1551345586776733,0.0
2026-09-16 07:00:00,1.1551345586776733,1.1559356451034546,1.155001163482666,1.1551345586776733,0.0
2026-09-16 08:00:00,1.1551345586776733,1.1551345586776733,1.1542012691497803,1.154334545135498,0.0
2026-09-16 09:00:00,1.154334545135498,1.1547343730926514,1.1542012691497803,1.1542012691497803,0.0
2026-09-16 10:00:00,1.154334545135498,1.154334545135498,1.1538017988204956,1.1539349555969238,0.0
2026-09-16 11:00:00,1.154068112373352,1.154334545135498,1.1535356044769287,1.1538017988204956,0.0
2026-09-16 12:00:00,1.1539349555969238,1.1542012691497803,1.15340256690979,1.1538017988204956,0.0
2026-09-16 13:00:00,1.1539349555969238,1.1542012691497803,1.1535356044769287,1.1535356044769287,0.0
2026-09-16 14:00:00,1.1536686420440674,1.154334545135498,1.15340256690979,1.1542012691497803,0.0
2026-09-16 15:00:00,1.154334545135498,1.1546010971069336,1.1538017988204956,1.154068112373352,0.0
2026-09-16 16:00:00,1.154068112373352,1.1542012691497803,1.1538017988204956,1.1538017988204956,0.0
2026-09-16 17:00:00,1.1538017988204956,1.1542012691497803,1.15340256690979,1.1542012691497803,0.0
2026-09-16 18:00:00,1.1532695293426514,1.1532695293426514,1.147315263748169,1.147315263748169,0.0
2026-09-16 19:00:00,1.1479737758636475,1.148369312286377,1.1466574668884277,1.1475785970687866,0.0
2026-09-16 20:00:00,1.1475785970687866,1.1475785970687866,1.1465259790420532,1.1466574668884277,0.0
2026-09-16 21:00:00,1.1469204425811768,1.147446870803833,1.1461317539215088,1.1465259790420532,0.0
2026-09-16 22:00:00,1.1466574668884277,1.1471836566925049,1.1465259790420532,1.1470520496368408,0.0
2026-09-16 23:00:00,1.1469204425811768,1.147315263748169,1.1469204425811768,1.1471836566925049,0.0
2026-09-17 00:00:00,1.1470520496368408,1.1475785970687866,1.1462632417678833,1.1462632417678833,0.0
2026-09-17 01:00:00,1.1462632417678833,1.1467890739440918,1.1461317539215088,1.1461317539215088,0.0
2026-09-17 02:00:00,1.1462632417678833,1.1465259790420532,1.1460003852844238,1.1461317539215088,0.0
2026-09-17 03:00:00,1.1462632417678833,1.1463946104049683,1.1460003852844238,1.1463946104049683,0.0
2026-09-17 04:00:00,1.1462632417678833,1.1470520496368408,1.1462632417678833,1.1469204425811768,0.0
2026-09-17 05:00:00,1.1470520496368408,1.1470520496368408,1.1466574668884277,1.1469204425811768,0.0
2026-09-17 06:00:00,1.1469204425811768,1.1486331224441528,1.1469204425811768,1.148369312286377,0.0
2026-09-17 07:00:00,1.148369312286377,1.148369312286377,1.147315263748169,1.1477103233337402,0.0
2026-09-17 08:00:00,1.1477103233337402,1.1477103233337402,1.1470520496368408,1.1477103233337402,0.0
2026-09-17 09:00:00,1.1477103233337402,1.1481056213378906,1.1475785970687866,1.1475785970687866,0.0
2026-09-17 10:00:00,1.1475785970687866,1.148369312286377,1.1475785970687866,1.1481056213378906,0.0
2026-09-17 11:00:00,1.1482374668121338,1.1482374668121338,1.1471836566925049,1.1477103233337402,0.0
2026-09-17 12:00:00,1.1475785970687866,1.1499539613723755,1.1475785970687866,1.1494252681732178,0.0
2026-09-17 13:00:00,1.1495574712753296,1.1495574712753296,1.1488970518112183,1.1492931842803955,0.0
2026-09-17 14:00:00,1.1491611003875732,1.1500862836837769,1.1488970518112183,1.1488970518112183,0.0
2026-09-17 15:00:00,1.1488970518112183,1.1490291357040405,1.1478420495986938,1.1482374668121338,0.0
2026-09-17 16:00:00,1.1482374668121338,1.1482374668121338,1.1478420495986938,1.1479737758636475,0.0
2026-09-17 17:00:00,1.1479737758636475,1.1481056213378906,1.1477103233337402,1.1479737758636475,0.0
2026-09-17 18:00:00,1.1481056213378906,1.1481056213378906,1.1477103233337402,1.1478420495986938,0.0
2026-09-17 19:00:00,1.1478420495986938,1.148369312286377,1.1478420495986938,1.1482374668121338,0.0
2026-09-17 20:00:00,1.1482374668121338,1.1482374668121338,1.1477103233337402,1.1479737758636475,0.0
2026-09-17 21:00:00,1.148369312286377,1.1485011577606201,1.1478420495986938,1.1481056213378906,0.0
2026-09-17 22:00:00,1.1481056213378906,1.1481056213378906,1.1478420495986938,1.1481056213378906,0.0
2026-09-17 23:00:00,1.1481056213378906,1.1482374668121338,1.1478420495986938,1.1478420495986938,0.0
2026-09-18 00:00:00,1.1478420495986938,1.148369312286377,1.1478420495986938,1.148369312286377,0.0
2026-09-18 01:00:00,1.148369312286377,1.1486331224441528,1.1481056213378906,1.1486331224441528,0.0
2026-09-18 02:00:00,1.1485011577606201,1.1485011577606201,1.1481056213378906,1.1481056213378906,0.0
2026-09-18 03:00:00,1.148369312286377,1.1491611003875732,1.1482374668121338,1.1491611003875732,0.0
2026-09-18 04:00:00,1.1494252681732178,1.1495574712753296,1.1490291357040405,1.1490291357040405,0.0
2026-09-18 05:00:00,1.1490291357040405,1.1490291357040405,1.1482374668121338,1.1482374668121338,0.0
2026-09-18 06:00:00,1.1482374668121338,1.1487650871276855,1.1482374668121338,1.1486331224441528,0.0
2026-09-18 07:00:00,1.1486331224441528,1.1490291357040405,1.1482374668121338,1.1488970518112183,0.0
2026-09-18 08:00:00,1.1487650871276855,1.1494252681732178,1.1481056213378906,1.1486331224441528,0.0
2026-09-18 09:00:00,1.1485011577606201,1.1490291357040405,1.1485011577606201,1.1486331224441528,0.0
2026-09-18 10:00:00,1.1487650871276855,1.1487650871276855,1.147446870803833,1.1475785970687866,0.0
2026-09-18 11:00:00,1.1477103233337402,1.1479737758636475,1.1461317539215088,1.1463946104049683,0.0
2026-09-18 12:00:00,1.1463946104049683,1.147315263748169,1.1458691358566284,1.1471836566925049,0.0
2026-09-18 13:00:00,1.1471836566925049,1.1471836566925049,1.1462632417678833,1.1462632417678833,0.0
2026-09-18 14:00:00,1.1462632417678833,1.1467890739440918,1.1462632417678833,1.1465259790420532,0.0
2026-09-18 15:00:00,1.1465259790420532,1.1471836566925049,1.1462632417678833,1.1467890739440918,0.0
2026-09-18 16:00:00,1.1466574668884277,1.1478420495986938,1.1466574668884277,1.1477103233337402,0.0
2026-09-18 17:00:00,1.1477103233337402,1.1488970518112183,1.1477103233337402,1.148369312286377,0.0
2026-09-18 18:00:00,1.148369312286377,1.1486331224441528,1.148369312286377,1.1486331224441528,0.0
2026-09-18 19:00:00,1.1487650871276855,1.1492931842803955,1.1486331224441528,1.1488970518112183,0.0
2026-09-18 20:00:00,1.1490291357040405,1.1491611003875732,1.1488970518112183,1.1490291357040405,0.0
2026-09-18 21:00:00,1.1488970518112183,1.1488970518112183,1.1488970518112183,1.1488970518112183,0.0
2026-09-20 23:00:00,1.148369312286377,1.148369312286377,1.1481056213378906,1.1481056213378906,0.0
2026-09-21 00:00:00,1.1482374668121338,1.1487650871276855,1.1481056213378906,1.1485011577606201,0.0
2026-09-21 01:00:00,1.1485011577606201,1.1488970518112183,1.148369312286377,1.1486331224441528,0.0
2026-09-21 02:00:00,1.1486331224441528,1.1486331224441528,1.1479737758636475,1.1479737758636475,0.0
2026-09-21 03:00:00,1.1481056213378906,1.1481056213378906,1.1478420495986938,1.1478420495986938,0.0
2026-09-21 04:00:00,1.1478420495986938,1.1481056213378906,1.1477103233337402,1.1478420495986938,0.0
2026-09-21 05:00:00,1.1478420495986938,1.1481056213378906,1.1475785970687866,1.1477103233337402,0.0
2026-09-21 06:00:00,1.1477103233337402,1.1482374668121338,1.147446870803833,1.1478420495986938,0.0
2026-09-21 07:00:00,1.1477103233337402,1.1482374668121338,1.147446870803833,1.1479737758636475,0.0
2026-09-21 08:00:00,1.1479737758636475,1.1488970518112183,1.1478420495986938,1.148369312286377,0.0
2026-09-21 09:00:00,1.148369312286377,1.148369312286377,1.1481056213378906,1.148369312286377,0.0
2026-09-21 10:00:00,1.1482374668121338,1.1487650871276855,1.1482374668121338,1.148369312286377,0.0
2026-09-21 11:00:00,1.148369312286377,1.1494252681732178,1.148369312286377,1.1492931842803955,0.0
2026-09-21 12:00:00,1.1492931842803955,1.1498217582702637,1.1487650871276855,1.1488970518112183,0.0
2026-09-21 13:00:00,1.1490291357040405,1.1490291357040405,1.1475785970687866,1.1475785970687866,0.0
2026-09-21 14:00:00,1.1475785970687866,1.1478420495986938,1.1470520496368408,1.1475785970687866,0.0
2026-09-21 15:00:00,1.1475785970687866,1.1475785970687866,1.1470520496368408,1.1470520496368408,0.0
2026-09-21 16:00:00,1.1470520496368408,1.1475785970687866,1.1470520496368408,1.1471836566925049,0.0
2026-09-21 17:00:00,1.147315263748169,1.147315263748169,1.1469204425811768,1.1469204425811768,0.0
2026-09-21 18:00:00,1.1469204425811768,1.1470520496368408,1.1465259790420532,1.1467890739440918,0.0
2026-09-21 19:00:00,1.1467890739440918,1.1471836566925049,1.1467890739440918,1.1467890739440918,0.0
2026-09-21 20:00:00,1.1467890739440918,1.1469204425811768,1.1466574668884277,1.1467890739440918,0.0
2026-09-21 21:00:00,1.1471836566925049,1.147446870803833,1.1466574668884277,1.1470520496368408,0.0
2026-09-21 22:00:00,1.1469204425811768,1.1469204425811768,1.1466574668884277,1.1467890739440918,0.0
2026-09-21 23:00:00,1.1467890739440918,1.1467890739440918,1.1466574668884277,1.1467890739440918,0.0
2026-09-22 00:00:00,1.1466574668884277,1.147446870803833,1.1466574668884277,1.147315263748169,0.0
2026-09-22 01:00:00,1.147446870803833,1.147446870803833,1.1466574668884277,1.1467890739440918,0.0
2026-09-22 02:00:00,1.1467890739440918,1.147446870803833,1.1466574668884277,1.147315263748169,0.0
2026-09-22 03:00:00,1.147315263748169,1.1478420495986938,1.1471836566925049,1.1477103233337402,0.0
2026-09-22 04:00:00,1.1477103233337402,1.1481056213378906,1.1475785970687866,1.1481056213378906,0.0
2026-09-22 05:00:00,1.1481056213378906,1.1481056213378906,1.147446870803833,1.147446870803833,0.0
2026-09-22 06:00:00,1.147446870803833,1.147446870803833,1.1462632417678833,1.1467890739440918,0.0
2026-09-22 07:00:00,1.1466574668884277,1.1467890739440918,1.145213007926941,1.145213007926941,0.0
2026-09-22 08:00:00,1.1449507474899292,1.1467890739440918,1.1437721252441406,1.1461317539215088,0.0
2026-09-22 09:00:00,1.1460003852844238,1.1469204425811768,1.145081877708435,1.1469204425811768,0.0
2026-09-22 10:00:00,1.1469204425811768,1.147315263748169,1.1463946104049683,1.1470520496368408,0.0
2026-09-22 11:00:00,1.1469204425811768,1.1470520496368408,1.1462632417678833,1.1465259790420532,0.0
2026-09-22 12:00:00,1.1466574668884277,1.1469204425811768,1.1458691358566284,1.1460003852844238,0.0
2026-09-22 13:00:00,1.1460003852844238,1.1462632417678833,1.1456066370010376,1.145737886428833,0.0
2026-09-22 14:00:00,1.145737886428833,1.145737886428833,1.1442956924438477,1.1445575952529907,0.0
2026-09-22 15:00:00,1.1445575952529907,1.144688606262207,1.143379807472229,1.1435105800628662,0.0
2026-09-22 16:00:00,1.1435105800628662,1.144164800643921,1.1432491540908813,1.1440337896347046,0.0
2026-09-22 17:00:00,1.1439030170440674,1.144426703453064,1.143379807472229,1.1442956924438477,0.0
2026-09-22 18:00:00,1.1442956924438477,1.144688606262207,1.144164800643921,1.1445575952529907,0.0
2026-09-22 19:00:00,1.1445575952529907,1.145737886428833,1.1445575952529907,1.145081877708435,0.0
2026-09-22 20:00:00,1.145081877708435,1.1454753875732422,1.145081877708435,1.145081877708435,0.0
2026-09-22 21:00:00,1.144819736480713,1.1454753875732422,1.144819736480713,1.145213007926941,0.0
2026-09-22 22:00:00,1.145213007926941,1.145213007926941,1.1449507474899292,1.1449507474899292,0.0
2026-09-22 23:00:00,1.145081877708435,1.145213007926941,1.1449507474899292,1.145081877708435,0.0
2026-09-23 00:00:00,1.145081877708435,1.145213007926941,1.144819736480713,1.1449507474899292,0.0
2026-09-23 01:00:00,1.1449507474899292,1.1449507474899292,1.144164800643921,1.144164800643921,0.0
2026-09-23 02:00:00,1.144164800643921,1.144164800643921,1.1436413526535034,1.1437721252441406,0.0
2026-09-23 03:00:00,1.1436413526535034,1.1437721252441406,1.1431183815002441,1.1431183815002441,0.0
2026-09-23 04:00:00,1.142987847328186,1.143379807472229,1.1428571939468384,1.142987847328186,0.0
2026-09-23 05:00:00,1.142987847328186,1.1432491540908813,1.1427265405654907,1.1428571939468384,0.0
2026-09-23 06:00:00,1.1428571939468384,1.1431183815002441,1.1425960063934326,1.1427265405654907,0.0
2026-09-23 07:00:00,1.1427265405654907,1.1428571939468384,1.1420739889144897,1.1420739889144897,0.0
2026-09-23 08:00:00,1.1422044038772583,1.1425960063934326,1.141422152519226,1.1422044038772583,0.0
2026-09-23 09:00:00,1.1420739889144897,1.1422044038772583,1.1411616802215576,1.1411616802215576,0.0
2026-09-23 10:00:00,1.1411616802215576,1.1419435739517212,1.1410315036773682,1.1419435739517212,0.0
2026-09-23 11:00:00,1.1419435739517212,1.1423349380493164,1.1407711505889893,1.1415525674819946,0.0
2026-09-23 12:00:00,1.141422152519226,1.1415525674819946,1.140380859375,1.1411616802215576,0.0
2026-09-23 13:00:00,1.1411616802215576,1.1419435739517212,1.1394712924957275,1.1401208639144897,0.0
2026-09-23 14:00:00,1.1401208639144897,1.1407711505889893,1.1388224363327026,1.140380859375,0.0
2026-09-23 15:00:00,1.1405109167099,1.1405109167099,1.1390818357467651,1.1397310495376587,0.0
2026-09-23 16:00:00,1.1396011114120483,1.1398608684539795,1.138044834136963,1.1381744146347046,0.0
2026-09-23 17:00:00,1.138044834136963,1.1396011114120483,1.1373976469039917,1.1396011114120483,0.0
2026-09-23 18:00:00,1.1394712924957275,1.1396011114120483,1.1384334564208984,1.1389521360397339,0.0
2026-09-23 19:00:00,1.1389521360397339,1.139211654663086,1.1385631561279297,1.1388224363327026,0.0
2026-09-23 20:00:00,1.1388224363327026,1.1390818357467651,1.1384334564208984,1.1386927366256714,0.0
2026-09-23 21:00:00,1.1383039951324463,1.139211654663086,1.1381744146347046,1.1386927366256714,0.0
2026-09-23 22:00:00,1.1386927366256714,1.1389521360397339,1.1386927366256714,1.1388224363327026,0.0
2026-09-23 23:00:00,1.1388224363327026,1.1388224363327026,1.1383039951324463,1.1384334564208984,0.0
2026-09-24 00:00:00,1.1385631561279297,1.1386927366256714,1.1375269889831543,1.1379153728485107,0.0
2026-09-24 01:00:00,1.1379153728485107,1.1385631561279297,1.1379153728485107,1.1379153728485107,0.0
2026-09-24 02:00:00,1.1379153728485107,1.1386927366256714,1.137268304824829,1.1386927366256714,0.0
2026-09-24 03:00:00,1.1388224363327026,1.1389521360397339,1.138044834136963,1.138044834136963,0.0
2026-09-24 04:00:00,1.138044834136963,1.1388224363327026,1.1379153728485107,1.1388224363327026,0.0
2026-09-24 05:00:00,1.1386927366256714,1.1389521360397339,1.1379153728485107,1.1379153728485107,0.0
2026-09-24 06:00:00,1.138044834136963,1.1393414735794067,1.138044834136963,1.1388224363327026,0.0
2026-09-24 07:00:00,1.1389521360397339,1.1401208639144897,1.1386927366256714,1.1397310495376587,0.0
2026-09-24 08:00:00,1.1396011114120483,1.1401208639144897,1.1383039951324463,1.1385631561279297,0.0
2026-09-24 09:00:00,1.1384334564208984,1.1384334564208984,1.1375269889831543,1.1376564502716064,0.0
2026-09-24 10:00:00,1.1376564502716064,1.1379153728485107,1.1364928483963013,1.1376564502716064,0.0
2026-09-24 11:00:00,1.1376564502716064,1.1379153728485107,1.1370097398757935,1.1371389627456665,0.0
2026-09-24 12:00:00,1.1371389627456665,1.1377859115600586,1.1366219520568848,1.1377859115600586,0.0
2026-09-24 13:00:00,1.1377859115600586,1.138044834136963,1.1363636255264282,1.1376564502716064,0.0
2026-09-24 14:00:00,1.1375269889831543,1.1381744146347046,1.1375269889831543,1.1376564502716064,0.0
2026-09-24 15:00:00,1.1377859115600586,1.1377859115600586,1.1367511749267578,1.1375269889831543,0.0
2026-09-24 16:00:00,1.1376564502716064,1.1393414735794067,1.137268304824829,1.1383039951324463,0.0
2026-09-24 17:00:00,1.1381744146347046,1.1385631561279297,1.1368803977966309,1.1370097398757935,0.0
2026-09-24 18:00:00,1.1371389627456665,1.1377859115600586,1.1363636255264282,1.1377859115600586,0.0
2026-09-24 19:00:00,1.1376564502716064,1.1381744146347046,1.1375269889831543,1.138044834136963,0.0
2026-09-24 20:00:00,1.138044834136963,1.1384334564208984,1.1373976469039917,1.1383039951324463,0.0
2026-09-24 21:00:00,1.1386927366256714,1.1386927366256714,1.1376564502716064,1.1381744146347046,0.0
2026-09-24 22:00:00,1.1381744146347046,1.1383039951324463,1.1379153728485107,1.1381744146347046,0.0
2026-09-24 23:00:00,1.138044834136963,1.1381744146347046,1.1376564502716064,1.1376564502716064,0.0
2026-09-25 00:00:00,1.1376564502716064,1.1379153728485107,1.1373976469039917,1.1379153728485107,0.0
2026-09-25 01:00:00,1.1377859115600586,1.1385631561279297,1.1377859115600586,1.1377859115600586,0.0
2026-09-25 02:00:00,1.1379153728485107,1.1381744146347046,1.1375269889831543,1.1375269889831543,0.0
2026-09-25 03:00:00,1.1375269889831543,1.1375269889831543,1.1371389627456665,1.137268304824829,0.0
2026-09-25 04:00:00,1.137268304824829,1.1373976469039917,1.1371389627456665,1.1373976469039917,0.0
2026-09-25 05:00:00,1.1373976469039917,1.1379153728485107,1.137268304824829,1.1377859115600586,0.0
2026-09-25 06:00:00,1.1379153728485107,1.1393414735794067,1.1379153728485107,1.1389521360397339,0.0
2026-09-25 07:00:00,1.1389521360397339,1.1393414735794067,1.1381744146347046,1.1393414735794067,0.0
2026-09-25 08:00:00,1.1393414735794067,1.1397310495376587,1.1390818357467651,1.1394712924957275,0.0
2026-09-25 09:00:00,1.1394712924957275,1.1397310495376587,1.1390818357467651,1.1394712924957275,0.0
2026-09-25 10:00:00,1.1394712924957275,1.1402509212493896,1.1394712924957275,1.1401208639144897,0.0
2026-09-25 11:00:00,1.1401208639144897,1.1411616802215576,1.1401208639144897,1.1406410932540894,0.0
2026-09-25 12:00:00,1.1405109167099,1.1410315036773682,1.1402509212493896,1.1405109167099,0.0
2026-09-25 13:00:00,1.1405109167099,1.1410315036773682,1.1401208639144897,1.1405109167099,0.0
2026-09-25 14:00:00,1.1405109167099,1.1406410932540894,1.1399909257888794,1.140380859375,0.0
2026-09-25 15:00:00,1.1405109167099,1.1406410932540894,1.1389521360397339,1.1399909257888794,0.0
2026-09-25 16:00:00,1.140380859375,1.141291856765747,1.1394712924957275,1.1396011114120483,0.0
2026-09-25 17:00:00,1.1396011114120483,1.1397310495376587,1.1390818357467651,1.1393414735794067,0.0
2026-09-25 18:00:00,1.1394712924957275,1.140380859375,1.1393414735794067,1.1402509212493896,0.0
2026-09-25 19:00:00,1.140380859375,1.140380859375,1.1398608684539795,1.1398608684539795,0.0
2026-09-25 20:00:00,1.1398608684539795,1.1399909257888794,1.1394712924957275,1.1394712924957275,0.0
2026-09-25 21:00:00,1.139211654663086,1.139211654663086,1.139211654663086,1.139211654663086,0.0
2026-09-27 23:00:00,1.138044834136963,1.1383039951324463,1.1376564502716064,1.1381744146347046,0.0
2026-09-28 00:00:00,1.1381744146347046,1.1389521360397339,1.1381744146347046,1.1388224363327026,0.0
2026-09-28 01:00:00,1.1388224363327026,1.139211654663086,1.1386927366256714,1.139211654663086,0.0
2026-09-28 02:00:00,1.139211654663086,1.1393414735794067,1.1390818357467651,1.139211654663086,0.0
2026-09-28 03:00:00,1.139211654663086,1.1394712924957275,1.1388224363327026,1.1389521360397339,0.0
2026-09-28 04:00:00,1.1389521360397339,1.1393414735794067,1.1389521360397339,1.1389521360397339,0.0
2026-09-28 05:00:00,1.1389521360397339,1.139211654663086,1.1383039951324463,1.1385631561279297,0.0
2026-09-28 06:00:00,1.1384334564208984,1.1384334564208984,1.1379153728485107,1.138044834136963,0.0
2026-09-28 07:00:00,1.1377859115600586,1.1388224363327026,1.1375269889831543,1.1385631561279297,0.0
2026-09-28 08:00:00,1.1389521360397339,1.139211654663086,1.1377859115600586,1.1377859115600586,0.0
2026-09-28 09:00:00,1.1379153728485107,1.1381744146347046,1.1376564502716064,1.1377859115600586,0.0
2026-09-28 10:00:00,1.1377859115600586,1.1377859115600586,1.1370097398757935,1.1376564502716064,0.0
2026-09-28 11:00:00,1.1376564502716064,1.138044834136963,1.137268304824829,1.1377859115600586,0.0
2026-09-28 12:00:00,1.1377859115600586,1.1383039951324463,1.1370097398757935,1.1373976469039917,0.0
2026-09-28 13:00:00,1.1371389627456665,1.137268304824829,1.1361054182052612,1.1366219520568848,0.0
2026-09-28 14:00:00,1.1366219520568848,1.137268304824829,1.1358473300933838,1.1367511749267578,0.0
2026-09-28 15:00:00,1.1367511749267578,1.1373976469039917,1.1364928483963013,1.1370097398757935,0.0
2026-09-28 16:00:00,1.1368803977966309,1.1390818357467651,1.1367511749267578,1.1375269889831543,0.0
2026-09-28 17:00:00,1.1375269889831543,1.1386927366256714,1.137268304824829,1.138044834136963,0.0
2026-09-28 18:00:00,1.138044834136963,1.138044834136963,1.1371389627456665,1.1371389627456665,0.0
2026-09-28 19:00:00,1.1371389627456665,1.137268304824829,1.1368803977966309,1.1370097398757935,0.0
2026-09-28 20:00:00,1.1371389627456665,1.1375269889831543,1.1370097398757935,1.137268304824829,0.0
2026-09-28 21:00:00,1.1367511749267578,1.1373976469039917,1.1367511749267578,1.1373976469039917,0.0
2026-09-28 22:00:00,1.1375269889831543,1.1377859115600586,1.1373976469039917,1.1373976469039917,0.0
2026-09-28 23:00:00,1.1375269889831543,1.1375269889831543,1.1373976469039917,1.1373976469039917,0.0
2026-09-29 00:00:00,1.137268304824829,1.137268304824829,1.1366219520568848,1.1370097398757935,0.0
2026-09-29 01:00:00,1.1368803977966309,1.137268304824829,1.1368803977966309,1.1370097398757935,0.0
2026-09-29 02:00:00,1.1370097398757935,1.1375269889831543,1.1370097398757935,1.1371389627456665,0.0
2026-09-29 03:00:00,1.1371389627456665,1.1371389627456665,1.1362345218658447,1.1363636255264282,0.0
2026-09-29 04:00:00,1.1363636255264282,1.1367511749267578,1.1362345218658447,1.1363636255264282,0.0
2026-09-29 05:00:00,1.1363636255264282,1.1364928483963013,1.1358473300933838,1.1359764337539673,0.0
2026-09-29 06:00:00,1.1361054182052612,1.1368803977966309,1.1361054182052612,1.1363636255264282,0.0
2026-09-29 07:00:00,1.1364928483963013,1.1366219520568848,1.1346874237060547,1.1353315114974976,0.0
2026-09-29 08:00:00,1.1353315114974976,1.135589361190796,1.1346874237060547,1.1350737810134888,0.0
2026-09-29 09:00:00,1.1350737810134888,1.1350737810134888,1.1336582899093628,1.1337867975234985,0.0
2026-09-29 10:00:00,1.1337867975234985,1.1353315114974976,1.1337867975234985,1.1353315114974976,0.0
2026-09-29 11:00:00,1.1352026462554932,1.1357183456420898,1.1348161697387695,1.1354604959487915,0.0
2026-09-29 12:00:00,1.135589361190796,1.1361054182052612,1.1346874237060547,1.1346874237060547,0.0
2026-09-29 13:00:00,1.1349449157714844,1.1349449157714844,1.1346874237060547,1.1346874237060547,0.0
2026-09-29 13:21:58,1.1348161697387695,1.1348161697387695,1.1348161697387695,1.1348161697387695,0.0
