d,repo_name,push,merged_pr,stars,issues_opened,actors
2023-06-01,ethereum/go-ethereum,2,2,21,2,12
2023-06-01,solana-labs/solana,19,14,4,3,19
2023-06-01,bitcoin/bitcoin,4,4,18,0,22
2023-06-01,MystenLabs/sui,97,16,4,2,31
2023-06-01,lightningnetwork/lnd,0,0,2,1,9
2023-06-01,paradigmxyz/reth,32,5,3,3,11
2023-06-02,lightningnetwork/lnd,0,0,0,2,7
2023-06-02,solana-labs/solana,21,18,4,4,26
2023-06-02,bitcoin/bitcoin,8,6,13,1,26
2023-06-02,paradigmxyz/reth,54,12,1,4,9
2023-06-02,MystenLabs/sui,62,7,7,3,24
2023-06-02,ethereum/go-ethereum,1,1,11,1,11
2023-06-03,paradigmxyz/reth,14,3,2,3,6
2023-06-03,MystenLabs/sui,41,8,2,0,17
2023-06-03,ethereum/go-ethereum,0,0,16,0,2
2023-06-03,bitcoin/bitcoin,0,0,5,1,11
2023-06-03,solana-labs/solana,3,4,5,1,14
2023-06-03,lightningnetwork/lnd,0,0,1,1,5
2023-06-04,paradigmxyz/reth,6,0,0,0,6
2023-06-04,lightningnetwork/lnd,0,0,1,0,1
2023-06-04,MystenLabs/sui,1,0,1,0,5
2023-06-04,solana-labs/solana,0,0,3,1,4
2023-06-04,bitcoin/bitcoin,0,0,17,2,10
2023-06-04,ethereum/go-ethereum,0,0,13,1,0
2023-06-05,solana-labs/solana,12,6,7,1,19
2023-06-05,paradigmxyz/reth,68,24,4,5,14
2023-06-05,bitcoin/bitcoin,1,1,11,1,23
2023-06-05,lightningnetwork/lnd,3,2,3,0,8
2023-06-05,ethereum/go-ethereum,1,3,7,1,5
2023-06-05,MystenLabs/sui,74,18,5,2,27
2023-06-06,ethereum/go-ethereum,7,5,14,2,9
2023-06-06,lightningnetwork/lnd,1,0,2,0,7
2023-06-06,MystenLabs/sui,85,15,6,1,30
2023-06-06,paradigmxyz/reth,66,27,0,5,12
2023-06-06,solana-labs/solana,22,23,3,2,18
2023-06-06,bitcoin/bitcoin,1,1,14,0,15
2023-06-07,bitcoin/bitcoin,3,3,13,1,14
2023-06-07,lightningnetwork/lnd,1,0,2,3,15
2023-06-07,ethereum/go-ethereum,1,1,12,2,11
2023-06-07,MystenLabs/sui,90,16,3,0,34
2023-06-07,paradigmxyz/reth,27,4,5,2,8
2023-06-07,solana-labs/solana,14,13,3,1,21
2023-06-08,lightningnetwork/lnd,2,1,1,0,8
2023-06-08,paradigmxyz/reth,48,8,5,4,13
2023-06-08,ethereum/go-ethereum,1,1,9,1,10
2023-06-08,MystenLabs/sui,48,6,3,1,20
2023-06-08,bitcoin/bitcoin,1,1,26,0,15
2023-06-08,solana-labs/solana,11,6,0,1,24
2023-06-09,lightningnetwork/lnd,1,0,1,1,10
2023-06-09,MystenLabs/sui,72,14,8,1,21
2023-06-09,solana-labs/solana,10,10,3,1,17
2023-06-09,paradigmxyz/reth,33,12,2,1,14
2023-06-09,ethereum/go-ethereum,0,0,7,4,11
2023-06-09,bitcoin/bitcoin,2,2,11,3,16
2023-06-10,lightningnetwork/lnd,2,2,1,0,4
2023-06-10,paradigmxyz/reth,4,1,4,5,7
2023-06-10,MystenLabs/sui,10,1,0,0,7
2023-06-10,ethereum/go-ethereum,0,0,9,0,5
2023-06-10,bitcoin/bitcoin,0,0,29,2,10
2023-06-10,solana-labs/solana,1,1,1,0,4
2023-06-11,solana-labs/solana,1,1,7,0,4
2023-06-11,paradigmxyz/reth,6,1,3,1,7
2023-06-11,ethereum/go-ethereum,0,0,14,0,4
2023-06-11,bitcoin/bitcoin,0,0,19,0,10
2023-06-11,MystenLabs/sui,3,0,1,0,4
2023-06-11,lightningnetwork/lnd,0,0,0,1,0
2023-06-12,lightningnetwork/lnd,1,1,0,1,9
2023-06-12,ethereum/go-ethereum,0,0,16,2,7
2023-06-12,paradigmxyz/reth,48,11,3,2,14
2023-06-12,MystenLabs/sui,76,23,5,5,29
2023-06-12,solana-labs/solana,22,17,2,2,20
2023-06-12,bitcoin/bitcoin,7,7,18,1,26
2023-06-13,solana-labs/solana,30,23,6,2,23
2023-06-13,paradigmxyz/reth,35,7,29,6,14
2023-06-13,bitcoin/bitcoin,3,3,27,0,16
2023-06-13,MystenLabs/sui,65,11,6,2,31
2023-06-13,lightningnetwork/lnd,1,2,4,1,8
2023-06-13,ethereum/go-ethereum,4,4,38,0,11
2023-06-14,MystenLabs/sui,83,16,8,3,31
2023-06-14,ethereum/go-ethereum,2,5,27,2,10
2023-06-14,solana-labs/solana,19,18,8,1,23
2023-06-14,lightningnetwork/lnd,3,1,2,1,11
2023-06-14,paradigmxyz/reth,52,9,11,8,14
2023-06-14,bitcoin/bitcoin,3,4,19,1,27
2023-06-15,bitcoin/bitcoin,2,2,17,0,24
2023-06-15,solana-labs/solana,15,17,10,2,21
2023-06-15,paradigmxyz/reth,81,24,8,2,15
2023-06-15,ethereum/go-ethereum,3,3,25,0,9
2023-06-15,lightningnetwork/lnd,2,1,3,0,12
2023-06-15,MystenLabs/sui,84,13,9,1,28
2023-06-16,bitcoin/bitcoin,3,3,14,2,18
2023-06-16,solana-labs/solana,8,8,7,2,15
2023-06-16,MystenLabs/sui,65,6,6,2,21
2023-06-16,ethereum/go-ethereum,2,2,20,4,15
2023-06-16,paradigmxyz/reth,23,6,3,5,12
2023-06-16,lightningnetwork/lnd,3,3,2,0,5
2023-06-17,solana-labs/solana,2,2,1,1,10
2023-06-17,paradigmxyz/reth,26,10,1,1,9
2023-06-17,lightningnetwork/lnd,0,0,4,0,1
2023-06-17,bitcoin/bitcoin,0,0,24,2,8
2023-06-17,MystenLabs/sui,28,4,3,3,13
2023-06-17,ethereum/go-ethereum,0,0,17,0,5
2023-06-18,lightningnetwork/lnd,0,0,2,0,1
2023-06-18,paradigmxyz/reth,7,0,2,0,8
2023-06-18,MystenLabs/sui,9,2,6,0,9
2023-06-18,bitcoin/bitcoin,1,1,25,1,11
2023-06-18,ethereum/go-ethereum,2,2,15,0,4
2023-06-18,solana-labs/solana,0,0,3,0,3
2023-06-19,solana-labs/solana,8,8,3,0,8
2023-06-19,ethereum/go-ethereum,18,18,22,5,17
2023-06-19,bitcoin/bitcoin,1,1,10,0,12
2023-06-19,paradigmxyz/reth,88,26,1,8,15
2023-06-19,lightningnetwork/lnd,1,1,0,0,6
2023-06-19,MystenLabs/sui,31,4,8,4,13
2023-06-20,ethereum/go-ethereum,4,3,20,1,11
2023-06-20,bitcoin/bitcoin,6,5,26,2,25
2023-06-20,MystenLabs/sui,81,10,8,0,27
2023-06-20,lightningnetwork/lnd,1,1,1,1,7
2023-06-20,solana-labs/solana,22,15,3,2,17
2023-06-20,paradigmxyz/reth,61,13,39,6,12
2023-06-21,bitcoin/bitcoin,5,6,14,0,19
2023-06-21,solana-labs/solana,13,9,5,0,26
2023-06-21,lightningnetwork/lnd,0,0,1,0,8
2023-06-21,MystenLabs/sui,100,16,8,2,32
2023-06-21,paradigmxyz/reth,62,16,43,7,19
2023-06-21,ethereum/go-ethereum,1,1,16,5,12
2023-06-22,paradigmxyz/reth,59,21,46,7,15
2023-06-22,ethereum/go-ethereum,2,2,15,2,10
2023-06-22,lightningnetwork/lnd,2,2,4,4,16
2023-06-22,MystenLabs/sui,112,21,2,0,36
2023-06-22,bitcoin/bitcoin,4,4,15,1,20
2023-06-22,solana-labs/solana,10,9,3,1,20
2023-06-23,MystenLabs/sui,102,17,1,2,32
2023-06-23,bitcoin/bitcoin,5,5,28,1,30
2023-06-23,ethereum/go-ethereum,1,1,22,4,10
2023-06-23,lightningnetwork/lnd,0,0,3,0,9
2023-06-23,solana-labs/solana,3,3,3,1,15
2023-06-23,paradigmxyz/reth,60,11,50,4,17
2023-06-24,ethereum/go-ethereum,0,0,23,0,6
2023-06-24,solana-labs/solana,17,8,4,1,14
2023-06-24,lightningnetwork/lnd,0,0,1,0,2
2023-06-24,MystenLabs/sui,31,2,4,0,13
2023-06-24,bitcoin/bitcoin,0,0,19,0,8
2023-06-24,paradigmxyz/reth,10,0,17,1,3
2023-06-25,MystenLabs/sui,18,3,7,0,10
2023-06-25,paradigmxyz/reth,15,8,17,1,9
2023-06-25,bitcoin/bitcoin,0,0,22,3,14
2023-06-25,ethereum/go-ethereum,1,1,18,2,38
2023-06-25,solana-labs/solana,3,2,3,1,7
2023-06-25,lightningnetwork/lnd,0,0,0,2,5
2023-06-26,lightningnetwork/lnd,0,0,1,0,10
2023-06-26,bitcoin/bitcoin,4,4,20,3,23
2023-06-26,MystenLabs/sui,78,19,6,1,31
2023-06-26,ethereum/go-ethereum,0,0,30,4,28
2023-06-26,paradigmxyz/reth,70,16,9,14,15
2023-06-26,solana-labs/solana,10,5,4,0,13
2023-06-27,paradigmxyz/reth,46,13,5,14,11
2023-06-27,lightningnetwork/lnd,1,1,2,1,9
2023-06-27,ethereum/go-ethereum,8,8,15,0,15
2023-06-27,MystenLabs/sui,100,21,4,1,31
2023-06-27,bitcoin/bitcoin,6,6,20,1,20
2023-06-27,solana-labs/solana,9,6,6,1,19
2023-06-28,lightningnetwork/lnd,0,0,6,0,7
2023-06-28,solana-labs/solana,23,15,3,1,21
2023-06-28,MystenLabs/sui,115,21,2,1,26
2023-06-28,ethereum/go-ethereum,2,3,13,1,5
2023-06-28,paradigmxyz/reth,31,5,11,5,16
2023-06-28,bitcoin/bitcoin,5,4,12,0,24
2023-06-29,bitcoin/bitcoin,5,6,26,3,21
2023-06-29,paradigmxyz/reth,76,11,16,7,16
2023-06-29,solana-labs/solana,22,18,7,1,24
2023-06-29,ethereum/go-ethereum,0,0,10,1,5
2023-06-29,MystenLabs/sui,82,15,4,1,27
2023-06-29,lightningnetwork/lnd,1,1,0,0,7
2023-06-30,ethereum/go-ethereum,0,0,21,4,10
2023-06-30,MystenLabs/sui,64,19,4,0,26
2023-06-30,paradigmxyz/reth,71,16,14,4,20
2023-06-30,solana-labs/solana,10,7,9,1,21
2023-06-30,lightningnetwork/lnd,0,0,2,1,8
2023-06-30,bitcoin/bitcoin,10,10,16,0,17
2023-07-01,paradigmxyz/reth,21,5,8,6,10
2023-07-01,bitcoin/bitcoin,0,0,14,1,8
2023-07-01,solana-labs/solana,1,1,1,1,9
2023-07-01,lightningnetwork/lnd,0,0,1,0,4
2023-07-01,MystenLabs/sui,11,2,3,1,10
2023-07-01,ethereum/go-ethereum,0,0,8,0,3
2023-07-02,MystenLabs/sui,7,2,5,0,5
2023-07-02,lightningnetwork/lnd,0,0,3,1,7
2023-07-02,ethereum/go-ethereum,1,1,9,1,2
2023-07-02,paradigmxyz/reth,26,8,12,4,10
2023-07-02,bitcoin/bitcoin,0,0,16,0,7
2023-07-02,solana-labs/solana,0,0,2,1,3
2023-07-03,bitcoin/bitcoin,1,1,13,0,22
2023-07-03,solana-labs/solana,8,6,4,1,19
2023-07-03,MystenLabs/sui,49,10,6,0,23
2023-07-03,lightningnetwork/lnd,3,0,2,1,3
2023-07-03,ethereum/go-ethereum,0,0,10,3,15
2023-07-03,paradigmxyz/reth,81,18,5,11,20
2023-07-04,bitcoin/bitcoin,5,2,19,0,18
2023-07-04,paradigmxyz/reth,56,4,8,7,19
2023-07-04,solana-labs/solana,1,1,0,0,10
2023-07-04,lightningnetwork/lnd,7,5,1,0,10
2023-07-04,ethereum/go-ethereum,1,1,18,0,18
2023-07-04,MystenLabs/sui,36,5,3,1,19
2023-07-05,solana-labs/solana,17,13,5,3,23
2023-07-05,bitcoin/bitcoin,0,0,30,1,18
2023-07-05,MystenLabs/sui,58,11,6,0,25
2023-07-05,ethereum/go-ethereum,1,1,22,2,11
2023-07-05,paradigmxyz/reth,87,19,16,6,21
2023-07-05,lightningnetwork/lnd,0,0,0,0,7
2023-07-06,MystenLabs/sui,75,9,1,0,29
2023-07-06,bitcoin/bitcoin,3,2,23,1,21
2023-07-06,lightningnetwork/lnd,0,0,1,1,10
2023-07-06,solana-labs/solana,22,14,1,3,15
2023-07-06,paradigmxyz/reth,59,16,13,7,20
2023-07-06,ethereum/go-ethereum,4,5,14,0,8
2023-07-07,lightningnetwork/lnd,0,0,1,2,5
2023-07-07,MystenLabs/sui,127,19,7,2,35
2023-07-07,paradigmxyz/reth,27,10,13,6,15
2023-07-07,solana-labs/solana,25,13,1,1,25
2023-07-07,ethereum/go-ethereum,4,2,17,6,12
2023-07-07,bitcoin/bitcoin,6,6,15,1,16
2023-07-08,solana-labs/solana,5,5,2,0,9
2023-07-08,lightningnetwork/lnd,0,0,1,0,2
2023-07-08,MystenLabs/sui,19,3,3,2,16
2023-07-08,paradigmxyz/reth,7,1,6,3,10
2023-07-08,ethereum/go-ethereum,0,0,23,0,9
2023-07-08,bitcoin/bitcoin,0,0,13,1,8
2023-07-09,MystenLabs/sui,14,2,2,2,8
2023-07-09,ethereum/go-ethereum,0,0,20,2,5
2023-07-09,lightningnetwork/lnd,0,0,2,0,6
2023-07-09,solana-labs/solana,2,2,5,0,8
2023-07-09,paradigmxyz/reth,10,5,6,5,14
2023-07-09,bitcoin/bitcoin,0,0,21,0,6
2023-07-10,MystenLabs/sui,69,15,2,7,25
2023-07-10,solana-labs/solana,9,4,3,1,17
2023-07-10,lightningnetwork/lnd,3,3,0,1,13
2023-07-10,bitcoin/bitcoin,2,2,8,1,14
2023-07-10,ethereum/go-ethereum,2,2,10,3,12
2023-07-10,paradigmxyz/reth,39,11,13,13,22
2023-07-11,paradigmxyz/reth,43,11,7,8,21
2023-07-11,ethereum/go-ethereum,5,7,17,2,12
2023-07-11,solana-labs/solana,15,13,1,0,16
2023-07-11,bitcoin/bitcoin,3,4,17,1,13
2023-07-11,MystenLabs/sui,69,10,3,3,25
2023-07-11,lightningnetwork/lnd,1,1,1,0,9
2023-07-12,ethereum/go-ethereum,4,4,18,2,16
2023-07-12,MystenLabs/sui,69,15,3,0,27
2023-07-12,lightningnetwork/lnd,1,1,1,3,12
2023-07-12,solana-labs/solana,7,6,6,2,10
2023-07-12,bitcoin/bitcoin,1,1,17,1,13
2023-07-12,paradigmxyz/reth,32,8,4,9,20
2023-07-13,paradigmxyz/reth,29,5,7,8,20
2023-07-13,solana-labs/solana,11,6,0,0,18
2023-07-13,ethereum/go-ethereum,7,7,16,3,17
2023-07-13,lightningnetwork/lnd,3,3,2,4,10
2023-07-13,bitcoin/bitcoin,2,2,10,0,14
2023-07-13,MystenLabs/sui,64,6,6,1,22
2023-07-14,ethereum/go-ethereum,4,4,17,0,11
2023-07-14,paradigmxyz/reth,26,11,10,6,20
2023-07-14,MystenLabs/sui,79,12,6,0,27
2023-07-14,lightningnetwork/lnd,0,0,1,0,4
2023-07-14,bitcoin/bitcoin,2,2,16,0,14
2023-07-14,solana-labs/solana,13,13,5,2,14
2023-07-15,bitcoin/bitcoin,0,0,15,0,6
2023-07-15,solana-labs/solana,4,3,7,0,9
2023-07-15,lightningnetwork/lnd,0,0,0,1,5
2023-07-15,ethereum/go-ethereum,4,4,9,3,7
2023-07-15,paradigmxyz/reth,24,11,9,6,19
2023-07-15,MystenLabs/sui,12,0,4,0,11
2023-07-16,MystenLabs/sui,13,3,0,0,7
2023-07-16,bitcoin/bitcoin,1,0,20,0,5
2023-07-16,paradigmxyz/reth,8,0,5,3,7
2023-07-16,lightningnetwork/lnd,0,0,2,1,2
2023-07-16,ethereum/go-ethereum,0,0,9,0,4
2023-07-16,solana-labs/solana,0,0,6,0,1
2023-07-17,MystenLabs/sui,60,10,4,2,24
2023-07-17,ethereum/go-ethereum,2,2,15,0,8
2023-07-17,bitcoin/bitcoin,6,7,16,0,21
2023-07-17,solana-labs/solana,3,1,14,0,16
2023-07-17,lightningnetwork/lnd,2,2,1,1,10
2023-07-17,paradigmxyz/reth,24,8,3,6,15
2023-07-18,solana-labs/solana,11,6,6,1,18
2023-07-18,MystenLabs/sui,56,8,1,2,26
2023-07-18,paradigmxyz/reth,31,12,2,5,12
2023-07-18,bitcoin/bitcoin,2,1,15,3,10
2023-07-18,lightningnetwork/lnd,1,1,1,1,14
2023-07-18,ethereum/go-ethereum,2,2,12,1,8
2023-07-19,ethereum/go-ethereum,0,0,14,3,7
2023-07-19,bitcoin/bitcoin,7,7,20,1,13
2023-07-19,solana-labs/solana,10,8,7,0,19
2023-07-19,MystenLabs/sui,97,14,6,1,27
2023-07-19,paradigmxyz/reth,17,6,11,2,14
2023-07-19,lightningnetwork/lnd,2,2,4,1,9
2023-07-20,bitcoin/bitcoin,6,6,29,3,16
2023-07-20,ethereum/go-ethereum,0,0,17,2,11
2023-07-20,MystenLabs/sui,112,18,0,2,28
2023-07-20,solana-labs/solana,17,13,3,3,22
2023-07-20,lightningnetwork/lnd,0,0,1,1,8
2023-07-20,paradigmxyz/reth,5,5,14,2,13
2023-07-21,paradigmxyz/reth,0,0,4,2,10
2023-07-21,solana-labs/solana,41,27,6,1,24
2023-07-21,MystenLabs/sui,101,13,4,4,27
2023-07-21,ethereum/go-ethereum,0,0,20,0,6
2023-07-21,lightningnetwork/lnd,1,0,2,3,10
2023-07-21,bitcoin/bitcoin,0,0,18,2,18
2023-07-22,solana-labs/solana,0,0,3,0,6
2023-07-22,paradigmxyz/reth,3,0,2,4,4
2023-07-22,lightningnetwork/lnd,0,0,2,1,6
2023-07-22,MystenLabs/sui,26,3,5,1,12
2023-07-22,ethereum/go-ethereum,0,0,10,1,2
2023-07-22,bitcoin/bitcoin,0,0,19,1,9
2023-07-23,bitcoin/bitcoin,0,0,20,0,16
2023-07-23,ethereum/go-ethereum,0,0,7,0,1
2023-07-23,lightningnetwork/lnd,4,1,0,0,6
2023-07-23,MystenLabs/sui,11,1,3,0,7
2023-07-23,paradigmxyz/reth,1,0,4,0,7
2023-07-23,solana-labs/solana,0,0,6,0,0
2023-07-24,ethereum/go-ethereum,5,5,16,2,13
2023-07-24,solana-labs/solana,13,10,4,1,21
2023-07-24,paradigmxyz/reth,50,19,10,5,20
2023-07-24,MystenLabs/sui,70,9,1,1,31
2023-07-24,lightningnetwork/lnd,1,0,0,1,15
2023-07-24,bitcoin/bitcoin,0,0,20,0,20
2023-07-25,paradigmxyz/reth,32,10,5,8,20
2023-07-25,MystenLabs/sui,131,15,5,0,32
2023-07-25,lightningnetwork/lnd,3,3,1,0,12
2023-07-25,ethereum/go-ethereum,0,0,8,3,8
2023-07-25,solana-labs/solana,20,11,3,4,23
2023-07-25,bitcoin/bitcoin,4,4,13,0,20
2023-07-26,bitcoin/bitcoin,6,7,18,1,17
2023-07-26,MystenLabs/sui,131,15,4,1,28
2023-07-26,paradigmxyz/reth,39,13,2,6,21
2023-07-26,ethereum/go-ethereum,0,0,8,9,14
2023-07-26,lightningnetwork/lnd,7,1,2,1,9
2023-07-26,solana-labs/solana,4,2,4,1,18
2023-07-27,MystenLabs/sui,132,13,7,2,30
2023-07-27,paradigmxyz/reth,35,9,8,14,19
2023-07-27,ethereum/go-ethereum,4,5,19,1,10
2023-07-27,bitcoin/bitcoin,3,4,12,0,21
2023-07-27,solana-labs/solana,8,5,1,1,14
2023-07-27,lightningnetwork/lnd,9,6,1,0,7
2023-07-28,bitcoin/bitcoin,2,3,14,2,20
2023-07-28,solana-labs/solana,9,8,2,1,19
2023-07-28,paradigmxyz/reth,18,11,6,4,18
2023-07-28,lightningnetwork/lnd,0,0,4,1,8
2023-07-28,MystenLabs/sui,130,16,4,0,25
2023-07-28,ethereum/go-ethereum,1,1,15,2,12
2023-07-29,ethereum/go-ethereum,0,0,18,5,6
2023-07-29,lightningnetwork/lnd,0,0,1,1,7
2023-07-29,paradigmxyz/reth,3,3,0,0,9
2023-07-29,solana-labs/solana,1,1,1,1,6
2023-07-29,bitcoin/bitcoin,0,0,11,1,8
2023-07-29,MystenLabs/sui,28,2,1,1,13
2023-07-30,bitcoin/bitcoin,1,1,15,0,18
2023-07-30,lightningnetwork/lnd,0,0,3,0,1
2023-07-30,paradigmxyz/reth,1,0,4,1,10
2023-07-30,solana-labs/solana,0,0,6,0,3
2023-07-30,MystenLabs/sui,11,3,0,1,8
2023-07-30,ethereum/go-ethereum,0,0,19,4,7
2023-07-31,solana-labs/solana,9,6,0,1,22
2023-07-31,bitcoin/bitcoin,4,4,22,0,24
2023-07-31,lightningnetwork/lnd,1,1,1,0,5
2023-07-31,ethereum/go-ethereum,5,5,8,2,11
2023-07-31,paradigmxyz/reth,49,15,3,3,18
2023-07-31,MystenLabs/sui,115,21,3,1,23
2023-08-01,paradigmxyz/reth,28,12,2,0,13
2023-08-01,solana-labs/solana,6,5,3,0,18
2023-08-01,lightningnetwork/lnd,0,0,0,2,4
2023-08-01,MystenLabs/sui,108,5,1,2,19
2023-08-01,ethereum/go-ethereum,9,7,8,3,14
2023-08-01,bitcoin/bitcoin,6,7,14,0,18
2023-08-02,bitcoin/bitcoin,1,2,12,1,22
2023-08-02,ethereum/go-ethereum,0,0,13,2,9
2023-08-02,paradigmxyz/reth,37,11,4,2,12
2023-08-02,MystenLabs/sui,59,9,2,1,23
2023-08-02,lightningnetwork/lnd,2,2,2,0,8
2023-08-02,solana-labs/solana,16,7,4,2,15
2023-08-03,paradigmxyz/reth,30,7,7,4,12
2023-08-03,lightningnetwork/lnd,1,1,2,0,8
2023-08-03,solana-labs/solana,11,11,5,0,16
2023-08-03,MystenLabs/sui,100,9,1,0,25
2023-08-03,bitcoin/bitcoin,4,5,13,1,27
2023-08-03,ethereum/go-ethereum,1,1,9,0,15
2023-08-04,paradigmxyz/reth,17,8,8,8,15
2023-08-04,lightningnetwork/lnd,1,1,2,1,3
2023-08-04,solana-labs/solana,17,15,0,2,16
2023-08-04,bitcoin/bitcoin,1,2,15,0,38
2023-08-04,MystenLabs/sui,108,13,7,1,23
2023-08-04,ethereum/go-ethereum,6,6,13,3,8
2023-08-05,paradigmxyz/reth,9,6,4,3,14
2023-08-05,solana-labs/solana,1,1,0,0,7
2023-08-05,lightningnetwork/lnd,0,0,0,0,3
2023-08-05,ethereum/go-ethereum,0,0,11,0,4
2023-08-05,MystenLabs/sui,22,5,0,0,9
2023-08-05,bitcoin/bitcoin,0,0,11,2,36
2023-08-06,lightningnetwork/lnd,0,0,1,1,4
2023-08-06,solana-labs/solana,1,1,0,0,6
2023-08-06,bitcoin/bitcoin,1,1,9,0,16
2023-08-06,MystenLabs/sui,3,0,2,0,2
2023-08-06,ethereum/go-ethereum,0,0,7,1,3
2023-08-06,paradigmxyz/reth,7,3,2,1,9
2023-08-07,solana-labs/solana,20,14,4,2,22
2023-08-07,ethereum/go-ethereum,3,3,14,1,12
2023-08-07,lightningnetwork/lnd,1,1,2,1,9
2023-08-07,MystenLabs/sui,54,7,3,1,20
2023-08-07,bitcoin/bitcoin,4,4,16,1,30
2023-08-07,paradigmxyz/reth,23,7,3,4,18
2023-08-08,ethereum/go-ethereum,3,2,10,3,12
2023-08-08,lightningnetwork/lnd,0,1,1,1,9
2023-08-08,solana-labs/solana,17,13,0,1,25
2023-08-08,MystenLabs/sui,44,4,2,0,16
2023-08-08,bitcoin/bitcoin,0,0,21,0,30
2023-08-08,paradigmxyz/reth,29,10,4,5,14
2023-08-09,MystenLabs/sui,99,9,6,0,26
2023-08-09,solana-labs/solana,17,10,2,2,19
2023-08-09,lightningnetwork/lnd,1,1,2,0,7
2023-08-09,bitcoin/bitcoin,3,2,13,0,19
2023-08-09,paradigmxyz/reth,26,15,3,4,13
2023-08-09,ethereum/go-ethereum,3,2,18,3,9
2023-08-10,ethereum/go-ethereum,7,4,19,6,16
2023-08-10,MystenLabs/sui,105,16,2,0,26
2023-08-10,paradigmxyz/reth,21,9,5,3,16
2023-08-10,lightningnetwork/lnd,1,1,1,2,5
2023-08-10,bitcoin/bitcoin,1,1,14,2,22
2023-08-10,solana-labs/solana,8,8,1,3,15
2023-08-11,bitcoin/bitcoin,1,1,19,2,20
2023-08-11,paradigmxyz/reth,5,3,2,2,17
2023-08-11,solana-labs/solana,9,8,2,0,19
2023-08-11,MystenLabs/sui,104,12,1,0,29
2023-08-11,ethereum/go-ethereum,4,6,14,1,14
2023-08-11,lightningnetwork/lnd,0,0,0,0,10
2023-08-12,ethereum/go-ethereum,2,1,8,3,8
2023-08-12,solana-labs/solana,0,0,2,0,6
2023-08-12,MystenLabs/sui,27,4,0,1,9
2023-08-12,paradigmxyz/reth,6,2,4,2,14
2023-08-12,bitcoin/bitcoin,0,0,21,1,6
2023-08-12,lightningnetwork/lnd,0,0,6,0,2
2023-08-13,bitcoin/bitcoin,0,0,46,0,6
2023-08-13,paradigmxyz/reth,3,2,3,1,9
2023-08-13,ethereum/go-ethereum,0,0,11,0,9
2023-08-13,lightningnetwork/lnd,0,0,0,1,6
2023-08-13,MystenLabs/sui,10,0,1,0,7
2023-08-13,solana-labs/solana,3,1,4,0,8
2023-08-14,lightningnetwork/lnd,2,2,3,0,8
2023-08-14,ethereum/go-ethereum,4,3,22,2,11
2023-08-14,paradigmxyz/reth,25,13,6,4,19
2023-08-14,bitcoin/bitcoin,0,1,84,1,19
2023-08-14,solana-labs/solana,7,8,6,0,17
2023-08-14,MystenLabs/sui,56,9,2,1,28
2023-08-15,MystenLabs/sui,79,11,5,0,32
2023-08-15,lightningnetwork/lnd,2,2,2,0,6
2023-08-15,ethereum/go-ethereum,4,4,25,4,16
2023-08-15,paradigmxyz/reth,18,10,3,6,15
2023-08-15,solana-labs/solana,13,8,5,0,22
2023-08-15,bitcoin/bitcoin,7,7,52,1,19
2023-08-16,bitcoin/bitcoin,2,2,55,0,21
2023-08-16,solana-labs/solana,7,6,1,1,18
2023-08-16,ethereum/go-ethereum,5,5,37,3,11
2023-08-16,MystenLabs/sui,96,13,4,0,29
2023-08-16,paradigmxyz/reth,37,8,5,7,16
2023-08-16,lightningnetwork/lnd,0,0,3,0,3
2023-08-17,MystenLabs/sui,94,16,4,0,31
2023-08-17,lightningnetwork/lnd,2,1,2,3,6
2023-08-17,paradigmxyz/reth,20,8,6,6,13
2023-08-17,solana-labs/solana,19,12,3,3,21
2023-08-17,bitcoin/bitcoin,7,7,21,1,27
2023-08-17,ethereum/go-ethereum,2,2,12,3,10
2023-08-18,bitcoin/bitcoin,4,5,14,2,11
2023-08-18,MystenLabs/sui,90,13,0,1,24
2023-08-18,paradigmxyz/reth,38,13,7,5,18
2023-08-18,lightningnetwork/lnd,1,1,0,2,5
2023-08-18,solana-labs/solana,18,18,4,3,18
2023-08-18,ethereum/go-ethereum,3,2,7,1,7
2023-08-19,MystenLabs/sui,21,5,1,0,11
2023-08-19,bitcoin/bitcoin,0,0,21,0,6
2023-08-19,ethereum/go-ethereum,0,0,13,1,3
2023-08-19,paradigmxyz/reth,1,0,4,0,6
2023-08-19,lightningnetwork/lnd,0,0,2,0,2
2023-08-19,solana-labs/solana,2,2,1,0,8
2023-08-20,solana-labs/solana,5,5,1,0,7
2023-08-20,MystenLabs/sui,4,1,4,1,4
2023-08-20,lightningnetwork/lnd,0,0,1,1,2
2023-08-20,ethereum/go-ethereum,0,0,12,0,3
2023-08-20,paradigmxyz/reth,4,3,4,2,5
2023-08-20,bitcoin/bitcoin,0,0,11,0,2
2023-08-21,MystenLabs/sui,39,6,5,2,18
2023-08-21,lightningnetwork/lnd,1,1,0,2,11
2023-08-21,ethereum/go-ethereum,2,2,16,3,8
2023-08-21,bitcoin/bitcoin,2,2,13,0,12
2023-08-21,paradigmxyz/reth,23,13,3,3,13
2023-08-21,solana-labs/solana,12,9,1,1,20
2023-08-22,bitcoin/bitcoin,7,6,25,1,30
2023-08-22,ethereum/go-ethereum,6,5,11,2,11
2023-08-22,lightningnetwork/lnd,7,1,2,0,9
2023-08-22,paradigmxyz/reth,39,13,7,4,14
2023-08-22,solana-labs/solana,12,11,4,4,21
2023-08-22,MystenLabs/sui,12,1,0,0,13
2023-08-23,lightningnetwork/lnd,6,3,1,2,11
2023-08-23,bitcoin/bitcoin,3,3,8,0,21
2023-08-23,solana-labs/solana,18,10,0,2,20
2023-08-23,paradigmxyz/reth,24,10,3,3,13
2023-08-23,ethereum/go-ethereum,19,17,11,6,12
2023-08-23,MystenLabs/sui,39,1,2,0,18
2023-08-24,lightningnetwork/lnd,5,1,1,5,11
2023-08-24,solana-labs/solana,20,12,2,1,18
2023-08-24,bitcoin/bitcoin,12,11,8,1,18
2023-08-24,paradigmxyz/reth,25,10,8,6,11
2023-08-24,ethereum/go-ethereum,3,3,7,3,8
2023-08-24,MystenLabs/sui,29,1,0,1,15
2023-08-25,lightningnetwork/lnd,1,1,1,1,6
2023-08-25,paradigmxyz/reth,13,6,1,4,13
2023-08-25,solana-labs/solana,19,12,2,0,23
2023-08-25,bitcoin/bitcoin,0,0,9,0,16
2023-08-25,ethereum/go-ethereum,5,7,12,2,7
2023-08-25,MystenLabs/sui,49,6,0,0,13
2023-08-26,paradigmxyz/reth,0,0,9,2,7
2023-08-26,bitcoin/bitcoin,1,1,17,1,7
2023-08-26,MystenLabs/sui,10,2,3,0,7
2023-08-26,ethereum/go-ethereum,6,6,9,1,6
2023-08-26,solana-labs/solana,2,2,2,0,9
2023-08-26,lightningnetwork/lnd,0,0,2,0,6
2023-08-27,solana-labs/solana,2,2,6,1,7
2023-08-27,MystenLabs/sui,14,2,1,0,9
2023-08-27,lightningnetwork/lnd,0,0,1,1,1
2023-08-27,bitcoin/bitcoin,1,1,26,1,12
2023-08-27,paradigmxyz/reth,3,2,10,0,8
2023-08-27,ethereum/go-ethereum,0,0,10,2,8
2023-08-28,paradigmxyz/reth,12,10,10,1,11
2023-08-28,ethereum/go-ethereum,1,1,19,3,7
2023-08-28,bitcoin/bitcoin,2,0,30,2,9
2023-08-28,solana-labs/solana,21,15,5,2,20
2023-08-28,lightningnetwork/lnd,1,1,0,3,9
2023-08-28,MystenLabs/sui,64,7,1,0,20
2023-08-29,MystenLabs/sui,117,13,2,0,25
2023-08-29,bitcoin/bitcoin,2,2,39,1,26
2023-08-29,ethereum/go-ethereum,1,1,13,1,7
2023-08-29,solana-labs/solana,23,18,5,2,27
2023-08-29,lightningnetwork/lnd,1,2,5,1,13
2023-08-29,paradigmxyz/reth,32,13,2,5,17
2023-08-30,bitcoin/bitcoin,4,4,20,1,25
2023-08-30,lightningnetwork/lnd,2,2,2,0,13
2023-08-30,solana-labs/solana,19,15,5,2,25
2023-08-30,ethereum/go-ethereum,1,1,17,2,8
2023-08-30,MystenLabs/sui,80,8,3,0,24
2023-08-30,paradigmxyz/reth,28,11,7,3,17
2023-08-31,ethereum/go-ethereum,3,3,14,2,10
2023-08-31,lightningnetwork/lnd,1,1,3,1,10
2023-08-31,MystenLabs/sui,79,6,1,0,25
2023-08-31,paradigmxyz/reth,39,16,1,9,19
2023-08-31,solana-labs/solana,18,11,3,2,20
2023-08-31,bitcoin/bitcoin,3,1,14,0,26
2023-09-01,bitcoin/bitcoin,2,2,19,2,18
2023-09-01,lightningnetwork/lnd,2,2,2,1,12
2023-09-01,ethereum/go-ethereum,0,0,9,3,3
2023-09-01,MystenLabs/sui,65,13,3,0,32
2023-09-01,paradigmxyz/reth,16,4,5,5,13
2023-09-01,solana-labs/solana,31,15,3,2,23
2023-09-02,paradigmxyz/reth,2,1,7,2,13
2023-09-02,lightningnetwork/lnd,0,0,2,1,2
2023-09-02,MystenLabs/sui,26,3,1,0,14
2023-09-02,solana-labs/solana,7,3,2,0,8
2023-09-02,bitcoin/bitcoin,1,1,9,0,9
2023-09-02,ethereum/go-ethereum,0,0,8,2,4
2023-09-03,solana-labs/solana,0,0,2,0,3
2023-09-03,paradigmxyz/reth,7,6,3,2,8
2023-09-03,bitcoin/bitcoin,0,0,13,0,9
2023-09-03,lightningnetwork/lnd,0,0,1,0,4
2023-09-03,ethereum/go-ethereum,0,0,9,0,4
2023-09-03,MystenLabs/sui,18,4,3,0,7
2023-09-04,lightningnetwork/lnd,0,0,1,3,8
2023-09-04,paradigmxyz/reth,28,9,6,3,12
2023-09-04,MystenLabs/sui,35,4,3,1,13
2023-09-04,ethereum/go-ethereum,1,2,11,1,5
2023-09-04,bitcoin/bitcoin,0,0,8,0,21
2023-09-04,solana-labs/solana,9,0,2,0,8
2023-09-05,solana-labs/solana,19,16,1,0,25
2023-09-05,paradigmxyz/reth,27,11,8,1,14
2023-09-05,ethereum/go-ethereum,1,1,17,2,13
2023-09-05,bitcoin/bitcoin,8,9,11,4,20
2023-09-05,MystenLabs/sui,72,5,0,0,24
2023-09-05,lightningnetwork/lnd,5,5,2,1,10
2023-09-06,lightningnetwork/lnd,0,0,4,1,8
2023-09-06,paradigmxyz/reth,16,3,2,3,12
2023-09-06,ethereum/go-ethereum,4,4,12,0,11
2023-09-06,MystenLabs/sui,133,26,4,1,32
2023-09-06,bitcoin/bitcoin,3,2,13,2,19
2023-09-06,solana-labs/solana,23,18,4,2,18
2023-09-07,lightningnetwork/lnd,0,0,3,1,8
2023-09-07,MystenLabs/sui,149,24,1,1,37
2023-09-07,solana-labs/solana,5,5,4,1,15
2023-09-07,paradigmxyz/reth,27,9,4,5,16
2023-09-07,ethereum/go-ethereum,3,4,12,4,10
2023-09-07,bitcoin/bitcoin,4,6,14,0,24
2023-09-08,bitcoin/bitcoin,1,1,8,1,11
2023-09-08,MystenLabs/sui,104,9,1,1,26
2023-09-08,ethereum/go-ethereum,2,3,8,3,12
2023-09-08,paradigmxyz/reth,29,11,3,2,14
2023-09-08,lightningnetwork/lnd,0,0,1,1,6
2023-09-08,solana-labs/solana,11,6,3,0,20
2023-09-09,ethereum/go-ethereum,0,0,8,0,5
2023-09-09,lightningnetwork/lnd,1,0,1,1,4
2023-09-09,solana-labs/solana,1,1,4,0,9
2023-09-09,paradigmxyz/reth,3,2,3,2,7
2023-09-09,bitcoin/bitcoin,2,2,15,2,12
2023-09-09,MystenLabs/sui,10,2,0,0,12
2023-09-10,ethereum/go-ethereum,0,0,13,0,1
2023-09-10,MystenLabs/sui,22,1,0,0,9
2023-09-10,solana-labs/solana,0,0,5,0,3
2023-09-10,bitcoin/bitcoin,1,0,15,3,12
2023-09-10,paradigmxyz/reth,6,5,2,0,8
2023-09-10,lightningnetwork/lnd,0,0,3,2,2
2023-09-11,solana-labs/solana,19,10,2,1,14
2023-09-11,MystenLabs/sui,131,20,2,2,31
2023-09-11,bitcoin/bitcoin,1,1,15,1,26
2023-09-11,ethereum/go-ethereum,2,3,16,3,5
2023-09-11,paradigmxyz/reth,21,13,8,2,13
2023-09-11,lightningnetwork/lnd,0,0,2,3,11
2023-09-12,lightningnetwork/lnd,3,3,1,0,11
2023-09-12,solana-labs/solana,8,5,6,0,18
2023-09-12,bitcoin/bitcoin,4,3,21,2,24
2023-09-12,paradigmxyz/reth,28,9,2,3,15
2023-09-12,MystenLabs/sui,91,11,4,0,27
2023-09-12,ethereum/go-ethereum,1,0,12,0,10
2023-09-13,paradigmxyz/reth,38,6,5,6,11
2023-09-13,MystenLabs/sui,88,13,0,0,26
2023-09-13,ethereum/go-ethereum,4,4,6,5,12
2023-09-13,bitcoin/bitcoin,1,1,10,2,23
2023-09-13,solana-labs/solana,10,10,1,1,19
2023-09-13,lightningnetwork/lnd,0,0,3,4,14
2023-09-14,bitcoin/bitcoin,8,7,22,1,18
2023-09-14,solana-labs/solana,19,11,6,0,14
2023-09-14,ethereum/go-ethereum,9,8,10,2,9
2023-09-14,lightningnetwork/lnd,0,0,2,2,13
2023-09-14,MystenLabs/sui,71,10,2,0,24
2023-09-14,paradigmxyz/reth,34,6,2,2,16
2023-09-15,ethereum/go-ethereum,3,2,10,2,9
2023-09-15,solana-labs/solana,9,6,3,1,19
2023-09-15,bitcoin/bitcoin,4,4,36,1,21
2023-09-15,MystenLabs/sui,84,15,5,1,23
2023-09-15,lightningnetwork/lnd,0,0,0,1,7
2023-09-15,paradigmxyz/reth,56,8,7,7,19
2023-09-16,paradigmxyz/reth,8,3,8,1,10
2023-09-16,MystenLabs/sui,21,5,3,0,13
2023-09-16,solana-labs/solana,2,2,3,0,5
2023-09-16,ethereum/go-ethereum,0,0,6,2,3
2023-09-16,lightningnetwork/lnd,1,1,0,2,5
2023-09-16,bitcoin/bitcoin,2,2,14,0,4
2023-09-17,ethereum/go-ethereum,7,5,17,2,7
2023-09-17,solana-labs/solana,0,0,4,0,2
2023-09-17,bitcoin/bitcoin,0,0,17,0,1
2023-09-17,lightningnetwork/lnd,0,0,1,1,7
2023-09-17,MystenLabs/sui,7,1,1,0,5
2023-09-17,paradigmxyz/reth,4,1,8,2,8
2023-09-18,paradigmxyz/reth,35,15,6,3,16
2023-09-18,MystenLabs/sui,87,17,2,1,29
2023-09-18,solana-labs/solana,18,15,3,2,17
2023-09-18,lightningnetwork/lnd,4,4,0,4,10
2023-09-18,ethereum/go-ethereum,0,0,12,1,13
2023-09-18,bitcoin/bitcoin,0,0,15,1,9
2023-09-19,MystenLabs/sui,76,19,0,1,33
2023-09-19,lightningnetwork/lnd,3,3,0,3,9
2023-09-19,solana-labs/solana,9,8,0,2,19
2023-09-19,bitcoin/bitcoin,2,2,18,1,17
2023-09-19,ethereum/go-ethereum,7,6,13,3,14
2023-09-19,paradigmxyz/reth,30,11,1,11,18
2023-09-20,paradigmxyz/reth,36,17,3,4,16
2023-09-20,lightningnetwork/lnd,1,1,0,1,17
2023-09-20,ethereum/go-ethereum,3,3,13,0,10
2023-09-20,solana-labs/solana,14,12,3,1,23
2023-09-20,MystenLabs/sui,103,24,1,1,31
2023-09-20,bitcoin/bitcoin,7,5,11,1,22
2023-09-21,solana-labs/solana,14,15,3,6,26
2023-09-21,lightningnetwork/lnd,1,1,2,0,13
2023-09-21,paradigmxyz/reth,43,12,1,6,19
2023-09-21,ethereum/go-ethereum,2,2,8,4,10
2023-09-21,bitcoin/bitcoin,6,5,29,1,27
2023-09-21,MystenLabs/sui,129,26,1,1,29
2023-09-22,ethereum/go-ethereum,6,6,16,0,11
2023-09-22,MystenLabs/sui,73,9,1,1,28
2023-09-22,solana-labs/solana,18,15,2,2,15
2023-09-22,bitcoin/bitcoin,3,0,9,0,13
2023-09-22,lightningnetwork/lnd,0,0,1,1,8
2023-09-22,paradigmxyz/reth,22,9,2,5,23
2023-09-23,lightningnetwork/lnd,0,0,0,0,2
2023-09-23,solana-labs/solana,2,2,4,0,5
2023-09-23,ethereum/go-ethereum,0,0,5,2,5
2023-09-23,paradigmxyz/reth,12,6,5,7,12
2023-09-23,bitcoin/bitcoin,2,2,15,0,13
2023-09-23,MystenLabs/sui,14,1,3,0,11
2023-09-24,lightningnetwork/lnd,0,0,0,1,1
2023-09-24,bitcoin/bitcoin,1,1,11,0,9
2023-09-24,ethereum/go-ethereum,0,0,10,0,5
2023-09-24,paradigmxyz/reth,8,5,3,1,9
2023-09-24,MystenLabs/sui,6,1,2,2,6
2023-09-24,solana-labs/solana,3,3,7,0,6
2023-09-25,ethereum/go-ethereum,8,7,9,1,11
2023-09-25,bitcoin/bitcoin,0,0,20,1,15
2023-09-25,paradigmxyz/reth,30,12,6,4,20
2023-09-25,MystenLabs/sui,98,20,2,0,33
2023-09-25,lightningnetwork/lnd,1,0,4,1,2
2023-09-25,solana-labs/solana,19,11,7,4,20
2023-09-26,solana-labs/solana,12,11,3,1,26
2023-09-26,paradigmxyz/reth,52,19,8,8,20
2023-09-26,ethereum/go-ethereum,3,4,8,0,16
2023-09-26,bitcoin/bitcoin,1,1,9,2,24
2023-09-26,MystenLabs/sui,107,14,3,1,32
2023-09-26,lightningnetwork/lnd,3,3,1,0,8
2023-09-27,paradigmxyz/reth,34,9,9,12,18
2023-09-27,solana-labs/solana,9,8,2,1,22
2023-09-27,bitcoin/bitcoin,1,1,7,0,26
2023-09-27,lightningnetwork/lnd,0,0,4,3,11
2023-09-27,MystenLabs/sui,93,12,2,0,27
2023-09-27,ethereum/go-ethereum,0,0,6,1,10
2023-09-28,paradigmxyz/reth,35,16,7,2,19
2023-09-28,solana-labs/solana,12,11,2,3,19
2023-09-28,lightningnetwork/lnd,4,4,3,1,13
2023-09-28,MystenLabs/sui,92,12,2,0,25
2023-09-28,ethereum/go-ethereum,7,5,13,4,13
2023-09-28,bitcoin/bitcoin,2,2,16,1,19
2023-09-29,lightningnetwork/lnd,0,0,2,3,7
2023-09-29,ethereum/go-ethereum,7,7,4,1,7
2023-09-29,MystenLabs/sui,131,13,2,1,30
2023-09-29,paradigmxyz/reth,21,11,3,5,14
2023-09-29,solana-labs/solana,16,13,2,2,19
2023-09-29,bitcoin/bitcoin,3,3,28,1,18
2023-09-30,bitcoin/bitcoin,0,0,27,0,13
2023-09-30,paradigmxyz/reth,9,3,8,2,7
2023-09-30,solana-labs/solana,3,3,4,0,6
2023-09-30,ethereum/go-ethereum,0,0,9,0,1
2023-09-30,MystenLabs/sui,19,3,0,0,14
2023-09-30,lightningnetwork/lnd,0,0,2,0,0
2023-10-01,MystenLabs/sui,8,0,1,1,7
2023-10-01,ethereum/go-ethereum,0,0,3,0,2
2023-10-01,lightningnetwork/lnd,0,0,2,1,4
2023-10-01,solana-labs/solana,0,0,3,0,3
2023-10-01,paradigmxyz/reth,2,1,3,2,8
2023-10-01,bitcoin/bitcoin,0,0,40,0,6
2023-10-02,lightningnetwork/lnd,0,0,4,0,11
2023-10-02,ethereum/go-ethereum,1,1,8,3,10
2023-10-02,bitcoin/bitcoin,9,11,60,1,30
2023-10-02,MystenLabs/sui,115,18,0,3,29
2023-10-02,solana-labs/solana,10,7,3,1,18
2023-10-02,paradigmxyz/reth,9,7,6,2,13
2023-10-03,lightningnetwork/lnd,1,0,1,0,9
2023-10-03,bitcoin/bitcoin,5,8,40,4,24
2023-10-03,MystenLabs/sui,131,20,2,1,32
2023-10-03,solana-labs/solana,10,8,2,5,19
2023-10-03,ethereum/go-ethereum,5,4,7,3,9
2023-10-03,paradigmxyz/reth,35,5,2,3,13
2023-10-04,paradigmxyz/reth,17,7,8,7,15
2023-10-04,lightningnetwork/lnd,1,0,0,2,7
2023-10-04,MystenLabs/sui,112,20,0,0,30
2023-10-04,ethereum/go-ethereum,3,3,4,3,8
2023-10-04,bitcoin/bitcoin,11,10,20,1,29
2023-10-04,solana-labs/solana,14,12,4,4,19
2023-10-05,bitcoin/bitcoin,10,9,12,4,24
2023-10-05,ethereum/go-ethereum,0,0,7,3,10
2023-10-05,MystenLabs/sui,91,15,1,0,24
2023-10-05,lightningnetwork/lnd,5,3,1,3,6
2023-10-05,solana-labs/solana,15,12,4,4,13
2023-10-05,paradigmxyz/reth,41,13,7,4,13
2023-10-06,bitcoin/bitcoin,4,4,13,1,19
2023-10-06,lightningnetwork/lnd,3,1,1,0,11
2023-10-06,solana-labs/solana,18,15,4,1,25
2023-10-06,ethereum/go-ethereum,0,0,8,2,10
2023-10-06,paradigmxyz/reth,20,6,5,2,10
2023-10-06,MystenLabs/sui,132,22,2,0,31
2023-10-07,MystenLabs/sui,42,5,1,1,13
2023-10-07,ethereum/go-ethereum,0,0,18,1,1
2023-10-07,bitcoin/bitcoin,2,1,14,0,4
2023-10-07,solana-labs/solana,9,2,5,0,9
2023-10-07,lightningnetwork/lnd,0,0,2,2,3
2023-10-07,paradigmxyz/reth,3,3,2,6,11
2023-10-08,ethereum/go-ethereum,0,0,4,3,8
2023-10-08,MystenLabs/sui,25,2,2,1,8
2023-10-08,bitcoin/bitcoin,1,1,18,1,7
2023-10-08,paradigmxyz/reth,3,2,3,2,9
2023-10-08,lightningnetwork/lnd,0,0,1,0,1
2023-10-08,solana-labs/solana,2,2,2,2,3
2023-10-09,bitcoin/bitcoin,6,6,11,2,13
2023-10-09,MystenLabs/sui,35,6,5,0,15
2023-10-09,solana-labs/solana,13,11,4,6,20
2023-10-09,paradigmxyz/reth,14,7,5,1,13
2023-10-09,ethereum/go-ethereum,0,0,5,3,10
2023-10-09,lightningnetwork/lnd,2,2,20,0,10
2023-10-10,paradigmxyz/reth,15,3,3,8,15
2023-10-10,bitcoin/bitcoin,0,0,10,1,17
2023-10-10,lightningnetwork/lnd,1,2,20,0,8
2023-10-10,ethereum/go-ethereum,9,8,8,4,10
2023-10-10,MystenLabs/sui,136,17,1,0,34
2023-10-10,solana-labs/solana,22,19,4,2,27
2023-10-11,paradigmxyz/reth,19,4,1,2,13
2023-10-11,bitcoin/bitcoin,6,6,11,2,21
2023-10-11,ethereum/go-ethereum,6,5,9,2,11
2023-10-11,solana-labs/solana,13,11,1,7,19
2023-10-11,MystenLabs/sui,150,17,0,0,33
2023-10-11,lightningnetwork/lnd,2,2,4,1,8
2023-10-12,MystenLabs/sui,128,19,2,1,28
2023-10-12,solana-labs/solana,7,6,4,3,24
2023-10-12,bitcoin/bitcoin,4,5,19,1,21
2023-10-12,ethereum/go-ethereum,2,1,12,0,10
2023-10-12,paradigmxyz/reth,22,16,2,5,15
2023-10-12,lightningnetwork/lnd,7,3,1,2,11
2023-10-13,paradigmxyz/reth,12,5,6,3,10
2023-10-13,bitcoin/bitcoin,5,5,13,1,21
2023-10-13,ethereum/go-ethereum,8,8,10,1,9
2023-10-13,lightningnetwork/lnd,0,0,8,0,7
2023-10-13,MystenLabs/sui,125,26,1,1,28
2023-10-13,solana-labs/solana,19,15,8,2,25
2023-10-14,solana-labs/solana,1,1,4,0,6
2023-10-14,paradigmxyz/reth,4,2,4,4,11
2023-10-14,ethereum/go-ethereum,0,0,9,1,6
2023-10-14,lightningnetwork/lnd,0,0,3,0,2
2023-10-14,MystenLabs/sui,9,3,1,1,12
2023-10-14,bitcoin/bitcoin,0,0,10,0,2
2023-10-15,lightningnetwork/lnd,0,0,1,0,3
2023-10-15,solana-labs/solana,0,0,7,0,3
2023-10-15,paradigmxyz/reth,6,5,4,2,9
2023-10-15,MystenLabs/sui,7,1,1,3,10
2023-10-15,ethereum/go-ethereum,0,0,9,1,0
2023-10-15,bitcoin/bitcoin,2,2,13,0,6
2023-10-16,bitcoin/bitcoin,6,4,12,1,19
2023-10-16,paradigmxyz/reth,21,7,4,2,13
2023-10-16,MystenLabs/sui,79,10,4,0,25
2023-10-16,solana-labs/solana,24,11,2,2,21
2023-10-16,lightningnetwork/lnd,9,4,1,0,6
2023-10-16,ethereum/go-ethereum,2,2,8,0,10
2023-10-17,ethereum/go-ethereum,9,7,11,1,17
2023-10-17,MystenLabs/sui,94,17,3,1,22
2023-10-17,lightningnetwork/lnd,4,4,2,1,12
2023-10-17,paradigmxyz/reth,27,8,4,6,15
2023-10-17,bitcoin/bitcoin,5,4,17,1,22
2023-10-17,solana-labs/solana,16,13,2,1,16
2023-10-18,ethereum/go-ethereum,1,0,13,3,17
2023-10-18,solana-labs/solana,8,9,4,0,21
2023-10-18,paradigmxyz/reth,24,13,6,3,17
2023-10-18,MystenLabs/sui,95,16,1,1,23
2023-10-18,lightningnetwork/lnd,1,0,1,0,7
2023-10-18,bitcoin/bitcoin,2,2,16,1,22
2023-10-19,paradigmxyz/reth,22,12,6,9,20
2023-10-19,MystenLabs/sui,66,7,2,1,15
2023-10-19,lightningnetwork/lnd,3,2,12,1,6
2023-10-19,ethereum/go-ethereum,1,3,10,2,12
2023-10-19,solana-labs/solana,11,10,6,1,20
2023-10-19,bitcoin/bitcoin,8,8,14,1,21
2023-10-20,solana-labs/solana,27,23,2,2,30
2023-10-20,paradigmxyz/reth,25,5,3,3,17
2023-10-20,lightningnetwork/lnd,0,0,4,0,5
2023-10-20,MystenLabs/sui,19,3,2,1,13
2023-10-20,ethereum/go-ethereum,1,1,13,4,8
2023-10-20,bitcoin/bitcoin,4,4,16,2,19
2023-10-21,bitcoin/bitcoin,0,0,12,3,11
2023-10-21,ethereum/go-ethereum,0,0,20,0,3
2023-10-21,lightningnetwork/lnd,0,0,2,0,4
2023-10-21,MystenLabs/sui,1,0,2,0,4
2023-10-21,paradigmxyz/reth,7,4,3,2,10
2023-10-21,solana-labs/solana,8,7,7,0,11
2023-10-22,bitcoin/bitcoin,0,0,18,0,3
2023-10-22,solana-labs/solana,1,1,13,0,7
2023-10-22,paradigmxyz/reth,6,6,3,2,9
2023-10-22,lightningnetwork/lnd,0,0,13,1,0
2023-10-22,MystenLabs/sui,26,1,1,0,8
2023-10-22,ethereum/go-ethereum,2,2,6,1,7
2023-10-23,ethereum/go-ethereum,7,6,13,3,12
2023-10-23,lightningnetwork/lnd,0,0,12,2,11
2023-10-23,paradigmxyz/reth,24,9,6,7,16
2023-10-23,solana-labs/solana,18,15,6,0,16
2023-10-23,bitcoin/bitcoin,9,6,17,0,18
2023-10-23,MystenLabs/sui,60,7,0,0,26
2023-10-24,bitcoin/bitcoin,9,9,16,3,21
2023-10-24,MystenLabs/sui,164,30,2,0,34
2023-10-24,paradigmxyz/reth,43,5,2,3,14
2023-10-24,ethereum/go-ethereum,0,0,7,1,14
2023-10-24,lightningnetwork/lnd,0,0,3,0,6
2023-10-24,solana-labs/solana,17,12,1,5,25
2023-10-25,MystenLabs/sui,154,22,2,2,31
2023-10-25,paradigmxyz/reth,26,10,2,5,15
2023-10-25,ethereum/go-ethereum,4,5,8,1,9
2023-10-25,bitcoin/bitcoin,2,1,14,1,20
2023-10-25,solana-labs/solana,13,11,3,4,20
2023-10-25,lightningnetwork/lnd,1,2,1,2,13
2023-10-26,MystenLabs/sui,125,24,1,0,33
2023-10-26,bitcoin/bitcoin,4,4,29,0,20
2023-10-26,paradigmxyz/reth,23,8,2,3,16
2023-10-26,lightningnetwork/lnd,3,2,2,1,9
2023-10-26,ethereum/go-ethereum,1,1,13,0,11
2023-10-26,solana-labs/solana,8,6,0,1,16
2023-10-27,MystenLabs/sui,129,23,0,0,29
2023-10-27,ethereum/go-ethereum,2,2,16,0,10
2023-10-27,bitcoin/bitcoin,0,0,26,1,12
2023-10-27,solana-labs/solana,14,16,1,3,23
2023-10-27,lightningnetwork/lnd,3,0,1,0,10
2023-10-27,paradigmxyz/reth,26,9,2,1,12
2023-10-28,ethereum/go-ethereum,0,0,14,2,3
2023-10-28,paradigmxyz/reth,11,4,3,2,5
2023-10-28,MystenLabs/sui,46,8,2,1,16
2023-10-28,lightningnetwork/lnd,0,0,3,0,2
2023-10-28,bitcoin/bitcoin,0,0,16,0,4
2023-10-28,solana-labs/solana,2,1,1,1,14
2023-10-29,bitcoin/bitcoin,3,3,11,2,2
2023-10-29,solana-labs/solana,0,0,3,0,3
2023-10-29,lightningnetwork/lnd,0,0,2,1,2
2023-10-29,ethereum/go-ethereum,0,0,10,0,1
2023-10-29,paradigmxyz/reth,7,4,2,3,4
2023-10-29,MystenLabs/sui,10,2,0,0,9
2023-10-30,bitcoin/bitcoin,4,4,15,1,13
2023-10-30,ethereum/go-ethereum,0,0,13,0,8
2023-10-30,MystenLabs/sui,108,36,0,1,25
2023-10-30,solana-labs/solana,3,1,5,0,9
2023-10-30,lightningnetwork/lnd,5,5,1,3,10
2023-10-30,paradigmxyz/reth,36,12,4,8,18
2023-10-31,paradigmxyz/reth,21,10,5,4,15
2023-10-31,solana-labs/solana,4,3,2,0,18
2023-10-31,MystenLabs/sui,111,17,0,0,27
2023-10-31,ethereum/go-ethereum,5,5,19,2,14
2023-10-31,lightningnetwork/lnd,3,3,8,1,13
2023-10-31,bitcoin/bitcoin,4,4,22,2,15
2023-11-01,solana-labs/solana,4,4,5,1,7
2023-11-01,MystenLabs/sui,162,39,4,1,36
2023-11-01,paradigmxyz/reth,18,3,2,1,14
2023-11-01,bitcoin/bitcoin,4,4,19,1,15
2023-11-01,lightningnetwork/lnd,3,3,3,2,8
2023-11-01,ethereum/go-ethereum,0,0,16,3,17
2023-11-02,ethereum/go-ethereum,2,2,12,0,12
2023-11-02,bitcoin/bitcoin,6,5,14,1,16
2023-11-02,solana-labs/solana,0,0,17,3,8
2023-11-02,MystenLabs/sui,97,15,2,1,34
2023-11-02,paradigmxyz/reth,36,8,1,0,11
2023-11-02,lightningnetwork/lnd,0,0,1,1,10
2023-11-03,MystenLabs/sui,100,18,1,0,29
2023-11-03,solana-labs/solana,7,6,5,1,11
2023-11-03,lightningnetwork/lnd,0,0,3,2,9
2023-11-03,bitcoin/bitcoin,4,4,23,0,20
2023-11-03,paradigmxyz/reth,22,10,6,3,16
2023-11-03,ethereum/go-ethereum,2,2,7,0,11
2023-11-04,ethereum/go-ethereum,0,0,7,2,2
2023-11-04,MystenLabs/sui,20,3,2,0,12
2023-11-04,paradigmxyz/reth,15,6,3,1,8
2023-11-04,lightningnetwork/lnd,0,0,0,0,2
2023-11-04,bitcoin/bitcoin,0,0,13,2,8
2023-11-04,solana-labs/solana,0,0,5,0,0
2023-11-05,solana-labs/solana,0,0,6,2,3
2023-11-05,ethereum/go-ethereum,0,0,9,0,5
2023-11-05,lightningnetwork/lnd,0,0,1,0,1
2023-11-05,MystenLabs/sui,0,0,1,0,4
2023-11-05,bitcoin/bitcoin,2,2,10,1,9
2023-11-05,paradigmxyz/reth,28,14,2,6,14
2023-11-06,ethereum/go-ethereum,0,0,8,0,8
2023-11-06,lightningnetwork/lnd,0,0,0,1,9
2023-11-06,solana-labs/solana,17,12,5,1,17
2023-11-06,MystenLabs/sui,98,20,2,0,32
2023-11-06,bitcoin/bitcoin,5,5,9,3,20
2023-11-06,paradigmxyz/reth,33,15,9,3,10
2023-11-07,bitcoin/bitcoin,6,8,10,5,22
2023-11-07,paradigmxyz/reth,22,8,6,3,12
2023-11-07,ethereum/go-ethereum,3,4,9,5,13
2023-11-07,lightningnetwork/lnd,2,1,1,2,9
2023-11-07,MystenLabs/sui,124,16,3,1,32
2023-11-07,solana-labs/solana,13,9,6,4,20
2023-11-08,lightningnetwork/lnd,2,2,2,1,11
2023-11-08,ethereum/go-ethereum,1,1,11,3,12
2023-11-08,paradigmxyz/reth,28,12,2,2,13
2023-11-08,bitcoin/bitcoin,7,8,20,0,23
2023-11-08,solana-labs/solana,18,13,5,1,24
2023-11-08,MystenLabs/sui,130,19,0,0,33
2023-11-09,bitcoin/bitcoin,4,4,15,0,27
2023-11-09,paradigmxyz/reth,18,8,4,2,12
2023-11-09,solana-labs/solana,12,7,5,1,13
2023-11-09,MystenLabs/sui,85,13,2,0,28
2023-11-09,ethereum/go-ethereum,3,3,8,8,13
2023-11-09,lightningnetwork/lnd,3,3,2,0,5
2023-11-10,ethereum/go-ethereum,6,6,14,2,12
2023-11-10,solana-labs/solana,11,11,5,1,13
2023-11-10,MystenLabs/sui,45,7,0,2,20
2023-11-10,paradigmxyz/reth,20,9,5,1,10
2023-11-10,bitcoin/bitcoin,1,1,27,2,18
2023-11-10,lightningnetwork/lnd,2,1,3,2,8
2023-11-11,paradigmxyz/reth,8,6,2,2,8
2023-11-11,solana-labs/solana,3,3,9,0,8
2023-11-11,lightningnetwork/lnd,0,0,0,0,2
2023-11-11,MystenLabs/sui,51,8,3,0,18
2023-11-11,ethereum/go-ethereum,0,0,12,0,2
2023-11-11,bitcoin/bitcoin,1,1,27,1,10
2023-11-12,bitcoin/bitcoin,0,0,50,0,5
2023-11-12,ethereum/go-ethereum,0,0,10,1,5
2023-11-12,paradigmxyz/reth,7,5,6,2,10
2023-11-12,MystenLabs/sui,14,2,3,1,11
2023-11-12,lightningnetwork/lnd,0,0,6,0,1
2023-11-12,solana-labs/solana,4,4,11,1,11
2023-11-13,bitcoin/bitcoin,8,8,31,3,19
2023-11-13,lightningnetwork/lnd,1,0,1,1,7
2023-11-13,paradigmxyz/reth,31,7,1,3,13
2023-11-13,solana-labs/solana,18,8,10,0,20
2023-11-13,MystenLabs/sui,130,20,1,0,37
2023-11-13,ethereum/go-ethereum,0,0,12,2,10
2023-11-14,solana-labs/solana,10,9,3,2,23
2023-11-14,bitcoin/bitcoin,4,4,17,0,22
2023-11-14,lightningnetwork/lnd,1,1,2,2,7
2023-11-14,ethereum/go-ethereum,3,3,13,0,8
2023-11-14,paradigmxyz/reth,30,9,3,5,14
2023-11-14,MystenLabs/sui,121,17,3,1,33
2023-11-15,paradigmxyz/reth,28,15,2,2,14
2023-11-15,solana-labs/solana,23,18,6,0,20
2023-11-15,lightningnetwork/lnd,0,0,2,0,6
2023-11-15,ethereum/go-ethereum,7,7,11,2,13
2023-11-15,MystenLabs/sui,119,18,0,1,36
2023-11-15,bitcoin/bitcoin,2,3,11,1,20
2023-11-16,lightningnetwork/lnd,2,2,3,1,13
2023-11-16,solana-labs/solana,19,17,6,3,25
2023-11-16,bitcoin/bitcoin,8,7,22,2,27
2023-11-16,MystenLabs/sui,95,12,2,1,28
2023-11-16,ethereum/go-ethereum,0,0,16,0,4
2023-11-16,paradigmxyz/reth,36,7,1,1,12
2023-11-17,paradigmxyz/reth,41,10,2,0,10
2023-11-17,lightningnetwork/lnd,2,2,1,2,5
2023-11-17,solana-labs/solana,26,23,3,3,30
2023-11-17,MystenLabs/sui,139,17,2,0,28
2023-11-17,bitcoin/bitcoin,5,5,20,3,19
2023-11-17,ethereum/go-ethereum,2,2,8,1,9
2023-11-18,paradigmxyz/reth,27,9,1,1,9
2023-11-18,lightningnetwork/lnd,2,2,2,2,5
2023-11-18,solana-labs/solana,3,3,5,1,11
2023-11-18,bitcoin/bitcoin,0,0,16,0,5
2023-11-18,MystenLabs/sui,33,5,2,1,15
2023-11-18,ethereum/go-ethereum,0,0,8,0,7
2023-11-19,paradigmxyz/reth,7,4,2,0,5
2023-11-19,ethereum/go-ethereum,0,0,6,0,6
2023-11-19,lightningnetwork/lnd,0,0,1,0,2
2023-11-19,MystenLabs/sui,5,0,3,0,10
2023-11-19,bitcoin/bitcoin,0,0,9,1,10
2023-11-19,solana-labs/solana,0,0,5,1,6
2023-11-20,MystenLabs/sui,104,16,5,0,41
2023-11-20,bitcoin/bitcoin,0,0,6,3,22
2023-11-20,ethereum/go-ethereum,4,4,5,5,16
2023-11-20,lightningnetwork/lnd,1,0,2,1,10
2023-11-20,solana-labs/solana,15,13,4,0,24
2023-11-20,anza-xyz/agave,1,0,0,0,1
2023-11-20,paradigmxyz/reth,18,7,5,1,16
2023-11-21,ethereum/go-ethereum,4,5,4,10,11
2023-11-21,bitcoin/bitcoin,1,1,12,0,8
2023-11-21,MystenLabs/sui,178,28,3,1,36
2023-11-21,lightningnetwork/lnd,1,1,0,2,8
2023-11-21,anza-xyz/agave,1,0,0,0,2
2023-11-21,solana-labs/solana,14,10,4,3,17
2023-11-21,paradigmxyz/reth,34,9,2,7,15
2023-11-22,bitcoin/bitcoin,10,9,10,1,16
2023-11-22,solana-labs/solana,3,3,4,1,11
2023-11-22,lightningnetwork/lnd,0,0,3,0,8
2023-11-22,MystenLabs/sui,95,19,1,3,35
2023-11-22,paradigmxyz/reth,36,12,4,1,17
2023-11-22,ethereum/go-ethereum,7,7,11,0,12
2023-11-23,lightningnetwork/lnd,0,0,2,0,4
2023-11-23,bitcoin/bitcoin,2,2,16,0,12
2023-11-23,MystenLabs/sui,70,12,2,1,21
2023-11-23,ethereum/go-ethereum,3,3,9,1,9
2023-11-23,paradigmxyz/reth,63,7,7,0,9
2023-11-23,solana-labs/solana,3,1,1,1,7
2023-11-24,paradigmxyz/reth,74,8,3,3,15
2023-11-24,lightningnetwork/lnd,0,0,2,1,3
2023-11-24,ethereum/go-ethereum,1,1,8,2,10
2023-11-24,MystenLabs/sui,29,4,3,0,17
2023-11-24,bitcoin/bitcoin,2,2,7,0,17
2023-11-24,solana-labs/solana,1,0,6,1,8
2023-11-25,ethereum/go-ethereum,1,1,4,1,9
2023-11-25,solana-labs/solana,1,1,4,0,6
2023-11-25,lightningnetwork/lnd,0,0,3,0,0
2023-11-25,MystenLabs/sui,12,1,1,0,7
2023-11-25,bitcoin/bitcoin,0,0,14,2,11
2023-11-25,paradigmxyz/reth,7,6,2,2,7
2023-11-26,MystenLabs/sui,11,3,0,0,9
2023-11-26,paradigmxyz/reth,11,3,2,0,11
2023-11-26,bitcoin/bitcoin,1,1,21,1,5
2023-11-26,ethereum/go-ethereum,0,0,7,0,0
2023-11-26,solana-labs/solana,0,0,1,0,6
2023-11-26,lightningnetwork/lnd,0,0,1,0,1
2023-11-27,MystenLabs/sui,73,12,3,1,27
2023-11-27,ethereum/go-ethereum,1,0,3,2,5
2023-11-27,solana-labs/solana,9,7,1,1,16
2023-11-27,lightningnetwork/lnd,1,2,1,0,10
2023-11-27,paradigmxyz/reth,25,15,0,6,18
2023-11-27,bitcoin/bitcoin,1,1,12,1,13
2023-11-28,bitcoin/bitcoin,9,10,11,1,16
2023-11-28,solana-labs/solana,11,11,6,1,20
2023-11-28,anza-xyz/agave,1,0,0,0,2
2023-11-28,paradigmxyz/reth,33,9,5,6,18
2023-11-28,ethereum/go-ethereum,6,7,11,2,7
2023-11-28,lightningnetwork/lnd,2,2,0,1,10
2023-11-28,MystenLabs/sui,88,16,1,0,38
2023-11-29,lightningnetwork/lnd,0,0,0,0,5
2023-11-29,ethereum/go-ethereum,1,1,11,0,6
2023-11-29,paradigmxyz/reth,21,8,8,1,18
2023-11-29,MystenLabs/sui,193,24,2,0,33
2023-11-29,solana-labs/solana,15,13,2,1,20
2023-11-29,bitcoin/bitcoin,5,3,13,2,22
2023-11-30,solana-labs/solana,11,7,3,3,15
2023-11-30,paradigmxyz/reth,28,8,5,0,13
2023-11-30,bitcoin/bitcoin,4,5,7,0,18
2023-11-30,MystenLabs/sui,129,17,2,0,31
2023-11-30,lightningnetwork/lnd,2,2,5,0,9
2023-11-30,ethereum/go-ethereum,0,0,8,1,6
2023-12-01,lightningnetwork/lnd,1,1,0,0,5
2023-12-01,paradigmxyz/reth,19,11,0,1,12
2023-12-01,MystenLabs/sui,111,15,0,1,28
2023-12-01,bitcoin/bitcoin,5,3,10,1,16
2023-12-01,ethereum/go-ethereum,3,4,15,0,10
2023-12-01,solana-labs/solana,16,7,7,3,15
2023-12-02,solana-labs/solana,0,0,5,0,4
2023-12-02,ethereum/go-ethereum,0,0,11,0,2
2023-12-02,bitcoin/bitcoin,0,0,19,2,6
2023-12-02,paradigmxyz/reth,20,2,3,1,10
2023-12-02,lightningnetwork/lnd,0,0,7,1,4
2023-12-02,MystenLabs/sui,22,5,3,0,13
2023-12-03,bitcoin/bitcoin,0,0,13,0,7
2023-12-03,solana-labs/solana,0,0,0,1,0
2023-12-03,MystenLabs/sui,12,0,1,0,11
2023-12-03,ethereum/go-ethereum,0,0,6,1,0
2023-12-03,paradigmxyz/reth,2,0,0,0,5
2023-12-03,lightningnetwork/lnd,0,0,0,0,4
2023-12-04,solana-labs/solana,0,1,7,1,4
2023-12-04,paradigmxyz/reth,13,8,1,6,14
2023-12-04,lightningnetwork/lnd,0,1,3,3,6
2023-12-04,bitcoin/bitcoin,3,3,16,1,14
2023-12-04,MystenLabs/sui,76,11,1,0,29
2023-12-04,ethereum/go-ethereum,3,2,13,0,7
2023-12-05,solana-labs/solana,12,12,9,0,19
2023-12-05,anza-xyz/agave,1,0,0,0,2
2023-12-05,lightningnetwork/lnd,1,1,1,0,7
2023-12-05,MystenLabs/sui,126,23,1,0,24
2023-12-05,paradigmxyz/reth,47,7,2,3,15
2023-12-05,ethereum/go-ethereum,3,3,6,4,13
2023-12-05,bitcoin/bitcoin,1,2,22,1,25
2023-12-06,MystenLabs/sui,130,17,1,1,35
2023-12-06,ethereum/go-ethereum,1,1,8,1,7
2023-12-06,lightningnetwork/lnd,1,0,1,1,7
2023-12-06,solana-labs/solana,10,7,8,1,20
2023-12-06,paradigmxyz/reth,6,2,8,1,12
2023-12-06,bitcoin/bitcoin,2,4,31,3,20
2023-12-07,MystenLabs/sui,115,17,2,1,32
2023-12-07,bitcoin/bitcoin,3,2,25,1,27
2023-12-07,lightningnetwork/lnd,0,0,0,1,5
2023-12-07,solana-labs/solana,8,8,4,1,17
2023-12-07,paradigmxyz/reth,2,1,0,1,10
2023-12-07,ethereum/go-ethereum,0,1,14,1,8
2023-12-08,lightningnetwork/lnd,2,2,1,1,11
2023-12-08,MystenLabs/sui,80,14,2,1,31
2023-12-08,paradigmxyz/reth,6,3,4,0,8
2023-12-08,solana-labs/solana,9,7,5,0,20
2023-12-08,ethereum/go-ethereum,3,4,4,2,9
2023-12-08,bitcoin/bitcoin,1,1,19,2,22
2023-12-09,ethereum/go-ethereum,0,0,6,1,0
2023-12-09,MystenLabs/sui,44,5,4,0,16
2023-12-09,lightningnetwork/lnd,0,0,6,0,2
2023-12-09,solana-labs/solana,11,9,7,2,8
2023-12-09,bitcoin/bitcoin,0,0,33,0,11
2023-12-09,paradigmxyz/reth,2,2,3,1,9
2023-12-10,paradigmxyz/reth,2,2,4,2,10
2023-12-10,solana-labs/solana,7,4,7,4,11
2023-12-10,ethereum/go-ethereum,0,0,9,0,3
2023-12-10,lightningnetwork/lnd,0,0,3,0,4
2023-12-10,bitcoin/bitcoin,0,0,17,2,19
2023-12-10,MystenLabs/sui,3,0,4,0,5
2023-12-11,MystenLabs/sui,68,10,3,1,26
2023-12-11,solana-labs/solana,9,7,7,1,19
2023-12-11,lightningnetwork/lnd,2,2,10,1,11
2023-12-11,bitcoin/bitcoin,8,8,17,2,33
2023-12-11,ethereum/go-ethereum,0,0,8,2,4
2023-12-11,paradigmxyz/reth,19,8,1,2,11
2023-12-12,paradigmxyz/reth,22,5,3,2,14
2023-12-12,ethereum/go-ethereum,2,3,10,3,12
2023-12-12,solana-labs/solana,10,9,6,3,25
2023-12-12,bitcoin/bitcoin,5,4,23,2,32
2023-12-12,MystenLabs/sui,114,18,4,1,31
2023-12-12,lightningnetwork/lnd,1,0,3,0,10
2023-12-13,ethereum/go-ethereum,3,3,7,0,8
2023-12-13,MystenLabs/sui,157,31,3,0,30
2023-12-13,paradigmxyz/reth,5,1,5,6,13
2023-12-13,solana-labs/solana,14,13,2,5,25
2023-12-13,lightningnetwork/lnd,1,1,2,0,8
2023-12-13,anza-xyz/agave,0,0,0,0,1
2023-12-13,bitcoin/bitcoin,7,7,16,3,27
2023-12-14,paradigmxyz/reth,21,6,2,4,16
2023-12-14,bitcoin/bitcoin,5,5,17,2,24
2023-12-14,solana-labs/solana,29,23,9,3,23
2023-12-14,lightningnetwork/lnd,0,0,0,1,10
2023-12-14,MystenLabs/sui,94,18,4,0,32
2023-12-14,ethereum/go-ethereum,0,0,13,2,12
2023-12-15,lightningnetwork/lnd,0,0,1,1,5
2023-12-15,solana-labs/solana,10,8,5,0,19
2023-12-15,MystenLabs/sui,59,8,2,0,26
2023-12-15,ethereum/go-ethereum,1,1,7,3,12
2023-12-15,paradigmxyz/reth,62,25,1,5,16
2023-12-15,bitcoin/bitcoin,1,2,18,2,20
2023-12-15,anza-xyz/agave,0,0,0,0,3
2023-12-16,bitcoin/bitcoin,0,0,21,2,8
2023-12-16,paradigmxyz/reth,13,6,1,1,13
2023-12-16,solana-labs/solana,6,6,9,1,10
2023-12-16,ethereum/go-ethereum,0,0,12,0,2
2023-12-16,MystenLabs/sui,19,4,1,0,12
2023-12-16,lightningnetwork/lnd,0,0,1,2,4
2023-12-17,bitcoin/bitcoin,0,0,20,0,11
2023-12-17,paradigmxyz/reth,0,0,0,3,5
2023-12-17,solana-labs/solana,1,1,5,0,5
2023-12-17,lightningnetwork/lnd,0,0,3,1,1
2023-12-17,ethereum/go-ethereum,0,0,6,2,4
2023-12-17,MystenLabs/sui,7,0,2,0,5
2023-12-18,solana-labs/solana,15,13,6,2,21
2023-12-18,bitcoin/bitcoin,5,4,16,2,29
2023-12-18,MystenLabs/sui,54,5,10,0,24
2023-12-18,ethereum/go-ethereum,9,9,17,3,11
2023-12-18,paradigmxyz/reth,48,17,5,4,13
2023-12-18,lightningnetwork/lnd,1,1,2,1,11
2023-12-19,MystenLabs/sui,67,4,0,0,22
2023-12-19,lightningnetwork/lnd,0,0,1,2,4
2023-12-19,ethereum/go-ethereum,6,5,9,0,8
2023-12-19,paradigmxyz/reth,1,0,4,2,5
2023-12-19,bitcoin/bitcoin,0,0,12,2,18
2023-12-19,solana-labs/solana,20,14,5,1,22
2023-12-20,bitcoin/bitcoin,2,2,16,1,26
2023-12-20,solana-labs/solana,13,11,3,3,18
2023-12-20,MystenLabs/sui,77,14,2,1,19
2023-12-20,lightningnetwork/lnd,1,1,2,2,8
2023-12-20,ethereum/go-ethereum,4,3,6,1,6
2023-12-20,paradigmxyz/reth,14,6,4,4,9
2023-12-21,bitcoin/bitcoin,3,3,22,0,29
2023-12-21,MystenLabs/sui,72,8,3,0,20
2023-12-21,paradigmxyz/reth,15,5,0,4,13
2023-12-21,lightningnetwork/lnd,1,1,3,1,7
2023-12-21,solana-labs/solana,28,19,15,0,20
2023-12-21,ethereum/go-ethereum,1,1,14,2,11
2023-12-22,MystenLabs/sui,56,9,1,0,25
2023-12-22,lightningnetwork/lnd,0,0,0,1,7
2023-12-22,paradigmxyz/reth,5,5,2,1,12
2023-12-22,solana-labs/solana,16,13,10,0,19
2023-12-22,bitcoin/bitcoin,1,1,21,2,19
2023-12-22,ethereum/go-ethereum,3,2,10,4,8
2023-12-23,bitcoin/bitcoin,0,0,12,3,5
2023-12-23,solana-labs/solana,2,2,6,2,6
2023-12-23,ethereum/go-ethereum,0,0,5,0,0
2023-12-23,MystenLabs/sui,28,5,1,2,9
2023-12-23,paradigmxyz/reth,0,0,2,0,5
2023-12-23,lightningnetwork/lnd,0,0,0,1,6
2023-12-24,MystenLabs/sui,42,8,3,0,8
2023-12-24,lightningnetwork/lnd,0,0,0,0,2
2023-12-24,ethereum/go-ethereum,0,0,11,0,1
2023-12-24,paradigmxyz/reth,1,1,2,2,8
2023-12-24,solana-labs/solana,0,0,15,0,2
2023-12-24,bitcoin/bitcoin,0,0,19,0,4
2023-12-25,bitcoin/bitcoin,0,0,12,0,7
2023-12-25,ethereum/go-ethereum,0,0,15,0,0
2023-12-25,lightningnetwork/lnd,0,0,1,1,5
2023-12-25,paradigmxyz/reth,2,1,2,0,4
2023-12-25,solana-labs/solana,6,1,9,0,4
2023-12-25,MystenLabs/sui,1,0,1,0,2
2023-12-26,MystenLabs/sui,26,3,6,1,10
2023-12-26,lightningnetwork/lnd,0,0,0,0,3
2023-12-26,ethereum/go-ethereum,1,1,19,2,6
2023-12-26,bitcoin/bitcoin,0,0,28,0,10
2023-12-26,paradigmxyz/reth,12,5,4,2,10
2023-12-26,solana-labs/solana,5,5,13,0,3
2023-12-27,solana-labs/solana,2,1,8,0,5
2023-12-27,MystenLabs/sui,13,1,2,0,12
2023-12-27,lightningnetwork/lnd,0,0,2,0,3
2023-12-27,ethereum/go-ethereum,0,0,14,2,3
2023-12-27,paradigmxyz/reth,16,9,2,1,9
2023-12-27,bitcoin/bitcoin,0,0,19,1,15
2023-12-28,MystenLabs/sui,15,1,1,0,12
2023-12-28,bitcoin/bitcoin,0,0,22,0,9
2023-12-28,ethereum/go-ethereum,2,2,16,1,6
2023-12-28,paradigmxyz/reth,21,8,1,4,8
2023-12-28,lightningnetwork/lnd,0,0,2,2,6
2023-12-28,solana-labs/solana,3,0,7,0,7
2023-12-29,paradigmxyz/reth,8,4,0,4,12
2023-12-29,bitcoin/bitcoin,0,0,18,2,12
2023-12-29,MystenLabs/sui,42,6,1,1,10
2023-12-29,ethereum/go-ethereum,0,0,12,1,8
2023-12-29,solana-labs/solana,1,0,9,0,5
2023-12-29,lightningnetwork/lnd,0,0,3,3,8
2023-12-30,lightningnetwork/lnd,0,0,2,1,2
2023-12-30,paradigmxyz/reth,4,3,4,1,2
2023-12-30,solana-labs/solana,1,1,7,1,4
2023-12-30,bitcoin/bitcoin,0,0,23,0,8
2023-12-30,ethereum/go-ethereum,2,2,10,0,2
2023-12-30,MystenLabs/sui,10,0,7,0,6
2023-12-31,lightningnetwork/lnd,0,0,2,0,2
2023-12-31,solana-labs/solana,0,0,9,1,3
2023-12-31,bitcoin/bitcoin,0,0,44,0,4
2023-12-31,paradigmxyz/reth,7,8,5,4,10
2023-12-31,ethereum/go-ethereum,0,0,8,0,1
2023-12-31,MystenLabs/sui,1,0,4,2,11
2024-01-01,lightningnetwork/lnd,0,0,1,2,1
2024-01-01,bitcoin/bitcoin,0,0,49,1,9
2024-01-01,solana-labs/solana,0,0,10,0,2
2024-01-01,paradigmxyz/reth,1,0,3,1,12
2024-01-01,ethereum/go-ethereum,0,0,6,0,2
2024-01-01,MystenLabs/sui,2,0,2,0,6
2024-01-02,bitcoin/bitcoin,4,4,68,1,20
2024-01-02,lightningnetwork/lnd,2,2,0,1,15
2024-01-02,solana-labs/solana,18,11,4,3,14
2024-01-02,ethereum/go-ethereum,2,2,11,4,10
2024-01-02,MystenLabs/sui,41,4,2,4,23
2024-01-02,paradigmxyz/reth,14,6,3,3,11
2024-01-03,MystenLabs/sui,101,14,3,2,26
2024-01-03,bitcoin/bitcoin,1,1,23,1,16
2024-01-03,ethereum/go-ethereum,1,1,19,1,9
2024-01-03,solana-labs/solana,22,16,14,1,18
2024-01-03,lightningnetwork/lnd,6,3,2,2,10
2024-01-03,paradigmxyz/reth,9,5,0,0,12
2024-01-04,paradigmxyz/reth,21,9,3,3,13
2024-01-04,ethereum/go-ethereum,2,1,9,0,4
2024-01-04,bitcoin/bitcoin,3,3,45,3,33
2024-01-04,solana-labs/solana,11,7,5,0,19
2024-01-04,lightningnetwork/lnd,4,4,3,0,9
2024-01-04,MystenLabs/sui,120,19,2,1,26
2024-01-05,solana-labs/solana,10,6,8,2,18
2024-01-05,MystenLabs/sui,126,20,1,0,32
2024-01-05,lightningnetwork/lnd,1,1,0,1,10
2024-01-05,bitcoin/bitcoin,5,6,26,2,38
2024-01-05,paradigmxyz/reth,15,3,6,1,10
2024-01-05,ethereum/go-ethereum,1,1,12,1,5
2024-01-06,solana-labs/solana,2,2,3,0,12
2024-01-06,paradigmxyz/reth,5,4,1,3,6
2024-01-06,bitcoin/bitcoin,0,0,23,1,16
2024-01-06,lightningnetwork/lnd,0,0,2,1,2
2024-01-06,ethereum/go-ethereum,0,0,5,0,1
2024-01-06,MystenLabs/sui,56,12,4,0,16
2024-01-07,paradigmxyz/reth,3,2,0,1,5
2024-01-07,lightningnetwork/lnd,0,0,3,0,5
2024-01-07,MystenLabs/sui,22,2,2,0,8
2024-01-07,solana-labs/solana,3,3,5,0,6
2024-01-07,bitcoin/bitcoin,0,0,30,1,8
2024-01-07,ethereum/go-ethereum,0,0,9,0,0
2024-01-08,bitcoin/bitcoin,2,0,25,0,24
2024-01-08,lightningnetwork/lnd,2,0,4,3,10
2024-01-08,ethereum/go-ethereum,3,0,22,1,8
2024-01-08,MystenLabs/sui,65,0,3,0,22
2024-01-08,paradigmxyz/reth,38,0,0,0,13
2024-01-08,solana-labs/solana,12,0,18,3,17
2024-01-09,ethereum/go-ethereum,3,0,16,0,6
2024-01-09,lightningnetwork/lnd,2,0,3,2,16
2024-01-09,MystenLabs/sui,94,0,2,0,26
2024-01-09,paradigmxyz/reth,49,0,4,3,12
2024-01-09,solana-labs/solana,12,0,3,1,24
2024-01-09,bitcoin/bitcoin,5,0,26,1,23
2024-01-10,lightningnetwork/lnd,0,0,1,2,12
2024-01-10,MystenLabs/sui,80,0,2,1,34
2024-01-10,solana-labs/solana,16,0,14,4,24
2024-01-10,paradigmxyz/reth,45,0,2,6,19
2024-01-10,ethereum/go-ethereum,3,0,14,1,10
2024-01-10,bitcoin/bitcoin,4,0,47,2,20
2024-01-11,lightningnetwork/lnd,1,0,1,2,15
2024-01-11,paradigmxyz/reth,35,0,1,5,14
2024-01-11,ethereum/go-ethereum,3,0,17,1,9
2024-01-11,MystenLabs/sui,122,0,5,0,30
2024-01-11,bitcoin/bitcoin,8,0,42,1,22
2024-01-11,solana-labs/solana,9,0,7,3,21
2024-01-12,solana-labs/solana,9,0,10,2,20
2024-01-12,paradigmxyz/reth,37,0,2,5,14
2024-01-12,ethereum/go-ethereum,10,0,7,1,9
2024-01-12,bitcoin/bitcoin,4,0,31,1,24
2024-01-12,MystenLabs/sui,67,0,7,0,26
2024-01-12,lightningnetwork/lnd,3,0,3,0,12
2024-01-13,lightningnetwork/lnd,0,0,2,1,4
2024-01-13,paradigmxyz/reth,6,0,5,3,10
2024-01-13,MystenLabs/sui,53,0,7,0,15
2024-01-13,ethereum/go-ethereum,0,0,14,1,4
2024-01-13,bitcoin/bitcoin,0,0,29,0,9
2024-01-13,solana-labs/solana,3,0,6,1,8
2024-01-14,solana-labs/solana,1,0,7,0,7
2024-01-14,MystenLabs/sui,24,0,2,1,10
2024-01-14,bitcoin/bitcoin,0,0,31,0,11
2024-01-14,ethereum/go-ethereum,2,0,15,8,6
2024-01-14,paradigmxyz/reth,12,0,8,2,11
2024-01-14,lightningnetwork/lnd,0,0,1,1,4
2024-01-15,ethereum/go-ethereum,5,0,10,0,12
2024-01-15,MystenLabs/sui,37,0,2,0,13
2024-01-15,solana-labs/solana,4,0,7,1,13
2024-01-15,bitcoin/bitcoin,3,0,23,1,16
2024-01-15,paradigmxyz/reth,38,0,5,2,14
2024-01-15,lightningnetwork/lnd,3,0,0,2,7
2024-01-16,ethereum/go-ethereum,2,0,15,0,9
2024-01-16,lightningnetwork/lnd,1,0,2,0,8
2024-01-16,solana-labs/solana,6,0,11,1,16
2024-01-16,paradigmxyz/reth,41,0,7,6,20
2024-01-16,bitcoin/bitcoin,8,0,18,0,27
2024-01-16,MystenLabs/sui,123,0,1,0,30
2024-01-17,bitcoin/bitcoin,3,0,22,2,28
2024-01-17,MystenLabs/sui,110,0,7,2,30
2024-01-17,ethereum/go-ethereum,2,0,17,1,12
2024-01-17,paradigmxyz/reth,63,0,7,4,14
2024-01-17,lightningnetwork/lnd,0,0,4,2,18
2024-01-17,solana-labs/solana,10,0,16,2,23
2024-01-18,ethereum/go-ethereum,2,0,11,2,7
2024-01-18,solana-labs/solana,13,0,10,4,25
2024-01-18,bitcoin/bitcoin,2,0,29,3,40
2024-01-18,MystenLabs/sui,168,0,2,0,32
2024-01-18,lightningnetwork/lnd,4,0,1,5,16
2024-01-18,paradigmxyz/reth,26,0,4,2,15
2024-01-19,bitcoin/bitcoin,1,0,20,1,26
2024-01-19,solana-labs/solana,17,0,12,1,18
2024-01-19,ethereum/go-ethereum,2,0,12,2,9
2024-01-19,lightningnetwork/lnd,3,0,2,2,15
2024-01-19,MystenLabs/sui,101,0,1,1,31
2024-01-19,paradigmxyz/reth,30,0,2,5,10
2024-01-20,paradigmxyz/reth,7,0,5,0,7
2024-01-20,MystenLabs/sui,67,0,2,0,18
2024-01-20,ethereum/go-ethereum,1,0,14,0,7
2024-01-20,bitcoin/bitcoin,0,0,26,2,12
2024-01-20,solana-labs/solana,7,0,16,1,10
2024-01-20,lightningnetwork/lnd,0,0,1,1,6
2024-01-21,lightningnetwork/lnd,0,0,3,0,1
2024-01-21,solana-labs/solana,2,0,16,0,6
2024-01-21,bitcoin/bitcoin,0,0,19,1,6
2024-01-21,paradigmxyz/reth,14,0,3,2,9
2024-01-21,MystenLabs/sui,24,0,3,2,11
2024-01-21,ethereum/go-ethereum,0,0,14,2,2
2024-01-22,MystenLabs/sui,112,0,2,1,31
2024-01-22,lightningnetwork/lnd,6,0,2,0,15
2024-01-22,solana-labs/solana,14,0,12,3,20
2024-01-22,bitcoin/bitcoin,1,0,17,1,18
2024-01-22,ethereum/go-ethereum,0,0,10,2,14
2024-01-22,paradigmxyz/reth,43,0,4,6,12
2024-01-23,paradigmxyz/reth,39,0,4,5,13
2024-01-23,MystenLabs/sui,177,0,1,1,33
2024-01-23,solana-labs/solana,17,0,11,3,25
2024-01-23,lightningnetwork/lnd,3,0,1,1,8
2024-01-23,ethereum/go-ethereum,8,0,11,2,9
2024-01-23,bitcoin/bitcoin,7,0,25,1,22
2024-01-24,ethereum/go-ethereum,4,0,14,5,10
2024-01-24,solana-labs/solana,13,0,11,3,20
2024-01-24,bitcoin/bitcoin,2,0,27,0,25
2024-01-24,lightningnetwork/lnd,3,0,2,0,8
2024-01-24,MystenLabs/sui,114,0,4,1,35
2024-01-24,paradigmxyz/reth,54,0,3,10,22
2024-01-25,paradigmxyz/reth,67,0,7,1,16
2024-01-25,MystenLabs/sui,136,0,3,2,30
2024-01-25,solana-labs/solana,12,0,9,3,22
2024-01-25,ethereum/go-ethereum,0,0,8,1,12
2024-01-25,lightningnetwork/lnd,3,0,3,1,13
2024-01-25,bitcoin/bitcoin,4,0,26,1,25
2024-01-26,lightningnetwork/lnd,0,0,3,1,7
2024-01-26,solana-labs/solana,15,0,10,1,17
2024-01-26,ethereum/go-ethereum,1,0,8,2,9
2024-01-26,paradigmxyz/reth,62,0,4,4,15
2024-01-26,bitcoin/bitcoin,5,0,30,1,24
2024-01-26,MystenLabs/sui,128,0,3,0,29
2024-01-27,ethereum/go-ethereum,1,0,13,0,4
2024-01-27,MystenLabs/sui,61,0,3,0,21
2024-01-27,solana-labs/solana,5,0,9,3,13
2024-01-27,bitcoin/bitcoin,0,0,20,1,8
2024-01-27,lightningnetwork/lnd,2,0,0,1,4
2024-01-27,paradigmxyz/reth,4,0,5,3,6
2024-01-28,solana-labs/solana,2,0,16,1,11
2024-01-28,lightningnetwork/lnd,0,0,1,0,2
2024-01-28,paradigmxyz/reth,20,0,3,1,10
2024-01-28,ethereum/go-ethereum,0,0,18,2,1
2024-01-28,bitcoin/bitcoin,0,0,26,1,13
2024-01-28,MystenLabs/sui,23,0,2,0,11
2024-01-29,paradigmxyz/reth,46,0,1,2,16
2024-01-29,lightningnetwork/lnd,3,0,2,0,10
2024-01-29,ethereum/go-ethereum,3,0,22,0,9
2024-01-29,solana-labs/solana,7,0,16,3,24
2024-01-29,MystenLabs/sui,138,0,2,1,32
2024-01-29,bitcoin/bitcoin,3,0,25,0,30
2024-01-30,paradigmxyz/reth,30,0,3,12,15
2024-01-30,solana-labs/solana,6,0,15,1,18
2024-01-30,bitcoin/bitcoin,3,0,22,2,22
2024-01-30,lightningnetwork/lnd,4,0,3,1,7
2024-01-30,MystenLabs/sui,117,0,4,0,32
2024-01-30,ethereum/go-ethereum,1,0,23,1,9
2024-01-30,anza-xyz/agave,0,0,14,0,0
2024-01-31,solana-labs/solana,4,0,17,1,19
2024-01-31,anza-xyz/agave,0,0,4,0,1
2024-01-31,paradigmxyz/reth,46,0,5,3,16
2024-01-31,ethereum/go-ethereum,2,0,10,2,12
2024-01-31,bitcoin/bitcoin,9,0,13,0,15
2024-01-31,MystenLabs/sui,190,0,5,1,31
2024-01-31,lightningnetwork/lnd,1,0,2,3,11
2024-02-01,ethereum/go-ethereum,0,0,9,1,13
2024-02-01,bitcoin/bitcoin,2,0,27,2,24
2024-02-01,paradigmxyz/reth,37,0,3,9,19
2024-02-01,MystenLabs/sui,75,0,7,1,29
2024-02-01,lightningnetwork/lnd,1,0,1,0,11
2024-02-01,anza-xyz/agave,4,0,1,0,3
2024-02-01,solana-labs/solana,5,0,7,3,19
2024-02-02,anza-xyz/agave,0,0,1,0,1
2024-02-02,lightningnetwork/lnd,1,0,2,0,7
2024-02-02,bitcoin/bitcoin,1,0,23,1,24
2024-02-02,ethereum/go-ethereum,3,0,16,2,9
2024-02-02,paradigmxyz/reth,49,0,5,9,18
2024-02-02,MystenLabs/sui,108,0,5,2,33
2024-02-02,solana-labs/solana,12,0,10,0,25
2024-02-03,MystenLabs/sui,27,0,7,1,11
2024-02-03,ethereum/go-ethereum,0,0,13,0,2
2024-02-03,anza-xyz/agave,0,0,1,0,0
2024-02-03,lightningnetwork/lnd,3,0,1,0,4
2024-02-03,solana-labs/solana,1,0,5,2,5
2024-02-03,paradigmxyz/reth,25,0,0,7,8
2024-02-03,bitcoin/bitcoin,1,0,22,1,11
2024-02-04,bitcoin/bitcoin,0,0,16,3,10
2024-02-04,paradigmxyz/reth,17,0,2,3,11
2024-02-04,solana-labs/solana,3,0,7,1,8
2024-02-04,ethereum/go-ethereum,1,0,15,3,3
2024-02-04,anza-xyz/agave,0,0,1,0,0
2024-02-04,MystenLabs/sui,11,0,1,0,8
2024-02-04,lightningnetwork/lnd,0,0,0,0,2
2024-02-05,lightningnetwork/lnd,4,0,1,2,10
2024-02-05,ethereum/go-ethereum,5,0,13,1,14
2024-02-05,MystenLabs/sui,72,0,2,1,26
2024-02-05,paradigmxyz/reth,58,0,0,12,21
2024-02-05,anza-xyz/agave,0,0,1,0,0
2024-02-05,solana-labs/solana,6,0,9,3,20
2024-02-05,bitcoin/bitcoin,2,0,20,5,19
2024-02-06,paradigmxyz/reth,54,0,5,5,25
2024-02-06,solana-labs/solana,13,0,9,7,23
2024-02-06,lightningnetwork/lnd,5,0,1,1,10
2024-02-06,MystenLabs/sui,84,0,3,1,27
2024-02-06,ethereum/go-ethereum,2,0,7,6,11
2024-02-06,bitcoin/bitcoin,4,0,22,1,18
2024-02-07,bitcoin/bitcoin,4,0,23,2,23
2024-02-07,ethereum/go-ethereum,5,0,7,2,11
2024-02-07,anza-xyz/agave,0,0,1,0,0
2024-02-07,MystenLabs/sui,127,0,3,2,35
2024-02-07,lightningnetwork/lnd,3,0,1,1,15
2024-02-07,solana-labs/solana,24,0,6,3,27
2024-02-07,paradigmxyz/reth,21,0,6,6,19
2024-02-08,paradigmxyz/reth,55,0,1,2,24
2024-02-08,lightningnetwork/lnd,1,0,1,0,7
2024-02-08,MystenLabs/sui,102,0,4,0,32
2024-02-08,ethereum/go-ethereum,2,0,5,2,14
2024-02-08,anza-xyz/agave,2,0,0,0,2
2024-02-08,bitcoin/bitcoin,7,0,11,1,25
2024-02-08,solana-labs/solana,7,0,5,2,21
2024-02-09,lightningnetwork/lnd,0,0,1,3,6
2024-02-09,bitcoin/bitcoin,0,0,23,1,23
2024-02-09,MystenLabs/sui,59,0,4,1,26
2024-02-09,solana-labs/solana,13,0,8,0,16
2024-02-09,ethereum/go-ethereum,5,0,10,1,6
2024-02-09,paradigmxyz/reth,28,0,6,9,14
2024-02-09,anza-xyz/agave,0,0,2,0,0
2024-02-10,lightningnetwork/lnd,0,0,3,0,0
2024-02-10,ethereum/go-ethereum,0,0,12,2,2
2024-02-10,bitcoin/bitcoin,1,0,30,0,12
2024-02-10,MystenLabs/sui,22,0,4,1,14
2024-02-10,solana-labs/solana,8,0,2,0,10
2024-02-10,paradigmxyz/reth,26,0,4,10,13
2024-02-11,bitcoin/bitcoin,2,0,26,2,12
2024-02-11,MystenLabs/sui,8,0,1,1,10
2024-02-11,solana-labs/solana,3,0,4,1,6
2024-02-11,anza-xyz/agave,1,0,0,0,1
2024-02-11,paradigmxyz/reth,11,0,3,2,18
2024-02-11,ethereum/go-ethereum,0,0,12,1,5
2024-02-11,lightningnetwork/lnd,0,0,3,1,0
2024-02-12,ethereum/go-ethereum,0,0,9,2,11
2024-02-12,MystenLabs/sui,66,0,5,0,25
2024-02-12,anza-xyz/agave,3,0,0,0,2
2024-02-12,bitcoin/bitcoin,5,0,54,0,22
2024-02-12,paradigmxyz/reth,26,0,3,8,15
2024-02-12,lightningnetwork/lnd,7,0,2,0,10
2024-02-12,solana-labs/solana,6,0,8,1,11
2024-02-13,MystenLabs/sui,94,0,3,1,30
2024-02-13,ethereum/go-ethereum,4,0,11,1,9
2024-02-13,bitcoin/bitcoin,5,0,54,0,13
2024-02-13,solana-labs/solana,11,0,2,2,7
2024-02-13,lightningnetwork/lnd,0,0,1,2,8
2024-02-13,paradigmxyz/reth,46,0,6,3,20
2024-02-14,bitcoin/bitcoin,0,0,28,1,19
2024-02-14,lightningnetwork/lnd,1,0,1,1,8
2024-02-14,solana-labs/solana,5,0,7,0,17
2024-02-14,ethereum/go-ethereum,2,0,15,2,11
2024-02-14,paradigmxyz/reth,41,0,3,7,17
2024-02-14,MystenLabs/sui,86,0,4,0,28
2024-02-15,paradigmxyz/reth,22,0,4,2,13
2024-02-15,anza-xyz/agave,1,0,0,0,1
2024-02-15,bitcoin/bitcoin,0,0,25,2,16
2024-02-15,ethereum/go-ethereum,8,0,9,2,9
2024-02-15,lightningnetwork/lnd,1,0,2,0,7
2024-02-15,MystenLabs/sui,71,0,4,0,30
2024-02-15,solana-labs/solana,8,0,8,3,13
2024-02-16,anza-xyz/agave,0,0,1,0,0
2024-02-16,MystenLabs/sui,91,0,3,2,28
2024-02-16,solana-labs/solana,12,0,4,0,18
2024-02-16,bitcoin/bitcoin,3,0,26,0,17
2024-02-16,ethereum/go-ethereum,2,0,23,3,10
2024-02-16,paradigmxyz/reth,24,0,5,3,20
2024-02-16,lightningnetwork/lnd,0,0,2,1,7
2024-02-17,paradigmxyz/reth,26,0,6,4,11
2024-02-17,bitcoin/bitcoin,0,0,15,0,7
2024-02-17,ethereum/go-ethereum,1,0,13,2,4
2024-02-17,anza-xyz/agave,0,0,1,0,0
2024-02-17,solana-labs/solana,0,0,0,0,6
2024-02-17,MystenLabs/sui,17,0,3,2,11
2024-02-17,lightningnetwork/lnd,0,0,1,0,4
2024-02-18,anza-xyz/agave,0,0,2,0,0
2024-02-18,paradigmxyz/reth,37,0,6,2,16
2024-02-18,bitcoin/bitcoin,0,0,22,2,4
2024-02-18,lightningnetwork/lnd,0,0,0,0,3
2024-02-18,ethereum/go-ethereum,0,0,21,4,5
2024-02-18,MystenLabs/sui,7,0,2,0,7
2024-02-18,solana-labs/solana,1,0,5,0,4
2024-02-19,ethereum/go-ethereum,4,0,14,2,12
2024-02-19,MystenLabs/sui,12,0,1,0,13
2024-02-19,lightningnetwork/lnd,1,0,3,2,14
2024-02-19,paradigmxyz/reth,38,0,3,5,17
2024-02-19,bitcoin/bitcoin,3,0,13,2,19
2024-02-19,solana-labs/solana,9,0,8,2,16
2024-02-19,anza-xyz/agave,1,0,1,0,1
2024-02-20,bitcoin/bitcoin,3,0,13,0,18
2024-02-20,anza-xyz/agave,0,0,0,0,1
2024-02-20,paradigmxyz/reth,45,0,8,6,18
2024-02-20,MystenLabs/sui,43,0,4,2,26
2024-02-20,solana-labs/solana,14,0,6,0,21
2024-02-20,lightningnetwork/lnd,1,0,5,0,10
2024-02-20,ethereum/go-ethereum,2,0,20,1,13
2024-02-21,lightningnetwork/lnd,3,0,4,0,12
2024-02-21,anza-xyz/agave,0,0,1,0,0
2024-02-21,solana-labs/solana,12,0,4,1,20
2024-02-21,paradigmxyz/reth,59,0,1,6,19
2024-02-21,MystenLabs/sui,79,0,2,1,28
2024-02-21,ethereum/go-ethereum,5,0,16,2,14
2024-02-21,bitcoin/bitcoin,1,0,21,0,18
2024-02-22,anza-xyz/agave,11,0,0,1,3
2024-02-22,solana-labs/solana,13,0,5,1,20
2024-02-22,paradigmxyz/reth,67,0,2,4,15
2024-02-22,ethereum/go-ethereum,1,0,24,4,14
2024-02-22,lightningnetwork/lnd,2,0,2,0,12
2024-02-22,MystenLabs/sui,82,0,3,1,33
2024-02-22,bitcoin/bitcoin,1,0,30,2,27
2024-02-23,bitcoin/bitcoin,0,0,20,0,18
2024-02-23,ethereum/go-ethereum,1,0,20,2,6
2024-02-23,lightningnetwork/lnd,0,0,2,0,8
2024-02-23,MystenLabs/sui,105,0,8,0,29
2024-02-23,paradigmxyz/reth,27,0,3,10,19
2024-02-23,anza-xyz/agave,2,0,0,0,2
2024-02-23,solana-labs/solana,13,0,7,0,22
2024-02-24,solana-labs/solana,4,0,4,0,8
2024-02-24,paradigmxyz/reth,23,0,0,1,10
2024-02-24,lightningnetwork/lnd,0,0,0,0,3
2024-02-24,MystenLabs/sui,36,0,2,0,17
2024-02-24,ethereum/go-ethereum,0,0,17,0,4
2024-02-24,bitcoin/bitcoin,0,0,24,1,10
2024-02-25,paradigmxyz/reth,4,0,0,0,8
2024-02-25,MystenLabs/sui,10,0,3,1,8
2024-02-25,lightningnetwork/lnd,0,0,2,1,3
2024-02-25,anza-xyz/agave,0,0,1,0,0
2024-02-25,ethereum/go-ethereum,0,0,21,4,7
2024-02-25,solana-labs/solana,1,0,7,0,1
2024-02-25,bitcoin/bitcoin,0,0,14,2,7
2024-02-26,ethereum/go-ethereum,6,0,12,2,16
2024-02-26,solana-labs/solana,8,0,9,1,17
2024-02-26,paradigmxyz/reth,68,0,7,5,20
2024-02-26,MystenLabs/sui,89,0,3,0,32
2024-02-26,lightningnetwork/lnd,0,0,2,0,8
2024-02-26,bitcoin/bitcoin,9,0,27,1,20
2024-02-27,MystenLabs/sui,99,0,2,1,32
2024-02-27,paradigmxyz/reth,68,0,1,2,19
2024-02-27,ethereum/go-ethereum,4,0,45,1,14
2024-02-27,anza-xyz/agave,0,0,1,4,1
2024-02-27,bitcoin/bitcoin,4,0,37,0,18
2024-02-27,solana-labs/solana,6,0,3,1,20
2024-02-27,lightningnetwork/lnd,8,0,1,0,7
2024-02-28,bitcoin/bitcoin,7,0,39,3,29
2024-02-28,anza-xyz/agave,0,0,1,0,0
2024-02-28,MystenLabs/sui,109,0,1,0,34
2024-02-28,paradigmxyz/reth,53,0,1,8,18
2024-02-28,ethereum/go-ethereum,5,0,25,6,16
2024-02-28,lightningnetwork/lnd,6,0,2,0,14
2024-02-28,solana-labs/solana,10,0,5,2,24
2024-02-29,ethereum/go-ethereum,5,0,50,4,7
2024-02-29,lightningnetwork/lnd,4,0,2,1,10
2024-02-29,anza-xyz/agave,0,0,0,0,1
2024-02-29,paradigmxyz/reth,52,0,5,5,21
2024-02-29,solana-labs/solana,12,0,16,1,22
2024-02-29,bitcoin/bitcoin,4,0,58,2,34
2024-02-29,MystenLabs/sui,64,0,1,2,30
2024-03-01,bitcoin/bitcoin,2,0,48,2,28
2024-03-01,solana-labs/solana,12,0,7,2,22
2024-03-01,paradigmxyz/reth,43,0,8,8,13
2024-03-01,lightningnetwork/lnd,1,0,3,0,9
2024-03-01,anza-xyz/agave,0,0,4,1,1
2024-03-01,MystenLabs/sui,74,0,6,0,23
2024-03-01,ethereum/go-ethereum,0,0,17,5,14
2024-03-02,anza-xyz/agave,0,0,5,0,2
2024-03-02,bitcoin/bitcoin,1,0,29,1,18
2024-03-02,solana-labs/solana,5,0,10,1,11
2024-03-02,lightningnetwork/lnd,0,0,0,0,5
2024-03-02,ethereum/go-ethereum,2,0,49,0,6
2024-03-02,paradigmxyz/reth,11,0,6,6,14
2024-03-02,MystenLabs/sui,32,0,3,0,17
2024-03-03,ethereum/go-ethereum,0,0,23,0,4
2024-03-03,paradigmxyz/reth,29,0,5,2,13
2024-03-03,MystenLabs/sui,57,0,6,0,16
2024-03-03,lightningnetwork/lnd,0,0,3,0,2
2024-03-03,anza-xyz/agave,7,0,4,0,5
2024-03-03,bitcoin/bitcoin,0,0,28,2,12
2024-03-03,solana-labs/solana,6,0,8,0,8
2024-03-04,anza-xyz/agave,2,0,5,2,15
2024-03-04,MystenLabs/sui,32,0,2,0,29
2024-03-04,ethereum/go-ethereum,7,0,15,1,15
2024-03-04,bitcoin/bitcoin,5,0,27,7,23
2024-03-04,solana-labs/solana,2,0,11,1,12
2024-03-04,lightningnetwork/lnd,0,0,0,0,4
2024-03-04,paradigmxyz/reth,35,0,6,4,19
2024-03-05,MystenLabs/sui,57,0,4,0,25
2024-03-05,bitcoin/bitcoin,6,0,58,4,24
2024-03-05,paradigmxyz/reth,27,0,6,5,13
2024-03-05,anza-xyz/agave,9,0,2,1,19
2024-03-05,lightningnetwork/lnd,6,0,2,0,8
2024-03-05,ethereum/go-ethereum,10,0,19,2,13
2024-03-05,solana-labs/solana,5,0,5,1,8
2024-03-06,ethereum/go-ethereum,8,0,27,2,15
2024-03-06,bitcoin/bitcoin,4,0,74,1,24
2024-03-06,solana-labs/solana,0,0,6,2,4
2024-03-06,anza-xyz/agave,7,0,3,2,17
2024-03-06,MystenLabs/sui,50,0,1,0,24
2024-03-06,paradigmxyz/reth,78,0,5,12,25
2024-03-06,lightningnetwork/lnd,7,0,2,1,15
2024-03-07,anza-xyz/agave,12,0,2,1,22
2024-03-07,solana-labs/solana,1,0,10,0,4
2024-03-07,MystenLabs/sui,46,0,2,0,19
2024-03-07,paradigmxyz/reth,6,0,5,7,18
2024-03-07,bitcoin/bitcoin,3,0,31,1,25
2024-03-07,lightningnetwork/lnd,2,0,1,2,12
2024-03-07,ethereum/go-ethereum,3,0,22,4,20
2024-03-08,paradigmxyz/reth,35,0,10,7,24
2024-03-08,solana-labs/solana,0,0,3,0,5
2024-03-08,MystenLabs/sui,44,0,2,5,18
2024-03-08,ethereum/go-ethereum,2,0,20,2,14
2024-03-08,anza-xyz/agave,16,0,1,4,19
2024-03-08,lightningnetwork/lnd,5,0,3,4,11
2024-03-08,bitcoin/bitcoin,3,0,32,3,23
2024-03-09,bitcoin/bitcoin,3,0,24,0,15
2024-03-09,ethereum/go-ethereum,0,0,24,0,6
2024-03-09,MystenLabs/sui,21,0,1,1,9
2024-03-09,anza-xyz/agave,1,0,0,0,7
2024-03-09,solana-labs/solana,6,0,3,0,6
2024-03-09,lightningnetwork/lnd,0,0,1,0,3
2024-03-09,paradigmxyz/reth,17,0,7,2,17
2024-03-10,ethereum/go-ethereum,1,0,9,1,5
2024-03-10,lightningnetwork/lnd,0,0,2,0,5
2024-03-10,solana-labs/solana,0,0,8,0,1
2024-03-10,MystenLabs/sui,1,0,3,0,3
2024-03-10,anza-xyz/agave,0,0,1,0,4
2024-03-10,bitcoin/bitcoin,0,0,34,2,12
2024-03-10,paradigmxyz/reth,19,0,1,1,17
2024-03-11,solana-labs/solana,1,0,13,1,8
2024-03-11,ethereum/go-ethereum,3,0,33,0,18
2024-03-11,anza-xyz/agave,19,0,1,1,18
2024-03-11,lightningnetwork/lnd,2,0,3,2,10
2024-03-11,MystenLabs/sui,62,0,4,2,25
2024-03-11,bitcoin/bitcoin,5,0,43,1,29
2024-03-11,paradigmxyz/reth,28,0,6,1,17
2024-03-12,ethereum/go-ethereum,6,0,31,3,13
2024-03-12,MystenLabs/sui,73,0,2,0,29
2024-03-12,paradigmxyz/reth,35,0,2,4,16
2024-03-12,lightningnetwork/lnd,4,0,1,1,16
2024-03-12,bitcoin/bitcoin,8,0,38,5,30
2024-03-12,anza-xyz/agave,15,0,0,1,21
2024-03-12,solana-labs/solana,0,0,12,1,7
2024-03-13,anza-xyz/agave,19,0,0,3,21
2024-03-13,MystenLabs/sui,84,0,2,0,28
2024-03-13,solana-labs/solana,3,0,21,0,6
2024-03-13,lightningnetwork/lnd,1,0,0,1,18
2024-03-13,bitcoin/bitcoin,5,0,43,0,21
2024-03-13,paradigmxyz/reth,26,0,7,2,20
2024-03-13,ethereum/go-ethereum,9,0,34,7,17
2024-03-14,ethereum/go-ethereum,2,0,18,2,18
2024-03-14,solana-labs/solana,0,0,15,1,5
2024-03-14,MystenLabs/sui,92,0,4,0,27
2024-03-14,paradigmxyz/reth,30,0,7,2,15
2024-03-14,anza-xyz/agave,9,0,1,2,28
2024-03-14,bitcoin/bitcoin,4,0,27,2,14
2024-03-14,lightningnetwork/lnd,7,0,2,1,15
2024-03-15,bitcoin/bitcoin,2,0,26,2,20
2024-03-15,paradigmxyz/reth,37,0,6,6,18
2024-03-15,solana-labs/solana,0,0,13,1,6
2024-03-15,anza-xyz/agave,14,0,3,1,24
2024-03-15,MystenLabs/sui,74,0,2,1,31
2024-03-15,ethereum/go-ethereum,5,0,23,2,12
2024-03-15,lightningnetwork/lnd,3,0,0,1,8
2024-03-16,lightningnetwork/lnd,0,0,0,0,5
2024-03-16,ethereum/go-ethereum,0,0,14,2,2
2024-03-16,paradigmxyz/reth,16,0,4,2,10
2024-03-16,anza-xyz/agave,6,0,0,2,11
2024-03-16,bitcoin/bitcoin,0,0,23,0,6
2024-03-16,solana-labs/solana,4,0,13,1,5
2024-03-16,MystenLabs/sui,48,0,4,0,16
2024-03-17,bitcoin/bitcoin,0,0,24,0,8
2024-03-17,paradigmxyz/reth,16,0,6,3,10
2024-03-17,ethereum/go-ethereum,0,0,18,0,8
2024-03-17,anza-xyz/agave,1,0,0,1,7
2024-03-17,lightningnetwork/lnd,2,0,0,2,7
2024-03-17,MystenLabs/sui,29,0,5,1,11
2024-03-17,solana-labs/solana,0,0,12,0,5
2024-03-18,solana-labs/solana,2,0,23,2,4
2024-03-18,bitcoin/bitcoin,5,0,31,1,19
2024-03-18,lightningnetwork/lnd,6,0,4,1,11
2024-03-18,ethereum/go-ethereum,2,0,19,0,13
2024-03-18,anza-xyz/agave,15,0,3,3,25
2024-03-18,paradigmxyz/reth,22,0,5,4,13
2024-03-18,MystenLabs/sui,72,0,3,0,26
2024-03-19,bitcoin/bitcoin,5,0,25,1,24
2024-03-19,lightningnetwork/lnd,5,0,4,0,10
2024-03-19,paradigmxyz/reth,42,0,6,10,22
2024-03-19,anza-xyz/agave,10,0,3,2,23
2024-03-19,solana-labs/solana,0,0,20,1,4
2024-03-19,MystenLabs/sui,134,0,9,0,38
2024-03-19,ethereum/go-ethereum,5,0,31,2,11
2024-03-20,anza-xyz/agave,13,0,0,2,25
2024-03-20,bitcoin/bitcoin,5,0,24,3,24
2024-03-20,ethereum/go-ethereum,11,0,17,3,16
2024-03-20,paradigmxyz/reth,54,0,8,8,17
2024-03-20,MystenLabs/sui,98,0,6,0,31
2024-03-20,lightningnetwork/lnd,9,0,3,0,10
2024-03-20,solana-labs/solana,1,0,25,1,9
2024-03-21,paradigmxyz/reth,42,0,3,16,23
2024-03-21,solana-labs/solana,0,0,29,1,5
2024-03-21,lightningnetwork/lnd,9,0,0,1,12
2024-03-21,MystenLabs/sui,114,0,2,0,29
2024-03-21,ethereum/go-ethereum,1,0,25,1,13
2024-03-21,bitcoin/bitcoin,1,0,31,3,21
2024-03-21,anza-xyz/agave,31,0,0,5,26
2024-03-22,paradigmxyz/reth,16,0,4,4,15
2024-03-22,lightningnetwork/lnd,1,0,1,0,6
2024-03-22,anza-xyz/agave,21,0,2,4,20
2024-03-22,solana-labs/solana,1,0,17,1,3
2024-03-22,bitcoin/bitcoin,6,0,32,1,15
2024-03-22,MystenLabs/sui,84,0,2,1,31
2024-03-22,ethereum/go-ethereum,5,0,18,2,13
2024-03-23,paradigmxyz/reth,24,0,4,4,8
2024-03-23,lightningnetwork/lnd,0,0,2,0,3
2024-03-23,solana-labs/solana,2,0,16,1,2
2024-03-23,anza-xyz/agave,5,0,0,1,14
2024-03-23,MystenLabs/sui,26,0,4,1,13
2024-03-23,bitcoin/bitcoin,0,0,21,2,13
2024-03-23,ethereum/go-ethereum,0,0,13,1,1
2024-03-24,lightningnetwork/lnd,0,0,0,0,4
2024-03-24,solana-labs/solana,0,0,17,1,4
2024-03-24,anza-xyz/agave,2,0,0,0,7
2024-03-24,bitcoin/bitcoin,0,0,29,0,2
2024-03-24,MystenLabs/sui,15,0,5,0,8
2024-03-24,ethereum/go-ethereum,1,0,9,6,9
2024-03-24,paradigmxyz/reth,12,0,0,2,9
2024-03-25,paradigmxyz/reth,20,0,2,3,16
2024-03-25,solana-labs/solana,0,0,15,2,3
2024-03-25,lightningnetwork/lnd,5,0,3,1,10
2024-03-25,anza-xyz/agave,3,0,1,2,14
2024-03-25,ethereum/go-ethereum,5,0,16,3,18
2024-03-25,MystenLabs/sui,91,0,5,1,32
2024-03-25,bitcoin/bitcoin,7,0,26,0,25
2024-03-26,bitcoin/bitcoin,4,0,31,4,27
2024-03-26,solana-labs/solana,0,0,18,1,5
2024-03-26,lightningnetwork/lnd,13,0,3,3,10
2024-03-26,MystenLabs/sui,94,0,3,2,38
2024-03-26,paradigmxyz/reth,58,0,8,1,18
2024-03-26,anza-xyz/agave,15,0,0,1,23
2024-03-26,ethereum/go-ethereum,4,0,26,3,21
2024-03-27,ethereum/go-ethereum,4,0,23,4,21
2024-03-27,bitcoin/bitcoin,4,0,24,2,24
2024-03-27,MystenLabs/sui,86,0,6,2,37
2024-03-27,lightningnetwork/lnd,4,0,1,2,10
2024-03-27,anza-xyz/agave,10,0,1,2,22
2024-03-27,solana-labs/solana,0,0,16,0,2
2024-03-27,paradigmxyz/reth,43,0,0,10,23
2024-03-28,MystenLabs/sui,126,0,5,0,32
2024-03-28,bitcoin/bitcoin,1,0,25,3,18
2024-03-28,ethereum/go-ethereum,7,0,17,2,13
2024-03-28,lightningnetwork/lnd,4,0,4,1,14
2024-03-28,solana-labs/solana,0,0,12,0,0
2024-03-28,anza-xyz/agave,7,0,1,5,15
2024-03-28,paradigmxyz/reth,17,0,6,9,18
2024-03-29,paradigmxyz/reth,16,0,2,5,13
2024-03-29,ethereum/go-ethereum,0,0,17,6,9
2024-03-29,anza-xyz/agave,28,0,0,1,20
2024-03-29,lightningnetwork/lnd,5,0,0,0,6
2024-03-29,MystenLabs/sui,122,0,7,2,40
2024-03-29,bitcoin/bitcoin,2,0,22,0,15
2024-03-29,solana-labs/solana,3,0,7,0,5
2024-03-30,MystenLabs/sui,40,0,2,0,20
2024-03-30,paradigmxyz/reth,18,0,2,1,10
2024-03-30,bitcoin/bitcoin,0,0,43,1,8
2024-03-30,ethereum/go-ethereum,0,0,13,1,4
2024-03-30,solana-labs/solana,0,0,4,1,3
2024-03-30,lightningnetwork/lnd,0,0,0,5,2
2024-03-30,anza-xyz/agave,0,0,1,0,7
2024-03-31,ethereum/go-ethereum,0,0,14,4,6
2024-03-31,solana-labs/solana,0,0,11,3,3
2024-03-31,lightningnetwork/lnd,2,0,0,0,4
2024-03-31,MystenLabs/sui,8,0,7,0,5
2024-03-31,anza-xyz/agave,2,0,1,1,3
2024-03-31,bitcoin/bitcoin,0,0,40,1,18
2024-03-31,paradigmxyz/reth,10,0,4,1,10
2024-04-01,paradigmxyz/reth,18,0,5,4,13
2024-04-01,lightningnetwork/lnd,1,0,3,1,7
2024-04-01,ethereum/go-ethereum,3,0,10,3,12
2024-04-01,MystenLabs/sui,64,0,11,0,25
2024-04-01,anza-xyz/agave,18,0,0,1,18
2024-04-01,bitcoin/bitcoin,6,0,18,0,21
2024-04-01,solana-labs/solana,0,0,10,1,4
2024-04-02,lightningnetwork/lnd,5,0,0,1,12
2024-04-02,bitcoin/bitcoin,6,0,21,5,23
2024-04-02,MystenLabs/sui,48,0,3,1,26
2024-04-02,anza-xyz/agave,21,0,0,3,22
2024-04-02,ethereum/go-ethereum,9,0,13,2,16
2024-04-02,paradigmxyz/reth,30,0,9,1,19
2024-04-02,solana-labs/solana,0,0,9,2,3
2024-04-03,solana-labs/solana,0,0,13,3,3
2024-04-03,paradigmxyz/reth,28,0,5,6,19
2024-04-03,bitcoin/bitcoin,3,0,26,2,23
2024-04-03,anza-xyz/agave,13,0,1,6,17
2024-04-03,MystenLabs/sui,74,0,2,0,24
2024-04-03,lightningnetwork/lnd,8,0,3,3,8
2024-04-03,ethereum/go-ethereum,1,0,15,1,11
2024-04-04,lightningnetwork/lnd,1,0,1,0,12
2024-04-04,ethereum/go-ethereum,10,0,13,0,9
2024-04-04,paradigmxyz/reth,15,0,9,5,16
2024-04-04,MystenLabs/sui,78,0,5,0,27
2024-04-04,anza-xyz/agave,16,0,4,2,25
2024-04-04,solana-labs/solana,0,0,10,1,7
2024-04-04,bitcoin/bitcoin,4,0,23,3,17
2024-04-05,bitcoin/bitcoin,4,0,21,3,18
2024-04-05,solana-labs/solana,0,0,14,2,6
2024-04-05,anza-xyz/agave,18,0,0,2,25
2024-04-05,paradigmxyz/reth,26,0,4,7,12
2024-04-05,ethereum/go-ethereum,3,0,9,7,16
2024-04-05,lightningnetwork/lnd,2,0,0,3,14
2024-04-05,MystenLabs/sui,37,0,1,1,24
2024-04-06,MystenLabs/sui,25,0,4,0,12
2024-04-06,ethereum/go-ethereum,6,0,10,1,7
2024-04-06,solana-labs/solana,0,0,14,0,4
2024-04-06,lightningnetwork/lnd,0,0,3,1,5
2024-04-06,anza-xyz/agave,4,0,2,0,18
2024-04-06,paradigmxyz/reth,5,0,4,5,9
2024-04-06,bitcoin/bitcoin,2,0,24,1,9
2024-04-07,solana-labs/solana,0,0,12,1,5
2024-04-07,paradigmxyz/reth,3,0,7,6,8
2024-04-07,anza-xyz/agave,2,0,1,2,10
2024-04-07,lightningnetwork/lnd,0,0,2,1,0
2024-04-07,bitcoin/bitcoin,3,0,22,0,7
2024-04-07,MystenLabs/sui,6,0,1,3,6
2024-04-07,ethereum/go-ethereum,0,0,11,2,10
2024-04-08,bitcoin/bitcoin,2,0,23,2,10
2024-04-08,solana-labs/solana,2,0,16,1,2
2024-04-08,MystenLabs/sui,51,0,6,1,25
2024-04-08,anza-xyz/agave,10,0,3,3,16
2024-04-08,ethereum/go-ethereum,6,0,17,2,16
2024-04-08,paradigmxyz/reth,37,0,7,2,14
2024-04-08,lightningnetwork/lnd,1,0,4,0,15
2024-04-09,solana-labs/solana,0,0,8,2,4
2024-04-09,ethereum/go-ethereum,6,0,15,1,15
2024-04-09,bitcoin/bitcoin,8,0,30,0,26
2024-04-09,paradigmxyz/reth,35,0,5,3,25
2024-04-09,lightningnetwork/lnd,1,0,0,1,11
2024-04-09,MystenLabs/sui,54,0,1,2,23
2024-04-09,anza-xyz/agave,19,0,6,4,25
2024-04-10,lightningnetwork/lnd,3,0,4,6,11
2024-04-10,paradigmxyz/reth,86,0,8,10,25
2024-04-10,MystenLabs/sui,77,0,1,0,22
2024-04-10,bitcoin/bitcoin,2,0,29,1,21
2024-04-10,ethereum/go-ethereum,1,0,151,2,6
2024-04-10,solana-labs/solana,0,0,11,0,4
2024-04-10,anza-xyz/agave,23,0,6,0,29
2024-04-11,lightningnetwork/lnd,5,0,1,0,10
2024-04-11,MystenLabs/sui,33,0,3,2,23
2024-04-11,paradigmxyz/reth,58,0,6,4,11
2024-04-11,solana-labs/solana,2,0,11,0,4
2024-04-11,ethereum/go-ethereum,2,0,23,0,7
2024-04-11,bitcoin/bitcoin,2,0,37,1,18
2024-04-11,anza-xyz/agave,29,0,6,0,28
2024-04-12,anza-xyz/agave,17,0,6,0,19
2024-04-12,MystenLabs/sui,33,0,2,0,17
2024-04-12,bitcoin/bitcoin,0,0,44,2,13
2024-04-12,lightningnetwork/lnd,5,0,5,0,8
2024-04-12,solana-labs/solana,0,0,13,0,3
2024-04-12,paradigmxyz/reth,48,0,9,5,19
2024-04-12,ethereum/go-ethereum,0,0,28,1,13
2024-04-13,MystenLabs/sui,21,0,4,0,10
2024-04-13,anza-xyz/agave,5,0,5,1,8
2024-04-13,ethereum/go-ethereum,0,0,10,1,4
2024-04-13,lightningnetwork/lnd,1,0,3,1,5
2024-04-13,solana-labs/solana,0,0,8,0,4
2024-04-13,paradigmxyz/reth,39,0,3,6,14
2024-04-13,bitcoin/bitcoin,0,0,19,1,7
2024-04-14,solana-labs/solana,0,0,9,0,3
2024-04-14,anza-xyz/agave,3,0,2,0,9
2024-04-14,lightningnetwork/lnd,0,0,4,1,1
2024-04-14,MystenLabs/sui,11,0,3,0,10
2024-04-14,paradigmxyz/reth,11,0,7,6,15
2024-04-14,ethereum/go-ethereum,0,0,15,1,8
2024-04-14,bitcoin/bitcoin,0,0,16,0,7
2024-04-15,paradigmxyz/reth,34,0,6,5,23
2024-04-15,ethereum/go-ethereum,4,0,18,5,15
2024-04-15,solana-labs/solana,0,0,5,0,6
2024-04-15,bitcoin/bitcoin,7,0,28,2,18
2024-04-15,MystenLabs/sui,70,0,1,0,30
2024-04-15,anza-xyz/agave,18,0,1,1,17
2024-04-15,lightningnetwork/lnd,0,0,2,3,16
2024-04-16,MystenLabs/sui,122,0,2,1,29
2024-04-16,anza-xyz/agave,15,0,0,1,22
2024-04-16,solana-labs/solana,0,0,6,0,2
2024-04-16,lightningnetwork/lnd,5,0,4,2,9
2024-04-16,bitcoin/bitcoin,2,0,33,3,21
2024-04-16,ethereum/go-ethereum,8,0,14,4,20
2024-04-16,paradigmxyz/reth,46,0,7,5,18
2024-04-17,paradigmxyz/reth,96,0,1,3,15
2024-04-17,solana-labs/solana,0,0,9,0,2
2024-04-17,anza-xyz/agave,20,0,4,1,22
2024-04-17,ethereum/go-ethereum,6,0,19,2,14
2024-04-17,lightningnetwork/lnd,4,0,4,0,14
2024-04-17,bitcoin/bitcoin,9,0,127,1,25
2024-04-17,MystenLabs/sui,174,0,4,1,34
2024-04-18,ethereum/go-ethereum,2,0,14,2,13
2024-04-18,anza-xyz/agave,20,0,1,2,20
2024-04-18,MystenLabs/sui,90,0,5,1,28
2024-04-18,lightningnetwork/lnd,6,0,0,0,11
2024-04-18,solana-labs/solana,0,0,8,1,2
2024-04-18,bitcoin/bitcoin,2,0,30,2,20
2024-04-18,paradigmxyz/reth,135,0,7,4,18
2024-04-19,bitcoin/bitcoin,0,0,41,5,23
2024-04-19,paradigmxyz/reth,136,0,5,5,17
2024-04-19,anza-xyz/agave,30,0,1,3,22
2024-04-19,solana-labs/solana,0,0,10,4,5
2024-04-19,ethereum/go-ethereum,4,0,26,2,14
2024-04-19,MystenLabs/sui,80,0,6,0,21
2024-04-19,lightningnetwork/lnd,7,0,2,1,12
2024-04-20,lightningnetwork/lnd,0,0,1,1,2
2024-04-20,solana-labs/solana,0,0,8,0,1
2024-04-20,MystenLabs/sui,45,0,7,1,16
2024-04-20,ethereum/go-ethereum,0,0,10,0,8
2024-04-20,paradigmxyz/reth,118,0,2,1,13
2024-04-20,bitcoin/bitcoin,0,0,74,3,14
2024-04-20,anza-xyz/agave,1,0,2,1,8
2024-04-21,paradigmxyz/reth,35,0,2,1,15
2024-04-21,bitcoin/bitcoin,0,0,100,4,13
2024-04-21,solana-labs/solana,0,0,6,0,0
2024-04-21,anza-xyz/agave,1,0,2,0,9
2024-04-21,lightningnetwork/lnd,0,0,2,0,3
2024-04-21,MystenLabs/sui,16,0,4,0,7
2024-04-21,ethereum/go-ethereum,2,0,10,1,6
2024-04-22,ethereum/go-ethereum,7,0,16,5,12
2024-04-22,MystenLabs/sui,143,0,8,1,26
2024-04-22,paradigmxyz/reth,102,0,8,3,20
2024-04-22,solana-labs/solana,0,0,9,1,3
2024-04-22,lightningnetwork/lnd,5,0,3,1,15
2024-04-22,anza-xyz/agave,30,0,1,3,22
2024-04-22,bitcoin/bitcoin,7,0,99,0,26
2024-04-23,anza-xyz/agave,46,0,0,2,25
2024-04-23,bitcoin/bitcoin,4,0,75,1,19
2024-04-23,solana-labs/solana,0,0,14,1,4
2024-04-23,MystenLabs/sui,103,0,5,0,25
2024-04-23,lightningnetwork/lnd,4,0,1,1,10
2024-04-23,ethereum/go-ethereum,6,0,16,0,21
2024-04-23,paradigmxyz/reth,135,0,3,5,25
2024-04-24,MystenLabs/sui,133,0,4,2,30
2024-04-24,lightningnetwork/lnd,14,0,2,0,14
2024-04-24,ethereum/go-ethereum,9,0,17,1,18
2024-04-24,paradigmxyz/reth,102,0,2,2,26
2024-04-24,anza-xyz/agave,49,0,1,5,26
2024-04-24,bitcoin/bitcoin,9,0,26,5,22
2024-04-24,solana-labs/solana,0,0,8,1,3
2024-04-25,solana-labs/solana,0,0,12,2,1
2024-04-25,bitcoin/bitcoin,11,0,26,0,20
2024-04-25,MystenLabs/sui,112,0,3,1,28
2024-04-25,ethereum/go-ethereum,7,0,14,2,17
2024-04-25,paradigmxyz/reth,191,0,5,10,23
2024-04-25,lightningnetwork/lnd,8,0,1,1,16
2024-04-25,anza-xyz/agave,25,0,1,3,28
2024-04-26,bitcoin/bitcoin,2,0,26,1,26
2024-04-26,paradigmxyz/reth,60,0,13,8,22
2024-04-26,solana-labs/solana,1,0,9,0,1
2024-04-26,lightningnetwork/lnd,7,0,2,2,9
2024-04-26,ethereum/go-ethereum,1,0,4,2,13
2024-04-26,MystenLabs/sui,107,0,2,1,31
2024-04-26,anza-xyz/agave,34,0,3,0,19
2024-04-27,ethereum/go-ethereum,0,0,12,1,4
2024-04-27,bitcoin/bitcoin,1,0,23,3,13
2024-04-27,paradigmxyz/reth,40,0,3,4,12
2024-04-27,MystenLabs/sui,26,0,7,2,12
2024-04-27,lightningnetwork/lnd,3,0,1,2,5
2024-04-27,anza-xyz/agave,5,0,0,2,12
2024-04-27,solana-labs/solana,0,0,8,1,3
2024-04-28,anza-xyz/agave,1,0,0,0,6
2024-04-28,lightningnetwork/lnd,1,0,4,0,3
2024-04-28,bitcoin/bitcoin,1,0,17,0,15
2024-04-28,ethereum/go-ethereum,1,0,16,3,5
2024-04-28,paradigmxyz/reth,46,0,4,2,12
2024-04-28,MystenLabs/sui,10,0,0,2,11
2024-04-28,solana-labs/solana,0,0,7,0,0
2024-04-29,paradigmxyz/reth,136,0,6,4,21
2024-04-29,solana-labs/solana,0,0,12,1,3
2024-04-29,bitcoin/bitcoin,3,0,28,2,22
2024-04-29,lightningnetwork/lnd,18,0,3,0,11
2024-04-29,MystenLabs/sui,59,0,5,2,29
2024-04-29,ethereum/go-ethereum,1,0,18,4,10
2024-04-29,anza-xyz/agave,25,0,0,2,23
2024-04-30,solana-labs/solana,0,0,6,1,4
2024-04-30,anza-xyz/agave,29,0,2,1,24
2024-04-30,paradigmxyz/reth,136,0,8,6,16
2024-04-30,ethereum/go-ethereum,9,0,21,2,10
2024-04-30,bitcoin/bitcoin,8,0,32,2,25
2024-04-30,MystenLabs/sui,118,0,4,2,31
2024-04-30,lightningnetwork/lnd,7,0,1,3,11
2024-05-01,lightningnetwork/lnd,14,0,0,0,9
2024-05-01,ethereum/go-ethereum,0,0,34,2,2
2024-05-01,MystenLabs/sui,61,0,2,7,33
2024-05-01,paradigmxyz/reth,127,0,5,6,19
2024-05-01,anza-xyz/agave,9,0,0,2,18
2024-05-01,solana-labs/solana,0,0,5,0,2
2024-05-01,bitcoin/bitcoin,3,0,31,2,25
2024-05-02,paradigmxyz/reth,134,0,9,7,16
2024-05-02,anza-xyz/agave,9,0,0,2,19
2024-05-02,solana-labs/solana,0,0,10,0,0
2024-05-02,lightningnetwork/lnd,7,0,0,0,10
2024-05-02,MystenLabs/sui,118,0,2,0,30
2024-05-02,ethereum/go-ethereum,4,0,16,2,6
2024-05-02,bitcoin/bitcoin,6,0,30,1,26
2024-05-03,MystenLabs/sui,54,0,3,2,20
2024-05-03,ethereum/go-ethereum,1,0,27,2,9
2024-05-03,anza-xyz/agave,16,0,1,5,19
2024-05-03,lightningnetwork/lnd,1,0,3,2,13
2024-05-03,solana-labs/solana,0,0,5,0,0
2024-05-03,paradigmxyz/reth,72,0,8,6,17
2024-05-03,bitcoin/bitcoin,5,0,41,3,27
2024-05-04,bitcoin/bitcoin,3,0,42,1,20
2024-05-04,paradigmxyz/reth,37,0,2,11,12
2024-05-04,solana-labs/solana,0,0,34,2,1
2024-05-04,ethereum/go-ethereum,0,0,29,0,4
2024-05-04,anza-xyz/agave,2,0,0,1,5
2024-05-04,MystenLabs/sui,34,0,3,3,15
2024-05-04,lightningnetwork/lnd,0,0,6,1,5
2024-05-05,ethereum/go-ethereum,0,0,13,0,2
2024-05-05,solana-labs/solana,0,0,50,1,3
2024-05-05,bitcoin/bitcoin,0,0,19,1,16
2024-05-05,lightningnetwork/lnd,0,0,0,2,3
2024-05-05,MystenLabs/sui,3,0,1,0,6
2024-05-05,anza-xyz/agave,1,0,0,1,8
2024-05-05,paradigmxyz/reth,25,0,2,1,17
2024-05-06,anza-xyz/agave,12,0,1,0,25
2024-05-06,paradigmxyz/reth,91,0,4,3,16
2024-05-06,MystenLabs/sui,46,0,6,4,29
2024-05-06,solana-labs/solana,0,0,74,0,0
2024-05-06,ethereum/go-ethereum,8,0,12,2,11
2024-05-06,lightningnetwork/lnd,2,0,1,0,11
2024-05-06,bitcoin/bitcoin,4,0,26,1,24
2024-05-07,MystenLabs/sui,51,0,5,0,29
2024-05-07,lightningnetwork/lnd,5,0,3,3,13
2024-05-07,solana-labs/solana,1,0,38,0,6
2024-05-07,anza-xyz/agave,17,0,1,2,30
2024-05-07,bitcoin/bitcoin,3,0,61,1,23
2024-05-07,ethereum/go-ethereum,3,0,60,0,14
2024-05-07,paradigmxyz/reth,26,0,3,3,15
2024-05-08,paradigmxyz/reth,28,0,5,7,15
2024-05-08,MystenLabs/sui,102,0,3,1,34
2024-05-08,anza-xyz/agave,15,0,5,1,24
2024-05-08,solana-labs/solana,0,0,6,1,1
2024-05-08,lightningnetwork/lnd,2,0,4,1,11
2024-05-08,ethereum/go-ethereum,7,0,53,3,16
2024-05-08,bitcoin/bitcoin,7,0,64,1,27
2024-05-09,anza-xyz/agave,19,0,1,2,22
2024-05-09,solana-labs/solana,0,0,3,1,3
2024-05-09,lightningnetwork/lnd,0,0,0,0,13
2024-05-09,paradigmxyz/reth,15,0,6,4,16
2024-05-09,ethereum/go-ethereum,4,0,14,1,11
2024-05-09,bitcoin/bitcoin,6,0,23,2,18
2024-05-09,MystenLabs/sui,104,0,2,0,30
2024-05-10,paradigmxyz/reth,16,0,3,2,16
2024-05-10,lightningnetwork/lnd,0,0,2,0,6
2024-05-10,ethereum/go-ethereum,4,0,11,2,10
2024-05-10,solana-labs/solana,0,0,7,1,3
2024-05-10,MystenLabs/sui,53,0,1,1,25
2024-05-10,bitcoin/bitcoin,2,0,13,1,25
2024-05-10,anza-xyz/agave,17,0,1,4,25
2024-05-11,lightningnetwork/lnd,0,0,3,0,1
2024-05-11,solana-labs/solana,0,0,7,0,1
2024-05-11,ethereum/go-ethereum,0,0,9,2,8
2024-05-11,paradigmxyz/reth,5,0,5,1,8
2024-05-11,bitcoin/bitcoin,4,0,13,2,10
2024-05-11,MystenLabs/sui,20,0,4,2,17
2024-05-11,anza-xyz/agave,4,0,0,0,9
2024-05-12,ethereum/go-ethereum,0,0,24,1,1
2024-05-12,MystenLabs/sui,29,0,1,1,11
2024-05-12,anza-xyz/agave,1,0,0,1,3
2024-05-12,solana-labs/solana,0,0,10,1,1
2024-05-12,bitcoin/bitcoin,2,0,20,1,13
2024-05-12,lightningnetwork/lnd,0,0,0,0,1
2024-05-12,paradigmxyz/reth,21,0,6,2,10
2024-05-13,paradigmxyz/reth,118,0,5,1,15
2024-05-13,bitcoin/bitcoin,5,0,20,1,29
2024-05-13,ethereum/go-ethereum,1,0,22,0,8
2024-05-13,anza-xyz/agave,10,0,4,1,13
2024-05-13,solana-labs/solana,0,0,5,1,7
2024-05-13,MystenLabs/sui,70,0,2,3,29
2024-05-13,lightningnetwork/lnd,1,0,2,0,6
2024-05-14,anza-xyz/agave,21,0,0,3,17
2024-05-14,paradigmxyz/reth,59,0,3,1,16
2024-05-14,bitcoin/bitcoin,1,0,14,3,22
2024-05-14,lightningnetwork/lnd,5,0,2,2,12
2024-05-14,ethereum/go-ethereum,2,0,8,3,15
2024-05-14,MystenLabs/sui,99,0,6,4,31
2024-05-14,solana-labs/solana,1,0,3,1,7
2024-05-15,paradigmxyz/reth,11,0,3,5,12
2024-05-15,anza-xyz/agave,17,0,0,0,17
2024-05-15,bitcoin/bitcoin,7,0,28,1,30
2024-05-15,ethereum/go-ethereum,1,0,7,6,19
2024-05-15,lightningnetwork/lnd,1,0,2,1,11
2024-05-15,MystenLabs/sui,54,0,1,0,31
2024-05-15,solana-labs/solana,0,0,6,0,1
2024-05-16,anza-xyz/agave,14,0,2,3,17
2024-05-16,MystenLabs/sui,59,0,4,2,22
2024-05-16,solana-labs/solana,0,0,8,2,1
2024-05-16,bitcoin/bitcoin,4,0,20,3,24
2024-05-16,ethereum/go-ethereum,1,0,19,4,9
2024-05-16,paradigmxyz/reth,12,0,2,0,13
2024-05-16,lightningnetwork/lnd,4,0,0,0,12
2024-05-17,lightningnetwork/lnd,7,0,0,0,13
2024-05-17,anza-xyz/agave,19,0,2,0,19
2024-05-17,solana-labs/solana,0,0,5,0,1
2024-05-17,paradigmxyz/reth,17,0,6,2,14
2024-05-17,MystenLabs/sui,73,0,3,3,26
2024-05-17,ethereum/go-ethereum,0,0,7,2,9
2024-05-17,bitcoin/bitcoin,2,0,15,2,24
2024-05-18,anza-xyz/agave,9,0,0,1,12
2024-05-18,solana-labs/solana,2,0,2,1,2
2024-05-18,paradigmxyz/reth,8,0,0,5,7
2024-05-18,ethereum/go-ethereum,0,0,12,1,2
2024-05-18,MystenLabs/sui,15,0,2,0,13
2024-05-18,bitcoin/bitcoin,0,0,12,1,11
2024-05-19,ethereum/go-ethereum,0,0,11,1,0
2024-05-19,MystenLabs/sui,1,0,1,1,7
2024-05-19,paradigmxyz/reth,7,0,4,1,10
2024-05-19,bitcoin/bitcoin,0,0,26,0,7
2024-05-19,solana-labs/solana,0,0,6,0,0
2024-05-19,anza-xyz/agave,1,0,0,0,5
2024-05-20,bitcoin/bitcoin,2,0,13,0,15
2024-05-20,anza-xyz/agave,6,0,2,0,12
2024-05-20,paradigmxyz/reth,14,0,1,1,13
2024-05-20,MystenLabs/sui,48,0,6,2,19
2024-05-20,solana-labs/solana,0,0,9,0,1
2024-05-20,lightningnetwork/lnd,3,0,1,1,7
2024-05-20,ethereum/go-ethereum,0,0,9,3,10
2024-05-21,lightningnetwork/lnd,8,0,2,0,10
2024-05-21,bitcoin/bitcoin,5,0,18,1,23
2024-05-21,MystenLabs/sui,62,0,2,2,24
2024-05-21,solana-labs/solana,0,0,10,1,3
2024-05-21,ethereum/go-ethereum,2,0,15,2,11
2024-05-21,paradigmxyz/reth,30,0,7,6,14
2024-05-21,anza-xyz/agave,9,0,1,1,14
2024-05-22,lightningnetwork/lnd,8,0,4,1,10
2024-05-22,ethereum/go-ethereum,0,0,13,2,9
2024-05-22,bitcoin/bitcoin,3,0,25,1,23
2024-05-22,MystenLabs/sui,63,0,1,1,29
2024-05-22,solana-labs/solana,0,0,6,1,2
2024-05-22,paradigmxyz/reth,50,0,4,3,16
2024-05-22,anza-xyz/agave,5,0,1,2,14
2024-05-23,bitcoin/bitcoin,7,0,23,3,30
2024-05-23,ethereum/go-ethereum,7,0,21,1,11
2024-05-23,anza-xyz/agave,11,0,3,0,21
2024-05-23,MystenLabs/sui,89,0,0,2,25
2024-05-23,lightningnetwork/lnd,5,0,1,1,12
2024-05-23,solana-labs/solana,0,0,6,0,1
2024-05-23,paradigmxyz/reth,63,0,2,4,19
2024-05-24,paradigmxyz/reth,30,0,6,0,14
2024-05-24,lightningnetwork/lnd,3,0,3,0,7
2024-05-24,MystenLabs/sui,57,0,2,2,30
2024-05-24,ethereum/go-ethereum,3,0,6,1,9
2024-05-24,anza-xyz/agave,7,0,1,2,17
2024-05-24,bitcoin/bitcoin,3,0,18,3,26
2024-05-24,solana-labs/solana,0,0,6,2,2
2024-05-25,MystenLabs/sui,11,0,1,0,15
2024-05-25,ethereum/go-ethereum,0,0,8,2,4
2024-05-25,bitcoin/bitcoin,0,0,14,1,9
2024-05-25,solana-labs/solana,0,0,5,2,1
2024-05-25,anza-xyz/agave,0,0,0,2,3
2024-05-25,paradigmxyz/reth,17,0,6,1,6
2024-05-26,bitcoin/bitcoin,0,0,16,1,4
2024-05-26,lightningnetwork/lnd,0,0,2,0,5
2024-05-26,anza-xyz/agave,1,0,1,0,4
2024-05-26,solana-labs/solana,0,0,6,0,0
2024-05-26,ethereum/go-ethereum,1,0,11,1,4
2024-05-26,paradigmxyz/reth,2,0,2,1,5
2024-05-26,MystenLabs/sui,9,0,1,0,10
2024-05-27,bitcoin/bitcoin,0,0,19,3,10
2024-05-27,MystenLabs/sui,18,0,1,1,9
2024-05-27,solana-labs/solana,0,0,3,0,2
2024-05-27,anza-xyz/agave,10,0,0,0,9
2024-05-27,paradigmxyz/reth,36,0,2,2,9
2024-05-27,ethereum/go-ethereum,5,0,8,6,10
2024-05-27,lightningnetwork/lnd,17,0,0,2,13
2024-05-28,ethereum/go-ethereum,9,0,12,3,13
2024-05-28,MystenLabs/sui,60,0,2,2,22
2024-05-28,anza-xyz/agave,14,0,0,0,25
2024-05-28,bitcoin/bitcoin,0,0,16,1,12
2024-05-28,paradigmxyz/reth,47,0,6,2,9
2024-05-28,lightningnetwork/lnd,3,0,2,3,12
2024-05-28,solana-labs/solana,0,0,9,0,4
2024-05-29,anza-xyz/agave,14,0,1,0,23
2024-05-29,lightningnetwork/lnd,5,0,1,2,11
2024-05-29,solana-labs/solana,0,0,11,0,4
2024-05-29,bitcoin/bitcoin,7,0,10,1,18
2024-05-29,paradigmxyz/reth,61,0,1,8,19
2024-05-29,ethereum/go-ethereum,10,0,15,0,16
2024-05-29,MystenLabs/sui,73,0,1,3,25
2024-05-30,lightningnetwork/lnd,2,0,1,0,9
2024-05-30,bitcoin/bitcoin,3,0,20,0,22
2024-05-30,anza-xyz/agave,17,0,1,1,18
2024-05-30,solana-labs/solana,0,0,6,1,3
2024-05-30,paradigmxyz/reth,74,0,6,4,22
2024-05-30,ethereum/go-ethereum,3,0,13,2,13
2024-05-30,MystenLabs/sui,78,0,4,1,30
2024-05-31,paradigmxyz/reth,35,0,6,1,20
2024-05-31,bitcoin/bitcoin,1,0,20,2,17
2024-05-31,MystenLabs/sui,50,0,5,0,23
2024-05-31,ethereum/go-ethereum,3,0,9,1,12
2024-05-31,anza-xyz/agave,7,0,0,5,19
2024-05-31,solana-labs/solana,1,0,4,1,3
2024-05-31,lightningnetwork/lnd,2,0,1,0,14
2024-06-01,lightningnetwork/lnd,0,0,0,1,6
2024-06-01,paradigmxyz/reth,14,0,3,1,9
2024-06-01,solana-labs/solana,0,0,2,0,1
2024-06-01,bitcoin/bitcoin,0,0,24,0,4
2024-06-01,anza-xyz/agave,8,0,1,1,8
2024-06-01,ethereum/go-ethereum,0,0,8,1,5
2024-06-01,MystenLabs/sui,14,0,5,1,14
2024-06-02,anza-xyz/agave,0,0,0,0,2
2024-06-02,paradigmxyz/reth,1,0,3,5,6
2024-06-02,ethereum/go-ethereum,0,0,17,1,3
2024-06-02,bitcoin/bitcoin,0,0,19,0,5
2024-06-02,solana-labs/solana,0,0,4,0,0
2024-06-02,lightningnetwork/lnd,0,0,0,1,4
2024-06-02,MystenLabs/sui,3,0,3,0,8
2024-06-03,solana-labs/solana,0,0,5,2,4
2024-06-03,MystenLabs/sui,52,0,1,1,27
2024-06-03,lightningnetwork/lnd,5,0,1,2,11
2024-06-03,bitcoin/bitcoin,6,0,29,1,13
2024-06-03,paradigmxyz/reth,43,0,2,5,20
2024-06-03,ethereum/go-ethereum,6,0,15,4,14
2024-06-03,anza-xyz/agave,17,0,0,0,19
2024-06-04,bitcoin/bitcoin,5,0,19,1,18
2024-06-04,lightningnetwork/lnd,5,0,0,0,6
2024-06-04,solana-labs/solana,0,0,10,0,0
2024-06-04,anza-xyz/agave,17,0,1,1,31
2024-06-04,ethereum/go-ethereum,5,0,6,2,15
2024-06-04,MystenLabs/sui,53,0,6,2,29
2024-06-04,paradigmxyz/reth,49,0,1,13,16
2024-06-05,anza-xyz/agave,5,0,0,1,11
2024-06-05,MystenLabs/sui,16,0,0,0,13
2024-06-05,bitcoin/bitcoin,6,0,7,0,3
2024-06-05,ethereum/go-ethereum,2,0,6,0,4
2024-06-05,solana-labs/solana,0,0,3,0,1
2024-06-05,lightningnetwork/lnd,0,0,0,0,2
2024-06-05,paradigmxyz/reth,8,0,3,2,7
2025-09-25,MystenLabs/sui,7,0,0,0,5
2025-09-25,anza-xyz/agave,1,0,0,0,2
2025-09-25,bitcoin/bitcoin,0,0,1,0,3
2025-09-25,paradigmxyz/reth,0,0,0,0,1
2025-09-26,MystenLabs/sui,29,0,1,0,13
2025-09-26,paradigmxyz/reth,23,0,3,2,15
2025-09-26,bitcoin/bitcoin,1,0,12,0,9
2025-09-26,ethereum/go-ethereum,2,0,5,0,8
2025-09-26,solana-labs/solana,0,0,3,0,0
2025-09-26,lightningnetwork/lnd,0,0,0,0,4
2025-09-26,anza-xyz/agave,9,0,1,0,21
2025-09-27,lightningnetwork/lnd,0,0,1,0,3
2025-09-27,bitcoin/bitcoin,0,0,13,0,5
2025-09-27,MystenLabs/sui,3,0,4,0,3
2025-09-27,anza-xyz/agave,0,0,0,0,3
2025-09-27,ethereum/go-ethereum,0,0,8,1,1
2025-09-27,paradigmxyz/reth,1,0,0,0,7
2025-09-27,solana-labs/solana,0,0,1,0,0
2025-09-28,paradigmxyz/reth,7,0,1,0,3
2025-09-28,ethereum/go-ethereum,0,0,11,0,3
2025-09-28,MystenLabs/sui,0,0,3,0,2
2025-09-28,anza-xyz/agave,0,0,1,0,1
2025-09-28,bitcoin/bitcoin,0,0,15,1,5
2025-09-28,solana-labs/solana,0,0,1,0,0
2025-09-29,lightningnetwork/lnd,1,0,0,0,3
2025-09-29,ethereum/go-ethereum,5,0,18,1,15
2025-09-29,paradigmxyz/reth,16,0,2,0,12
2025-09-29,MystenLabs/sui,27,0,3,1,16
2025-09-29,anza-xyz/agave,9,0,3,0,19
2025-09-29,solana-labs/solana,0,0,4,0,0
2025-09-29,bitcoin/bitcoin,0,0,15,0,22
2025-09-30,solana-labs/solana,0,0,1,0,0
2025-09-30,paradigmxyz/reth,7,0,1,1,12
2025-09-30,bitcoin/bitcoin,1,0,20,1,17
2025-09-30,anza-xyz/agave,7,0,1,0,17
2025-09-30,MystenLabs/sui,25,0,3,1,17
2025-09-30,lightningnetwork/lnd,3,0,1,0,5
2025-09-30,ethereum/go-ethereum,6,0,5,1,8
2025-10-01,MystenLabs/sui,21,0,1,0,18
2025-10-01,ethereum/go-ethereum,0,0,3,0,8
2025-10-01,solana-labs/solana,0,0,2,0,0
2025-10-01,lightningnetwork/lnd,0,0,0,2,4
2025-10-01,anza-xyz/agave,9,0,1,1,21
2025-10-01,paradigmxyz/reth,14,0,3,9,14
2025-10-01,bitcoin/bitcoin,2,0,8,0,14
2025-10-02,bitcoin/bitcoin,0,0,17,2,20
2025-10-02,solana-labs/solana,0,0,2,0,0
2025-10-02,anza-xyz/agave,13,0,0,0,19
2025-10-02,paradigmxyz/reth,15,0,0,0,14
2025-10-02,ethereum/go-ethereum,0,0,4,1,8
2025-10-02,lightningnetwork/lnd,1,0,1,1,7
2025-10-02,MystenLabs/sui,38,0,1,0,21
2025-10-03,bitcoin/bitcoin,3,0,13,1,11
2025-10-03,solana-labs/solana,0,0,1,0,0
2025-10-03,MystenLabs/sui,49,0,0,2,16
2025-10-03,anza-xyz/agave,2,0,1,0,9
2025-10-03,ethereum/go-ethereum,0,0,6,1,1
2025-10-03,paradigmxyz/reth,18,0,3,2,17
2025-10-03,lightningnetwork/lnd,0,0,0,0,2
2025-10-04,solana-labs/solana,0,0,1,0,0
2025-10-04,paradigmxyz/reth,3,0,1,0,5
2025-10-04,anza-xyz/agave,0,0,2,0,4
2025-10-04,lightningnetwork/lnd,0,0,0,0,3
2025-10-04,bitcoin/bitcoin,0,0,20,1,8
2025-10-04,MystenLabs/sui,0,0,0,0,1
2025-10-04,ethereum/go-ethereum,0,0,9,1,7
2025-10-05,lightningnetwork/lnd,0,0,0,0,1
2025-10-05,paradigmxyz/reth,5,0,1,0,8
2025-10-05,MystenLabs/sui,1,0,2,0,4
2025-10-05,bitcoin/bitcoin,0,0,18,1,7
2025-10-05,ethereum/go-ethereum,0,0,3,0,3
2025-10-05,solana-labs/solana,0,0,3,0,0
2025-10-05,anza-xyz/agave,0,0,1,0,4
2025-10-06,solana-labs/solana,0,0,2,0,0
2025-10-06,ethereum/go-ethereum,1,0,2,1,5
2025-10-06,bitcoin/bitcoin,2,0,10,2,14
2025-10-06,paradigmxyz/reth,22,0,1,3,12
2025-10-06,lightningnetwork/lnd,1,0,1,0,4
2025-10-06,MystenLabs/sui,56,0,2,1,24
2025-10-06,anza-xyz/agave,6,0,1,2,22
2025-10-07,anza-xyz/agave,13,0,2,0,22
2025-10-07,MystenLabs/sui,28,0,1,0,16
2025-10-07,bitcoin/bitcoin,4,0,14,2,13
2025-10-07,lightningnetwork/lnd,0,0,0,2,3
2025-10-07,solana-labs/solana,0,0,1,0,0
2025-10-07,paradigmxyz/reth,27,0,0,0,12
2025-10-07,ethereum/go-ethereum,1,0,3,0,5
2025-10-08,lightningnetwork/lnd,1,0,0,0,5
2025-10-08,MystenLabs/sui,12,0,0,0,12
2025-10-08,paradigmxyz/reth,23,0,1,2,13
2025-10-08,solana-labs/solana,0,0,0,0,0
2025-10-08,ethereum/go-ethereum,2,0,4,1,4
2025-10-08,bitcoin/bitcoin,0,0,16,1,13
2025-10-08,anza-xyz/agave,14,0,1,0,18
2025-10-10,paradigmxyz/reth,1,0,0,0,1
2025-10-13,paradigmxyz/reth,0,0,0,0,1
2025-10-14,paradigmxyz/reth,1,0,0,0,2
2025-10-14,anza-xyz/agave,2,0,0,0,5
2025-10-14,ethereum/go-ethereum,0,0,0,0,0
2025-10-14,bitcoin/bitcoin,0,0,1,0,4
2025-10-14,MystenLabs/sui,8,0,0,0,8
2025-10-15,lightningnetwork/lnd,0,0,0,0,4
2025-10-15,solana-labs/solana,0,0,2,0,0
2025-10-15,MystenLabs/sui,26,0,1,1,16
2025-10-15,ethereum/go-ethereum,1,0,1,0,7
2025-10-15,paradigmxyz/reth,45,0,0,4,20
2025-10-15,bitcoin/bitcoin,2,0,15,0,13
2025-10-15,anza-xyz/agave,12,0,1,0,14
2025-10-16,bitcoin/bitcoin,2,0,7,0,16
2025-10-16,paradigmxyz/reth,19,0,1,6,17
2025-10-16,anza-xyz/agave,11,0,0,0,16
2025-10-16,ethereum/go-ethereum,3,0,4,0,5
2025-10-16,MystenLabs/sui,41,0,2,1,20
2025-10-16,lightningnetwork/lnd,0,0,1,0,2
2025-10-17,ethereum/go-ethereum,1,0,4,2,7
2025-10-17,MystenLabs/sui,45,0,1,0,19
2025-10-17,paradigmxyz/reth,16,0,2,2,15
2025-10-17,lightningnetwork/lnd,0,0,0,0,3
2025-10-17,anza-xyz/agave,10,0,0,2,17
2025-10-17,bitcoin/bitcoin,1,0,18,1,8
2025-10-18,paradigmxyz/reth,6,0,1,1,5
2025-10-18,bitcoin/bitcoin,0,0,11,3,8
2025-10-18,solana-labs/solana,0,0,2,0,0
2025-10-18,anza-xyz/agave,2,0,3,0,12
2025-10-18,lightningnetwork/lnd,0,0,1,0,1
2025-10-18,MystenLabs/sui,3,0,3,0,4
2025-10-18,ethereum/go-ethereum,0,0,7,0,5
2025-10-19,MystenLabs/sui,5,0,0,0,3
2025-10-19,lightningnetwork/lnd,0,0,1,0,2
2025-10-19,ethereum/go-ethereum,0,0,3,0,3
2025-10-19,paradigmxyz/reth,2,0,2,0,6
2025-10-19,anza-xyz/agave,0,0,1,0,2
2025-10-19,bitcoin/bitcoin,1,0,12,0,5
2025-10-19,solana-labs/solana,0,0,3,0,0
2025-10-20,anza-xyz/agave,9,0,1,0,17
2025-10-20,bitcoin/bitcoin,0,0,6,1,8
2025-10-20,solana-labs/solana,0,0,1,0,0
2025-10-20,MystenLabs/sui,23,0,1,0,16
2025-10-20,lightningnetwork/lnd,0,0,0,1,5
2025-10-20,ethereum/go-ethereum,6,0,5,1,4
2025-10-20,paradigmxyz/reth,15,0,2,1,13
2025-10-21,bitcoin/bitcoin,1,0,7,1,15
2025-10-21,paradigmxyz/reth,23,0,3,5,14
2025-10-21,solana-labs/solana,0,0,3,0,0
2025-10-21,lightningnetwork/lnd,2,0,1,1,6
2025-10-21,ethereum/go-ethereum,1,0,4,2,7
2025-10-21,MystenLabs/sui,38,0,2,0,21
2025-10-21,anza-xyz/agave,12,0,0,0,17
2025-10-22,solana-labs/solana,0,0,2,0,0
2025-10-22,bitcoin/bitcoin,4,0,13,1,24
2025-10-22,MystenLabs/sui,53,0,0,0,22
2025-10-22,ethereum/go-ethereum,2,0,5,0,7
2025-10-22,paradigmxyz/reth,40,0,1,2,19
2025-10-22,lightningnetwork/lnd,2,0,0,0,7
2025-10-22,anza-xyz/agave,8,0,1,0,16
2025-10-23,solana-labs/solana,0,0,1,0,0
2025-10-23,paradigmxyz/reth,38,0,3,1,20
2025-10-23,anza-xyz/agave,17,0,0,0,20
2025-10-23,lightningnetwork/lnd,1,0,0,0,4
2025-10-23,MystenLabs/sui,51,0,0,0,23
2025-10-23,ethereum/go-ethereum,1,0,7,1,8
2025-10-23,bitcoin/bitcoin,1,0,10,3,13
2025-10-24,bitcoin/bitcoin,4,0,5,1,20
2025-10-24,ethereum/go-ethereum,2,0,2,1,5
2025-10-24,lightningnetwork/lnd,0,0,0,0,5
2025-10-24,MystenLabs/sui,23,0,2,0,14
2025-10-24,paradigmxyz/reth,18,0,1,3,15
2025-10-24,anza-xyz/agave,9,0,0,0,19
2025-10-24,solana-labs/solana,0,0,1,0,0
2025-10-25,anza-xyz/agave,2,0,2,0,7
2025-10-25,ethereum/go-ethereum,0,0,7,0,5
2025-10-25,solana-labs/solana,0,0,2,0,0
2025-10-25,paradigmxyz/reth,1,0,1,0,7
2025-10-25,MystenLabs/sui,3,0,0,1,5
2025-10-25,lightningnetwork/lnd,0,0,0,0,1
2025-10-25,bitcoin/bitcoin,0,0,8,0,9
2025-10-26,paradigmxyz/reth,1,0,2,0,4
2025-10-26,MystenLabs/sui,0,0,0,1,3
2025-10-26,lightningnetwork/lnd,0,0,0,0,0
2025-10-26,anza-xyz/agave,1,0,0,0,6
2025-10-26,ethereum/go-ethereum,2,0,5,0,4
2025-10-26,solana-labs/solana,0,0,4,0,0
2025-10-26,bitcoin/bitcoin,0,0,13,0,6
2025-10-27,bitcoin/bitcoin,1,0,8,0,12
2025-10-27,anza-xyz/agave,14,0,1,0,10
2025-10-27,MystenLabs/sui,16,0,1,0,12
2025-10-27,paradigmxyz/reth,27,0,0,1,11
2025-10-27,ethereum/go-ethereum,0,0,2,0,2
2025-10-27,lightningnetwork/lnd,0,0,0,0,1
2025-10-27,solana-labs/solana,0,0,1,0,0
2025-10-28,MystenLabs/sui,22,0,1,0,17
2025-10-28,paradigmxyz/reth,16,0,0,1,16
2025-10-28,ethereum/go-ethereum,1,0,3,0,5
2025-10-28,anza-xyz/agave,7,0,0,1,13
2025-10-28,bitcoin/bitcoin,1,0,7,0,23
2025-10-28,solana-labs/solana,0,0,2,0,0
2025-10-28,lightningnetwork/lnd,3,0,0,0,3
2025-10-29,bitcoin/bitcoin,3,0,10,3,22
2025-10-29,solana-labs/solana,0,0,4,0,0
2025-10-29,paradigmxyz/reth,31,0,3,0,14
2025-10-29,lightningnetwork/lnd,0,0,1,0,5
2025-10-29,anza-xyz/agave,16,0,0,1,21
2025-10-29,MystenLabs/sui,33,0,2,1,19
2025-10-29,ethereum/go-ethereum,1,0,1,0,6
2025-10-30,ethereum/go-ethereum,1,0,6,0,4
2025-10-30,lightningnetwork/lnd,1,0,0,0,2
2025-10-30,anza-xyz/agave,7,0,0,0,15
2025-10-30,paradigmxyz/reth,30,0,4,0,16
2025-10-30,solana-labs/solana,0,0,2,0,0
2025-10-30,bitcoin/bitcoin,2,0,12,0,20
2025-10-30,MystenLabs/sui,30,0,1,0,17
2025-10-31,ethereum/go-ethereum,0,0,2,0,2
2025-10-31,paradigmxyz/reth,33,0,1,0,14
2025-10-31,MystenLabs/sui,13,0,2,1,10
2025-10-31,lightningnetwork/lnd,2,0,0,2,4
2025-10-31,anza-xyz/agave,12,0,1,0,19
2025-10-31,bitcoin/bitcoin,3,0,13,1,19
2025-10-31,solana-labs/solana,0,0,3,0,0
2025-11-01,anza-xyz/agave,7,0,3,1,13
2025-11-01,bitcoin/bitcoin,0,0,9,1,8
2025-11-01,solana-labs/solana,0,0,3,0,0
2025-11-01,lightningnetwork/lnd,0,0,0,0,2
2025-11-01,ethereum/go-ethereum,0,0,2,0,2
2025-11-01,paradigmxyz/reth,4,0,1,0,5
2025-11-01,MystenLabs/sui,5,0,1,0,7
2025-11-02,MystenLabs/sui,7,0,1,0,7
2025-11-02,bitcoin/bitcoin,0,0,7,0,8
2025-11-02,paradigmxyz/reth,3,0,0,0,5
2025-11-02,anza-xyz/agave,2,0,2,0,9
2025-11-02,lightningnetwork/lnd,0,0,0,0,3
2025-11-02,ethereum/go-ethereum,0,0,2,1,7
2025-11-03,anza-xyz/agave,9,0,2,2,17
2025-11-03,MystenLabs/sui,5,0,0,0,7
2025-11-03,ethereum/go-ethereum,3,0,6,0,5
2025-11-03,bitcoin/bitcoin,2,0,5,1,22
2025-11-03,solana-labs/solana,0,0,1,0,0
2025-11-03,lightningnetwork/lnd,1,0,0,0,10
2025-11-03,paradigmxyz/reth,28,0,1,3,11
2025-11-04,anza-xyz/agave,16,0,0,1,21
2025-11-04,solana-labs/solana,0,0,1,0,0
2025-11-04,MystenLabs/sui,9,0,0,0,9
2025-11-04,paradigmxyz/reth,19,0,1,0,15
2025-11-04,bitcoin/bitcoin,3,0,10,2,17
2025-11-04,lightningnetwork/lnd,1,0,0,1,6
2025-11-04,ethereum/go-ethereum,3,0,4,0,6
2025-11-05,ethereum/go-ethereum,0,0,1,0,3
2025-11-05,bitcoin/bitcoin,1,0,13,1,11
2025-11-05,anza-xyz/agave,19,0,0,2,25
2025-11-05,MystenLabs/sui,17,0,0,0,9
2025-11-05,paradigmxyz/reth,11,0,5,1,8
2025-11-05,lightningnetwork/lnd,1,0,0,0,4
2025-11-06,bitcoin/bitcoin,0,0,12,5,17
2025-11-06,ethereum/go-ethereum,1,0,3,1,1
2025-11-06,MystenLabs/sui,9,0,1,0,8
2025-11-06,anza-xyz/agave,15,0,3,1,22
2025-11-06,solana-labs/solana,0,0,1,0,0
2025-11-06,lightningnetwork/lnd,2,0,0,1,4
2025-11-06,paradigmxyz/reth,43,0,4,3,17
2025-11-07,paradigmxyz/reth,21,0,2,2,16
2025-11-07,solana-labs/solana,0,0,2,0,0
2025-11-07,MystenLabs/sui,12,0,1,0,8
2025-11-07,ethereum/go-ethereum,1,0,5,0,7
2025-11-07,anza-xyz/agave,11,0,0,0,19
2025-11-07,lightningnetwork/lnd,0,0,0,0,4
2025-11-07,bitcoin/bitcoin,2,0,5,1,13
2025-11-08,solana-labs/solana,0,0,1,0,0
2025-11-08,ethereum/go-ethereum,1,0,7,0,3
2025-11-08,anza-xyz/agave,0,0,2,1,8
2025-11-08,lightningnetwork/lnd,1,0,0,0,2
2025-11-08,MystenLabs/sui,2,0,4,0,4
2025-11-08,bitcoin/bitcoin,0,0,8,0,9
2025-11-08,paradigmxyz/reth,6,0,2,1,10
2025-11-09,ethereum/go-ethereum,0,0,3,0,4
2025-11-09,lightningnetwork/lnd,1,0,0,0,1
2025-11-09,MystenLabs/sui,3,0,0,0,4
2025-11-09,anza-xyz/agave,1,0,1,0,6
2025-11-09,bitcoin/bitcoin,0,0,13,0,4
2025-11-09,paradigmxyz/reth,5,0,0,2,10
2025-11-10,anza-xyz/agave,6,0,0,0,10
2025-11-10,MystenLabs/sui,32,0,1,0,16
2025-11-10,lightningnetwork/lnd,0,0,0,0,3
2025-11-10,bitcoin/bitcoin,7,0,11,1,13
2025-11-10,paradigmxyz/reth,20,0,0,2,13
2025-11-10,ethereum/go-ethereum,0,0,4,0,8
2025-11-11,ethereum/go-ethereum,2,0,0,0,4
2025-11-11,MystenLabs/sui,36,0,1,0,14
2025-11-11,paradigmxyz/reth,40,0,1,0,14
2025-11-11,lightningnetwork/lnd,3,0,0,0,6
2025-11-11,bitcoin/bitcoin,1,0,3,0,13
2025-11-11,anza-xyz/agave,12,0,1,0,19
2025-11-11,solana-labs/solana,0,0,1,0,0
2025-11-12,bitcoin/bitcoin,4,0,8,0,15
2025-11-12,paradigmxyz/reth,25,0,0,3,18
2025-11-12,solana-labs/solana,0,0,1,0,0
2025-11-12,anza-xyz/agave,7,0,1,0,21
2025-11-12,MystenLabs/sui,25,0,0,0,15
2025-11-12,ethereum/go-ethereum,0,0,5,1,5
2025-11-12,lightningnetwork/lnd,1,0,0,0,3
2025-11-13,ethereum/go-ethereum,4,0,8,0,10
2025-11-13,MystenLabs/sui,28,0,1,4,24
2025-11-13,paradigmxyz/reth,27,0,1,7,17
2025-11-13,anza-xyz/agave,5,0,1,0,15
2025-11-13,bitcoin/bitcoin,1,0,13,1,10
2025-11-13,lightningnetwork/lnd,1,0,1,1,5
2025-11-14,bitcoin/bitcoin,1,0,7,0,9
2025-11-14,paradigmxyz/reth,33,0,4,5,15
2025-11-14,ethereum/go-ethereum,1,0,7,0,4
2025-11-14,anza-xyz/agave,11,0,1,0,16
2025-11-14,lightningnetwork/lnd,1,0,0,0,5
2025-11-14,MystenLabs/sui,26,0,2,1,18
2025-11-14,solana-labs/solana,0,0,1,0,0
2025-11-15,lightningnetwork/lnd,0,0,1,0,0
2025-11-15,ethereum/go-ethereum,1,0,1,0,6
2025-11-15,paradigmxyz/reth,11,0,0,3,10
2025-11-15,anza-xyz/agave,11,0,0,1,11
2025-11-15,bitcoin/bitcoin,0,0,6,0,5
2025-11-15,MystenLabs/sui,12,0,0,0,9
2025-11-16,bitcoin/bitcoin,0,0,12,3,5
2025-11-16,lightningnetwork/lnd,0,0,0,0,1
2025-11-16,paradigmxyz/reth,7,0,0,0,9
2025-11-16,anza-xyz/agave,4,0,1,1,11
2025-11-16,solana-labs/solana,0,0,2,0,0
2025-11-16,MystenLabs/sui,2,0,3,0,5
2025-11-16,ethereum/go-ethereum,0,0,4,1,3
2025-11-17,solana-labs/solana,0,0,1,0,0
2025-11-17,bitcoin/bitcoin,3,0,9,0,16
2025-11-17,lightningnetwork/lnd,1,0,0,1,2
2025-11-17,ethereum/go-ethereum,0,0,5,0,9
2025-11-17,anza-xyz/agave,9,0,0,1,19
2025-11-17,paradigmxyz/reth,31,0,3,1,11
2025-11-17,MystenLabs/sui,21,0,0,3,14
2025-11-18,paradigmxyz/reth,11,0,1,1,11
2025-11-18,lightningnetwork/lnd,0,0,0,0,5
2025-11-18,MystenLabs/sui,35,0,3,0,19
2025-11-18,ethereum/go-ethereum,0,0,2,1,6
2025-11-18,bitcoin/bitcoin,5,0,9,0,16
2025-11-18,anza-xyz/agave,6,0,1,0,15
2025-11-19,anza-xyz/agave,14,0,0,0,16
2025-11-19,bitcoin/bitcoin,0,0,5,0,12
2025-11-19,ethereum/go-ethereum,0,0,1,0,3
2025-11-19,paradigmxyz/reth,25,0,1,0,9
2025-11-19,MystenLabs/sui,31,0,0,0,17
2025-11-19,lightningnetwork/lnd,2,0,1,0,4
2025-11-19,solana-labs/solana,0,0,1,0,0
2025-11-20,paradigmxyz/reth,37,0,0,1,13
2025-11-20,lightningnetwork/lnd,1,0,1,0,3
2025-11-20,anza-xyz/agave,12,0,0,0,13
2025-11-20,MystenLabs/sui,45,0,0,1,17
2025-11-20,bitcoin/bitcoin,6,0,10,0,14
2025-11-20,ethereum/go-ethereum,0,0,3,1,2
2025-11-21,paradigmxyz/reth,18,0,1,1,14
2025-11-21,lightningnetwork/lnd,0,0,0,1,3
2025-11-21,anza-xyz/agave,16,0,3,1,20
2025-11-21,bitcoin/bitcoin,2,0,6,1,14
2025-11-21,MystenLabs/sui,33,0,1,1,19
2025-11-21,ethereum/go-ethereum,0,0,4,0,3
2025-11-22,paradigmxyz/reth,1,0,2,0,6
2025-11-22,lightningnetwork/lnd,0,0,0,0,2
2025-11-22,anza-xyz/agave,1,0,0,1,8
2025-11-22,ethereum/go-ethereum,0,0,5,0,4
2025-11-22,MystenLabs/sui,9,0,0,2,8
2025-11-22,bitcoin/bitcoin,0,0,11,0,7
2025-11-23,solana-labs/solana,0,0,1,0,0
2025-11-23,anza-xyz/agave,5,0,0,1,10
2025-11-23,bitcoin/bitcoin,0,0,6,1,4
2025-11-23,MystenLabs/sui,4,0,0,0,5
2025-11-23,ethereum/go-ethereum,0,0,1,0,1
2025-11-23,paradigmxyz/reth,3,0,2,1,5
2025-11-24,paradigmxyz/reth,27,0,2,4,13
2025-11-24,MystenLabs/sui,34,0,0,0,17
2025-11-24,anza-xyz/agave,9,0,0,0,15
2025-11-24,solana-labs/solana,0,0,3,0,0
2025-11-24,lightningnetwork/lnd,2,0,0,0,4
2025-11-24,ethereum/go-ethereum,2,0,3,0,6
2025-11-24,bitcoin/bitcoin,1,0,6,2,16
2025-11-25,MystenLabs/sui,38,0,0,1,18
2025-11-25,lightningnetwork/lnd,0,0,1,0,5
2025-11-25,solana-labs/solana,0,0,1,0,0
2025-11-25,anza-xyz/agave,12,0,0,0,18
2025-11-25,bitcoin/bitcoin,2,0,5,0,12
2025-11-25,ethereum/go-ethereum,0,0,4,0,7
2025-11-25,paradigmxyz/reth,27,0,1,1,11
2025-11-26,anza-xyz/agave,11,0,0,0,19
2025-11-26,paradigmxyz/reth,20,0,2,0,11
2025-11-26,MystenLabs/sui,41,0,1,0,18
2025-11-26,solana-labs/solana,0,0,1,0,0
2025-11-26,ethereum/go-ethereum,6,0,0,0,14
2025-11-26,lightningnetwork/lnd,1,0,2,0,5
2025-11-26,bitcoin/bitcoin,0,0,9,0,17
2025-11-27,ethereum/go-ethereum,3,0,2,3,4
2025-11-27,solana-labs/solana,0,0,3,0,0
2025-11-27,bitcoin/bitcoin,1,0,4,1,6
2025-11-27,lightningnetwork/lnd,2,0,0,2,3
2025-11-27,MystenLabs/sui,9,0,0,2,7
2025-11-27,anza-xyz/agave,4,0,0,0,9
2025-11-27,paradigmxyz/reth,14,0,1,1,11
2025-11-28,ethereum/go-ethereum,7,0,7,1,8
2025-11-28,MystenLabs/sui,5,0,0,0,6
2025-11-28,anza-xyz/agave,0,0,4,0,8
2025-11-28,solana-labs/solana,0,0,1,0,0
2025-11-28,bitcoin/bitcoin,1,0,3,0,7
2025-11-28,lightningnetwork/lnd,0,0,2,0,2
2025-11-28,paradigmxyz/reth,12,0,0,1,10
2025-11-29,lightningnetwork/lnd,0,0,1,0,0
2025-11-29,ethereum/go-ethereum,0,0,3,0,1
2025-11-29,paradigmxyz/reth,0,0,3,0,6
2025-11-29,bitcoin/bitcoin,0,0,9,0,5
2025-11-29,MystenLabs/sui,2,0,3,0,6
2025-11-29,anza-xyz/agave,0,0,0,1,5
2025-11-30,paradigmxyz/reth,2,0,1,0,4
2025-11-30,lightningnetwork/lnd,0,0,0,0,1
2025-11-30,ethereum/go-ethereum,0,0,3,0,3
2025-11-30,solana-labs/solana,0,0,4,0,0
2025-11-30,MystenLabs/sui,1,0,2,0,3
2025-11-30,bitcoin/bitcoin,0,0,7,0,7
2025-11-30,anza-xyz/agave,0,0,3,0,3
2025-12-01,anza-xyz/agave,5,0,1,0,8
2025-12-01,solana-labs/solana,0,0,1,0,0
2025-12-01,lightningnetwork/lnd,0,0,0,0,1
2025-12-01,paradigmxyz/reth,7,0,1,0,4
2025-12-01,ethereum/go-ethereum,1,0,4,0,2
2025-12-01,bitcoin/bitcoin,0,0,4,0,10
2025-12-01,MystenLabs/sui,16,0,1,0,12
2025-12-02,anza-xyz/agave,12,0,1,0,14
2025-12-02,paradigmxyz/reth,11,0,0,3,13
2025-12-02,ethereum/go-ethereum,1,0,1,0,4
2025-12-02,bitcoin/bitcoin,3,0,3,1,9
2025-12-02,MystenLabs/sui,11,0,0,0,14
2025-12-02,lightningnetwork/lnd,1,0,0,0,7
2025-12-03,paradigmxyz/reth,18,0,4,1,14
2025-12-03,solana-labs/solana,0,0,1,0,0
2025-12-03,bitcoin/bitcoin,4,0,8,0,16
2025-12-03,lightningnetwork/lnd,4,0,1,0,7
2025-12-03,MystenLabs/sui,32,0,2,1,18
2025-12-03,ethereum/go-ethereum,0,0,6,0,1
2025-12-03,anza-xyz/agave,10,0,1,0,20
2025-12-04,anza-xyz/agave,9,0,0,0,14
2025-12-04,lightningnetwork/lnd,1,0,0,2,6
2025-12-04,bitcoin/bitcoin,2,0,10,0,17
2025-12-04,ethereum/go-ethereum,0,0,4,1,5
2025-12-04,paradigmxyz/reth,8,0,5,0,17
2025-12-04,MystenLabs/sui,25,0,0,0,15
2025-12-04,solana-labs/solana,0,0,1,0,0
2025-12-05,ethereum/go-ethereum,0,0,3,0,4
2025-12-05,bitcoin/bitcoin,1,0,3,2,17
2025-12-05,paradigmxyz/reth,29,0,0,2,14
2025-12-05,MystenLabs/sui,55,0,1,1,18
2025-12-05,lightningnetwork/lnd,1,0,1,0,5
2025-12-05,anza-xyz/agave,6,0,0,1,11
2025-12-06,bitcoin/bitcoin,0,0,6,0,10
2025-12-06,paradigmxyz/reth,18,0,1,2,15
2025-12-06,ethereum/go-ethereum,1,0,5,0,2
2025-12-06,anza-xyz/agave,1,0,2,0,5
2025-12-06,MystenLabs/sui,15,0,1,1,7
2025-12-06,lightningnetwork/lnd,0,0,0,0,1
2025-12-07,MystenLabs/sui,4,0,1,1,4
2025-12-07,ethereum/go-ethereum,0,0,3,1,1
2025-12-07,anza-xyz/agave,1,0,0,0,4
2025-12-07,lightningnetwork/lnd,0,0,1,0,4
2025-12-07,solana-labs/solana,0,0,0,0,0
2025-12-07,paradigmxyz/reth,3,0,2,0,11
2025-12-07,bitcoin/bitcoin,0,0,7,0,13
2025-12-08,paradigmxyz/reth,19,0,1,2,9
2025-12-08,anza-xyz/agave,5,0,1,0,10
2025-12-08,lightningnetwork/lnd,3,0,0,1,5
2025-12-08,MystenLabs/sui,18,0,1,0,14
2025-12-08,ethereum/go-ethereum,3,0,1,0,7
2025-12-08,bitcoin/bitcoin,0,0,12,0,9
2025-12-09,lightningnetwork/lnd,1,0,1,0,4
2025-12-09,ethereum/go-ethereum,0,0,3,0,7
2025-12-09,MystenLabs/sui,13,0,1,0,14
2025-12-09,paradigmxyz/reth,29,0,2,2,15
2025-12-09,anza-xyz/agave,1,0,1,0,9
2025-12-09,bitcoin/bitcoin,3,0,3,1,12
2025-12-10,paradigmxyz/reth,13,0,1,4,26
2025-12-10,lightningnetwork/lnd,1,0,1,0,7
2025-12-10,MystenLabs/sui,24,0,1,0,18
2025-12-10,ethereum/go-ethereum,3,0,4,0,4
2025-12-10,anza-xyz/agave,12,0,1,0,13
2025-12-10,bitcoin/bitcoin,3,0,5,0,12
2025-12-11,bitcoin/bitcoin,2,0,2,0,9
2025-12-11,ethereum/go-ethereum,2,0,3,0,6
2025-12-11,anza-xyz/agave,9,0,1,0,9
2025-12-11,MystenLabs/sui,38,0,3,0,19
2025-12-11,lightningnetwork/lnd,2,0,1,0,4
2025-12-11,solana-labs/solana,0,0,0,0,0
2025-12-11,paradigmxyz/reth,33,0,1,1,24
2025-12-12,lightningnetwork/lnd,0,0,0,0,4
2025-12-12,ethereum/go-ethereum,0,0,5,1,5
2025-12-12,bitcoin/bitcoin,1,0,4,5,14
2025-12-12,MystenLabs/sui,21,0,1,0,17
2025-12-12,solana-labs/solana,0,0,0,0,0
2025-12-12,paradigmxyz/reth,10,0,2,0,20
2025-12-12,anza-xyz/agave,10,0,0,0,8
2025-12-13,lightningnetwork/lnd,1,0,1,0,2
2025-12-13,bitcoin/bitcoin,0,0,6,0,6
2025-12-13,MystenLabs/sui,6,0,0,0,6
2025-12-13,solana-labs/solana,0,0,0,0,0
2025-12-13,ethereum/go-ethereum,1,0,2,0,10
2025-12-13,paradigmxyz/reth,2,0,0,0,9
2025-12-13,anza-xyz/agave,1,0,0,0,4
2025-12-14,ethereum/go-ethereum,0,0,1,0,2
2025-12-14,MystenLabs/sui,1,0,0,0,3
2025-12-14,anza-xyz/agave,0,0,0,0,4
2025-12-14,bitcoin/bitcoin,1,0,10,0,6
2025-12-14,paradigmxyz/reth,1,0,0,1,5
2025-12-14,lightningnetwork/lnd,0,0,0,0,2
2025-12-14,solana-labs/solana,0,0,2,0,0
2025-12-15,bitcoin/bitcoin,0,0,4,2,15
2025-12-15,MystenLabs/sui,19,0,0,0,13
2025-12-15,solana-labs/solana,0,0,1,0,0
2025-12-15,anza-xyz/agave,7,0,0,0,8
2025-12-15,paradigmxyz/reth,25,0,1,4,17
2025-12-15,ethereum/go-ethereum,4,0,1,1,10
2025-12-15,lightningnetwork/lnd,2,0,1,0,8
2025-12-16,bitcoin/bitcoin,1,0,9,0,12
2025-12-16,lightningnetwork/lnd,1,0,0,0,6
2025-12-16,anza-xyz/agave,11,0,0,0,19
2025-12-16,solana-labs/solana,0,0,1,0,0
2025-12-16,ethereum/go-ethereum,0,0,1,0,4
2025-12-16,paradigmxyz/reth,35,0,2,9,20
2025-12-16,MystenLabs/sui,34,0,1,0,23
2025-12-17,MystenLabs/sui,32,0,1,1,18
2025-12-17,ethereum/go-ethereum,3,0,3,0,7
2025-12-17,bitcoin/bitcoin,4,0,4,1,14
2025-12-17,solana-labs/solana,0,0,1,0,0
2025-12-17,lightningnetwork/lnd,0,0,0,0,3
2025-12-17,anza-xyz/agave,15,0,2,0,21
2025-12-17,paradigmxyz/reth,28,0,1,1,18
2025-12-18,anza-xyz/agave,16,0,0,0,20
2025-12-18,MystenLabs/sui,22,0,4,1,17
2025-12-18,solana-labs/solana,0,0,1,0,0
2025-12-18,bitcoin/bitcoin,4,0,8,2,12
2025-12-18,ethereum/go-ethereum,1,0,4,0,10
2025-12-18,paradigmxyz/reth,44,0,1,1,22
2025-12-18,lightningnetwork/lnd,1,0,1,0,4
2025-12-19,paradigmxyz/reth,38,0,1,0,14
2025-12-19,anza-xyz/agave,6,0,1,0,11
2025-12-19,bitcoin/bitcoin,2,0,9,3,17
2025-12-19,ethereum/go-ethereum,2,0,4,0,10
2025-12-19,lightningnetwork/lnd,0,0,0,0,4
2025-12-19,MystenLabs/sui,40,0,1,0,19
2025-12-19,solana-labs/solana,0,0,0,0,0
2025-12-20,anza-xyz/agave,2,0,1,0,3
2025-12-20,paradigmxyz/reth,11,0,1,2,12
2025-12-20,bitcoin/bitcoin,0,0,5,1,8
2025-12-20,lightningnetwork/lnd,0,0,0,0,2
2025-12-20,ethereum/go-ethereum,0,0,3,0,1
2025-12-20,MystenLabs/sui,9,0,1,0,7
2025-12-21,paradigmxyz/reth,10,0,3,0,9
2025-12-21,bitcoin/bitcoin,0,0,6,0,6
2025-12-21,ethereum/go-ethereum,0,0,6,0,3
2025-12-21,anza-xyz/agave,0,0,2,0,4
2025-12-21,solana-labs/solana,0,0,1,0,0
2025-12-21,MystenLabs/sui,13,0,0,0,5
2025-12-21,lightningnetwork/lnd,0,0,0,0,3
2025-12-22,bitcoin/bitcoin,4,0,11,0,12
2025-12-22,anza-xyz/agave,17,0,1,0,17
2025-12-22,paradigmxyz/reth,43,0,2,1,14
2025-12-22,MystenLabs/sui,14,0,0,0,14
2025-12-22,solana-labs/solana,0,0,1,0,0
2025-12-22,lightningnetwork/lnd,0,0,1,0,5
2025-12-22,ethereum/go-ethereum,0,0,5,0,4
2025-12-23,ethereum/go-ethereum,0,0,6,3,4
2025-12-23,MystenLabs/sui,12,0,0,0,8
2025-12-23,lightningnetwork/lnd,1,0,0,0,4
2025-12-23,paradigmxyz/reth,46,0,0,7,23
2025-12-23,bitcoin/bitcoin,0,0,7,0,6
2025-12-23,solana-labs/solana,0,0,2,0,0
2025-12-23,anza-xyz/agave,13,0,0,0,13
2025-12-24,anza-xyz/agave,6,0,0,0,6
2025-12-24,solana-labs/solana,0,0,2,0,0
2025-12-24,paradigmxyz/reth,4,0,1,0,16
2025-12-24,ethereum/go-ethereum,1,0,10,0,5
2025-12-24,lightningnetwork/lnd,0,0,0,0,3
2025-12-24,MystenLabs/sui,9,0,2,2,7
2025-12-24,bitcoin/bitcoin,0,0,5,0,9
2025-12-25,lightningnetwork/lnd,0,0,0,0,3
2025-12-25,anza-xyz/agave,1,0,2,0,4
2025-12-25,solana-labs/solana,0,0,1,0,0
2025-12-25,paradigmxyz/reth,3,0,1,0,7
2025-12-25,MystenLabs/sui,5,0,2,0,4
2025-12-25,ethereum/go-ethereum,0,0,10,1,1
2025-12-25,bitcoin/bitcoin,0,0,4,1,7
2025-12-26,MystenLabs/sui,2,0,0,0,3
2025-12-26,lightningnetwork/lnd,0,0,1,0,1
2025-12-26,anza-xyz/agave,0,0,0,0,3
2025-12-26,paradigmxyz/reth,1,0,2,0,9
2025-12-26,bitcoin/bitcoin,0,0,15,1,7
2025-12-26,ethereum/go-ethereum,0,0,4,0,1
2025-12-27,bitcoin/bitcoin,3,0,9,1,10
2025-12-27,MystenLabs/sui,2,0,0,0,2
2025-12-27,paradigmxyz/reth,2,0,2,0,2
2025-12-27,anza-xyz/agave,0,0,0,0,0
2025-12-27,lightningnetwork/lnd,0,0,3,0,2
2025-12-27,solana-labs/solana,0,0,2,0,0
2025-12-27,ethereum/go-ethereum,0,0,5,0,0
2025-12-28,MystenLabs/sui,2,0,0,0,3
2025-12-28,lightningnetwork/lnd,0,0,1,0,1
2025-12-28,ethereum/go-ethereum,0,0,2,0,0
2025-12-28,paradigmxyz/reth,4,0,1,1,9
2025-12-28,solana-labs/solana,0,0,0,0,0
2025-12-28,bitcoin/bitcoin,0,0,11,0,8
2025-12-28,anza-xyz/agave,0,0,4,0,5
2025-12-29,bitcoin/bitcoin,1,0,13,0,11
2025-12-29,solana-labs/solana,0,0,0,0,0
2025-12-29,ethereum/go-ethereum,2,0,4,0,3
2025-12-29,MystenLabs/sui,3,0,2,0,7
2025-12-29,anza-xyz/agave,1,0,0,0,6
2025-12-29,paradigmxyz/reth,23,0,2,1,13
2025-12-29,lightningnetwork/lnd,0,0,0,0,3
2025-12-30,MystenLabs/sui,22,0,0,0,10
2025-12-30,lightningnetwork/lnd,0,0,0,0,3
2025-12-30,ethereum/go-ethereum,1,0,5,0,6
2025-12-30,bitcoin/bitcoin,0,0,12,1,12
2025-12-30,paradigmxyz/reth,12,0,2,0,10
2025-12-30,anza-xyz/agave,0,0,0,0,2
2025-12-30,solana-labs/solana,0,0,1,0,0
2025-12-31,anza-xyz/agave,0,0,0,0,2
2025-12-31,bitcoin/bitcoin,2,0,7,0,9
2025-12-31,ethereum/go-ethereum,4,0,5,0,5
2025-12-31,lightningnetwork/lnd,0,0,1,0,1
2025-12-31,paradigmxyz/reth,2,0,1,1,9
2025-12-31,solana-labs/solana,0,0,0,0,0
2025-12-31,MystenLabs/sui,10,0,2,0,6
2026-01-01,MystenLabs/sui,7,0,0,0,4
2026-01-01,bitcoin/bitcoin,0,0,5,1,4
2026-01-01,ethereum/go-ethereum,0,0,4,1,2
2026-01-01,paradigmxyz/reth,0,0,3,0,2
2026-01-01,lightningnetwork/lnd,0,0,0,0,3
2026-01-01,anza-xyz/agave,1,0,1,0,4
2026-01-02,solana-labs/solana,0,0,2,0,0
2026-01-02,MystenLabs/sui,7,0,1,0,6
2026-01-02,lightningnetwork/lnd,0,0,0,0,2
2026-01-02,anza-xyz/agave,0,0,2,0,2
2026-01-02,ethereum/go-ethereum,0,0,4,2,1
2026-01-02,paradigmxyz/reth,2,0,1,0,8
2026-01-02,bitcoin/bitcoin,2,0,7,1,10
2026-01-03,lightningnetwork/lnd,0,0,0,0,1
2026-01-03,paradigmxyz/reth,3,0,0,0,9
2026-01-03,bitcoin/bitcoin,1,0,9,2,6
2026-01-03,ethereum/go-ethereum,0,0,4,0,2
2026-01-03,MystenLabs/sui,4,0,0,0,3
2026-01-04,paradigmxyz/reth,2,0,5,0,5
2026-01-04,bitcoin/bitcoin,1,0,7,0,6
2026-01-04,MystenLabs/sui,0,0,0,0,2
2026-01-04,ethereum/go-ethereum,1,0,5,0,2
2026-01-04,anza-xyz/agave,0,0,0,0,2
2026-01-04,solana-labs/solana,0,0,1,0,0
2026-01-04,lightningnetwork/lnd,0,0,0,0,1
2026-01-05,lightningnetwork/lnd,7,0,0,0,6
2026-01-05,bitcoin/bitcoin,3,0,6,1,18
2026-01-05,anza-xyz/agave,21,0,1,0,16
2026-01-05,solana-labs/solana,0,0,0,0,0
2026-01-05,paradigmxyz/reth,33,0,0,0,15
2026-01-05,ethereum/go-ethereum,0,0,2,1,5
2026-01-05,MystenLabs/sui,22,0,1,1,16
2026-01-06,anza-xyz/agave,17,0,1,0,13
2026-01-06,lightningnetwork/lnd,1,0,1,0,9
2026-01-06,solana-labs/solana,0,0,0,0,0
2026-01-06,bitcoin/bitcoin,2,0,11,2,15
2026-01-06,paradigmxyz/reth,22,0,2,0,11
2026-01-06,ethereum/go-ethereum,3,0,1,0,7
2026-01-06,MystenLabs/sui,35,0,2,0,20
2026-01-07,anza-xyz/agave,7,0,0,0,14
2026-01-07,MystenLabs/sui,22,0,1,0,18
2026-01-07,bitcoin/bitcoin,1,0,3,0,9
2026-01-07,ethereum/go-ethereum,2,0,5,1,7
2026-01-07,solana-labs/solana,0,0,1,0,0
2026-01-07,lightningnetwork/lnd,0,0,1,0,3
2026-01-07,paradigmxyz/reth,29,0,1,2,14
2026-01-08,bitcoin/bitcoin,0,0,8,0,18
2026-01-08,lightningnetwork/lnd,1,0,0,0,2
2026-01-08,solana-labs/solana,0,0,1,0,0
2026-01-08,anza-xyz/agave,15,0,0,1,8
2026-01-08,ethereum/go-ethereum,3,0,3,0,10
2026-01-08,MystenLabs/sui,36,0,0,0,20
2026-01-08,paradigmxyz/reth,37,0,1,0,22
2026-01-09,MystenLabs/sui,27,0,0,0,15
2026-01-09,lightningnetwork/lnd,0,0,0,0,6
2026-01-09,bitcoin/bitcoin,2,0,10,1,11
2026-01-09,paradigmxyz/reth,52,0,2,1,25
2026-01-09,ethereum/go-ethereum,1,0,2,1,6
2026-01-09,anza-xyz/agave,13,0,0,0,18
2026-01-10,anza-xyz/agave,22,0,1,0,15
2026-01-10,paradigmxyz/reth,3,0,0,1,12
2026-01-10,ethereum/go-ethereum,0,0,5,0,3
2026-01-10,bitcoin/bitcoin,0,0,11,0,7
2026-01-10,solana-labs/solana,0,0,1,0,0
2026-01-10,lightningnetwork/lnd,0,0,0,0,1
2026-01-10,MystenLabs/sui,5,0,0,0,7
2026-01-11,paradigmxyz/reth,4,0,1,0,8
2026-01-11,lightningnetwork/lnd,0,0,0,0,3
2026-01-11,MystenLabs/sui,5,0,0,0,5
2026-01-11,bitcoin/bitcoin,1,0,14,0,8
2026-01-11,anza-xyz/agave,3,0,1,0,6
2026-01-11,ethereum/go-ethereum,0,0,4,0,5
2026-01-12,solana-labs/solana,0,0,0,0,0
2026-01-12,paradigmxyz/reth,35,0,0,1,23
2026-01-12,bitcoin/bitcoin,1,0,5,2,12
2026-01-12,lightningnetwork/lnd,3,0,0,0,5
2026-01-12,anza-xyz/agave,24,0,1,0,22
2026-01-12,ethereum/go-ethereum,1,0,1,0,8
2026-01-12,MystenLabs/sui,42,0,0,0,23
2026-01-13,ethereum/go-ethereum,0,0,1,2,5
2026-01-13,lightningnetwork/lnd,4,0,1,0,7
2026-01-13,MystenLabs/sui,51,0,0,0,24
2026-01-13,paradigmxyz/reth,59,0,2,0,17
2026-01-13,solana-labs/solana,0,0,3,0,0
2026-01-13,anza-xyz/agave,15,0,1,0,18
2026-01-13,bitcoin/bitcoin,4,0,1,0,15
2026-01-14,bitcoin/bitcoin,5,0,1,1,16
2026-01-14,lightningnetwork/lnd,0,0,2,1,7
2026-01-14,anza-xyz/agave,13,0,1,0,17
2026-01-14,ethereum/go-ethereum,2,0,2,0,4
2026-01-14,MystenLabs/sui,53,0,0,0,23
2026-01-14,paradigmxyz/reth,53,0,1,1,17
2026-01-15,lightningnetwork/lnd,1,0,0,0,4
2026-01-15,paradigmxyz/reth,52,0,12,0,12
2026-01-15,ethereum/go-ethereum,2,0,2,0,5
2026-01-15,MystenLabs/sui,32,0,0,0,11
2026-01-15,bitcoin/bitcoin,2,0,3,0,16
2026-01-15,solana-labs/solana,0,0,1,0,0
2026-01-15,anza-xyz/agave,13,0,0,0,17
2026-01-16,anza-xyz/agave,7,0,1,0,13
2026-01-16,lightningnetwork/lnd,1,0,0,0,4
2026-01-16,MystenLabs/sui,36,0,1,0,21
2026-01-16,solana-labs/solana,0,0,1,0,0
2026-01-16,paradigmxyz/reth,77,0,2,1,20
2026-01-16,ethereum/go-ethereum,1,0,3,0,3
2026-01-16,bitcoin/bitcoin,0,0,6,0,18
2026-01-17,lightningnetwork/lnd,0,0,0,0,1
2026-01-17,paradigmxyz/reth,26,0,0,0,9
2026-01-17,MystenLabs/sui,7,0,0,0,10
2026-01-17,ethereum/go-ethereum,0,0,1,1,4
2026-01-17,bitcoin/bitcoin,1,0,4,1,6
2026-01-17,solana-labs/solana,0,0,1,0,0
2026-01-17,anza-xyz/agave,3,0,1,0,7
2026-01-18,solana-labs/solana,0,0,0,0,0
2026-01-18,anza-xyz/agave,0,0,1,0,5
2026-01-18,paradigmxyz/reth,22,0,2,0,8
2026-01-18,ethereum/go-ethereum,1,0,6,0,3
2026-01-18,bitcoin/bitcoin,0,0,7,1,9
2026-01-18,MystenLabs/sui,1,0,1,0,4
2026-01-18,lightningnetwork/lnd,0,0,0,0,1
2026-01-19,ethereum/go-ethereum,2,0,1,0,6
2026-01-19,anza-xyz/agave,4,0,0,0,15
2026-01-19,MystenLabs/sui,9,0,0,0,10
2026-01-19,solana-labs/solana,0,0,2,0,0
2026-01-19,bitcoin/bitcoin,2,0,4,0,14
2026-01-19,paradigmxyz/reth,42,0,0,1,9
2026-01-19,lightningnetwork/lnd,0,0,0,0,3
2026-01-20,solana-labs/solana,0,0,1,0,0
2026-01-20,anza-xyz/agave,5,0,0,0,14
2026-01-20,MystenLabs/sui,13,0,0,0,15
2026-01-20,bitcoin/bitcoin,6,0,6,0,11
2026-01-20,ethereum/go-ethereum,1,0,1,0,6
2026-01-20,paradigmxyz/reth,70,0,0,0,17
2026-01-20,lightningnetwork/lnd,0,0,0,0,2
2026-01-21,bitcoin/bitcoin,3,0,7,1,18
2026-01-21,MystenLabs/sui,25,0,1,0,18
2026-01-21,anza-xyz/agave,8,0,1,1,14
2026-01-21,ethereum/go-ethereum,0,0,1,0,0
2026-01-21,paradigmxyz/reth,54,0,1,4,14
2026-01-21,lightningnetwork/lnd,0,0,1,0,5
2026-01-21,solana-labs/solana,0,0,4,0,0
2026-01-22,ethereum/go-ethereum,3,0,1,2,6
2026-01-22,lightningnetwork/lnd,1,0,1,0,4
2026-01-22,solana-labs/solana,0,0,1,0,0
2026-01-22,anza-xyz/agave,7,0,0,1,15
2026-01-22,paradigmxyz/reth,80,0,2,2,15
2026-01-22,bitcoin/bitcoin,2,0,6,0,14
2026-01-22,MystenLabs/sui,33,0,0,0,20
2026-01-23,bitcoin/bitcoin,1,0,3,2,15
2026-01-23,solana-labs/solana,0,0,1,0,0
2026-01-23,ethereum/go-ethereum,1,0,4,1,2
2026-01-23,anza-xyz/agave,6,0,1,0,10
2026-01-23,lightningnetwork/lnd,1,0,0,0,6
2026-01-23,MystenLabs/sui,34,0,0,0,20
2026-01-23,paradigmxyz/reth,63,0,2,0,14
2026-01-24,ethereum/go-ethereum,0,0,0,0,2
2026-01-24,solana-labs/solana,0,0,0,0,0
2026-01-24,bitcoin/bitcoin,0,0,6,0,8
2026-01-24,anza-xyz/agave,3,0,1,0,4
2026-01-24,MystenLabs/sui,5,0,2,0,8
2026-01-24,lightningnetwork/lnd,0,0,0,0,1
2026-01-24,paradigmxyz/reth,15,0,2,0,9
2026-01-25,solana-labs/solana,0,0,2,0,0
2026-01-25,bitcoin/bitcoin,2,0,4,0,7
2026-01-25,anza-xyz/agave,0,0,2,0,0
2026-01-25,paradigmxyz/reth,7,0,1,0,7
2026-01-25,MystenLabs/sui,0,0,1,0,3
2026-01-25,ethereum/go-ethereum,0,0,3,0,2
2026-01-26,paradigmxyz/reth,47,0,1,0,18
2026-01-26,MystenLabs/sui,32,0,0,0,15
2026-01-26,ethereum/go-ethereum,0,0,3,0,5
2026-01-26,bitcoin/bitcoin,3,0,1,1,12
2026-01-26,lightningnetwork/lnd,0,0,0,0,3
2026-01-26,anza-xyz/agave,6,0,1,0,13
2026-01-27,ethereum/go-ethereum,2,0,4,1,2
2026-01-27,lightningnetwork/lnd,0,0,0,0,2
2026-01-27,anza-xyz/agave,11,0,0,0,16
2026-01-27,paradigmxyz/reth,77,0,0,0,14
2026-01-27,bitcoin/bitcoin,2,0,5,1,14
2026-01-27,MystenLabs/sui,39,0,0,2,18
2026-01-28,bitcoin/bitcoin,7,0,4,1,13
2026-01-28,MystenLabs/sui,47,0,2,0,23
2026-01-28,anza-xyz/agave,8,0,1,0,15
2026-01-28,ethereum/go-ethereum,3,0,3,0,9
2026-01-28,paradigmxyz/reth,59,0,0,0,23
2026-01-28,lightningnetwork/lnd,6,0,0,0,6
2026-01-28,solana-labs/solana,0,0,1,0,0
2026-01-29,solana-labs/solana,0,0,0,0,0
2026-01-29,anza-xyz/agave,12,0,2,1,17
2026-01-29,MystenLabs/sui,41,0,2,0,23
2026-01-29,bitcoin/bitcoin,4,0,4,0,20
2026-01-29,ethereum/go-ethereum,1,0,2,1,5
2026-01-29,paradigmxyz/reth,106,0,1,0,17
2026-01-29,lightningnetwork/lnd,1,0,0,0,3
2026-01-30,ethereum/go-ethereum,0,0,0,0,5
2026-01-30,anza-xyz/agave,12,0,3,0,12
2026-01-30,MystenLabs/sui,55,0,0,0,18
2026-01-30,solana-labs/solana,0,0,0,0,0
2026-01-30,bitcoin/bitcoin,3,0,5,0,17
2026-01-30,paradigmxyz/reth,76,0,1,0,12
2026-01-30,lightningnetwork/lnd,0,0,2,0,2
2026-01-31,paradigmxyz/reth,15,0,3,0,9
2026-01-31,MystenLabs/sui,15,0,0,0,7
2026-01-31,ethereum/go-ethereum,0,0,5,1,2
2026-01-31,bitcoin/bitcoin,4,0,9,0,9
2026-01-31,solana-labs/solana,0,0,1,0,0
2026-01-31,lightningnetwork/lnd,0,0,0,0,3
2026-01-31,anza-xyz/agave,0,0,2,0,6
2026-02-01,lightningnetwork/lnd,0,0,1,0,2
2026-02-01,bitcoin/bitcoin,0,0,7,0,7
2026-02-01,anza-xyz/agave,0,0,0,0,6
2026-02-01,paradigmxyz/reth,22,0,3,1,10
2026-02-01,MystenLabs/sui,11,0,1,0,5
2026-02-01,ethereum/go-ethereum,0,0,2,0,3
2026-02-02,ethereum/go-ethereum,5,0,5,0,5
2026-02-02,solana-labs/solana,0,0,2,0,0
2026-02-02,bitcoin/bitcoin,5,0,9,0,10
2026-02-02,anza-xyz/agave,16,0,2,0,18
2026-02-02,MystenLabs/sui,27,0,0,0,15
2026-02-02,lightningnetwork/lnd,0,0,0,0,6
2026-02-02,paradigmxyz/reth,34,0,0,0,16
2026-02-03,bitcoin/bitcoin,3,0,8,1,13
2026-02-03,solana-labs/solana,0,0,1,0,0
2026-02-03,ethereum/go-ethereum,5,0,2,1,5
2026-02-03,anza-xyz/agave,20,0,0,0,20
2026-02-03,lightningnetwork/lnd,5,0,0,0,8
2026-02-03,MystenLabs/sui,35,0,1,0,17
2026-02-03,paradigmxyz/reth,116,0,1,1,14
2026-02-04,bitcoin/bitcoin,1,0,10,1,14
2026-02-04,lightningnetwork/lnd,3,0,0,0,6
2026-02-04,anza-xyz/agave,15,0,0,0,23
2026-02-04,ethereum/go-ethereum,3,0,1,1,5
2026-02-04,MystenLabs/sui,34,0,0,1,23
2026-02-04,paradigmxyz/reth,80,0,1,0,18
2026-02-05,ethereum/go-ethereum,1,0,1,0,5
2026-02-05,lightningnetwork/lnd,2,0,0,0,6
2026-02-05,MystenLabs/sui,35,0,0,0,15
2026-02-05,paradigmxyz/reth,47,0,1,0,16
2026-02-05,solana-labs/solana,0,0,2,0,0
2026-02-05,anza-xyz/agave,13,0,1,0,19
2026-02-05,bitcoin/bitcoin,4,0,7,1,17
2026-02-06,paradigmxyz/reth,73,0,0,1,22
2026-02-06,bitcoin/bitcoin,2,0,9,0,12
2026-02-06,lightningnetwork/lnd,0,0,1,0,4
2026-02-06,anza-xyz/agave,6,0,0,1,22
2026-02-06,ethereum/go-ethereum,3,0,2,1,7
2026-02-06,MystenLabs/sui,39,0,0,0,21
2026-02-07,paradigmxyz/reth,16,0,0,0,8
2026-02-07,lightningnetwork/lnd,2,0,0,0,2
2026-02-07,MystenLabs/sui,12,0,0,0,10
2026-02-07,solana-labs/solana,0,0,1,0,0
2026-02-07,bitcoin/bitcoin,2,0,7,0,11
2026-02-07,anza-xyz/agave,3,0,0,0,8
2026-02-07,ethereum/go-ethereum,0,0,4,0,2
2026-02-08,solana-labs/solana,0,0,1,0,0
2026-02-08,anza-xyz/agave,0,0,2,1,3
2026-02-08,paradigmxyz/reth,8,0,1,0,11
2026-02-08,ethereum/go-ethereum,0,0,5,0,5
2026-02-08,bitcoin/bitcoin,0,0,15,0,12
2026-02-08,MystenLabs/sui,4,0,1,2,4
2026-02-08,lightningnetwork/lnd,0,0,1,0,1
2026-02-09,lightningnetwork/lnd,0,0,0,0,4
2026-02-09,paradigmxyz/reth,59,0,1,0,19
2026-02-09,MystenLabs/sui,39,0,1,0,19
2026-02-09,ethereum/go-ethereum,3,0,0,1,8
2026-02-09,bitcoin/bitcoin,4,0,6,0,14
2026-02-09,solana-labs/solana,0,0,1,0,0
2026-02-09,anza-xyz/agave,7,0,1,0,14
2026-02-10,anza-xyz/agave,16,0,2,1,18
2026-02-10,lightningnetwork/lnd,0,0,0,0,6
2026-02-10,MystenLabs/sui,32,0,0,0,21
2026-02-10,paradigmxyz/reth,37,0,0,0,15
2026-02-10,ethereum/go-ethereum,1,0,1,0,6
2026-02-10,bitcoin/bitcoin,1,0,5,1,12
2026-02-11,lightningnetwork/lnd,2,0,1,0,6
2026-02-11,paradigmxyz/reth,85,0,1,0,12
2026-02-11,ethereum/go-ethereum,4,0,2,0,9
2026-02-11,MystenLabs/sui,40,0,1,0,20
2026-02-11,bitcoin/bitcoin,2,0,14,0,14
2026-02-11,anza-xyz/agave,17,0,3,0,19
2026-02-12,anza-xyz/agave,9,0,1,0,15
2026-02-12,lightningnetwork/lnd,3,0,1,0,6
2026-02-12,solana-labs/solana,0,0,1,0,0
2026-02-12,bitcoin/bitcoin,2,0,3,0,14
2026-02-12,paradigmxyz/reth,78,0,0,0,12
2026-02-12,ethereum/go-ethereum,0,0,3,0,3
2026-02-12,MystenLabs/sui,36,0,4,0,22
2026-02-13,lightningnetwork/lnd,1,0,0,0,7
2026-02-13,bitcoin/bitcoin,3,0,4,0,16
2026-02-13,anza-xyz/agave,4,0,0,0,13
2026-02-13,solana-labs/solana,0,0,0,0,0
2026-02-13,paradigmxyz/reth,11,0,0,1,11
2026-02-13,ethereum/go-ethereum,1,0,4,0,3
2026-02-13,MystenLabs/sui,31,0,1,5,14
2026-02-14,paradigmxyz/reth,14,0,1,1,9
2026-02-14,bitcoin/bitcoin,0,0,5,0,16
2026-02-14,MystenLabs/sui,8,0,0,0,5
2026-02-14,ethereum/go-ethereum,1,0,4,0,4
2026-02-14,anza-xyz/agave,3,0,0,0,5
2026-02-14,solana-labs/solana,0,0,1,0,0
2026-02-14,lightningnetwork/lnd,0,0,0,0,0
2026-02-15,lightningnetwork/lnd,1,0,0,0,2
2026-02-15,paradigmxyz/reth,10,0,1,0,9
2026-02-15,bitcoin/bitcoin,0,0,12,0,5
2026-02-15,anza-xyz/agave,0,0,1,0,2
2026-02-15,ethereum/go-ethereum,0,0,0,0,1
2026-02-15,MystenLabs/sui,1,0,0,1,4
2026-02-16,anza-xyz/agave,6,0,0,0,10
2026-02-16,paradigmxyz/reth,84,0,2,0,14
2026-02-16,ethereum/go-ethereum,2,0,5,0,6
2026-02-16,bitcoin/bitcoin,0,0,4,1,7
2026-02-16,solana-labs/solana,0,0,0,0,0
2026-02-16,lightningnetwork/lnd,1,0,0,0,8
2026-02-16,MystenLabs/sui,9,0,0,0,7
2026-02-17,MystenLabs/sui,27,0,3,0,11
2026-02-17,lightningnetwork/lnd,0,0,0,0,2
2026-02-17,bitcoin/bitcoin,1,0,4,0,16
2026-02-17,paradigmxyz/reth,57,0,1,0,14
2026-02-17,ethereum/go-ethereum,3,0,2,0,7
2026-02-17,anza-xyz/agave,13,0,0,0,17
2026-02-18,bitcoin/bitcoin,1,0,10,0,13
2026-02-18,lightningnetwork/lnd,3,0,0,1,4
2026-02-18,anza-xyz/agave,14,0,1,0,22
2026-02-18,ethereum/go-ethereum,1,0,1,0,4
2026-02-18,MystenLabs/sui,29,0,0,1,15
2026-02-18,paradigmxyz/reth,60,0,1,0,16
2026-02-19,anza-xyz/agave,18,0,0,0,19
2026-02-19,MystenLabs/sui,37,0,1,1,20
2026-02-19,bitcoin/bitcoin,6,0,4,1,11
2026-02-19,ethereum/go-ethereum,0,0,2,1,3
2026-02-19,solana-labs/solana,0,0,1,0,0
2026-02-19,lightningnetwork/lnd,0,0,0,1,4
2026-02-19,paradigmxyz/reth,81,0,0,0,19
2026-02-20,bitcoin/bitcoin,4,0,6,2,17
2026-02-20,ethereum/go-ethereum,0,0,1,0,1
2026-02-20,MystenLabs/sui,40,0,1,1,17
2026-02-20,anza-xyz/agave,17,0,0,0,16
2026-02-20,paradigmxyz/reth,66,0,2,1,15
2026-02-20,lightningnetwork/lnd,0,0,0,0,3
2026-02-21,MystenLabs/sui,5,0,0,0,6
2026-02-21,lightningnetwork/lnd,0,0,0,0,3
2026-02-21,ethereum/go-ethereum,0,0,2,0,2
2026-02-21,paradigmxyz/reth,18,0,2,1,15
2026-02-21,bitcoin/bitcoin,1,0,0,0,12
2026-02-21,anza-xyz/agave,2,0,1,0,7
2026-02-22,bitcoin/bitcoin,0,0,5,0,8
2026-02-22,MystenLabs/sui,5,0,2,0,6
2026-02-22,paradigmxyz/reth,3,0,0,0,11
2026-02-22,anza-xyz/agave,4,0,3,0,13
2026-02-22,lightningnetwork/lnd,0,0,0,0,1
2026-02-22,ethereum/go-ethereum,1,0,4,0,2
2026-02-23,MystenLabs/sui,11,0,0,0,12
2026-02-23,lightningnetwork/lnd,0,0,0,0,3
2026-02-23,anza-xyz/agave,15,0,2,0,16
2026-02-23,paradigmxyz/reth,37,0,2,0,14
2026-02-23,bitcoin/bitcoin,2,0,5,0,10
2026-02-23,ethereum/go-ethereum,3,0,0,0,5
2026-02-24,MystenLabs/sui,17,0,0,0,11
2026-02-24,lightningnetwork/lnd,2,0,0,0,6
2026-02-24,anza-xyz/agave,9,0,0,0,16
2026-02-24,ethereum/go-ethereum,6,0,0,0,6
2026-02-24,paradigmxyz/reth,28,0,2,0,13
2026-02-24,bitcoin/bitcoin,5,0,5,0,11
2026-02-25,MystenLabs/sui,34,0,0,1,10
2026-02-25,bitcoin/bitcoin,1,0,3,0,10
2026-02-25,ethereum/go-ethereum,0,0,1,0,0
2026-02-25,paradigmxyz/reth,31,0,0,0,19
2026-02-25,lightningnetwork/lnd,2,0,0,0,3
2026-02-25,anza-xyz/agave,20,0,2,0,21
2026-02-26,anza-xyz/agave,16,0,0,0,19
2026-02-26,bitcoin/bitcoin,1,0,4,0,7
2026-02-26,ethereum/go-ethereum,4,0,1,0,7
2026-02-26,lightningnetwork/lnd,2,0,1,0,5
2026-02-26,paradigmxyz/reth,16,0,1,1,16
2026-02-26,MystenLabs/sui,31,0,0,0,13
2026-02-27,MystenLabs/sui,28,0,0,0,11
2026-02-27,lightningnetwork/lnd,0,0,0,0,2
2026-02-27,ethereum/go-ethereum,1,0,2,1,1
2026-02-27,bitcoin/bitcoin,1,0,4,1,12
2026-02-27,paradigmxyz/reth,43,0,2,1,16
2026-02-27,anza-xyz/agave,19,0,0,1,17
2026-02-27,solana-labs/solana,0,0,0,0,0
2026-02-28,paradigmxyz/reth,7,0,0,0,10
2026-02-28,bitcoin/bitcoin,0,0,2,1,11
2026-02-28,ethereum/go-ethereum,0,0,2,0,0
2026-02-28,anza-xyz/agave,6,0,2,0,9
2026-02-28,MystenLabs/sui,12,0,1,2,10
2026-02-28,lightningnetwork/lnd,0,0,1,0,2
2026-03-01,anza-xyz/agave,2,0,0,0,6
2026-03-01,paradigmxyz/reth,3,0,0,0,9
2026-03-01,bitcoin/bitcoin,0,0,4,0,2
2026-03-01,lightningnetwork/lnd,0,0,1,0,0
2026-03-01,ethereum/go-ethereum,0,0,2,0,2
2026-03-01,MystenLabs/sui,1,0,0,0,2
2026-03-01,solana-labs/solana,0,0,1,0,0
2026-03-02,paradigmxyz/reth,29,0,0,0,15
2026-03-02,anza-xyz/agave,20,0,1,1,13
2026-03-02,bitcoin/bitcoin,0,0,4,0,8
2026-03-02,ethereum/go-ethereum,4,0,3,0,6
2026-03-02,lightningnetwork/lnd,0,0,1,0,4
2026-03-02,MystenLabs/sui,38,0,0,0,18
2026-03-03,anza-xyz/agave,18,0,0,0,16
2026-03-03,MystenLabs/sui,25,0,0,0,15
2026-03-03,solana-labs/solana,0,0,0,0,0
2026-03-03,bitcoin/bitcoin,0,0,4,0,13
2026-03-03,ethereum/go-ethereum,4,0,4,0,5
2026-03-03,paradigmxyz/reth,37,0,0,0,16
2026-03-03,lightningnetwork/lnd,0,0,0,0,2
2026-03-04,lightningnetwork/lnd,0,0,0,0,3
2026-03-04,anza-xyz/agave,24,0,1,0,17
2026-03-04,solana-labs/solana,0,0,1,0,0
2026-03-04,paradigmxyz/reth,47,0,0,0,16
2026-03-04,MystenLabs/sui,32,0,2,0,17
2026-03-04,ethereum/go-ethereum,5,0,1,0,7
2026-03-04,bitcoin/bitcoin,2,0,3,0,12
2026-03-05,anza-xyz/agave,21,0,0,1,18
2026-03-05,solana-labs/solana,0,0,1,0,0
2026-03-05,paradigmxyz/reth,32,0,0,0,13
2026-03-05,ethereum/go-ethereum,8,0,0,0,6
2026-03-05,lightningnetwork/lnd,3,0,0,0,5
2026-03-05,MystenLabs/sui,26,0,0,1,17
2026-03-05,bitcoin/bitcoin,1,0,2,1,18
2026-03-06,ethereum/go-ethereum,2,0,0,1,4
2026-03-06,MystenLabs/sui,38,0,1,0,17
2026-03-06,lightningnetwork/lnd,1,0,1,0,4
2026-03-06,paradigmxyz/reth,37,0,0,0,11
2026-03-06,bitcoin/bitcoin,4,0,4,0,21
2026-03-06,solana-labs/solana,0,0,1,0,0
2026-03-06,anza-xyz/agave,19,0,1,1,11
2026-03-07,bitcoin/bitcoin,0,0,7,0,8
2026-03-07,anza-xyz/agave,2,0,0,0,5
2026-03-07,paradigmxyz/reth,5,0,1,0,8
2026-03-07,MystenLabs/sui,12,0,2,0,8
2026-03-07,lightningnetwork/lnd,2,0,0,0,1
2026-03-07,ethereum/go-ethereum,0,0,1,0,0
2026-03-08,bitcoin/bitcoin,1,0,9,0,10
2026-03-08,MystenLabs/sui,7,0,1,0,8
2026-03-08,ethereum/go-ethereum,0,0,2,0,1
2026-03-08,paradigmxyz/reth,7,0,0,0,7
2026-03-08,anza-xyz/agave,0,0,2,0,5
2026-03-09,lightningnetwork/lnd,1,0,0,0,3
2026-03-09,ethereum/go-ethereum,3,0,1,0,5
2026-03-09,bitcoin/bitcoin,8,0,2,0,13
2026-03-09,MystenLabs/sui,23,0,0,0,16
2026-03-09,solana-labs/solana,0,0,1,0,0
2026-03-09,paradigmxyz/reth,30,0,0,1,11
2026-03-09,anza-xyz/agave,14,0,0,0,16
2026-03-10,bitcoin/bitcoin,2,0,4,0,10
2026-03-10,ethereum/go-ethereum,5,0,0,0,4
2026-03-10,anza-xyz/agave,18,0,0,0,15
2026-03-10,MystenLabs/sui,33,0,0,0,9
2026-03-10,lightningnetwork/lnd,0,0,0,0,1
2026-03-10,paradigmxyz/reth,32,0,0,0,18
2026-03-11,paradigmxyz/reth,45,0,1,0,10
2026-03-11,lightningnetwork/lnd,2,0,0,0,3
2026-03-11,MystenLabs/sui,26,0,0,1,10
2026-03-11,ethereum/go-ethereum,1,0,4,0,6
2026-03-11,anza-xyz/agave,29,0,0,0,16
2026-03-11,bitcoin/bitcoin,8,0,1,0,13
2026-03-11,solana-labs/solana,0,0,1,0,0
2026-03-12,MystenLabs/sui,26,0,0,0,14
2026-03-12,ethereum/go-ethereum,0,0,1,0,1
2026-03-12,bitcoin/bitcoin,5,0,1,1,10
2026-03-12,lightningnetwork/lnd,2,0,0,0,4
2026-03-12,anza-xyz/agave,18,0,1,0,18
2026-03-12,paradigmxyz/reth,32,0,0,0,14
2026-03-13,bitcoin/bitcoin,4,0,2,0,7
2026-03-13,lightningnetwork/lnd,1,0,0,0,2
2026-03-13,anza-xyz/agave,10,0,0,0,13
2026-03-13,ethereum/go-ethereum,1,0,1,0,4
2026-03-13,paradigmxyz/reth,19,0,0,1,14
2026-03-13,MystenLabs/sui,28,0,0,0,17
2026-03-14,bitcoin/bitcoin,0,0,8,0,6
2026-03-14,MystenLabs/sui,6,0,1,0,5
2026-03-14,solana-labs/solana,0,0,1,0,0
2026-03-14,anza-xyz/agave,1,0,1,0,6
2026-03-14,paradigmxyz/reth,5,0,0,0,10
2026-03-14,ethereum/go-ethereum,0,0,4,0,1
2026-03-14,lightningnetwork/lnd,0,0,1,0,0
2026-03-15,ethereum/go-ethereum,0,0,3,0,1
2026-03-15,MystenLabs/sui,2,0,0,0,2
2026-03-15,anza-xyz/agave,3,0,0,0,5
2026-03-15,bitcoin/bitcoin,0,0,7,1,6
2026-03-15,paradigmxyz/reth,0,0,0,0,2
2026-03-15,lightningnetwork/lnd,0,0,0,0,1
2026-03-15,solana-labs/solana,0,0,4,0,0
2026-03-16,ethereum/go-ethereum,2,0,0,1,5
2026-03-16,bitcoin/bitcoin,0,0,1,0,6
2026-03-16,paradigmxyz/reth,22,0,1,0,8
2026-03-16,MystenLabs/sui,17,0,0,0,11
2026-03-16,lightningnetwork/lnd,2,0,0,0,6
2026-03-16,anza-xyz/agave,9,0,0,0,10
2026-03-16,solana-labs/solana,0,0,1,0,0
2026-03-17,anza-xyz/agave,5,0,0,0,11
2026-03-17,lightningnetwork/lnd,1,0,0,0,3
2026-03-17,bitcoin/bitcoin,1,0,1,0,10
2026-03-17,ethereum/go-ethereum,2,0,1,0,5
2026-03-17,paradigmxyz/reth,31,0,0,0,9
2026-03-17,MystenLabs/sui,27,0,1,0,16
2026-03-18,paradigmxyz/reth,16,0,0,0,11
2026-03-18,bitcoin/bitcoin,0,0,1,0,11
2026-03-18,lightningnetwork/lnd,4,0,0,0,3
2026-03-18,MystenLabs/sui,20,0,0,0,15
2026-03-18,ethereum/go-ethereum,4,0,0,0,4
2026-03-18,anza-xyz/agave,17,0,0,0,10
2026-03-19,solana-labs/solana,0,0,1,0,0
2026-03-19,anza-xyz/agave,10,0,1,1,15
2026-03-19,paradigmxyz/reth,17,0,0,0,9
2026-03-19,ethereum/go-ethereum,1,0,2,0,2
2026-03-19,bitcoin/bitcoin,7,0,1,0,10
2026-03-19,MystenLabs/sui,40,0,1,0,13
2026-03-19,lightningnetwork/lnd,9,0,0,0,2
2026-03-20,lightningnetwork/lnd,1,0,0,0,2
2026-03-20,ethereum/go-ethereum,2,0,1,0,5
2026-03-20,MystenLabs/sui,59,0,0,0,18
2026-03-20,paradigmxyz/reth,18,0,1,0,10
2026-03-20,anza-xyz/agave,14,0,0,1,15
2026-03-20,bitcoin/bitcoin,4,0,0,0,7
2026-03-21,paradigmxyz/reth,3,0,0,0,4
2026-03-21,anza-xyz/agave,3,0,1,0,7
2026-03-21,lightningnetwork/lnd,0,0,1,0,0
2026-03-21,MystenLabs/sui,12,0,1,0,7
2026-03-21,ethereum/go-ethereum,0,0,5,0,1
2026-03-21,bitcoin/bitcoin,0,0,6,0,8
2026-03-22,MystenLabs/sui,1,0,0,0,1
2026-03-22,ethereum/go-ethereum,1,0,0,0,3
2026-03-22,anza-xyz/agave,1,0,1,0,4
2026-03-22,solana-labs/solana,0,0,1,0,0
2026-03-22,paradigmxyz/reth,6,0,0,0,11
2026-03-22,bitcoin/bitcoin,1,0,8,0,10
2026-03-23,bitcoin/bitcoin,4,0,1,1,5
2026-03-23,paradigmxyz/reth,24,0,0,0,7
2026-03-23,ethereum/go-ethereum,1,0,1,0,4
2026-03-23,anza-xyz/agave,19,0,0,0,12
2026-03-23,MystenLabs/sui,38,0,0,0,13
2026-03-23,lightningnetwork/lnd,1,0,0,0,6
2026-03-24,ethereum/go-ethereum,0,0,0,0,3
2026-03-24,bitcoin/bitcoin,7,0,0,0,8
2026-03-24,lightningnetwork/lnd,1,0,1,0,5
2026-03-24,MystenLabs/sui,32,0,0,0,18
2026-03-24,anza-xyz/agave,19,0,0,0,16
2026-03-24,paradigmxyz/reth,22,0,0,0,10
2026-03-25,anza-xyz/agave,22,0,1,0,14
2026-03-25,paradigmxyz/reth,26,0,0,0,11
2026-03-25,MystenLabs/sui,40,0,1,0,17
2026-03-25,ethereum/go-ethereum,0,0,1,0,1
2026-03-25,lightningnetwork/lnd,1,0,0,0,4
2026-03-25,bitcoin/bitcoin,4,0,3,0,8
2026-03-26,MystenLabs/sui,42,0,0,0,16
2026-03-26,lightningnetwork/lnd,6,0,0,0,6
2026-03-26,anza-xyz/agave,10,0,1,0,9
2026-03-26,bitcoin/bitcoin,1,0,0,0,5
2026-03-26,paradigmxyz/reth,12,0,0,0,6
2026-03-27,paradigmxyz/reth,11,0,0,0,6
2026-03-27,MystenLabs/sui,50,0,0,0,17
2026-03-27,anza-xyz/agave,12,0,0,0,7
2026-03-27,solana-labs/solana,0,0,1,0,0
2026-03-27,lightningnetwork/lnd,2,0,0,0,2
2026-03-27,ethereum/go-ethereum,2,0,0,0,3
2026-03-27,bitcoin/bitcoin,0,0,3,0,8
2026-03-28,anza-xyz/agave,2,0,0,0,3
2026-03-28,lightningnetwork/lnd,0,0,0,0,3
2026-03-28,paradigmxyz/reth,9,0,0,0,2
2026-03-28,ethereum/go-ethereum,2,0,1,0,1
2026-03-28,bitcoin/bitcoin,1,0,4,0,5
2026-03-28,MystenLabs/sui,2,0,0,0,2
2026-03-29,paradigmxyz/reth,4,0,0,0,4
2026-03-29,lightningnetwork/lnd,0,0,0,0,0
2026-03-29,ethereum/go-ethereum,0,0,1,0,0
2026-03-29,solana-labs/solana,0,0,2,0,0
2026-03-29,MystenLabs/sui,1,0,1,0,2
2026-03-29,bitcoin/bitcoin,1,0,4,0,2
2026-03-29,anza-xyz/agave,1,0,0,0,3
2026-03-30,lightningnetwork/lnd,0,0,0,0,2
2026-03-30,solana-labs/solana,0,0,0,0,0
2026-03-30,ethereum/go-ethereum,0,0,1,64,0
2026-03-30,paradigmxyz/reth,16,0,0,0,9
2026-03-30,bitcoin/bitcoin,3,0,0,1,5
2026-03-30,MystenLabs/sui,27,0,1,0,12
2026-03-30,anza-xyz/agave,9,0,0,0,5
2026-03-31,ethereum/go-ethereum,2,0,0,0,3
2026-03-31,MystenLabs/sui,34,0,1,0,18
2026-03-31,anza-xyz/agave,10,0,0,0,14
2026-03-31,bitcoin/bitcoin,2,0,1,0,7
2026-03-31,lightningnetwork/lnd,3,0,0,0,5
2026-03-31,paradigmxyz/reth,21,0,0,0,10
2026-04-01,anza-xyz/agave,11,0,1,0,9
2026-04-01,bitcoin/bitcoin,2,0,2,1,17
2026-04-01,ethereum/go-ethereum,1,0,1,0,2
2026-04-01,paradigmxyz/reth,11,0,0,2,9
2026-04-01,MystenLabs/sui,28,0,0,0,10
2026-04-01,lightningnetwork/lnd,1,0,0,0,3
2026-04-01,solana-labs/solana,0,0,1,0,0
2026-04-02,paradigmxyz/reth,7,0,0,0,10
2026-04-02,solana-labs/solana,0,0,1,0,0
2026-04-02,lightningnetwork/lnd,0,0,0,0,1
2026-04-02,MystenLabs/sui,17,0,1,0,14
2026-04-02,ethereum/go-ethereum,1,0,1,0,4
2026-04-02,bitcoin/bitcoin,2,0,2,0,8
2026-04-02,anza-xyz/agave,8,0,1,0,14
2026-04-03,bitcoin/bitcoin,0,0,1,0,8
2026-04-03,lightningnetwork/lnd,0,0,0,0,3
2026-04-03,ethereum/go-ethereum,1,0,2,0,4
2026-04-03,anza-xyz/agave,11,0,0,0,20
2026-04-03,paradigmxyz/reth,4,0,1,0,3
2026-04-03,MystenLabs/sui,10,0,0,0,6
2026-04-04,bitcoin/bitcoin,0,0,4,0,7
2026-04-04,paradigmxyz/reth,1,0,0,0,2
2026-04-04,anza-xyz/agave,3,0,0,0,5
2026-04-04,solana-labs/solana,0,0,0,0,0
2026-04-04,MystenLabs/sui,5,0,1,0,3
2026-04-04,ethereum/go-ethereum,0,0,1,0,4
2026-04-05,lightningnetwork/lnd,0,0,0,0,0
2026-04-05,anza-xyz/agave,0,0,0,0,5
2026-04-05,bitcoin/bitcoin,0,0,4,0,2
2026-04-05,MystenLabs/sui,0,0,1,0,2
2026-04-05,ethereum/go-ethereum,2,0,1,0,2
2026-04-05,paradigmxyz/reth,1,0,1,0,4
2026-04-06,paradigmxyz/reth,1,0,0,0,1
2026-04-06,lightningnetwork/lnd,0,0,0,0,2
2026-04-06,anza-xyz/agave,5,0,0,0,10
2026-04-06,ethereum/go-ethereum,0,0,0,0,2
2026-04-06,MystenLabs/sui,14,0,0,0,13
2026-04-06,bitcoin/bitcoin,2,0,1,0,7
2026-04-07,paradigmxyz/reth,5,0,0,0,8
2026-04-07,lightningnetwork/lnd,1,0,0,0,5
2026-04-07,anza-xyz/agave,13,0,0,1,11
2026-04-07,bitcoin/bitcoin,3,0,3,0,12
2026-04-07,MystenLabs/sui,25,0,0,0,16
2026-04-07,ethereum/go-ethereum,2,0,3,0,5
2026-04-08,paradigmxyz/reth,9,0,1,0,7
2026-04-08,lightningnetwork/lnd,1,0,1,0,3
2026-04-08,anza-xyz/agave,10,0,0,0,15
2026-04-08,MystenLabs/sui,34,0,0,0,12
2026-04-08,bitcoin/bitcoin,3,0,3,0,7
2026-04-08,ethereum/go-ethereum,2,0,0,0,4
2026-04-09,ethereum/go-ethereum,4,0,2,0,8
2026-04-09,MystenLabs/sui,21,0,1,0,19
2026-04-09,paradigmxyz/reth,22,0,1,0,10
2026-04-09,lightningnetwork/lnd,0,0,0,0,7
2026-04-09,bitcoin/bitcoin,4,0,7,0,8
2026-04-09,anza-xyz/agave,11,0,0,0,12
2026-04-10,anza-xyz/agave,14,0,0,0,16
2026-04-10,MystenLabs/sui,25,0,0,0,14
2026-04-10,lightningnetwork/lnd,3,0,0,0,5
2026-04-10,bitcoin/bitcoin,0,0,3,0,7
2026-04-10,paradigmxyz/reth,28,0,2,1,12
2026-04-10,ethereum/go-ethereum,1,0,2,0,2
2026-04-11,ethereum/go-ethereum,0,0,1,0,3
2026-04-11,lightningnetwork/lnd,3,0,0,0,2
2026-04-11,solana-labs/solana,0,0,1,0,0
2026-04-11,MystenLabs/sui,8,0,0,0,7
2026-04-11,anza-xyz/agave,0,0,0,0,6
2026-04-11,bitcoin/bitcoin,0,0,10,1,6
2026-04-11,paradigmxyz/reth,6,0,2,0,8
2026-04-12,ethereum/go-ethereum,0,0,1,1,2
2026-04-12,anza-xyz/agave,0,0,0,0,4
2026-04-12,MystenLabs/sui,1,0,0,0,3
2026-04-12,bitcoin/bitcoin,0,0,1,0,3
2026-04-12,paradigmxyz/reth,10,0,1,0,6
2026-04-13,lightningnetwork/lnd,0,0,1,0,2
2026-04-13,ethereum/go-ethereum,5,0,0,0,5
2026-04-13,paradigmxyz/reth,5,0,0,0,6
2026-04-13,anza-xyz/agave,11,0,0,0,10
2026-04-13,bitcoin/bitcoin,2,0,5,0,6
2026-04-13,MystenLabs/sui,27,0,0,0,13
2026-04-14,bitcoin/bitcoin,1,0,3,0,5
2026-04-14,paradigmxyz/reth,27,0,1,0,10
2026-04-14,ethereum/go-ethereum,4,0,1,0,5
2026-04-14,anza-xyz/agave,7,0,1,0,14
2026-04-14,lightningnetwork/lnd,0,0,0,0,3
2026-04-14,MystenLabs/sui,36,0,1,0,16
2026-04-15,ethereum/go-ethereum,1,0,0,0,4
2026-04-15,MystenLabs/sui,38,0,0,0,17
2026-04-15,paradigmxyz/reth,19,0,0,0,11
2026-04-15,anza-xyz/agave,21,0,0,0,11
2026-04-15,bitcoin/bitcoin,1,0,1,0,5
2026-04-15,lightningnetwork/lnd,3,0,0,0,4
2026-04-16,bitcoin/bitcoin,0,0,0,0,5
2026-04-16,paradigmxyz/reth,12,0,0,0,7
2026-04-16,anza-xyz/agave,8,0,0,0,9
2026-04-16,MystenLabs/sui,21,0,0,0,10
2026-04-16,ethereum/go-ethereum,2,0,0,0,2
2026-04-16,lightningnetwork/lnd,2,0,0,0,5
2026-04-17,anza-xyz/agave,9,0,1,0,13
2026-04-17,MystenLabs/sui,38,0,0,0,13
2026-04-17,ethereum/go-ethereum,1,0,1,0,4
2026-04-17,bitcoin/bitcoin,1,0,2,0,3
2026-04-17,lightningnetwork/lnd,1,0,0,0,6
2026-04-17,paradigmxyz/reth,12,0,0,0,11
2026-04-18,MystenLabs/sui,11,0,1,0,8
2026-04-18,bitcoin/bitcoin,0,0,2,0,8
2026-04-18,paradigmxyz/reth,6,0,0,0,5
2026-04-18,anza-xyz/agave,1,0,0,0,2
2026-04-18,lightningnetwork/lnd,0,0,0,0,1
2026-04-18,ethereum/go-ethereum,2,0,2,1,1
2026-04-19,anza-xyz/agave,1,0,0,0,3
2026-04-19,bitcoin/bitcoin,4,0,4,1,5
2026-04-19,ethereum/go-ethereum,0,0,0,0,1
2026-04-19,paradigmxyz/reth,4,0,0,0,3
2026-04-19,MystenLabs/sui,5,0,0,0,3
2026-04-20,ethereum/go-ethereum,2,0,0,0,3
2026-04-20,paradigmxyz/reth,18,0,0,1,8
2026-04-20,MystenLabs/sui,35,0,0,0,17
2026-04-20,lightningnetwork/lnd,1,0,0,0,2
2026-04-20,anza-xyz/agave,5,0,0,0,7
2026-04-20,bitcoin/bitcoin,3,0,3,0,5
2026-04-20,solana-labs/solana,0,0,1,0,0
2026-04-21,paradigmxyz/reth,13,0,1,0,7
2026-04-21,MystenLabs/sui,30,0,0,0,14
2026-04-21,ethereum/go-ethereum,3,0,0,0,5
2026-04-21,anza-xyz/agave,33,0,0,0,11
2026-04-21,lightningnetwork/lnd,2,0,0,0,3
2026-04-21,bitcoin/bitcoin,1,0,2,0,5
2026-04-22,bitcoin/bitcoin,1,0,1,0,6
2026-04-22,ethereum/go-ethereum,3,0,1,0,2
2026-04-22,MystenLabs/sui,28,0,0,0,11
2026-04-22,anza-xyz/agave,7,0,0,0,5
2026-04-22,solana-labs/solana,0,0,1,0,0
2026-04-22,lightningnetwork/lnd,0,0,0,0,0
2026-04-22,paradigmxyz/reth,25,0,0,0,9
2026-04-23,ethereum/go-ethereum,1,0,0,0,4
2026-04-23,bitcoin/bitcoin,1,0,1,0,4
2026-04-23,anza-xyz/agave,15,0,0,1,8
2026-04-23,MystenLabs/sui,28,0,0,0,13
2026-04-23,paradigmxyz/reth,10,0,1,0,7
2026-04-23,lightningnetwork/lnd,0,0,0,0,1
2026-04-24,anza-xyz/agave,10,0,0,0,8
2026-04-24,solana-labs/solana,0,0,1,0,0
2026-04-24,MystenLabs/sui,26,0,0,0,15
2026-04-24,paradigmxyz/reth,17,0,0,0,6
2026-04-24,bitcoin/bitcoin,2,0,0,0,6
2026-04-24,lightningnetwork/lnd,0,0,0,0,3
2026-04-24,ethereum/go-ethereum,2,0,0,0,3
2026-04-25,paradigmxyz/reth,6,0,0,0,6
2026-04-25,MystenLabs/sui,3,0,0,0,3
2026-04-25,lightningnetwork/lnd,0,0,0,0,3
2026-04-25,anza-xyz/agave,2,0,1,1,6
2026-04-25,ethereum/go-ethereum,3,0,1,0,4
2026-04-25,solana-labs/solana,0,0,1,0,0
2026-04-25,bitcoin/bitcoin,1,0,7,0,4
2026-04-26,anza-xyz/agave,0,0,0,0,2
2026-04-26,ethereum/go-ethereum,2,0,1,0,4
2026-04-26,solana-labs/solana,0,0,1,0,0
2026-04-26,paradigmxyz/reth,1,0,1,0,4
2026-04-26,lightningnetwork/lnd,0,0,0,0,1
2026-04-26,bitcoin/bitcoin,1,0,2,0,6
2026-04-27,bitcoin/bitcoin,2,0,1,0,6
2026-04-27,ethereum/go-ethereum,2,0,1,0,3
2026-04-27,lightningnetwork/lnd,2,0,0,0,6
2026-04-27,MystenLabs/sui,24,0,0,0,15
2026-04-27,paradigmxyz/reth,20,0,0,0,10
2026-04-27,anza-xyz/agave,5,0,0,0,4
2026-04-27,solana-labs/solana,0,0,1,0,0
2026-04-28,paradigmxyz/reth,28,0,0,0,8
2026-04-28,anza-xyz/agave,4,0,0,0,5
2026-04-28,lightningnetwork/lnd,2,0,0,0,3
2026-04-28,MystenLabs/sui,12,0,0,0,8
2026-04-28,ethereum/go-ethereum,9,0,0,0,2
2026-04-28,bitcoin/bitcoin,0,0,0,0,4
2026-04-29,ethereum/go-ethereum,3,0,2,0,2
2026-04-29,lightningnetwork/lnd,0,0,0,0,2
2026-04-29,anza-xyz/agave,4,0,0,0,4
2026-04-29,paradigmxyz/reth,23,0,0,0,10
2026-04-29,solana-labs/solana,0,0,0,0,0
2026-04-29,bitcoin/bitcoin,0,0,3,0,6
2026-04-29,MystenLabs/sui,20,0,0,0,11
2026-04-30,bitcoin/bitcoin,1,0,1,0,5
2026-04-30,paradigmxyz/reth,6,0,0,0,7
2026-04-30,lightningnetwork/lnd,1,0,0,0,2
2026-04-30,anza-xyz/agave,1,0,0,1,3
2026-04-30,MystenLabs/sui,20,0,0,0,12
2026-04-30,ethereum/go-ethereum,0,0,0,0,1
2026-05-01,MystenLabs/sui,29,0,0,0,14
2026-05-01,paradigmxyz/reth,8,0,0,0,7
2026-05-01,ethereum/go-ethereum,2,0,0,0,2
2026-05-01,anza-xyz/agave,8,0,0,0,12
2026-05-01,bitcoin/bitcoin,1,0,3,0,11
2026-05-01,lightningnetwork/lnd,0,0,0,0,0
2026-05-02,bitcoin/bitcoin,2,0,1,0,4
2026-05-02,anza-xyz/agave,5,0,1,1,8
2026-05-02,MystenLabs/sui,2,0,0,0,4
2026-05-02,paradigmxyz/reth,4,0,0,0,6
2026-05-02,ethereum/go-ethereum,1,0,0,1,2
2026-05-03,paradigmxyz/reth,0,0,0,0,3
2026-05-03,bitcoin/bitcoin,0,0,1,1,7
2026-05-03,anza-xyz/agave,0,0,0,0,7
2026-05-03,MystenLabs/sui,0,0,0,0,2
2026-05-03,ethereum/go-ethereum,0,0,0,0,1
2026-05-04,ethereum/go-ethereum,1,0,2,0,1
2026-05-04,MystenLabs/sui,32,0,0,0,14
2026-05-04,paradigmxyz/reth,15,0,0,0,7
2026-05-04,solana-labs/solana,0,0,1,0,0
2026-05-04,lightningnetwork/lnd,2,0,0,0,2
2026-05-04,anza-xyz/agave,4,0,1,0,6
2026-05-04,bitcoin/bitcoin,2,0,3,0,2
2026-05-05,bitcoin/bitcoin,0,0,0,0,5
2026-05-05,paradigmxyz/reth,18,0,1,0,7
2026-05-05,anza-xyz/agave,2,0,0,0,5
2026-05-05,ethereum/go-ethereum,3,0,0,0,4
2026-05-05,MystenLabs/sui,27,0,0,0,14
2026-05-05,lightningnetwork/lnd,0,0,0,0,2
2026-05-06,lightningnetwork/lnd,0,0,0,0,1
2026-05-06,MystenLabs/sui,29,0,0,0,14
2026-05-06,ethereum/go-ethereum,7,0,1,0,4
2026-05-06,paradigmxyz/reth,26,0,0,0,9
2026-05-06,bitcoin/bitcoin,6,0,1,0,6
2026-05-06,anza-xyz/agave,7,0,0,0,8
2026-05-07,solana-labs/solana,0,0,0,0,0
2026-05-07,bitcoin/bitcoin,1,0,0,0,2
2026-05-07,MystenLabs/sui,19,0,0,0,11
2026-05-07,ethereum/go-ethereum,3,0,1,1,2
2026-05-07,paradigmxyz/reth,18,0,0,0,7
2026-05-07,lightningnetwork/lnd,1,0,2,0,1
2026-05-07,anza-xyz/agave,9,0,0,0,8
2026-05-08,bitcoin/bitcoin,1,0,0,0,2
2026-05-08,paradigmxyz/reth,21,0,0,0,9
2026-05-08,lightningnetwork/lnd,0,0,0,0,1
2026-05-08,ethereum/go-ethereum,2,0,0,0,3
2026-05-08,MystenLabs/sui,21,0,0,0,12
2026-05-08,anza-xyz/agave,6,0,0,0,7
2026-05-09,anza-xyz/agave,1,0,0,1,3
2026-05-09,bitcoin/bitcoin,0,0,2,1,5
2026-05-09,MystenLabs/sui,7,0,0,0,5
2026-05-09,lightningnetwork/lnd,0,0,0,0,0
2026-05-09,ethereum/go-ethereum,1,0,1,0,3
2026-05-09,paradigmxyz/reth,0,0,0,0,4
2026-05-10,lightningnetwork/lnd,0,0,1,0,0
2026-05-10,ethereum/go-ethereum,3,0,2,1,4
2026-05-10,paradigmxyz/reth,3,0,0,0,5
2026-05-10,anza-xyz/agave,1,0,2,0,5
2026-05-10,bitcoin/bitcoin,1,0,2,1,4
2026-05-10,solana-labs/solana,0,0,1,0,0
2026-05-11,MystenLabs/sui,30,0,0,0,14
2026-05-11,anza-xyz/agave,11,0,0,0,6
2026-05-11,ethereum/go-ethereum,3,0,0,0,2
2026-05-11,lightningnetwork/lnd,0,0,0,0,2
2026-05-11,paradigmxyz/reth,25,0,1,0,9
2026-05-11,bitcoin/bitcoin,2,0,2,0,9
2026-05-12,anza-xyz/agave,5,0,0,0,2
2026-05-12,lightningnetwork/lnd,2,0,0,0,3
2026-05-12,MystenLabs/sui,35,0,0,0,17
2026-05-12,paradigmxyz/reth,28,0,1,0,7
2026-05-12,ethereum/go-ethereum,2,0,0,0,2
2026-05-12,bitcoin/bitcoin,0,0,0,0,3
2026-05-13,lightningnetwork/lnd,0,0,0,0,3
2026-05-13,MystenLabs/sui,15,0,0,0,9
2026-05-13,paradigmxyz/reth,16,0,0,0,9
2026-05-13,ethereum/go-ethereum,1,0,0,0,3
2026-05-13,bitcoin/bitcoin,3,0,1,1,8
2026-05-13,anza-xyz/agave,4,0,0,1,3
2026-05-14,anza-xyz/agave,5,0,0,0,3
2026-05-14,MystenLabs/sui,33,0,0,0,15
2026-05-14,bitcoin/bitcoin,1,0,1,0,7
2026-05-14,lightningnetwork/lnd,1,0,0,0,3
2026-05-14,solana-labs/solana,0,0,1,0,0
2026-05-14,paradigmxyz/reth,11,0,0,0,9
2026-05-14,ethereum/go-ethereum,0,0,0,0,1
2026-05-15,paradigmxyz/reth,6,0,0,0,5
2026-05-15,anza-xyz/agave,11,0,0,0,7
2026-05-15,ethereum/go-ethereum,0,0,1,0,1
2026-05-15,lightningnetwork/lnd,0,0,0,0,1
2026-05-15,bitcoin/bitcoin,1,0,0,0,3
2026-05-15,MystenLabs/sui,7,0,0,0,6
2026-05-16,ethereum/go-ethereum,0,0,2,0,0
2026-05-16,anza-xyz/agave,5,0,0,0,4
2026-05-16,MystenLabs/sui,3,0,0,0,5
2026-05-16,lightningnetwork/lnd,0,0,0,0,1
2026-05-16,solana-labs/solana,0,0,0,0,0
2026-05-16,bitcoin/bitcoin,1,0,0,0,10
2026-05-16,paradigmxyz/reth,3,0,0,0,5
2026-05-17,paradigmxyz/reth,2,0,0,0,2
2026-05-17,ethereum/go-ethereum,0,0,1,0,1
2026-05-17,solana-labs/solana,0,0,2,0,0
2026-05-17,bitcoin/bitcoin,1,0,4,0,4
2026-05-17,MystenLabs/sui,1,0,0,0,2
2026-05-17,anza-xyz/agave,1,0,0,0,4
2026-05-17,lightningnetwork/lnd,0,0,1,0,1
2026-05-18,MystenLabs/sui,16,0,0,0,11
2026-05-18,anza-xyz/agave,7,0,0,0,7
2026-05-18,lightningnetwork/lnd,0,0,0,0,2
2026-05-18,bitcoin/bitcoin,1,0,0,0,2
2026-05-18,ethereum/go-ethereum,0,0,0,0,0
2026-05-18,paradigmxyz/reth,15,0,0,0,9
2026-05-19,bitcoin/bitcoin,3,0,1,0,5
2026-05-19,solana-labs/solana,0,0,1,0,0
2026-05-19,anza-xyz/agave,7,0,0,1,8
2026-05-19,paradigmxyz/reth,24,0,0,0,7
2026-05-19,ethereum/go-ethereum,4,0,0,0,4
2026-05-19,lightningnetwork/lnd,3,0,0,0,4
2026-05-19,MystenLabs/sui,30,0,0,0,13
2026-05-20,MystenLabs/sui,39,0,0,0,15
2026-05-20,ethereum/go-ethereum,2,0,0,0,2
2026-05-20,lightningnetwork/lnd,1,0,1,0,3
2026-05-20,anza-xyz/agave,20,0,1,0,8
2026-05-20,paradigmxyz/reth,11,0,0,0,7
2026-05-20,bitcoin/bitcoin,2,0,1,0,5
2026-05-21,paradigmxyz/reth,15,0,0,0,6
2026-05-21,bitcoin/bitcoin,2,0,1,0,10
2026-05-21,anza-xyz/agave,7,0,0,0,6
2026-05-21,MystenLabs/sui,38,0,0,0,14
2026-05-21,lightningnetwork/lnd,1,0,0,0,2
2026-05-21,ethereum/go-ethereum,5,0,1,0,2
2026-05-22,lightningnetwork/lnd,5,0,0,0,3
2026-05-22,ethereum/go-ethereum,4,0,0,0,2
2026-05-22,paradigmxyz/reth,13,0,0,0,7
2026-05-22,MystenLabs/sui,13,0,0,0,10
2026-05-22,anza-xyz/agave,8,0,0,1,5
2026-05-22,bitcoin/bitcoin,4,0,2,0,6
2026-05-23,ethereum/go-ethereum,0,0,0,0,0
2026-05-23,bitcoin/bitcoin,0,0,2,0,5
2026-05-23,paradigmxyz/reth,4,0,0,0,5
2026-05-23,lightningnetwork/lnd,0,0,0,0,5
2026-05-23,MystenLabs/sui,0,0,0,2,1
2026-05-23,anza-xyz/agave,0,0,1,0,1
2026-05-24,paradigmxyz/reth,3,0,0,0,3
2026-05-24,bitcoin/bitcoin,0,0,2,0,2
2026-05-24,ethereum/go-ethereum,0,0,1,0,2
2026-05-24,anza-xyz/agave,2,0,0,0,2
2026-05-25,paradigmxyz/reth,21,0,0,0,9
2026-05-25,anza-xyz/agave,4,0,0,0,3
2026-05-25,lightningnetwork/lnd,1,0,0,0,2
2026-05-25,bitcoin/bitcoin,0,0,0,0,1
2026-05-25,ethereum/go-ethereum,0,0,1,0,0
2026-05-26,bitcoin/bitcoin,6,0,0,0,5
2026-05-26,solana-labs/solana,0,0,1,0,0
2026-05-26,MystenLabs/sui,11,0,0,0,9
2026-05-26,anza-xyz/agave,4,0,0,0,7
2026-05-26,ethereum/go-ethereum,4,0,0,0,5
2026-05-26,paradigmxyz/reth,9,0,0,0,7
2026-05-26,lightningnetwork/lnd,1,0,0,0,3
2026-05-27,MystenLabs/sui,17,0,0,0,10
2026-05-27,bitcoin/bitcoin,0,0,2,1,1
2026-05-27,ethereum/go-ethereum,5,0,0,0,4
2026-05-27,lightningnetwork/lnd,5,0,0,0,7
2026-05-27,anza-xyz/agave,16,0,0,0,7
2026-05-27,paradigmxyz/reth,6,0,0,0,7
2026-05-28,paradigmxyz/reth,9,0,0,0,8
2026-05-28,ethereum/go-ethereum,1,0,0,0,1
2026-05-28,anza-xyz/agave,11,0,0,0,5
2026-05-28,lightningnetwork/lnd,2,0,0,0,3
2026-05-28,MystenLabs/sui,19,0,0,0,12
2026-05-28,bitcoin/bitcoin,3,0,1,0,8
2026-05-29,bitcoin/bitcoin,0,0,0,0,2
2026-05-29,lightningnetwork/lnd,0,0,0,0,2
2026-05-29,MystenLabs/sui,25,0,0,0,11
2026-05-29,paradigmxyz/reth,14,0,0,0,6
2026-05-29,anza-xyz/agave,8,0,0,0,6
2026-05-29,ethereum/go-ethereum,2,0,0,0,1
2026-05-30,bitcoin/bitcoin,0,0,0,0,2
2026-05-30,MystenLabs/sui,5,0,0,1,5
2026-05-30,lightningnetwork/lnd,0,0,0,0,1
2026-05-30,anza-xyz/agave,0,0,0,0,0
2026-05-30,paradigmxyz/reth,11,0,1,0,5
2026-05-31,paradigmxyz/reth,1,0,2,0,5
2026-05-31,ethereum/go-ethereum,0,0,0,1,1
2026-05-31,MystenLabs/sui,0,0,0,0,1
2026-05-31,anza-xyz/agave,1,0,0,0,4
2026-05-31,bitcoin/bitcoin,0,0,2,1,2
2026-05-31,solana-labs/solana,0,0,0,0,0
2026-06-01,lightningnetwork/lnd,0,0,0,0,1
2026-06-01,bitcoin/bitcoin,1,0,0,0,4
2026-06-01,MystenLabs/sui,17,0,0,0,9
2026-06-01,anza-xyz/agave,9,0,0,0,5
2026-06-01,ethereum/go-ethereum,3,0,0,0,4
2026-06-01,paradigmxyz/reth,6,0,2,0,7
2026-06-02,MystenLabs/sui,5,0,0,0,4
2026-06-02,paradigmxyz/reth,6,0,0,0,6
2026-06-02,bitcoin/bitcoin,2,0,0,0,1
2026-06-02,ethereum/go-ethereum,2,0,0,0,2
2026-06-02,lightningnetwork/lnd,0,0,0,0,1
2026-06-02,anza-xyz/agave,5,0,0,0,1
2026-06-03,ethereum/go-ethereum,3,0,0,0,3
2026-06-03,lightningnetwork/lnd,0,0,0,0,1
2026-06-03,MystenLabs/sui,6,0,0,0,5
2026-06-03,anza-xyz/agave,9,0,0,0,5
2026-06-03,bitcoin/bitcoin,3,0,1,0,4
2026-06-03,paradigmxyz/reth,58,0,0,0,8
2026-06-04,bitcoin/bitcoin,1,0,0,0,2
2026-06-04,ethereum/go-ethereum,0,0,0,0,0
2026-06-04,anza-xyz/agave,5,0,0,0,8
2026-06-04,MystenLabs/sui,16,0,0,0,8
2026-06-04,lightningnetwork/lnd,2,0,0,0,1
2026-06-04,paradigmxyz/reth,17,0,0,0,8
2026-06-05,paradigmxyz/reth,5,0,0,0,4
2026-06-05,lightningnetwork/lnd,1,0,0,0,1
2026-06-05,MystenLabs/sui,10,0,0,0,6
2026-06-05,ethereum/go-ethereum,2,0,0,0,2
2026-06-05,anza-xyz/agave,9,0,0,0,7
2026-06-05,bitcoin/bitcoin,0,0,2,0,1
2026-06-06,lightningnetwork/lnd,1,0,0,0,1
2026-06-06,bitcoin/bitcoin,0,0,0,0,3
2026-06-06,MystenLabs/sui,2,0,0,0,1
2026-06-06,paradigmxyz/reth,1,0,1,0,3
2026-06-06,anza-xyz/agave,2,0,0,0,3
2026-06-07,lightningnetwork/lnd,0,0,0,0,0
2026-06-07,bitcoin/bitcoin,0,0,5,0,3
2026-06-07,MystenLabs/sui,2,0,0,0,1
2026-06-07,paradigmxyz/reth,1,0,0,0,4
2026-06-07,anza-xyz/agave,0,0,0,0,1
2026-06-08,bitcoin/bitcoin,2,0,0,0,1
2026-06-08,MystenLabs/sui,13,0,0,0,7
2026-06-08,anza-xyz/agave,17,0,0,0,6
2026-06-08,paradigmxyz/reth,20,0,0,0,8
2026-06-08,ethereum/go-ethereum,1,0,0,0,1
2026-06-08,lightningnetwork/lnd,1,0,0,0,3
2026-06-09,ethereum/go-ethereum,2,0,0,0,2
2026-06-09,MystenLabs/sui,18,0,0,0,5
2026-06-09,anza-xyz/agave,25,0,0,0,7
2026-06-09,bitcoin/bitcoin,1,0,0,0,3
2026-06-09,paradigmxyz/reth,13,0,0,0,6
2026-06-09,lightningnetwork/lnd,1,0,1,0,2
2026-06-10,MystenLabs/sui,4,0,0,0,5
2026-06-10,ethereum/go-ethereum,5,0,0,0,4
2026-06-10,bitcoin/bitcoin,3,0,0,1,3
2026-06-10,lightningnetwork/lnd,1,0,0,0,1
2026-06-10,anza-xyz/agave,13,0,0,1,9
2026-06-10,paradigmxyz/reth,13,0,0,0,8
2026-06-11,bitcoin/bitcoin,3,0,0,0,4
2026-06-11,lightningnetwork/lnd,0,0,0,0,1
2026-06-11,anza-xyz/agave,9,0,0,0,4
2026-06-11,ethereum/go-ethereum,1,0,0,0,1
2026-06-11,paradigmxyz/reth,12,0,0,0,8
2026-06-11,MystenLabs/sui,7,0,0,0,3
2026-06-12,paradigmxyz/reth,11,0,2,0,8
2026-06-12,anza-xyz/agave,14,0,0,0,9
2026-06-12,bitcoin/bitcoin,1,0,0,0,3
2026-06-12,ethereum/go-ethereum,2,0,0,0,2
2026-06-12,lightningnetwork/lnd,0,0,0,0,1
2026-06-12,MystenLabs/sui,8,0,0,0,5
2026-06-13,anza-xyz/agave,0,0,0,0,1
2026-06-13,bitcoin/bitcoin,1,0,1,0,2
2026-06-13,ethereum/go-ethereum,0,0,0,0,0
2026-06-13,paradigmxyz/reth,3,0,0,0,4
2026-06-14,paradigmxyz/reth,1,0,1,0,4
2026-06-14,bitcoin/bitcoin,2,0,0,0,3
2026-06-14,ethereum/go-ethereum,1,0,0,1,1
2026-06-14,anza-xyz/agave,0,0,0,0,0
2026-06-14,MystenLabs/sui,2,0,0,0,1
2026-06-15,anza-xyz/agave,14,0,0,0,4
2026-06-15,paradigmxyz/reth,11,0,0,0,5
2026-06-15,bitcoin/bitcoin,4,0,0,0,1
2026-06-15,lightningnetwork/lnd,0,0,0,0,2
2026-06-15,MystenLabs/sui,21,0,0,0,12
2026-06-16,MystenLabs/sui,16,0,0,0,10
2026-06-16,lightningnetwork/lnd,0,0,0,0,0
2026-06-16,paradigmxyz/reth,11,0,0,0,6
2026-06-16,bitcoin/bitcoin,2,0,1,0,5
2026-06-16,anza-xyz/agave,31,0,0,0,8
2026-06-17,bitcoin/bitcoin,1,0,0,0,4
2026-06-17,anza-xyz/agave,21,0,0,0,7
2026-06-17,paradigmxyz/reth,18,0,0,0,8
2026-06-17,MystenLabs/sui,19,0,0,0,10
2026-06-17,ethereum/go-ethereum,3,0,1,0,2
2026-06-18,lightningnetwork/lnd,1,0,0,0,1
2026-06-18,anza-xyz/agave,10,0,0,0,6
2026-06-18,paradigmxyz/reth,13,0,0,0,6
2026-06-18,MystenLabs/sui,39,0,0,0,11
2026-06-18,bitcoin/bitcoin,0,0,0,0,1
2026-06-19,anza-xyz/agave,6,0,0,0,2
2026-06-19,paradigmxyz/reth,21,0,0,0,9
2026-06-19,ethereum/go-ethereum,0,0,0,0,0
2026-06-19,lightningnetwork/lnd,1,0,0,0,2
2026-06-19,MystenLabs/sui,13,0,0,0,5
2026-06-19,bitcoin/bitcoin,2,0,0,0,3
2026-06-20,MystenLabs/sui,1,0,0,0,1
2026-06-20,anza-xyz/agave,0,0,0,0,1
2026-06-20,bitcoin/bitcoin,0,0,0,0,0
2026-06-20,paradigmxyz/reth,1,0,0,0,2
2026-06-21,paradigmxyz/reth,1,0,0,0,2
2026-06-21,anza-xyz/agave,1,0,0,0,1
2026-06-21,bitcoin/bitcoin,2,0,1,0,5
2026-06-22,ethereum/go-ethereum,6,0,0,0,4
2026-06-22,bitcoin/bitcoin,1,0,0,0,2
2026-06-22,lightningnetwork/lnd,0,0,0,0,0
2026-06-22,MystenLabs/sui,13,0,0,0,7
2026-06-22,anza-xyz/agave,5,0,0,0,5
2026-06-22,paradigmxyz/reth,16,0,0,0,10
2026-06-23,anza-xyz/agave,6,0,0,0,4
2026-06-23,paradigmxyz/reth,22,0,0,0,5
2026-06-23,MystenLabs/sui,17,0,0,0,7
2026-06-23,lightningnetwork/lnd,0,0,0,0,0
2026-06-23,bitcoin/bitcoin,3,0,0,0,2
2026-06-24,lightningnetwork/lnd,1,0,1,0,1
2026-06-24,ethereum/go-ethereum,2,0,0,0,2
2026-06-24,paradigmxyz/reth,22,0,0,0,5
2026-06-24,bitcoin/bitcoin,0,0,0,0,1
2026-06-24,MystenLabs/sui,27,0,0,0,10
2026-06-24,anza-xyz/agave,6,0,0,0,3
2026-06-25,ethereum/go-ethereum,1,0,0,0,1
2026-06-25,MystenLabs/sui,30,0,0,0,14
2026-06-25,anza-xyz/agave,13,0,0,0,4
2026-06-25,bitcoin/bitcoin,1,0,0,0,1
2026-06-25,lightningnetwork/lnd,5,0,0,0,2
2026-06-25,paradigmxyz/reth,8,0,1,0,5
2026-06-26,anza-xyz/agave,15,0,0,0,6
2026-06-26,lightningnetwork/lnd,4,0,0,0,1
2026-06-26,paradigmxyz/reth,11,0,1,0,7
2026-06-26,ethereum/go-ethereum,2,0,0,0,2
2026-06-26,bitcoin/bitcoin,0,0,0,0,1
2026-06-26,MystenLabs/sui,18,0,0,0,9
2026-06-27,paradigmxyz/reth,4,0,0,0,4
2026-06-27,lightningnetwork/lnd,0,0,0,1,0
2026-06-27,ethereum/go-ethereum,0,0,0,0,1
2026-06-27,MystenLabs/sui,0,0,0,0,1
2026-06-27,bitcoin/bitcoin,0,0,2,0,4
2026-06-27,anza-xyz/agave,5,0,0,0,6
2026-06-28,paradigmxyz/reth,1,0,0,0,3
2026-06-28,bitcoin/bitcoin,1,0,0,0,2
2026-06-28,MystenLabs/sui,0,0,0,0,0
2026-06-28,anza-xyz/agave,0,0,0,0,0
2026-06-29,anza-xyz/agave,20,0,0,0,5
2026-06-29,paradigmxyz/reth,16,0,0,0,8
2026-06-29,ethereum/go-ethereum,2,0,1,0,2
2026-06-29,bitcoin/bitcoin,1,0,0,0,1
2026-06-29,MystenLabs/sui,22,0,0,0,12
2026-06-29,lightningnetwork/lnd,1,0,0,0,2
2026-06-30,ethereum/go-ethereum,2,0,0,0,2
2026-06-30,bitcoin/bitcoin,2,0,0,0,2
2026-06-30,paradigmxyz/reth,13,0,0,0,7
2026-06-30,MystenLabs/sui,29,0,0,0,10
2026-06-30,lightningnetwork/lnd,2,0,0,0,1
2026-06-30,anza-xyz/agave,8,0,0,0,3
2026-07-01,anza-xyz/agave,14,0,0,0,7
2026-07-01,lightningnetwork/lnd,0,0,0,0,1
2026-07-01,bitcoin/bitcoin,0,0,0,0,2
2026-07-01,ethereum/go-ethereum,6,0,0,0,4
2026-07-01,paradigmxyz/reth,28,0,0,0,6
2026-07-01,MystenLabs/sui,29,0,0,0,13
2026-07-01,solana-labs/solana,0,0,0,0,0
2026-07-02,MystenLabs/sui,17,0,0,0,9
2026-07-02,ethereum/go-ethereum,3,0,0,0,2
2026-07-02,anza-xyz/agave,8,0,0,0,8
2026-07-02,lightningnetwork/lnd,0,0,0,0,1
2026-07-02,paradigmxyz/reth,36,0,0,0,7
2026-07-02,bitcoin/bitcoin,0,0,2,0,1
