date,o,h,l,c,vol,qvol,ntrades,tbv,tbqv
2020-09-01,11649.51,12050.85,11515.0,11921.97,78148.193668,928047313.4889667,1321492.0,37476.019382,444996773.6683221
2020-09-02,11921.97,11954.57,11160.1,11388.54,87221.845602,1005391012.1338751,1373524.0,39972.309887,460939443.22481513
2020-09-03,11388.54,11462.6,9960.8,10140.85,121950.106015,1325106403.3158674,1611610.0,54266.83286,590230451.1123078
2020-09-04,10138.29,10627.05,9875.5,10446.25,92733.599113,959925718.3512754,1434860.0,42707.834666,442163704.1972196
2020-09-05,10446.25,10565.68,9825.0,10166.69,90001.605568,917578408.8761182,1476782.0,43478.132323,443342852.1870749
2020-09-06,10166.69,10347.14,9994.86,10256.2,56368.788815,574903000.2351745,1053192.0,28033.438827,285904912.7509627
2020-09-07,10255.89,10410.75,9875.0,10373.44,62620.230676,634278537.8151095,927363.0,30576.700673,309796338.54525113
2020-09-08,10373.45,10438.0,9850.0,10126.65,73491.878418,742947901.9712393,1048125.0,34410.81447,348048428.8837255
2020-09-09,10126.66,10343.0,9981.01,10219.2,49347.113776,503082625.21479094,755560.0,23815.412427,242759702.91500348
2020-09-10,10219.29,10483.35,10070.83,10336.87,58253.75375,602390078.4922807,851877.0,27690.112498,286362452.83931565
2020-09-11,10336.86,10397.6,10200.0,10387.89,43830.254467,451241002.66033626,637869.0,21231.610727,218592078.0289088
2020-09-12,10387.89,10477.97,10269.25,10440.92,35379.153096,366912671.4437269,577724.0,17560.768885,182148657.4569061
2020-09-13,10440.67,10580.11,10200.0,10332.83,43837.609865,455338605.3291489,692439.0,20785.517328,215965189.3161275
2020-09-14,10332.84,10750.0,10212.34,10671.77,67059.291361,706175591.3866128,828957.0,31880.363157,335719021.0389043
2020-09-15,10671.77,10930.04,10606.48,10785.31,61822.452786,666457161.1491377,893852.0,29744.087277,320640236.4058763
2020-09-16,10785.23,11093.0,10661.22,10954.01,64991.51244,708644989.4830699,884153.0,31740.511691,346117690.57309234
2020-09-17,10954.01,11045.46,10745.83,10939.99,55601.614529,605010288.7799246,829137.0,27029.927035,294147097.61187047
2020-09-18,10940.0,11038.03,10812.84,10933.39,47266.728275,516147935.6692284,717371.0,23044.919886,251654627.23674527
2020-09-19,10933.4,11179.79,10887.37,11080.65,38440.036858,423651901.1577304,620127.0,19923.059267,219623766.3129781
2020-09-20,11080.64,11080.64,10723.0,10920.28,39157.922565,426815210.75551224,646329.0,19437.694363,211845335.515648
2020-09-21,10920.28,10988.86,10296.35,10417.22,70683.431179,751020795.2358837,1028531.0,33628.930589,357346575.16901845
2020-09-22,10417.22,10572.71,10353.0,10529.61,43991.235476,460362500.7284081,738576.0,21497.461589,224981251.32868055
2020-09-23,10529.61,10537.15,10136.82,10241.46,51876.568079,539362015.157462,774391.0,25012.706819,260045385.65157038
2020-09-24,10241.46,10795.24,10190.93,10736.32,57676.619427,604520870.055638,789282.0,27946.804325,292936072.9870462
2020-09-25,10736.33,10760.53,10556.24,10686.67,48101.117008,512647249.14932007,733430.0,23566.330337,251168863.92711732
2020-09-26,10686.57,10820.94,10644.68,10728.6,28420.836659,304511477.6808554,502670.0,14314.531345,153391173.49799377
2020-09-27,10728.59,10799.0,10594.82,10774.25,30549.483253,327169249.4549957,516004.0,15101.03977,161737536.90897185
2020-09-28,10774.26,10950.0,10626.0,10696.12,50095.251734,544463219.5978092,686664.0,25219.073315,274111924.6613249
2020-09-29,10696.11,10867.54,10635.87,10840.48,41874.898399,449345822.46022886,587576.0,19896.076209,213544159.85659415
2020-09-30,10840.58,10849.34,10665.13,10776.59,39596.027322,425279696.28526336,595383.0,18712.059711,200976719.4408508
2020-10-01,10776.59,10920.0,10437.0,10619.13,60866.332893,652168989.4617349,794855.0,28449.975103,304779535.38197476
2020-10-02,10619.13,10664.64,10374.0,10570.4,50130.393705,526864379.30936533,777193.0,24123.902545,253507685.503587
2020-10-03,10570.4,10603.56,10496.46,10542.06,22298.221341,235160884.60853615,381329.0,10752.462882,113392722.76217198
2020-10-04,10542.07,10696.87,10517.87,10666.63,23212.001595,246252050.90681073,377553.0,12123.27565,128619845.13152087
2020-10-05,10666.62,10798.0,10615.64,10792.21,34025.761653,364158510.23798054,483340.0,15551.584387,166457546.86846152
2020-10-06,10792.2,10800.0,10525.0,10599.66,48674.740471,520051256.08219916,734526.0,23189.6899,247740447.636706
2020-10-07,10599.65,10681.87,10546.17,10666.39,32811.990279,348298562.85686266,503440.0,15783.355684,167548410.82933536
2020-10-08,10666.4,10950.0,10530.41,10925.57,51959.691572,559311760.4414803,659291.0,26482.599529,285240420.957764
2020-10-09,10925.44,11104.64,10829.0,11050.64,48240.073237,530822321.5162347,635681.0,25658.631396,282409996.0093115
2020-10-10,11050.64,11491.0,11050.51,11293.22,43648.036943,494785212.2308735,698561.0,22807.204651,258432465.7904096
2020-10-11,11293.22,11445.0,11221.0,11369.02,29043.851339,329927755.03808504,509714.0,14470.444269,164384653.13411286
2020-10-12,11369.02,11720.01,11172.0,11528.25,52825.28371,604779845.7920177,740823.0,26865.929321,307665447.3392344
2020-10-13,11528.24,11557.0,11300.0,11420.56,42205.283709,482663390.7240358,618262.0,19346.158605,221257357.56527472
2020-10-14,11420.57,11547.98,11280.0,11417.89,41415.106015,472007015.7209343,590025.0,19070.057307,217375960.31094742
2020-10-15,11417.89,11617.34,11250.83,11505.12,48760.717679,556436445.5576282,662386.0,24019.237669,274171016.90668136
2020-10-16,11505.13,11541.15,11200.0,11319.32,48797.749502,553211001.6122569,693210.0,22821.593484,258752919.33224073
2020-10-17,11319.24,11402.42,11255.0,11360.2,22368.915241,253582775.96265447,365973.0,10318.024614,116996094.14462668
2020-10-18,11360.31,11505.0,11346.22,11503.14,23284.041191,266150824.34809864,346946.0,12396.127099,141743879.128419
2020-10-19,11503.14,11823.99,11407.96,11751.47,47414.534692,550728683.7992793,650960.0,24716.395136,287236347.5490607
2020-10-20,11751.46,12038.38,11677.59,11909.99,62134.750663,737425592.0819718,906111.0,31911.708832,378905888.9600628
2020-10-21,11910.0,13217.68,11886.95,12780.96,114584.456767,1437122186.6339955,1453620.0,59033.671756,740274649.2807958
2020-10-22,12780.75,13185.0,12678.08,12968.52,70038.824144,905778888.8702906,1035811.0,33259.495044,430203750.0189252
2020-10-23,12968.84,13027.69,12720.08,12923.07,50386.999841,650680239.1101469,699313.0,24685.925495,318827712.19820076
2020-10-24,12923.06,13166.73,12870.0,13111.73,35952.20907,468299521.7696653,536821.0,18382.744579,239455378.09125662
2020-10-25,13111.73,13350.0,12888.0,13028.83,38481.579504,502672049.22905165,610498.0,17988.7671,235115943.82713217
2020-10-26,13029.64,13238.81,12765.0,13052.19,60951.672986,794395722.4533455,818144.0,29609.994698,385986654.6578821
2020-10-27,13052.15,13789.29,13019.87,13636.17,80811.01945,1085403903.1259663,1003615.0,39833.890541,534896062.83588016
2020-10-28,13636.16,13859.48,12888.0,13266.4,94440.561226,1263487952.995157,1234511.0,43387.692275,580505216.8726094
2020-10-29,13266.4,13642.91,12920.77,13455.7,74872.602132,997867948.8609743,1008433.0,37203.245658,495772429.354768
2020-10-30,13455.69,13669.98,13115.0,13560.1,70657.778881,946818817.5575092,1060387.0,34438.58889,461667557.39357114
2020-10-31,13560.1,14100.0,13411.5,13791.0,67339.238515,927048458.5423619,1022202.0,35823.22565,493309455.8389813
2020-11-01,13791.0,13895.0,13603.0,13761.5,36285.648526,499124369.07532644,606248.0,17839.54476,245432626.6153179
2020-11-02,13761.49,13830.0,13195.05,13549.37,64566.421908,873629993.8313928,869850.0,29243.233664,395698601.61694086
2020-11-03,13549.63,14066.11,13284.99,14023.53,74115.630787,1009402087.7104615,1052569.0,38332.71333,522431362.8878826
2020-11-04,14023.53,14259.0,13525.0,14144.01,93016.988262,1293872665.4179618,1212959.0,45333.661596,630831907.0732926
2020-11-05,14144.01,15750.0,14093.56,15590.02,143741.522673,2131865609.2908912,1736055.0,72196.127118,1071067716.594869
2020-11-06,15590.02,15960.0,15166.0,15579.92,122618.197695,1909660728.8229203,1654968.0,58528.760533,911733812.2792956
2020-11-07,15579.93,15753.52,14344.22,14818.3,101431.206553,1536510177.0914738,1557021.0,46204.870621,700220031.3003472
2020-11-08,14818.3,15650.0,14703.88,15475.1,65547.178574,998031373.8397803,998773.0,31175.660892,474978556.38937914
2020-11-09,15475.1,15840.0,14805.54,15328.41,108976.334134,1670447935.514179,1505441.0,51350.446641,787324390.7670984
2020-11-10,15328.41,15460.0,15072.46,15297.21,61681.919606,943615126.0891505,1093466.0,28945.766567,442891690.0126002
2020-11-11,15297.21,15965.0,15272.68,15684.24,78469.746458,1226425496.3618553,1247167.0,40030.002173,625865373.3783411
2020-11-12,15684.25,16340.7,15440.64,16291.86,102196.356592,1628755508.6741984,1472049.0,50444.978874,804204066.4386283
2020-11-13,16291.85,16480.0,15952.35,16320.7,75691.881014,1230358611.1248891,1208773.0,35301.73094,574048021.7365239
2020-11-14,16320.04,16326.99,15670.0,16070.45,59116.347179,944765868.609419,931424.0,27724.767801,443001467.22337943
2020-11-15,16069.56,16180.0,15774.72,15957.0,43596.841513,696651729.7452534,854441.0,20853.270846,333239080.6418138
2020-11-16,15957.0,16880.0,15864.0,16713.57,81300.675924,1335728013.9057605,1202386.0,41370.213659,679593360.6495738
2020-11-17,16713.08,17858.82,16538.0,17659.38,115221.403102,1982752071.450512,1646652.0,58262.062597,1003081009.6160429
2020-11-18,17659.38,18476.93,17214.45,17776.12,149019.788134,2663337935.5002985,2091832.0,73412.736278,1312369471.6524818
2020-11-19,17777.75,18179.8,17335.65,17802.82,93009.561008,1656794228.8537636,1513304.0,45376.577851,808306886.9741908
2020-11-20,17802.81,18815.22,17740.04,18655.67,88423.018489,1623135138.5910714,1444692.0,43549.51207,799574963.8058716
2020-11-21,18655.66,18965.9,18308.58,18703.8,75577.458394,1413641591.284171,1451352.0,36788.094693,688352207.1131533
2020-11-22,18703.8,18750.0,17610.86,18414.43,81645.737778,1497662550.0540428,1528524.0,39164.42638,718709271.1371768
2020-11-23,18413.88,18766.0,18000.0,18368.0,82961.506093,1529064319.6694436,1629379.0,39611.360617,730350629.7170513
2020-11-24,18368.01,19418.97,18018.0,19160.01,113581.509241,2145301450.4579413,2179862.0,58179.200882,1098976481.125705
2020-11-25,19160.0,19484.21,18500.27,18719.11,93266.576887,1774870796.2882328,1785408.0,44575.076758,848724583.3300526
2020-11-26,18718.83,18915.03,16188.0,17149.47,181005.246693,3127314143.1045747,2770483.0,84478.809131,1459155975.9531503
2020-11-27,17149.47,17457.62,16438.08,17139.52,85297.024787,1446670351.435088,1572299.0,42507.358433,720985570.3407377
2020-11-28,17139.53,17880.49,16865.56,17719.85,64910.69997,1128061605.1072252,1209385.0,31785.706898,552044705.3606101
2020-11-29,17719.84,18360.05,17517.0,18184.99,55329.016303,996743798.8649217,1141289.0,27883.985296,502287686.119384
2020-11-30,18185.0,19863.16,18184.99,19695.87,115463.466888,2205929119.5053363,1744149.0,61033.414903,1166943549.1842446
2020-12-01,19695.87,19888.0,18001.12,18764.96,127698.762652,2446070334.828799,2023802.0,63805.392898,1223282816.3192167
2020-12-02,18764.96,19342.0,18330.0,19204.09,75911.013478,1436895344.8259494,1566635.0,36421.690398,689901298.5700688
2020-12-03,19204.08,19598.0,18867.2,19421.9,66689.391279,1286548310.8267057,1242229.0,33868.341698,653783366.9045953
2020-12-04,19422.34,19527.0,18565.31,18650.52,71283.6682,1358079975.0254982,1286657.0,32363.453715,616745259.3145112
2020-12-05,18650.51,19177.0,18500.0,19147.66,42922.748573,813445434.1308142,932124.0,21360.260281,405002656.0699713
2020-12-06,19147.66,19420.0,18857.0,19359.4,37043.091861,709558933.5829058,820382.0,19009.407663,364303500.9570982
2020-12-07,19358.67,19420.91,18902.88,19166.9,41372.296293,793517668.683946,840954.0,18881.806014,362249650.0534163
2020-12-08,19166.9,19294.84,18200.0,18324.11,61626.947614,1160658077.404659,1143181.0,27811.37851,524064471.55038375
2020-12-09,18324.11,18639.57,17650.0,18541.28,79585.553801,1450130664.0645843,1302476.0,36809.009287,671042442.4745308
2020-12-10,18541.29,18557.32,17911.12,18254.63,52890.675094,966149529.0006071,891151.0,25604.608069,467840780.52674687
2020-12-11,18254.81,18292.73,17572.33,18036.53,72610.724259,1301081647.3079002,1117810.0,34194.988471,612882050.9167273
2020-12-12,18036.53,18948.66,18020.7,18808.69,49519.978432,915552835.9061834,891810.0,26056.332648,481756117.71600103
2020-12-13,18808.69,19411.0,18711.12,19174.99,56560.821744,1083520569.0948539,938022.0,29593.4651,566907850.6233119
2020-12-14,19174.99,19349.0,19000.0,19273.14,47257.201294,906101687.739595,842382.0,22657.463401,434506325.32761055
2020-12-15,19273.69,19570.0,19050.0,19426.43,61834.366011,1196361527.9258018,1046423.0,31194.160849,603826364.4139218
2020-12-16,19426.43,21560.0,19278.6,21335.52,114306.33557,2325135958.6418414,1659135.0,61245.262375,1245917122.172021
2020-12-17,21335.52,23800.0,21230.0,22797.16,184882.476748,4196645567.425877,2795084.0,92409.405079,2097021808.629566
2020-12-18,22797.15,23285.18,22350.0,23107.39,79646.134315,1820875361.2945976,1613775.0,38359.302158,877296889.5114686
2020-12-19,23107.39,24171.47,22750.0,23821.61,86045.064677,2018969878.8868675,1678611.0,42709.111498,1002105538.8592925
2020-12-20,23821.6,24295.0,23060.0,23455.52,76690.145685,1810862074.730308,1743225.0,37124.115358,877166936.6057343
2020-12-21,23455.54,24102.77,21815.0,22719.71,88030.297243,2035446293.928971,1593949.0,41983.046103,971417184.6896445
2020-12-22,22719.88,23837.1,22353.4,23810.79,87033.12616,2010758620.243527,1496277.0,42681.326708,986428672.7376071
2020-12-23,23810.79,24100.0,22600.0,23232.76,119047.259733,2797688007.0718794,2194611.0,56660.201961,1332358610.2684052
2020-12-24,23232.39,23794.43,22703.42,23729.2,69013.834252,1602394244.0767715,1421257.0,35789.111319,831484211.6986719
2020-12-25,23728.99,24789.86,23433.6,24712.47,79519.943569,1919766316.6677368,1504426.0,41219.088164,995215944.5725682
2020-12-26,24712.47,26867.03,24500.0,26493.39,97806.513386,2496533065.1755805,1735574.0,49839.034072,1272279529.8870606
2020-12-27,26493.4,28422.0,25700.0,26281.66,148455.586214,4028928683.882025,2438493.0,72649.340484,1972635486.1835065
2020-12-28,26281.54,27500.0,26101.0,27079.41,79721.742496,2151806808.5743527,1508204.0,37895.345621,1023061029.3655897
2020-12-29,27079.42,27410.0,25880.0,27385.0,69411.592606,1851617219.7682345,1605166.0,34276.922601,914954320.8347605
2020-12-30,27385.0,28996.0,27320.0,28875.54,95356.057826,2683953237.460271,1916095.0,48057.906366,1352877359.6514735
2020-12-31,28875.55,29300.0,27850.0,28923.63,75508.505152,2173600125.420074,1552793.0,36431.62208,1049389143.5562063
2021-01-01,28923.63,29600.0,28624.57,29331.69,54182.925011,1582526989.1618726,1314910.0,27455.801725,802247744.5451041
2021-01-02,29331.7,33300.0,28946.53,32178.33,129993.873362,4073842163.671541,2245922.0,67446.305246,2110334723.8871458
2021-01-03,32176.45,34778.11,31962.99,33000.05,120957.56675,4057598425.4920163,2369698.0,59750.332871,2004428433.9318461
2021-01-04,33000.05,33600.0,28130.0,31988.71,140899.88569,4429010349.695345,2642408.0,69088.46923,2173435409.016988
2021-01-05,31989.75,34360.0,29900.0,33949.53,116049.997038,3743617144.6469154,2526851.0,59691.754755,1927195093.6415496
2021-01-06,33949.53,36939.21,33288.0,36769.36,127139.20131,4431954248.519614,2591783.0,63052.914652,2199632470.221549
2021-01-07,36769.36,40365.0,36300.0,39432.28,132825.700437,5062569943.383371,2814686.0,65055.107136,2482583239.8564973
2021-01-08,39432.48,41950.0,36500.0,40582.81,139789.957499,5568443208.731365,2925632.0,67300.155216,2684975445.978905
2021-01-09,40586.96,41380.0,38720.0,40088.22,75785.979675,3054779029.1617765,1998156.0,37007.321909,1491990705.5516992
2021-01-10,40088.22,41350.0,35111.11,38150.02,118209.544503,4604034729.507071,2628050.0,55451.344673,2160976896.8280272
2021-01-11,38150.02,38264.74,30420.0,35404.47,251156.138287,8497730017.898506,4472957.0,123241.588782,4171891522.056786
2021-01-12,35410.37,36628.0,32531.0,34051.24,133948.151996,4651302423.484117,2674145.0,65098.310196,2261732478.8300514
2021-01-13,34049.15,37850.0,32380.0,37371.38,124477.914938,4322876606.419626,2514289.0,63981.038306,2222872691.371912
2021-01-14,37371.38,40100.0,36701.23,39144.5,102950.389421,3974826638.1450887,2297466.0,51264.467092,1979442593.0499995
2021-01-15,39145.21,39747.76,34408.0,36742.22,118300.920916,4371588898.681637,2560801.0,57738.03422,2133723812.7598622
2021-01-16,36737.43,37950.0,35357.8,35994.98,86348.431508,3178840336.1492844,2066363.0,42420.423736,1563160122.0113344
2021-01-17,35994.98,36852.5,33850.0,35828.61,80157.727384,2843103040.240664,1860642.0,39513.638561,1402648632.8512247
2021-01-18,35824.99,37469.83,34800.0,36631.27,70698.11875,2554843260.524399,1707766.0,35621.506048,1289347187.166529
2021-01-19,36622.46,37850.0,35844.06,35891.49,79611.307769,2935348499.344214,1939371.0,38704.68162,1428235709.8519692
2021-01-20,35901.94,36415.31,33400.0,35468.23,89368.422918,3126721093.5207763,2234539.0,42546.634077,1489289968.43647
2021-01-21,35468.23,35600.0,30071.0,30850.13,135004.076658,4386783586.504226,2881505.0,63256.210448,2057240516.6191926
2021-01-22,30851.99,33826.53,28850.0,32945.17,142971.684049,4483295872.022273,2707810.0,70150.188455,2201161570.4986706
2021-01-23,32950.0,33456.0,31390.16,32078.0,64595.287675,2089098295.7584367,1700056.0,32680.776128,1057114174.5522273
2021-01-24,32078.0,33071.0,30900.0,32259.9,57978.037966,1864609665.3657017,1528287.0,27826.119197,895721122.0169544
2021-01-25,32259.45,34875.0,31910.0,32254.2,88499.226921,2958759288.5635686,2106548.0,44489.524132,1488432034.4924214
2021-01-26,32254.19,32921.88,30837.37,32467.77,84972.20691,2708545364.4946413,2010392.0,42402.312917,1352678098.866321
2021-01-27,32464.01,32557.29,29241.72,30366.15,95911.961711,2958081421.641559,2065953.0,46664.381638,1440079785.1205118
2021-01-28,30362.19,33783.98,29842.1,33364.86,92621.145617,2953553214.065682,2060660.0,46067.782326,1468956156.4850712
2021-01-29,33368.18,38531.9,31915.4,34252.2,231827.005626,8195593336.228467,4403349.0,116537.247847,4121941033.6373253
2021-01-30,34246.28,34933.0,32825.0,34262.88,84889.68134,2884500062.9380784,2201040.0,42418.467099,1441981400.6536384
2021-01-31,34262.89,34342.69,32171.67,33092.98,68742.280384,2289641045.7580123,1707064.0,32480.447358,1082502551.5205712
2021-02-01,33092.97,34717.27,32296.16,33526.37,82718.276882,2791776658.0056057,1810492.0,41855.841486,1413158966.728098
2021-02-02,33517.09,35984.33,33418.0,35466.24,78056.65988,2716321896.3176084,1789672.0,39216.563106,1364790964.6368995
2021-02-03,35472.71,37662.63,35362.38,37618.87,80784.333663,2951232788.184305,1881740.0,39863.07506,1456248046.1419172
2021-02-04,37620.26,38708.27,36161.95,36936.66,92080.735898,3452669022.1532927,2211866.0,45516.21369,1707710013.8895385
2021-02-05,36936.65,38310.12,36570.0,38290.24,66681.334275,2509278291.7515864,1853253.0,32756.385031,1232713879.8381383
2021-02-06,38289.32,40955.51,38215.94,39186.94,98757.311183,3922095148.9281507,2291646.0,52015.513362,2065180747.347224
2021-02-07,39181.01,39700.0,37351.0,38795.69,84363.679763,3256521384.240611,1976357.0,40764.388959,1574482907.5639021
2021-02-08,38795.69,46794.45,37988.89,46374.87,138597.536914,5881536976.635699,3230961.0,72345.891568,3069313839.441136
2021-02-09,46374.86,48142.19,44961.09,46420.42,115499.861712,5386255398.017187,3119034.0,57429.564347,2679451036.4918036
2021-02-10,46420.42,47310.0,43727.0,44807.58,97154.1822,4431650130.251105,2891592.0,47971.985731,2190231238.817587
2021-02-11,44807.58,48678.9,43994.02,47969.51,89561.081454,4185630934.410895,2570949.0,46138.33674,2158335922.692323
2021-02-12,47968.66,48985.8,46125.0,47287.6,85870.035697,4080571908.9676614,2418841.0,41841.039135,1990472918.9285848
2021-02-13,47298.15,48150.0,46202.53,47153.69,63768.097399,3007710147.4181595,2058823.0,30996.309859,1462495399.9928117
2021-02-14,47156.78,49707.43,47014.17,48577.79,73735.475533,3584808348.8347325,2090070.0,38752.156681,1884009921.0628607
2021-02-15,48580.47,49010.92,45570.79,47911.1,79398.156784,3782219060.664722,2313155.0,38176.364661,1819251655.7814271
2021-02-16,47911.1,50689.18,47003.62,49133.45,88813.266298,4349983777.692368,2199849.0,45608.603838,2236524604.988356
2021-02-17,49133.45,52618.74,48947.0,52119.71,85743.637818,4365831514.815298,2514374.0,45055.446241,2294099235.2800226
2021-02-18,52117.67,52530.0,50901.9,51552.6,60758.046954,3149973077.487466,1891592.0,28893.358623,1498231635.8439088
2021-02-19,51552.61,56368.0,50710.2,55906.0,79659.77802,4251167827.6842465,2339215.0,40556.020246,2164871310.2239413
2021-02-20,55906.0,57700.46,53863.93,55841.19,80948.205314,4551890859.8512745,2642846.0,38636.066274,2172833878.4409647
2021-02-21,55841.19,58352.8,55477.59,57408.57,58166.708511,3317998263.3478894,1950533.0,29506.089085,1683107088.1573696
2021-02-22,57412.35,57508.47,47622.0,54087.67,134019.434944,7213386720.436798,3313083.0,63677.661979,3427217154.5209727
2021-02-23,54087.67,54183.59,44892.56,48891.0,169375.025051,8215839131.243385,3825196.0,82464.142992,4002195292.097356
2021-02-24,48891.0,51374.99,46988.69,49676.2,91881.209252,4574033001.379536,2194532.0,45750.714831,2278566606.1383467
2021-02-25,49676.21,52041.73,46674.34,47073.73,83310.673121,4152188728.141615,2305679.0,40610.664759,2026068517.6463618
2021-02-26,47073.73,48424.11,44106.78,46276.87,109423.200663,5086374532.734615,2371766.0,53626.904622,2494190193.252283
2021-02-27,46276.88,48394.0,45000.0,46106.43,66060.834292,3105897438.550972,1757720.0,31987.019647,1505012110.949598
2021-02-28,46103.67,46638.46,43000.0,45135.66,83055.369042,3708359965.4545813,1838345.0,40688.17185,1817797446.602381
2021-03-01,45134.11,49790.0,44950.53,49587.03,85086.111648,4057515794.8657284,2147223.0,42616.994361,2032566685.614307
2021-03-02,49595.76,50200.0,47047.6,48440.65,64221.06214,3120472069.909453,1855583.0,31377.038077,1525145370.1435206
2021-03-03,48436.61,52640.0,48100.71,50349.37,81035.913705,4109521257.5407004,2242131.0,40955.368399,2077586898.6782105
2021-03-04,50349.37,51773.88,47500.0,48374.09,82649.716829,4079837240.856762,2291936.0,40269.977888,1987955554.8048146
2021-03-05,48374.09,49448.93,46300.0,48751.71,78192.496372,3727133104.8373103,2054216.0,38318.310377,1827025012.2175493
2021-03-06,48746.81,49200.0,47070.0,48882.2,44399.234242,2143910705.2915032,1476474.0,21500.615617,1038365872.9799548
2021-03-07,48882.2,51450.03,48882.2,50971.75,55235.028032,2778875909.4491262,1758101.0,27885.596964,1402782879.7211535
2021-03-08,50959.11,52402.78,49274.67,52375.17,66987.359664,3400847931.036074,1999401.0,33595.42957,1706117798.1054995
2021-03-09,52375.18,54895.0,51789.41,54884.5,71656.737076,3861450964.6549034,2194398.0,35011.541086,1886844773.68463
2021-03-10,54874.67,57387.69,53005.0,55851.59,84749.238943,4700197563.359213,2647284.0,42651.887405,2366856292.8667717
2021-03-11,55851.59,58150.0,54272.82,57773.16,81914.812859,4612366201.00222,2509970.0,40603.449668,2288704819.0951066
2021-03-12,57773.15,58081.51,54962.84,57221.72,73405.406047,4162054726.378839,2489931.0,35802.941462,2030616300.4734313
2021-03-13,57221.72,61844.0,56078.23,61188.39,83245.091346,4933383453.245978,2559002.0,44387.231918,2631390814.772793
2021-03-14,61188.38,61724.79,58966.78,58968.31,52601.05275,3176397573.8846426,1829769.0,25325.26705,1530051005.3980403
2021-03-15,58976.08,60633.43,54600.0,55605.2,102771.427298,5874241052.093372,2683815.0,49825.438347,2848907086.6343694
2021-03-16,55605.2,56938.29,53271.34,56900.75,77986.694355,4304259207.6451,2241208.0,37825.501493,2088111362.5512383
2021-03-17,56900.74,58974.73,54123.69,58912.97,70421.620841,3960992972.154292,2204296.0,34778.745775,1957825522.6803286
2021-03-18,58912.97,60129.97,57023.0,57648.16,66580.406675,3900885761.212806,2040947.0,32287.379911,1892327691.3666964
2021-03-19,57641.0,59468.0,56270.74,58030.01,52392.652961,3052711147.934925,1885830.0,25552.511223,1489274083.2643423
2021-03-20,58030.01,59880.0,57820.17,58102.28,44476.941776,2616535093.051585,1724131.0,22212.446723,1307023993.1234434
2021-03-21,58100.02,58589.1,55450.11,57351.56,48564.470274,2774223129.62381,1773546.0,23648.941676,1350989191.2768385
2021-03-22,57351.56,58430.73,53650.0,54083.25,62581.626169,3527479514.325653,1927345.0,30749.059028,1733579080.5690005
2021-03-23,54083.25,55830.9,53000.0,54340.89,59789.365427,3264650774.8174615,1740349.0,29563.40974,1614722150.8192565
2021-03-24,54342.8,57200.0,51700.0,52303.65,83537.465021,4583159614.046461,2401988.0,39323.130067,2161386678.806821
2021-03-25,52303.66,53287.0,50427.56,51293.78,87400.534538,4536327184.95786,2099425.0,42947.397733,2229351569.587026
2021-03-26,51293.78,55073.46,51214.6,55025.59,63813.774692,3397036140.7516375,1773150.0,31822.545238,1694326043.3371158
2021-03-27,55025.59,56700.36,53950.0,55817.14,50105.475055,2767070175.861931,1528776.0,24739.948471,1365965317.2505236
2021-03-28,55817.14,56559.75,54691.84,55777.63,39050.387511,2178777329.4452167,1551283.0,19262.725935,1074959545.959009
2021-03-29,55777.65,58405.82,54800.01,57635.47,67857.937398,3877131109.734646,1983437.0,34373.804556,1963800173.6560595
2021-03-30,57635.46,59368.0,57071.35,58746.57,55122.443122,3221944107.4550304,1612744.0,27541.52668,1610812657.9299018
2021-03-31,58746.57,59800.0,56769.0,58740.55,60975.542666,3575976083.804576,1928224.0,31074.813187,1823822792.91045
2021-04-01,58739.46,59490.0,57935.45,58720.44,47415.61722,2789238879.9433737,1594431.0,22966.256736,1351151697.892222
2021-04-02,58720.45,60200.0,58428.57,58950.01,47382.418781,2811159761.2684674,1666356.0,23695.695154,1406393729.8307693
2021-04-03,58950.01,59791.72,56880.0,57051.94,47409.852113,2783151686.164537,1606805.0,23057.967017,1353960264.6219625
2021-04-04,57051.95,58492.85,56388.0,58202.01,41314.081973,2380139010.7302327,1499113.0,20609.134161,1187123542.5798833
2021-04-05,58202.01,59272.0,56777.77,59129.99,54258.01579,3155214764.1644855,2035877.0,27269.49269,1586344787.554169
2021-04-06,59129.99,59495.24,57413.02,57991.15,54201.000727,3166911557.1481576,1960513.0,26699.197872,1560539125.7780592
2021-04-07,57990.03,58655.0,55473.0,55953.45,71228.405659,4053294016.4845147,2206433.0,34737.582155,1977438033.9286299
2021-04-08,55953.44,58153.31,55700.0,58077.52,44283.147019,2531779682.552427,1661080.0,22161.69051,1267126859.4438906
2021-04-09,58077.52,58894.9,57654.0,58142.54,40831.884911,2378340697.289584,1615962.0,20354.234456,1185679367.9100363
2021-04-10,58142.55,61500.0,57900.01,59769.13,69906.424117,4197138552.4690337,2470398.0,36018.637566,2162858397.75344
2021-04-11,59769.13,60699.0,59232.52,60002.43,41156.715391,2462032926.6179814,1746102.0,20798.058779,1244349091.4434774
2021-04-12,59998.8,61300.0,59350.59,59860.0,56375.037117,3393042867.8714666,1806298.0,27645.201153,1664588823.4110289
2021-04-13,59860.01,63777.77,59805.15,63575.0,82848.688746,5154877375.389618,2703735.0,41662.533028,2592724448.3698506
2021-04-14,63575.01,64854.0,61301.0,62959.53,82616.343993,5239081228.156977,2645625.0,40070.377527,2542171083.4126883
2021-04-15,62959.53,63800.0,62020.0,63159.98,51649.70034,3248931738.293182,1938028.0,25628.168379,1612303095.2882545
2021-04-16,63158.74,63520.61,60000.0,61334.8,91764.139884,5647292669.615494,2639940.0,43570.023147,2680750914.504573
2021-04-17,61334.81,62506.05,59580.91,60006.66,58912.256128,3605701810.675047,2268816.0,28386.274106,1737722135.3795059
2021-04-18,60006.67,60499.0,50931.3,56150.01,124882.131824,6949379727.429154,3444089.0,59404.616809,3303953081.096218
2021-04-19,56150.01,57526.81,54221.58,55633.14,78229.042267,4398619580.647143,2390527.0,38362.384979,2156617047.238732
2021-04-20,55633.14,57076.24,53329.96,56425.0,72744.482151,4037701391.6195264,2148820.0,35519.589727,1971916967.5849755
2021-04-21,56425.0,56757.91,53536.02,53787.63,66984.756909,3704549578.6973033,2134946.0,32188.929493,1780065583.272094
2021-04-22,53787.62,55521.48,50500.0,51690.96,104656.631337,5594983857.318092,2744621.0,50550.77147,2703745286.3887057
2021-04-23,51690.95,52131.85,47500.0,51125.14,132230.780719,6571097317.467918,2888237.0,63769.621253,3170392794.0548844
2021-04-24,51110.56,51166.22,48657.14,50047.84,55361.512573,2762081002.878663,1164985.0,26782.233007,1336607709.8567977
2021-04-25,50047.84,50567.91,46930.0,49066.77,58255.645004,2867858315.1873198,1475479.0,27767.331394,1367920871.5281665
2021-04-26,49066.76,54356.62,48753.44,54001.39,86310.802124,4555688503.3973875,2174544.0,43183.936749,2277375506.8553133
2021-04-27,54001.38,55460.0,53222.0,55011.97,54064.034675,2949719328.3669896,1568666.0,25631.074629,1398731801.1763363
2021-04-28,55011.97,56428.0,53813.16,54846.22,55130.459015,3020242787.5066776,1830042.0,26762.033422,1466278915.015322
2021-04-29,54846.23,55195.84,52330.94,53555.0,52486.019455,2823220335.4760413,1763676.0,25339.743902,1362821167.9325395
2021-04-30,53555.0,57963.0,53013.01,57694.27,68578.910045,3808187372.7393794,2267648.0,35634.129087,1978866536.224178
2021-05-01,57697.25,58458.07,56956.14,57800.37,42600.351836,2460342954.8425207,1743013.0,20574.810226,1188354972.0137234
2021-05-02,57797.35,57911.02,56035.25,56578.21,36812.878863,2089763230.439627,1371638.0,18172.891836,1031569632.4391578
2021-05-03,56578.21,58981.44,56435.0,57169.39,57649.931286,3337604542.627381,2102128.0,28536.055533,1652286174.1582646
2021-05-04,57169.39,57200.0,53046.69,53200.01,85324.625903,4705402064.300975,2492629.0,41029.688246,2262794503.8147497
2021-05-05,53205.05,58069.82,52900.0,57436.11,77263.923439,4327994296.151437,2378119.0,38729.475016,2170539511.7772765
2021-05-06,57436.11,58360.0,55200.0,56393.68,70181.671908,3992289527.7370973,2459881.0,34248.899643,1949210281.6920164
2021-05-07,56393.68,58650.0,55241.63,57314.75,74542.747829,4239374487.4747725,2361692.0,36877.602566,2097609397.229757
2021-05-08,57315.49,59500.0,56900.0,58862.05,69709.906028,4079553831.9880643,2311378.0,34329.699156,2009442622.5889053
2021-05-09,58866.53,59300.0,56235.66,58240.84,69806.11991,4043552701.5065985,2170139.0,34301.050457,1987959541.940182
2021-05-10,58240.83,59500.0,53400.0,55816.14,89586.34925,5131782639.966137,2575419.0,43057.977029,2468201497.9675717
2021-05-11,55816.14,56862.43,54370.0,56670.02,64329.54055,3583030654.763019,1911480.0,30880.828339,1720075588.2236335
2021-05-12,56670.02,58000.01,48600.0,49631.32,99842.789836,5476115093.110468,2676826.0,48299.826001,2654897646.092577
2021-05-13,49537.15,51367.19,46000.0,49670.97,147332.002121,7303694688.601401,3570506.0,71742.003359,3558735468.0045953
2021-05-14,49671.92,51483.0,48799.75,49841.45,80082.204306,4015904915.407911,2095860.0,37184.128863,1864162620.5027146
2021-05-15,49844.16,50700.0,46555.0,46762.99,89437.449359,4350775846.517358,2286791.0,42257.918463,2056302844.861021
2021-05-16,46762.99,49795.89,43825.39,46431.5,114269.812775,5367497608.115901,2661295.0,53797.590877,2528671396.1080194
2021-05-17,46426.83,46686.0,42001.0,43538.04,166657.172736,7346755531.933858,3216821.0,80610.146581,3555755756.3229218
2021-05-18,43538.02,45799.29,42250.02,42849.78,116979.860784,5146670282.547902,2561165.0,55703.00041,2450848779.21598
2021-05-19,42849.78,43584.9,30000.0,36690.09,354347.243161,13477694934.871798,6331062.0,168271.347308,6410032516.523526
2021-05-20,36671.23,42451.67,34850.0,40526.64,203017.596923,8019897067.17622,4269898.0,100167.126413,3959645913.2324944
2021-05-21,40525.39,42200.0,33488.0,37252.01,202100.888258,7713346610.274129,3993336.0,94002.431409,3591749386.78765
2021-05-22,37263.35,38829.0,35200.62,37449.73,126542.243689,4730567647.674401,2716691.0,63310.452012,2367081500.530058
2021-05-23,37458.51,38270.64,31111.01,34655.25,217136.046593,7431242463.203842,4082004.0,104637.659409,3584259319.7463818
2021-05-24,34681.44,39920.0,34031.0,38796.29,161630.893971,5996773032.151345,3510578.0,81584.825314,3031032098.518881
2021-05-25,38810.99,39791.77,36419.62,38324.72,111996.228404,4253519579.378729,2508310.0,54153.536814,2057463609.950911
2021-05-26,38324.72,40841.0,37800.44,39241.91,104780.773396,4113717505.2635546,2432319.0,50485.076994,1983423341.5599248
2021-05-27,39241.92,40411.14,37134.27,38529.98,86547.158794,3361413526.0535436,2102182.0,42256.012801,1641681553.5291371
2021-05-28,38529.99,38877.83,34684.0,35663.49,135377.62972,4926260941.933614,2659178.0,64327.281853,2341060689.073459
2021-05-29,35661.79,37338.58,33632.76,34605.15,112663.092689,3949843335.322595,2169643.0,54284.199652,1904345668.7790062
2021-05-30,34605.15,36488.0,33379.0,35641.27,73535.386967,2601994948.148242,1559892.0,37406.813903,1324617922.554574
2021-05-31,35641.26,37499.0,34153.84,37253.81,94160.735289,3406047734.8311286,1896359.0,46337.932504,1677796724.0573616
2021-06-01,37253.82,37894.81,35666.0,36693.09,81234.66377,2973928300.375587,1760417.0,40291.834851,1475008291.2336473
2021-06-02,36694.85,38225.0,35920.0,37568.68,67587.372495,2523462575.6884375,1530915.0,34328.496287,1281854474.9120827
2021-06-03,37568.68,39476.0,37170.0,39246.79,75889.106011,2930945325.709207,1949658.0,38664.297849,1493504667.613802
2021-06-04,39246.78,39289.07,35555.15,36829.0,91317.799245,3379399754.9305224,1926311.0,43105.97173,1595098152.9668267
2021-06-05,36829.15,37925.0,34800.0,35513.2,70459.62149,2560547116.8364058,1463754.0,34397.77436,1249708171.2723916
2021-06-06,35516.07,36480.0,35222.0,35796.31,47650.206637,1711857075.0471697,993430.0,23661.260636,850204250.7625557
2021-06-07,35796.31,36900.0,33300.0,33552.79,77574.952573,2755673601.713914,1532260.0,36431.560586,1295757611.708646
2021-06-08,33556.96,34068.01,31000.0,33380.81,123251.189037,4030784324.609684,2074885.0,60095.990201,1966354847.5691981
2021-06-09,33380.8,37534.79,32396.82,37388.05,136607.597517,4794741674.438823,2601479.0,68790.289265,2415789675.0859303
2021-06-10,37388.05,38491.0,35782.0,36675.72,109527.284943,4062957162.3643,2231430.0,53639.424022,1990486079.2177145
2021-06-11,36677.83,37680.4,35936.77,37331.98,78466.0053,2903043643.310072,1727645.0,39406.719224,1458619433.2768435
2021-06-12,37331.98,37463.63,34600.36,35546.11,87717.54999,3132387326.5375137,1719650.0,42571.205313,1520432734.299909
2021-06-13,35546.12,39380.0,34757.0,39020.57,86921.025555,3208991521.63768,1894103.0,45675.273616,1688611358.4117024
2021-06-14,39020.56,41064.05,38730.0,40516.29,108522.391949,4320307646.765389,2185089.0,53645.908744,2135285912.6205053
2021-06-15,40516.28,41330.0,39506.4,40144.04,80679.622838,3247746713.62741,1931890.0,39428.829726,1587381565.815413
2021-06-16,40143.8,40527.14,38116.01,38349.01,87771.976937,3450556041.6005836,2134897.0,42137.242251,1657135674.8230214
2021-06-17,38349.0,39559.88,37365.0,38092.97,79541.307119,3065622530.039886,1620210.0,37936.812673,1462729677.1158257
2021-06-18,38092.97,38202.84,35129.29,35819.84,95228.042935,3507868126.3062024,1809253.0,44824.436567,1651613641.3868167
2021-06-19,35820.48,36457.0,34803.52,35483.72,68712.449461,2453817534.777169,1212278.0,33788.293345,1207082481.7647178
2021-06-20,35483.72,36137.72,33336.0,35600.16,89878.17085,3124634336.8407607,1691871.0,44194.067387,1537385055.4929118
2021-06-21,35600.17,35750.0,31251.23,31608.93,168778.873159,5545926077.788067,2688993.0,81297.469751,2671033140.1889787
2021-06-22,31614.12,33298.78,28805.0,32509.56,204208.179762,6406159197.076789,3113977.0,99149.182266,3115465362.9670815
2021-06-23,32509.56,34881.0,31683.0,33678.07,126966.100563,4282250433.919445,2026228.0,63340.033137,2136458765.586804
2021-06-24,33675.07,35298.0,32286.57,34663.09,86625.80426,2925373222.105977,1531230.0,43994.708298,1486960778.326773
2021-06-25,34663.08,35500.0,31275.0,31584.45,116061.130356,3846120542.6572967,2094932.0,55656.156252,1846078278.3047829
2021-06-26,31576.09,32730.0,30151.0,32283.65,107820.375287,3376415451.793124,1814051.0,52978.159256,1659918820.240478
2021-06-27,32283.65,34749.0,31973.45,34700.34,96613.244211,3199980157.7503333,1799875.0,48772.52918,1616348030.4826243
2021-06-28,34702.49,35297.71,33862.72,34494.89,82222.267819,2837122779.5244017,1868627.0,40552.29218,1399861431.1646347
2021-06-29,34494.89,36600.0,34225.43,35911.73,90788.79622,3233947791.8633885,1673802.0,45376.587629,1616093004.8521647
2021-06-30,35911.72,36100.0,34017.55,35045.0,77152.197634,2688939291.095673,1301036.0,37035.769674,1290873346.2241623
2021-07-01,35045.0,35057.57,32711.0,33504.69,71708.266112,2410809595.390457,1240681.0,34986.055016,1176002216.565681
2021-07-02,33502.33,33977.04,32699.0,33786.55,56172.181378,1870193042.393537,1176457.0,27271.658005,908203511.3411496
2021-07-03,33786.54,34945.61,33316.73,34669.13,43044.578641,1478423023.503483,1078278.0,21331.875045,732586226.4725718
2021-07-04,34669.12,35967.85,34357.15,35286.51,43703.475789,1544458212.3926332,1164970.0,21180.335069,748187394.2395809
2021-07-05,35288.13,35293.78,33125.55,33690.14,64123.874245,2183406257.4938293,1109367.0,31489.855372,1071967415.425311
2021-07-06,33690.15,35118.88,33532.0,34220.01,58210.596349,1991691100.9482658,1184687.0,27801.954493,951269024.0379497
2021-07-07,34220.02,35059.09,33777.77,33862.12,53807.521675,1857658028.480804,1041416.0,27294.923927,941984587.9756222
2021-07-08,33862.11,33929.64,32077.0,32875.71,70136.48032,2304973020.298715,1257892.0,35104.655225,1152928339.821843
2021-07-09,32875.71,34100.0,32261.07,33815.81,47153.939899,1562958239.3913763,1236351.0,23660.068601,784288611.1325287
2021-07-10,33815.81,34262.0,33004.78,33502.87,34761.175468,1171790111.0829954,865508.0,17012.759197,573638406.5470238
2021-07-11,33502.87,34666.0,33306.47,34258.99,31572.647448,1070033013.1920449,952891.0,16434.537508,557336788.6966077
2021-07-12,34259.0,34678.43,32658.34,33086.63,48181.403762,1620646741.3349633,1176847.0,22602.907306,759877911.0350466
2021-07-13,33086.94,33340.0,32202.25,32729.77,41126.361008,1348583017.010343,956053.0,19588.278507,642576716.6041436
2021-07-14,32729.12,33114.03,31550.0,32820.02,46777.823484,1515692074.9875476,1123129.0,22516.485719,730009068.0708964
2021-07-15,32820.03,33185.25,31133.0,31880.0,51639.576353,1652077965.43656,1099367.0,24866.405787,795831015.696149
2021-07-16,31874.49,32249.18,31020.0,31383.87,48499.864154,1538342711.5796566,1067591.0,23963.744568,760274744.5520707
2021-07-17,31383.86,31955.92,31164.31,31520.07,34012.242132,1072815966.3363075,883442.0,16649.051308,525240023.82137984
2021-07-18,31520.07,32435.0,31108.97,31778.56,35923.716186,1140964365.6466014,760979.0,17554.182653,557709781.1191803
2021-07-19,31778.57,31899.0,30407.44,30839.65,47340.468499,1470563281.936503,846029.0,22709.510045,705480091.1446748
2021-07-20,30839.65,31063.07,29278.0,29790.35,61034.049017,1821230700.020391,1062139.0,28424.82505,847855259.1399382
2021-07-21,29790.34,32858.0,29482.61,32144.51,82796.265128,2603140706.0822244,1415058.0,42584.672219,1338356405.5419319
2021-07-22,32144.51,32591.35,31708.0,32287.83,46148.092433,1482763544.9505365,1000742.0,23274.512805,747848528.8767201
2021-07-23,32287.58,33650.0,31924.32,33634.09,50112.863626,1631947003.0730467,1394786.0,25018.977079,815391041.1933738
2021-07-24,33634.1,34500.0,33401.14,34258.14,47977.550138,1625046258.4365523,1196914.0,23937.617814,810983258.0424594
2021-07-25,34261.51,35398.0,33851.12,35381.02,47852.928313,1646935552.8055446,1245775.0,24632.1493,848320775.42419
2021-07-26,35381.02,40550.0,35205.78,37237.6,152452.512724,5832475057.065677,3330102.0,77191.346075,2953296773.15355
2021-07-27,37241.33,39542.61,36383.0,39457.87,88397.267015,3335658261.995547,1938478.0,45137.303439,1703810516.3378596
2021-07-28,39456.61,40900.0,38772.0,40019.56,101344.528441,4040889461.6615276,2631048.0,49019.136276,1954994215.0046122
2021-07-29,40019.57,40640.0,39200.0,40016.48,53998.439283,2154190697.3453183,1428738.0,26700.926244,1065505374.5052506
2021-07-30,40018.49,42316.71,38313.23,42206.37,73602.784805,2939833541.3815365,1797012.0,37730.426862,1509172746.2039788
2021-07-31,42206.36,42448.0,41000.15,41461.83,44849.791012,1868285510.8846788,1565380.0,22844.24505,951887855.6214969
2021-08-01,41461.84,42599.0,39422.01,39845.44,53953.186326,2227567271.4878654,1603964.0,25796.753795,1066579608.8398235
2021-08-02,39850.27,40480.01,38690.0,39147.82,50837.351954,2010928003.5944088,1162878.0,24558.005343,971596720.9467593
2021-08-03,39146.86,39780.0,37642.03,38207.05,57117.435853,2195360658.567329,1379871.0,27683.466598,1064118781.8498573
2021-08-04,38207.04,39969.66,37508.56,39723.18,52329.35243,2028792778.1848047,1220555.0,26804.211169,1039347051.5555266
2021-08-05,39723.17,41350.0,37332.7,40862.46,84343.755621,3314527738.339733,1913281.0,41673.129081,1638359889.802016
2021-08-06,40862.46,43392.43,39853.86,42836.87,75753.941347,3148022459.9161587,2223356.0,38278.004758,1591634314.1008012
2021-08-07,42836.87,44700.0,42446.41,44572.54,73396.740808,3197407326.036793,2258213.0,37355.623845,1627865923.8789735
2021-08-08,44572.54,45310.0,43261.0,43794.37,69329.092698,3074924734.87934,1857112.0,34099.15066,1512451140.3989158
2021-08-09,43794.36,46454.15,42779.0,46253.4,74587.884845,3362870286.258118,2130595.0,38464.60543,1735618666.8181322
2021-08-10,46248.87,46700.0,44589.46,45584.99,53814.643421,2452485823.9336543,1951330.0,26592.369314,1212338434.7318356
2021-08-11,45585.0,46743.47,45341.14,45511.0,52734.901977,2432788769.8326964,1862925.0,27064.393843,1248929298.8285875
2021-08-12,45510.67,46218.12,43770.0,44399.0,55266.108781,2478758524.8641763,1623329.0,26765.08804,1200329050.573911
2021-08-13,44400.06,47886.0,44217.39,47800.0,48239.370431,2239435701.1177917,1804716.0,25367.988236,1177391788.09299
2021-08-14,47799.99,48144.0,45971.03,47068.51,46114.359022,2166461458.668249,1849556.0,22999.528519,1080741765.6874592
2021-08-15,47068.5,47372.27,45500.0,46973.82,42110.711334,1950753713.2121248,1580122.0,21129.919776,979120004.2028339
2021-08-16,46973.82,48053.83,45660.0,45901.29,52480.574014,2462127629.6090236,1655378.0,25847.872438,1213162181.6654189
2021-08-17,45901.3,47160.0,44376.0,44695.95,57039.341629,2616339597.9157424,1781303.0,27320.261808,1253906922.5820968
2021-08-18,44695.95,46000.0,44203.28,44705.29,54099.415985,2439673265.947117,1656723.0,28538.223727,1286718404.7064972
2021-08-19,44699.37,47033.0,43927.7,46760.62,53411.75392,2416320067.133769,1774382.0,27193.50515,1230827552.4101412
2021-08-20,46760.62,49382.99,46622.99,49322.47,56850.352228,2721131744.2778172,1950404.0,29725.885112,1422944576.3472955
2021-08-21,49322.47,49757.04,48222.0,48821.87,46745.136584,2290966131.376161,2069725.0,23119.673786,1133342367.7445276
2021-08-22,48821.88,49500.0,48050.0,49239.22,37007.887795,1807169840.1691713,1610192.0,18587.877552,907708162.1109709
2021-08-23,49239.22,50500.0,49029.0,49488.85,52462.541954,2616721363.685172,2143309.0,26218.97512,1307817635.390983
2021-08-24,49488.85,49860.0,47600.0,47674.01,51014.594748,2486079315.5644236,1692896.0,24702.923443,1203899649.6998262
2021-08-25,47674.01,49264.3,47126.28,48973.32,44655.830342,2149442271.5264206,1559186.0,21796.877672,1049712097.3482182
2021-08-26,48973.32,49352.84,46250.0,46843.87,49371.277774,2333900030.229628,1532753.0,23686.563496,1120008931.619874
2021-08-27,46843.86,49149.93,46348.0,49069.9,42068.104965,2007071230.219995,1320503.0,21727.05079,1036769755.559603
2021-08-28,49069.9,49299.0,48346.88,48895.35,26681.063786,1303966035.7705495,793012.0,13895.763677,679193791.5995204
2021-08-29,48895.35,49632.27,47762.54,48767.83,32652.283473,1588661416.3603797,1193046.0,16157.043096,786599088.6916698
2021-08-30,48767.84,48888.61,46853.0,46982.91,40288.35083,1932344430.923926,1204012.0,19637.84056,942218565.0215595
2021-08-31,46982.91,48246.11,46700.0,47100.89,48645.52737,2303799571.3822727,1300400.0,24426.21235,1156878830.6908386
2021-09-01,47100.89,49156.0,46512.0,48810.52,49904.65528,2386074445.415852,1280384.0,25102.36864,1200480555.049387
2021-09-02,48810.51,50450.13,48584.06,49246.64,54410.770538,2704192314.674689,1549849.0,28351.807225,1409412062.219681
2021-09-03,49246.63,51000.0,48316.84,49999.14,59025.644157,2949574478.071738,1645163.0,29625.443383,1481238133.394633
2021-09-04,49998.0,50535.69,49370.0,49915.64,34664.65959,1733527136.4442587,1225830.0,16739.70385,837225473.735276
2021-09-05,49917.54,51900.0,49450.0,51756.88,40544.835873,2049212025.844659,1417660.0,21557.235864,1090239906.6856637
2021-09-06,51756.88,52780.0,50969.33,52663.9,49249.667081,2549290983.0568776,1678015.0,24620.352525,1274643403.547947
2021-09-07,52666.2,52920.0,42843.05,46863.73,123048.802719,6004105772.870442,3321711.0,57935.601976,2832268574.038726
2021-09-08,46868.57,47340.99,44412.02,46048.31,65069.3152,3000605793.9389606,1796101.0,31796.7476,1466544608.2678735
2021-09-09,46048.31,47399.97,45513.08,46395.14,50651.66002,2351862983.5182414,1567586.0,24183.38803,1122994690.9093316
2021-09-10,46395.14,47033.0,44132.29,44850.91,49048.26618,2243698626.0395164,1569941.0,24358.59799,1114490733.8792434
2021-09-11,44842.2,45987.93,44722.22,45173.69,30440.4081,1380370764.0127168,1060890.0,14804.3426,671123069.5623685
2021-09-12,45173.68,46460.0,44742.06,46025.24,32094.28052,1464780920.2199812,1179808.0,15735.45104,718436012.7588656
2021-09-13,46025.23,46880.0,43370.0,44940.73,65429.15056,2930668118.2616343,1703512.0,32041.05972,1435586958.7798681
2021-09-14,44940.72,47250.0,44594.44,47111.52,44855.85099,2072259519.0619197,1210258.0,22182.46649,1025156547.7189184
2021-09-15,47103.28,48500.0,46682.32,48121.41,43204.71174,2056996398.8439617,1176050.0,20903.53535,995198313.7474111
2021-09-16,48121.4,48557.0,47021.1,47737.82,40725.08895,1948447232.9107177,1176129.0,19907.79151,952502982.8119017
2021-09-17,47737.81,48150.0,46699.56,47299.98,34461.92776,1637122049.4128377,1033968.0,16599.46162,788563444.4133477
2021-09-18,47299.98,48843.2,47035.56,48292.74,30906.47038,1491461627.9514225,976346.0,15219.90487,734476256.0995072
2021-09-19,48292.75,48372.83,46829.18,47241.75,29847.24349,1421642879.4932063,909785.0,14346.79979,683249734.0721828
2021-09-20,47241.75,47347.25,42500.0,43015.62,78003.524443,3457139274.300071,1842231.0,36108.362951,1600107748.5660272
2021-09-21,43016.64,43639.0,39600.0,40734.38,84534.080485,3551997786.6903553,1820721.0,38942.74356,1637800328.5038831
2021-09-22,40734.09,44000.55,40565.39,43543.61,58349.05542,2482639471.907596,1304011.0,29321.5066,1248027083.190341
2021-09-23,43546.37,44978.0,43069.09,44865.26,48699.57655,2147211305.482089,1196106.0,24503.00365,1080404499.5649571
2021-09-24,44865.26,45200.0,40675.0,42810.57,84113.426292,3596718231.0505486,1819744.0,41952.776582,1794510963.7797813
2021-09-25,42810.58,42966.84,41646.28,42670.64,33594.57189,1428238748.2095258,949787.0,16555.7295,703947971.383276
2021-09-26,42670.63,43950.0,40750.0,43160.9,49879.99765,2124657079.2797766,1374145.0,24762.74447,1055225792.1285858
2021-09-27,43160.9,44350.0,42098.0,42147.35,39776.84383,1728912299.8034244,1001487.0,19307.85346,839585982.3907081
2021-09-28,42147.35,42787.38,40888.0,41026.54,43372.2624,1816305387.8388581,1045389.0,20710.0903,867306872.2124455
2021-09-29,41025.01,42590.0,40753.88,41524.28,33511.53487,1399625476.0563762,884909.0,16338.4266,682466342.7870586
2021-09-30,41524.29,44141.37,41410.17,43824.1,46381.22781,2005486003.5646772,1197815.0,23348.93974,1009687948.2258337
2021-10-01,43820.01,48495.0,43283.03,48141.61,66244.87492,3076094886.592474,1771237.0,34156.88321,1585411525.337827
2021-10-02,48141.6,48336.59,47430.18,47634.9,30508.98131,1459064880.5324447,996116.0,15180.50362,726007609.1562026
2021-10-03,47634.89,49228.08,47088.0,48200.01,30825.05601,1482764462.1905775,1114294.0,15426.81514,742443046.4075491
2021-10-04,48200.01,49536.12,46891.0,49224.94,46796.49372,2258464361.1263566,1437692.0,23032.4914,1112232800.7886517
2021-10-05,49224.93,51886.3,49022.4,51471.99,52125.66793,2618101829.0177226,1641651.0,26687.41046,1341045872.9987288
2021-10-06,51471.99,55750.0,50382.41,55315.0,79877.545181,4236927265.381522,2443126.0,40664.027517,2158326113.6632404
2021-10-07,55315.0,55332.31,53357.0,53785.22,54917.37766,2983143121.088643,1703147.0,26485.89849,1438826617.038987
2021-10-08,53785.22,56100.0,53617.61,53951.43,46160.25785,2522087625.0940795,1548832.0,22643.19334,1237799956.8681743
2021-10-09,53955.67,55489.0,53661.67,54949.72,55177.08013,3024862790.6955924,1609483.0,27686.74749,1518044340.2089689
2021-10-10,54949.72,56561.31,54080.0,54659.0,89237.836128,4923958325.389876,2427176.0,44656.915748,2464422246.842279
2021-10-11,54659.01,57839.04,54415.06,57471.35,52933.165751,2994673617.7236485,1690409.0,26858.829013,1519825843.1170495
2021-10-12,57471.35,57680.0,53879.0,55996.93,53471.2855,3017210682.8859496,1554412.0,26157.44247,1477084242.54916
2021-10-13,55996.91,57777.0,54167.19,57367.0,55808.44492,3123307687.477303,1610489.0,27985.13207,1566812325.67564
2021-10-14,57370.83,58532.54,56818.05,57347.94,43053.336781,2481915791.591235,1372048.0,21940.264979,1265138476.8655941
2021-10-15,57347.94,62933.0,56850.0,61672.42,82512.908022,4959389368.726733,2649137.0,43913.676331,2638969873.669803
2021-10-16,61672.42,62378.42,60150.0,60875.57,35467.88096,2173374058.808911,1360379.0,17286.46284,1059536457.6160173
2021-10-17,60875.57,61718.39,58963.0,61528.33,39099.24124,2371696294.7973056,1331655.0,19289.94298,1170524004.7692945
2021-10-18,61528.32,62695.78,59844.45,62009.84,51798.44844,3195091233.4205527,1629184.0,25859.08539,1595447836.139042
2021-10-19,62005.6,64486.0,61322.22,64280.59,53628.107744,3370863940.269437,1755708.0,27436.545484,1724665979.8435092
2021-10-20,64280.59,67000.0,63481.4,66001.41,51428.934856,3362878816.4045925,1823286.0,27623.990526,1806653764.6708326
2021-10-21,66001.4,66639.74,62000.0,62193.15,68538.64537,4407757970.879756,2181665.0,32008.51421,2060110973.8058941
2021-10-22,62193.15,63732.39,60000.0,60688.22,52119.35886,3229377744.3114257,1555280.0,25440.69118,1576807744.195897
2021-10-23,60688.23,61747.64,59562.15,61286.75,27626.93678,1686121722.2187824,982103.0,13352.56908,815306581.3357304
2021-10-24,61286.75,61500.0,59510.63,60852.22,31226.57676,1889694558.9504948,1052085.0,15682.1686,949151331.8623388
2021-10-25,60852.22,63710.63,60650.0,63078.78,36853.83806,2309339650.1093802,1270453.0,18577.25472,1164150305.9348185
2021-10-26,63078.78,63293.48,59817.55,60328.81,40217.50083,2492606133.3189454,1334460.0,18699.28475,1160289812.695996
2021-10-27,60328.81,61496.0,58000.0,58413.44,62124.49016,3688306192.972418,1913083.0,29983.43122,1780494793.5603175
2021-10-28,58413.44,62499.0,57820.0,60575.89,61056.35301,3677629851.0596066,1878275.0,30447.44205,1835335717.8149135
2021-10-29,60575.9,62980.0,60174.81,62253.71,43973.90414,2706090987.3096256,1417344.0,22262.86881,1370325591.0001447
2021-10-30,62253.7,62359.25,60673.0,61859.19,31478.12566,1937860260.4380624,1197748.0,15583.51105,959369103.6133327
2021-10-31,61859.19,62405.3,59945.36,61299.8,39267.63794,2396556477.343494,1563417.0,19362.08206,1181449065.6191804
2021-11-01,61299.81,62437.74,59405.0,60911.11,44687.66672,2737282804.738131,1472636.0,22139.95506,1356676790.5772645
2021-11-02,60911.12,64270.0,60624.68,63219.99,46368.2841,2909221038.40065,1858362.0,23852.14282,1496448016.5988712
2021-11-03,63220.57,63500.0,60382.76,62896.48,43336.09049,2713389500.4663587,1601925.0,20662.34777,1294306441.66844
2021-11-04,62896.49,63086.31,60677.01,61395.01,35930.93314,2218138026.7045407,1346081.0,17843.38035,1101751566.3843453
2021-11-05,61395.01,62595.72,60721.0,60937.12,31604.48749,1943346371.470386,1243074.0,15769.15494,969780612.6853931
2021-11-06,60940.18,61560.49,60050.0,61470.61,25590.57408,1556774943.5537283,965309.0,12511.52761,761294376.4716995
2021-11-07,61470.62,63286.35,61322.78,63273.59,25515.6883,1585744720.199772,1068629.0,13567.09782,843384435.4409548
2021-11-08,63273.58,67789.0,63273.58,67525.83,54442.094554,3575716171.0442996,2349581.0,28879.186436,1897321249.827841
2021-11-09,67525.82,68524.25,66222.4,66947.66,44661.378068,3014326962.087268,1847655.0,22243.236452,1501548663.7926426
2021-11-10,66947.67,69000.0,62822.9,64882.43,65171.504046,4335575752.805223,2347934.0,31344.743321,2088305177.7774785
2021-11-11,64882.42,65600.07,64100.0,64774.26,37237.98058,2415537333.57771,1327827.0,18589.51479,1205890453.6044016
2021-11-12,64774.25,65450.7,62278.0,64122.23,44490.10816,2844286547.5040407,1479149.0,21028.45541,1344883879.1387346
2021-11-13,64122.22,65000.0,63360.22,64380.0,22504.97383,1442441613.5983925,904149.0,11094.05209,711146514.0645869
2021-11-14,64380.01,65550.51,63576.27,65519.1,25705.07347,1658473781.2937696,951393.0,12629.83414,815039550.9471319
2021-11-15,65519.11,66401.82,63400.0,63606.74,37829.37124,2460915922.8761277,1305209.0,19160.47382,1247275595.4355905
2021-11-16,63606.73,63617.31,58574.07,60058.87,77455.15609,4705744041.299647,2353681.0,36375.32415,2209839153.3697233
2021-11-17,60058.87,60840.23,58373.0,60344.87,46289.38491,2767802055.200423,1471305.0,22545.24375,1348537946.9526918
2021-11-18,60344.86,60976.0,56474.26,56891.62,62146.99931,3644824179.1448526,1960419.0,29742.20507,1745202989.742389
2021-11-19,56891.62,58320.0,55600.0,58052.24,50715.88726,2896189975.910774,1560459.0,24072.28575,1374771758.2367315
2021-11-20,58057.1,59845.0,57353.0,59707.51,33811.5901,1982718831.1570773,1200190.0,16682.28087,978340154.0756932
2021-11-21,59707.52,60029.76,58486.65,58622.02,31902.22785,1886578154.5167086,1249219.0,14949.12309,884084155.7068344
2021-11-22,58617.7,59444.0,55610.0,56247.18,51724.32047,2968622334.1376567,1624768.0,24834.9816,1425668562.2116647
2021-11-23,56243.83,58009.99,55317.0,57541.27,49917.85017,2837210673.4885187,1570845.0,25217.65003,1433171468.6668608
2021-11-24,57541.26,57735.0,55837.0,57138.29,39612.04964,2246374244.330568,1432991.0,19625.09659,1113184375.6794689
2021-11-25,57138.29,59398.9,57000.0,58960.36,42153.51522,2455658857.700593,1604266.0,21112.80397,1230022891.7300947
2021-11-26,58960.37,59150.0,53500.0,53726.53,65927.87066,3649353860.4295664,2138184.0,31287.4699,1731974879.8668964
2021-11-27,53723.72,55280.0,53610.0,54721.03,29716.99957,1623173123.4917316,1110145.0,14462.93801,790191540.9148489
2021-11-28,54716.47,57445.05,53256.64,57274.88,36163.7137,1982198373.532835,1253408.0,18520.69985,1016073216.5947642
2021-11-29,57274.89,58865.97,56666.67,57776.25,40125.28009,2313371348.113543,1349625.0,19520.25038,1125240984.5522516
2021-11-30,57776.25,59176.99,55875.55,56950.56,49161.05194,2823644073.021905,1587472.0,23867.80287,1371720422.255628
2021-12-01,56950.56,59053.55,56458.01,57184.07,44956.63656,2584928714.0757422,1442301.0,21501.29463,1236414404.9088528
2021-12-02,57184.07,57375.47,55777.77,56480.34,37574.05976,2127110102.1073096,1307890.0,18375.47518,1040366894.5501271
2021-12-03,56484.26,57600.0,51680.0,53601.05,58927.69027,3246198505.9468513,1865063.0,27287.25751,1505556556.1578631
2021-12-04,53601.05,53859.1,42000.3,49152.47,114203.373748,5495712061.978532,3362771.0,52876.55238,2544632557.496252
2021-12-05,49152.46,49699.05,47727.21,49396.33,45580.82012,2231486105.8439116,1371839.0,22420.90324,1097785758.5909762
2021-12-06,49396.32,50891.11,47100.0,50441.92,58571.21575,2851528919.1795363,1741956.0,28820.34753,1403464676.8850937
2021-12-07,50441.91,51936.33,50039.74,50588.95,38253.46877,1950573500.2086658,1212350.0,18679.11099,952551067.6259857
2021-12-08,50588.95,51200.0,48600.0,50471.19,38425.92466,1925458787.1147523,1118225.0,18126.84362,908410692.2460091
2021-12-09,50471.19,50797.76,47320.0,47545.59,37692.68665,1841474998.89511,1130599.0,18097.0596,884082539.7047912
2021-12-10,47535.9,50125.0,46852.0,47140.54,44233.57391,2135023722.8531513,1215231.0,21143.96129,1020995576.3025669
2021-12-11,47140.54,49485.71,46751.0,49389.99,28889.19358,1397524635.581402,957390.0,14452.26806,699251597.8052382
2021-12-12,49389.99,50777.0,48638.0,50053.9,26017.93421,1292315883.6245537,863605.0,13266.00955,658923314.8679801
2021-12-13,50053.9,50189.97,45672.75,46702.75,50869.52093,2423888500.790305,1399599.0,23487.0228,1119972248.5384023
2021-12-14,46702.76,48700.41,46290.0,48343.28,39955.98445,1887427362.4740965,1194992.0,20010.80589,945501336.1569144
2021-12-15,48336.95,49500.0,46547.0,48864.98,51629.181,2487012309.0915494,1438176.0,25861.16891,1246095378.459541
2021-12-16,48864.98,49436.43,47511.0,47632.38,31949.86739,1551200654.052745,1023983.0,15281.92439,742115283.5773988
2021-12-17,47632.38,47995.96,45456.0,46131.2,43104.4887,2015966349.5161324,1261780.0,19846.77192,928665863.5850744
2021-12-18,46133.83,47392.37,45500.0,46834.48,25020.05271,1165205135.7008426,862066.0,12635.54707,588649454.2725667
2021-12-19,46834.47,48300.01,46406.91,46681.23,29305.70665,1384958598.3627698,874827.0,14646.77828,692559814.2285637
2021-12-20,46681.24,47537.57,45558.85,46914.16,35848.50609,1663363117.8304534,1076488.0,17666.32749,819817570.663743
2021-12-21,46914.17,49328.96,46630.0,48889.88,37713.92924,1827234149.0598803,1119412.0,19356.27006,937648412.2221354
2021-12-22,48887.59,49576.13,48421.87,48588.16,27004.2022,1322418595.3337295,949480.0,13402.54963,656467230.7563097
2021-12-23,48588.17,51375.0,47920.42,50838.81,35192.54046,1738129830.7814522,1176050.0,17397.67034,859605116.679757
2021-12-24,50838.82,51810.0,50384.43,50820.0,31684.84269,1618089927.2810063,1075177.0,15108.36362,771557283.6260679
2021-12-25,50819.99,51156.23,50142.32,50399.66,19135.51613,971491029.130824,766979.0,9928.30266,504102529.5288982
2021-12-26,50399.67,51280.0,49412.0,50775.49,22569.88914,1132200241.5624182,797133.0,11285.69707,566374786.7160686
2021-12-27,50775.48,52088.0,50449.0,50701.44,28792.21566,1472065236.0117192,1009411.0,14436.09322,738369203.3321569
2021-12-28,50701.44,50704.05,47313.01,47543.74,45853.33924,2242102220.931003,1345774.0,21743.17013,1063171693.1535625
2021-12-29,47543.74,48139.08,46096.99,46464.66,39498.87,1873785571.2732966,1114074.0,19089.6191,905969695.6425399
2021-12-30,46464.66,47900.0,45900.0,47120.87,30352.29569,1428755720.453203,910157.0,14886.52375,700792256.6883159
2021-12-31,47120.88,48548.26,45678.0,46216.93,34937.99796,1650715977.918517,1059783.0,17315.5423,818331688.0033131
2022-01-01,46216.93,47954.63,46208.37,47722.65,19604.46325,924155159.5834866,714899.0,9942.36679,468738711.7901065
2022-01-02,47722.66,47990.0,46654.0,47286.18,18340.4604,866610995.5633582,709624.0,9166.46954,433182392.2819466
2022-01-03,47286.18,47570.0,45696.0,46446.1,27662.0771,1292203508.325655,885624.0,13524.76045,631879430.11428
2022-01-04,46446.1,47557.54,45500.0,45832.01,35491.4136,1649170424.1276133,1021815.0,17689.26808,821725463.0808074
2022-01-05,45832.01,47070.0,42500.0,43451.13,51784.11857,2334288544.645448,1478532.0,23552.9946,1063287226.3571414
2022-01-06,43451.14,43816.0,42430.58,43082.31,38880.37305,1674466154.4383326,1150707.0,19268.82662,829886561.8261453
2022-01-07,43082.3,43145.83,40610.0,41566.48,54836.50818,2293851015.4652367,1406635.0,26519.39261,1109740200.2387211
2022-01-08,41566.48,42300.0,40501.0,41679.74,32952.73111,1367233494.8277667,1021908.0,16462.53747,683155535.4215348
2022-01-09,41679.74,42786.7,41200.02,41864.62,22724.39426,952830064.5125849,752733.0,11399.78979,478046850.277152
2022-01-10,41864.62,42248.5,39650.0,41822.49,50729.17019,2088111339.5055964,1250983.0,24654.54811,1015935553.4027652
2022-01-11,41822.49,43100.0,41268.93,42729.29,37296.43729,1574803608.9600787,1015526.0,18521.95391,782176383.1010936
2022-01-12,42729.29,44322.0,42450.0,43902.66,33943.2928,1470906437.7120714,1023902.0,17584.31885,762205618.815565
2022-01-13,43902.65,44500.0,42311.22,42560.11,34910.87762,1515944525.4954948,1036234.0,17175.40587,746075123.2441132
2022-01-14,42558.35,43448.78,41725.95,43059.96,32640.88292,1392000443.3501675,946938.0,15434.18945,658472386.2432475
2022-01-15,43059.96,43800.0,42555.0,43084.29,21936.05616,946488263.5484481,752688.0,11133.18615,480516487.1849679
2022-01-16,43084.29,43475.0,42581.79,43071.66,20602.35271,887203134.0531468,732171.0,10052.19291,432899939.6738643
2022-01-17,43071.66,43176.18,41540.42,42201.62,27562.08613,1169381684.4668436,918029.0,13448.54192,570690475.9728293
2022-01-18,42201.63,42691.0,41250.0,42352.12,29324.08257,1228459687.3994458,905061.0,14527.82371,608578954.6171259
2022-01-19,42352.12,42559.13,41138.56,41660.01,31685.72159,1327478459.1602297,924528.0,15603.74304,653807601.6725059
2022-01-20,41660.0,43505.0,40553.31,40680.91,42330.33953,1784801200.404487,1098761.0,20201.47991,852629490.2787864
2022-01-21,40680.92,41100.0,35440.45,36445.31,88860.891999,3405501703.2219367,2092561.0,41615.085819,1595831787.700032
2022-01-22,36445.31,36835.22,34008.0,35071.42,90471.338961,3207531048.0306516,2099978.0,42722.278233,1514027491.3203938
2022-01-23,35071.42,36499.0,34601.01,36244.55,44279.52354,1572414639.0428774,1142407.0,22841.39451,811501507.0363061
2022-01-24,36244.55,37550.0,32917.17,36660.35,91904.753211,3192041586.10319,1999352.0,46469.272938,1615890700.8425
2022-01-25,36660.35,37545.14,35701.0,36958.32,49232.40183,1799224214.4997392,1248246.0,24988.42876,913198135.6036831
2022-01-26,36958.32,38919.98,36234.63,36809.34,69830.16036,2627491976.6908574,1584468.0,35240.31542,1326474948.4632242
2022-01-27,36807.24,37234.47,35507.01,37160.1,53020.87934,1925920128.3436604,1308408.0,26750.94594,971815942.2707555
2022-01-28,37160.11,38000.0,36155.01,37716.56,42154.26956,1560203931.220128,1061101.0,21496.47551,795847847.5123422
2022-01-29,37716.57,38720.74,37268.44,38166.84,26129.49682,989652386.9966494,816601.0,13292.42156,503624477.659453
2022-01-30,38166.83,38359.26,37351.63,37881.76,21430.66527,812750216.6010319,698593.0,10798.3846,409620744.0169444
2022-01-31,37881.75,38744.0,36632.61,38466.9,36855.2458,1386754529.0295446,936014.0,18422.26954,693360023.3316519
2022-02-01,38466.9,39265.2,38000.0,38694.59,34574.44663,1334266166.7099988,917617.0,17730.99304,684446571.1793659
2022-02-02,38694.59,38855.92,36586.95,36896.36,35794.6813,1353093948.9776013,907905.0,17251.43687,652533107.6999176
2022-02-03,36896.37,37387.0,36250.0,37311.61,32081.10999,1179502838.6566265,848961.0,16468.10233,605530493.5816588
2022-02-04,37311.98,41772.33,37026.73,41574.25,64703.95874,2526572562.058285,1380724.0,33053.66668,1291953441.5589995
2022-02-05,41571.7,41913.69,40843.01,41382.59,32532.34372,1349805515.9300365,1006352.0,16566.08602,687352854.8254198
2022-02-06,41382.6,42656.0,41116.56,42380.87,22405.16704,934168802.8801152,788291.0,11546.39088,481652514.3718321
2022-02-07,42380.87,44500.5,41645.85,43839.99,51060.62006,2204523609.903396,1473274.0,25457.79986,1099936959.0396457
2022-02-08,43839.99,45492.0,42666.0,44042.99,64880.29387,2847485971.4977336,1653350.0,33004.09337,1448178622.4660032
2022-02-09,44043.0,44799.0,43117.92,44372.72,34428.16729,1512500139.1430995,1066395.0,17115.60108,752210712.4118421
2022-02-10,44372.71,45821.0,43174.01,43495.44,62357.29091,2772188373.222783,1541483.0,30323.12245,1348871895.8677204
2022-02-11,43495.44,43920.0,41938.51,42373.73,44975.1687,1937866768.5059533,1169354.0,22063.76915,950913914.0296428
2022-02-12,42373.73,43079.49,41688.88,42217.87,26556.85681,1123136004.7237246,830322.0,12814.60322,542061655.4291937
2022-02-13,42217.87,42760.0,41870.0,42053.66,17732.08113,750533311.6529565,624898.0,8333.13302,352741586.0597297
2022-02-14,42053.65,42842.4,41550.56,42535.94,34010.1306,1436927831.4445863,867622.0,16912.76672,714598651.165975
2022-02-15,42535.94,44751.4,42427.03,44544.86,38095.19576,1672855933.625659,990694.0,19180.32434,842363401.2128453
2022-02-16,44544.85,44549.97,43307.0,43873.56,28471.8727,1250973502.3018453,823745.0,14106.69537,619773473.0165873
2022-02-17,43873.56,44164.71,40073.21,40515.7,47245.99494,1993400162.9480667,1067658.0,21468.60602,906038209.7818584
2022-02-18,40515.71,40959.88,39450.0,39974.44,43845.92241,1765622365.9527562,1025882.0,20609.06764,829953072.4139525
2022-02-19,39974.45,40444.32,39639.03,40079.17,18042.0551,721960636.0646693,586653.0,8374.975,335209843.631803
2022-02-20,40079.17,40125.44,38000.0,38386.89,33439.29011,1293216601.4518795,811235.0,15338.25392,592897166.4491583
2022-02-21,38386.89,39494.35,36800.0,37008.16,62347.68496,2382027320.8617606,1352290.0,30617.13558,1170272316.2758772
2022-02-22,37008.16,38429.0,36350.0,38230.33,53785.94589,2010628230.7549176,1212527.0,27322.73575,1021948126.9253064
2022-02-23,38230.33,39249.93,37036.79,37250.01,43560.732,1665486687.239937,1030872.0,21449.9558,820639942.0318317
2022-02-24,37250.02,39843.0,34322.28,38327.21,120476.29458,4335107392.009488,2622780.0,60103.1314,2164376869.726107
2022-02-25,38328.68,39683.53,38014.37,39219.17,56574.57125,2197889580.282669,1408558.0,29904.01589,1161436657.8296285
2022-02-26,39219.16,40348.45,38573.18,39116.72,29361.2568,1152621719.69438,924257.0,14658.93596,575852237.9808168
2022-02-27,39116.73,39855.7,37000.0,37699.07,46229.44719,1780512702.886402,1265753.0,21789.2508,840141690.3293545
2022-02-28,37699.08,44225.84,37450.17,43160.0,73945.63858,2975160226.1689854,1931087.0,38543.78078,1553136662.0034583
2022-03-01,43160.0,44949.0,42809.98,44421.2,61743.09873,2701611023.6943197,1866871.0,30937.54085,1353520463.0084743
2022-03-02,44421.2,45400.0,43334.09,43892.98,57782.65081,2550792948.2886243,1653131.0,28624.1131,1264172354.0456262
2022-03-03,43892.99,44101.12,41832.28,42454.0,50940.61021,2192152097.925188,1289320.0,24438.40113,1051969942.2112321
2022-03-04,42454.0,42527.3,38550.0,39148.66,61964.68498,2527001270.719469,1465066.0,29322.62323,1196441375.2961826
2022-03-05,39148.65,39613.24,38407.59,39397.96,30363.13341,1187689935.0879934,879727.0,14846.61434,580820200.9425652
2022-03-06,39397.97,39693.87,38088.57,38420.81,39677.26158,1542258009.6292188,986352.0,19055.16367,740741244.8965172
2022-03-07,38420.8,39547.57,37155.0,37988.0,63994.11559,2449362161.7015386,1456041.0,31641.49735,1211103666.7671783
2022-03-08,37988.01,39362.08,37867.65,38730.63,55583.06638,2149652714.8043456,1271128.0,27964.07361,1081516303.5940902
2022-03-09,38730.63,42594.06,38656.45,41941.71,67392.58799,2797240840.960747,1570230.0,34598.34753,1435303843.9873853
2022-03-10,41941.7,42039.63,38539.73,39422.0,71962.93154,2854310740.8076735,1512655.0,33804.27456,1340241708.0012028
2022-03-11,39422.01,40236.26,38223.6,38729.57,59018.7642,2305825015.6010857,1252571.0,29148.02045,1139093538.3524642
2022-03-12,38729.57,39486.71,38660.52,38807.36,24034.36432,939663387.3149893,671733.0,11869.94851,464113572.6085631
2022-03-13,38807.35,39310.0,37578.51,37777.34,32791.82359,1268441605.1866875,841844.0,15150.32067,586406176.6009938
2022-03-14,37777.35,39947.12,37555.0,39671.37,46945.45375,1821922588.4472065,1114899.0,24146.76237,937313460.6262863
2022-03-15,39671.37,39887.61,38098.33,39280.33,46015.54926,1796571984.458497,1060517.0,22657.90532,885084067.9857315
2022-03-16,39280.33,41718.0,38828.48,41114.0,88120.76167,3552563766.3655386,2051837.0,44119.65664,1779529342.3189175
2022-03-17,41114.01,41478.82,40500.0,40917.9,37189.38087,1521083189.7108624,935784.0,18580.98075,760015585.8029839
2022-03-18,40917.89,42325.02,40135.04,41757.51,45408.00969,1862337033.4847212,1065054.0,22374.92757,918115615.0464845
2022-03-19,41757.51,42400.0,41499.29,42201.13,29067.18108,1216709156.4428053,801197.0,14463.06148,605480703.8859774
2022-03-20,42201.13,42296.26,40911.0,41262.11,30653.33468,1273880705.2502496,799695.0,14636.72662,608328201.7906688
2022-03-21,41262.11,41544.22,40467.94,41002.25,39426.24877,1618789548.0684214,947206.0,19079.42652,783366152.1200151
2022-03-22,41002.26,43361.0,40875.51,42364.13,59454.94294,2525975507.8012,1367343.0,30215.54785,1283334795.3252618
2022-03-23,42364.13,43025.96,41751.47,42882.76,40828.87039,1725787170.5823965,916671.0,20211.34116,854479820.5334152
2022-03-24,42882.76,44220.89,42560.46,43991.46,56195.12374,2436258223.6223383,1202541.0,27963.10189,1212354441.1395836
2022-03-25,43991.46,45094.14,43579.0,44313.16,54614.43648,2421153187.6604123,1141588.0,27819.34765,1233475690.3636422
2022-03-26,44313.16,44792.99,44071.97,44511.27,23041.61741,1022802857.60941,693647.0,11422.59021,507079959.2099111
2022-03-27,44511.27,46999.0,44421.46,46827.76,41874.91071,1907019662.3441498,1135096.0,21674.84642,987241345.646293
2022-03-28,46827.76,48189.84,46663.56,47122.21,58949.2614,2789898402.616576,1498975.0,29097.75719,1377280753.9727275
2022-03-29,47122.21,48096.47,46950.85,47434.8,36772.28457,1748600385.4502351,1095678.0,18192.3742,865179145.1756456
2022-03-30,47434.79,47700.22,46445.42,47067.99,40947.2085,1932152559.8831122,1081607.0,20896.43399,985946938.5682786
2022-03-31,47067.99,47600.0,45200.0,45510.34,48645.12667,2262485160.568584,1290541.0,22879.47328,1064278670.6426109
2022-04-01,45510.35,46720.09,44200.0,46283.49,56271.06474,2556532890.870311,1372216.0,28041.37621,1274359931.8405368
2022-04-02,46283.49,47213.0,45620.0,45811.0,37073.53582,1721690754.4393935,1056716.0,18562.93079,862197811.5688924
2022-04-03,45810.99,47444.11,45530.92,46407.35,33394.67794,1550999693.0508049,966563.0,16740.18067,777615974.8155177
2022-04-04,46407.36,46890.71,45118.0,46580.51,44641.87514,2053434523.8685389,1171998.0,21913.04154,1008164276.0490184
2022-04-05,46580.5,47200.0,45353.81,45497.55,42192.74852,1951668192.9295099,1046080.0,20607.57735,953494654.4599284
2022-04-06,45497.54,45507.14,43121.0,43170.47,60849.32936,2700644700.890392,1471912.0,29467.28381,1307725131.1946254
2022-04-07,43170.47,43900.99,42727.35,43444.19,37396.54156,1623879486.6600313,999816.0,18567.25999,806358703.2156662
2022-04-08,43444.2,43970.62,42107.14,42252.01,42375.04203,1830699971.6113117,1108136.0,20530.56354,887196762.4943209
2022-04-09,42252.02,42800.0,42125.48,42753.97,17891.66047,759274586.6137776,640230.0,8910.47179,378158044.3039713
2022-04-10,42753.96,43410.3,41868.0,42158.85,22771.09403,971459737.5009404,678983.0,10952.24952,467438845.4221835
2022-04-11,42158.85,42414.71,39200.0,39530.45,63560.44721,2602039073.0150447,1385924.0,30543.05561,1251713135.5000079
2022-04-12,39530.45,40699.0,39254.63,40074.94,57751.01778,2309514071.593873,1153667.0,28344.99788,1133659106.655711
2022-04-13,40074.95,41561.31,39588.54,41147.79,41342.27254,1677171454.091079,948061.0,20522.54699,832653378.5114936
2022-04-14,41147.78,41500.0,39551.94,39942.38,36807.01401,1494726286.0180101,803756.0,17787.82129,722216571.859389
2022-04-15,39942.37,40870.36,39766.4,40551.9,24026.35739,966888436.8162509,616536.0,11755.54439,473100437.4733753
2022-04-16,40551.9,40709.35,39991.55,40378.71,15805.44718,638275503.9141085,423446.0,7642.38243,308642382.8796384
2022-04-17,40378.7,40595.67,39546.17,39678.12,19988.49259,803414248.9836985,590241.0,9578.91533,385124871.4665126
2022-04-18,39678.11,41116.73,38536.51,40801.13,54243.49575,2153574975.9131336,1157741.0,27097.19375,1076513006.7058175
2022-04-19,40801.13,41760.0,40571.0,41493.18,35788.85843,1472363265.3621879,934526.0,17806.81506,732539241.889679
2022-04-20,41493.19,42199.0,40820.0,41358.19,40877.35041,1697039284.0853007,1063843.0,20007.29623,830754792.6236624
2022-04-21,41358.19,42976.0,39751.0,40480.01,59316.27657,2476061417.8872576,1515456.0,29413.89548,1228429890.9573543
2022-04-22,40480.01,40795.06,39177.0,39709.18,46664.0196,1870172362.40225,1043471.0,23248.71242,931654706.5531975
2022-04-23,39709.19,39980.0,39285.0,39441.6,20291.42375,804677022.9078971,724132.0,10217.20484,405193110.9436816
2022-04-24,39441.61,39940.0,38929.62,39450.13,26703.61186,1056336243.0198609,868183.0,12639.70229,500129939.0779573
2022-04-25,39450.12,40616.0,38200.0,40426.08,63037.12784,2470071005.2401423,1280351.0,31958.39557,1252785476.6028605
2022-04-26,40426.08,40797.31,37702.26,38112.65,66650.258,2615206861.8349133,1381618.0,31936.9422,1253685872.4445755
2022-04-27,38112.64,39474.72,37881.31,39235.72,57083.12272,2218523642.426387,1232083.0,28942.08915,1124748467.7003632
2022-04-28,39235.72,40372.63,38881.43,39742.07,56086.6715,2223808385.8063755,1135242.0,28519.46629,1130865428.7936184
2022-04-29,39742.06,39925.25,38175.0,38596.11,51453.65715,2006135662.8559992,1101140.0,24773.60543,966125835.4961329
2022-04-30,38596.11,38795.38,37578.2,37630.8,35321.18989,1354900532.1335113,1017369.0,16523.43017,634076437.1873089
2022-05-01,37630.8,38675.0,37386.38,38468.35,38812.24104,1478259271.913873,1021157.0,19551.11747,744825800.8143975
2022-05-02,38468.35,39167.34,38052.0,38525.16,53200.92628,2058450718.2963233,1053893.0,27276.29561,1055369693.1339271
2022-05-03,38525.16,38651.51,37517.8,37728.95,40316.45358,1539320434.2647235,1005131.0,20002.76343,764016892.6745052
2022-05-04,37728.95,40023.77,37670.0,39690.0,62574.61736,2438553987.4535437,1238847.0,32968.16942,1284541284.6021378
2022-05-05,39690.0,39845.51,35571.9,36552.97,88722.43355,3329684235.9639516,1979692.0,41786.44096,1568954443.5851629
2022-05-06,36552.97,36675.63,35258.0,36013.77,68437.80187,2466507512.182029,1214518.0,34536.42346,1245062436.8376348
2022-05-07,36013.77,36146.3,34785.0,35472.39,34281.70682,1222539413.6400983,746488.0,15385.18829,548855038.2356379
2022-05-08,35472.4,35514.22,33713.95,34038.4,72445.64344,2498365159.9945807,1301451.0,32350.03935,1115547715.9145274
2022-05-09,34038.39,34243.15,30033.33,30076.31,191876.926428,6166367111.275724,2564538.0,86538.962569,2781053306.4725456
2022-05-10,30074.23,32658.99,29730.4,31017.1,165532.00311,5179856929.47993,2470325.0,73691.196106,2307177624.541944
2022-05-11,31017.11,32162.59,27785.0,29103.94,207063.739278,6300295994.553139,3559270.0,99622.117475,3036296142.0982084
2022-05-12,29103.94,30243.0,26700.0,29029.75,204507.263138,5795451310.945579,3951233.0,101465.278257,2877462252.2122283
2022-05-13,29029.74,31083.37,28751.67,29287.05,97872.36957,2956855804.856112,2051900.0,48827.72764,1475641181.96275
2022-05-14,29287.05,30343.27,28630.0,30086.74,51095.87863,1501483453.5008905,1204626.0,25908.17135,761545954.1904565
2022-05-15,30086.74,31460.0,29480.0,31328.89,46275.66912,1401499926.2304175,1016769.0,24163.362,732332763.6094486
2022-05-16,31328.89,31328.9,29087.04,29874.01,73082.19658,2185567735.682062,1561954.0,36284.05379,1085179422.7219367
2022-05-17,29874.01,30788.37,29450.38,30444.93,56724.13307,1715109131.0802064,1175382.0,28600.36238,865031716.5404288
2022-05-18,30444.93,30709.99,28654.47,28715.32,59749.15799,1762843836.1269379,1379212.0,29501.76769,870623227.207057
2022-05-19,28715.33,30545.18,28691.38,30319.23,67877.36415,2014360135.7852721,1860780.0,35339.65787,1049163442.9020371
2022-05-20,30319.22,30777.33,28730.0,29201.01,60517.25325,1800589029.270878,1694004.0,30890.40127,919467696.618159
2022-05-21,29201.01,29656.18,28947.28,29445.06,20987.13124,616194663.9792111,643486.0,10558.92886,310046148.8025876
2022-05-22,29445.07,30487.99,29255.11,30293.94,36158.98748,1082530816.01625,862880.0,18538.10071,555044195.7973803
2022-05-23,30293.93,30670.51,28866.35,29109.15,63901.49932,1914305818.0745187,1328317.0,30476.66811,913813980.9533184
2022-05-24,29109.14,29845.86,28669.0,29654.58,59442.96036,1740257602.3067698,946421.0,29480.07674,863516681.5129281
2022-05-25,29654.58,30223.74,29294.21,29542.15,59537.38659,1771708175.0718913,985440.0,28846.96589,858587338.503838
2022-05-26,29542.14,29886.64,28019.56,29201.35,94581.65463,2759055410.397752,1431112.0,45206.85416,1319426335.716236
2022-05-27,29201.35,29397.66,28282.9,28629.8,90998.5201,2626515958.50349,1321406.0,43590.05398,1258912486.7048602
2022-05-28,28629.81,29266.0,28450.0,29031.33,34479.35127,994674257.5679231,684423.0,17561.21465,506633343.6800464
2022-05-29,29031.33,29587.78,28839.21,29468.1,27567.34764,804777532.6497605,635311.0,13735.42581,401056725.5655391
2022-05-30,29468.1,32222.0,29299.62,31734.22,96785.9476,2980527582.4674954,1380410.0,45024.45633,1384940691.9669578
2022-05-31,31734.23,32399.0,31200.01,31801.04,62433.11632,1981259117.0115466,1161340.0,30046.95511,953574564.3261106
2022-06-01,31801.05,31982.97,29301.0,29805.83,103395.63382,3171191028.249736,1404611.0,47614.81205,1460767260.6962943
2022-06-02,29805.84,30689.0,29594.55,30452.62,56961.42928,1711652906.191896,1086183.0,28555.06607,858193492.4047692
2022-06-03,30452.63,30699.0,29282.36,29700.21,54067.44727,1615616950.714381,993769.0,26583.25141,794354787.342094
2022-06-04,29700.21,29988.88,29485.0,29864.04,25617.90113,760874329.4663156,618037.0,12971.7246,385358236.9157799
2022-06-05,29864.03,30189.0,29531.42,29919.21,23139.9281,691201528.1600258,604680.0,11753.51303,351150600.7844381
2022-06-06,29919.2,31765.64,29890.23,31373.1,68836.92456,2149499896.9349375,1124745.0,34225.53913,1068381827.9889435
2022-06-07,31373.1,31589.6,29218.96,31125.33,110674.51658,3347397952.7305903,1743957.0,54831.53114,1661147413.2582464
2022-06-08,31125.32,31327.22,29843.88,30204.77,68542.61276,2087270428.3470392,1236327.0,32668.41005,995180478.2745385
2022-06-09,30204.77,30700.0,29944.1,30109.93,46291.1865,1399839073.774508,841562.0,23082.29251,697948605.9884633
2022-06-10,30109.93,30382.8,28850.0,29091.88,76204.2498,2255866294.494887,1258608.0,35502.20972,1050877735.8447756
2022-06-11,29091.87,29440.41,28099.99,28424.7,65901.39895,1892007188.0756001,1084163.0,31848.3308,914365117.8340094
2022-06-12,28424.71,28544.96,26560.0,26574.53,92474.598809,2551767136.329585,1451271.0,43538.78641,1201389150.8900456
2022-06-13,26574.53,26895.84,21925.77,22487.41,254611.034966,6192246037.404874,3261484.0,121398.556133,2953984191.5180387
2022-06-14,22485.27,23362.88,20846.0,22136.41,187201.64671,4136108699.025428,2583151.0,92764.742864,2051107738.6303785
2022-06-15,22136.42,22800.0,20111.62,22583.72,200774.493467,4249276481.256697,2847831.0,98340.102217,2083014439.1952906
2022-06-16,22583.72,22995.73,20232.0,20401.31,99673.59429,2130037160.0626109,1690477.0,48048.86237,1027305936.8191556
2022-06-17,20400.6,21365.43,20246.66,20468.81,86694.33663,1796575392.5507207,1352992.0,43066.94445,892584106.6574169
2022-06-18,20468.81,20792.06,17622.0,18970.79,196441.655524,3726639821.696151,2467372.0,96560.044649,1833514054.8893414
2022-06-19,18970.79,20815.95,17960.41,20574.0,128320.87595,2487561781.535987,1950660.0,65871.82216,1277952917.4081194
2022-06-20,20574.0,21090.0,19637.03,20573.89,109028.94154,2220396381.7426524,1639448.0,54047.82476,1100883996.5003533
2022-06-21,20573.9,21723.0,20348.4,20723.52,104371.0749,2198596137.343284,1515321.0,52193.33566,1099446297.122863
2022-06-22,20723.51,20900.0,19770.51,19987.99,92133.97938,1872204589.2375817,1394981.0,44907.30453,912710764.7302253
2022-06-23,19988.0,21233.0,19890.07,21110.13,83127.08716,1710694866.4572449,1207858.0,42716.83721,879244263.2830158
2022-06-24,21110.12,21558.41,20736.72,21237.69,77430.36622,1635129191.170251,1309709.0,38582.36962,815027131.3205568
2022-06-25,21237.68,21614.5,20906.62,21491.19,51431.67794,1093873137.974752,874540.0,25240.18142,536863288.4627487
2022-06-26,21491.18,21888.0,20964.73,21038.07,53278.10464,1139258367.162915,885306.0,26051.16372,557192553.7220398
2022-06-27,21038.08,21539.85,20510.0,20742.56,64475.0013,1354369225.8404648,1002214.0,31992.4604,672191483.8106796
2022-06-28,20742.57,21212.1,20202.01,20281.29,63801.0832,1321862977.9315486,1064497.0,30490.78532,631852171.7596262
2022-06-29,20281.28,20432.31,19854.92,20123.01,77309.04379,1556549790.008924,1210636.0,37814.12159,761473366.3908588
2022-06-30,20123.0,20179.08,18626.0,19942.21,93846.64806,1808994369.0314438,1438163.0,45447.98482,876020577.3495957
2022-07-01,19942.21,20918.35,18975.0,19279.8,111844.59494,2197016369.9695287,1668363.0,56417.61783,1108492421.9565263
2022-07-02,19279.8,19467.39,18977.01,19252.81,46180.3021,888415536.8730664,833508.0,23693.90779,455851305.3763755
2022-07-03,19252.82,19647.63,18781.0,19315.83,51087.46631,980255891.3952553,880786.0,25361.96292,486752875.4369991
2022-07-04,19315.83,20354.01,19055.31,20236.71,74814.04601,1470987695.521582,1282843.0,38543.72441,758241531.9880207
2022-07-05,20236.71,20750.0,19304.4,20175.83,96041.13756,1919950110.1674304,1612273.0,48358.47507,967109793.3844756
2022-07-06,20175.84,20675.22,19761.25,20564.51,82439.5808,1665481948.0096319,1472221.0,41580.73433,840150579.642686
2022-07-07,20564.51,21838.1,20251.68,21624.98,85014.58261,1783224085.7236798,1653722.0,42731.5372,896703207.2104565
2022-07-08,21624.99,22527.37,21189.26,21594.75,403081.57349,8781330156.61243,4358216.0,201798.10144,4396546053.031909
2022-07-09,21594.75,21980.0,21322.12,21591.83,178417.84468,3857190523.4942718,3524386.0,89418.01811,1933132016.304726
2022-07-10,21592.15,21607.65,20655.0,20862.47,192188.21556,4062794310.272034,3434401.0,95376.75351,2016291891.3743694
2022-07-11,20861.11,20868.48,19875.23,19963.61,137535.40724,2813718031.1093426,3232941.0,66869.47065,1368289522.9848232
2022-07-12,19963.61,20059.42,19240.0,19328.75,139506.45862,2754215439.3324776,3626399.0,67681.11612,1336338002.7004988
2022-07-13,19331.28,20366.61,18910.94,20234.87,209250.24888,4096306063.801935,4789109.0,103667.13511,2029863027.178718
2022-07-14,20234.87,20900.0,19616.07,20588.84,174809.21696,3526210098.285044,4576355.0,87993.05801,1775442258.4092436
2022-07-15,20588.84,21200.0,20382.29,20830.04,143343.3049,2984339734.3532705,4411375.0,71354.9491,1485929119.4276447
2022-07-16,20830.04,21588.94,20478.61,21195.6,121011.67393,2539616922.7986083,3723401.0,61225.46264,1285100231.9557881
2022-07-17,21195.6,21684.54,20750.01,20798.16,118229.4525,2511251392.5765257,4261057.0,59550.95291,1265042502.4618275
2022-07-18,20799.58,22777.63,20762.45,22432.58,239942.73132,5263396811.539256,6564387.0,122398.31862,2685273104.2955766
2022-07-19,22432.58,23800.0,21579.54,23396.62,263770.76574,5954419902.221928,6488375.0,132874.43405,2999605957.303951
2022-07-20,23398.48,24276.74,22906.19,23223.3,238762.17094,5631801151.220376,6364038.0,119820.55352,2826789486.1693096
2022-07-21,23223.3,23442.77,22341.46,23152.19,184817.68191,4232411759.3950253,4808194.0,92958.794,2128895623.659983
2022-07-22,23152.19,23756.49,22500.0,22684.83,171598.43966,3981394766.228058,4745582.0,85026.96828,1973166657.8835506
2022-07-23,22684.83,23000.77,21934.57,22451.07,122137.77375,2745262660.6777816,3762227.0,61569.86415,1383868861.284547
2022-07-24,22448.58,23014.64,22257.15,22579.68,115189.67277,2610817967.1639385,3671238.0,58086.99433,1316724597.4433148
2022-07-25,22577.13,22666.0,21250.0,21310.9,180344.76643,3954002948.5472584,4807238.0,88021.9456,1930051719.2731922
2022-07-26,21310.9,21347.82,20706.5,21254.67,177817.24326,3738774849.3577113,4545385.0,87353.4604,1836821500.4933043
2022-07-27,21254.67,23112.63,21042.53,22952.45,210971.19796,4614909656.6957855,5475738.0,106519.12743,2330764840.6468673
2022-07-28,22954.31,24199.72,22582.13,23842.93,236029.0741,5511388547.615389,6500034.0,118170.70945,2759524239.0245447
2022-07-29,23845.25,24442.66,23414.03,23773.75,198298.50623,4733780641.305037,6221401.0,100165.6085,2391310897.487863
2022-07-30,23777.28,24668.0,23502.25,23643.51,151060.13211,3634601094.96542,4801528.0,75778.59282,1823456271.8759687
2022-07-31,23644.64,24194.82,23227.31,23293.32,127743.32483,3028386330.644831,4463721.0,63737.43859,1511326027.2234035
2022-08-01,23296.36,23509.68,22850.0,23268.01,144210.16219,3346371889.652122,4775213.0,71458.39583,1658446268.2253966
2022-08-02,23266.9,23459.89,22654.37,22987.79,158073.28225,3631020649.2263794,5066511.0,78122.08501,1794828205.6239038
2022-08-03,22985.93,23647.68,22681.22,22818.37,145948.80995,3385430753.8050184,4887642.0,72355.55623,1678928892.7538445
2022-08-04,22816.91,23223.32,22400.0,22622.98,154854.67016,3537434334.434649,4966138.0,76123.82073,1739248152.8679466
2022-08-05,22622.41,23472.86,22586.95,23312.42,175251.69749,4046435951.354509,5340569.0,88240.55478,2037539950.6820638
2022-08-06,23313.56,23354.36,22909.52,22954.21,83911.80307,1944693656.7065682,3360228.0,41438.9761,960462308.0530334
2022-08-07,22954.21,23402.0,22844.62,23174.39,88890.00877,2051763044.552369,3646643.0,44744.90366,1032885708.1753823
2022-08-08,23174.39,24245.0,23154.25,23810.0,170958.44152,4078052110.543128,5892045.0,85942.29725,2050118384.21205
2022-08-09,23810.98,23933.25,22865.0,23149.95,143182.50858,3347110918.907211,5105613.0,70598.77953,1650310502.5693648
2022-08-10,23151.32,24226.0,22664.69,23954.05,208916.54953,4918825599.489632,6818207.0,105046.91327,2473680340.3238072
2022-08-11,23954.05,24918.54,23852.13,23934.39,249759.79557,6097813762.895935,8269994.0,125001.90721,3051727583.877025
2022-08-12,23933.09,24456.5,23583.0,24403.68,174207.5704,4175834601.8605466,6134163.0,87283.3227,2092464530.2271757
2022-08-13,24401.7,24888.0,24291.22,24441.38,152852.25435,3751417148.252107,5617859.0,76352.504,1873989924.2022443
2022-08-14,24443.06,25047.56,24144.0,24305.24,151206.14473,3708565144.8980093,5473905.0,75296.97372,1847145729.8789523
2022-08-15,24305.25,25211.32,23773.22,24094.82,242539.54758,5894066098.523285,7488466.0,120284.46467,2923411975.7084756
2022-08-16,24093.04,24247.49,23671.22,23854.74,179324.94821,4294907691.6509495,5978567.0,89812.55435,2151240576.2261777
2022-08-17,23856.15,24446.71,23180.4,23342.66,210668.68766,4993659434.236888,6901586.0,105158.87989,2493209361.502229
2022-08-18,23342.66,23600.0,23111.04,23191.2,144185.97011,3375338942.2617874,6029662.0,71864.05086,1682458592.207561
2022-08-19,23191.45,23208.67,20783.57,20834.39,283995.87747,6181759252.730264,8860928.0,139601.81043,3038568050.675256
2022-08-20,20834.39,21382.85,20761.9,21140.07,183041.68363,3871242921.2246804,5723362.0,91862.59461,1943014391.246253
2022-08-21,21140.07,21800.0,21069.11,21515.61,159200.6841,3405034922.807078,5034461.0,80239.2419,1716250543.035858
2022-08-22,21516.7,21548.71,20890.18,21399.83,222222.04526,4721412016.903412,6443370.0,110925.72751,2356921868.623943
2022-08-23,21400.75,21684.87,20890.14,21529.12,200967.77164,4299812533.944709,6333442.0,101222.30098,2165911837.12369
2022-08-24,21529.11,21900.0,21145.0,21368.08,174383.22046,3744196823.564854,5561412.0,86499.84759,1857345193.8069582
2022-08-25,21368.05,21819.88,21310.15,21559.04,169915.78301,3672148286.6013737,5618785.0,84555.07067,1827390010.1745017
2022-08-26,21559.04,21886.77,20107.9,20241.05,273811.61955,5785149465.09769,7587244.0,135780.72507,2869440464.9916983
2022-08-27,20239.14,20402.93,19800.0,20037.6,162582.46032,3269764074.3564396,5263328.0,80922.99413,1627546028.5246556
2022-08-28,20037.6,20171.18,19520.0,19555.61,139307.95976,2781133881.051846,4678693.0,69363.5072,1384969093.7702348
2022-08-29,19555.61,20433.62,19550.79,20285.73,210509.49545,4211334408.9865937,5840323.0,105809.86253,2116902111.2090402
2022-08-30,20287.2,20576.25,19540.0,19811.66,256634.35529,5157974826.609323,6593178.0,126919.07924,2551087936.8586006
2022-08-31,19813.03,20490.0,19797.94,20050.02,276946.60765,5595829094.391042,6389133.0,140474.46035,2838456435.8151093
2022-09-01,20048.44,20208.37,19565.66,20131.46,245289.97263,4893158531.781241,5937975.0,121158.48629,2417157339.99022
2022-09-02,20132.64,20441.26,19755.29,19951.86,245986.6033,4946889819.514836,5740705.0,122616.90745,2466027768.598654
2022-09-03,19950.98,20055.93,19652.72,19831.9,146639.03204,2908816275.0102863,3739909.0,72556.83777,1439326777.5857377
2022-09-04,19832.45,20029.23,19583.1,20000.3,145588.77893,2883227667.1961923,3838915.0,72789.26129,1441735599.5476143
2022-09-05,20000.3,20057.27,19633.83,19796.84,222543.01057,4404971191.907026,4657233.0,110786.05423,2193009371.5191665
2022-09-06,19795.34,20180.0,18649.51,18790.61,356315.05718,6976809188.41019,7124384.0,175781.84468,3443135959.0188565
2022-09-07,18790.61,19464.06,18510.77,19292.84,287394.7788,5436827909.201311,5597127.0,142700.96438,2700094090.539225
2022-09-08,19292.85,19458.25,19012.0,19319.77,262813.28273,5057217166.675082,6013826.0,131429.45873,2529247772.343829
2022-09-09,19320.54,21597.22,19291.75,21360.11,428919.74652,8929831332.708796,7777214.0,217979.24137,4537141163.990109
2022-09-10,21361.62,21810.8,21111.13,21648.34,307997.33504,6589753118.841131,5615783.0,154171.04126,3298995539.4356637
2022-09-11,21647.21,21860.0,21350.0,21826.87,280702.55149,6064643642.71623,4801844.0,141171.88117,3050253458.2835627
2022-09-12,21826.87,22488.0,21538.51,22395.74,395395.61828,8743762682.841719,6979539.0,199489.5406,4411479060.203694
2022-09-13,22395.44,22799.0,19860.0,20173.57,431915.03333,9302239274.39612,8126869.0,217144.54247,4679543994.693207
2022-09-14,20173.62,20541.48,19617.62,20226.71,340826.40151,6886235196.646198,6313052.0,169670.53169,3428396493.969275
2022-09-15,20227.17,20330.24,19497.0,19701.88,333069.76076,6655264974.213759,6690974.0,165652.7291,3310217929.7411156
2022-09-16,19701.88,19890.0,19320.01,19803.3,283791.07064,5584012914.113887,5120935.0,141085.20536,2776292772.190228
2022-09-17,19803.3,20189.0,19748.08,20113.62,179350.24338,3578667842.695283,3862666.0,89621.58733,1788389852.300196
2022-09-18,20112.61,20117.26,19335.62,19416.18,254217.46904,5033968947.530573,4634096.0,124480.59651,2465062845.967856
2022-09-19,19417.45,19686.2,18232.56,19537.02,380512.40306,7215196795.656052,6820580.0,189241.29071,3589311748.607395
2022-09-20,19537.02,19634.62,18711.87,18875.0,324098.3286,6206043205.412278,5900070.0,160716.33038,3077612901.1468134
2022-09-21,18874.31,19956.0,18125.98,18461.36,385034.10021,7338667639.751957,6907777.0,190299.47143,3628361586.9101534
2022-09-22,18461.36,19550.17,18356.39,19401.63,379321.72111,7203741481.483637,6251862.0,190987.32145,3627123696.6905694
2022-09-23,19401.63,19500.0,18531.42,19289.91,385886.91829,7330336009.190998,5906265.0,194842.08772,3701394516.7736163
2022-09-24,19288.57,19316.14,18805.34,18920.5,239496.56746,4568927983.6507845,3907636.0,120501.3057,2298979763.309452
2022-09-25,18921.99,19180.21,18629.2,18807.38,191191.4492,3625136713.924704,3714450.0,94989.39646,1801229611.9768589
2022-09-26,18809.13,19318.96,18680.72,19227.82,439239.21943,8356951609.998724,5837041.0,220623.29914,4198006044.884225
2022-09-27,19226.68,20385.86,18816.32,19079.13,593260.74161,11705770260.672161,8152473.0,296727.71059,5856646101.495988
2022-09-28,19078.1,19790.0,18471.28,19412.82,521385.45547,9964460007.304356,7357437.0,260944.38118,4988233394.322661
2022-09-29,19412.82,19645.52,18843.01,19591.51,406424.93256,7868786414.856212,5631615.0,203187.57552,3934342925.087511
2022-09-30,19590.54,20185.0,19155.36,19422.61,444322.9534,8694127253.576595,6254203.0,220029.84583,4304848630.332639
2022-10-01,19422.61,19484.0,19159.42,19310.95,165625.13959,3200350294.52687,2470590.0,82734.18388,1598688567.5865653
2022-10-02,19312.24,19395.91,18920.35,19056.8,206812.47032,3970724799.9558167,3320217.0,102972.16014,1977186000.1992047
2022-10-03,19057.74,19719.1,18959.68,19629.08,293585.75212,5672105805.772144,4471910.0,147383.93612,2847846726.2369485
2022-10-04,19629.08,20475.0,19490.6,20337.82,327012.00127,6533428229.851051,4871932.0,165646.2649,3309936012.948392
2022-10-05,20337.82,20365.6,19730.0,20158.26,312239.75224,6275437160.958072,4540004.0,155249.45329,3120338866.325755
2022-10-06,20158.26,20456.6,19853.0,19960.67,320122.1702,6452892402.324269,5085004.0,161557.89851,3256881316.716539
2022-10-07,19960.67,20068.82,19320.0,19530.09,220874.83913,4353681483.987034,4324772.0,109800.49576,2164491136.4831276
2022-10-08,19530.09,19627.38,19237.14,19417.96,102480.09842,1995917001.739599,2637385.0,50775.11492,988952773.2163393
2022-10-09,19416.52,19558.0,19316.04,19439.02,113900.82681,2215007204.237991,2833704.0,57166.25996,1111737800.1694417
2022-10-10,19439.96,19525.0,19020.25,19131.87,212509.09849,4101745483.129524,4432688.0,104849.40967,2023908022.7360182
2022-10-11,19131.87,19268.09,18860.0,19060.0,243473.84286,4642843395.600282,4792106.0,121218.68324,2311676809.242172
2022-10-12,19060.0,19238.31,18965.88,19155.53,213826.26731,4086903621.9265537,4556597.0,106608.7184,2037738508.1616392
2022-10-13,19155.1,19513.79,18190.0,19375.13,399756.68337,7554309475.307986,7470896.0,199869.15895,3777964473.262912
2022-10-14,19375.58,19951.87,19070.37,19176.93,351634.32601,6877621835.225796,6688310.0,175798.36758,3438783886.911806
2022-10-15,19176.93,19227.68,18975.18,19069.39,113847.64232,2178316065.622199,3052219.0,56109.00376,1073637476.7688468
2022-10-16,19068.4,19425.84,19063.74,19262.98,131894.61885,2531545363.3077,3438605.0,66536.80449,1277129233.6607454
2022-10-17,19262.98,19676.96,19152.03,19549.86,222813.87634,4331666395.604674,5162979.0,111854.00525,2174642989.585405
2022-10-18,19548.48,19706.66,19091.0,19327.44,260313.07848,5065944973.464348,5588482.0,129478.25628,2520037025.6074157
2022-10-19,19327.44,19360.16,19065.97,19123.97,186137.29538,3575041318.449784,4545820.0,92346.11007,1773769908.8877597
2022-10-20,19123.35,19347.82,18900.0,19041.92,223530.13068,4276025723.9947824,5391090.0,110662.16001,2117089562.3644776
2022-10-21,19041.92,19250.0,18650.0,19164.37,269310.75769,5126619487.869021,5679281.0,133589.01923,2543268174.8886347
2022-10-22,19164.37,19257.0,19112.72,19204.35,110403.90837,2117395641.1269214,2887106.0,54134.08243,1038228038.7109543
2022-10-23,19204.29,19695.0,19070.11,19570.4,167057.20184,3233393909.200977,3939703.0,84465.80483,1635057403.3351152
2022-10-24,19570.4,19601.15,19157.0,19329.72,256168.14467,4957159176.816838,5676899.0,126808.683,2453987281.1859627
2022-10-25,19330.6,20415.87,19237.0,20080.07,326370.67061,6454151276.520069,7214687.0,163350.80531,3230612090.8673344
2022-10-26,20079.02,21020.0,20050.41,20771.59,380492.69576,7833551674.485677,8512349.0,190912.96434,3930265900.9481273
2022-10-27,20771.61,20872.21,20200.0,20295.11,328643.57791,6771209922.011917,7748080.0,163139.47991,3361632657.413893
2022-10-28,20295.11,20750.0,20000.09,20591.84,287039.94569,5849603405.682575,6638096.0,143078.25276,2915977522.5824976
2022-10-29,20591.84,21085.0,20554.01,20809.67,254881.77755,5303038321.457483,6255599.0,127941.56356,2662029299.9096394
2022-10-30,20809.68,20931.21,20515.0,20627.48,192795.60886,3994389493.3258915,4920007.0,96047.94574,1990076844.6331499
2022-10-31,20627.48,20845.92,20237.95,20490.74,303567.61628,6226304300.443864,6571526.0,151222.29645,3101777763.860474
2022-11-01,20490.74,20700.0,20330.74,20483.62,279932.43771,5740102554.92083,5971938.0,139277.94706,2856018095.763569
2022-11-02,20482.81,20800.0,20048.04,20151.84,373716.27299,7633404092.430692,7431698.0,185785.97212,3795164791.221807
2022-11-03,20151.84,20393.32,20031.24,20207.82,319185.1544,6461673165.239643,6948227.0,159939.6187,3237968703.461187
2022-11-04,20207.12,21302.05,20180.96,21148.52,453694.39165,9409862204.986904,9249613.0,227403.70755,4716670352.08739
2022-11-05,21148.52,21480.65,21080.65,21299.37,245621.98525,5240395528.908201,5570832.0,123030.36163,2624930077.1572924
2022-11-06,21299.37,21365.27,20886.13,20905.58,230036.97217,4877535058.412703,5268210.0,114034.06693,2418047871.809807
2022-11-07,20905.58,21069.77,20384.89,20591.13,386977.60337,8035052131.593453,8344242.0,191603.32017,3978525724.8740206
2022-11-08,20590.67,20700.88,17166.83,18547.23,760705.362783,14758384309.854223,14530601.0,374775.574085,7271200924.070388
2022-11-09,18545.38,18587.76,15588.0,15922.81,731926.929729,12737719697.394009,13605474.0,358702.788996,6245795114.512092
2022-11-10,15922.68,18199.0,15754.26,17601.15,608448.36432,10323294543.880354,12719887.0,302898.84757,5141663571.356439
2022-11-11,17602.45,17695.0,16361.6,17070.31,393552.86492,6725273822.837806,9900073.0,197414.69616,3374092512.561806
2022-11-12,17069.98,17119.1,16631.39,16812.08,167819.96035,2827930561.006379,5046837.0,83267.92293,1403236127.923594
2022-11-13,16813.16,16954.28,16229.0,16329.85,184960.78846,3074280132.053523,5382834.0,91914.44893,1527844645.634117
2022-11-14,16331.78,17190.0,15815.21,16619.46,380210.7775,6273920325.336827,9215128.0,189502.41248,3127495594.2107644
2022-11-15,16617.72,17134.69,16527.72,16900.57,282461.84391,4758545355.786832,7200265.0,141015.70658,2375750102.4183183
2022-11-16,16900.57,17015.92,16378.61,16662.76,261493.40809,4362538338.565324,6297404.0,129644.72244,2162757428.721518
2022-11-17,16661.61,16751.0,16410.74,16692.56,228038.97873,3785204632.014221,5352083.0,113347.39771,1881536908.0664897
2022-11-18,16692.56,17011.0,16546.04,16700.45,214224.18184,3588467560.373121,5114799.0,106366.35569,1781845353.094005
2022-11-19,16699.43,16822.41,16553.53,16700.68,104963.15558,1747627888.1295474,3142123.0,52397.34048,872445362.1257405
2022-11-20,16700.68,16753.33,16180.0,16280.23,154842.13478,2561165772.4957075,4557344.0,75959.10991,1256443330.0415068
2022-11-21,16279.5,16319.0,15476.0,15781.29,324096.997753,5188798317.004153,7440871.0,159995.4646,2561914108.9244175
2022-11-22,15781.29,16315.0,15616.63,16226.94,239548.06623,3823612603.803002,6276097.0,119384.47075,1905917090.2669592
2022-11-23,16227.96,16706.0,16160.2,16603.11,264927.70408,4368042618.500261,6260616.0,132804.37627,2189676204.366816
2022-11-24,16603.11,16812.63,16458.05,16598.95,206565.92346,3431724405.654768,5031851.0,103203.3193,1714660566.877812
2022-11-25,16599.55,16666.0,16342.81,16522.14,182089.49533,3003553172.2294717,4396465.0,90187.55597,1487718711.084076
2022-11-26,16521.35,16701.99,16385.0,16458.57,181804.81666,3011990387.647429,3817130.0,89646.23245,1485219997.2638843
2022-11-27,16457.61,16600.0,16401.0,16428.78,162025.47607,2679048565.5213013,3362221.0,80097.04098,1324406073.6694643
2022-11-28,16428.77,16487.04,15995.27,16212.91,252695.40367,4096398587.357314,5570407.0,125766.80639,2038825206.5401728
2022-11-29,16212.18,16548.71,16100.0,16442.53,248106.25009,4072651066.9994063,5206638.0,123715.14039,2030827592.4923499
2022-11-30,16442.91,17249.0,16428.3,17163.64,303019.80719,5123595199.505285,6519330.0,151764.57285,2566042182.996361
2022-12-01,17165.53,17324.0,16855.01,16977.37,232818.18218,3972607179.8685718,5097720.0,116018.88867,1979692808.0070593
2022-12-02,16978.0,17105.73,16787.85,17092.74,202372.2062,3432385161.660257,4305515.0,99556.14105,1688510144.191262
2022-12-03,17092.13,17188.98,16858.74,16885.2,154542.57306,2622504252.866453,3308694.0,76214.56604,1293351463.1609118
2022-12-04,16885.2,17202.84,16878.25,17105.7,178619.13387,3040020095.051178,3948990.0,89359.35165,1520945572.0768337
2022-12-05,17106.65,17424.25,16867.0,16966.35,233703.29225,4015334796.603721,5138207.0,115508.19916,1984551471.3164082
2022-12-06,16966.35,17107.01,16906.37,17088.96,218730.76883,3717926010.3405867,4416864.0,108449.54144,1843473774.5861642
2022-12-07,17088.96,17142.21,16678.83,16836.64,220657.41334,3723206794.305467,4284989.0,107803.05198,1819002376.4928687
2022-12-08,16836.64,17299.0,16733.49,17224.1,236417.97804,4009427525.0304117,4520282.0,117238.75694,1988377121.4173508
2022-12-09,17224.1,17360.0,17058.21,17128.56,238422.06465,4097973425.697354,4282003.0,118031.91364,2028743141.4068208
2022-12-10,17128.56,17227.72,17092.0,17127.49,140573.97937,2411933258.8486,3032257.0,70355.34064,1207126756.2174747
2022-12-11,17127.49,17270.99,17071.0,17085.05,155286.47871,2663686104.0825615,3260722.0,77740.37478,1333501724.91499
2022-12-12,17085.05,17241.89,16871.85,17209.83,226227.49694,3844787581.4819245,4463916.0,112286.94413,1908405023.8763018
2022-12-13,17208.93,18000.0,17080.14,17774.7,284462.9139,4983896040.378995,6242080.0,143922.84935,2521692886.9668703
2022-12-14,17775.82,18387.95,17660.94,17803.15,266681.22209,4779915721.484459,5743730.0,133308.11239,2389606669.9635315
2022-12-15,17804.01,17854.82,17275.51,17356.34,223701.96882,3923378677.8337474,4789226.0,110193.63642,1932609296.7091348
2022-12-16,17356.96,17531.73,16527.32,16632.12,253379.04116,4308933187.65654,5703001.0,123374.83424,2098188985.007097
2022-12-17,16631.5,16796.82,16579.85,16776.52,144825.66684,2417851422.213125,3905843.0,72289.66495,1206885683.569382
2022-12-18,16777.54,16863.26,16663.07,16738.21,112619.31646,1884666030.099238,3369193.0,55539.12922,929480021.401935
2022-12-19,16739.0,16815.99,16256.3,16438.88,179094.28305,2981094033.013813,4681887.0,87610.2351,1458309480.7452483
2022-12-20,16438.88,17061.27,16397.2,16895.56,248808.92324,4176995653.545711,5945803.0,124217.3859,2085423621.7423255
2022-12-21,16896.15,16925.0,16723.0,16824.67,156810.96362,2638528723.7360415,4375570.0,77675.35979,1307019850.0606217
2022-12-22,16824.68,16868.52,16559.85,16821.43,176044.27235,2949612072.049303,4678640.0,87573.90221,1467281598.7190852
2022-12-23,16821.9,16955.14,16731.13,16778.5,161612.00947,2720021933.9789267,4561020.0,81034.18553,1363871435.613549
2022-12-24,16778.52,16869.99,16776.62,16836.12,100224.29096,1686757294.9926343,3076985.0,49578.22304,834395051.2711908
2022-12-25,16835.73,16857.96,16721.0,16832.11,125441.07202,2108857873.1916704,3570157.0,62073.54114,1043560797.0693523
2022-12-26,16832.11,16944.52,16791.0,16919.39,124564.00656,2099037538.6317942,3915571.0,61741.18011,1040420821.2262526
2022-12-27,16919.39,16972.83,16592.37,16706.36,173749.58616,2918379509.5314097,5047628.0,86096.58586,1446098274.5653381
2022-12-28,16706.06,16785.19,16465.33,16547.31,193037.56577,3210894236.812391,5465468.0,96118.18717,1598767893.172797
2022-12-29,16547.32,16664.41,16488.91,16633.47,160998.47158,2671665748.0816226,4553877.0,80977.62443,1343799862.9950266
2022-12-30,16633.47,16677.35,16333.0,16607.48,164916.31174,2726831056.725026,4310415.0,82170.4749,1358631100.7592442
2022-12-31,16607.48,16644.09,16470.0,16542.4,114490.42864,1897047504.9188974,3344374.0,57021.06919,944834393.3413354
2023-01-01,16541.77,16628.0,16499.01,16616.75,96925.41374,1604793789.6772127,3218355.0,48548.78168,803841673.8350587
2023-01-02,16617.17,16799.23,16548.7,16672.87,121888.57191,2034683215.2678783,4036118.0,60925.25948,1017074780.6918063
2023-01-03,16672.78,16778.4,16605.28,16675.18,159541.53733,2662765916.3256683,5097596.0,79595.76246,1328471402.7136745
2023-01-04,16675.65,16991.87,16652.66,16850.36,220362.18862,3709833209.845365,6310703.0,109747.11502,1847617011.385377
2023-01-05,16850.36,16879.82,16753.0,16831.85,163473.56641,2751080253.8177333,4842014.0,80959.57162,1362471754.0532992
2023-01-06,16831.85,17041.0,16679.0,16950.65,207401.28415,3490305009.6881223,5388661.0,103320.22965,1738828235.2023005
2023-01-07,16950.31,16981.91,16908.0,16943.57,104526.5688,1770201710.2089734,3227161.0,51624.83107,874295207.6365124
2023-01-08,16943.83,17176.99,16911.0,17127.83,135155.89695,2291925699.9585457,4036092.0,67200.6025,1139647002.7608514
2023-01-09,17127.83,17398.8,17104.66,17178.26,266211.52723,4590284350.546169,6327667.0,131748.52517,2271681164.7993326
2023-01-10,17179.04,17499.0,17146.34,17440.66,221382.42581,3829247653.7311053,5448751.0,109377.45606,1891995855.287608
2023-01-11,17440.64,18000.0,17315.6,17943.26,262221.60653,4586965947.26355,5627464.0,129944.5693,2273368097.029264
2023-01-12,17943.26,19117.04,17892.05,18846.62,454568.32178,8348431207.846009,8911373.0,227295.33172,4174813798.3828607
2023-01-13,18846.62,20000.0,18714.12,19930.01,368615.87823,7061633461.444734,8021774.0,183448.89377,3515300890.3050575
2023-01-14,19930.01,21258.0,19888.05,20954.92,393913.74951,8183071567.046188,8659545.0,197817.55209,4109568162.1704197
2023-01-15,20952.76,21050.74,20551.01,20871.5,178542.22549,3710526606.138964,5194354.0,88310.83908,1835436631.7038705
2023-01-16,20872.99,21474.05,20611.48,21185.65,293078.08262,6168654053.042638,6856434.0,145352.66942,3059597458.3853526
2023-01-17,21185.65,21647.45,20841.31,21134.81,275407.74409,5840585769.490093,6440138.0,137121.64311,2908227174.2490306
2023-01-18,21132.29,21650.0,20407.15,20677.47,350916.01949,7399719195.246726,7617173.0,173174.4169,3652037808.316215
2023-01-19,20677.47,21192.0,20659.19,21071.59,251385.84925,5243024330.011201,5819932.0,124924.23436,2605629874.089028
2023-01-20,21071.59,22755.93,20861.28,22667.21,338079.13659,7256172889.710533,7382435.0,170200.04869,3654038898.2709284
2023-01-21,22666.0,23371.8,22422.0,22783.55,346445.48432,7938935168.532014,7796520.0,172663.17131,3956916674.402963
2023-01-22,22783.35,23078.71,22292.37,22707.88,253577.75286,5775552321.544121,6603827.0,125842.91663,2866409820.7225704
2023-01-23,22706.02,23180.0,22500.0,22916.45,293588.37938,6704191295.97568,7258655.0,145854.70936,3330927704.48361
2023-01-24,22917.81,23162.2,22462.93,22632.89,293158.78254,6721432962.573841,7395584.0,144239.84356,3307407342.13858
2023-01-25,22631.94,23816.73,22300.0,23060.94,346042.83223,7875590359.115837,8060446.0,172647.90115,3929821773.9651175
2023-01-26,23060.42,23282.47,22850.01,23009.65,288924.43581,6664592468.337928,7181086.0,143185.08341,3303064271.0511746
2023-01-27,23009.65,23500.0,22534.88,23074.16,280833.86315,6461707755.053915,7079096.0,139699.27638,3214623770.8450403
2023-01-28,23074.16,23189.0,22878.46,23022.6,148115.71085,3408985411.316586,4181816.0,73861.83566,1700057503.749539
2023-01-29,23021.4,23960.54,22967.76,23742.3,295688.79204,6941922954.136406,7030837.0,149507.5061,3510026672.7997174
2023-01-30,23743.37,23800.51,22500.0,22826.15,302405.90121,7020727239.059652,7790224.0,149096.53066,3461492907.172606
2023-01-31,22827.38,23320.0,22714.77,23125.13,264649.34909,6083858924.538486,6798411.0,133028.12717,3058369006.2406993
2023-02-01,23125.13,23812.66,22760.23,23732.66,310790.42271,7212542002.325099,7863213.0,156107.58478,3623730152.719127
2023-02-02,23731.41,24255.0,23363.27,23488.94,364177.20751,8673696845.80511,9102300.0,181814.20318,4330715913.906593
2023-02-03,23489.33,23715.7,23204.62,23431.9,332571.02904,7806490899.914181,8007846.0,166143.33246,3900042090.516365
2023-02-04,23431.9,23587.78,23253.96,23326.84,166126.47295,3886777607.796051,4852404.0,81863.93145,1915443497.6889513
2023-02-05,23327.66,23433.33,22743.0,22932.91,209251.33917,4842463016.833934,5903916.0,103885.22312,2404286621.1203337
2023-02-06,22932.91,23158.25,22628.13,22762.52,265371.6069,6076050768.117038,6956395.0,132350.52989,3030470974.62453
2023-02-07,22762.52,23350.25,22745.78,23240.46,308006.72482,7085929136.456849,8293878.0,154613.24744,3557209786.5153685
2023-02-08,23242.42,23452.0,22665.85,22963.0,280056.30717,6457585647.820655,7896433.0,138627.72636,3196783919.6301227
2023-02-09,22961.85,23011.39,21688.0,21796.35,402894.6955,9052973327.197163,9784291.0,199309.68374,4478800426.302857
2023-02-10,21797.83,21938.16,21451.0,21625.19,338591.94247,7369456394.906654,6993675.0,167419.66937,3644087094.706669
2023-02-11,21625.19,21906.32,21599.78,21862.55,177021.58433,3842000897.7975802,4207940.0,87937.9597,1908638569.7798102
2023-02-12,21862.02,22090.0,21630.0,21783.54,204435.65163,4469822441.4372015,4561903.0,101194.34699,2212545781.0931144
2023-02-13,21782.37,21894.99,21351.07,21773.97,295730.76791,6404813758.2696295,6503611.0,147221.38569,3188732830.1994424
2023-02-14,21774.63,22319.08,21532.77,22199.84,361958.40109,7938385476.792084,7695927.0,182006.71562,3991901041.9023824
2023-02-15,22199.84,24380.0,22047.28,24324.05,375669.16111,8604133693.663172,8335550.0,190798.1552,4372346767.103614
2023-02-16,24322.87,25250.0,23505.25,23517.72,450080.68366,11074988148.779009,11006793.0,224396.77566,5522891581.325578
2023-02-17,23517.72,25021.11,23339.37,24569.97,496813.21376,11968532252.05733,10895009.0,249087.94774,6001870488.345367
2023-02-18,24568.24,24877.0,24430.0,24631.95,216917.25213,5339920389.516133,6296097.0,107467.08761,2645647445.8196015
2023-02-19,24632.05,25192.0,24192.57,24271.76,300395.99542,7408745406.624344,7660484.0,149680.28058,3692030229.980345
2023-02-20,24272.51,25121.23,23840.83,24842.2,346938.56997,8561226688.07291,9808728.0,174453.04334,4305469238.849922
2023-02-21,24843.89,25250.0,24148.34,24452.16,376000.82868,9280992344.428871,10712371.0,187029.49757,4617218785.187702
2023-02-22,24450.67,24476.05,23574.69,24182.21,379425.75365,9101745945.990707,11395957.0,188203.74268,4515001623.435453
2023-02-23,24182.21,24599.59,23608.0,23940.2,398400.45437,9596083721.512953,11396877.0,198080.68369,4771375630.511308
2023-02-24,23940.2,24132.35,22841.19,23185.29,343582.57453,8087524100.39044,11531424.0,170263.13353,4008150118.2167997
2023-02-25,23184.04,23219.13,22722.0,23157.07,191311.8101,4406286300.272117,9124568.0,94440.13964,2175283940.9041314
2023-02-26,23157.07,23689.99,23059.18,23554.85,202323.73623,4716158181.22559,9506015.0,101003.39278,2354572412.6900682
2023-02-27,23554.85,23897.99,23106.77,23492.09,283706.0859,6659785788.329373,11754195.0,141360.04845,3318353869.99525
2023-02-28,23492.09,23600.0,23020.97,23141.57,264140.99894,6172930936.037334,9568743.0,131200.82704,3066249880.6703186
2023-03-01,23141.57,24000.0,23020.03,23628.97,315287.41737,7441571085.495408,9390487.0,157961.92667,3728256787.110094
2023-03-02,23629.76,23796.93,23195.9,23465.32,239315.45219,5603770010.239548,7435815.0,119522.00584,2798797976.70041
2023-03-03,23465.32,23476.95,21971.13,22354.34,319954.19785,7167184765.7436495,8214639.0,156827.31366,3512245357.186191
2023-03-04,22354.34,22410.0,22157.08,22346.57,121257.38132,2706422995.680256,4169260.0,60043.33153,1340204531.1540701
2023-03-05,22346.57,22662.09,22189.22,22430.24,154841.75786,3473011455.1879516,4835978.0,77394.35765,1735989090.899561
2023-03-06,22430.24,22602.19,22258.0,22410.0,203751.82957,4569102169.185691,6471278.0,102110.26304,2289889200.1667166
2023-03-07,22409.41,22557.91,21927.0,22197.96,292519.80912,6517594938.246053,7813394.0,145498.64219,3242136502.654673
2023-03-08,22198.56,22287.0,21580.0,21705.44,301460.57272,6641171704.242421,8018963.0,150008.02488,3304860256.104994
2023-03-09,21704.37,21834.99,20042.72,20362.22,443658.28584,9403028764.707773,10076702.0,217900.59621,4619803522.043237
2023-03-10,20362.21,20367.78,19549.09,20150.69,618456.4671,12344992788.912497,12106261.0,308155.80993,6151475123.535514
2023-03-11,20150.69,20686.51,19765.03,20455.73,427831.82133,8651590672.468525,10412300.0,213151.47855,4310534195.909292
2023-03-12,20455.73,22150.0,20270.6,21997.11,430944.94288,8982418413.80114,9721933.0,218639.0688,4558127964.925804
2023-03-13,21998.05,24500.0,21813.88,24113.48,687889.31259,15824996078.605639,14820760.0,346688.17025,7976620081.706099
2023-03-14,24112.27,26386.87,23976.42,24670.41,699360.93423,17465307097.884075,15223589.0,351739.11994,8783916247.676138
2023-03-15,24670.41,25196.97,23896.95,24285.66,581450.72984,14291005743.897852,12613034.0,291192.86696,7157472156.962334
2023-03-16,24285.66,25167.4,24123.0,24998.78,439421.32998,10847330151.941006,10418081.0,220403.30289,5441432259.260846
2023-03-17,24998.78,27756.84,24890.0,27395.13,624460.68091,16476681071.24338,13113359.0,318022.61356,8392477832.002322
2023-03-18,27395.13,27724.85,26578.0,26907.49,371238.97174,10135945069.64263,9948603.0,185687.70768,5070480124.593879
2023-03-19,26907.49,28390.1,26827.22,27972.87,372066.99054,10264707987.594164,9578297.0,188150.56147,5191102286.400918
2023-03-20,27972.87,28472.0,27124.47,27717.01,477378.23373,13300424536.514921,11775950.0,239765.29148,6680704887.532146
2023-03-21,27717.01,28438.55,27303.1,28105.47,420929.7422,11760492716.33759,11530870.0,210472.34027,5880942507.630011
2023-03-22,28107.81,28868.05,26601.8,27250.97,224113.41296,6272099822.449624,3589327.0,110355.97386,3089585214.115064
2023-03-23,27250.97,28750.0,27105.0,28295.41,128649.60818,3591123573.1149583,2159091.0,65172.02479,1819323637.2903445
2023-03-24,28295.42,28374.3,27000.0,27454.47,86242.06544,2403443392.0273013,1511137.0,41449.56122,1155147465.7389932
2023-03-25,27454.46,27787.33,27156.09,27462.95,50844.08102,1397227639.2141378,1088721.0,25326.94876,696042529.0839624
2023-03-26,27462.96,28194.4,27417.76,27968.05,49671.70353,1380973402.9961205,1068196.0,25248.15818,702028235.0573266
2023-03-27,27968.05,28023.86,26508.14,27124.91,88039.46898,2407130888.034605,1575264.0,43151.91539,1179905180.6135278
2023-03-28,27124.9,27520.0,26631.78,27261.07,78602.44341,2124533606.765556,1521981.0,38972.61486,1053473599.2587688
2023-03-29,27261.06,28650.0,27240.1,28348.6,89486.16008,2519887866.2111588,1704217.0,45742.08025,1288220696.4926782
2023-03-30,28348.6,29184.68,27686.0,28028.53,98865.43256,2808471938.6424427,1843652.0,49100.20979,1394972886.7062368
2023-03-31,28028.53,28656.69,27511.71,28465.36,78198.12139,2203253311.777351,1537349.0,39636.47111,1117184234.1868575
2023-04-01,28465.36,28819.71,28220.27,28452.73,30238.44753,860804237.452269,822781.0,15171.37738,431931567.4827481
2023-04-02,28452.74,28530.0,27856.43,28171.87,37365.65692,1053600933.0676805,938464.0,17897.01839,504647268.0863643
2023-04-03,28171.87,28500.99,27200.24,27800.0,79180.01405,2214361048.7823668,1651062.0,40534.82008,1133865764.0916288
2023-04-04,27800.0,28444.44,27662.79,28165.47,49722.55691,1397141464.875036,1102007.0,25083.95234,704845402.4191409
2023-04-05,28165.47,28775.0,27805.1,28170.01,60737.64732,1721098539.0660567,1262730.0,30556.88672,865971090.1704682
2023-04-06,28170.01,28182.05,27711.0,28033.82,40118.94963,1122713087.5561826,934548.0,19308.64369,540384260.8568
2023-04-07,28033.83,28100.0,27766.94,27906.33,24762.09387,691323748.9286413,655634.0,11983.13367,334559478.4702819
2023-04-08,27906.34,28154.99,27859.02,27938.38,19479.96735,545324518.6860754,624159.0,9729.24214,272366679.3440387
2023-04-09,27938.38,28530.0,27800.0,28323.76,32531.16101,913915923.6951957,777589.0,16885.70757,474454325.3569296
2023-04-10,28323.76,29770.0,28170.0,29637.34,67754.0622,1955300943.1708305,1285695.0,36147.62326,1043138687.5916125
2023-04-11,29637.35,30550.0,29590.0,30200.42,67990.07621,2046078278.0821176,1340458.0,34766.92718,1046250622.2934568
2023-04-12,30200.43,30486.0,29637.4,29888.07,62049.48451,1863497606.1415303,1246556.0,31136.38576,935223730.572567
2023-04-13,29888.07,30595.0,29854.59,30373.84,51934.11731,1571091101.1299672,1054144.0,26767.65298,809748635.0025868
2023-04-14,30373.84,31000.0,29966.0,30466.93,75984.19452,2323267494.38023,1504180.0,38406.59006,1174371283.5651665
2023-04-15,30466.93,30595.6,30202.0,30295.09,25429.81247,772211097.614016,732418.0,12424.34509,377293528.3129067
2023-04-16,30295.1,30549.99,30120.0,30304.65,26431.99322,801322926.1525651,708233.0,13163.73591,399115587.0035981
2023-04-17,30304.66,30316.06,29240.65,29430.27,56441.81127,1675287761.4330356,1137294.0,26880.17771,797711012.8071816
2023-04-18,29430.27,30485.0,29096.78,30380.01,62004.89434,1861001491.9786973,1141562.0,32417.57068,972769560.7303039
2023-04-19,30380.01,30413.53,28520.0,28797.1,86575.48656,2541283888.303447,1699891.0,41467.78872,1217556267.2010958
2023-04-20,28797.1,29088.3,28010.0,28243.65,76879.09372,2198854031.424746,1434642.0,36919.58585,1055949765.7724996
2023-04-21,28243.65,28374.02,27125.0,27262.84,77684.7679,2164667611.9354606,1463628.0,38419.13612,1070540576.475792
2023-04-22,27262.84,27882.72,27140.35,27816.85,36023.69686,989379475.3218232,859500.0,18612.89655,511200971.6362268
2023-04-23,27816.85,27816.85,27311.25,27590.6,34812.09581,959389698.7572551,873485.0,17610.47671,485328645.6943109
2023-04-24,27590.59,28000.0,26942.82,27510.93,53111.56874,1458406515.6404214,1211080.0,25641.28044,704079582.6514922
2023-04-25,27510.93,28399.99,27192.0,28300.79,52325.14637,1446329375.242731,1087067.0,26833.47192,742069216.9989536
2023-04-26,28300.8,30036.0,27235.0,28415.29,129228.40403,3719701461.9091635,2261942.0,64540.55521,1857698379.2654004
2023-04-27,28415.29,29890.0,28378.86,29472.77,95430.82431,2784859692.3646197,1990148.0,48601.97474,1418439305.6179047
2023-04-28,29472.77,29599.54,28891.0,29311.7,54298.16578,1590683771.6681979,1129240.0,26659.2164,780784851.5470374
2023-04-29,29311.69,29448.88,29031.0,29230.45,20466.83058,599466910.0466621,619319.0,10024.59978,293627195.7058327
2023-04-30,29230.45,29969.39,29079.59,29233.21,39752.5372,1172155267.8761897,949458.0,19894.27252,586711670.5560739
2023-05-01,29233.2,29337.34,27666.95,28068.26,64433.65958,1828221138.9544399,1362793.0,30761.9269,872712018.1808254
2023-05-02,28068.26,28879.88,27872.0,28669.86,50824.5224,1441733922.0116444,1174697.0,24789.36748,703206831.7801806
2023-05-03,28669.85,29266.66,28113.69,29026.16,64615.79213,1845961218.8432436,1502909.0,32291.20998,922549963.2507579
2023-05-04,29026.16,29379.83,28663.64,28838.16,42575.47501,1233816136.1606576,961542.0,20470.2124,593281438.9381377
2023-05-05,28838.16,29677.0,28800.0,29505.61,58415.83048,1709786814.901134,1288027.0,29071.98606,850975342.6424303
2023-05-06,29505.6,29820.0,28300.0,28848.2,49249.28459,1429517892.780502,1221021.0,23315.95073,676717267.0117224
2023-05-07,28848.19,29138.29,28395.23,28430.1,30003.41028,865838535.326382,855425.0,14904.01102,430162358.6294252
2023-05-08,28430.09,28631.01,27262.0,27668.79,68244.36179,1903052694.6684127,1600637.0,32347.56935,901988104.11036
2023-05-09,27668.8,27818.0,27353.0,27628.27,40113.31069,1106923908.305847,1003698.0,20094.09737,554561922.8053713
2023-05-10,27628.28,28331.42,26777.0,27598.75,71155.11355,1971173412.435502,1534579.0,34398.83676,953153016.5096189
2023-05-11,27598.74,27630.14,26702.05,26968.62,47635.31365,1295799109.011004,1257000.0,23270.11723,632925807.4925774
2023-05-12,26968.61,27091.12,25811.46,26795.01,67207.93494,1777052127.731093,1351633.0,33147.27251,876487224.2550423
2023-05-13,26795.01,27045.45,26692.03,26775.28,22814.90421,612062852.0866882,605049.0,10959.29947,294038915.0326263
2023-05-14,26775.27,27200.0,26560.53,26917.62,21594.8036,580801698.0002693,629537.0,10672.14983,287060095.3315276
2023-05-15,26917.61,27663.59,26726.0,27162.14,40430.08333,1104633264.131574,935914.0,19301.24631,527237637.3310134
2023-05-16,27162.15,27296.89,26852.11,27033.84,33270.45451,900273404.6010331,815642.0,15970.99932,432214355.0561344
2023-05-17,27033.85,27500.0,26544.71,27405.61,42958.97785,1159714527.6352634,1016823.0,21634.02212,584185553.7913067
2023-05-18,27405.62,27485.33,26361.2,26821.28,49198.65143,1330745572.6946373,1057318.0,23659.89374,640128055.9068437
2023-05-19,26821.28,27183.6,26630.0,26880.26,28754.13544,772864757.1633048,756295.0,13622.24812,366169697.3870807
2023-05-20,26880.26,27150.0,26825.11,27102.43,14434.54718,389225653.7451669,481382.0,6769.94368,182562924.6341634
2023-05-21,27102.42,27277.55,26666.03,26747.78,21347.87279,575213570.2794422,568937.0,9855.43959,265526847.3320675
2023-05-22,26747.78,27099.89,26538.21,26849.27,26458.83828,709594996.7242744,717111.0,12639.67925,338982776.4596819
2023-05-23,26849.28,27495.83,26798.11,27219.61,38700.83858,1054565781.6023751,816399.0,18966.20117,516737777.2652495
2023-05-24,27219.61,27219.61,26080.5,26329.01,54393.0657,1442636235.4543552,1012767.0,26698.91191,707870181.8163438
2023-05-25,26329.0,26631.98,25871.89,26473.79,37435.44895,984117789.7017612,753125.0,17773.08882,467287939.9395918
2023-05-26,26473.8,26932.16,26327.24,26705.92,35061.18713,932817724.59401,655755.0,16507.37461,439209106.7446719
2023-05-27,26705.93,26895.0,26551.0,26854.27,15095.6867,403337263.0344908,415694.0,7152.30076,191116596.7726723
2023-05-28,26854.28,28261.32,26764.36,28065.0,43916.00855,1205762341.9704952,843861.0,23346.55866,640869473.6004443
2023-05-29,28065.01,28447.14,27524.6,27736.4,42385.41945,1182678581.634669,805579.0,20199.85331,563722083.6591941
2023-05-30,27736.39,28038.59,27554.0,27694.4,32686.75371,908653906.0072742,745633.0,15196.52438,422438614.8525725
2023-05-31,27694.39,27835.51,26839.01,27210.35,46588.80573,1265952178.7798684,908537.0,21962.66824,596493723.439264
2023-06-01,27210.36,27350.0,26605.05,26817.93,39217.8088,1055132509.8658342,814389.0,18620.69161,500960557.9227829
2023-06-02,26817.93,27300.0,26505.0,27242.59,36380.90269,983857061.6408418,811087.0,18134.67738,490485191.7880676
2023-06-03,27242.59,27333.29,26914.93,27069.22,16595.34117,450588672.4704081,466520.0,7745.7868,210327639.5610825
2023-06-04,27069.22,27455.02,26951.0,27115.21,19258.41049,523747237.4389696,504474.0,9511.72432,258699846.4758803
2023-06-05,27115.2,27129.33,25388.0,25728.2,65805.60305,1722665798.0920303,1420829.0,30583.35138,799867474.2125897
2023-06-06,25728.2,27355.33,25351.02,27230.08,68392.60438,1797636024.0812125,1345725.0,35083.7879,922716234.2100114
2023-06-07,27230.07,27391.77,26125.01,26339.34,59619.44364,1589291467.5372329,1311928.0,28095.50924,749083400.1203892
2023-06-08,26339.34,26810.0,26210.0,26498.61,31075.51083,823023638.236875,848252.0,14614.60741,387105933.4399799
2023-06-09,26498.62,26783.33,26269.91,26477.81,27934.7097,741158215.0539023,746911.0,12757.07361,338454644.8956143
2023-06-10,26477.8,26533.87,25358.0,25841.21,64944.60108,1673795235.4008923,1713871.0,31558.13098,813190388.2485608
2023-06-11,25841.22,26206.88,25634.7,25925.55,30014.29595,776111471.8669971,833902.0,14266.10759,368954010.8074442
2023-06-12,25925.54,26106.48,25602.11,25905.19,29900.50893,773303698.8633221,858037.0,14219.97114,367770742.66004
2023-06-13,25905.2,26433.21,25712.57,25934.25,41065.60853,1068985236.5126554,1007138.0,20120.32689,523776704.241491
2023-06-14,25934.24,26098.0,24820.56,25128.6,45077.31608,1152808416.919793,957418.0,20726.13761,530122336.3788532
2023-06-15,25128.6,25759.01,24800.0,25598.49,48664.86063,1224436974.8502872,943268.0,24035.81623,604884325.2462568
2023-06-16,25598.49,26518.0,25175.56,26345.0,51596.91662,1335158158.639614,926194.0,24055.65943,622525707.6049981
2023-06-17,26345.01,26839.99,26181.0,26516.99,27842.2195,738491809.8811625,666967.0,13843.65158,367248705.0054073
2023-06-18,26516.99,26700.0,26255.85,26339.97,21538.31022,571013013.8553362,555956.0,10367.07533,274864183.4442869
2023-06-19,26339.98,27068.09,26256.61,26844.35,35872.65974,954193987.2948112,732735.0,17593.19977,468128198.054531
2023-06-20,26844.35,28402.74,26652.0,28307.99,69666.95525,1912797983.5310054,1189024.0,35052.57462,962782935.6899298
2023-06-21,28308.0,30800.0,28257.99,29993.89,108926.40412,3210301129.366291,1872873.0,55846.96952,1646165465.2449384
2023-06-22,29993.89,30500.0,29525.61,29884.92,59054.5646,1775822103.7632556,1146092.0,27902.93312,839284260.1798254
2023-06-23,29884.92,31431.94,29800.0,30688.5,73931.89635,2265077496.195469,1338533.0,36289.3174,1112439184.9506557
2023-06-24,30688.51,30800.0,30250.0,30527.43,30513.30135,933244397.7040021,776343.0,14497.56447,443500647.9220822
2023-06-25,30527.44,31046.01,30277.49,30462.66,30223.44801,926316644.4167665,789910.0,14627.97473,448414594.5587875
2023-06-26,30462.67,30666.0,29930.0,30267.99,45180.41489,1367837657.5451825,954783.0,22277.58284,674540668.5726604
2023-06-27,30267.99,30994.97,30226.17,30692.44,42699.64157,1306206257.0193572,824373.0,21151.29517,647203906.7656411
2023-06-28,30692.44,30709.74,29858.8,30077.41,40463.51937,1224103637.6132562,895470.0,19176.75428,580226725.8333887
2023-06-29,30077.4,30843.98,30049.98,30447.31,36330.62903,1107940389.9242406,758428.0,17834.38857,543872730.2617269
2023-06-30,30447.31,31282.0,29500.0,30472.0,89419.07618,2726355505.5063505,1559366.0,44319.81254,1351735332.858577
2023-07-01,30471.99,30661.6,30320.57,30585.9,17501.75075,533859338.1325383,567975.0,8102.13876,247175148.950766
2023-07-02,30585.9,30791.0,30155.0,30617.03,23286.41019,711031423.4334425,591533.0,10630.2474,324616031.9581684
2023-07-03,30617.02,31380.0,30570.27,31156.2,43761.64311,1352635339.5043936,781855.0,20885.94331,645698735.3773494
2023-07-04,31156.2,31350.69,30620.0,30766.51,33206.11943,1028794008.5245212,779472.0,14107.36566,437126154.0841225
2023-07-05,30766.52,30878.07,30200.0,30504.81,33215.67122,1013694790.3170501,827926.0,15619.11716,476478254.9434133
2023-07-06,30504.8,31500.0,29850.45,29895.43,71319.6261,2181763648.99527,1397042.0,33952.63237,1039137135.293551
2023-07-07,29895.42,30449.0,29701.02,30344.7,34070.53895,1027461795.2332091,912948.0,14875.86309,448638761.3838917
2023-07-08,30344.7,30386.81,30044.47,30284.63,13094.59042,395759717.5724278,480214.0,5990.91468,181083431.1999306
2023-07-09,30284.63,30445.52,30061.12,30160.71,15388.50196,465781514.2589476,473168.0,7017.35093,212433521.8897289
2023-07-10,30160.71,31045.78,29950.0,30411.57,41262.87652,1254289037.7420728,896853.0,19574.2347,595390893.1450084
2023-07-11,30411.57,30813.63,30300.0,30622.1,28476.83311,868966244.2412692,691213.0,13670.16079,417204801.1629621
2023-07-12,30622.1,30983.25,30210.0,30380.0,38108.99669,1166497472.433173,784195.0,18251.27965,558742524.9312288
2023-07-13,30380.0,31804.2,30251.0,31454.23,70772.51836,2194927210.224416,1301632.0,36084.84178,1119542855.1513171
2023-07-14,31454.23,31630.0,29900.0,30312.01,60749.48424,1869443273.7476244,1274387.0,28513.77996,877642037.8224415
2023-07-15,30312.0,30390.9,30200.0,30289.52,14118.55329,427921094.3021783,488354.0,6430.54981,194912673.9119217
2023-07-16,30289.52,30441.46,30064.29,30231.99,15760.1281,477189328.0072937,494225.0,7322.44372,221713710.223243
2023-07-17,30232.0,30336.96,29659.2,30138.0,30882.76839,929647644.243343,816466.0,14352.21893,432105955.4547703
2023-07-18,30138.01,30239.78,29512.0,29859.13,30003.8601,897157095.4774112,754775.0,13771.19621,411748868.0629127
2023-07-19,29859.14,30189.09,29761.96,29909.21,25657.36137,769254865.2851151,617415.0,12260.98321,367624217.9174355
2023-07-20,29909.21,30417.46,29570.96,29800.0,37540.68193,1125950643.7116494,749723.0,18061.33493,541742405.5204978
2023-07-21,29800.0,30061.7,29726.34,29901.72,23881.40865,713123417.7612139,555611.0,11566.3884,345404092.6459083
2023-07-22,29901.72,29999.0,29625.1,29794.0,14660.40467,437785700.3396102,423988.0,6725.50525,200848375.4485695
2023-07-23,29793.99,30350.0,29730.0,30083.75,18292.78637,548940321.0915866,519434.0,8889.35695,266761143.4116981
2023-07-24,30083.75,30099.58,28861.9,29176.5,39628.99691,1162562413.8190155,869107.0,18047.66786,529388757.4915814
2023-07-25,29176.5,29376.0,29047.65,29228.91,21565.7478,629531351.1145664,533797.0,10257.29455,299466722.1976085
2023-07-26,29228.91,29690.0,29096.94,29351.96,33931.63366,995569172.1396836,750401.0,15987.94266,469155943.83416
2023-07-27,29351.95,29567.49,29083.85,29222.78,22476.47626,659594157.3443576,583045.0,10384.95749,304728875.7312362
2023-07-28,29222.78,29542.22,29123.12,29314.14,23993.61627,702705076.837866,543177.0,11422.36141,334588917.0883291
2023-07-29,29314.14,29406.92,29256.18,29352.9,10851.36844,318276733.8766431,339750.0,5443.09222,159659088.1646764
2023-07-30,29352.9,29449.0,29033.24,29281.09,15706.97441,459830379.6509824,454846.0,7720.41654,226012721.3705351
2023-07-31,29281.09,29530.0,29101.8,29232.25,22605.48964,663025204.2072346,563115.0,11029.2258,323482162.2920864
2023-08-01,29232.26,29739.25,28585.7,29705.99,44719.65162,1299160215.077924,900141.0,21831.75056,634595648.9435309
2023-08-02,29705.99,30047.5,28927.5,29186.01,48181.65141,1419729744.649752,945158.0,22953.8144,676256840.2750593
2023-08-03,29186.0,29433.33,28968.0,29193.64,26476.91994,773302705.4947629,651970.0,12901.09228,376856740.4883937
2023-08-04,29193.65,29333.08,28807.54,29113.99,23551.95217,686643453.3930904,544850.0,10539.62903,307284659.321428
2023-08-05,29114.0,29152.23,28978.64,29072.13,11645.52018,338478560.1218247,331924.0,5491.4962,159611625.1658778
2023-08-06,29072.13,29205.09,28991.88,29088.42,13178.1972,383209498.8777505,338654.0,6471.24487,188192943.696217
2023-08-07,29088.43,29276.78,28701.03,29211.06,30966.87746,899492595.6812717,671438.0,15375.49318,446702609.5645752
2023-08-08,29211.06,30244.0,29146.45,29770.42,45700.53392,1352934531.6659672,877168.0,24189.62133,716161501.5730364
2023-08-09,29770.41,30160.0,29376.67,29581.99,38003.88725,1130396850.0974114,750252.0,18700.85778,556446376.251785
2023-08-10,29581.99,29738.0,29320.2,29455.75,23463.45373,692863472.0877249,513691.0,11204.06553,330886650.2003818
2023-08-11,29455.76,29564.52,29252.45,29426.03,20637.0443,607176051.3015367,437828.0,9803.94004,288451712.1002085
2023-08-12,29426.02,29481.35,29381.56,29430.17,8971.48068,263949405.5434029,310852.0,4181.99127,123039182.1587899
2023-08-13,29430.18,29474.65,29272.32,29303.84,11101.70947,326264625.2296824,341726.0,5257.07008,154501729.2473491
2023-08-14,29303.85,29695.32,29102.45,29430.93,31443.11532,924613476.681799,671592.0,15036.11048,442247506.1673844
2023-08-15,29430.92,29499.26,29059.6,29200.0,27503.87691,806683957.3100156,591162.0,12751.63951,374046205.2590536
2023-08-16,29200.01,29259.85,28723.08,28730.51,32996.69854,959870747.0063142,768028.0,14761.86053,429510396.4298237
2023-08-17,28730.51,28783.48,25166.0,26623.41,100271.54033,2755821274.340605,1976577.0,47495.99471,1302553963.3106227
2023-08-18,26623.41,26832.6,25619.0,26054.0,69790.65711,1834219523.699404,1293122.0,33522.24573,881095856.1944035
2023-08-19,26054.0,26281.0,25801.09,26100.01,26160.75343,680623880.8247554,615764.0,12952.29598,337010159.8115182
2023-08-20,26100.01,26299.0,25971.05,26189.99,19056.91209,497880752.2301158,451543.0,9909.1293,258890029.0825063
2023-08-21,26190.0,26258.42,25812.0,26126.92,30267.24233,788205156.3215925,565987.0,14052.07264,365942107.3406446
2023-08-22,26126.92,26139.42,25300.0,26056.0,34247.06688,886782344.1602929,603624.0,16436.92888,425661908.6149738
2023-08-23,26055.99,26819.27,25812.82,26432.72,44023.69978,1156326251.922411,673711.0,21955.66524,576734438.2954001
2023-08-24,26432.71,26577.87,25864.0,26180.05,30205.22116,792966965.8982658,575619.0,13987.93493,367233375.4168434
2023-08-25,26180.05,26314.05,25777.15,26060.01,27753.33772,722611079.1898074,611438.0,13258.65894,345214226.918254
2023-08-26,26060.0,26125.77,25985.92,26017.37,10022.22322,261041530.4758038,329412.0,4681.90628,121952627.5976749
2023-08-27,26017.38,26182.23,25966.11,26101.77,12099.64216,315548363.0193776,349090.0,6170.48664,160918200.3936097
2023-08-28,26101.78,26253.99,25864.5,26120.0,22692.62655,591008939.17657,523057.0,10912.40549,284226173.7934395
2023-08-29,26120.0,28142.85,25922.0,27716.34,74251.99488,2023326050.758479,1137083.0,37945.55071,1034244032.3814663
2023-08-30,27716.34,27768.57,27017.24,27299.99,35448.25848,969086451.1625257,690292.0,16715.57712,456926409.729732
2023-08-31,27299.99,27587.51,25655.01,25940.78,51032.80401,1360373186.0116708,944690.0,24598.11397,655707233.8849008
2023-09-01,25940.77,26156.0,25333.75,25805.05,41032.15056,1059444591.7097493,881179.0,19960.9903,515429946.1831724
2023-09-02,25805.04,25987.5,25752.47,25869.51,16250.77698,419812969.9468598,567728.0,7634.91416,197234437.0220484
2023-09-03,25869.52,26135.0,25800.0,25971.21,17474.47667,453100690.1021077,496412.0,8583.16498,222581536.0268467
2023-09-04,25971.21,26108.02,25631.21,25826.02,21777.59609,563532890.5699993,596830.0,10177.3686,263365883.4295556
2023-09-05,25826.03,25915.49,25562.62,25792.1,21323.39337,548893707.6002005,566736.0,9926.65838,255537038.4660957
2023-09-06,25792.11,26040.0,25372.51,25759.95,27262.52386,700763180.8011677,636302.0,12736.70564,327416444.7840959
2023-09-07,25759.95,26443.14,25615.38,26255.0,27687.49567,718923008.9071183,631929.0,13506.19156,350741324.2920373
2023-09-08,26255.0,26445.5,25647.26,25910.5,28999.76471,754184537.1096923,646852.0,14238.89945,370236844.4314076
2023-09-09,25910.5,25945.09,25796.64,25901.61,10980.62277,284109473.8075783,359038.0,5212.44349,134863388.7628859
2023-09-10,25901.6,26033.66,25570.57,25841.61,18738.26914,483577459.2055345,489773.0,8747.51072,225752901.0403501
2023-09-11,25841.6,25900.69,24901.0,25162.52,41682.32,1057371884.6697066,864138.0,19664.90243,498821645.3852222
2023-09-12,25162.53,26567.0,25131.48,25840.1,56434.38537,1464393036.9616623,1047056.0,27720.5183,719147319.9787064
2023-09-13,25840.1,26405.22,25764.17,26222.0,31610.82753,825437881.4687591,714880.0,15287.00038,399099781.6207648
2023-09-14,26222.0,26860.49,26126.77,26522.73,38333.1725,1015267319.7730227,799278.0,19440.45467,514863794.3783894
2023-09-15,26522.73,26888.0,26224.0,26600.0,26227.29369,695203258.0004445,654094.0,12600.39115,334045930.7667212
2023-09-16,26599.99,26777.0,26445.0,26559.67,13960.93351,370889866.4592735,526416.0,6508.91352,172926781.3888423
2023-09-17,26559.67,26623.25,26399.0,26527.51,12998.10277,344703727.5601071,476775.0,6359.89459,168675580.016463
2023-09-18,26527.5,27409.0,26377.35,26762.51,43000.43256,1158780347.625305,938705.0,21551.71605,580912488.7594309
2023-09-19,26762.5,27483.57,26667.79,27210.26,36190.52187,981539255.55962,898076.0,17851.15558,484061308.124933
2023-09-20,27210.25,27388.63,26800.0,27125.0,34207.21867,927206075.9626273,867288.0,16983.43086,460402346.1707834
2023-09-21,27125.01,27159.6,26377.7,26568.08,34476.82662,920768143.3513128,823416.0,16878.78202,450738363.8506985
2023-09-22,26568.08,26743.38,26468.77,26580.14,18198.2292,484331618.9485319,567149.0,8484.09679,225805692.7235693
2023-09-23,26580.14,26632.81,26509.0,26575.96,9440.7026,250873957.3886738,421717.0,4387.1973,116581214.130133
2023-09-24,26575.97,26738.54,26122.08,26248.38,15706.65771,416368301.3736848,545045.0,7547.06342,200078452.0167577
2023-09-25,26248.39,26446.15,25990.46,26304.81,26266.2039,688252596.3809944,873488.0,12654.58207,331622453.1518055
2023-09-26,26304.8,26397.46,26088.34,26221.67,18495.35066,485217905.0421048,697727.0,8813.76144,231246870.5474588
2023-09-27,26221.68,26850.0,26112.06,26372.99,34771.57978,918797815.048481,939690.0,16813.75506,444221386.426141
2023-09-28,26373.0,27308.48,26342.4,27021.39,44517.83491,1193420040.1309185,1158974.0,22463.19242,602340703.6015062
2023-09-29,27021.39,27244.89,26665.16,26906.96,28478.76219,767827314.9319088,878610.0,14409.35554,388591243.2591525
2023-09-30,26906.96,27094.99,26886.31,26962.56,12804.62307,345406056.6806953,534908.0,6221.24272,167818583.0599575
2023-10-01,26962.57,28065.51,26954.09,27992.57,24602.81468,674657121.9944204,883593.0,12815.98694,351622961.4701274
2023-10-02,27992.58,28580.0,27281.44,27494.51,57071.14241,1600944483.4902065,1464158.0,28423.61,797598852.4797782
2023-10-03,27494.51,27676.52,27160.5,27426.46,28928.96555,794301815.426502,1202377.0,13562.03527,372402100.7967511
2023-10-04,27426.45,27839.72,27202.0,27778.57,29816.142,820421385.2557853,1188381.0,15077.70185,414806576.3484014
2023-10-05,27778.57,28120.39,27352.0,27410.39,30681.49619,849415594.0472504,1210397.0,14985.99405,415039706.5866476
2023-10-06,27410.39,28295.0,27175.94,27931.09,37983.24277,1052864393.8176135,1326700.0,19091.24006,529241188.557369
2023-10-07,27931.1,28029.67,27842.08,27956.67,13348.83825,372820279.523143,641623.0,6392.35089,178534947.7787839
2023-10-08,27956.67,28095.14,27687.5,27917.05,19693.56921,549839951.4800811,822730.0,9216.08271,257333249.5330772
2023-10-09,27917.06,27987.93,27260.0,27590.12,31534.74639,870014634.3621609,1156525.0,15077.43003,415887241.10445
2023-10-10,27590.12,27735.0,27298.0,27390.12,22776.84383,626258724.2775784,1002272.0,10851.22317,298354384.6981499
2023-10-11,27390.12,27477.39,26538.66,26875.52,37349.44706,1007065585.9346406,1336479.0,17460.0774,470620209.7857446
2023-10-12,26875.52,26947.04,26555.0,26759.63,23428.64112,626909068.3868717,1066082.0,11128.85943,297794983.5412317
2023-10-13,26759.63,27130.0,26685.0,26862.0,24115.76499,647553796.3580662,1035322.0,11209.65389,301049285.742293
2023-10-14,26862.0,26989.58,26789.0,26852.48,10417.25576,280059019.0534013,517837.0,4378.85219,117730324.8186729
2023-10-15,26852.48,27293.33,26808.25,27154.15,15274.6917,412673965.3439348,682942.0,7802.69243,210833694.1344327
2023-10-16,27154.14,30000.0,27112.66,28500.78,78399.22445,2210785548.2360964,2289339.0,40738.04173,1148700588.6793344
2023-10-17,28500.77,28613.65,28069.32,28395.91,38428.44532,1090741746.4830873,1345810.0,18994.06799,539218488.3415859
2023-10-18,28395.91,28982.36,28142.87,28320.0,32162.47591,914773525.1527581,1215235.0,15590.14442,443515753.8170772
2023-10-19,28320.0,28916.89,28100.66,28713.71,35895.50179,1023984017.0322788,1330256.0,18427.23743,525695852.5632501
2023-10-20,28713.71,30207.55,28578.29,29669.04,59422.0992,1753411192.551091,1915748.0,29466.75927,869634841.3281221
2023-10-21,29669.05,30379.99,29464.77,29909.8,27517.51897,821964508.4353629,1152137.0,13836.12444,413323530.3421796
2023-10-22,29909.8,30248.0,29640.0,29992.46,22852.54563,683854827.8969322,1008299.0,11161.46844,334011129.2314961
2023-10-23,29992.46,34741.91,29883.6,33069.99,93513.64246,2941620022.8651876,2839938.0,47839.23087,1505815243.5676994
2023-10-24,33069.99,35280.0,32832.34,33922.73,115265.02418,3933194868.161196,2850160.0,57409.31981,1959449469.4657931
2023-10-25,33922.73,35132.85,33679.05,34496.05,54887.02529,1888210825.6063828,1643976.0,26150.50377,900236395.3726264
2023-10-26,34496.05,34824.13,33751.0,34151.66,39744.66255,1363077907.10912,1382785.0,18528.43061,635547858.4928182
2023-10-27,34151.66,34245.0,33390.95,33892.02,32330.40106,1096889423.419842,1112240.0,14310.32429,485405697.9244014
2023-10-28,33892.01,34493.33,33860.0,34081.0,16880.13144,575936523.347353,607438.0,8313.30759,283656619.5863619
2023-10-29,34081.01,34750.11,33930.0,34525.89,20685.52176,711652985.1790963,717480.0,10053.96096,345933681.7968467
2023-10-30,34525.88,34856.0,34062.84,34474.73,33657.95976,1159771907.6421053,1117727.0,15237.56781,525162190.5371194
2023-10-31,34474.74,34720.49,34025.0,34639.77,32737.89822,1125442444.4884882,1179053.0,15843.795,544722903.4968481
2023-11-01,34639.78,35582.0,34097.39,35421.43,53473.28165,1856348820.4794536,1624635.0,25779.0029,895387891.4676665
2023-11-02,35421.43,35984.99,34300.0,34941.59,48015.57732,1686141698.092171,1450837.0,23303.3535,818365718.9549311
2023-11-03,34941.58,34946.5,34120.0,34716.78,39071.20644,1347962831.5658624,1237373.0,19168.85669,661176167.7749346
2023-11-04,34716.78,35255.0,34585.18,35062.07,18377.55545,639958598.4198353,794787.0,9229.16649,321479754.9172934
2023-11-05,35062.06,35380.0,34448.0,35011.88,24528.73376,859350974.0014893,1038468.0,11870.33193,415912075.9000027
2023-11-06,35011.89,35276.33,34725.9,35046.09,22346.47086,782427702.2653205,988246.0,10770.27727,377126281.1530906
2023-11-07,35046.09,35888.0,34523.06,35399.12,38688.73692,1358031361.1978526,1352796.0,19375.26868,680382009.6599416
2023-11-08,35399.13,36106.0,35100.0,35624.72,33401.34137,1185492160.4927278,1132568.0,17192.8245,610314635.3798897
2023-11-09,35624.72,37972.24,35534.05,36701.09,82537.88885,3033417922.7826815,2138765.0,42156.81236,1550254981.0451877
2023-11-10,36701.1,37526.0,36324.71,37301.63,43414.04898,1605069174.5241032,1297729.0,21388.56879,790671818.768367
2023-11-11,37301.63,37408.26,36666.93,37130.0,22984.97235,851924612.7339427,923300.0,10728.65792,397673179.6679197
2023-11-12,37129.99,37222.22,36731.1,37064.13,17687.18874,655570813.1382711,810885.0,8506.46051,315285367.544748
2023-11-13,37064.13,37417.99,36333.0,36462.93,32798.18252,1208037462.3041444,1217191.0,15442.44512,568916594.9113173
2023-11-14,36462.93,36744.0,34800.0,35551.19,45503.68416,1639130785.08681,1404428.0,21205.18615,763841642.880878
2023-11-15,35551.2,37980.0,35360.0,37858.2,53569.13385,1963249656.5094738,1545427.0,28142.1424,1031669501.9934208
2023-11-16,37858.2,37929.54,35500.0,36163.51,47490.39566,1744503339.0151725,1542446.0,22214.04928,815932555.1331269
2023-11-17,36163.51,36800.0,35861.1,36613.92,38283.61112,1391225051.1923273,1349322.0,18403.36411,668865883.1417465
2023-11-18,36613.91,36845.49,36178.58,36568.1,17102.24186,624434069.5256634,784498.0,8101.54756,295795105.4300323
2023-11-19,36568.11,37500.0,36384.02,37359.86,21246.34648,781531839.4371592,862400.0,10575.25293,389089868.806342
2023-11-20,37359.85,37750.0,36677.0,37448.78,36022.70291,1343722642.386475,1485050.0,17591.22652,656245983.7397183
2023-11-21,37448.79,37649.44,35735.0,35741.65,47646.54804,1756747495.9818547,1936895.0,22371.42068,824920009.55786
2023-11-22,35741.65,37861.1,35632.01,37408.34,45051.30697,1657141022.427348,1648374.0,23046.71174,847145468.3259536
2023-11-23,37408.35,37653.44,36870.0,37294.28,23827.92882,888826648.8541473,992284.0,11086.35132,413539343.9448205
2023-11-24,37294.27,38414.0,37251.51,37713.57,44680.80646,1688715728.079148,1379414.0,22349.17236,844803081.6321824
2023-11-25,37713.57,37888.0,37591.1,37780.67,11396.14464,430165251.7609749,569448.0,5153.91116,194536221.2850941
2023-11-26,37780.67,37814.63,37150.0,37447.43,21264.53723,797321193.5893991,848020.0,10204.51641,382571274.0460782
2023-11-27,37447.42,37569.23,36707.0,37242.7,30001.07376,1112557435.2767923,1238017.0,14458.63822,536129095.5668442
2023-11-28,37242.7,38377.0,36868.41,37818.87,37544.46667,1414360251.6823456,1272779.0,18168.56198,684514270.9388717
2023-11-29,37818.88,38450.0,37570.0,37854.64,32994.19107,1252586505.66259,1131353.0,15588.96473,591917955.4743968
2023-11-30,37854.65,38145.85,37500.0,37723.96,24740.29147,934491058.9608141,1007791.0,11484.45424,433772722.5045634
2023-12-01,37723.97,38999.0,37615.86,38682.52,43415.66324,1669750777.6239815,1523417.0,22408.27301,861977420.1631953
2023-12-02,38682.51,39717.14,38641.61,39450.35,26696.92161,1043421976.7660652,1034690.0,13166.65386,514763687.5746009
2023-12-03,39450.35,40250.0,39274.86,39972.26,26710.65335,1059860641.0494444,1151524.0,13333.29632,529259227.1675092
2023-12-04,39972.26,42420.0,39972.26,41991.1,79272.33059,3285736844.1408806,2112219.0,38595.61905,1599710862.0871768
2023-12-05,41991.1,44488.0,41414.0,44073.32,67490.74644,2890205389.4901266,2072700.0,34815.80813,1491813847.2389681
2023-12-06,44073.82,44297.21,43335.28,43762.69,51431.10492,2256979505.594805,1876282.0,25092.62492,1101273363.0864296
2023-12-07,43762.69,44047.33,42821.1,43273.14,47103.26845,2046945851.8836446,1414759.0,22635.67672,983629776.4938614
2023-12-08,43273.15,44700.0,43081.1,44170.99,42900.37556,1875581755.4469104,1311268.0,20818.67861,910357262.894073
2023-12-09,44171.0,44358.02,43584.51,43713.6,24925.97008,1096487106.5648339,987352.0,11598.00774,510255993.8680859
2023-12-10,43713.59,44049.0,43563.0,43789.51,18956.61758,830485162.5569535,830667.0,8841.90643,387376075.3824843
2023-12-11,43789.5,43804.5,40222.0,41253.4,76663.89804,3205540835.511434,2087142.0,36499.24269,1525642878.1521034
2023-12-12,41253.41,42104.12,40680.0,41492.39,42722.69773,1773961284.3375635,1526411.0,21394.91158,888438328.8915346
2023-12-13,41492.38,43475.2,40555.0,42869.03,45865.99773,1919703389.4848804,1724659.0,22354.97386,935785466.0225857
2023-12-14,42869.03,43420.0,41400.0,43022.26,42047.05709,1798740625.30166,1599536.0,20579.79343,880356342.3815118
2023-12-15,43022.26,43080.81,41666.0,41940.3,33421.7932,1416898938.509979,1323628.0,16321.13654,691713304.7485888
2023-12-16,41940.29,42724.43,41605.0,42278.03,24118.85747,1020469627.8857331,1180886.0,12193.50511,515909440.9100929
2023-12-17,42278.02,42424.07,41252.0,41374.65,27722.11452,1161963642.9627964,1227634.0,13245.86404,555309260.127941
2023-12-18,41374.64,42757.81,40542.93,42657.8,46734.0925,1936003306.0825727,1741647.0,23255.79871,963775419.5731498
2023-12-19,42657.8,43497.0,41811.1,42275.99,40927.86444,1747830242.4615936,1609188.0,20163.65946,861082883.3110158
2023-12-20,42275.99,44283.0,42206.0,43668.93,48710.2947,2115813869.779619,1934588.0,23912.13682,1038694005.7761399
2023-12-21,43668.92,44242.35,43286.72,43861.8,34624.29384,1514529919.1877797,1500702.0,17058.89545,746266380.7692404
2023-12-22,43861.79,44398.26,43412.54,43969.04,32783.19638,1436074497.5128598,1404109.0,16049.22275,703199211.0393196
2023-12-23,43969.04,43988.68,43291.1,43702.16,16557.1293,722943825.3332176,849658.0,7765.30564,339046509.1677196
2023-12-24,43702.15,43946.0,42500.0,42991.5,25144.33496,1093460634.8894227,1137678.0,11841.26614,514962029.1783347
2023-12-25,42991.5,43802.32,42720.43,43576.13,27021.23992,1172053386.5109816,1168428.0,13691.2393,593900885.8031462
2023-12-26,43576.12,43592.68,41637.6,42508.93,41010.04282,1746333612.304945,1475816.0,21096.16634,898267435.237983
2023-12-27,42508.93,43677.0,42098.69,43428.85,36191.21136,1554082990.052276,1439770.0,18982.83267,815239612.617364
2023-12-28,43428.86,43787.57,42241.79,42563.76,35150.52485,1508408742.378081,1391826.0,17422.8191,747631903.055399
2023-12-29,42563.76,43111.0,41300.0,42066.95,42597.18912,1803086285.2465775,1571137.0,21195.34128,897324724.7968955
2023-12-30,42066.94,42612.32,41520.3,42140.28,22906.57818,964875790.984935,936545.0,11727.69648,494133887.9071811
2023-12-31,42140.29,42899.0,41965.84,42283.58,23585.91603,1001519241.5559053,1016484.0,11997.14865,509478742.7445108
2024-01-01,42283.58,44184.1,42180.77,44179.55,27174.29903,1169995682.0280013,1114623.0,14331.7318,617352094.5605195
2024-01-02,44179.55,45879.63,44148.34,44946.91,65146.40661,2944331821.8230762,2247532.0,33817.14447,1527964124.2375848
2024-01-03,44946.91,45500.0,40750.0,42845.23,81194.55173,3507104563.744232,2658041.0,39103.99162,1687665202.9513144
2024-01-04,42845.23,44729.58,42613.77,44151.1,48038.06334,2095095359.4936347,1819944.0,23605.90059,1030075267.839013
2024-01-05,44151.1,44357.46,42450.0,44145.11,48075.25327,2100953924.3687155,2064845.0,24015.06426,1049655019.1400094
2024-01-06,44145.12,44214.42,43397.05,43968.32,17835.06144,781212883.4916061,956642.0,9048.57073,396341787.3638776
2024-01-07,43968.32,44480.59,43572.09,43929.02,23023.8508,1014635096.1241482,1109259.0,11613.52347,511871007.5258263
2024-01-08,43929.01,47248.99,43175.0,46951.04,72814.57589,3298772150.6815076,2364464.0,38728.8053,1755312207.6681833
2024-01-09,46951.04,47972.0,44748.67,46110.0,69927.66617,3251442072.8083963,2637745.0,34825.45429,1620151226.3362696
2024-01-10,46110.0,47695.93,44300.36,46653.99,89911.41203,4123809481.712767,3133588.0,46910.79439,2153126701.3521643
2024-01-11,46654.0,48969.48,45606.06,46339.16,87470.3296,4105139605.028302,2998451.0,44076.1683,2070467939.6599925
2024-01-12,46339.16,46515.53,41500.0,42782.73,86327.93707,3827483735.576057,2809192.0,41707.58066,1850840878.9778297
2024-01-13,42782.74,43257.0,42436.12,42847.99,36118.47464,1547370611.5531662,1434243.0,17748.09824,760432218.2454551
2024-01-14,42847.99,43079.0,41720.0,41732.35,28228.40894,1202212782.257693,1235727.0,13690.30843,583261659.738576
2024-01-15,41732.35,43400.43,41718.05,42511.1,40269.89303,1718982911.1081028,1657611.0,19924.7603,849997411.087583
2024-01-16,42511.1,43578.01,42050.0,43137.95,45045.74589,1931947150.05907,1716580.0,24064.55667,1031525441.9352086
2024-01-17,43137.94,43198.0,42200.69,42776.1,33266.21388,1419888430.9228892,1438172.0,16648.20529,710532768.0475779
2024-01-18,42776.09,42930.0,40683.28,41327.5,43907.51641,1839426541.263579,1466087.0,21085.14336,883292634.2063637
2024-01-19,41327.51,42196.86,40280.0,41659.03,48342.74559,1993846466.5387518,1641428.0,24347.5002,1004478721.3792055
2024-01-20,41659.03,41872.56,41456.3,41696.04,15923.99493,662768008.1509343,807324.0,7557.36632,314535141.9955636
2024-01-21,41696.05,41881.39,41500.98,41580.33,11730.16301,489151571.0309043,657817.0,5576.56045,232552207.1607329
2024-01-22,41580.32,41689.65,39431.58,39568.02,55426.19911,2247452153.7954326,2147250.0,26788.13985,1086650848.0670526
2024-01-23,39568.02,40176.74,38555.0,39897.6,57956.63351,2275851990.6468267,2043925.0,30913.97177,1214417243.6964118
2024-01-24,39897.59,40555.0,39484.19,40084.88,39293.82861,1569704923.8307493,1675615.0,20673.05725,825887009.4744226
2024-01-25,40084.89,40300.24,39550.0,39961.09,31022.11853,1238813296.1526136,1291233.0,15685.24919,626369240.3733964
2024-01-26,39961.09,42246.82,39822.52,41823.51,47384.96726,1951700659.289807,1624861.0,24674.75551,1016105199.7171212
2024-01-27,41823.51,42200.0,41394.34,42120.63,16224.41667,678418702.3509445,751148.0,7485.64978,312938659.2480243
2024-01-28,42120.63,42842.68,41620.81,42031.06,27294.99838,1154365891.6682587,1032493.0,12971.1882,548670338.639401
2024-01-29,42031.05,43333.0,41804.88,43302.7,31542.74207,1343462280.3618684,1197856.0,15996.88627,681504721.3585126
2024-01-30,43302.71,43882.36,42683.99,42941.1,37619.24546,1633251085.6713595,1316610.0,19317.29993,838876408.4556684
2024-01-31,42941.1,43745.11,42276.84,42580.0,39871.13688,1711665577.0530825,1499559.0,20289.94825,871009715.1702207
2024-02-01,42580.0,43285.13,41884.28,43082.94,35231.04664,1497121440.6440022,1392269.0,18134.84304,770635549.4842128
2024-02-02,43082.95,43488.0,42546.79,43200.0,29672.14418,1277919437.2905612,1086342.0,15645.5711,673834785.747791
2024-02-03,43199.99,43380.01,42880.0,43011.09,12033.40998,518775350.0336009,609962.0,5691.78572,245377398.5105957
2024-02-04,43011.1,43119.04,42222.0,42582.88,17066.89404,730999557.7083682,931235.0,8427.12671,360928641.0597722
2024-02-05,42582.88,43569.76,42258.1,42708.7,29467.75905,1262620640.5407174,1317397.0,14984.06962,642077579.5827268
2024-02-06,42708.7,43399.98,42574.0,43098.95,24675.85433,1061049582.6002767,1120760.0,12810.98205,550866463.7409194
2024-02-07,43098.96,44396.5,42788.0,44349.6,34392.59915,1496013692.382922,1378809.0,17755.87738,772721372.4443885
2024-02-08,44349.6,45614.3,44331.1,45288.65,45439.62231,2042912128.1517665,1863650.0,22731.52397,1021963499.800335
2024-02-09,45288.66,48200.0,45242.12,47132.77,73503.481,3453043306.4209757,2323884.0,37360.96419,1754880225.38021
2024-02-10,47132.78,48170.0,46800.0,47751.09,24802.35936,1176079377.6922762,1323421.0,12740.69912,604397015.51796
2024-02-11,47751.08,48592.66,47557.16,48299.99,29958.80837,1443314885.7714052,1407270.0,15741.38294,758411879.955689
2024-02-12,48300.0,50334.82,47710.01,49917.27,59009.96705,2898220863.0181804,1939394.0,30797.43359,1512688561.6888654
2024-02-13,49917.28,50368.61,48300.95,49699.59,55551.56706,2745025370.067447,1741811.0,28409.79337,1403783512.6809905
2024-02-14,49699.6,52043.71,49225.01,51795.17,57046.37401,2919604456.723313,1859392.0,29664.5183,1518339681.334602
2024-02-15,51795.17,52816.62,51314.0,51880.0,53816.03055,2802825737.9920154,1786569.0,26722.58656,1391971339.715806
2024-02-16,51880.01,52572.08,51566.0,52124.11,37772.25318,1965003863.9713342,1583711.0,18309.89888,952708587.7324988
2024-02-17,52124.1,52162.82,50625.0,51642.64,25674.00622,1319908544.979089,1427773.0,12655.51593,650426057.1976154
2024-02-18,51642.64,52377.0,51163.28,52137.67,21992.10363,1139209588.4334626,1375422.0,11281.34692,584447328.1142722
2024-02-19,52137.68,52488.77,51677.0,51774.73,29534.99432,1539600521.6007729,1542990.0,15266.36204,795825023.6442236
2024-02-20,51774.74,52985.0,50760.37,52258.82,49614.47318,2574874999.3787174,1971912.0,24994.25062,1297330385.0050933
2024-02-21,52258.82,52366.8,50625.0,51849.39,43079.40049,2210278288.725095,1824860.0,22239.73293,1140905416.956252
2024-02-22,51849.38,52065.78,50940.78,51288.42,35309.44574,1820949707.158534,1688184.0,17830.4673,919599483.9078617
2024-02-23,51288.42,51548.54,50521.0,50744.15,30545.79544,1559143576.8296163,1487039.0,14610.80906,745820955.2560463
2024-02-24,50744.15,51698.0,50585.0,51568.22,16560.4211,847793393.571868,855015.0,8462.15627,433239599.4239887
2024-02-25,51568.21,51958.55,51279.8,51728.85,18721.63159,966951114.4504629,923992.0,9544.17672,492952522.6816389
2024-02-26,51728.85,54910.0,50901.44,54476.47,51256.72199,2710403072.980595,1808909.0,27198.83551,1438371804.1101012
2024-02-27,54476.48,57588.15,54450.13,57037.34,67194.98562,3795949115.2249317,2414285.0,34970.25885,1975472154.5115738
2024-02-28,57037.35,64000.0,56691.85,62432.1,118763.46984,7162581994.48574,3895062.0,62066.63936,3742433894.9450765
2024-02-29,62432.11,63676.35,60364.7,61130.98,78425.07603,4872212871.27608,3169405.0,39463.06931,2452515504.8686514
2024-03-01,61130.99,63114.23,60777.0,62387.9,47737.93473,2956537377.9660296,1947444.0,24195.70252,1498771144.099956
2024-03-02,62387.9,62433.19,61561.12,61987.28,25534.73659,1582566973.834093,1641808.0,12691.37721,786583052.0862726
2024-03-03,61987.28,63231.88,61320.0,63113.97,28994.90903,1804536272.9443457,1992011.0,14905.186,927868983.7308431
2024-03-04,63113.97,68499.0,62300.0,68245.71,84835.16005,5568877537.081252,3887853.0,45319.0864,2974396037.6857204
2024-03-05,68245.71,69000.0,59005.0,63724.01,132696.7813,8674526591.287142,5310706.0,65991.84526,4318205559.64365
2024-03-06,63724.01,67641.1,62779.14,66074.04,78738.85491,5197743036.597276,3302981.0,40344.32596,2663883160.206962
2024-03-07,66074.04,67980.0,65551.0,66823.17,53059.8869,3548088039.2736087,2428227.0,27935.66302,1867854683.98203
2024-03-08,66823.18,69990.0,66082.66,68124.19,74261.932842,5044395324.399055,2943927.0,37711.514581,2563347797.5286803
2024-03-09,68124.2,68541.1,67861.1,68313.27,19872.89743,1355964036.9092987,1345341.0,10005.592,682720256.0028228
2024-03-10,68313.28,69887.61,68094.75,68955.88,38404.66835,2659307501.0945783,2139518.0,19188.79904,1328747995.9940255
2024-03-11,68955.88,72800.0,67024.96,72078.1,75292.825726,5352704377.618805,3043414.0,39435.855459,2803359303.286973
2024-03-12,72078.1,73000.0,68620.82,71452.01,68783.546691,4909667978.559339,3047890.0,34517.212933,2465202174.407226
2024-03-13,71452.0,73650.25,71333.31,73072.41,52659.711647,3829764501.253793,2501197.0,26787.082237,1948382241.8894603
2024-03-14,73072.4,73777.0,68555.0,71388.94,71757.628746,5132189849.096632,2994869.0,35676.748326,2552190396.8890066
2024-03-15,71388.94,72419.71,65600.0,69499.85,103334.03546,7065279917.872112,3904445.0,49844.66515,3409385750.021177
2024-03-16,69499.84,70043.0,64780.0,65300.63,55926.95336,3788544202.8848557,2729019.0,27240.19894,1846731512.2736232
2024-03-17,65300.64,68904.4,64533.0,68393.48,49742.21589,3322963634.2425127,2449156.0,25328.29435,1692079618.2113106
2024-03-18,68393.47,68956.0,66565.2,67609.99,55691.08088,3768277912.418918,2464515.0,28529.67219,1930726566.249246
2024-03-19,67610.0,68124.11,61555.0,61937.4,101005.32487,6484805948.535393,3593832.0,48205.28434,3095258881.7022734
2024-03-20,61937.41,68100.0,60775.0,67840.51,90420.58592,5769770052.062583,3549793.0,45523.84281,2907222064.1312914
2024-03-21,67840.51,68240.47,64529.01,65501.27,53357.48002,3551223142.964417,2388390.0,26650.09786,1774833851.2215245
2024-03-22,65501.28,66649.62,62260.0,63796.64,51482.37821,3310481978.1076455,2492881.0,24578.87957,1580940164.1212375
2024-03-23,63796.64,65999.0,63000.0,63990.01,26410.11409,1706152172.6316135,1753566.0,12749.00823,823892846.714977
2024-03-24,63990.02,67628.69,63772.29,67209.99,31395.78015,2059312948.6486874,1880774.0,16689.65617,1095820626.0291996
2024-03-25,67210.0,71150.0,66385.06,69880.01,53431.14486,3679964073.8112125,2632220.0,27815.58769,1915614174.2397635
2024-03-26,69880.0,71561.1,69280.0,69988.0,38934.38417,2738537345.33588,2176807.0,19498.85666,1371708206.538872
2024-03-27,69987.99,71769.54,68359.18,69469.99,49119.35685,3426458581.943343,2453366.0,24902.3347,1737325915.8344178
2024-03-28,69469.99,71552.06,68903.62,70780.6,35439.03239,2500571208.0026274,1799897.0,18007.26883,1270852446.707745
2024-03-29,70780.6,70916.16,69009.0,69850.54,25445.08353,1779608477.3224537,1522607.0,11839.0929,828039936.6854533
2024-03-30,69850.53,70321.1,69540.0,69582.18,13644.61142,954555919.6855745,1110488.0,6423.89367,449436189.733619
2024-03-31,69582.17,71366.0,69562.99,71280.01,19396.34433,1367523707.261245,1181926.0,10142.47988,715151368.946302
2024-04-01,71280.0,71288.23,68062.86,69649.8,41445.32039,2876486469.465523,1893438.0,20211.15024,1402849944.782289
2024-04-02,69649.81,69674.23,64550.0,65463.99,71799.82793,4750030717.922425,2662410.0,35520.17401,2348263612.3034706
2024-04-03,65463.99,66903.63,64493.07,65963.28,39887.21778,2630556596.1359286,2172096.0,20618.58747,1360363531.1659517
2024-04-04,65963.27,69309.91,65064.52,68487.79,41510.48453,2795469450.572386,2000945.0,21013.32173,1415699952.0381584
2024-04-05,68487.8,68756.67,65952.56,67820.62,37915.23073,2555458935.236009,1901980.0,18889.98453,1273220222.7625887
2024-04-06,67820.63,69692.0,67447.83,68896.0,20134.28919,1373131967.7648187,1171460.0,9973.86412,680800856.2096505
2024-04-07,68896.0,70326.29,68824.0,69360.39,21534.74433,1496213373.1855776,1269048.0,11149.90398,774906774.5282812
2024-04-08,69360.38,72797.99,69043.24,71620.0,45723.87624,3270853309.6629424,2037025.0,25309.90487,1811209901.716354
2024-04-09,71620.0,71758.19,68210.0,69146.0,39293.90242,2749007421.6421075,1804157.0,18896.53756,1321865585.2380521
2024-04-10,69146.0,71172.08,67518.0,70631.08,42006.02377,2901564970.815804,1852170.0,20269.34809,1401023003.7318227
2024-04-11,70631.08,71305.89,69567.21,70006.23,31917.25595,2247473274.6162577,1658995.0,15908.49124,1120249990.7357526
2024-04-12,70006.22,71227.46,65086.86,67116.52,56072.86229,3843551585.3212748,2496617.0,25935.86464,1777808491.1704543
2024-04-13,67116.52,67929.0,60660.57,63924.51,71395.22019,4614468627.809045,3341340.0,33221.6695,2144846149.680918
2024-04-14,63924.52,65840.0,62134.0,65661.84,61599.17818,3946124834.6970353,2657953.0,29732.29634,1904847012.5093086
2024-04-15,65661.85,66867.07,62274.4,63419.99,52389.53069,3398072231.5612235,2539048.0,25206.68008,1634572976.9398127
2024-04-16,63419.99,64365.0,61600.0,63793.39,53435.29331,3355338198.4469132,2604354.0,26041.2664,1635683129.3076532
2024-04-17,63793.4,64499.0,59678.16,61277.37,50610.54509,3128625247.4738536,2458327.0,24346.74671,1506361259.7013583
2024-04-18,61277.38,64117.09,60803.35,63470.08,43601.60918,2726741448.886802,2142511.0,20870.20705,1305027167.9395082
2024-04-19,63470.09,65450.0,59600.01,63818.01,69774.30271,4419893235.183288,2828284.0,34941.50216,2214809735.2402415
2024-04-20,63818.01,65419.0,63090.07,64940.59,23137.42975,1486949581.439479,1376712.0,11811.8444,759077474.2972904
2024-04-21,64940.58,65695.56,64237.5,64941.15,19316.42152,1254396628.1531765,1390153.0,9734.71767,632257865.0082499
2024-04-22,64941.15,67232.35,64500.0,66819.32,31397.99371,2071690434.976552,1816591.0,16466.05497,1086399264.6092272
2024-04-23,66819.32,67183.01,65765.81,66414.0,22599.90004,1502139968.7198818,1433915.0,10854.17402,721404825.847041
2024-04-24,66414.0,67070.43,63606.06,64289.59,33595.69637,2195714861.6576557,1784897.0,16899.50969,1104368114.1058698
2024-04-25,64289.58,65297.94,62794.0,64498.34,31341.46338,2007704069.2622728,1375324.0,14808.62959,948738136.268438
2024-04-26,64498.33,64820.01,63297.48,63770.01,27085.19346,1736631357.3537388,1025561.0,13570.23647,870093757.518899
2024-04-27,63770.0,63923.41,62391.24,63461.98,20933.06052,1320337707.7871158,912422.0,9903.95325,624733409.2112879
2024-04-28,63461.98,64370.0,62781.0,63118.62,16949.20005,1078450016.4732296,790652.0,7941.33811,505261267.5695052
2024-04-29,63118.62,64228.35,61765.53,63866.0,28150.22947,1765038324.6837213,1152296.0,13986.59437,877053322.3079969
2024-04-30,63866.0,64734.0,59191.6,60672.0,54947.65535,3372142467.4322524,1985671.0,26385.41614,1620421850.578699
2024-05-01,60672.01,60841.63,56552.82,58364.97,81166.46823,4705572361.7402,2401089.0,38203.57377,2213404278.590011
2024-05-02,58364.97,59625.0,56911.84,59060.61,47583.81961,2778840305.0505786,1572898.0,23240.7537,1356148775.8867364
2024-05-03,59060.6,63333.0,58811.32,62882.01,43628.40143,2658193708.347904,1558661.0,22145.44334,1349687455.5957608
2024-05-04,62882.01,64540.0,62541.03,63892.04,24368.69282,1547468697.8765798,1113509.0,12671.20599,804768764.3062501
2024-05-05,63892.03,64646.0,62822.17,64012.0,18526.75029,1182572239.5306182,992921.0,8954.93439,571783428.2394707
2024-05-06,64012.0,65500.0,62700.0,63165.19,34674.91949,2218131198.4661326,1392557.0,17179.56031,1099303474.2805216
2024-05-07,63165.18,64422.41,62261.0,62312.08,25598.79472,1624531631.592377,1272898.0,12502.38281,793575994.2141025
2024-05-08,62312.07,63020.22,60888.0,61193.03,26121.19004,1623561041.1255188,1415152.0,12669.58179,787749415.5480814
2024-05-09,61193.03,63429.03,60630.0,63074.01,30660.8061,1895849912.7734754,1381957.0,15120.01471,935341755.6782354
2024-05-10,63074.0,63469.13,60187.12,60799.99,36529.34025,2255550468.413852,1500643.0,18066.83174,1116494638.2804892
2024-05-11,60799.99,61515.0,60487.09,60825.99,13374.56936,814928013.4573288,753281.0,6223.09555,379263096.215133
2024-05-12,60825.99,61888.0,60610.0,61483.99,12753.13236,781041632.4623835,727113.0,6416.91108,393132351.8883925
2024-05-13,61484.0,63450.0,60749.21,62940.08,32733.41839,2041896626.6108148,1371433.0,16717.90863,1043060982.3574601
2024-05-14,62940.09,63118.36,61142.77,61577.49,29088.72041,1800171876.1676655,1127939.0,13815.81443,855088066.212488
2024-05-15,61577.49,66444.16,61319.47,66206.5,43559.74719,2794259631.8910465,1729454.0,21797.84094,1398781701.4413886
2024-05-16,66206.51,66752.01,64602.77,65235.21,31106.3671,2045507646.8293848,1269793.0,15645.11263,1028962305.104384
2024-05-17,65235.21,67451.2,65106.38,67024.0,26292.23409,1745971822.3447454,1117254.0,13301.09525,883129353.163343
2024-05-18,67024.0,67400.01,66600.0,66915.2,14441.25774,967145944.6835316,734067.0,6911.13424,462859253.5879108
2024-05-19,66915.2,67700.0,65857.25,66274.01,18025.30409,1204989222.8768685,823729.0,8692.17507,581378180.3374597
2024-05-20,66274.0,71515.56,66060.31,71446.62,50816.7011,3485474763.752294,1930939.0,26792.52994,1839346667.540789
2024-05-21,71446.62,71979.0,69162.94,70148.34,49607.4336,3509345769.233608,2137448.0,24686.27911,1746693652.328722
2024-05-22,70148.34,70666.0,68842.19,69166.62,27673.18026,1931700812.3032143,1371973.0,13124.78731,916344293.9104757
2024-05-23,69166.62,70096.12,66312.16,67969.65,40513.17374,2766790260.7886024,1827855.0,19791.15119,1351640092.5813658
2024-05-24,67969.66,69250.0,66600.12,68549.99,28095.83664,1906438696.7156012,1165907.0,14344.29889,973457354.6957757
2024-05-25,68549.99,69610.0,68500.0,69290.57,12130.39418,837339788.9838961,703803.0,5851.95991,403954862.6694792
2024-05-26,69290.56,69562.23,68128.01,68507.67,11872.11797,818914878.9908898,722849.0,5934.62083,409411078.5460924
2024-05-27,68507.67,70687.56,68250.0,69436.43,23136.92737,1604722197.8374028,1219341.0,11709.62174,812172288.2576373
2024-05-28,69436.43,69591.81,67277.91,68398.39,32622.97042,2224860225.7992225,1459351.0,15543.09776,1059920452.3146172
2024-05-29,68398.4,68935.68,67124.65,67652.42,23159.83149,1573095221.6483984,1221044.0,11748.55954,797928379.3669178
2024-05-30,67652.41,69500.0,67128.0,68352.17,28478.2184,1945001081.5215867,1272851.0,14074.36655,961595245.1787834
2024-05-31,68352.17,69044.1,66670.0,67540.01,26690.32184,1812659052.2496767,1177860.0,13258.10182,900414200.1161768
2024-06-01,67540.01,67900.0,67428.44,67766.85,8837.66133,598305207.9932046,638484.0,4235.27045,286752060.4028929
2024-06-02,67766.84,68460.0,67257.47,67765.63,15426.32529,1046827665.3829314,812348.0,7760.23377,526768921.1262222
2024-06-03,67765.62,70288.0,67612.48,68809.9,29633.374,2047757076.2268357,1253789.0,15308.67275,1058024704.3533732
2024-06-04,68809.89,71063.45,68567.32,70537.84,29619.78489,2069902136.99324,1254515.0,14922.96734,1043071241.6284808
2024-06-05,70537.83,71758.0,70383.66,71108.0,28703.18082,2040073765.8676395,1055115.0,14210.23392,1010053925.7910814
2024-06-06,71108.0,71700.0,70117.64,70799.06,21842.00449,1551467659.1542966,900226.0,10287.3911,730849194.230399
2024-06-07,70799.06,71997.02,68420.0,69355.6,35598.45045,2507250591.3329782,1516415.0,17318.78051,1220810920.344433
2024-06-08,69355.6,69582.2,69168.02,69310.46,9773.82967,678267390.5310388,714103.0,4772.23036,331182466.9003425
2024-06-09,69310.46,69857.14,69130.24,69648.14,9890.56709,687344656.0725566,575583.0,4883.69296,339405376.0815447
2024-06-10,69648.15,70195.94,69172.29,69540.0,17122.66941,1192466549.9691226,936731.0,8412.00246,585909223.775813
2024-06-11,69540.0,69590.01,66051.0,67314.24,41436.01588,2793799020.4691243,1782415.0,19839.8232,1337254654.9989924
2024-06-12,67314.23,69999.0,66905.0,68263.99,37175.32356,2550285139.184372,1670745.0,18975.89081,1302069589.6416814
2024-06-13,68263.98,68449.3,66251.78,66773.01,29079.55571,1958897960.9172916,1518202.0,13886.14007,935614189.6986811
2024-06-14,66773.01,67370.24,65078.0,66043.99,28408.18797,1884451554.428285,1736314.0,13619.40861,903708200.7849749
2024-06-15,66043.99,66478.48,65857.1,66228.25,11451.80242,758175888.0283372,700886.0,5495.02083,363796116.4535752
2024-06-16,66228.25,66998.7,66034.5,66676.87,9392.52223,624653672.6138575,703295.0,4750.05166,315940653.9926121
2024-06-17,66676.86,67298.81,65130.0,66504.33,27386.16851,1812061226.7565656,1542620.0,13716.89431,907703353.5304953
2024-06-18,66504.33,66588.23,64060.0,65175.32,42350.10244,2755141806.0310903,2151711.0,20076.41361,1305946733.5892808
2024-06-19,65175.32,65727.54,64666.0,64974.37,20060.79576,1307731953.9545317,1078458.0,10289.7818,670875724.3137285
2024-06-20,64974.37,66482.94,64559.15,64869.99,24265.29031,1584896152.1663702,1282687.0,11828.87934,772646071.2169966
2024-06-21,64869.99,65066.66,63379.35,64143.56,25993.56442,1665541539.708616,1362617.0,12543.2596,803462610.6919086
2024-06-22,64143.56,64546.81,63943.82,64262.01,7308.95542,470027247.3402083,562832.0,3756.29045,241583895.4543618
2024-06-23,64262.01,64521.0,63178.32,63210.01,8224.45447,526848525.0029452,592759.0,3974.67964,254685735.5338773
2024-06-24,63210.01,63369.8,58402.0,60293.3,52161.35414,3180853460.924751,2190787.0,24495.59428,1493633137.5266542
2024-06-25,60293.3,62420.0,60257.06,61806.01,31189.24361,1914901308.84587,1277481.0,15360.08458,943071608.5109415
2024-06-26,61806.01,62487.81,60712.0,60864.99,22485.66463,1381716993.3554919,1112152.0,11435.02653,702676210.4365481
2024-06-27,60864.98,62389.22,60606.63,61706.47,18344.28631,1126705164.782892,1062176.0,9298.265,570914131.0571834
2024-06-28,61706.46,62225.31,60063.0,60427.84,24821.19255,1519872032.026636,1479626.0,12661.53908,775499790.7912346
2024-06-29,60427.84,61224.0,60383.77,60986.68,11509.55904,701345872.4881144,767669.0,5461.68911,332791254.6908993
2024-06-30,60986.68,63058.76,60712.21,62772.01,17326.30136,1070250012.5446604,1108912.0,8224.44601,508208752.0856987
2024-07-01,62772.01,63861.76,62497.2,62899.99,24547.10538,1550980813.6701345,1461508.0,12388.60654,782785773.8355592
2024-07-02,62900.0,63288.83,61806.28,62135.47,18573.11875,1160792332.6175597,1308816.0,9453.17931,590763216.5799825
2024-07-03,62135.46,62285.94,59400.0,60208.58,32160.11127,1945901232.9066572,1839372.0,15055.45492,910631739.6738483
2024-07-04,60208.57,60498.19,56771.0,57050.01,54568.77276,3168619756.2436485,2523236.0,24982.98822,1450509608.6804216
2024-07-05,57050.02,57546.0,53485.93,56628.79,81348.24756,4515040083.536515,3749255.0,37926.65162,2104682004.5166821
2024-07-06,56628.79,58475.0,56018.0,58230.13,21651.31558,1235398733.4357028,1411065.0,11083.50401,632724011.5474728
2024-07-07,58230.13,58449.46,55724.37,55857.81,19118.93918,1094135752.452869,1289229.0,9081.66872,519830378.935563
2024-07-08,55857.81,58236.73,54260.16,56714.62,48090.2049,2699942701.375511,2554389.0,23963.90684,1346497811.2117922
2024-07-09,56714.61,58296.0,56289.45,58050.0,27732.20788,1592351321.655387,1757693.0,14143.25001,812249336.7493434
2024-07-10,58050.0,59470.0,57157.79,57725.85,24951.73799,1452293495.6501489,1766696.0,12423.53162,723209557.6496755
2024-07-11,57725.85,59650.0,57050.0,57339.89,29761.05735,1728929618.0583844,2157661.0,15019.30135,872986677.1195273
2024-07-12,57339.89,58526.68,56542.47,57889.1,23652.4569,1360201319.0761504,1749738.0,11488.82545,661028735.6644312
2024-07-13,57889.09,59850.0,57756.63,59204.02,15357.74519,900429281.1482327,1114391.0,7889.36244,462600767.8610776
2024-07-14,59204.01,61420.69,59194.01,60797.91,21178.33907,1273562988.611176,1456088.0,10479.46025,630300143.2598463
2024-07-15,60797.91,64900.0,60632.3,64724.14,38690.9782,2435540879.0289335,2600425.0,19076.54212,1201411783.6666038
2024-07-16,64724.06,65388.97,62373.24,65043.99,42530.52915,2725231969.2884507,2484783.0,21595.04799,1384337933.3310027
2024-07-17,65044.0,66128.63,63854.0,64087.99,29567.52954,1922412273.0882094,1868671.0,14616.17013,950725865.5856608
2024-07-18,64087.99,65133.3,63238.48,63987.92,22568.7225,1449872437.6497972,1696742.0,11288.35191,725073622.705674
2024-07-19,63987.92,67386.0,63300.67,66660.0,35634.72739,2331517674.368659,2184889.0,17971.06949,1176753281.038326
2024-07-20,66660.01,67598.0,66222.46,67139.96,14386.92434,961878801.8482211,995093.0,6868.63454,459313955.2534891
2024-07-21,67139.97,68366.66,65777.0,68165.34,21819.11191,1465757867.9747434,1322942.0,11412.05459,766856991.8425376
2024-07-22,68165.35,68474.55,66559.97,67532.01,21451.04303,1448418369.8467097,1558140.0,10263.9504,693063991.1191068
2024-07-23,67532.0,67750.98,65441.08,65936.01,31406.15316,2088544473.3235078,1772089.0,15168.84798,1008794779.0389912
2024-07-24,65936.0,67102.01,65111.0,65376.0,23082.56277,1526490826.4669967,1391053.0,10827.75551,716084205.2016414
2024-07-25,65376.01,66175.49,63456.7,65799.95,35126.42934,2266419771.224864,1830360.0,16579.45258,1070150879.3639548
2024-07-26,65799.95,68200.0,65722.63,67907.99,24244.36023,1630839588.6966548,1406982.0,12444.52129,837159298.5663502
2024-07-27,67908.0,69399.99,66650.0,67896.5,31710.21921,2162335067.0234175,1690591.0,15838.9282,1080427116.1916444
2024-07-28,67896.49,68318.43,67066.66,68249.88,10868.69394,736755676.1377451,821210.0,5403.48694,366295409.635027
2024-07-29,68249.88,70079.99,66428.0,66784.69,36467.29633,2499265962.091455,1952812.0,18196.23316,1248743452.5576787
2024-07-30,66784.68,67000.0,65302.67,66188.0,23132.25441,1533270724.799421,1622083.0,11096.82554,735708436.0236866
2024-07-31,66188.0,66849.24,64530.0,64628.0,22625.43905,1489443332.5960116,1609976.0,10818.48504,712275323.706937
2024-08-01,64628.01,65659.78,62302.0,65354.02,35542.26854,2270877792.65868,2397257.0,16886.93292,1079221072.7580278
2024-08-02,65354.02,65596.14,61230.01,61498.33,38820.42937,2469588785.6981573,2457735.0,18202.35794,1158565579.090291
2024-08-03,61498.34,62198.22,59850.0,60697.99,28034.71567,1711555901.18011,1669555.0,12947.95791,790701622.6375737
2024-08-04,60697.99,61117.63,57122.77,58161.0,31616.52003,1874490041.5437353,1886195.0,14556.6247,863334319.9678984
2024-08-05,58161.0,58305.59,49000.0,54018.81,162065.59186,8580928177.429901,7568497.0,77363.26323,4097736999.0679235
2024-08-06,54018.82,57040.99,53950.0,56022.01,55884.77676,3119018848.329888,3433824.0,27934.19288,1559417942.6490836
2024-08-07,56022.0,57736.05,54558.62,55134.16,44269.37684,2490553853.602583,2397504.0,21897.14983,1232415104.4472857
2024-08-08,55133.76,62745.14,54730.0,61685.99,48349.52949,2836312292.431818,2603042.0,25676.29533,1508140014.0005167
2024-08-09,61686.0,61744.37,59535.0,60837.99,30972.48017,1878350555.5122633,1827809.0,15023.05073,911225295.6263436
2024-08-10,60837.99,61470.58,60242.0,60923.51,9995.20621,607372221.2460397,800499.0,4893.63854,297435046.0025079
2024-08-11,60923.51,61858.0,58286.73,58712.59,19189.84512,1152081498.1567774,1319469.0,9094.74521,546165456.9550736
2024-08-12,58712.59,60711.09,57642.21,59346.64,37009.91743,2186851067.316586,2293837.0,18279.26596,1080368631.1427846
2024-08-13,59346.64,61578.1,58392.88,60587.15,27858.95851,1668247896.8477187,1713485.0,13647.22341,817397824.2293857
2024-08-14,60587.16,61800.0,58433.18,58683.39,28422.76326,1705464263.505865,1729342.0,13263.8962,796386901.3641165
2024-08-15,58683.39,59849.38,56078.54,57541.06,37686.17622,2194915865.052229,2507858.0,17255.22311,1005337423.7264239
2024-08-16,57541.05,59817.76,57098.62,58874.6,27610.84344,1614654900.3332715,1999539.0,13963.51824,816740633.5454462
2024-08-17,58874.59,59700.0,58785.05,59491.99,7721.72931,457737705.7722839,807159.0,3871.6531,229477473.8098391
2024-08-18,59491.99,60284.99,58408.92,58427.35,13634.85717,813166580.7264851,1099730.0,6660.58254,397459480.8719823
2024-08-19,58427.35,59617.63,57787.3,59438.5,22809.31251,1336287900.197634,1636295.0,11350.30776,665066212.7595356
2024-08-20,59438.5,61400.0,58548.23,59013.8,31477.44548,1890620149.7910202,1904519.0,16041.22019,964180516.1529399
2024-08-21,59013.8,61820.93,58783.47,61156.03,27983.6422,1682529555.0960546,1981525.0,14156.90984,851829721.3994548
2024-08-22,61156.03,61400.0,59724.87,60375.84,21241.20588,1288544247.9560175,1718280.0,10269.33376,623042041.0781735
2024-08-23,60375.83,64955.0,60342.14,64037.24,38118.07089,2375916932.7935486,2555682.0,20372.88336,1270318490.0257754
2024-08-24,64037.24,64494.5,63531.0,64157.01,15857.15616,1015774255.1740764,1551856.0,7643.02686,489673236.6598002
2024-08-25,64157.02,65000.0,63773.27,64220.0,12305.47977,789935122.9930242,1263065.0,6315.72233,405555580.8604438
2024-08-26,64219.99,64481.0,62800.0,62834.0,19470.05276,1238341818.4320166,2152841.0,8995.67609,572188217.6295675
2024-08-27,62834.0,63212.0,58034.01,59415.0,35135.94178,2158144642.992993,2995281.0,15873.1536,975361314.8776591
2024-08-28,59415.0,60234.98,57860.0,59034.9,36868.54275,2183054412.974087,3664134.0,17135.91162,1014904733.0685129
2024-08-29,59034.9,61166.99,58713.09,59359.01,27020.90743,1617931684.258576,2743900.0,13152.3859,787682410.3518869
2024-08-30,59359.0,59944.07,57701.1,59123.99,28519.32195,1680918972.4658496,2845696.0,13783.34749,812769089.2849813
2024-08-31,59123.99,59462.38,58744.0,58973.99,8798.409,519849184.8690446,895944.0,4195.93079,247955494.3591592
2024-09-01,58974.0,59076.59,57201.0,57301.86,20705.15741,1202176847.3910584,2153180.0,9651.50531,560452387.8985474
2024-09-02,57301.77,59425.69,57128.0,59132.13,22895.01461,1333092369.4465685,1966119.0,11295.25452,657496577.6304803
2024-09-03,59132.12,59809.65,57415.0,57487.73,22828.18447,1335076815.8599248,2208758.0,10979.79204,642252673.1132113
2024-09-04,57487.74,58519.0,55606.0,57970.9,35560.82146,2027630870.1796753,3177549.0,16861.75483,961923197.778253
2024-09-05,57970.9,58327.07,55643.65,56180.0,27806.91413,1577770853.1007974,3368058.0,12955.8897,734996919.3590955
2024-09-06,56180.0,57008.0,52550.0,53962.97,54447.76826,2988914918.924334,5287281.0,25325.18849,1390546230.881093
2024-09-07,53962.97,54850.0,53745.54,54160.86,16694.04774,905693342.5898322,1920923.0,8023.90683,435381439.0095956
2024-09-08,54160.86,55318.0,53629.01,54869.95,16274.14779,885743172.9184759,1796092.0,8031.76084,437221897.1104152
2024-09-09,54869.95,58088.0,54591.96,57042.0,32384.51737,1809715390.0493293,3355912.0,16412.83148,917669512.2220293
2024-09-10,57042.01,58044.36,56386.4,57635.99,23626.78126,1349365460.0900571,2843148.0,11690.37506,667774722.6993911
2024-09-11,57635.99,57981.71,55545.19,57338.0,33026.56757,1875738697.3784153,4045103.0,15979.30786,907634258.5649891
2024-09-12,57338.0,58588.0,57324.0,58132.32,31074.40631,1802848638.0757017,3706764.0,14783.00418,857572456.5100869
2024-09-13,58132.31,60625.0,57632.62,60498.0,29825.23333,1760671733.5492997,3378012.0,15395.13731,909141733.9747654
2024-09-14,60497.99,60610.45,59400.0,59993.03,12137.90901,728527024.3416963,1288784.0,5570.22098,334303099.7432136
2024-09-15,59993.02,60395.8,58691.05,59132.0,13757.92361,822410872.3906956,1552950.0,6431.24697,384460724.5703967
2024-09-16,59132.0,59210.7,57493.3,58213.99,26477.5642,1543273198.7027452,3145152.0,12859.7584,749563220.8060508
2024-09-17,58213.99,61320.0,57610.01,60313.99,33116.25878,1983378424.775704,3918209.0,16390.65993,981860543.2735815
2024-09-18,60313.99,61786.24,59174.8,61759.99,36087.02469,2174000496.820776,5167671.0,18429.59712,1110622778.7510853
2024-09-19,61759.98,63850.0,61555.0,62947.99,34332.52608,2153175931.1738715,4438284.0,17609.62958,1104427424.5246968
2024-09-20,62948.0,64133.32,62350.0,63201.05,25466.37794,1611195963.9908044,3969296.0,12411.32227,785440558.8125728
2024-09-21,63201.05,63559.9,62758.0,63348.96,8375.34608,528657852.3183024,1283611.0,3877.73743,244802615.7845593
2024-09-22,63348.97,64000.0,62357.93,63578.76,14242.19892,897477338.3735127,2145736.0,6923.17369,436456231.9537881
2024-09-23,63578.76,64745.88,62538.75,63339.99,24078.05287,1531015038.3680267,3999187.0,12331.07643,784350440.7145653
2024-09-24,63339.99,64688.0,62700.0,64262.7,23185.04759,1472720338.8562915,3870157.0,11522.89363,732118662.4171054
2024-09-25,64262.7,64817.99,62947.08,63152.01,17813.11168,1135250828.2732148,3355531.0,8384.67983,534590429.2105493
2024-09-26,63152.01,65839.0,62670.0,65173.99,28373.30593,1831204595.9448967,4361333.0,15041.9886,971176161.3870806
2024-09-27,65173.99,66498.0,64819.9,65769.95,22048.80487,1448852210.3602211,3498529.0,11092.85716,729156061.3679231
2024-09-28,65769.95,66260.0,65422.23,65858.0,9127.23316,600118483.1222521,1341703.0,4501.22534,296026669.8337066
2024-09-29,65858.0,66076.12,65432.0,65602.01,8337.74111,547980013.7152303,1413449.0,4132.9378,271622295.3535291
2024-09-30,65602.01,65618.8,62856.3,63327.59,30011.08752,1920250261.7442162,3978584.0,14451.93044,924324016.7358449
2024-10-01,63327.6,64130.63,60164.0,60805.78,43671.48108,2723672081.8326254,5607069.0,20951.74486,1308603194.3310401
2024-10-02,60804.92,62390.31,60000.0,60649.28,31534.70118,1928377637.836784,5313210.0,15719.32519,961468320.5154727
2024-10-03,60649.27,61477.19,59828.11,60752.71,26221.43472,1590773866.8074434,5244004.0,12906.51464,783073701.7331173
2024-10-04,60752.72,62484.85,60459.9,62086.0,21294.65994,1311145630.5020497,3798631.0,10689.34488,658151113.9351828
2024-10-05,62086.0,62370.56,61689.26,62058.0,7807.46141,484588468.3419123,1183175.0,3690.55536,229107774.75427
2024-10-06,62058.01,62975.0,61798.97,62819.91,8906.86177,555669634.4773514,1556553.0,4798.29924,299426562.8303448
2024-10-07,62819.91,64478.19,62128.0,62224.0,25966.1852,1646315506.5791945,4809342.0,12760.73415,809108823.5126126
2024-10-08,62224.01,63200.0,61860.31,62160.49,19702.22371,1230076253.818657,3798438.0,9614.36947,600357593.787378
2024-10-09,62160.5,62543.75,60301.0,60636.02,20011.15684,1234778807.5932417,3668363.0,9454.70171,583725546.0309885
2024-10-10,60636.01,61321.68,58946.0,60326.39,23967.92481,1445604381.9363792,3872577.0,10827.77272,653182369.9427671
2024-10-11,60326.4,63417.56,60087.64,62540.0,23641.35209,1462219576.849865,3222180.0,12099.56755,748431117.9165705
2024-10-12,62539.99,63480.0,62487.23,63206.22,10911.30116,686978508.9887543,1770837.0,5196.91695,327263147.4760401
2024-10-13,63206.23,63285.72,62050.0,62870.02,11909.21995,746564374.2082387,2242529.0,5855.04617,367046338.9194209
2024-10-14,62870.02,66500.0,62457.81,66083.99,37669.95222,2450094472.813545,4977577.0,19941.11906,1297062359.2474864
2024-10-15,66084.0,67950.0,64800.01,67074.14,43683.95423,2894021862.319518,6245619.0,21820.682,1446378130.5659852
2024-10-16,67074.14,68424.0,66750.49,67620.01,29938.25544,2024560410.1062675,5109685.0,15212.87402,1029210667.4758284
2024-10-17,67620.0,67939.4,66666.0,67421.78,25328.22861,1702164439.5654595,3981960.0,12153.94712,816887407.4042379
2024-10-18,67421.78,69000.0,67192.36,68428.0,28725.635,1959735899.8769643,4010969.0,14218.1785,970440964.2668117
2024-10-19,68427.99,68693.26,68010.0,68378.0,8193.66737,559628628.9613105,1152428.0,4071.19627,278085065.5176925
2024-10-20,68377.99,69400.0,68100.0,69031.99,12442.47378,854082429.8105861,1563795.0,6772.92574,465001555.930983
2024-10-21,69032.0,69519.52,66840.67,67377.5,31374.42184,2130833593.5466976,3686777.0,13593.60828,923860758.4208844
2024-10-22,67377.5,67836.01,66571.42,67426.0,24598.96268,1654285791.6605556,3669291.0,12400.51857,834160889.2398736
2024-10-23,67426.01,67472.83,65260.0,66668.65,25530.2407,1695101430.9187467,3807365.0,11888.33995,789384635.110686
2024-10-24,66668.65,68850.0,66510.0,68198.28,22589.83877,1526736320.912938,3797462.0,11502.58514,777936396.524746
2024-10-25,68198.27,68771.49,65596.29,66698.33,34479.71125,2320667435.293254,5332593.0,16031.032,1079347459.1549635
2024-10-26,66698.32,67454.55,66439.9,67092.76,11842.9077,792887047.147892,2373501.0,6069.18986,406369780.1532944
2024-10-27,67092.76,68332.05,66913.73,68021.7,8653.19592,585006148.4704809,1771989.0,4417.7362,298699666.9984393
2024-10-28,68021.69,70270.0,67618.0,69962.21,29046.75459,2005105729.8174448,4432446.0,15218.34976,1051606096.4298259
2024-10-29,69962.21,73620.12,69760.0,72736.42,50128.60594,3602465986.8917575,5645430.0,26898.46516,1932608784.1630373
2024-10-30,72736.41,72961.0,71436.0,72344.74,26885.99056,1941210537.2882867,4040734.0,13487.21433,973898183.7467278
2024-10-31,72344.75,72700.0,69685.76,70292.01,29352.10297,2091144977.4946847,4525542.0,14205.13879,1012048241.8498938
2024-11-01,70292.01,71632.95,68820.14,69496.01,38301.86755,2677358022.00497,4569271.0,18044.1622,1261663986.7596903
2024-11-02,69496.0,69914.37,69000.14,69374.74,10521.67243,731232427.6311548,1603561.0,5227.50713,363370734.8158011
2024-11-03,69374.74,69391.0,67478.73,68775.99,24995.70243,1709666206.4062023,3668029.0,12277.58177,839939073.1389577
2024-11-04,68775.99,69500.0,66835.0,67850.01,29800.39187,2033902307.0027761,5377048.0,14927.24077,1019257547.5246849
2024-11-05,67850.01,70577.91,67476.63,69372.01,33355.06888,2310418908.069922,4955644.0,17059.88663,1181816730.9237833
2024-11-06,69372.01,76400.0,69298.0,75571.99,104126.994787,7702283270.258009,8434184.0,53243.884427,3938516657.2327332
2024-11-07,75571.99,76849.99,74416.0,75857.89,44869.422345,3391796661.9719553,5207722.0,21805.460295,1648278335.300733
2024-11-08,75857.89,77199.99,75555.0,76509.78,36521.099583,2784449097.5315185,4877489.0,17555.393633,1339019332.1967125
2024-11-09,76509.78,76900.0,75714.66,76677.46,16942.07915,1294709001.60289,2585264.0,8032.79327,614028515.3001705
2024-11-10,76677.46,81500.0,76492.0,80370.01,61830.100435,4905441473.900737,7128598.0,32751.012177,2597409399.234963
2024-11-11,80370.01,89530.54,80216.01,88647.99,82323.665776,6944268709.942721,9348890.0,42837.295314,3613896167.371912
2024-11-12,88648.0,89940.0,85072.0,87952.01,97299.887911,8540084566.279819,11499058.0,49589.333451,4353451682.829404
2024-11-13,87952.0,93265.64,86127.99,90375.2,86763.854127,7790928962.043038,11962100.0,44342.329327,3983689817.4014444
2024-11-14,90375.21,91790.0,86668.21,87325.59,56729.51086,5073860815.928665,9828858.0,27940.856,2499212755.773147
2024-11-15,87325.59,91850.0,87073.38,91032.07,47927.95068,4276238971.1814294,8009111.0,24800.61087,2213154236.5096154
2024-11-16,91032.08,91779.66,90056.17,90586.92,22717.87689,2067958511.9048474,4239455.0,11496.31366,1046686701.0029461
2024-11-17,90587.98,91449.99,88722.0,89855.99,23867.55609,2153871724.810395,4930719.0,11852.78227,1070094820.6738938
2024-11-18,89855.98,92594.0,89376.9,90464.08,46545.03448,4239909950.661894,7161125.0,23628.87098,2153158394.316311
2024-11-19,90464.07,93905.51,90357.0,92310.79,43660.04682,4025108502.849614,5647789.0,22127.852724,2040301638.1161728
2024-11-20,92310.8,94831.97,91500.0,94286.56,42203.198712,3950932314.646069,7365987.0,20425.307962,1912348704.247262
2024-11-21,94286.56,98988.0,94040.0,98317.12,69228.360477,6722807908.325656,9048605.0,35424.063227,3440467290.318527
2024-11-22,98317.12,99588.01,97122.11,98892.0,46189.309243,4555536773.363205,7271311.0,22709.668193,2240635299.646484
2024-11-23,98892.0,98908.85,97136.0,97672.4,24757.84367,2431609866.3295145,3839138.0,11176.2487,1097538914.9412584
2024-11-24,97672.4,98564.0,95734.77,97900.04,31200.97838,3034172011.9517884,4964720.0,15124.12176,1471313633.7467725
2024-11-25,97900.05,98871.8,92600.19,93010.01,50847.45096,4883444806.322193,8289691.0,23486.92705,2255516841.6102185
2024-11-26,93010.01,94973.37,90791.1,91965.16,57858.73138,5370918648.818167,10225809.0,29120.26765,2702543576.089108
2024-11-27,91965.16,97208.21,91792.14,95863.11,41153.42734,3894358511.617565,6648690.0,20316.58245,1922620637.3076186
2024-11-28,95863.11,96564.0,94640.0,95643.98,28814.54357,2749861591.2596097,4988161.0,14805.69321,1412851841.0751946
2024-11-29,95643.99,98619.99,95364.99,97460.0,27701.78231,2690451030.6342874,5094070.0,13840.21172,1344148785.2636425
2024-11-30,97460.0,97463.95,96092.01,96407.99,14503.83306,1402672950.6998208,3354759.0,7075.91503,684284805.0234444
2024-12-01,96407.99,97836.0,95693.88,97185.18,16938.60452,1641327626.6062205,3342200.0,8114.89569,786489040.1936378
2024-12-02,97185.17,98130.0,94395.0,95840.62,37958.66981,3646639621.737588,7560103.0,18821.93327,1808458555.890584
2024-12-03,95840.61,96305.52,93578.17,95849.69,35827.32283,3413995542.0186563,5361712.0,17339.11167,1652090703.1755955
2024-12-04,95849.69,99000.0,94587.83,98587.32,43850.53728,4241994533.786106,6648724.0,22033.60112,2132655972.045
2024-12-05,98587.32,104088.0,90500.0,96945.63,109921.729662,11048002942.149931,12012364.0,56235.078356,5657171374.763455
2024-12-06,96945.63,101898.99,95981.72,99740.84,45049.5331,4456641685.364444,6919102.0,21999.62416,2175645718.5533605
2024-12-07,99740.84,100439.18,98844.0,99831.99,14931.9459,1487953846.8385458,2634566.0,6776.55,675350661.2973348
2024-12-08,99831.99,101351.0,98657.7,101109.59,14612.99688,1459576946.402151,2994709.0,7152.80173,714745738.9188356
2024-12-09,101109.6,101215.93,94150.05,97276.47,53949.11595,5283626995.705648,8445872.0,25472.08477,2495722030.5370946
2024-12-10,97276.48,98270.0,94256.54,96593.0,51708.68933,4988660195.092428,11556189.0,24523.09586,2367164879.170773
2024-12-11,96593.0,101888.0,95658.24,101125.0,37753.78291,3745703763.01845,8250511.0,19112.84559,1897146318.2111704
2024-12-12,101125.0,102540.0,99311.64,100004.29,29232.08745,2949462583.8661704,8066322.0,14175.88661,1430984456.6703606
2024-12-13,100004.29,101895.26,99205.0,101424.25,21904.03923,2203903393.0741005,5481660.0,10669.09365,1073720887.6354558
2024-12-14,101424.24,102650.0,100609.41,101420.0,14191.70326,1441594367.0463192,3374538.0,6790.24676,689981854.1394897
2024-12-15,101420.0,105250.0,101237.14,104463.99,22228.921775,2290462903.835791,3638809.0,12668.894355,1305611448.3000975
2024-12-16,104463.99,107793.07,103333.0,106058.66,41302.40274,4364964400.634553,8048054.0,20349.0995,2150550899.2475224
2024-12-17,106058.65,108353.0,105321.49,106133.74,29064.936466,3103833327.775107,7212799.0,14187.320446,1515158210.55198
2024-12-18,106133.74,106524.98,100000.0,100204.01,50307.99755,5194263316.259236,8762120.0,23308.37525,2407213144.2694983
2024-12-19,100204.01,102800.11,95700.0,97461.86,55147.398,5487546517.707752,7273941.0,26898.63715,2677636003.906506
2024-12-20,97461.86,98233.0,92232.54,97805.44,62884.1357,6022845238.832326,7429007.0,29463.23021,2822939306.663078
2024-12-21,97805.44,99540.61,96398.39,97291.99,23483.54143,2296232055.195926,3717638.0,11726.94119,1146732451.4218132
2024-12-22,97292.0,97448.08,94250.35,95186.27,19353.83036,1857819866.3603997,3633551.0,9293.39749,892081877.7627708
2024-12-23,95186.28,96538.92,92520.0,94881.47,32810.76703,3100007213.494563,5464919.0,16339.58355,1544707289.744369
2024-12-24,94881.47,99487.99,93569.02,98663.58,23674.22488,2287214424.7064757,3421549.0,11969.2539,1156798174.582326
2024-12-25,98663.58,99569.15,97632.02,99429.6,14474.1651,1426143976.0493636,3283028.0,7006.5265,690465056.5871859
2024-12-26,99429.61,99963.7,95199.14,95791.6,21192.36727,2049123567.3867724,5203490.0,10071.87249,973940616.1292443
2024-12-27,95791.6,97544.58,93500.01,94299.03,26501.26429,2528567849.7794614,5718866.0,12945.51657,1235623739.0578184
2024-12-28,94299.03,95733.99,94135.66,95300.0,8385.8929,794651624.8349555,2732061.0,4203.59876,398416342.128167
2024-12-29,95300.0,95340.0,93009.52,93738.2,13576.00578,1278370863.9768472,2865838.0,5651.38589,532195414.1027413
2024-12-30,93738.19,95024.5,91530.45,92792.05,27619.4225,2573126059.769478,5560563.0,13092.19646,1220209278.2523272
2024-12-31,92792.05,96250.0,92033.73,93576.0,19612.03389,1845718801.922704,3347847.0,9687.96775,911716321.605402
2025-01-01,93576.0,95151.15,92888.0,94591.79,10373.32613,975444194.1379983,1516556.0,5347.73648,502914035.6405907
2025-01-02,94591.78,97839.5,94392.0,96984.79,21970.48948,2118411852.6812794,3569079.0,10915.96986,1052226710.3336717
2025-01-03,96984.79,98976.91,96100.01,98174.18,15253.82936,1486610768.5907917,2851164.0,7468.60797,727787246.8965588
2025-01-04,98174.17,98778.43,97514.79,98220.5,8990.05651,881223751.6353602,1559982.0,4350.80221,426524714.1305539
2025-01-05,98220.51,98836.85,97276.79,98363.61,8095.63723,793931715.9546324,1685799.0,3877.90985,380355340.4686036
2025-01-06,98363.61,102480.0,97920.0,102235.6,25263.43375,2540561688.7771435,3853702.0,12539.59534,1260943259.4662561
2025-01-07,102235.6,102724.38,96181.81,96954.61,32059.87537,3170421659.717236,4480562.0,14815.11453,1464336049.7055345
2025-01-08,96954.6,97268.65,92500.9,95060.61,33704.67894,3205849081.112962,5171208.0,15803.85091,1503791328.6993084
2025-01-09,95060.61,95382.32,91203.67,92552.49,34544.83685,3217669887.245398,6027161.0,15323.62663,1427812152.272761
2025-01-10,92552.49,95836.0,92206.02,94726.11,31482.86424,2962085343.283704,5531444.0,15617.43823,1469711545.6571271
2025-01-11,94726.1,95050.94,93831.73,94599.99,7047.9043,665685994.93301,1496191.0,3412.37671,322346977.4354553
2025-01-12,94599.99,95450.1,93711.19,94545.06,8606.86622,813278829.6583949,1658863.0,4028.33031,380691769.9184427
2025-01-13,94545.07,95940.0,89256.69,94536.1,42619.56423,3930666134.3474574,5740963.0,19473.88042,1797888178.849608
2025-01-14,94536.11,97371.0,94346.22,96560.86,27846.61753,2676048470.3569503,4532923.0,14248.69616,1369464111.693496
2025-01-15,96560.85,100681.94,96500.0,100497.35,30509.99179,3006242382.8867946,3487945.0,15494.17873,1527728226.3083327
2025-01-16,100497.35,100866.66,97335.13,99987.3,27832.85317,2765162040.639799,3762755.0,13513.53707,1342462621.6273284
2025-01-17,99987.3,105865.22,99950.77,104077.48,39171.85292,4040993985.4750466,3886907.0,20673.213,2131223293.2048461
2025-01-18,104077.47,104988.88,102277.55,104556.23,24307.82998,2521522119.379525,3403162.0,11607.51274,1204170928.374812
2025-01-19,104556.23,106422.43,99651.6,101331.57,43397.28298,4513423971.410253,5271920.0,21079.51082,2193270771.0019445
2025-01-20,101331.57,109588.0,99550.0,102260.01,89529.231732,9398787064.320715,11597937.0,44770.529492,4704453254.515383
2025-01-21,102260.0,107240.81,100119.04,106143.82,45941.02002,4768512258.156502,6842980.0,23227.02741,2411854258.5127187
2025-01-22,106143.82,106394.46,103339.12,103706.66,22248.69254,2331144640.658579,4364035.0,10501.59306,1100173331.9876585
2025-01-23,103706.66,106850.0,101262.28,103910.34,53953.12031,5610760848.131639,6961383.0,27045.92646,2813824950.5718837
2025-01-24,103910.35,107120.0,102750.0,104870.5,23609.24017,2483818574.373748,4798886.0,11893.4605,1251601023.3484685
2025-01-25,104870.51,105286.52,104106.09,104746.85,9068.32377,949511531.3578017,1770765.0,4462.60438,467284996.3760966
2025-01-26,104746.86,105500.0,102520.44,102620.0,9812.51238,1024352365.4715523,1813011.0,4642.17247,484871090.3361497
2025-01-27,102620.01,103260.0,97777.77,102082.83,50758.1341,5092886322.829244,9368910.0,23529.22433,2361569760.8418937
2025-01-28,102082.83,103800.0,100272.68,101335.52,22022.05765,2253977324.036209,5428644.0,10756.64741,1101357650.2919877
2025-01-29,101335.52,104782.68,101328.01,103733.24,23155.35802,2380383694.772136,5189699.0,11675.17182,1200636637.8143668
2025-01-30,103733.25,106457.44,103278.54,104722.94,19374.07472,2038112603.5126412,3990075.0,10140.92834,1066933244.9920207
2025-01-31,104722.94,106012.0,101560.0,102429.56,21983.18193,2282174002.1952176,4331904.0,10697.39968,1111485874.1292844
2025-02-01,102429.56,102783.71,100279.51,100635.65,12290.95747,1250354228.2372296,2588786.0,5625.89331,572540016.1490111
2025-02-02,100635.66,101456.6,96150.0,97700.59,34619.49939,3412084312.5836277,7202339.0,15587.16669,1536076091.3030133
2025-02-03,97700.59,102500.01,91231.0,101328.52,75164.7385,7228589180.711621,10625262.0,36736.56946,3537845694.481266
2025-02-04,101328.51,101732.31,96150.0,97763.13,40267.98697,3989698644.2649307,6618911.0,19091.58154,1891457194.359833
2025-02-05,97763.14,99149.0,96155.0,96612.43,26233.30444,2562342153.829685,4471763.0,11032.55174,1078316288.1425588
2025-02-06,96612.44,99120.0,95676.64,96554.35,23515.20405,2289071921.2175603,4242807.0,11261.53049,1096611639.376009
2025-02-07,96554.35,100137.99,95620.34,96506.8,31794.22065,3107592434.6738343,5012456.0,15249.3537,1491114588.559852
2025-02-08,96506.8,96880.0,95688.0,96444.74,10147.24294,977040267.5158631,1757892.0,4450.52682,428452764.9047411
2025-02-09,96444.75,97323.09,94713.0,96462.75,14120.91613,1359495152.3107975,2293192.0,6663.72875,641795598.1752762
2025-02-10,96462.75,98345.0,95256.0,97430.82,20572.87537,1999112052.6687863,3475919.0,9607.62329,933665618.5050191
2025-02-11,97430.82,98478.42,94876.88,95778.2,18647.76379,1806534846.3863194,3716586.0,8594.50066,832320054.8763716
2025-02-12,95778.21,98119.99,94088.23,97869.99,29151.16625,2800142168.3943653,4992737.0,13820.70553,1328044257.0401335
2025-02-13,97870.0,98083.91,95217.36,96608.14,19921.77616,1916988246.3921187,3909456.0,8852.16215,851823567.0939347
2025-02-14,96608.13,98826.0,96252.82,97500.48,18173.02646,1768073218.8690155,3499564.0,9061.31682,881925349.6444213
2025-02-15,97500.47,97972.26,97223.58,97569.66,7349.37683,717245393.778092,1694327.0,3579.14202,349322778.2339769
2025-02-16,97569.67,97704.47,96046.18,96118.12,8191.4249,794694242.2949733,1596701.0,3719.73063,360842416.6644167
2025-02-17,96118.12,97046.59,95205.0,95780.0,16492.0451,1584593526.1754677,2831237.0,8010.41565,769979077.1361973
2025-02-18,95780.01,96753.91,93388.09,95671.74,23368.19471,2223994802.892005,4234248.0,11432.47367,1088319233.5219896
2025-02-19,95671.74,96899.99,95029.99,96644.37,16438.50954,1576817572.1032505,2784225.0,7173.61807,688586919.9759259
2025-02-20,96644.37,98711.36,96415.09,98305.0,17057.39177,1663386824.7315507,2386973.0,8356.42859,815056614.173827
2025-02-21,98305.01,99475.0,94871.95,96181.98,32249.2814,3143975917.5734644,4528525.0,15313.58184,1493403646.8483026
2025-02-22,96181.99,96980.0,95770.49,96551.01,11268.17708,1087077133.8226364,1506418.0,5293.28051,510722895.1675426
2025-02-23,96551.01,96650.0,95227.94,96258.0,10884.84913,1044392011.7910241,1457368.0,4619.93267,443381984.4110255
2025-02-24,96258.0,96500.0,91349.26,91552.88,31550.10299,2981809595.445377,4972684.0,14438.63366,1366473567.874773
2025-02-25,91552.88,92540.69,86050.99,88680.4,78333.11111,6962982500.904474,10289145.0,35822.15275,3183981371.47505
2025-02-26,88680.39,89414.15,82256.01,84250.09,56893.54409,4898429925.6364765,8490006.0,28077.1845,2417690848.8189874
2025-02-27,84250.09,87078.46,82716.49,84708.58,42505.45439,3618738891.2221622,6357581.0,20355.71969,1732725913.2817628
2025-02-28,84708.57,85120.0,78258.52,84349.94,83648.03969,6806705236.690679,11344216.0,40224.85287,3274291175.8103995
2025-03-01,84349.95,86558.0,83824.78,86064.53,25785.05464,2194003507.852643,3700728.0,11748.10769,1000093822.5383525
2025-03-02,86064.54,95000.0,85050.6,94270.0,54889.09045,4972549515.788669,7403218.0,29273.81031,2652973441.154539
2025-03-03,94269.99,94416.46,85117.11,86220.61,59171.10218,5321123743.471923,9797860.0,27915.4365,2513464571.356911
2025-03-04,86221.16,88967.52,81500.0,87281.98,55609.10706,4704901219.590436,10326631.0,27584.7159,2335087296.239287
2025-03-05,87281.98,91000.0,86334.53,90606.01,38264.01163,3400243670.3049755,8070266.0,19230.28436,1709708737.4698935
2025-03-06,90606.0,92810.64,87836.0,89931.89,34342.44902,3105145628.3993993,7643526.0,17283.99411,1563426526.4289935
2025-03-07,89931.88,91283.02,84667.03,86801.75,57980.35713,5097554826.613157,9510442.0,28394.41537,2497922400.4504447
2025-03-08,86801.74,86897.25,85218.47,86222.45,12989.23054,1119358968.6520054,2553974.0,6491.56581,559581591.3470742
2025-03-09,86222.46,86500.0,80000.0,80734.37,26115.39345,2173552660.454479,5189138.0,12093.87232,1006299692.7104127
2025-03-10,80734.48,84123.46,77459.91,78595.86,47633.38405,3834924947.758186,8701538.0,22898.57072,1846606255.3521485
2025-03-11,78595.86,83617.4,76606.0,82932.99,48770.06853,3927000827.1107917,6983310.0,24029.1677,1935950413.2018194
2025-03-12,82932.99,84539.85,80607.65,83680.12,31933.986,2638600996.825396,5253577.0,15749.41702,1301890518.499408
2025-03-13,83680.12,84336.33,79939.9,81115.78,27546.27412,2260870111.2393894,4367093.0,13013.18135,1067945431.1219469
2025-03-14,81115.78,85309.71,80818.84,83983.2,26858.52755,2244729595.5411716,3290987.0,14082.88688,1177807467.01818
2025-03-15,83983.19,84676.28,83618.0,84338.44,11324.7332,953445671.8337505,1329670.0,5195.29128,437551330.253166
2025-03-16,84338.44,85117.04,81981.12,82574.53,17596.12531,1468056556.2967227,2767947.0,8505.95317,710037465.075748
2025-03-17,82574.52,84756.83,82456.0,84010.03,17214.74358,1437716814.0468738,3014756.0,8387.89111,700505421.7877294
2025-03-18,84010.02,84021.74,81134.66,82715.03,17610.89883,1450813055.479726,3126371.0,8047.23418,662808749.3427887
2025-03-19,82715.03,87000.0,82547.16,86845.94,28151.05374,2375813941.9437623,3774761.0,13804.24847,1166238970.2811465
2025-03-20,86845.93,87453.67,83655.23,84223.39,22090.30463,1885241921.1556518,3252595.0,10163.59262,867440339.2962607
2025-03-21,84223.38,84850.33,83175.25,84088.79,11956.97443,1005135519.2560017,2360005.0,5466.41961,459501348.0817583
2025-03-22,84088.79,84539.17,83625.1,83840.59,5420.22114,456235443.8016522,864481.0,2284.19178,192291026.7874248
2025-03-23,83840.59,86129.64,83809.75,86082.5,8461.97813,718692319.1499038,1206533.0,4424.81013,376007261.5213597
2025-03-24,86082.5,88765.43,85519.09,87498.16,30115.62111,2636765917.9518433,2916713.0,14379.95578,1258638667.112904
2025-03-25,87498.16,88539.63,86310.0,87392.87,22643.25248,1979571590.8982937,2802815.0,9440.56294,825308072.6337814
2025-03-26,87392.88,88275.0,85860.0,86909.17,18408.78485,1606406955.5864632,2380154.0,8590.97753,749604853.2968135
2025-03-27,86909.17,87756.39,85800.0,87232.01,17098.03897,1487968807.7079022,2376381.0,8185.05517,712324893.2889168
2025-03-28,87232.01,87515.67,83585.0,84424.38,27182.73169,2309946560.664114,3236085.0,11274.83736,958523321.8112731
2025-03-29,84424.38,84624.73,81644.81,82648.54,11696.39864,970199917.9868716,2172387.0,5621.60485,466215575.4849069
2025-03-30,82648.53,83534.64,81565.0,82389.99,9864.49508,816584795.5288126,1907663.0,4725.07105,391214080.1101161
2025-03-31,82390.0,83943.08,81278.52,82550.01,20569.13885,1696009191.0809648,3964358.0,9912.88184,817875871.1107413
2025-04-01,82550.0,85579.46,82432.74,85158.34,20190.39697,1698895702.5754683,3328693.0,10246.42648,862302772.4330863
2025-04-02,85158.35,88500.0,82320.0,82516.29,39931.457,3417279759.830764,5338238.0,20739.67809,1777735583.8407478
2025-04-03,82516.28,83998.02,81211.24,83213.09,27337.84135,2259299724.8643928,4117486.0,13951.52792,1153439398.6198013
2025-04-04,83213.09,84720.0,81659.0,83889.87,32915.53976,2739842666.426737,4992586.0,15896.18779,1323832046.264688
2025-04-05,83889.87,84266.0,82379.95,83537.99,9360.40468,779626577.9013436,1575750.0,4029.64658,335654613.7277184
2025-04-06,83537.99,83817.63,77153.83,78430.0,27942.71436,2239085051.1529646,3948493.0,12493.8449,1001459573.4944661
2025-04-07,78430.0,81243.58,74508.0,79163.24,78387.53089,6084614024.150647,9736596.0,39075.84274,3034375055.6843963
2025-04-08,79163.24,80867.99,76239.9,76322.42,35317.32063,2775277777.102461,5512751.0,15704.73031,1235370767.1153502
2025-04-09,76322.42,83588.0,74620.0,82615.22,75488.28772,5980231256.222496,7741252.0,39491.62958,3137004042.959261
2025-04-10,82615.22,82753.21,78464.36,79607.3,33284.80718,2690294353.8478427,4529545.0,16339.9191,1321475356.0200849
2025-04-11,79607.3,84300.0,78969.58,83423.84,34435.43797,2830363945.1787524,4423157.0,18019.58367,1482515278.9177043
2025-04-12,83423.83,85905.0,82792.95,85276.9,18470.74437,1557403252.9267516,2501196.0,9526.72644,803747272.783468
2025-04-13,85276.91,86100.0,83034.23,83760.0,24680.04181,2086106375.4392555,3275879.0,11658.67909,986303246.0931836
2025-04-14,83760.0,85799.99,83678.0,84591.58,28659.09348,2429132805.0815287,3921522.0,15196.58929,1288815999.1406174
2025-04-15,84591.58,86496.42,83600.0,83643.99,20910.99528,1780972414.3956008,2910533.0,10439.36072,889895753.1673651
2025-04-16,83643.99,85500.0,83111.64,84030.38,20867.24519,1753910031.2009242,3264730.0,10456.769,878939829.4848368
2025-04-17,84030.38,85470.01,83736.26,84947.91,13728.84772,1161659427.386263,2003405.0,6424.41565,543726754.4187016
2025-04-18,84947.92,85132.08,84303.96,84474.69,6529.96315,552648483.647487,840009.0,2911.78856,246467088.2621466
2025-04-19,84474.7,85677.99,84364.45,85077.01,9666.58153,823222752.2842493,875226.0,5416.30087,461342923.999082
2025-04-20,85077.0,85320.76,83949.52,85179.24,8091.67725,685253644.8918362,944130.0,3843.48314,325482835.7378329
2025-04-21,85179.24,88465.99,85144.76,87516.23,31773.37262,2773299591.467066,3041395.0,17216.39877,1502705225.134135
2025-04-22,87516.22,93888.0,87076.03,93442.99,43872.74705,3967785064.12817,3268475.0,22777.77047,2062639579.2030854
2025-04-23,93442.99,94696.05,91935.41,93691.08,27404.16808,2560279933.947952,3016536.0,13128.05774,1226992558.5765462
2025-04-24,93691.07,94005.0,91660.01,93980.47,19497.06071,1811120137.3146787,2797383.0,8565.18128,795787487.3608981
2025-04-25,93980.47,95758.04,92855.96,94638.68,27500.66648,2596877713.640173,3331828.0,13072.22136,1234153095.7292683
2025-04-26,94638.68,95199.0,93870.69,94628.0,9415.06875,889627361.8414447,1475983.0,4156.22463,392757114.4383579
2025-04-27,94628.0,95369.0,93602.58,93749.3,11162.841,1052334792.1866189,1918160.0,5250.08719,495112239.1081697
2025-04-28,93749.29,95630.0,92800.01,95011.18,22157.53351,2092532996.5551717,3424740.0,11626.77592,1098667305.2399979
2025-04-29,95011.18,95461.53,93742.54,94256.82,16955.3402,1607154803.4675477,3020875.0,7112.68469,674688527.813066
2025-04-30,94256.82,95228.45,92910.0,94172.0,17661.2751,1664825670.9831252,3214149.0,8393.2162,791272380.0312448
2025-05-01,94172.0,97424.02,94130.43,96489.91,21380.45343,2053857614.2732673,2925716.0,10925.87308,1049157198.8587635
2025-05-02,96489.9,97895.68,96350.0,96887.14,14905.74811,1446387651.5840576,2698263.0,7440.33531,722022817.2246199
2025-05-03,96887.13,96935.67,95753.01,95856.42,9723.34838,935906144.9651498,1181239.0,3929.4049,378271292.4443145
2025-05-04,95856.42,96304.48,94151.38,94277.62,11036.38342,1053542403.8531588,1674726.0,4385.33486,418573470.8569623
2025-05-05,94277.61,95199.0,93514.1,94733.68,17251.18189,1626999380.1759968,2623300.0,8399.64855,792299650.3395202
2025-05-06,94733.68,96920.65,93377.0,96834.02,16122.64513,1526847764.5636683,2512960.0,7505.95734,711372483.6117135
2025-05-07,96834.02,97732.0,95784.61,97030.5,16644.83854,1611730124.5924542,2849139.0,8316.74471,805430612.4055355
2025-05-08,97030.5,104145.76,96876.29,103261.6,34962.02847,3508645830.5650144,4991147.0,18547.23009,1861334478.364427
2025-05-09,103261.61,104361.3,102315.14,102971.99,27617.39907,2847518447.981513,4406929.0,14525.20381,1497826622.326188
2025-05-10,102971.99,104984.57,102818.76,104809.53,15324.78611,1588386278.502415,2227845.0,8258.23478,856095289.5216646
2025-05-11,104809.53,104972.0,103345.06,104118.0,17987.12197,1873381777.2124255,3100176.0,9071.95578,944903285.107308
2025-05-12,104118.0,105819.45,100718.37,102791.32,31272.77792,3242348937.383069,5298407.0,16455.99797,1707457796.5881395
2025-05-13,102791.32,104976.25,101429.7,104103.72,21253.42409,2197244118.152367,3703531.0,10705.97845,1106609664.707795
2025-05-14,104103.72,104356.95,102602.05,103507.82,16452.9081,1704708279.3884108,3025221.0,8026.03333,831783471.654361
2025-05-15,103507.83,104192.7,101383.07,103763.71,17998.98604,1850183474.5292037,4139477.0,8475.18036,871244345.564136
2025-05-16,103763.71,104550.33,103100.49,103463.9,15683.88024,1628832372.3241482,3237442.0,7555.15801,784850382.1942747
2025-05-17,103463.9,103709.86,102612.5,103126.65,11250.89622,1160418362.950618,2568597.0,5335.11525,550379728.7338501
2025-05-18,103126.65,106660.0,103105.09,106454.26,21599.98726,2262214972.0749383,3193300.0,11664.89904,1221914552.0552013
2025-05-19,106454.27,107108.62,102000.0,105573.74,30260.03524,3150324504.5954514,4881371.0,14208.309,1480452895.0841563
2025-05-20,105573.73,107320.0,104184.72,106849.99,23705.48275,2509102444.669598,3878351.0,12350.46275,1307273652.3895233
2025-05-21,106850.0,110797.38,106100.01,109643.99,45531.040345,4914709514.320026,6835279.0,23661.649395,2555528481.098726
2025-05-22,109643.99,111980.0,109177.37,111696.21,31630.77313,3509432834.573417,5794216.0,16584.56293,1840083098.5827858
2025-05-23,111696.22,111800.0,106800.0,107318.3,31737.72309,3469704446.3904047,5251192.0,14309.31652,1565622441.187517
2025-05-24,107318.3,109506.03,106875.41,107761.91,16782.53129,1819958819.7748587,2805418.0,8786.90747,953683093.321657
2025-05-25,107761.9,109299.99,106600.64,109004.19,17710.04695,1904366455.425858,3151168.0,7867.16712,846688135.0097136
2025-05-26,109004.2,110422.22,108670.58,109434.79,14649.11593,1605578282.107903,2887863.0,7301.11288,800269021.1922797
2025-05-27,109434.78,110718.0,107516.57,108938.17,21276.65635,2327603851.119265,3735509.0,9969.89271,1090553624.461599
2025-05-28,108938.17,109284.7,106769.43,107781.78,15633.78829,1689136748.5130312,2933262.0,6877.27341,743282966.7207196
2025-05-29,107781.78,108891.91,105322.86,105589.75,19834.70116,2128639017.5081618,3774926.0,9457.49356,1015173771.5489898
2025-05-30,105589.75,106313.12,103621.0,103985.48,23706.49799,2493078549.591861,4307572.0,11070.98746,1164158558.6435854
2025-05-31,103985.47,104900.0,103068.55,104591.88,11289.35922,1174000801.5070379,2343787.0,5278.95175,548980630.8493578
2025-06-01,104591.88,105866.91,103752.49,105642.93,9709.70006,1016188486.9505996,1939359.0,4640.3507,485683466.9347843
2025-06-02,105642.93,105935.63,103659.88,105857.99,13453.98813,1409004206.9863732,2997656.0,6494.65497,680177826.6144172
2025-06-03,105858.0,106794.67,104872.5,105376.89,13259.52634,1402493746.5993218,2470698.0,6260.22436,662160926.8241225
2025-06-04,105376.9,106000.0,104179.0,104696.86,14034.89482,1476928482.3688781,2274464.0,6979.9491,734803757.4185838
2025-06-05,104696.86,105909.71,100372.26,101508.68,22321.50154,2301567892.5305448,3963295.0,10005.36019,1031668517.0427111
2025-06-06,101508.69,105333.0,101095.8,104288.44,15839.07385,1642382404.9355752,2709327.0,7655.60679,793575821.4357932
2025-06-07,104288.43,105900.0,103871.09,105552.15,8344.93206,877915380.9548231,1402494.0,3970.01912,417664199.1912712
2025-06-08,105552.15,106488.14,104964.14,105734.0,8048.06305,850887129.4282976,1295154.0,4361.42266,461098506.088324
2025-06-09,105734.01,110530.17,105318.37,110263.02,19975.37451,2154922022.221173,2839846.0,10623.88217,1146790065.5135615
2025-06-10,110263.02,110400.0,108331.03,110274.39,17071.82839,1867620550.192173,3003420.0,8009.29581,876411274.3969488
2025-06-11,110274.39,110392.01,108064.0,108645.12,13115.91638,1434884639.7506304,2667014.0,6030.96867,659947218.0033869
2025-06-12,108645.13,108813.55,105671.72,105671.73,17778.67218,1908309274.0868344,3517420.0,8291.22648,890420511.4704415
2025-06-13,105671.74,106179.53,102664.31,106066.59,26180.81734,2735461890.6929703,5452577.0,12793.70705,1337300355.9952192
2025-06-14,106066.59,106252.0,104300.0,105414.64,8798.93969,925568614.1784065,1521776.0,3848.55498,405001275.9262716
2025-06-15,105414.63,106128.57,104494.53,105594.01,7164.20047,754596887.8748004,1564768.0,3356.46912,353608577.6853774
2025-06-16,105594.02,108952.38,104980.37,106794.53,14922.6654,1599849840.7325244,2928998.0,7442.34921,797865030.1366178
2025-06-17,106794.53,107771.34,103371.02,104551.17,17866.33025,1883173484.8990998,3723010.0,8082.6529,852365443.211356
2025-06-18,104551.17,105550.27,103500.0,104886.78,13968.64167,1461383024.3622093,3468170.0,6656.31474,696386846.6904296
2025-06-19,104886.79,105226.17,103929.27,104658.59,7678.60737,803402575.962045,1718045.0,3583.19736,374871407.4107334
2025-06-20,104658.59,106524.65,102345.0,103297.99,16419.06283,1714411911.0114017,3029404.0,7113.97039,743649283.0800211
2025-06-21,103297.98,103982.64,100837.9,102120.01,11154.21332,1144829784.7306418,2172578.0,4632.93703,475270667.4226762
2025-06-22,102120.02,103399.62,98200.0,100963.87,28746.41072,2892695407.8086877,5121309.0,13142.02965,1322387353.3166401
2025-06-23,100963.87,106074.2,99613.33,105333.93,27666.50609,2836166831.044449,4944207.0,13408.20163,1375654853.258466
2025-06-24,105333.94,106290.0,104622.02,106083.0,14651.69335,1543451113.4563613,2973481.0,6848.32158,721631005.2893264
2025-06-25,106083.0,108135.3,105808.03,107340.58,16701.15551,1789545470.94629,2988892.0,8576.13709,919352853.806412
2025-06-26,107340.59,108272.45,106562.5,106947.06,10573.27279,1136093974.6816013,2597742.0,4983.08998,535471528.1944927
2025-06-27,106947.06,107735.34,106356.76,107047.59,12232.44042,1308420348.9100094,2304499.0,4862.2801,520251258.3787664
2025-06-28,107047.58,107577.75,106811.51,107296.79,3282.17352,352025390.6031135,653305.0,1514.41959,162441164.0132396
2025-06-29,107296.79,108528.5,107172.52,108356.93,6831.7364,736708189.9495684,1223202.0,3771.10895,406653127.0920804
2025-06-30,108356.93,108789.99,106733.33,107146.5,9754.12491,1050407152.345058,1773485.0,4331.3813,466474537.7882122
2025-07-01,107146.51,107540.0,105250.85,105681.14,10505.62437,1117432945.8926365,2013289.0,4648.91727,494549276.1837785
2025-07-02,105681.13,109730.0,105100.19,108849.6,17691.89592,1915699005.8772898,2444708.0,9248.43029,1002261738.2088752
2025-07-03,108849.59,110529.18,108530.4,109584.78,13047.08225,1429459048.6383262,2568944.0,6961.89686,763022147.911677
2025-07-04,109584.77,109767.59,107245.0,107984.24,11793.86615,1276215111.6683652,1975212.0,4787.79822,518313226.966756
2025-07-05,107984.25,108420.56,107756.31,108198.12,3736.9757,403928702.1967476,710020.0,1803.68528,194976807.3633011
2025-07-06,108198.12,109700.0,107800.01,109203.84,6447.607,700733299.5112199,1256591.0,3209.35902,348780644.233174
2025-07-07,109203.85,109700.0,107513.2,108262.94,9405.37601,1020848316.0537041,1961940.0,3920.92229,425664101.8022387
2025-07-08,108262.94,109216.56,107429.57,108922.98,9216.0208,1000112813.4398943,1723244.0,4371.98866,474674358.9974899
2025-07-09,108922.99,111999.79,108324.53,111233.99,17282.2865,1902054744.194924,2328484.0,8935.70327,983405508.7482138
2025-07-10,111234.0,116868.0,110500.0,116010.0,24883.450665,2826460280.4452233,3227017.0,12900.135467,1465777460.9410756
2025-07-11,116010.01,118869.98,115222.22,117527.66,25873.521148,3039521803.027247,3708194.0,12502.931168,1468374333.9502122
2025-07-12,117527.66,118200.0,116900.05,117420.0,8446.60437,993093353.4068904,1441851.0,3784.55219,444996040.9059787
2025-07-13,117420.0,119488.0,117224.79,119086.64,9550.792947,1132096857.0116916,1650283.0,4766.474307,565024389.3723919
2025-07-14,119086.65,123218.0,118905.18,119841.18,27269.348877,3299746181.0770736,4076133.0,14099.580747,1705505292.664724
2025-07-15,119841.17,119940.83,115736.92,117758.09,32018.46083,3755258445.553272,3805374.0,15667.30508,1837578524.9238648
2025-07-16,117758.08,120063.84,117017.29,118630.43,17039.90851,2023850383.7234874,2429625.0,8355.96881,992430971.3675903
2025-07-17,118630.44,120998.71,117453.57,119177.56,15728.57651,1869114355.1231644,2347985.0,7696.17927,914659207.5744278
2025-07-18,119177.56,120820.71,116812.76,117924.84,19924.66266,2367355518.470308,2805236.0,8951.37863,1063782057.4785626
2025-07-19,117924.84,118499.9,117277.34,117840.0,6635.80306,783327898.4969696,1133382.0,2978.3832,351626384.0502903
2025-07-20,117840.01,118856.8,116467.02,117265.12,12962.92889,1528864683.816082,1615935.0,6581.33371,776457462.9818254
2025-07-21,117265.11,119676.73,116515.0,117380.36,17107.33128,2020783266.9633648,2509543.0,8426.31812,995117241.6679094
2025-07-22,117380.36,120247.8,116128.0,119954.42,20959.12973,2481252763.651911,2778733.0,10811.45507,1280627214.6285224
2025-07-23,119954.43,120090.0,117301.0,118755.99,14558.75083,1722126986.886661,2101404.0,7070.08701,836266328.7446831
2025-07-24,118756.0,119450.0,117103.1,118340.99,15806.89043,1873181653.2018075,2081435.0,7651.73992,906619084.6035931
2025-07-25,118340.98,118451.57,114723.16,117614.31,38406.34873,4456778786.620494,3282355.0,17042.77355,1977873720.8964725
2025-07-26,117614.31,118297.35,117138.38,117919.99,6991.67206,823629079.7493103,790372.0,3167.88355,373290310.2164352
2025-07-27,117919.99,119766.65,117825.5,119415.55,9328.30919,1107883542.1607983,1095080.0,5238.30358,622261561.2507277
2025-07-28,119415.56,119800.0,117427.5,118062.32,13961.74754,1655882235.896518,1824777.0,7224.91774,857128354.2234088
2025-07-29,118062.32,119273.36,116950.75,117950.76,15137.93445,1788682083.6856463,1956694.0,7988.93736,944162800.0745873
2025-07-30,117950.75,118792.0,115796.23,117840.3,15586.73631,1832696878.222986,1997369.0,7803.61434,917632890.2336526
2025-07-31,117840.29,118922.45,115500.0,115764.08,17010.0073,2002870016.7022426,1859532.0,8313.51616,979519362.0685424
2025-08-01,115764.07,116052.0,112722.58,113297.93,24487.10206,2810268577.15137,4160829.0,11487.2212,1318593418.0612547
2025-08-02,113297.92,114063.49,112003.0,112546.35,11507.33428,1301882737.326722,2165714.0,5060.00835,572586383.0717313
2025-08-03,112546.35,114799.97,111920.0,114208.8,7397.76046,841090034.1542541,1419281.0,3738.18331,425246221.2955304
2025-08-04,114208.81,115720.0,114107.6,115055.03,9667.67916,1109938874.0629709,1954230.0,4715.29351,541443274.8093747
2025-08-05,115055.03,115127.81,112650.0,114129.75,12042.79078,1371861747.1466167,2581052.0,5622.66754,640570774.1010684
2025-08-06,114129.75,115716.0,113355.13,114992.27,9761.15318,1118028732.8589184,2026500.0,4872.24748,558193207.677072
2025-08-07,114992.27,117621.0,114259.0,117472.01,13468.56263,1564454297.836927,2314671.0,7008.73753,814088870.444632
2025-08-08,117472.02,117630.0,115878.71,116674.74,10045.31278,1172199778.7242546,2095304.0,4584.90574,534970598.4687502
2025-08-09,116674.74,117944.05,116299.13,116462.25,9514.13144,1111837601.7023723,1390951.0,4869.85416,569228301.1169946
2025-08-10,116462.25,119311.11,116460.63,119294.01,14322.77073,1694198747.8718708,2317065.0,8023.43513,949082473.721322
2025-08-11,119294.27,122335.16,118050.11,118686.0,26494.33429,3194611530.5410695,4021743.0,13243.42946,1596640461.643077
2025-08-12,118686.0,120324.43,118207.47,120134.08,16720.10893,1992762473.5852578,2737841.0,9265.05962,1104367998.1961715
2025-08-13,120134.09,123667.79,118920.92,123306.43,23210.07102,2811581348.3874574,3712817.0,11931.26825,1446045988.0483146
2025-08-14,123306.44,124474.0,117180.0,118295.09,27980.947586,3359128391.108524,4350449.0,13402.078476,1608719584.8697336
2025-08-15,118295.09,119216.82,116803.99,117342.05,13623.33874,1607609329.685101,2895016.0,6141.41708,724799635.8172467
2025-08-16,117342.04,117898.99,117143.98,117380.66,6393.68117,751719391.7723638,1179842.0,2995.22865,352158781.0964551
2025-08-17,117380.66,118575.0,117172.21,117405.01,5898.64192,695629197.9038073,1177563.0,2804.73113,330799448.0903654
2025-08-18,117405.01,117543.75,114640.14,116227.05,17745.93954,2053814085.4717774,3346280.0,7647.70667,885108979.4887486
2025-08-19,116227.05,116725.69,112732.58,112872.94,18065.47424,2065010895.8584664,3291182.0,8609.4137,984093545.5944221
2025-08-20,112872.95,114615.38,112380.0,114271.24,15636.34194,1776149566.1247735,2998370.0,7209.58575,819330970.2158619
2025-08-21,114271.23,114821.76,112015.67,112500.0,10839.69235,1227373788.615563,2357380.0,5346.48007,605400341.4544928
2025-08-22,112500.0,117429.05,111684.79,116935.99,23128.09037,2656625122.2777867,3438518.0,11843.59711,1359907711.8726692
2025-08-23,116936.0,117030.0,114560.0,115438.05,11329.36197,1308825428.0143585,1559569.0,5083.35014,587273893.1314433
2025-08-24,115438.06,115666.68,110680.0,113493.59,21175.98462,2411284606.1891766,2573906.0,9325.0671,1061855201.3343123
2025-08-25,113493.59,113667.28,109274.1,110111.98,25182.79379,2805570653.631023,4695718.0,11387.5817,1269662985.3441799
2025-08-26,110111.98,112371.0,108666.66,111763.22,18452.43877,2033437347.4999392,4077474.0,9863.43157,1087468493.596964
2025-08-27,111763.22,112625.0,110345.42,111262.01,13392.60875,1493774927.190832,3111496.0,6261.8455,698586344.1774796
2025-08-28,111262.01,113485.9,110862.42,112566.9,11104.27744,1250788481.9453218,2066780.0,5139.46509,578866003.6838148
2025-08-29,112566.9,112638.64,107463.9,108377.4,22580.31045,2475492492.57753,3606959.0,10616.35644,1164321513.1044571
2025-08-30,108377.4,108926.15,107350.1,108816.33,10708.39159,1160666772.7387524,1411040.0,5797.17783,628457794.843401
2025-08-31,108816.33,109480.02,108076.93,108246.35,9489.51596,1031806894.3513318,1366633.0,4573.61058,497406888.1691883
2025-09-01,108246.36,109912.4,107255.0,109237.42,16053.60219,1742516638.781135,2729384.0,7532.99101,817730948.9844334
2025-09-02,109237.43,111771.52,108393.39,111240.01,18510.28756,2042681451.9016385,2596328.0,9088.71727,1003032805.5367996
2025-09-03,111240.01,112575.27,110528.71,111705.71,11773.72084,1313762617.3436644,2214249.0,5539.29462,618293676.5075179
2025-09-04,111705.72,112180.0,109329.12,110730.87,12203.13536,1349031325.5320847,2230255.0,6070.78151,670681185.82571
2025-09-05,110730.87,113384.62,110206.96,110659.99,21587.40888,2413132200.623325,2970419.0,10787.81127,1206066261.227201
2025-09-06,110660.0,111307.7,109977.0,110187.97,5000.29897,552785936.5434699,795201.0,2308.83297,255237426.946011
2025-09-07,110187.98,111600.0,110180.0,111137.34,5681.29944,630447950.1588689,874961.0,2570.85199,285303923.5404623
2025-09-08,111137.35,112924.37,110621.78,112065.23,11582.40211,1295903862.4649603,1744598.0,5531.65969,618773275.3576307
2025-09-09,112065.23,113293.29,110766.66,111546.39,15379.28248,1721465997.906366,2143242.0,7597.38038,849973176.1775684
2025-09-10,111546.38,114313.13,110917.45,113960.0,17517.41823,1978834750.2223115,2182534.0,8274.63998,934646697.4823323
2025-09-11,113960.0,115488.09,113430.0,115482.69,13676.73119,1562241144.956541,2166359.0,6744.29993,770595422.6905214
2025-09-12,115482.69,116665.63,114740.99,116029.42,15324.10719,1772122269.5018635,2481491.0,7995.57276,924775389.8569396
2025-09-13,116029.41,116298.78,115127.27,115918.29,8269.40394,957724220.6497611,1223635.0,3590.09359,415773029.4393527
2025-09-14,115918.29,116165.19,115135.0,115268.01,6707.60197,775762364.9685991,1237218.0,3406.90777,393977059.3035421
2025-09-15,115268.01,116757.99,114384.0,115349.71,13212.51149,1522648235.2235153,2857989.0,6621.3636,763138585.6850249
2025-09-16,115349.71,116964.27,114737.11,116788.96,10926.9094,1265779287.5169268,2047058.0,5292.18365,613182568.9919184
2025-09-17,116788.96,117286.73,114720.81,116447.59,16754.2454,1946083704.6217456,3227418.0,7975.0019,926282110.833079
2025-09-18,116447.6,117900.0,116092.76,117073.53,11657.23365,1367513347.4865093,2252654.0,5717.34538,670700552.9347277
2025-09-19,117073.53,117459.99,115100.0,115632.38,8992.09065,1045792401.4532388,1732471.0,4020.81483,467345983.0786799
2025-09-20,115632.39,116121.81,115408.47,115685.63,4674.92752,541264273.2416894,740451.0,2276.16483,263511469.8432588
2025-09-21,115685.63,115819.06,115188.0,115232.29,4511.52219,521299751.1504096,945965.0,2016.72489,233031538.7469931
2025-09-22,115232.29,115379.25,111800.0,112650.99,20781.71356,2348872511.698875,3045876.0,9312.35777,1052684266.8981876
2025-09-23,112650.99,113290.5,111458.73,111998.8,12301.3203,1383869800.273703,2455729.0,5543.3609,623665658.7200328
2025-09-24,111998.8,113940.0,111042.66,113307.0,12369.25967,1394470628.502582,2229837.0,6100.69487,687826281.220477
2025-09-25,113307.01,113510.23,108631.51,108994.49,21231.14957,2356639689.925215,4409953.0,9511.07937,1055527535.7684447
2025-09-26,108994.49,110300.0,108620.07,109643.46,14243.01591,1557098915.9392595,3257155.0,6978.29033,762955442.7524
2025-09-27,109643.46,109743.91,109064.4,109635.85,5501.78643,601947588.9970765,919594.0,2523.25886,276080500.9941954
2025-09-28,109635.85,112350.0,109189.99,112163.95,7542.3316,832254944.3203353,1484866.0,3781.87606,417495757.16935
2025-09-29,112163.96,114400.0,111560.65,114311.96,15541.12005,1755247635.871136,2442653.0,7836.68768,884934987.568753
2025-09-30,114311.97,114792.0,112656.27,114048.93,15044.15633,1710713267.1300955,3018331.0,7185.72154,817044461.2701815
2025-10-01,114048.94,118649.1,113966.67,118594.99,20036.39516,2332096981.2659335,3430343.0,10071.04092,1172422657.4065175
2025-10-02,118594.99,121022.07,118279.31,120529.35,19670.83503,2349861127.3445807,3472073.0,9753.07848,1164986423.9898076
2025-10-03,120529.35,123894.99,119248.3,122232.0,23936.328,2907381076.6813188,4246820.0,11288.62355,1372792607.6136215
2025-10-04,122232.21,122800.0,121510.0,122391.0,8208.16678,1002272903.3446472,1703590.0,3767.80335,460154433.1236619
2025-10-05,122390.99,125708.42,122136.0,123482.31,22043.097553,2730817470.939564,3690670.0,11780.672403,1459478400.9109962
2025-10-06,123482.32,126199.63,123084.0,124658.54,19494.628793,2428828952.2653184,4206167.0,9963.008153,1241625129.7177184
2025-10-07,124658.54,125126.0,120574.94,121332.95,21633.99385,2657405799.8705487,4390785.0,9699.35099,1191947741.6989057
2025-10-08,121332.96,124197.25,121066.14,123306.0,17012.618,2084842842.441617,4184997.0,9039.06222,1107976264.6948595
2025-10-09,123306.01,123762.94,119651.47,121662.4,21559.36007,2621438087.566733,4231167.0,10144.15364,1233882833.5642388
2025-10-10,121662.41,122550.0,102000.0,112774.5,64171.93927,7349750905.041158,11404522.0,30502.14297,3493298452.846008
2025-10-11,112774.49,113322.39,109561.59,110644.4,35448.51652,3961069473.2311363,6661929.0,15375.94796,1718429599.5669522
2025-10-12,110644.4,115770.0,109565.06,114958.8,32255.30272,3638546528.7401557,6048575.0,16915.44533,1907676479.1772509
2025-10-13,114958.81,115963.81,113616.5,115166.0,22557.24033,2591831660.9857492,5739352.0,10710.89723,1230950583.8424666
2025-10-14,115166.0,115409.96,109866.0,113028.14,31870.32974,3578140778.808499,7425642.0,14944.19197,1677011392.6343808
2025-10-15,113028.13,113612.35,110164.0,110763.28,22986.48811,2569639641.3527684,5243141.0,10499.31831,1173678794.920774
2025-10-16,110763.28,111982.45,107427.0,108194.28,29857.17252,3277596494.7619195,6127094.0,13126.95119,1441416875.126377
2025-10-17,108194.27,109240.0,103528.23,106431.68,37920.66838,4022645635.221202,7570685.0,17996.99946,1909654487.4562209
2025-10-18,106431.68,107499.0,106322.2,107185.01,11123.18766,1189002999.143113,2105450.0,4845.85641,518065716.6618129
2025-10-19,107185.0,109450.07,106103.36,108642.78,15480.66423,1670074079.5802343,3205640.0,7100.31013,766423535.8177378
2025-10-20,108642.77,111705.56,107402.52,110532.09,19193.4416,2119912185.5934682,4283542.0,9280.50075,1024925788.7216991
2025-10-21,110532.09,114000.0,107473.72,108297.67,37228.01659,4114477849.932054,6004063.0,17034.07155,1881327751.3346128
2025-10-22,108297.66,109163.88,106666.69,107567.44,28610.78451,3090291706.4439816,5547903.0,13766.58861,1487179903.5999787
2025-10-23,107567.45,111293.61,107500.0,110078.18,17573.09294,1924582289.411394,3721614.0,8575.33716,938905317.7034107
2025-10-24,110078.19,112104.98,109700.01,111004.89,15005.16913,1662806764.9533324,3241022.0,7511.2434,832390454.8076226
2025-10-25,111004.9,111943.19,110672.86,111646.27,6407.96864,714201332.9751225,1238199.0,3087.0866,344113931.7999452
2025-10-26,111646.27,115466.8,111260.45,114559.4,13454.47737,1525108635.874829,2463951.0,6982.18154,791462349.3516057
2025-10-27,114559.41,116400.0,113830.01,114107.65,21450.23241,2470872744.5489683,3660488.0,10969.70182,1263753536.9973898
2025-10-28,114107.65,116086.0,112211.0,112898.45,15523.42257,1772753529.8642743,3829845.0,7765.31574,887031686.0163724
2025-10-29,112898.44,113643.73,109200.0,110021.29,21079.71376,2356715986.5335455,4481480.0,10407.07233,1163985607.3569086
2025-10-30,110021.3,111592.0,106304.34,108322.88,25988.82838,2827221287.4227977,6373451.0,12551.13144,1365671836.7455924
2025-10-31,108322.87,111190.0,108275.28,109608.01,21518.20439,2361590437.9414105,5256872.0,10798.53938,1185034290.9237797
2025-11-01,109608.01,110564.49,109394.81,110098.1,7378.50431,812389216.4346797,1994214.0,3406.68401,375126956.0809722
2025-11-02,110098.1,111250.01,109471.34,110540.68,12107.00087,1336870531.1415012,2652188.0,5921.86453,654016950.2549777
2025-11-03,110540.69,110750.0,105306.56,106583.04,28681.18779,3076006652.0015674,7074546.0,12847.08574,1377869106.6681776
2025-11-04,106583.05,107299.0,98944.36,101497.22,50534.87376,5197697635.212413,9099609.0,23388.99033,2406186713.17053
2025-11-05,101497.23,104534.74,98966.8,103885.16,33778.77571,3454273922.700385,6500368.0,18126.84828,1854232277.0330112
2025-11-06,103885.16,104200.0,100300.95,101346.04,25814.62139,2641767846.305827,5755001.0,11972.54796,1225474173.0204284
2025-11-07,101346.04,104096.36,99260.86,103339.08,32059.50942,3251112979.305884,6335759.0,16056.80582,1629564159.11658
2025-11-08,103339.09,103406.22,101454.0,102312.94,12390.77985,1267165565.3752701,2743819.0,5862.65977,599611355.3671467
2025-11-09,102312.95,105495.62,101400.0,104722.96,16338.97096,1687020822.3668208,3404204.0,8224.94939,849620657.0869097
2025-11-10,104722.95,106670.11,104265.02,106011.13,22682.25673,2400141664.389342,4710957.0,11595.81944,1226965888.74677
2025-11-11,106011.13,107500.0,102476.09,103058.99,24196.50718,2532279071.0069213,5532149.0,10717.03395,1121890584.1997764
2025-11-12,103059.0,105333.33,100813.59,101654.37,20457.63906,2108514405.2608771,5314132.0,10155.72095,1047214063.138287
2025-11-13,101654.37,104085.01,98000.4,99692.02,36198.50771,3654698026.5403805,8125404.0,17250.22426,1742449117.5763607
2025-11-14,99692.03,99866.02,94012.45,94594.0,47288.14481,4566085156.747207,9551025.0,21184.91518,2045542286.8634834
2025-11-15,94594.0,96846.68,94558.49,95596.24,15110.89391,1449074019.0674856,4263558.0,7115.78198,682358960.7540421
2025-11-16,95596.23,96635.11,93005.55,94261.44,23889.4051,2261295524.8173394,5141394.0,10828.62752,1025540141.3111866
2025-11-17,94261.45,96043.0,91220.0,92215.14,39218.59806,3674562070.238606,8134322.0,18690.19245,1750979467.7862606
2025-11-18,92215.14,93836.01,89253.78,92960.83,39835.14769,3641033186.3004584,8786593.0,20130.95957,1841176605.1418235
2025-11-19,92960.83,92980.22,88608.0,91554.96,32286.6376,2925773651.255958,6822174.0,15060.08451,1365200809.1745572
2025-11-20,91554.96,93160.0,86100.0,86637.23,39733.19073,3548950335.0984216,7841395.0,18283.84047,1634256490.957432
2025-11-21,86637.22,87498.94,80600.0,85129.43,72256.12679,6061348756.341564,11826480.0,34071.85828,2859133223.2240524
2025-11-22,85129.42,85620.0,83500.0,84739.74,14193.93263,1197657354.9690385,4697593.0,6688.79428,564562148.9373932
2025-11-23,84739.75,88127.64,84667.57,86830.0,19734.46418,1708685030.2798696,5063493.0,10406.51703,901210513.5204473
2025-11-24,86830.0,89228.0,85272.0,88300.01,24663.12795,2150393686.920318,6189156.0,12438.87518,1085485389.0234168
2025-11-25,88300.01,88519.99,86116.0,87369.96,19567.0411,1708989000.038937,4838747.0,9423.17985,823123525.1402559
2025-11-26,87369.97,90656.08,86306.77,90484.02,21675.82239,1916851896.6699688,4668280.0,10883.61063,962765375.8163832
2025-11-27,90484.01,91950.0,90089.91,91333.95,16833.50932,1535778106.5787077,3920172.0,8898.35835,812005498.7594875
2025-11-28,91333.94,93092.0,90180.63,90890.7,18830.86012,1721418035.0795596,4229754.0,8961.64712,820315728.918691
2025-11-29,90890.71,91165.65,90155.47,90802.44,7429.88291,673725652.9787655,1677860.0,3359.04932,304614219.1452583
2025-11-30,90802.44,92000.01,90336.9,90360.0,9687.74175,884051773.1655338,2154030.0,5002.96698,456606490.1203246
2025-12-01,90360.01,90417.0,83822.76,86286.01,34509.01227,2977024047.2231607,7709685.0,15524.33346,1338718794.0013123
2025-12-02,86286.01,92307.65,86184.39,91277.88,28210.22732,2519515177.662365,6397299.0,13512.33949,1206199898.294151
2025-12-03,91277.88,94150.0,90990.23,93429.95,25712.52585,2386223626.86139,6733182.0,12993.19312,1206219500.4577343
2025-12-04,93429.95,94080.0,90889.0,92078.06,19803.94059,1836645629.33462,5856049.0,8312.69539,770992235.207992
2025-12-05,92078.06,92692.36,88056.0,89330.04,19792.97218,1788436983.8106546,5520352.0,8722.13995,787809723.7213238
2025-12-06,89330.04,90289.97,88908.01,89236.79,8409.50016,753420679.8063259,2482221.0,4041.72834,362232786.2695714
2025-12-07,89236.8,91760.0,87719.28,90395.31,13021.11185,1167866486.8455212,3953071.0,6370.56683,571547237.856767
2025-12-08,90395.32,92287.15,89612.0,90634.34,15793.63887,1436920018.8936133,5458731.0,7296.74328,663654575.4521835
2025-12-09,90634.35,94588.99,89500.0,92678.8,21240.43014,1956261065.6071732,5940223.0,10517.75959,969426006.1222628
2025-12-10,92678.81,94476.0,91563.15,92015.37,18998.68083,1758773276.2478049,6025707.0,9197.33116,852012295.3967115
2025-12-11,92015.38,93555.0,89260.63,92513.38,19972.58758,1814322119.0658488,6250438.0,9150.89797,831529923.8088819
2025-12-12,92513.38,92754.0,89480.0,90268.42,16679.19169,1521683425.5648005,4956719.0,7986.68273,728724357.3886563
2025-12-13,90268.43,90634.55,89766.39,90240.01,5895.70788,532250544.5904015,1363754.0,2237.9847,202065519.4961406
2025-12-14,90240.0,90472.4,87577.36,88172.17,9416.94004,839079130.8378651,3115749.0,4005.70835,356905157.3266693
2025-12-15,88172.16,90052.64,85146.64,86432.08,19778.6919,1732823429.5017288,6747167.0,9592.41076,840349649.3250623
2025-12-16,86432.08,88175.98,85266.0,87863.42,18456.05017,1604673428.6527836,6099692.0,9065.97746,788731082.46646
2025-12-17,87863.43,90365.85,85314.0,86243.22,19834.11729,1733348496.6703594,6058638.0,9277.27838,810618013.2566438
2025-12-18,86243.23,89477.61,84450.01,85516.41,25405.41763,2204223872.6696463,6946947.0,12668.53838,1098646854.9700365
2025-12-19,85516.41,89399.97,85110.24,88136.94,21256.65004,1863236625.932864,6482253.0,10880.14451,953886285.3647416
2025-12-20,88136.95,88573.07,87795.76,88360.9,5123.13194,451919022.7277595,1174426.0,2456.37063,216687645.3292005
2025-12-21,88360.91,89081.77,87600.04,88658.86,7132.87258,629720971.7866651,2030666.0,3450.39397,304712061.7980245
2025-12-22,88658.87,90588.23,87900.0,88620.79,14673.2197,1310235631.747926,4847747.0,7269.61435,649186791.7715422
2025-12-23,88620.79,88940.0,86601.9,87486.0,13910.32904,1219899607.2677548,4465080.0,6381.76747,559905195.8871304
2025-12-24,87486.0,88049.89,86420.0,87669.45,9140.8432,797460526.4738462,2877239.0,4543.27331,396385690.4046026
2025-12-25,87669.44,88592.74,86934.72,87225.27,7096.58235,622970453.6497647,1992172.0,3390.95708,297591128.7233041
2025-12-26,87225.27,89567.75,86655.08,87369.56,18344.61505,1616722115.636646,4509482.0,8846.80613,780464877.7249064
2025-12-27,87369.56,87984.0,87253.05,87877.01,4469.55156,391274205.274436,957536.0,2065.72405,180860481.2392424
2025-12-28,87877.0,88088.75,87435.0,87952.71,4446.29285,390327299.1502763,1241426.0,2230.75216,195842128.1874143
2025-12-29,87952.71,90406.08,86806.5,87237.13,19894.98575,1762011993.0377953,4793589.0,10079.10102,892298235.375502
2025-12-30,87237.13,89400.0,86845.66,88485.49,13105.91001,1155016404.4786754,3542176.0,6561.56089,578303387.4025434
2025-12-31,88485.5,89200.0,87250.0,87648.22,11558.62047,1019746835.2795268,2897396.0,5432.03408,479104976.9645489
2026-01-01,87648.21,88919.45,87550.43,88839.04,6279.57133,552991635.2911001,1449281.0,3123.64536,275090077.2883817
2026-01-02,88839.05,90961.81,88379.88,89995.13,17396.97301,1558958860.8870876,5010211.0,8929.35447,800380273.9640186
2026-01-03,89995.14,90741.16,89314.01,90628.01,7057.46716,635514773.6093655,1684214.0,3791.72083,341479553.3015828
2026-01-04,90628.01,91810.0,90628.0,91529.73,10426.5297,952160980.5212084,2207037.0,5320.99389,485918671.5920199
2026-01-05,91529.74,94789.08,91514.81,93859.71,20673.59584,1927455243.548076,5485489.0,10892.9695,1015858751.9317029
2026-01-06,93859.71,94444.44,91262.94,93747.97,18546.41829,1728045542.298375,5018686.0,8108.82157,755998193.3969632
2026-01-07,93747.97,93747.97,90675.52,91364.16,14276.49025,1311906952.9749737,4340252.0,6714.86954,616889466.1481977
2026-01-08,91364.16,91687.99,89311.0,91099.99,16132.79117,1460622501.2073882,4923472.0,8192.07574,741768676.9751914
2026-01-09,91100.0,92082.55,89694.66,90641.28,15590.27939,1416907180.1870482,4155703.0,8512.4327,773999739.2375336
2026-01-10,90641.27,90832.0,90404.0,90504.7,3104.11722,281321375.4802981,766357.0,1551.97383,140664759.4095869
2026-01-11,90504.7,91283.89,90236.0,91013.65,5477.13594,497245863.9319499,1282029.0,2868.36168,260447706.8088716
2026-01-12,91013.66,92519.95,90128.44,91296.2,16188.08268,1479964862.2693064,4099509.0,8092.5428,740004800.1807222
2026-01-13,91296.2,96495.0,91042.66,95414.0,23021.51482,2149770801.117704,5025071.0,12405.23056,1159067162.248983
2026-01-14,95413.99,97924.49,94559.28,96951.78,22851.89428,2201535821.648615,5346212.0,11974.98829,1154415462.597303
2026-01-15,96951.78,97193.34,95134.48,95604.8,21725.81369,2093008182.8437335,4493095.0,10841.32767,1045103063.1114848
2026-01-16,95604.81,95871.47,94293.46,95550.94,11167.7146,1064019408.0772514,2971559.0,5055.06952,481723178.0814679
2026-01-17,95550.94,95639.45,95021.67,95147.77,4280.80137,408161941.6719079,1020527.0,2059.85283,196399075.9709701
2026-01-18,95147.77,95531.12,93615.4,93673.14,6895.17819,654773743.2677118,1488785.0,3107.35604,295217762.8212793
2026-01-19,93673.14,93673.14,91910.2,92631.0,14295.52747,1326770336.049047,3359066.0,6906.84245,640981004.8958122
2026-01-20,92630.99,92870.0,87895.98,88427.66,22007.3261,1989676668.5941782,6064031.0,9629.19624,870936424.1390942
2026-01-21,88427.66,90574.0,87263.53,89454.73,20617.50372,1837708115.3597033,6419053.0,10265.21302,915531751.0822006
2026-01-22,89454.73,90359.99,88515.37,89559.67,10825.50492,969910623.3559886,3743412.0,5529.54766,495598490.5227897
2026-01-23,89559.68,91224.99,88578.36,89600.26,13918.48919,1248772265.678843,4619907.0,6911.17668,620204414.132354
2026-01-24,89600.26,89957.39,89162.08,89225.34,4226.56737,378464146.0918812,959854.0,1835.96939,164401193.4396937
2026-01-25,89225.34,89319.13,86074.72,86670.36,14426.22019,1264233689.841581,3720178.0,6269.27657,549304584.5673954
2026-01-26,86670.36,88860.0,86509.63,88347.08,17766.51453,1560135758.989215,4798083.0,9428.94206,827914390.6949898
2026-01-27,88347.08,89523.16,87304.33,89250.0,13125.40425,1160026853.5895033,3787336.0,6722.86937,594388596.0572797
2026-01-28,89249.99,90600.0,88833.65,89299.99,14332.18502,1283919840.851472,4385791.0,7015.44336,628761031.3151364
2026-01-29,89300.0,89348.0,83383.33,84650.16,30431.38201,2610381587.9100037,5598749.0,12385.58906,1062920384.0760188
2026-01-30,84650.16,84735.75,81118.0,84260.49,35195.84793,2918624066.481832,8998829.0,16749.59784,1389486785.106681
2026-01-31,84260.5,84270.02,75719.9,78741.09,39491.89133,3155264093.623044,7384976.0,17959.61358,1435120245.9826965
2026-02-01,78741.1,79424.0,75700.0,76968.21,25395.48168,1974920557.0473866,8001906.0,12031.74392,936095742.7402172
2026-02-02,76968.22,79360.0,74604.0,78738.61,42273.59016,3260752444.4613295,10085578.0,21480.45115,1658977441.2234404
2026-02-03,78738.6,79186.81,72945.5,75770.21,39120.10889,2986903008.574792,9199445.0,17304.88253,1324119396.4360397
2026-02-04,75770.21,76971.52,71888.0,73165.83,38375.36,2852834631.5391464,10724002.0,17274.35569,1284664768.8290725
2026-02-05,73165.84,73341.18,62345.0,62909.86,106298.82899,7198745594.280694,15364010.0,49042.65006,3325749503.0332394
2026-02-06,62909.87,71751.33,60000.0,70580.26,92539.21531,6134056670.6115055,13228528.0,49477.51198,3288426149.2806883
2026-02-07,70580.26,71690.07,67300.0,69289.38,44255.48036,3058983879.0691524,7167427.0,18766.22233,1298989823.429441
2026-02-08,69289.37,72271.41,68888.0,70330.38,21420.53168,1510003758.652842,4870449.0,11435.75238,805898867.2818197
2026-02-09,70330.38,71453.53,68308.0,70138.0,29152.72842,2038959539.4209776,6644769.0,13854.63486,969001616.6829728
2026-02-10,70138.0,70527.59,67800.0,68841.29,20373.77072,1408623623.3599253,4558658.0,9237.21056,638739950.2535255
2026-02-11,68841.28,69292.88,65756.0,67082.52,28718.24602,1930513947.5441146,6956577.0,14335.50997,963903748.2694873
2026-02-12,67082.52,68410.52,65118.0,66272.17,24271.74283,1622162145.3342066,6778280.0,12101.72511,809418852.0733618
2026-02-13,66272.17,69482.97,65872.46,68853.96,20244.54955,1371286022.3300548,6450842.0,10425.24887,706766540.6168541
2026-02-14,68853.97,70560.01,68730.13,69822.95,18114.78393,1260259314.3600264,3803163.0,7857.93423,546756073.2649412
2026-02-15,69822.94,70983.0,68000.0,68832.58,22290.05208,1545094572.1368146,4598633.0,8861.59262,615733099.1208996
2026-02-16,68832.59,70126.67,67294.11,68892.43,15515.76534,1062797918.2535971,5233849.0,8153.4314,558909191.7674918
2026-02-17,68892.43,69241.5,66621.06,67503.52,16489.06921,1117987651.294812,5994853.0,7538.45107,511426190.8932403
2026-02-18,67503.52,68476.22,65870.0,66461.0,15492.43839,1040493524.6521236,4548997.0,7895.05707,530458178.1385649
2026-02-19,66461.0,67320.0,65631.83,67003.73,14542.26988,968863572.7821527,4679351.0,7106.70741,473456223.0721071
2026-02-20,67003.73,68318.39,66280.2,68020.01,35351.87091,2378079150.5678473,5044912.0,15001.46034,1010970043.1452413
2026-02-21,68020.0,68698.7,67534.69,67975.93,8032.84131,547592078.8471988,1593539.0,4003.46206,272919692.67728
2026-02-22,67975.93,68245.0,67190.0,67643.4,8175.13484,553613335.5774136,2160900.0,3974.29287,269081093.6109383
2026-02-23,67643.39,67684.86,63888.79,64656.02,33075.90923,2158158656.1215167,8268695.0,16388.63858,1069328860.0589625
2026-02-24,64656.01,65026.75,62510.28,64058.15,23102.83622,1469512159.7199352,7553629.0,11150.61026,709235431.9176984
2026-02-25,64058.15,69988.83,63913.27,67988.04,30749.99259,2064089702.844435,7096715.0,16382.91985,1098904977.008272
2026-02-26,67988.04,68860.0,66500.0,67485.18,20737.77792,1404774665.564561,5426137.0,10172.50047,689304052.453067
2026-02-27,67485.19,68216.8,64914.46,65872.1,21228.58424,1412033823.5619729,3856064.0,10107.20917,671986242.524662
2026-02-28,65872.09,67760.0,63030.0,66973.26,22548.71649,1462864408.2615664,5268514.0,11531.10802,748190390.4323822
2026-03-01,66973.26,68199.99,65056.0,65776.47,23201.85859,1545783742.9062002,5312013.0,11209.77201,747161922.8484616
2026-03-02,65776.48,70096.0,65259.21,68830.06,32010.38431,2164578841.845917,8397526.0,15335.91369,1037871544.5481505
2026-03-03,68830.06,69258.08,66158.0,68338.0,24972.2418,1691848669.9430182,7648119.0,12331.622,835461016.0946944
2026-03-04,68338.01,74050.0,67400.0,72666.77,44919.0761,3202864447.6324606,8618302.0,23641.35243,1685099057.930178
2026-03-05,72666.77,73558.15,70645.47,70890.72,26590.51253,1917514690.387834,6709160.0,12299.51467,886773462.4727771
2026-03-06,70891.02,71419.98,67744.78,68114.02,22629.88722,1574601198.874888,5302899.0,10464.09351,728091757.7822127
2026-03-07,68114.02,68551.04,66915.26,67262.91,12719.54315,861729861.8530488,2067476.0,5910.76849,400477518.3566913
2026-03-08,67262.91,68200.0,65618.49,65971.2,21593.63901,1447522160.3154545,3028392.0,11268.64926,755732359.1696719
2026-03-09,65971.2,69516.65,65821.97,68432.16,28896.7213,1967622051.44968,5093667.0,14101.45378,960195772.9159064
2026-03-10,68432.16,71777.0,68391.41,69948.63,32602.57726,2292525621.4405203,5176064.0,16453.82839,1157238967.1004455
2026-03-11,69948.64,71321.0,68977.91,70191.86,27249.27542,1911300596.2341678,4759855.0,14015.31615,982971805.5997225
2026-03-12,70191.86,70800.0,69205.91,70541.34,21997.1605,1540745224.510106,4344059.0,10545.03396,738758111.8989177
2026-03-13,70541.34,73913.74,70386.01,70930.0,35996.61678,2591768526.296147,5312490.0,18310.3426,1319530652.9586313
2026-03-14,70930.01,71307.92,70317.0,71211.95,13017.24737,921308630.9462769,1661739.0,6242.10104,441895405.3585625
2026-03-15,71211.95,73199.0,70858.82,72815.24,14037.30704,1007334955.2436514,2509013.0,7307.01776,524440519.7627765
2026-03-16,72815.25,74909.08,72270.41,74884.67,28409.53019,2095859511.5648637,5396482.0,15204.22255,1122045159.1994789
2026-03-17,74884.67,76000.0,73399.19,73909.36,24521.26636,1825976731.3326733,4863187.0,11791.2523,878396858.780886
2026-03-18,73909.37,74672.34,70500.0,71246.54,23392.88093,1692949838.9777424,4733897.0,11709.17057,847905482.6972562
2026-03-19,71246.55,71613.79,68793.35,69930.0,22364.81819,1566573949.8604124,4972526.0,10489.13676,734634623.2873883
2026-03-20,69930.01,71367.0,69388.0,70510.73,18121.16745,1273812840.6886704,4369971.0,8801.41211,618781938.2268149
2026-03-21,70510.73,71100.94,68571.42,68918.12,13397.1675,942693882.026424,1640086.0,6379.69313,449156360.9341547
2026-03-22,68918.12,69588.79,67360.66,67859.0,14843.78682,1018926475.3196974,3269152.0,7292.32333,500700088.2518349
2026-03-23,67859.0,71817.09,67445.18,70906.45,28335.09119,1980755169.231694,6509730.0,14640.9723,1022970775.4557817
2026-03-24,70906.45,71400.0,68923.07,70556.74,20702.42244,1455361229.2099645,4191328.0,9731.85043,684254039.2949127
2026-03-25,70556.74,72026.09,70408.0,71336.53,17719.50066,1261017988.5394323,3298902.0,8819.77787,627874982.8921663
2026-03-26,71336.53,71436.82,68153.0,68820.31,20820.45768,1447699734.339839,3597702.0,10116.39467,703650001.5901196
2026-03-27,68820.31,69179.05,65548.25,66407.28,28603.69557,1917318222.709913,4159306.0,14568.62853,976680026.265681
2026-03-28,66407.28,67288.94,65932.09,66377.03,11462.39847,762676255.4470605,1687368.0,5753.04124,382921412.2238488
2026-03-29,66377.04,67130.5,65000.0,66010.93,10052.85584,667003517.605987,2146177.0,4769.42832,316674097.3501869
2026-03-30,66010.93,68169.65,65800.59,66797.37,18353.38975,1234617690.8920753,3902849.0,9155.91893,615747978.851381
2026-03-31,66797.38,68589.49,65998.05,68284.48,22105.40662,1490168487.4548745,4846820.0,10726.18262,723378692.7667619
2026-04-01,68284.49,69310.0,67578.75,68113.92,19020.1899,1301708227.0745244,3741910.0,9702.49844,664126033.9269131
2026-04-02,68113.92,68653.38,65712.12,66901.99,20203.47916,1349223461.5270572,4189133.0,10090.6562,673815463.8757505
2026-04-03,66901.99,67370.42,66282.0,66964.3,11429.13131,763535606.9777881,2023104.0,5535.26988,369859409.3227177
2026-04-04,66964.29,67562.93,66775.91,67300.42,7373.51613,494932017.4232442,1356179.0,3701.32932,248489879.9959024
2026-04-05,67300.42,69136.2,66611.66,69034.18,11733.46752,791661977.3234503,2106257.0,5791.55692,391091472.1386122
2026-04-06,69034.18,70351.46,68300.0,68853.66,20281.61044,1408020173.0961628,4695523.0,10149.79257,704797801.6383992
2026-04-07,68853.66,72761.0,67732.01,71924.22,23750.49661,1649637855.842697,4871706.0,12465.18271,866730089.2310435
2026-04-08,71924.22,72857.0,70707.23,71069.93,19802.68627,1418484188.0521238,3843988.0,9570.20189,685666276.8388308
2026-04-09,71069.93,73145.0,70466.0,71787.97,18158.42159,1300323816.009336,3773025.0,9604.31771,687990251.043167
2026-04-10,71787.98,73434.0,71426.15,72962.7,17372.63288,1259195636.055663,3176308.0,8819.74841,639705902.5013963
2026-04-11,72962.71,73790.0,72513.09,73043.16,9070.94374,662437113.7096702,1472041.0,4673.47605,341269009.9930418
2026-04-12,73043.16,73137.24,70505.88,70740.98,13472.46801,962825891.8165911,2068779.0,6326.31289,451853887.8110209
2026-04-13,70741.56,74900.0,70566.99,74417.99,24230.21625,1753370318.184166,3673539.0,12639.79905,914783773.8511786
2026-04-14,74418.0,76038.0,73795.47,74131.55,26532.94456,1982728989.60722,4033448.0,13313.88956,995694440.9989893
2026-04-15,74131.55,75425.0,73514.0,74809.99,14425.04167,1071448612.5370219,3187792.0,7014.01981,521112265.1711658
2026-04-16,74809.99,75534.76,73309.85,75154.29,17088.68777,1274894123.7496114,3581890.0,8601.69794,641950287.248219
2026-04-17,75154.28,78333.0,74529.4,77072.0,25941.36694,1987343208.84067,4931167.0,14435.4773,1106587361.0045395
2026-04-18,77072.01,77420.08,75445.16,75691.76,9141.84456,698008567.9340073,1941112.0,4333.78362,330918112.5519663
2026-04-19,75691.76,76240.66,73762.9,73801.79,11369.82232,854915370.4407915,2739751.0,5458.61875,410654487.0526324
2026-04-20,73801.8,76558.62,73724.31,75840.97,16993.41034,1280503914.3710752,3563591.0,8812.70109,664069175.9657189
2026-04-21,75840.97,76927.57,74821.57,76336.15,14912.57132,1132118272.558311,3616213.0,7672.96288,582659654.9138548
2026-04-22,76336.14,79472.82,76132.95,78178.23,19737.51225,1543732085.5463338,3757077.0,10376.12434,811313167.070367
2026-04-23,78178.22,78662.5,76960.0,78257.48,16970.79501,1321349698.3542461,3571796.0,7760.75572,604322134.3078095
2026-04-24,78257.48,78581.93,77264.08,77437.13,12675.14315,986932564.6001965,2581973.0,6148.06393,478778657.353311
2026-04-25,77437.13,77885.35,77140.23,77625.0,5685.1142,440684004.3451535,806542.0,2999.85355,232567740.8198693
2026-04-26,77625.0,78961.0,77326.51,78657.55,7963.56162,621991973.4848,1476971.0,3981.86566,311149594.6071661
2026-04-27,78657.55,79485.66,76459.64,77371.32,16046.92418,1247833550.0841923,2982889.0,7712.53219,600122422.5927734
2026-04-28,77371.32,77478.0,75666.6,76342.77,13210.72383,1010412673.5550212,2352446.0,6518.95469,498681416.1989518
2026-04-29,76342.78,77904.93,74937.52,75780.0,18279.93022,1399735858.3455281,3032890.0,9680.02112,741279741.5187618
2026-04-30,75780.0,76669.14,75323.65,76346.57,10381.81607,790584591.689154,2569480.0,5585.19124,425311383.2018324
2026-05-01,76346.58,78914.12,76320.42,78231.13,17315.46502,1347837835.9195642,2388458.0,8322.98012,647849577.8083475
2026-05-02,78231.13,79199.48,78040.0,78686.85,6150.87642,482238389.4494098,936143.0,3297.03958,258534491.673966
2026-05-03,78686.84,79447.0,78084.08,78568.57,7425.7929,584294330.4516286,1352474.0,3464.91412,272683292.169375
2026-05-04,78568.58,80776.99,78202.0,79861.01,26042.96135,2074174850.511439,3734604.0,13351.64548,1063054861.8782552
2026-05-05,79861.01,81791.48,79808.72,80905.52,16947.17995,1374319029.230936,2490930.0,8628.14977,699849788.9064542
2026-05-06,80905.53,82850.0,80731.14,81447.01,18798.77396,1535650624.7612484,2794707.0,9976.68805,815009074.2302135
2026-05-07,81447.01,81708.32,79500.0,80006.0,16154.80338,1300766382.1023338,2540329.0,7625.14879,614218758.7473308
2026-05-08,80006.0,80500.0,79181.48,80193.17,16001.31009,1278566045.4172618,2265372.0,8328.38654,665600036.192464
2026-05-09,80193.18,81080.0,80129.85,80678.4,7548.42177,607596225.9864202,1002373.0,4032.72566,324554540.3255052
2026-05-10,80678.41,82479.32,80279.77,82210.07,12034.31882,977223714.2634745,1801608.0,6395.8966,519505191.5151365
2026-05-11,82210.07,82380.0,80462.97,81745.65,12951.76056,1053193670.8757555,2576396.0,6132.37349,498860919.4964037
2026-05-12,81745.66,81788.0,79843.59,80504.47,12386.25676,1000180167.440677,2345137.0,5716.20385,461739840.0868008
2026-05-13,80504.47,81324.64,78754.65,79313.61,14810.05643,1184929842.8688235,2350570.0,7161.64182,573129996.834195
2026-05-14,79313.61,82048.13,78922.0,81089.99,19727.86807,1590656475.018797,3101046.0,10750.20775,867205459.8346943
2026-05-15,81090.0,81664.45,78659.0,79113.21,17351.27079,1387152674.368868,3184114.0,8333.17845,666666033.915996
2026-05-16,79113.2,79227.77,77640.0,78148.05,12132.86192,949890656.658851,1597661.0,5776.31138,452258189.4353481
2026-05-17,78148.05,78599.99,76735.16,77457.67,8442.7022,658061481.644852,1570433.0,3897.8677,303858886.908721
2026-05-18,77457.67,77800.0,76051.0,77001.87,18745.51678,1439862031.891971,3529328.0,8916.45791,684998988.3253162
2026-05-19,77001.88,77414.62,76144.71,76834.36,11024.85978,846904378.3078035,2315121.0,5680.77448,436435106.0620676
2026-05-20,76834.36,77853.04,76516.74,77552.23,11296.26307,873091271.4716351,2437754.0,5606.16242,433402000.2313096
2026-05-21,77552.24,78200.0,76719.47,77615.52,11318.25841,878168697.2277492,2473146.0,5765.00854,447290745.1412532
2026-05-22,77615.52,77900.0,75359.18,75539.5,11272.36134,866200460.9104595,2370783.0,5204.99076,400374654.6094489
2026-05-23,75539.5,77404.18,74289.6,76752.01,15086.88814,1138996605.773816,2103536.0,7738.58719,584406871.6902983
2026-05-24,76752.0,77543.15,76108.0,77064.96,8398.00156,644925517.611316,1612969.0,4513.13276,346628082.2881941
2026-05-25,77064.96,77905.52,76914.25,77322.01,7672.32197,593868004.9975973,1778509.0,3644.38154,282126295.7074095
2026-05-26,77322.01,78080.0,75677.97,75930.01,16953.47629,1299609317.6975918,3360745.0,7867.0405,603376144.8767151
2026-05-27,75930.01,76174.15,74243.99,74449.3,16877.77483,1270680262.9088242,3367068.0,7990.81792,601880855.3520991
2026-05-28,74449.31,74590.77,72582.82,73617.51,21274.02026,1560808525.5072746,3799713.0,11285.37807,828070542.0512332
2026-05-29,73617.52,74514.1,72512.49,73460.78,18686.74141,1376106492.906427,2897318.0,10668.37212,786121889.890037
2026-05-30,73460.78,74143.76,73216.0,73884.38,7515.40909,553989386.1115206,1124406.0,4118.11087,303592073.2673063
2026-05-31,73884.38,74275.66,73400.0,73674.39,6986.45707,515907532.5891972,1363437.0,3407.47243,251629752.0865094
2026-06-01,73674.39,74092.0,70686.68,71408.9,23921.09184,1723958338.6828775,4237773.0,11600.30396,835109172.1168073
2026-06-02,71408.9,71408.9,66193.0,66760.83,32858.19586,2253348577.983128,6250677.0,15675.4915,1074442481.8457325
2026-06-03,66760.84,67516.0,64092.49,64142.75,30138.3065,1998349981.8929439,6676358.0,14567.29572,967367597.5473661
2026-06-04,64142.75,64764.32,61383.56,63885.99,43577.17571,2759349733.489383,9057976.0,20172.82504,1278141865.0268295
2026-06-05,63885.99,63978.0,59130.91,61056.47,55027.28807,3379021750.503328,11658856.0,24879.51775,1529682071.4700003
2026-06-06,61056.47,61530.05,59500.0,60884.62,19795.58877,1202325958.4682336,5000874.0,9473.55921,575481185.8910959
2026-06-07,60884.62,64234.68,60746.0,63332.01,26612.10443,1656650772.813708,4752461.0,14156.31067,882490717.5764754
2026-06-08,63332.01,64200.0,62408.0,63085.99,23053.38624,1462563286.7512202,4887564.0,11227.99606,712684502.0653824
2026-06-09,63086.0,63526.01,60780.0,61730.0,21636.21959,1347322049.1623404,4347332.0,10357.23644,645037339.5456268
2026-06-10,61730.0,62857.99,60755.0,61510.99,15998.71652,986710883.5893747,4655686.0,7714.59491,475908655.4422775
2026-06-11,61510.99,63933.02,61510.99,63625.99,17380.94642,1093211866.433885,3446803.0,8975.49366,564559048.5586231
2026-06-12,63626.0,64394.44,62829.81,63580.01,16397.0524,1042661512.6796039,3154052.0,8373.87233,532498396.6271599
2026-06-13,63580.0,64762.77,63418.66,64458.01,9960.74163,637302050.4867933,1489009.0,5326.34918,340833402.1496999
2026-06-14,64458.01,65800.0,63678.83,65746.45,13203.03375,853654539.2638302,2060901.0,6966.04602,450843680.3207427
2026-06-15,65746.45,67292.15,65354.0,66328.74,18559.80102,1230675240.537974,3140494.0,8827.32403,585352821.9493269
2026-06-16,66328.74,66992.0,65360.92,65675.01,14302.05801,945125184.2518406,2964629.0,6709.60119,443519254.4933606
2026-06-17,65675.02,66445.93,63915.77,64509.4,19048.65409,1242898548.0822353,3933123.0,9344.30808,609795592.7365174
2026-06-18,64509.4,64806.0,62272.07,62958.01,16935.59661,1076015381.1924088,3573931.0,8148.66252,517693581.0628108
2026-06-19,62958.01,63666.0,62316.44,63543.91,14247.424,896102952.7753174,2671918.0,6709.20964,421981528.2738967
2026-06-20,63543.9,64388.0,63184.21,64298.01,9522.10324,607077211.7557423,1970081.0,4669.85879,297796699.6122329
2026-06-21,64298.01,64588.0,63270.0,63311.99,8034.66333,514862175.7362123,1768294.0,3833.13382,245702909.4202356
2026-06-22,63312.0,65622.83,63312.0,64020.01,15423.10851,995034557.1563458,3521337.0,7677.53285,495354694.74254
2026-06-23,64020.01,64275.38,61938.0,62734.57,20222.99292,1268093221.2502334,3626190.0,9113.2674,571633628.7589369
2026-06-24,62734.57,63239.06,59102.7,61077.99,30678.28543,1871885814.3078947,5367531.0,14451.4544,882414090.5623845
2026-06-25,61078.0,61962.4,58115.01,59794.0,30386.00694,1822854100.0700867,5683275.0,14406.15352,865169997.7746557
2026-06-26,59794.64,60759.99,58337.0,60097.27,27403.55723,1636102058.3778124,6019134.0,13907.49037,831252961.0007827
2026-06-27,60097.27,60941.17,59855.16,60029.0,9587.22916,578765263.0698456,1763416.0,5067.9265,305951190.2586987
2026-06-28,60029.01,60545.01,58905.0,59577.01,8907.13796,533333220.8111167,2299232.0,4290.64588,257041890.3605781
2026-06-29,59577.01,60780.57,58900.01,60260.21,20203.14178,1210648237.7440155,4884336.0,10334.16227,619595248.5255269
2026-06-30,60260.2,60276.54,58201.0,58624.71,19639.82787,1157911191.4893565,3804809.0,8879.55126,523471695.1315744
2026-07-01,58624.71,61334.0,57800.19,60024.0,25093.44662,1491051306.8189511,4166849.0,12936.11295,769788015.5304813
2026-07-02,60024.0,62200.0,59588.0,61560.0,21382.14163,1308156569.7200918,3883096.0,11394.85517,697154441.649651
2026-07-03,61560.0,62979.86,61248.86,62583.26,14048.98627,870359931.5832849,2571531.0,7249.98683,449356592.0794598
2026-07-04,62583.26,63461.99,62328.24,63144.01,9139.8274,574233846.0826051,1643288.0,4753.53597,298756917.6260528
2026-07-05,63144.01,63999.0,62436.59,63650.0,9172.07758,577866444.607444,1790183.0,4565.93641,287772291.7213926
2026-07-06,63650.01,64700.0,61306.84,64042.02,21435.28437,1347956046.4032269,3777895.0,11556.55192,725800060.8885618
2026-07-07,64042.93,64314.0,62671.39,63363.99,16834.20823,1069267686.8886092,3282102.0,8128.20476,516256287.1583279
2026-07-08,63364.0,63761.99,61544.56,62290.0,18620.09796,1160087170.620036,3598487.0,8338.57026,519456686.0095176
2026-07-09,62290.01,63500.0,61705.29,63230.0,16742.80672,1050849813.269484,3176050.0,7922.48357,497503064.9628654
2026-07-10,63230.01,64692.83,62926.01,64161.72,17589.00122,1126097961.002051,2927425.0,8727.5029,558839184.585073
2026-07-11,64161.72,64504.11,63819.0,63819.0,9151.97432,587469874.5668087,1406178.0,3908.28562,250875418.8411093
2026-07-12,63819.01,64290.11,63640.83,63780.0,13914.83703,889938572.3679433,1919605.0,6757.00737,432156662.9830714
2026-07-13,63780.0,64425.0,61824.97,62334.52,21682.50204,1361096729.9510434,3349712.0,9861.43724,618891429.7354479
2026-07-14,62334.52,65100.0,62272.2,65043.98,20552.41384,1310854500.6805303,3080945.0,10847.48978,692544328.0713369
2026-07-15,65043.99,65600.0,64485.0,64756.28,18401.89741,1195648323.7685184,2668919.0,9009.48362,585447811.8448781
2026-07-16,64756.28,64997.52,63748.74,63830.2,18764.52679,1206498386.3771937,2813481.0,9007.30607,579112000.2267197
2026-07-17,63830.2,64387.99,62537.56,63931.67,18189.89389,1152546029.3402514,3239296.0,8618.43801,545926712.6785715
2026-07-18,63931.67,64865.0,63886.65,64834.22,8031.18012,515954648.6863699,1088701.0,4100.21428,263412780.4464787
2026-07-19,64834.21,64967.25,64280.0,64722.54,8379.91474,541559101.9129946,1464337.0,4281.97001,276728781.2650717
2026-07-20,64722.55,65799.0,63100.0,65255.51,21323.48702,1379182710.2630444,3606847.0,10104.82668,654547128.9054285
2026-07-21,65255.51,66956.15,65148.75,66556.16,18618.28087,1232802690.07422,3005241.0,9545.80868,632017323.473231
2026-07-22,66556.15,66739.89,65553.67,66114.49,18074.86602,1193958918.306832,3381825.0,8854.46937,585011981.671543
2026-07-23,66114.5,66313.14,64650.0,65098.97,14698.22673,959991207.460394,2557299.0,7036.32429,459602971.0427141
2026-07-24,65098.98,65808.59,63739.75,64139.99,16821.2718,1086879409.1640515,2467691.0,8133.22286,525535644.0204462
2026-07-25,64140.0,64475.28,63810.0,64375.0,8863.0503,568282056.0835841,1005338.0,4621.49495,296311657.9259438
2026-07-26,64375.01,65577.0,64293.81,65399.99,7933.06089,513834097.4623594,1138023.0,4091.47971,265047345.6336755
2026-07-27,65400.0,65744.6,63605.56,63755.86,14791.90543,961311197.9853868,2921636.0,6694.82928,435156822.3178757
2026-07-28,63755.86,64100.0,62742.47,63915.0,13889.82996,881901504.4936239,2679943.0,7070.0283,449032421.8585752
2026-07-29,63915.0,64744.81,63267.34,63984.28,16780.11912,1075624907.649938,3615294.0,8931.61763,572491996.7819498
2026-07-30,63984.29,65176.6,63603.92,64780.02,17131.58486,1104856756.9244137,3246691.0,8996.1922,580226535.0264105
2026-07-31,64780.03,65409.56,62466.0,62887.88,20475.60686,1302023180.8966825,2740238.0,9659.56143,614195527.41951
2026-08-01,62887.88,63150.0,62275.0,62823.64,7563.08904,475812069.762356,831983.0,3772.23898,237336841.6640661
2026-08-02,62823.65,63796.33,62806.58,63570.0,8387.01154,531238376.4212737,1286064.0,4566.33112,289282425.1367377
2026-08-03,63570.01,64080.0,62300.0,63520.0,15543.29743,983698515.9557792,2494364.0,7987.90387,505558159.3952664
2026-08-04,63520.0,64549.16,63322.01,64106.56,13690.47909,875057683.2964723,2388039.0,7360.46366,470519870.7085892
2026-08-05,64106.55,65025.22,63880.0,64665.23,12742.85528,820929974.2552497,2402227.0,6522.4825,420180741.6088497
2026-08-06,64665.24,64999.0,64172.0,64323.61,9864.43284,637366646.7167077,2087951.0,4666.15261,301530716.3868418
2026-08-07,64323.61,65390.99,64166.0,64923.19,11807.40403,765604113.5355588,2283383.0,5639.26621,365759790.1203475
2026-08-08,64923.2,65192.54,64784.19,64962.6,5760.14298,374451358.8306199,540447.0,2810.00611,182668411.3986909
2026-08-09,64962.6,65474.46,64730.08,64901.59,7031.23606,457366207.4042235,803981.0,3207.32922,208616902.9342642
2026-08-10,64901.59,65391.14,63806.27,63970.01,13638.40877,880502559.6531125,2054347.0,6946.62767,448395344.7226997
2026-08-11,63970.01,64515.43,63238.0,63600.0,12891.63248,823992195.6659181,1660517.0,6363.01318,406580591.5259673
2026-08-12,63600.01,64500.0,63310.34,63479.99,13627.06822,868963134.2285606,1990499.0,6993.82626,445813941.0426421
2026-08-13,63479.99,64010.0,62802.27,63490.86,10793.85853,685844694.2494848,2078777.0,5588.30192,355148234.4393867
2026-08-14,63490.86,63617.45,62535.24,63043.56,12340.82899,777408844.7057977,2184530.0,6678.27723,420633226.2480767
2026-08-15,63043.56,63187.98,62920.0,63086.01,5405.16038,340890632.3578836,540313.0,3110.52011,196180469.5007457
2026-08-16,63086.01,63390.0,62716.0,62900.0,4737.23135,298698048.5551315,640294.0,2498.03555,157497828.2699657
2026-08-17,62900.0,64610.01,62751.1,64532.1,14255.64713,909366051.0685227,2111256.0,7186.91098,458508023.194642
2026-08-18,64532.11,65058.81,64027.85,64725.42,11789.91312,759405329.8294215,1608019.0,5759.24912,370988128.6330525
2026-08-19,64725.42,70000.0,64166.0,69334.79,29054.29976,1954769139.093191,4160596.0,15646.86527,1052899268.5579411
2026-08-20,69334.78,73400.0,68902.22,73025.15,35904.79287,2562053707.6099834,6249114.0,18144.94133,1294796740.9911458
2026-08-21,73027.02,79500.0,73027.02,78338.03,44339.56568,3401672760.033361,8928944.0,23033.87661,1766188726.3315833
2026-08-22,78338.03,78828.15,76500.0,77074.93,18524.50847,1433768388.597238,3950045.0,9413.19226,728650560.2990965
2026-08-23,77074.94,78052.85,75545.67,77734.0,15367.23185,1182628276.059433,3627829.0,8207.35031,631901958.2357515
2026-08-24,77734.0,80000.0,76670.01,78992.75,30179.29391,2367960844.302849,6334409.0,15033.99548,1180076077.8827236
2026-08-25,78992.76,81272.62,77851.0,78539.14,24772.51394,1972170530.2745976,6360202.0,12633.43254,1006294174.8546947
2026-08-26,78539.13,79251.6,77632.58,79023.75,14613.75887,1148236055.8792386,4284527.0,7299.27224,573666484.0995499
2026-08-27,79023.75,80848.74,78546.13,80249.58,16265.53695,1297370375.4734786,4932285.0,7358.50047,587134078.7652943
2026-08-28,80249.59,81478.87,76888.0,77845.87,19756.43646,1560927602.2789407,4822157.0,9300.40971,735228439.3010563
2026-08-29,77845.88,78330.0,77382.37,78230.0,7016.30257,545867984.8485777,1519886.0,3594.89663,279676173.8716926
2026-08-30,78230.0,79400.0,77000.0,77682.0,9085.42405,712506539.5644648,2404922.0,4314.34369,338432867.3465111
2026-08-31,77682.0,79250.0,77392.0,78581.29,15303.90602,1198158182.2374198,4354737.0,8150.6351,638244851.3576219
2026-09-01,78581.3,79220.61,76420.0,77439.0,14130.63949,1101387276.6513293,3662805.0,7128.14511,555981558.2293556
2026-09-02,77439.01,77792.0,76264.0,77340.01,13070.9782,1008333112.5875233,3312492.0,6647.38296,512773293.6938087
2026-09-03,77340.01,82300.0,76968.0,81270.37,19806.42247,1579639079.8471653,4460645.0,10841.35467,864605005.483599
2026-09-04,81270.37,81427.75,78660.0,79660.77,19198.62549,1538393292.4845457,3417900.0,9282.35949,744028777.5245363
2026-09-05,79660.77,80200.0,79442.0,79831.75,9117.2402,727162100.1671113,1276050.0,4255.28225,339348475.7074201
2026-09-06,79831.75,80559.99,79233.0,80341.83,8854.81827,707422224.4650549,1658245.0,4212.19077,336600182.6495108
2026-09-07,80341.83,80443.99,78680.0,79112.01,10572.45495,839882674.5423373,2464603.0,5180.15668,411563607.5057085
2026-09-08,79112.0,79485.0,77620.01,78455.8,19235.06605,1510077235.7348557,4339646.0,8541.11569,670838741.1666515
2026-09-09,78455.8,79760.0,77770.0,78306.43,14129.92027,1114730666.1522026,3338369.0,6620.08219,522307227.4491611
2026-09-10,78306.43,78564.39,76464.0,76568.72,15320.36904,1188117943.7720196,3080707.0,6426.97352,498398012.0404819
2026-09-11,76568.73,79890.0,76046.58,77225.7,19713.27729,1528809492.0993094,3614263.0,9852.15345,764153169.8181027
2026-09-12,77225.71,77505.67,77059.75,77278.73,8060.44455,622849159.587739,748574.0,4312.77118,333247676.7492938
2026-09-13,77278.73,77450.0,76500.0,76842.01,6959.68366,536092213.4014395,1275503.0,3615.73308,278537359.6112671
2026-09-14,76842.01,79600.0,76388.72,78189.21,15413.48971,1204563026.1329377,3225517.0,8203.69526,641079205.4331276
2026-09-15,78189.2,78250.46,74967.97,75644.48,21682.71734,1658732238.399597,3419940.0,10645.00135,814765609.6952353
2026-09-16,75644.48,76560.76,75064.82,76206.01,14887.98431,1129239634.1136029,3057694.0,7531.01341,571340166.3493286
2026-09-17,76206.0,77179.47,76000.0,76417.01,10925.02219,836425871.0388924,2014558.0,5842.31746,447318393.3947173
2026-09-18,76417.01,81400.0,76296.0,80883.87,23907.77962,1897722787.4099941,3193109.0,12932.77628,1025411967.1501796
2026-09-19,80883.86,81951.0,80844.58,81249.99,10663.76706,867621845.5839787,1648389.0,5134.66262,417900526.6476127
2026-09-20,81249.99,81497.33,80126.04,81178.0,10993.68293,887777953.2912456,1941278.0,6011.32934,485416420.9441201
2026-09-21,81178.01,87395.67,80850.22,86620.0,31963.17872,2702559883.822699,4461004.0,16545.20736,1398317660.971951
2026-09-22,86620.01,86717.6,85114.0,86208.56,21328.45813,1834036114.8607607,3386775.0,9485.28663,815537527.835433
2026-09-23,86208.57,87278.54,83500.01,84397.6,22150.93277,1887736866.156798,3301896.0,10334.67252,881464898.3162708
2026-09-24,84397.6,84942.45,82874.93,84410.24,18703.61971,1572042147.6733966,3293051.0,8797.50585,739743588.4526561
2026-09-25,84410.24,85255.0,83183.0,84099.99,18056.26519,1520256978.6934962,2848596.0,8541.13394,719546363.0005041
2026-09-26,84100.0,84473.58,83798.0,84433.1,8058.06465,677578219.0470139,946697.0,3902.91165,328189397.8036137
2026-09-27,84433.11,85159.03,84132.0,84472.0,9615.12963,813976178.3611975,1358160.0,4750.20011,402162137.2441096
2026-09-28,84472.01,84999.0,82563.0,83500.01,20960.72462,1746910498.4279687,3568162.0,9506.99307,792415046.4989415
2026-09-29,83500.01,84563.99,82775.94,83510.0,11864.08566,992498330.1925908,2551641.0,5673.19807,474676742.0587559
