create_time,oi,oi_val,lsr_top_cnt,lsr_top_pos,lsr_all,taker_ratio
2021-12-01,353363.369,1617955458.54137,1.9322186809581865,0.9769384216277778,1.755264319714126,1.0595935134347223
2021-12-02,348572.272,1571245287.60352,2.719241418982639,0.9786621490006944,2.5047061390817627,1.063684386095486
2021-12-03,335977.238,1422286746.381165,3.003128270940349,0.9718516356555555,2.825088239293596,1.0406807124475694
2021-12-04,289072.539,1183843376.57773,2.7377650578157637,0.9318965332073684,2.80153134109223,1.056387808685614
2021-12-05,266118.924,1114729506.589933,2.041146716175374,0.9609268006798612,2.161566611303966,1.0733270650854165
2021-12-06,272000.791,1182241858.306121,1.7721418914969627,0.9442921034649304,1.861814354827374,1.08120614491875
2021-12-07,273947.475,1178914699.6277149,1.5163943407816267,0.9416183386347223,1.5322707531892403,1.152734531859375
2021-12-08,283032.896,1253748675.001142,1.5071949518139673,0.9363293719930554,1.5393047584189645,1.1416959295888889
2021-12-09,289989.65,1199344994.263,1.8509969114072764,0.9264098139777778,1.7795714534640785,1.0984318075708335
2021-12-10,288084.551,1120758375.51938,1.8936067928329787,0.9245937189451389,2.1459548042516126,1.059727087340625
2021-12-11,285803.808,1167642883.46976,1.9178858979553768,0.9291615765180556,2.2574085653839493,1.0870972280145834
2021-12-12,298823.767,1235056031.8109307,1.9046318669964484,0.9224305827920138,2.1178497711025726,1.1290111945861112
2021-12-13,307292.558,1164506659.02006,2.1383039263120036,0.9089984407954861,2.3500510277197093,1.0215406935142362
2021-12-14,298607.333,1152715319.3871312,1.98548518254035,0.9070114645687499,2.3524915812668894,1.1069733598413194
2021-12-15,309784.02,1243914535.434755,1.8123187802014404,0.9168987398902438,2.0679321227451224,1.1066622004156794
2021-12-16,320551.309,1270625853.4943848,1.761865161641615,0.9364828593770833,1.7698363848791447,1.097034038559375
2021-12-17,302258.218,1173080383.6666334,2.022851903871334,0.9098488771493055,2.165462514451074,1.1290851674059028
2021-12-18,309883.726,1227272590.87281,1.8929480738023956,0.9096284194489583,2.0594166280602346,1.1306152524843749
2021-12-19,311444.966,1221144567.1894,1.920234427306953,0.9176261062493055,1.9943387521658176,1.1234337176152778
2021-12-20,319684.573,1256488245.7192,2.0213951751273482,0.9151649286677084,2.2153235547855212,1.0442341398527777
2021-12-21,333119.092,1338852975.3855617,1.6940510263156972,0.9628839872395835,1.731673641190167,1.1110362710402777
2021-12-22,323277.322,1286874352.5206275,1.8270909840165774,0.9678055899673611,1.8588933145315438,1.1491351417010418
2021-12-23,376558.52,1546518310.4696,1.933260419336494,0.9519501589836806,2.0609742156798387,1.0691914833847223
2021-12-24,410056.253,1656863209.24658,1.9898183201012165,0.9776606718083624,1.926591122143791,1.0759620307442508
2021-12-25,445583.605,1829254373.6065,2.195906349000787,0.9449516658385417,2.250905218507352,1.1374792861010417
2021-12-26,437704.37,1781374220.2014756,2.2187897073744183,0.9287363246013888,2.2782736184977868,1.1057466531093751
2021-12-27,448067.012,1808680742.64956,2.2946907563492736,0.9296680889076389,2.370436376478185,1.1074308102225694
2021-12-28,476109.779,1807705042.0693607,2.5577805078144724,0.9114885835625,2.8418869486745653,1.163069882986111
2021-12-29,476487.06,1723658166.566496,2.688988192189679,0.9097860380167246,3.2061283672580316,1.1425011838937282
2021-12-30,464957.728,1725287787.7409248,2.6305097741320274,0.9044451169142856,3.119620895832331,1.0950158225154285
2021-12-31,476569.706,1753242584.479126,,,,
2022-01-01,470048.454,1770461002.735627,,,,
2022-01-02,468997.343,1795295999.908639,,,,
2022-01-03,475569.797,1788153918.782065,,,,
2022-01-04,474780.66,1800672122.3424,,,,
2022-01-05,477274.257,1693435882.23198,,,,
2022-01-06,481235.957,1639854457.7807543,,,,
2022-01-07,480092.286,1531147912.9250066,,,,
2022-01-08,478486.871,1477519608.9609,,,,
2022-01-09,474298.826,1495084759.3172,,,,
2022-01-10,471344.879,1451708868.5932062,,,,
2022-01-11,465334.322,1504070495.394173,,,,
2022-01-12,455282.37,1533509395.5762,,,,
2022-01-13,447373.849,1452506570.50226,,,,
2022-01-14,443571.317,1468044655.4816566,,,,
2022-01-15,459828.272,1529954421.44656,,,,
2022-01-16,450180.911,1506877586.7634752,,,,
2022-01-17,460106.775,1475244953.75025,,,,
2022-01-18,467474.85,1478679047.532,,,,
2022-01-19,463892.394,1432504351.59594,,,2.4671101154984014,
2022-01-20,457802.78,1373780323.524086,,,2.373676713069747,
2022-01-21,457428.97,1168137799.545548,,,2.8954460932214823,
2022-01-22,466041.942,1119894126.20658,,,2.006524700615663,
2022-01-23,483134.625,1226640750.002537,,,1.9553505335119203,
2022-01-24,475409.773,1161763616.37783,,,1.7953822265456176,
2022-01-25,467088.857,1147833498.96894,,,1.4973267160706982,
2022-01-26,470362.03,1157782025.9841,,,1.5012855776895582,
2022-01-27,473557.178,1148292527.6078448,,,1.6908813335952866,
2022-01-28,496457.698,1266135925.51732,,,1.7988675118212016,
2022-01-29,504724.96,1309770769.0739193,,,1.4153944962906158,
2022-01-30,517909.358,1348698117.35496,1.5306365364583334,0.9416713614930556,1.4074313624652777,1.2058369628125
2022-01-31,530482.589,1426144087.44171,,,1.3246048101820331,
2022-02-01,528579.875,1476122730.5225,,,1.1790530207815488,
2022-02-02,512936.431,1369926337.5862262,,,1.260151556039375,
2022-02-03,518718.059,1387581182.18618,,,1.366325514831254,
2022-02-04,553112.203,1652443641.3556116,,,1.0803754256329317,
2022-02-05,543970.615,1638504768.8538,,,1.0096511909313717,
2022-02-06,540197.512,1652458787.23288,,,1.0240015808637537,
2022-02-07,519454.402,1633684094.29,,,1.20191636369787,
2022-02-08,488285.478,1523030765.84892,,,1.2934745338832954,
2022-02-09,505212.069,1635191382.303228,,,1.294539699979368,
2022-02-10,485398.948,1490043712.64404,,,1.2709523535741778,
2022-02-11,478980.239,1401291165.8041291,,,1.5832745752662567,
2022-02-12,478201.832,1392363055.597125,,,1.5878301730588027,
2022-02-13,478827.921,1381916533.12284,,,1.6516507432025458,
2022-02-14,486806.149,1427257417.1923423,,,1.6252384877643848,
2022-02-15,498473.831,1585377634.519474,,,1.4211270844674244,
2022-02-16,482200.639,1507012964.9276254,,,1.4745275250825713,
2022-02-17,488228.23,1404486149.241,,,1.7896112453984334,
2022-02-18,484633.831,1349458056.08119,,,1.976345027558629,
2022-02-19,472755.85,1307387392.941,,,1.9219854435860038,
2022-02-20,483317.571,1267552722.060347,,,1.8726857917503021,
2022-02-21,488393.924,1250970698.5898805,,,1.8150271198980745,
2022-02-22,491728.022,1296429950.6800556,,,1.7535495827369216,
2022-02-23,508438.003,1315123325.8841977,,,1.6374620686568144,
2022-02-24,468386.952,1214438373.01512,,,1.623276298344298,
2022-02-25,485486.013,1341383289.33861,,,1.4159454934963904,
2022-02-26,489194.836,1357204902.1442182,,,1.4405059585008169,
2022-02-27,478480.771,1253367781.1688125,,,1.4001481672458338,
2022-02-28,486633.8,1419175017.278,,,1.4364948718858992,
2022-03-01,508054.741,1509344266.20503,,,1.3168984233830192,
2022-03-02,510273.281,1504389015.0406194,,,1.2916392661613658,
2022-03-03,526448.817,1492187584.85748,,,1.5033110240604761,
2022-03-04,509878.424,1332903780.88384,,,1.7577790555583934,
2022-03-05,504853.814,1345170234.2655618,,,2.0081429787347673,
2022-03-06,509765.431,1299580699.0153637,,,1.9786454791760524,
2022-03-07,0.0,0.0,,,2.039610949498253,
2022-03-08,502302.473,1293172693.71377,,,1.906648036574109,
2022-03-09,492818.725,1346020999.03075,,,1.63003639410235,
2022-03-10,489803.274,1276691825.81196,,,1.821524965181011,
2022-03-11,498118.35,1274065832.8012247,,,1.9260768735138738,
2022-03-12,500018.211,1286387003.896046,,,1.9764988571673545,
2022-03-13,512912.899,1291042214.1453264,,,1.9748436909575726,
2022-03-14,502549.139,1300245387.3347,,,2.015520422465916,
2022-03-15,516437.189,1350874558.3668618,,,2.067510869073134,
2022-03-16,524475.888,1453199397.7670922,,,1.59669888853358,
2022-03-17,534913.963,1504712977.919,,,1.2494985993797025,
2022-03-18,548323.341,1613962338.06645,,,1.1351514232028324,
2022-03-19,539327.535,1588139992.957975,,,1.069861939830513,
2022-03-20,523472.549,1496229518.9427612,,,1.1334392130727478,
2022-03-21,537140.529,1555286787.2901375,,,1.3000289319595846,
2022-03-22,565207.368,1677857636.42376,,,1.206966310938062,
2022-03-23,534328.743,1619117613.75117,,,1.3668394548919105,
2022-03-24,583107.74,1812240545.146,,,1.0965498037689705,
2022-03-25,560671.42,1741965375.0876338,,,1.0045307040708442,
2022-03-26,565851.106,1776783789.86212,,,1.1050710953254663,
2022-03-27,577799.443,1902076032.781257,,,1.0198432194789606,
2022-03-28,543971.664,1808483559.474064,,,1.0527422803710527,
2022-03-29,527228.724,1794106673.889693,,,1.077748044102756,
2022-03-30,522149.687,1767497165.6133342,,,1.1794121662232104,
2022-03-31,512347.128,1681361243.0973835,,,1.2419858973506663,
2022-04-01,517616.864,1783697361.00672,,,1.2575035962442114,
2022-04-02,516238.131,1775007377.72385,,,1.1911596681822771,
2022-04-03,544567.457,1917089829.94823,,,1.1375230867141917,
2022-04-04,524396.901,1845409661.5691333,,,1.2508380346771573,
2022-04-05,525184.803,1788004166.0750227,,,1.256011636212155,
2022-04-06,493985.829,1562131387.0467,,,1.5176211669117061,
2022-04-07,490368.867,1582822436.27994,,,1.6960002981524094,
2022-04-08,511721.801,1633101911.4514318,,,1.4996332071892509,
2022-04-09,506047.503,1652283753.1302078,,,1.419997580355881,
2022-04-10,509675.916,1636814010.71568,,,1.3760246212350191,
2022-04-11,493297.404,1468743690.6696,,,1.5642987603608345,
2022-04-12,488960.605,1482339766.7828703,,,1.7803955381352046,
2022-04-13,499726.49,1557752411.8929,,,1.6851584417367542,
2022-04-14,506536.3,1528231435.2639868,,,1.684401826822299,
2022-04-15,503848.007,1531879326.56252,,,1.8151778629143207,
2022-04-16,506697.482,1549865990.04232,,,1.780078667043176,
2022-04-17,502990.975,1502005341.245881,,,1.8193685037381,
2022-04-18,492100.97,1504746667.1077518,,,1.8012210398711999,
2022-04-19,503855.29,1564349750.1804,,,1.7727943406778695,
2022-04-20,482311.576,1482612981.5185215,,,1.8107802364331615,
2022-04-21,502040.454,1498845515.999933,,,1.794923673072547,
2022-04-22,521257.732,1545578194.535306,,,2.157366510065137,
2022-04-23,521496.28,1529023272.2175045,,,2.3655343485529072,
2022-04-24,526027.619,1534889234.7173622,,,2.4108810825548623,
2022-04-25,510351.41,1534904608.4210224,,,2.237904699765414,
2022-04-26,526076.901,1472550336.9473825,,,2.0389404527462465,
2022-04-27,512730.028,1480692538.66008,,,2.194443666375461,
2022-04-28,500370.324,1468471815.76548,,,1.809574588253191,
2022-04-29,516003.822,1451580671.74464,,,1.9119402544938637,
2022-04-30,524056.477,1429029197.9771476,,,2.2537660744542825,
2022-05-01,512910.166,1450099621.3152,1.8557794838984853,0.893655401,2.1670201730636722,
2022-05-02,505589.077,1443987683.36585,,,1.8993587324717112,
2022-05-03,509669.046,1417231619.52174,,,1.9049990733134332,
2022-05-04,499277.703,1467523567.115377,,,1.8973545982160824,
2022-05-05,517996.442,1424200137.49248,,,2.057677977851916,
2022-05-06,520477.236,1402894341.9144,,,2.5663813332207033,
2022-05-07,524527.544,1383910664.3933172,,,2.6013832832808053,
2022-05-08,534524.383,1341714999.01213,,,2.45413257891101,
2022-05-09,515851.195,1162898824.42435,,,2.038906227253101,1.0407614407799126
2022-05-10,489678.465,1147953225.4995,,,1.978284599937895,1.048068178991358
2022-05-11,489419.722,1015193540.95016,,,1.8366131933120673,1.0281140613066666
2022-05-12,471041.151,926891224.88025,,,1.4315569722383612,1.0130361305802085
2022-05-13,462122.382,928588714.3908,,,1.431467415187798,1.0626036564972223
2022-05-14,463356.304,954330257.5003692,,,1.4187024358670284,1.1215141811993055
2022-05-15,465407.8,998258772.8656805,,,1.3776309044551913,1.1380380202086806
2022-05-16,451733.203,912855544.9237008,,,1.4689553748878297,1.1024193001694444
2022-05-17,472304.971,988044380.1556404,,,1.4023648095671113,1.165519721482986
2022-05-18,484259.135,926984247.9286196,,,1.603063064343693,1.091482126554861
2022-05-19,488895.345,988809599.0853968,,,1.6023011579814024,1.1184916703725696
2022-05-20,469428.956,920568959.87424,,,1.492163374100181,1.0749551112993057
2022-05-21,459011.56,905918985.1628,,,1.6894828656312648,1.1276711785576388
2022-05-22,476779.113,975556814.27382,,,1.4881520353117266,1.1782991194885417
2022-05-23,468653.279,924568561.87678,,,1.457321585196757,1.0829544431680556
2022-05-24,491959.111,973734668.4023,,,2.0231616553713865,1.0832458529461806
2022-05-25,488349.52,948413835.8016,,,2.0353808960872914,1.0864673114569445
2022-05-26,509498.488,920465063.40568,,,2.160634783649354,1.056065232786111
2022-05-27,545574.461,939829622.2825478,2.0502061498781194,1.0492712860510416,2.138746334587549,1.0558037237184026
2022-05-28,563666.626,1011127740.38384,1.7780793647213922,0.9827320819263888,1.9462945944396344,1.1194041042836298
2022-05-29,556197.94,1007307841.2164,1.6009478556633523,0.9820301433375,1.6607912677586623,1.1547790825090276
2022-05-30,554011.243,1105119467.08668,1.4556154400891488,1.0362009799024305,1.4817552527039815,1.1148236705465278
2022-05-31,542374.15,1054312855.771116,1.584508207815364,1.0777100118027778,1.5070127664964272,1.0476498782829862
2022-06-01,529850.381,965970229.6011,1.8657690260574944,1.0982366039937501,1.7949338509907582,1.0512544199083333
2022-06-02,562671.359,1031444121.61008,1.8896574211222033,1.0055517976593749,1.9947559712606757,1.0792009826041666
2022-06-03,578612.736,1027593729.0433505,2.0846699609076658,1.0026619230739584,2.184481584810748,1.0959901055013888
2022-06-04,573541.479,1033441449.35094,2.2215450909519556,1.0294559505506944,2.3924802804380585,1.106268875218403
2022-06-05,580402.609,1047121758.97517,2.045048508487778,0.9818750366437501,2.1317610085855803,1.17567544830625
2022-06-06,558300.837,1037308912.4451164,1.6718187883391649,0.9882122403472222,1.6981661414948375,1.1013800653826389
2022-06-07,538157.476,976509094.3809748,2.130601481563778,0.9598361398305555,2.222851918837268,1.0530012175659722
2022-06-08,556689.233,998416572.49317,1.8755671306841728,0.9740178228256945,1.946252503144886,1.0544384555899304
2022-06-09,569390.206,1017630122.1921446,2.0079410858819653,0.9733938888048611,2.1270613612154445,1.0838503714458332
2022-06-10,685565.636,1140340228.1743648,2.355211061861823,0.9451173905225695,2.4837941818391958,1.0490963607916666
2022-06-11,723629.94,1106673378.183741,2.336266185174296,1.0024012392944444,2.4885813850678615,1.0242777488947918
2022-06-12,703365.808,1013052132.9719856,1.8606096472950644,1.083310962122222,1.8664062284936145,1.1097086340190971
2022-06-13,749758.101,904313235.94014,1.487363073454309,1.175898595298264,1.3937495539528422,1.0519011462336805
2022-06-14,763416.42,927749438.5692,1.297149784476244,1.1116448972958333,1.26974058760627,1.0681425394354167
2022-06-15,745762.415,915338344.4470216,1.4631698963792583,1.1385051537159723,1.4001296411764668,1.038679227296875
2022-06-16,811542.769,867044178.9719101,1.4953918840148388,1.1849568710201388,1.374662820635901,1.0575875703600695
2022-06-17,809484.619,879537417.92826,1.6043496430842643,1.1468892649555555,1.7525873716776181,1.0553328810822917
2022-06-18,918689.159,913458540.123912,1.5506708213468698,1.1316579393298611,1.5335264082056546,1.0470946836420139
2022-06-19,869457.986,980509322.0672988,1.1222667668468373,1.2044650570114583,1.0811305166189862,1.1191236885458333
2022-06-20,815400.071,925635873.7912666,1.1344419121199054,1.1911883395357639,1.0406781118697765,1.0704611053461806
2022-06-21,845726.863,951814840.69472,1.1089629144074975,1.1435742866809029,1.0520468723980452,1.0937911513732639
2022-06-22,832063.609,872828078.9341421,1.2231169278786893,1.1646652997395832,1.1734074606945828,1.047999048064236
2022-06-23,878662.306,1004311979.2639382,1.1001123466533227,1.1517349361986111,1.1178757654426752,1.096637056957639
2022-06-24,912047.29,1118091150.423664,0.9898073701008789,1.2002953276777202,0.8879885866085719,1.1133524651138889
2022-06-25,942733.104,1171656983.64432,,,0.8724894631716178,1.0960169416288195
2022-06-26,892603.465,1068116084.32295,,,0.9232299779661557,1.1147311634972223
2022-06-27,880592.935,1049869314.89505,0.968320294435252,1.0920377646666666,0.9991862980683557,1.059078050340278
2022-06-28,881447.07,1008604624.3182,,,0.9837949368332465,1.0814433415138889
2022-06-29,872243.111,956911749.78477,,,1.2992750313878965,1.0854147212309029
2022-06-30,870560.151,937100495.332802,,,1.319671468040939,1.0941348784218752
2022-07-01,849250.306,898970944.764176,,,1.33793021855299,1.1015521487791666
2022-07-02,853316.12,910804027.0044,,,1.357826938820094,1.1114383881326388
2022-07-03,918583.938,986631087.3394057,,,1.2744714814109421,1.10702720500625
2022-07-04,934524.266,1077634006.757673,,,1.1619069856342366,1.1301343140062499
2022-07-05,897856.46,1018582239.6116,,,1.0664561762036069,1.0895105339621527
2022-07-06,970144.046,1151921768.239184,,,1.0153138937390034,1.111932765545486
2022-07-07,976833.38,1210726364.5072,,,0.8067986527972197,1.0976638670725696
2022-07-08,911725.875,1118651179.59,,,0.7748964983669422,1.0890954609805557
2022-07-09,889355.528,1082825929.56112,,,0.9590697888976845,1.11995027718125
2022-07-10,892132.648,1042072066.6105572,,,1.0602556815573134,1.0883999404135416
2022-07-11,884318.932,969788356.7778,,,1.2162599102130915,1.1019089721569444
2022-07-12,853573.141,886495457.0483699,,,1.4248878056525038,1.0787197574729168
2022-07-13,878416.557,977057794.1775146,,,1.3989044241872277,1.1053478039413196
2022-07-14,946098.865,1126441969.5740836,,,1.0898441443173557,1.0987629113847222
2022-07-15,980729.627,1208670806.90734,,,0.7462134803628941,1.1299076902690972
2022-07-16,994590.345,1348206996.2613,,,0.6933323973308196,1.1368607871666667
2022-07-17,882232.968,1178910270.47904,,,0.7396873104479442,1.077592360757986
2022-07-18,911500.562,1431443355.3770726,,,0.7341641170410695,1.0849300235423611
2022-07-19,808066.698,1244582997.4222324,,,0.9673365605711458,1.033560572290625
2022-07-20,789376.189,1199970213.70835,,,0.9576538730774495,1.039464017026389
2022-07-21,830561.105,1307535420.9738204,,,0.855623463939009,1.0654695304166666
2022-07-22,827376.936,1270255262.30208,,,0.7765889049103611,1.0547998891954862
2022-07-23,816479.205,1266730595.7735355,,,0.944911429148537,1.0387193088052085
2022-07-24,987634.038,1579677849.0845635,,,0.7391020937990996,1.0923432324135416
2022-07-25,838281.406,1213310483.491202,,,1.077609920269009,1.0254061955847222
2022-07-26,887444.311,1280351405.25214,,,1.1253628176476496,1.0476407225534723
2022-07-27,1003720.818,1645970037.0655065,,,0.8713084546095383,1.0745139022729167
2022-07-28,1000762.954,1726256049.87276,,,0.6237780682559559,1.0583456335364583
2022-07-29,1008420.504,1736602751.7236514,,,0.6780949492927374,1.008581097379861
2022-07-30,912803.794,1548595200.569198,,,0.7141874029109955,1.0229805988090277
2022-07-31,922220.479,1548961516.5284,,,0.7822931724296006,1.0355193602097221
2022-08-01,881569.967,1440085320.5817194,,,0.846200595540617,1.0400737326163194
2022-08-02,868872.513,1418252345.822436,,,0.979544928247868,1.0700645116493055
2022-08-03,866996.52,1403698287.7877338,,,0.9886608966585256,1.0522712318416667
2022-08-04,893838.134,1438206855.1497874,,,1.2056872953611035,1.0200305389854167
2022-08-05,1026163.85,1781454575.7388391,,,0.9359334856296547,1.0577658105576389
2022-08-06,1063790.758,1796614935.37104,,,0.7675309145520082,1.0665055288944445
2022-08-07,1022989.727,1738366443.0911,,,1.0282340504027245,1.04501198623125
2022-08-08,1071293.206,1899852580.447646,,,0.8266712241378587,1.0672922985503472
2022-08-09,970519.556,1651518561.4998603,,,1.152464239658273,1.0028410916006945
2022-08-10,1068296.633,1977227499.0757687,,,1.0688098022393333,1.065949970420139
2022-08-11,1110023.942,2086680640.8791173,,,0.6777743447996842,1.0237245178746528
2022-08-12,1111626.073,2177363218.8642144,,,0.7452718174038008,1.0478147229444443
2022-08-13,1139400.965,2256187620.660559,,,0.6589752420274868,1.0498177997684026
2022-08-14,1075782.435,2083844365.71675,,,0.7832832013315717,1.055594128397222
2022-08-15,1059762.54,2019865010.7384,,,1.1162088347737154,1.0122589941979168
2022-08-16,1022769.947,1922297605.1225216,,,1.4079498108731952,1.0217515540690973
2022-08-17,1005699.75,1839716495.6775,,,1.531347909447187,1.0277768834895833
2022-08-18,1048072.817,1933526655.71428,,,1.4583075031263675,1.0549005310010415
2022-08-19,875226.909,1407487401.43926,,,1.430500528978246,1.0292443789267363
2022-08-20,923403.396,1456059410.94864,,,1.478348273720929,1.073274935842361
2022-08-21,870960.193,1407179914.9774106,,,1.4580816866823745,1.0670523042024305
2022-08-22,975303.045,1585754056.6819544,,,1.4767653722850718,1.0610973249711806
2022-08-23,944726.368,1568699144.1759603,,,1.269903047715896,1.0658623010489583
2022-08-24,983860.3,1629079938.7560434,,,1.1700775131746084,1.0593999016697917
2022-08-25,1054292.283,1786466619.4087377,,,0.9760912457233404,1.085494106830903
2022-08-26,931768.977,1400441250.9775107,,,1.199085743579169,1.0252721929482638
2022-08-27,961508.008,1435848753.58664,,,1.4538970630634847,1.0747808280635416
2022-08-28,996235.591,1422179737.255952,,,1.5326483612974577,1.0701604266788194
2022-08-29,1047851.256,1624524562.6685493,,,1.4067486600984436,1.0867077566864585
2022-08-30,997626.028,1514306524.16148,,,1.1009489133689618,1.0526233722444445
2022-08-31,996093.976,1546140669.789423,,,1.0764954759935919,1.0732918619840277
2022-09-01,1022528.933,1622722740.80301,,,1.2669128273537096,1.0753559721670138
2022-09-02,983382.997,1546792617.47121,,,1.0457013452753907,1.0764662559625
2022-09-03,1014921.318,1579911390.0101626,1.3545047992806853,1.0375503614,1.4627347379706186,1.072295870601736
2022-09-04,1004880.393,1584535598.89812,,,1.5083651522642925,1.0884084593770833
2022-09-05,1017822.267,1646520903.10323,,,1.2742071979145466,1.097602396001389
2022-09-06,983097.931,1533588955.665553,,,1.0446592366152672,1.0454698599847223
2022-09-07,1006750.152,1634099028.9745631,,,1.3938144877827294,1.0822588643145832
2022-09-08,1027069.293,1678939902.57417,,,0.9480312376809711,1.0733538676552083
2022-09-09,1002902.971,1721182078.8302,,,0.789701021070026,1.0769352078270833
2022-09-10,1029329.032,1827079618.38064,,,0.7208227075608321,1.0793603777281249
2022-09-11,1004565.512,1771360412.96472,,,0.7348753771156076,1.0903943134232639
2022-09-12,978728.248,1679204055.0936,,,0.86882135976334,1.06500790205625
2022-09-13,926035.113,1455923034.7082655,,,1.1824263873039103,1.0510926506402778
2022-09-14,922185.845,1507236978.5304203,,,1.6910577388688932,1.0517580533735191
2022-09-15,954278.976,1399536003.41184,,,1.9157100804539118,1.006554954523611
2022-09-16,969897.185,1387596926.059924,,,2.167096800851679,1.053325517923264
2022-09-17,986080.231,1448517815.254292,,,2.332582360128346,1.0973007699840278
2022-09-18,968687.037,1289275083.2726998,,,2.2872176731897174,1.0616691411822918
2022-09-19,913318.522,1258484314.856027,,,1.9760620711458334,1.0804037267708333
2022-09-20,920324.035,1219589430.3262298,,,1.7328263157291666,1.0664914491666666
2022-09-21,968805.994,1211637216.3961,,,1.8389570392361112,1.0466470696874999
2022-09-22,934135.869,1240168121.04309,,,2.00215350892209,1.085418437086111
2022-09-23,913576.338,1209266391.818178,,,1.8378878864645347,1.042819369267014
2022-09-24,956632.438,1260637722.711201,,,1.566962556886923,1.0939098987378473
2022-09-25,957855.996,1241292020.380338,,,1.7178866495820797,1.0515366813065972
2022-09-26,1010922.533,1349691633.705693,,,1.7345018585982512,1.0762169639649306
2022-09-27,996698.741,1324610709.7984436,,,1.331683638814659,1.0713927793902778
2022-09-28,997340.196,1332081382.1727428,,,1.93392992048972,1.070251477540625
2022-09-29,951783.93,1271231170.4259,,,1.4374611415128238,1.0539650102413196
2022-09-30,989884.996,1314250511.48928,,,1.395051848399608,1.0644435359527777
2022-10-01,1041307.173,1364466441.06882,,,1.8336071303148793,1.1085475147625
2022-10-02,1090234.08,1389670813.4159603,,,2.3245908218644544,1.1574485419520832
2022-10-03,1048782.206,1387465443.78358,,,2.2533003545628527,1.1111752779520834
2022-10-04,1158775.869,1578403374.44097,,,1.2929270913307842,1.0855977963055556
2022-10-05,1068405.986,1444926248.080445,,,1.148764458066869,1.088095171571875
2022-10-06,1117360.369,1509453296.08579,,,1.1156501622579589,1.0722420278166667
2022-10-07,1069044.663,1422941208.23952,,,1.4693988792756414,1.0933624890572917
2022-10-08,1059737.279,1392707654.4571276,,,1.8843363375359443,1.0813926042479167
2022-10-09,1062211.857,1403914789.27833,,,2.05940324322316,1.142534827234375
2022-10-10,1158547.599,1495077684.2037594,,,2.3339171524842093,1.0739549962524306
2022-10-11,1169676.119,1495350957.3157942,,,2.6351049661684685,1.0466102472906251
2022-10-12,1140326.229,1475810205.5718,,,2.1425557659605423,1.1034160578833334
2022-10-13,1117582.811,1438915589.4071484,,,2.119785790555379,1.038599770071875
2022-10-14,1139455.989,1478068125.25113,,,1.4026633115150946,1.0954918651
2022-10-15,1078438.834,1372885825.6077113,,,1.6351942109788127,1.1128076448590276
2022-10-16,1063734.212,1389056868.758637,,,1.8944962334038133,1.1397565534652778
2022-10-17,1157231.478,1541109351.9867096,,,1.4032257160907813,1.1134156650361111
2022-10-18,1125603.164,1476182908.2124329,,,1.1827273248822507,1.0503721408302082
2022-10-19,1157469.873,1486929849.4391122,,,1.5676406662619824,1.1146049999725696
2022-10-20,1179900.111,1512761731.31421,,,1.8498846462709746,1.0980896572899306
2022-10-21,1145679.967,1488788203.51716,,,1.9930410394787887,1.0874344956947917
2022-10-22,1264157.223,1660091265.2436,,,1.3690744214561488,1.1980407577541667
2022-10-23,1327749.633,1810385248.582168,,,1.126688516332138,1.1681333938774305
2022-10-24,1249038.898,1678458471.1324,,,1.012140384449502,1.1359823868697916
2022-10-25,1295118.854,1894054768.5435672,,,0.89522533774049,1.1211874334541667
2022-10-26,1271693.853,1986969442.3688529,,,0.689131132553771,1.0572100340256945
2022-10-27,1243729.385,1883098814.595373,,,0.6670468101534451,1.0490797231430555
2022-10-28,1186158.548,1845378022.63648,,,0.7691419549325343,1.0478054594197916
2022-10-29,1229419.605,1992532648.01955,,,0.6469870238594796,1.1019831969541665
2022-10-30,1235385.409,1963472153.64824,,,0.6859898870486112,1.0565630334027778
2022-10-31,1185009.734,1864968319.3692,,,0.7935565037690292,1.1122188034555556
2022-11-01,1173160.957,1852444614.32214,,,0.8523298677082358,1.0694098336489584
2022-11-02,1095391.26,1663539530.7627962,,,0.9459634623424189,1.0514629008131946
2022-11-03,1059654.606,1622246429.41752,,,1.1553651468322885,1.0983798178885416
2022-11-04,1182617.443,1945027256.15324,,,0.9518908538964109,1.0667362951100694
2022-11-05,1167935.554,1899287408.331952,,,0.7586783112234631,1.0920652349725695
2022-11-06,1089130.934,1711111827.78872,,,0.9205919124868609,1.1020865960128472
2022-11-07,1050883.998,1647103034.2653,,,1.134475072332774,1.0608770618385417
2022-11-08,935633.268,1244238901.7424617,,,1.608675039201589,1.0147406187413195
2022-11-09,1113131.19,1216750074.9223864,,,2.1666806453696634,1.0147794187729167
2022-11-10,1033466.972,1344180483.1735709,,,1.7420042541275322,1.063818825814236
2022-11-11,966233.449,1248671826.8824031,,,1.5425351342147808,1.0408949906111111
2022-11-12,969778.259,1216944355.4821217,,,1.436452380648433,1.0412135751854166
2022-11-13,978524.06,1195824898.0042,,,1.6345938708613608,1.0555393905875001
2022-11-14,946701.256,1175812426.96456,,,1.6189872140600354,1.0582812420260417
2022-11-15,950520.759,1190137537.13631,,,1.4088899794639598,1.0819545369041665
2022-11-16,1059017.308,1288125112.41272,,,1.8036765554665513,1.066047695303472
2022-11-17,1079820.052,1294802818.904583,,,2.072497396428508,1.0454796577072918
2022-11-18,1039914.711,1260847259.3675318,,,1.88991908677657,1.0987299598270832
2022-11-19,1037569.585,1263998677.9091125,,,1.860546712558453,1.1078142560899304
2022-11-20,1098829.225,1256170581.72775,,,1.9477302723953107,1.1554298066079862
2022-11-21,1174290.475,1299862998.485913,,,2.06133457451274,1.0259574619743055
2022-11-22,1203481.835,1364916888.3469,,,2.018721085997005,1.1018287898600694
2022-11-23,1167394.458,1381930210.1579509,,,1.558125898865311,1.0766327911763889
2022-11-24,1195904.218,1438947832.22414,,,1.1796263374933877,1.0761612850166666
2022-11-25,1201811.591,1439136021.261752,,,1.127950084245712,1.0864783703225696
2022-11-26,1220577.054,1470855948.2420864,,,1.032672651200456,1.0936203194857639
2022-11-27,1213084.737,1445317679.05128,,,1.0072184068295928,1.1464296781774306
2022-11-28,1175619.226,1373609435.4620516,,,1.32869385411472,1.0684109110090276
2022-11-29,1326182.204,1612839431.2273328,,,1.1079278969295683,1.1154647927593748
2022-11-30,1321938.268,1710350169.90376,,,0.9286473337167431,1.1210342924083332
2022-12-01,1510616.049,1925370791.41344,,,0.9121805302267094,1.067572601970486
2022-12-02,1596426.401,2067052904.0148,,,0.9243485076626317,1.0938751973319443
2022-12-03,1363493.104,1692507841.467806,,,1.0196509387983113,1.0158746728590278
2022-12-04,1188109.131,1521806953.9235508,,,1.2106563833497601,1.096070876853125
2022-12-05,1108041.787,1393794683.44943,,,1.0603515617178194,1.0173548296034722
2022-12-06,1116823.89,1419984148.6596878,,,1.4074244973045715,1.0627253872385416
2022-12-07,1178296.003,1451680468.193808,,,1.603337201893448,1.0263273081256945
2022-12-08,1209969.939,1550431280.43582,,,1.403093105576739,1.1052627429895834
2022-12-09,1154511.127,1456626180.4426873,,,0.9179916713217564,1.114622922285764
2022-12-10,1160862.208,1467829001.66144,,,1.1085692705848715,1.123796744820486
2022-12-11,1164119.568,1470760303.40688,,,1.0953324866434653,1.110815827917014
2022-12-12,1098967.762,1400340313.1147118,,,1.3912518695455685,1.0970634851079861
2022-12-13,1139360.272,1503613750.9584,,,0.9644247022845261,1.1553470953663194
2022-12-14,1104725.403,1445232993.5120494,0.9031876533226254,1.1738297216643565,0.8949517902841883,1.0503717947083333
2022-12-15,1106328.789,1400114398.91895,1.1524745113357318,1.1712794934913195,1.156180703844577,1.0392250936430556
2022-12-16,1042036.092,1212475047.5014646,1.6256599535727863,1.1280526650395835,1.7096926371598558,1.0752826430708333
2022-12-17,1043901.254,1239384864.5634575,1.6330501514667832,1.0852846147302084,1.837155954326539,1.0837812996694445
2022-12-18,1031693.564,1220468361.1619802,1.6848642174546484,1.0634901885979167,1.8373104093434733,1.075502822779861
2022-12-19,1052039.269,1227266929.64464,1.6725726626761157,1.0465624840541665,1.8079937937585693,1.0643506726618055
2022-12-20,1055392.767,1284824600.61813,1.3945153746456305,1.05553869634375,1.49826853739937,1.1194895968670138
2022-12-21,1057534.697,1281540850.0043163,1.2953190267827164,1.1061761807895834,1.3038376740567377,1.0944318340291668
2022-12-22,1040552.545,1266563808.6786666,1.3741074790926873,1.1221443634399304,1.398752016633583,1.093347861392014
2022-12-23,1054341.918,1285769969.001,1.36363222068545,1.132860210123611,1.371163550848749,1.1151719758361112
2022-12-24,1070347.247,1305609571.8906,1.2952525603145448,1.1391115726934027,1.3023699397770345,1.166443965414236
2022-12-25,1050609.728,1279709555.733918,1.2867416962517448,1.1439900790375,1.298581740879441,1.131039464557639
2022-12-26,1064182.205,1308420079.7481585,1.2899827471685537,1.156538274569097,1.2845710478566539,1.130495368467361
2022-12-27,1111730.928,1346495148.06576,1.3383203678291293,1.1496922979979167,1.3424228982874993,1.089124095282986
2022-12-28,1122712.623,1335759272.002188,1.5673513617464645,1.1392813525222223,1.6658804766578355,1.0554346941489583
2022-12-29,1107579.39,1330557272.7948,1.510473613351818,1.139881453642361,1.658712440808541,1.0831038949986111
2022-12-30,1110792.593,1331540405.00689,1.558482643457656,1.1646425121569444,1.6739891443516504,1.1031123641875
2022-12-31,1090888.69,1304997413.1863,1.5111699588755991,1.1736766632395834,1.5987424176635285,1.1632136677190972
2023-01-01,1130614.899,1356414061.7610686,1.5340675973539646,1.1713306742038194,1.66291475123825,1.1475555179944446
2023-01-02,1121834.115,1361603720.39895,1.3521880840785512,1.1745168583288192,1.402280028791557,1.1480406676371528
2023-01-03,1109594.302,1347225017.71632,1.3594539942746786,1.172408219925,1.3746771798990634,1.1233082254586806
2023-01-04,1208215.434,1517760228.1908,0.9760149564471254,1.1630206277777777,1.0053642661963633,1.15462978081875
2023-01-05,1207128.426,1508945270.4813526,0.9023281682234773,1.181651411526736,0.8804060612216523,1.1001922102423611
2023-01-06,1284670.191,1629985442.2212827,0.9032660810801515,1.1735168549121529,0.8895081122578491,1.1125883839597224
2023-01-07,1251337.432,1581493573.9330034,0.8375893668453745,1.1762675108395833,0.8030624886709082,1.2342642038923612
2023-01-08,1271941.671,1635399003.48825,0.8648168722514703,1.174713730765625,0.8529716666153511,1.1812346495899306
2023-01-09,1336494.419,1766560086.2470942,0.7380324138657883,1.1794833385614583,0.7279770182780587,1.0756415331086806
2023-01-10,1366368.694,1824389143.91574,0.6855831967450285,1.181236769663889,0.6702191557549453,1.0661343693024306
2023-01-11,1298323.963,1802921166.0453053,0.6676427497455175,1.1906093172336805,0.6407242987071807,1.0914893051965278
2023-01-12,1279915.871,1813628665.7670748,0.7319618480932853,1.2152140069868056,0.7175668526287817,1.0904267596215278
2023-01-13,1248778.857,1811503585.54134,0.7752530694796105,1.2220630335760416,0.7800498919031089,1.0822034990868055
2023-01-14,1034907.537,1606279988.1777,0.9420648075264696,1.3305757951513888,0.9988881553318123,1.075565381213889
2023-01-15,1058217.151,1642353018.352,0.9862239937276386,1.3323321082725694,0.9864193079598176,1.0852598974121528
2023-01-16,1101098.272,1736233777.25504,0.9486519498455347,1.313663318565625,0.9630992914630103,1.0412475468395832
2023-01-17,1131016.375,1773003889.7775,0.895489925213411,1.3119507844010416,0.8969774791816323,1.0751009521923611
2023-01-18,1117460.074,1690672393.55904,0.8666489866332365,1.308544583409375,0.8736543181430255,1.0247554894708335
2023-01-19,1133575.031,1758334705.085929,0.86522481427696,1.3181292753649307,0.9294844608529343,1.0833421324340278
2023-01-20,1138329.364,1890867523.24676,0.8013378106449395,1.3255325805812501,0.8071324493566135,1.1016963229253471
2023-01-21,1135183.099,1844160713.7143056,0.8886489635655405,1.363192680882639,0.8214843792446399,1.0841187138822916
2023-01-22,1102450.777,1795963435.04209,0.9549899064686337,1.3411129679097222,0.9615669720840407,1.0745216181927084
2023-01-23,1073619.428,1749467809.5876362,1.0178753221951866,1.3324322217013889,1.0588167021142232,2.5232120620677083
2023-01-24,1001976.033,1557509902.139324,1.0623041543682363,1.352266022579861,1.0994653085145487,1.0549309741003472
2023-01-25,979256.446,1581479575.16108,1.182123839693921,1.3297838443277776,1.3130734692939048,1.0421898571902777
2023-01-26,973782.843,1559552624.7819984,1.1832345029700975,1.3484200562069446,1.1995342642417794,1.0641566523204862
2023-01-27,988121.401,1576923181.42788,1.241037028471079,1.3561647497152778,1.2856311212344131,1.0842621235402778
2023-01-28,991294.406,1556461085.69278,1.2774946277438761,1.328239193442014,1.3259112254691674,1.0846419658809028
2023-01-29,1053747.938,1737229626.618345,1.1254629988014877,1.3088200423930556,1.1829154709564227,1.090336496095139
2023-01-30,967491.261,1516140677.1389124,1.212723596860532,1.3334444007940973,1.213709889193536,1.0206025798375
2023-01-31,969375.268,1538576642.2729115,1.2326178066248406,1.3396666428354167,1.3577986796055084,1.0911080835826388
2023-02-01,1015217.205,1666407570.8177898,1.1732429456672795,1.3592754590655054,1.2363594634941562,1.0564873987364585
2023-02-02,1013856.818,1666311629.0741134,0.9802121269453257,1.3263205173253472,0.9248903376437266,1.0727406540093751
2023-02-03,1049604.464,1746367363.0099306,1.113960043408692,1.2997914672600694,1.1269564999677324,1.0554662831315973
2023-02-04,1134764.495,1889395792.6998608,1.0490200538614936,1.2868299866666666,1.029175565115551,1.0848240835427083
2023-02-05,1037331.535,1692345968.5873437,1.096019038813803,1.271532371712847,1.0976262737918778,1.0601449513878471
2023-02-06,1050258.977,1695668922.840969,1.1712635357720678,1.277750781875,1.2506391312549099,1.0989683556979166
2023-02-07,1107601.464,1852114397.9624133,1.10568108830566,1.2712447901482637,1.2066238060233527,1.0990746598020833
2023-02-08,1080055.514,1783713324.9670796,1.0441694421292533,1.2832347043559027,1.0135724889644584,1.0773160897451388
2023-02-09,1020234.498,1575629754.02124,1.3015650404578567,1.2898186324531251,1.369115343472607,1.031260143113889
2023-02-10,1022981.279,1548906184.34669,1.4409211011530898,1.2499591498996527,1.612198660071162,1.0505702962725694
2023-02-11,1005642.629,1549132131.41676,1.4844514907111273,1.2281829883875,1.6417865535922338,1.1617466240614585
2023-02-12,970258.714,1466875934.17376,1.555926624310547,1.2029348430895834,1.6955754659244562,1.113940780632639
2023-02-13,1043976.344,1574008749.0008433,1.5726341788347193,1.1810359100430556,1.6847282109877153,1.0624477361427083
2023-02-14,976256.909,1518460562.0535214,1.4240356776466863,1.1564163128201388,1.4708465200220908,1.0784146736003473
2023-02-15,944682.792,1583656785.68088,1.1720529350549895,1.1358918058604166,1.1697748136093455,1.1576304861475695
2023-02-16,893234.101,1463879649.08534,0.9829450112715491,1.2170304787690973,0.8941802047876417,1.0622347806159722
2023-02-17,930097.859,1576463609.215546,0.9969210317614997,1.2339483744486113,0.9967771306767198,1.0482844811503473
2023-02-18,967106.848,1637071792.861128,0.9654052421815167,1.2308170288482638,0.907376524233181,1.1319464369829861
2023-02-19,955626.944,1606212369.3488312,0.9966312351140368,1.230077228135764,0.9595001810166237,1.143506813338889
2023-02-20,981534.781,1670205997.0885544,1.0022073293668354,1.2249432842277779,0.985832650200808,1.0938369050524306
2023-02-21,998751.496,1654232102.8248,1.2208335032587336,1.2045150353982639,1.2198827278801123,1.063398862515625
2023-02-22,957006.098,1572374448.804984,1.4934823064417597,1.2007339316857637,1.559999353698408,1.0588989580052084
2023-02-23,943001.853,1556529504.5906494,1.4608143224538468,1.214109679448611,1.5157253432520017,1.0708934885895833
2023-02-24,976801.893,1570872463.233924,1.5912864867097474,1.2063566991038195,1.6682562824610863,1.0508071847350695
2023-02-25,982020.718,1565554941.4529734,1.6667011088800099,1.1990178417743056,1.7909452286945315,1.0683658354031251
2023-02-26,966730.736,1584674689.75856,1.626721220488624,1.1869158794229167,1.7576106295156508,1.1830825858673613
2023-02-27,952412.523,1554822967.92273,1.3887642493563606,1.2155850507336805,1.4141465203571457,1.0911281585861112
2023-02-28,970749.492,1555755052.4042704,1.4518842248067236,1.2264248703628473,1.507857480644238,1.04709706685625
2023-03-01,1015438.494,1690928680.1857483,1.2251786864906584,1.2056689400819445,1.2796301905727772,1.144982446688889
2023-03-02,1048062.71,1726218557.1539598,1.402679449523953,1.2304851706465278,1.412937729055103,1.0332980461541665
2023-03-03,950276.259,1489329969.68034,1.7945346288864765,1.1878401589090277,1.9110570275574992,1.0476869596618057
2023-03-04,957917.989,1499375056.4191878,1.6152738717577109,1.1550609073520832,1.756550701378202,1.0662566710715278
2023-03-05,926033.881,1448727771.5405765,1.5959534275508336,1.1379585963211807,1.7890246856058205,1.1524351807434028
2023-03-06,924784.248,1447849442.870645,1.5988749173159702,1.1182406760315973,1.7974542493611392,1.0914867484256945
2023-03-07,937774.22,1464400088.7254,1.539923478274137,1.1291282003124998,1.6943144740142215,1.117769589436111
2023-03-08,996655.24,1527082629.8849096,1.5327498313540169,1.1528355900847223,1.641789027151809,1.1025186390746529
2023-03-09,920895.626,1324668588.1840775,1.6565358365545375,1.161133930220486,1.800103421753137,1.0727297966090277
2023-03-10,840135.085,1196318755.6366,1.7076595629019682,1.0821435674520832,1.7683933749983591,1.0191637516829861
2023-03-11,811868.291,1196238385.8465831,1.4364929214460196,1.0496865006625,1.4831884604996914,1.0623916580878472
2023-03-12,752531.552,1185835722.371617,1.1673213349895262,1.043361640811111,1.149526546040095,1.0840710923170138
2023-03-13,801014.071,1338764931.60308,0.980481668576389,1.1148831659027776,0.9592489892013888,1.064833298125
2023-03-14,762947.209,1297780831.98109,0.9193774135948305,1.1771100945333333,0.8813529169484231,1.0210418284659724
2023-03-15,753062.446,1240459822.5009334,1.0893048939696626,1.1875450742149305,1.063831390487642,1.025465032761111
2023-03-16,776969.058,1299996722.3647673,1.1583240591858586,1.1954663778666665,1.1588190243643826,1.0497254721559028
2023-03-17,806379.43,1439633811.1110744,0.965277034424319,1.204815477959375,0.9696833569175879,1.0850138566375
2023-03-18,811890.63,1426792236.4431,0.92087221295268,1.2525157596524306,0.8612706463847624,1.0241752895805556
2023-03-19,810022.516,1439320908.45524,0.8961454919931422,1.256514346361111,0.8875852825347725,1.0510041491322917
2023-03-20,781265.746,1350691284.9721,1.034739413806899,1.2825082681385416,1.0316638463077623,1.034814406876389
2023-03-21,832943.081,1502207610.4367511,0.9902118994129159,1.2519145106999998,0.9965951082827027,1.075344383117361
2023-03-22,794554.418,1377814191.8252623,1.0542410824143833,1.2269570920336805,1.0232175107709451,0.9753382246479165
2023-03-23,845675.331,1534652913.9793775,0.9833246723419767,1.1780227317239584,1.0180923837569396,1.0801832278871528
2023-03-24,773332.092,1351189031.10516,1.0669813708653786,1.2327627628288194,1.0186268227511588,1.0253826307381944
2023-03-25,752997.539,1311081665.02985,1.2153612282255064,1.2164611973739583,1.263796491145646,1.080002975325347
2023-03-26,734652.267,1302638369.5441048,1.10753534234744,1.179845204692361,1.1561379570216839,1.1381981448743055
2023-03-27,754670.849,1294210732.7002263,1.2075462720894117,1.1445625307222222,1.2288742826862773,1.07997611330625
2023-03-28,787619.805,1396150618.7391,1.0913155244820971,1.0953046818253473,1.135928662825651,1.1165136499197916
2023-03-29,810903.86,1452734265.19,0.842716567404266,1.1454135492670139,0.8229686175265133,1.0760567263416667
2023-03-30,767036.512,1374168922.34336,0.9458663528473311,1.152615866532639,0.9107548949002489,1.0301881165517361
2023-03-31,914759.568,1665605152.32471,0.8450980650469232,1.1484632335895835,0.8125333781939075,1.0923965015069443
2023-04-01,892551.592,1624720466.3770895,0.7960202660505842,1.1532996876843749,0.740463601128571,1.1141642434465278
2023-04-02,850026.398,1525049361.17976,0.9106681035855974,1.1724499853881944,0.8622876430148468,1.0424774419479168
2023-04-03,800708.266,1448257054.87952,0.9758852811123381,1.1385000001760417,0.9760917657704355,1.0713439749614584
2023-04-04,1005621.037,1880762744.44925,0.7412272718251506,1.1379519457805556,0.731986476316338,1.10162373543125
2023-04-05,994743.17,1897989863.2234,0.6793745940366236,1.2027296458954861,0.6671072793756343,1.07133835795
2023-04-06,867074.541,1621898711.8235366,0.926233077248331,1.2137972697045138,0.9241681775989622,1.0546624597361112
2023-04-07,867658.186,1617088669.056347,1.105341027048442,1.1914171500510418,1.1413642257317278,1.0864790738236112
2023-04-08,877909.066,1621717853.0085316,1.0976496191435237,1.1798944303583334,1.1654259034469379,1.0950323527684027
2023-04-09,823646.481,1529783318.55573,1.1862343557268926,1.1659494938190973,1.2843590924475088,1.1378026901319445
2023-04-10,845670.566,1611822728.67902,1.0562424741642895,1.1472367657739584,1.1185696588698222,1.1486048042253474
2023-04-11,818419.636,1546886769.80724,0.8252363644680675,1.1386391475586806,0.8023055138147547,1.1212421601475695
2023-04-12,978270.896,1874474558.7445292,0.9130856060262903,1.105717596576736,0.9077462524736778,1.0896014186815972
2023-04-13,1196292.122,2403793479.02781,0.6396943215056974,1.1006508262069443,0.6287598877085133,1.1158116378354166
2023-04-14,1048658.898,2203555160.895942,0.6710816929373079,1.1620767234402778,0.6664296265186758,1.0884753982840278
2023-04-15,1072101.601,2243378895.24796,0.7519603027769162,1.1769767841826388,0.712315491735138,1.1426261659954862
2023-04-16,1025256.583,2172549143.315218,0.7765621598924386,1.175254799538889,0.7587160825349747,1.086282363051736
2023-04-17,1010040.706,2095046578.2733064,0.8587467414316078,1.1804414666690972,0.835446972640765,1.0449935823965277
2023-04-18,968275.729,2036196713.27139,0.870025981899674,1.1723951816538194,0.9057042776791255,1.0956299038916668
2023-04-19,896895.026,1734550135.5327,1.2444893213146704,1.1329354053479166,1.2634091462779886,1.063350421332986
2023-04-20,880088.198,1710721355.4188864,1.4326769123730554,1.0874812071305557,1.6351801894528348,1.0453509840774307
2023-04-21,845432.599,1562740837.828611,1.5092513038490882,1.1052814457600695,1.6451673414663543,1.0534741083350694
2023-04-22,841442.687,1576585919.35129,1.4987247688485263,1.0712062256600694,1.6787887848652199,1.1374133249194445
2023-04-23,859173.023,1599237527.6284573,1.5534181896901371,1.081581251497222,1.7114294522078024,1.1172971752857639
2023-04-24,862299.592,1587816336.349731,1.6170812922878832,1.0849009650763888,1.7924765787626922,1.0817875220218751
2023-04-25,867533.747,1619373727.3629973,1.6464662263231704,1.0933349298319444,1.7846026411604674,1.0654757476399306
2023-04-26,745761.102,1391001065.06142,1.381004666853289,1.1199316510802084,1.4575662948891872,1.0958173891038194
2023-04-27,745077.989,1421932765.469784,1.3359618566196165,1.1503166984131945,1.4262087851880467,1.0667584983923613
2023-04-28,774877.223,1464928636.39819,1.3179326413158678,1.1799828223243056,1.3609116372567263,1.0915728929399304
2023-04-29,780065.189,1485976784.414993,1.3719198389114289,1.1930203076434027,1.4480189026261,1.1433844750427082
2023-04-30,774185.09,1455452485.4982,1.3652301938492952,1.205753388692014,1.4227343529225602,1.0838868404180557
2023-05-01,820349.094,1501058365.21932,1.7270124185722606,1.1723720449041666,1.8817765628380612,1.136464767631597
2023-05-02,821266.457,1534848456.15816,1.615953740819747,1.1373644602059028,1.817371765816969,1.109951203076736
2023-05-03,805062.343,1531819757.0595765,1.3433290231304316,1.184237173596875,1.4298317179083297,1.1033507125979165
2023-05-04,820026.844,1537960345.922,1.200561742437846,1.2509896922211805,1.2122959678287666,1.126699946909375
2023-05-05,951199.566,1893726981.151056,1.0032618559914093,1.239766088753125,1.0425364278488394,1.1122017277993055
2023-05-06,843817.315,1600938704.2750366,1.211435249106607,1.2530806492274307,1.2072474777971776,1.0424803541510417
2023-05-07,792677.284,1489257614.893612,1.3398255859306605,1.2058289677260416,1.448090879728213,1.0855803051878472
2023-05-08,824852.96,1524198933.836997,1.5657375062799197,1.1587048296809028,1.721857953731928,1.0538618831572917
2023-05-09,833952.422,1540401858.20042,1.6247063133064659,1.1705559266781251,1.7790388481569674,1.0910463468197917
2023-05-10,824708.684,1518809010.508844,1.595295779080545,1.1613347917993055,1.7733383936847409,1.099693241467014
2023-05-11,872525.256,1567516588.6060934,1.7731682736227856,1.152562025204514,1.9390557607452625,1.066726347365278
2023-05-12,830482.683,1500557635.77855,1.782710119441005,1.1443610456590276,1.928992381835832,1.084758749582986
2023-05-13,834245.472,1497095211.7776,1.6555143654242066,1.144972014090625,1.7304852911969455,1.107046337415625
2023-05-14,835029.248,1501841969.4248433,1.592518880159208,1.1450314017899306,1.6938669192103442,1.1057607725506946
2023-05-15,800351.178,1453438388.9410722,1.4464474303100758,1.134786709723611,1.5284822773687692,1.0748025831065973
2023-05-16,803638.973,1464905265.54332,1.4586185159026466,1.1145230410864582,1.539136158270694,1.0846834908322915
2023-05-17,813874.429,1481308431.99003,1.5198989873431334,1.1271566464243055,1.5911592481447743,1.1311073554982638
2023-05-18,816755.618,1471164721.81014,1.5402945916737891,1.1408633643829862,1.577020077768533,1.0859166705284722
2023-05-19,796359.028,1441760238.65232,1.5746926103802708,1.1446983141107638,1.6569009136697006,1.1115487579527779
2023-05-20,793106.557,1442308443.8407354,1.461014341732723,1.1522904651055557,1.5309921383867964,1.1735197770406252
2023-05-21,816821.687,1473252267.54068,1.4901280205922156,1.1485904622027778,1.5525488836526322,1.1280244079614583
2023-05-22,843035.222,1531710694.8518,1.4682501043986775,1.1449422342447917,1.5714127248960286,1.120726535817361
2023-05-23,870489.39,1613459190.135071,1.1129853936305807,1.1870137559274305,1.1739028726899274,1.1588688931291666
2023-05-24,857774.899,1543763218.97727,1.629420423386718,1.1626545813739584,1.7113662165398733,1.084035898600347
2023-05-25,835065.86,1507151144.001906,1.7597443973528122,1.1224450967211805,1.9408629521358955,1.1348177985878474
2023-05-26,848212.964,1550177048.74712,1.3527978767941373,1.125068363960764,1.4674618421009566,1.1466946074232638
2023-05-27,826748.928,1512380081.47968,1.197295296829772,1.097054272001736,1.2315841364637974,1.2532562141722223
2023-05-28,832436.11,1592673657.831989,1.1208114603760562,1.0851404519520833,1.1362456336139077,1.1251823848739582
2023-05-29,832014.749,1573972221.56824,0.9734874494274934,1.1445284798625002,0.9507211048544991,1.105504800338889
2023-05-30,853857.34,1621691219.60855,1.0093852737425382,1.1298131049743056,1.0198686033523476,1.0975463643916668
2023-05-31,850596.787,1593312383.50479,1.2493837635622929,1.1226728343538195,1.2776252965847237,1.0930172015097221
2023-06-01,820036.302,1525169117.36376,1.3901964156161666,1.141133985109375,1.4846126656898522,1.1308356903520833
2023-06-02,871535.439,1660614910.11621,1.176362359786932,1.150243674646875,1.2707581400660257,1.075803749982639
2023-06-03,852512.606,1611496053.99574,1.07277065277891,1.1597674994069445,1.094276418743505,1.2191514627586804
2023-06-04,862784.567,1629765535.68032,1.0927840004944427,1.141688491239236,1.1365298100954249,1.1496323047291666
2023-06-05,880672.58,1593189537.5748,1.5460894058528782,1.1100736482836806,1.6183342176665583,1.069471133567361
2023-06-06,798821.559,1502912874.432197,1.6065136969214786,1.1032659852788196,1.7959590668707786,1.127696896525
2023-06-07,770437.992,1411781394.06048,1.2296586520800539,1.199451934746875,1.2838662497093418,1.080394544120486
2023-06-08,771982.097,1423971695.627188,1.4373848646316596,1.174734254495486,1.5862787341156444,1.1003532348993055
2023-06-09,786566.575,1447706722.6535025,1.458189306489555,1.1647389590288195,1.5968072792117698,1.1350090302777778
2023-06-10,848636.405,1486031720.2900405,1.873103681998179,1.1159202261378471,2.053065381334811,1.0371657524506945
2023-06-11,828342.816,1450560805.66656,1.8490765073788604,1.1030654128416666,2.1302898251922975,1.1010287889381944
2023-06-12,855909.306,1490138101.746,1.8098847792191992,1.1235847333399307,2.0673913375704007,1.0773611974131945
2023-06-13,857776.439,1491315023.2310462,1.8456420755032272,1.1411020851371527,2.1068365444114128,1.1718620537541666
2023-06-14,847859.247,1398649642.4223297,1.886979123659425,1.1416908491302082,2.07866611523213,1.1101372988854168
2023-06-15,827888.827,1378475655.056161,2.203214460430401,1.0401894794430555,2.495120673333835,1.060884806342014
2023-06-16,762206.905,1309143713.82085,1.8433400622961758,1.047066066253125,2.0496901395968563,1.1362423351715278
2023-06-17,765166.72,1321771947.1296,1.5089958236664698,1.1303468352291666,1.6032849232398303,1.191404057207639
2023-06-18,765814.266,1316903290.465142,1.6035514818534657,1.1168600591229165,1.725305900486119,1.1497570628243057
2023-06-19,762865.115,1323066411.052292,1.6086133641581102,1.10037396449375,1.7320357734685519,1.1860089845666666
2023-06-20,756166.202,1354667454.823025,1.5548069141897243,1.102167448201389,1.632360406537926,1.1469800153756944
2023-06-21,745831.922,1410092206.69086,1.1760746988682025,1.1756488018993057,1.1944578823596792,1.0520438943819446
2023-06-22,741018.92,1386920651.4288,1.110350730856232,1.223206930228125,1.0626660370089125,1.1278114417864584
2023-06-23,728193.896,1375958776.1868,1.126452459583771,1.2198757192114584,1.094796668677724,1.0873336621711804
2023-06-24,720489.642,1351487265.56718,1.1888898818884808,1.2027045015923612,1.1752016589547702,1.1089945871628473
2023-06-25,754292.204,1432199984.3270755,1.1409737437261076,1.2150078892291667,1.132978990198228,1.0759003351781251
2023-06-26,744492.686,1383735100.893345,1.3471102784645401,1.207012354817361,1.3486750586873433,1.06922611049375
2023-06-27,776317.984,1467562518.8156216,1.2914013845617447,1.1937639965996527,1.3154900637854026,1.1717546017010418
2023-06-28,778337.226,1422691481.91636,1.5360330078198465,1.1808274909302083,1.5642911643913242,1.059361891751736
2023-06-29,743198.048,1376388582.5299425,1.5488646537855593,1.1466501018125,1.6404726181236264,1.0583305734645831
2023-06-30,834323.766,1613827208.2053366,1.2857695190441105,1.1988266185947916,1.315824030859992,1.082898173588889
2023-07-01,836267.923,1609496002.7944994,1.1192674134352063,1.2495636552642362,1.048879948864288,1.1651723365048612
2023-07-02,793757.372,1537653720.0465963,1.2054281277156536,1.267358466340625,1.1395126557679178,1.099029579590625
2023-07-03,855557.549,1671478206.7094808,1.067083224722663,1.2663210479440972,1.025694938502664,1.0995560185982638
2023-07-04,800264.817,1549268398.1127148,1.118169463169983,1.2747496533385416,1.0667424761049416,1.1270448327861111
2023-07-05,796534.663,1521749334.9803224,1.3096042675615864,1.277041922276389,1.306606341584991,1.124785676920486
2023-07-06,759588.173,1407212093.115016,1.4535241517979338,1.28067172075,1.496279514734157,1.107496572821875
2023-07-07,752407.699,1406423043.20177,1.775060848701851,1.2178516280465277,1.940953598813227,1.0722382672399307
2023-07-08,763165.981,1422014804.05711,1.7798853963923351,1.21519712990625,1.892742890132534,1.1498649051760417
2023-07-09,755470.551,1406467079.50221,1.7317819610662606,1.210001668267014,1.8254458035545962,1.1653140709725696
2023-07-10,751901.304,1413385051.7094605,1.6665988254513888,1.2138691150694445,1.765024289097222,1.1303025938888889
2023-07-11,761511.821,1429502375.26299,1.4870713509722222,1.2210875483333334,1.576390397673611,1.0916597261458334
2023-07-12,758610.048,1419233169.6601148,1.3734861574652777,1.2403522389583332,1.413888282534722,1.1021345640277778
2023-07-13,892652.119,1788375373.8196104,1.2526647221875,1.2099509330208333,1.3273101102083333,1.1417832140625002
2023-07-14,722668.024,1399699562.2844,0.9625284514930557,1.2571476336805556,0.8855951876736111,1.0900630241666667
2023-07-15,758938.727,1464789690.04635,1.3144299111805555,1.2312940008333333,1.328661440625,1.167692168715278
2023-07-16,749138.393,1438801848.034427,1.3330434822222221,1.2356302009027778,1.3629917978819444,1.1888680802777778
2023-07-17,736367.282,1408000516.23938,1.4792132460416667,1.222222690486111,1.5555266661805556,1.0687114048611113
2023-07-18,751823.575,1425773609.6546516,1.614072089722222,1.2186344777430556,1.6827849956597223,1.0544848120833334
2023-07-19,758684.667,1433989889.0967,1.5620510827430556,1.2113337594097222,1.6513980645833335,1.1001363188888889
2023-07-20,752448.698,1421924500.718518,1.6518272480902778,1.1957472379166667,1.7968175917013889,1.0720456466666668
2023-07-21,746120.676,1410891814.69572,1.7823985213194444,1.1884401616666667,1.9332086585416666,1.094642619375
2023-07-22,770722.022,1435600111.6933942,1.7697314515277778,1.1870844920138888,1.913465509513889,1.2335778845486112
2023-07-23,725429.967,1370182997.6104617,1.8236136696180556,1.1690520319444444,1.976169415763889,1.226062964722222
2023-07-24,769989.46,1424272603.8458,1.9911983983680557,1.1839035667013889,2.1113146355208334,1.0603223238194444
2023-07-25,744571.678,1382907811.7626266,1.8324137603819446,1.1968830449305556,2.016907937013889,1.1277919108333334
2023-07-26,754644.356,1411720743.21276,1.7090502065972222,1.2332845112152777,1.844617385451389,1.2087936949652778
2023-07-27,778046.553,1447010979.2694,1.561985186388889,1.259707343125,1.6411706524652778,1.1575226075
2023-07-28,815652.117,1528328154.22875,1.6025883783333332,1.2575611446875,1.7095104574652777,1.1891220705902779
2023-07-29,814095.836,1530931642.47308,1.4759057657291668,1.2649242638194444,1.5289515715625,1.3709816961458334
2023-07-30,767059.408,1427431425.7318685,1.4991019611458334,1.262336979375,1.546133458298611,1.1968354482986112
2023-07-31,790485.467,1467259599.57205,1.7099100855555556,1.2506614566666667,1.8243348016319443,1.1999135285416667
2023-08-01,766872.342,1434634363.409891,2.087294191111111,1.2219631109375,2.2495811086111113,1.113991745451389
2023-08-02,781537.88,1436091485.2576,1.9589941461458333,1.3115370818402778,1.9947732752083336,1.0402993720833333
2023-08-03,782386.458,1436048016.5010514,2.0703649146875,1.3097635486805557,2.21659767625,1.1213302145486113
2023-08-04,775531.752,1419230861.47752,2.0030716814930556,1.3068622505555556,2.1874141694791667,1.1722812240972222
2023-08-05,773370.83,1420202392.5552914,2.095616414375,1.3048415302430554,2.283993323298611,1.206438758125
2023-08-06,791742.631,1448247703.19889,2.1096624589930553,1.3070596340625,2.2640675265277777,1.3287263815277777
2023-08-07,839094.883,1533437507.73367,2.115222613784722,1.2901764205208335,2.2838527062500003,1.1643187707291667
2023-08-08,794608.159,1474159746.206227,1.902307456527778,1.2996687794791668,2.0168592343055556,1.178607329340278
2023-08-09,791816.7,1469207968.683,1.5338632202090592,1.3136814628222997,1.554577220034843,1.2109849727083333
2023-08-10,790863.705,1464771735.337051,1.6643627855902778,1.3134448443055555,1.6931853483333332,1.1645937432638889
2023-08-11,773004.791,1428924519.7420812,1.7885028020833333,1.2935448156597222,1.8575511447222222,1.2688976055555556
2023-08-12,775579.679,1433930489.51915,1.8335632988194444,1.285577612951389,1.8868108636458334,1.7410224865972221
2023-08-13,782354.422,1439477371.67046,1.860086622673611,1.2914781085069444,1.9269781916666666,1.5929093898958333
2023-08-14,786327.93,1450641355.1019,1.892099527951389,1.3058567705555555,2.0306442721527778,1.2131415285069445
2023-08-15,844484.852,1543676593.5595014,2.1032500465625,1.2809763293402776,2.244832781354167,1.2456964130208332
2023-08-16,872562.889,1577819329.253914,2.2832674775,1.2896350308333333,2.4883124050347223,1.2283515682291666
2023-08-17,788530.178,1326914927.63306,2.4708744127083335,1.2329349037847221,2.6452233741666666,1.0939607099652777
2023-08-18,695775.942,1155512194.4645505,1.9166689493750002,0.9951762827430556,1.9709592837152776,0.9986721193750001
2023-08-19,634030.24,1057568780.6224,2.0171218695833333,1.0700159882291667,2.1098188340277777,0.9634118663541665
2023-08-20,650488.41,1094682937.0668418,2.0522226504166667,1.1299009875347223,2.173039709652778,1.0731282305902778
2023-08-21,638468.029,1063822528.1008818,2.0349063474305553,1.1253083978472223,2.0959972741319444,1.1200392723263888
2023-08-22,611322.799,999402738.26118,2.106881435173611,1.102129756076389,2.1824751937499998,1.1937616484375
2023-08-23,604227.449,1013531122.9526,1.9978707509722224,1.0951568086458332,2.0660003729166667,1.0722615634027777
2023-08-24,595263.671,987390936.1680888,1.9192714971527778,1.0893601620833335,1.9380220974305555,1.1979186317013888
2023-08-25,602435.37,996123822.5075972,1.9572034738888888,1.0734142440277779,2.03248917625,1.1715608248611111
2023-08-26,602464.198,991715660.2623624,1.9797522293402778,1.0659222527430556,2.0522265801736115,1.5635447598611112
2023-08-27,604952.786,1002376518.7627,1.972161806076389,1.059548529236111,2.0673096021527777,1.349499899861111
2023-08-28,603906.065,998724423.456179,2.048983867152778,1.057134336701389,2.119239021666667,1.262243459513889
2023-08-29,635091.894,1097108545.04712,1.7491263420486112,1.0777647744444445,1.7911875708680556,1.098224194027778
2023-08-30,621398.591,1058888055.00764,1.5629301555902777,1.1072672542013888,1.4715092167361112,1.2080832147569445
2023-08-31,591107.333,972760533.8544594,1.7910674429166669,1.111234373923611,1.7650864656944443,1.1877200737847222
2023-09-01,580516.265,945800319.5886,2.110651738333333,1.084825981736111,2.250618387152778,1.0968506516666665
2023-09-02,572481.473,936344972.42407,2.099414870729167,1.0849260183680556,2.2412803372916668,1.0907348469097222
2023-09-03,565138.386,924351646.90932,2.0774863022916668,1.0760539564236111,2.203379910138889,1.5823733414583332
2023-09-04,575034.728,937702556.8708224,2.083789073159722,1.0693279847916668,2.210539362777778,1.1517368630902778
2023-09-05,597398.856,975713629.53912,2.0843080571875,1.0585316937152778,2.1958661221875,1.1159808286805555
2023-09-06,600184.948,980102020.084,2.1421982921875,1.0430658135763888,2.253165368611111,1.1683681146875
2023-09-07,608771.49,1001897855.0973,2.143147765034722,1.0769141993055555,2.2267186089930555,1.1719252501041666
2023-09-08,607648.247,993817657.7339354,2.0873445381944444,1.0871872671180556,2.1303742089930555,1.1210439375694445
2023-09-09,613720.384,1002971196.4502168,2.0289319502083334,1.0884584160069446,2.0923383352083333,1.3956603790625
2023-09-10,607976.148,983212946.78412,2.1355992843055556,1.0775399821527778,2.2340011275694445,1.2005002409722223
2023-09-11,676718.459,1048483968.2058536,2.2381615683680556,1.039549540277778,2.3588881619097224,1.1081020899652776
2023-09-12,650895.714,1037022415.2351615,2.008465240350877,1.008649810491228,2.158216333859649,1.0697841362807017
2023-09-13,665880.598,1069996874.12022,1.9388274341319445,1.007805858125,2.0079895511111108,1.1256989298263889
2023-09-14,665442.078,1081822495.04616,1.7304729344791667,1.0458972935069444,1.745727665,1.1253410404166668
2023-09-15,668603.25,1097647224.5607126,1.6890862638888888,1.0261830307291666,1.6695048859375001,1.1732222017361111
2023-09-16,658208.233,1075462170.2696848,1.6695291802777779,1.0575176337152776,1.6167910865972221,1.2039372442708334
2023-09-17,644292.069,1045370324.87319,1.77751054875,1.055432080486111,1.7753092118055556,1.294766321076389
2023-09-18,667656.045,1092158365.949168,1.6887311024305556,1.0463560745486111,1.6807754127083332,1.1175265908333332
2023-09-19,651206.862,1069773938.9284414,1.6938740703472221,1.0274004498611111,1.6968010296875,1.2659344369444443
2023-09-20,658000.976,1067152562.88656,1.9732508675,1.0237314861805555,1.998380965902778,1.1681929301736111
2023-09-21,687346.532,1088138294.8092,2.2725595856597223,1.0398402213888889,2.3483025920833334,1.124950508888889
2023-09-22,673657.106,1072764275.2471538,2.2816201106944445,1.026462506388889,2.416423297013889,1.152807169861111
2023-09-23,690585.425,1100206169.83875,2.248400799826389,1.0246705313194444,2.349446160625,1.5877874603472222
2023-09-24,690837.038,1091819579.96634,2.261600627326389,1.0259597940972223,2.3533093061458334,1.4160416333680557
2023-09-25,718577.515,1141356219.837259,2.2983400852777778,1.031455148888889,2.4542428446180558,1.2890759859027776
2023-09-26,720318.172,1147185923.90892,2.2430478014930557,1.0602429638541666,2.3453583025694447,1.1034858465625002
2023-09-27,686845.928,1097377097.979557,2.1182405676736114,1.0848619479166668,2.1705541608333334,1.131443906875
2023-09-28,738474.545,1219733638.717151,1.6949705648611113,1.0995334163541668,1.7087763983333335,1.1209752910416666
2023-09-29,730875.71,1218309275.572656,1.3281478488541667,1.0918395708333335,1.2610426153472223,1.1231462188888888
2023-09-30,748260.006,1250125474.62426,1.3276673071527778,1.082895869236111,1.2713299817708335,1.232167442361111
2023-10-01,717165.037,1243481015.3578513,1.3309244282986112,1.0838796505902777,1.2768514030208333,1.2185988663194445
2023-10-02,680500.324,1132441004.17812,1.4328649499305555,1.1298768354513888,1.354819112465278,1.1065756985069446
2023-10-03,680390.411,1126529207.39681,1.8069939710069443,1.1269348928125,1.8264603456597222,1.1548659283333333
2023-10-04,691193.151,1137898091.6115956,2.082276021597222,1.142550732986111,2.115241081076389,1.1629725289930555
2023-10-05,720989.156,1161369332.4848,2.2629511653125,1.156009210173611,2.2977695979513886,1.2014821145833334
2023-10-06,734152.092,1207122235.75008,2.1893336856944448,1.1925080213888888,2.291510914201389,1.0962647662847222
2023-10-07,718219.2,1173174736.8938367,2.0551363052430554,1.208118457673611,2.036476278125,1.2873092654166667
2023-10-08,747277.086,1219714970.7819097,2.244354930902778,1.2329902296180555,2.284018732326389,1.1792466093055556
2023-10-09,766866.507,1211288653.80171,2.5146325573958332,1.2381327641319446,2.569810254791667,1.0826175196180554
2023-10-10,795632.282,1246652353.69734,2.577050312361111,1.2275210324652777,2.7263787153819443,1.1465743396874999
2023-10-11,807052.701,1262351482.26915,2.6870594707291664,1.2443733550694445,2.883526276770833,1.113675552638889
2023-10-12,835596.92,1284713552.5616,2.7862480784375,1.2407889509375,2.9336237677430557,1.122266982638889
2023-10-13,817249.075,1267023184.859261,2.635034319722222,1.210578466875,2.7579398967708335,1.0577929619097222
2023-10-14,800318.582,1244223286.69212,2.664313090763889,1.2278254597222222,2.788716528194444,1.220500101701389
2023-10-15,799306.541,1243976755.88912,2.5809903824305556,1.2493428009027778,2.688827453125,1.2570987355208334
2023-10-16,763883.41,1221846791.9632,2.3007508851041667,1.282243462986111,2.348695449375,1.1215060177430556
2023-10-17,761331.205,1190897897.503524,2.294989280347222,1.3090519507986111,2.2942068055208336,1.1088843800000001
2023-10-18,757509.337,1183987093.731,2.368522865659722,1.316118174861111,2.4006617465625,1.135555481875
2023-10-19,766808.916,1200766820.3639505,2.560194808854167,1.2931455412152777,2.670802410208333,1.123517678263889
2023-10-20,790149.885,1266470385.8870468,1.9590663752083333,1.3082138460763888,1.9465617397569446,1.158986531736111
2023-10-21,790661.802,1287070907.76768,1.882063861909722,1.3130826376388889,1.7718031262152778,1.1473436781944446
2023-10-22,804528.149,1335722560.3478584,1.691376460590278,1.324741372638889,1.5591733845833333,1.179030596076389
2023-10-23,737924.831,1302709119.6241295,1.5120054694097222,1.3364226321180555,1.4022988966666667,1.0709161847916666
2023-10-24,689851.206,1228805511.6580863,1.5091455397916667,1.4562073370486113,1.374565632673611,1.0216526694097223
2023-10-25,706904.429,1262319238.8653,1.5691187500000001,1.4081427603472223,1.4575480403125,1.0392171947569446
2023-10-26,717949.869,1293607395.8035014,1.539738491076389,1.4150508719097223,1.4339956767708335,1.0630108052430556
2023-10-27,709071.905,1263025283.0166514,1.6484439411458334,1.3897604711111111,1.5338432124305554,1.0352711511805555
2023-10-28,701152.675,1245653643.565513,1.5871303285416667,1.3889510885416667,1.4864172115277778,1.1020433849305555
2023-10-29,717990.042,1289243080.8555956,1.5728634780902777,1.3853338789583334,1.4881772289930555,1.1588566344791666
2023-10-30,741431.865,1342188506.9110594,1.5811057165625,1.3732068099652777,1.4977631881944444,1.1445420603472223
2023-10-31,757974.085,1377361067.3969438,1.6076198499999999,1.396355894097222,1.5086545913194445,1.091050279409722
2023-11-01,798665.08,1474687150.3152,1.5157705984027778,1.4461497148263889,1.3688210138541668,1.1112020593055556
2023-11-02,745873.108,1342462148.5454056,1.590239825486111,1.4572779720138889,1.4033616639930555,1.016391672673611
2023-11-03,753123.355,1380776359.057,1.6666490820138888,1.418615124826389,1.6026149309027777,1.0514900758680554
2023-11-04,786321.12,1458814183.4393575,1.3390471416666667,1.395941053263889,1.1705461210763888,1.1061827973958334
2023-11-05,793667.479,1503043481.7018728,1.1991555765625,1.4126919144097223,1.0340665218055554,1.133692587326389
2023-11-06,807167.198,1534079781.8907866,1.292078707048611,1.3909820094444445,1.1255228291666668,1.0749972675
2023-11-07,762971.062,1439992324.2463658,1.4303330401736112,1.3216653027083334,1.270615877638889,1.0306030720833332
2023-11-08,776993.011,1469721129.95705,1.4062339485763888,1.3035979875347221,1.2688626144097224,1.047580246875
2023-11-09,826146.45,1761926318.6736398,1.269281657986111,1.3225258790625,1.1498036122222224,1.0889708988888889
2023-11-10,822220.896,1709553464.75424,1.2941988210763888,1.6154722827430554,1.082598672013889,1.0601182817361112
2023-11-11,807631.468,1657502061.7764,1.5867681133101046,1.6265266748083624,1.4152855447038328,1.0665135947916666
2023-11-12,793537.849,1623094380.96611,1.6740099659374998,1.6125696768750002,1.5547578835416667,1.0792684394444445
2023-11-13,816409.743,1682463578.6736903,1.6198832784375,1.5773877327083334,1.5238619914930556,1.0116350108680556
2023-11-14,783683.053,1552596709.3702762,1.672652669861111,1.5652288072916667,1.6437293394097223,0.9667395923611112
2023-11-15,784918.477,1617151374.015087,1.7270037968055556,1.4855261711458332,1.6943212884375,1.0531789375
2023-11-16,763445.231,1499179493.2982965,1.8380079955208335,1.5077846214236112,1.6635852773263888,1.2448252949652778
2023-11-17,780540.922,1527819132.3072813,2.0335085565625,1.4418868203819446,2.118940659409722,1.0211736521527779
2023-11-18,812657.867,1594422382.955105,2.0752626935069447,1.4462753747916668,2.101416073472222,1.0676620846527778
2023-11-19,805924.464,1621657028.72688,2.0138770508333335,1.4248865256944443,2.0024187144444445,1.1168329935763888
2023-11-20,828586.008,1675898961.207804,1.6778569581560283,1.44617862464539,1.5250169732624113,1.053384767326389
2023-11-21,799760.804,1553703311.53884,1.7053029386111112,1.4829491903472223,1.5735328503125001,1.0615149647916668
2023-11-22,892376.43,1842304020.132748,1.3621723037847222,1.42998579875,1.3489569024305554,1.0528767875694445
2023-11-23,891861.473,1838795391.95775,1.1955122568181817,1.4936265604895105,1.0260346751048952,1.106474076701389
2023-11-24,879861.865,1830192374.4217503,1.1340194927083334,1.5247564621874998,0.9931826850347222,1.0807407669791667
2023-11-25,859039.144,1790393696.7532797,1.26262017125,1.55046655,1.13063308625,1.1293081214236111
2023-11-26,818866.898,1689617202.65728,1.3590659873776223,1.5457395402447551,1.2094565495454546,1.0894259491666667
2023-11-27,845379.976,1714191861.6952772,1.639107467638889,1.4933595461458333,1.5403783889583333,1.0454567589930557
2023-11-28,838942.767,1717720510.2487454,1.571416881388889,1.5071148978819444,1.5290413201041666,1.083940104201389
2023-11-29,833550.53,1689206820.0556,1.4715945796527778,1.5349748496875,1.410098151736111,1.1243772164583334
2023-11-30,834297.749,1711853836.28565,1.5300612565625,1.525024950173611,1.5162448603472223,1.1147042386805555
2023-12-01,867486.625,1808536115.8,1.1380292981944444,1.5009517143055555,1.0218489726041666,1.041069820486111
2023-12-02,912313.163,1975774127.202916,1.1308786942708333,1.5193252519791667,0.9811006940625,1.1592502232638888
2023-12-03,911798.83,1997695273.6823523,1.1848869312847221,1.5665702214930555,0.985898808125,1.0641085947222222
2023-12-04,871289.998,1955020246.7552595,1.2697320395833334,1.6470511496180555,1.120986856076389,1.0364730603124999
2023-12-05,840479.213,1929686717.964692,1.4415630140972222,1.6132361913888889,1.2524048785416666,1.0792522786111112
2023-12-06,805733.836,1797143769.7687995,1.6167209863888887,1.6479599275694445,1.390304483784722,1.0356726549305555
2023-12-07,885905.044,2087373170.3515856,1.4836766456250001,1.5892311501388887,1.3892038661458335,1.0497812621875
2023-12-08,863661.653,2039485173.86032,1.3983303625694445,1.5614622348958334,1.2134773698263888,1.0472203548958334
2023-12-09,865290.472,2025307531.66792,1.5957570291319445,1.5684662274652779,1.4414234681597222,1.0410462021875
2023-12-10,854219.852,2009953685.16044,1.612494779236111,1.570817475,1.5065626380208335,1.0833726190625
2023-12-11,782150.943,1739015937.2354064,1.9779533843055555,1.655309936423611,1.7701242645138888,1.014935067152778
2023-12-12,809702.399,1786907933.28113,2.037638335173611,1.6927843132986111,1.9861527119444444,1.0528934268749999
2023-12-13,790948.778,1789039131.47042,2.0496255650694444,1.7237800156597223,2.0219009978819447,1.0530106971527777
2023-12-14,797759.595,1847212342.2225,1.7358546035416667,1.7278306938541668,1.5686130548958335,1.0530864469097223
2023-12-15,796924.19,1768391579.4256828,1.8716735152777777,1.7576354037152777,1.6447500866319444,1.090510435902778
2023-12-16,793591.106,1767818265.2297769,1.8790340757986113,1.7090764184722222,1.8700125728124999,1.048591021076389
2023-12-17,799528.515,1759842214.3665,2.076243440659722,1.74323192625,2.0918721166319445,1.0868960751041667
2023-12-18,814937.717,1807098652.2441068,2.1907884364236114,1.754838171701389,2.2637599360416667,1.0700714640277778
2023-12-19,804792.403,1754125521.5788,1.998861030798611,1.7419532230208334,1.9358588467013886,0.9904132770138889
2023-12-20,815681.382,1795657326.8128366,2.0738643460069444,1.7233881712499999,2.0831001022916666,1.0943896669444444
2023-12-21,835772.698,1871169704.9173,2.0846164616319443,1.7076794139583333,1.983638809826389,1.0799794149652777
2023-12-22,872629.965,2031045519.6473129,1.815106602951389,1.697432196875,1.6093458930208333,1.060395616701389
2023-12-23,849344.257,1961679469.73748,2.0003965503472223,1.7568090703125,1.672055528576389,1.0584577062152778
2023-12-24,833620.099,1891672434.3509035,2.0694740930902777,1.7658645206597223,1.7790454326388891,1.077659577326389
2023-12-25,823514.146,1873110631.3375173,2.2224135696180554,1.7513937571527778,1.9939287559722223,1.1050319258680554
2023-12-26,813510.882,1816512853.74426,2.6514279460416663,1.7768852144444445,2.5024290864930556,1.0207483099999999
2023-12-27,874594.956,2080187734.2753284,2.0554473556944446,1.7674013204513888,1.9033883557638889,1.0958980683333333
2023-12-28,842769.201,1977414659.38233,1.691043145034722,1.7342111697916667,1.4200063996180556,1.058672101701389
2023-12-29,779614.343,1793268911.7686,2.013150432951389,1.7572796760069445,1.838275386388889,1.0714255788194444
2023-12-30,780517.35,1791127075.673077,2.304369014548611,1.7388356139930556,2.2229560710069443,1.0417387365625
2023-12-31,779243.766,1778319990.82626,2.3578688852777776,1.7070566029861112,2.3168133542708333,1.1242937527430557
2024-01-01,783311.722,1842888002.5619435,2.3187031153125,1.7321616757291667,2.285669957986111,1.0754559291319443
2024-01-02,789495.894,1863076095.53802,2.051780928194445,1.7388409364583335,1.7690116356249999,1.0567074021875
2024-01-03,731160.537,1616286649.78057,2.452067327013889,1.6581295615625,2.212163680451389,1.0219985714583333
2024-01-04,727924.564,1652959390.995256,2.322022046111111,1.5534988420138889,2.2886438922916668,1.0345881180902776
2024-01-05,743827.51,1684926526.8639648,2.3225262534027777,1.5644551996180556,2.1386590001388885,1.0204825330555556
2024-01-06,742508.376,1662721281.62808,2.3196288792361113,1.6511358490277777,2.1539508815972224,1.0613085289583333
2024-01-07,751883.142,1669150499.91432,2.239617927534722,1.6245572987499999,2.127288567430556,1.0743179127777778
2024-01-08,770185.747,1795560197.9481905,2.0510377666319446,1.6244688530208333,1.9812127486458333,1.0597300523263888
2024-01-09,767651.846,1797292054.2409933,2.0409064697569446,1.7029377451388887,1.7906149585763889,1.042791380486111
2024-01-10,851245.866,2200530150.82062,1.5282086508680555,1.6737844034722222,1.3054211725347222,1.0478460129861111
2024-01-11,869728.995,2279603432.722333,1.5847728265972223,1.7397703283333332,1.322918401701389,1.0195904100000002
2024-01-12,903764.594,2283659489.05702,1.7370540347569445,1.8320623240624998,1.4367621506944444,1.0552067679513888
2024-01-13,902189.308,2324255536.3601274,2.135077258923611,1.8681276520486112,1.972456406840278,1.0063090814583333
2024-01-14,912540.734,2257810745.1577835,2.2293314334375,1.887096252326389,2.025587741076389,1.0738593757986112
2024-01-15,901739.412,2269733413.5201154,2.3481648185763886,1.921989681111111,2.3252504087152777,1.0498595034375
2024-01-16,913231.662,2363900157.087,2.3002631740625,1.8499651859722224,2.182381084930556,1.0227467339236112
2024-01-17,893898.151,2262024623.1268806,2.1842101163194445,1.8243011889930554,1.9569730429513887,1.0876390042013888
2024-01-18,921300.926,2275235553.84034,2.551358725520833,1.866316629201389,2.4456814371527775,1.0395173788541667
2024-01-19,930923.884,2318895314.687092,2.5267781198611114,1.9584719194444444,2.468963290486111,1.0674570028472223
2024-01-20,923451.065,2280152156.016656,2.5921582662847222,2.0372968665625,2.413369150763889,1.1060202840972222
2024-01-21,920252.539,2259100350.41493,2.5970730494444445,2.029096403784722,2.484983511875,1.1566408183680557
2024-01-22,938851.111,2170696016.858345,2.8371927871875,2.0128441753472224,2.8171002924999997,1.036064612326389
2024-01-23,862916.429,1935954736.6846368,2.746515174722222,1.9947216927777778,2.7970310350347223,1.0341227220138889
2024-01-24,854438.476,1911823178.81952,2.837768341840278,1.903312950451389,2.830191062048611,1.1031671309375
2024-01-25,862990.544,1914727567.388105,2.9014752883333332,1.8515941996180554,2.889301736423611,1.1157025444444446
2024-01-26,863976.549,1959464254.07004,2.6870016546180557,1.789796234201389,2.673406777673611,1.133794925
2024-01-27,848275.143,1922428991.07804,2.673668691944444,1.7514228214583332,2.549282910138889,1.0851189248263888
2024-01-28,822272.734,1856042237.91214,2.7027071381944445,1.736799846736111,2.6062113136805554,1.1179537130902777
2024-01-29,848894.194,1964443032.21928,2.756154213298611,1.7855463863541665,2.632506859548611,1.1304017776041666
2024-01-30,842384.545,1975198009.57965,2.5373435531597224,1.7805347735069443,2.275198704826389,1.0537331372222223
2024-01-31,832736.639,1901679025.65235,2.4753888008680556,1.7799322189583333,2.2919915005902776,1.0400396444791666
2024-02-01,852335.119,1963149386.18794,2.706787644826389,1.6938501462152777,2.63330045125,1.1011445905902777
2024-02-02,835910.566,1928905426.5733,2.5421048715972225,1.7007699037847221,2.346219435659722,1.1610013069444445
2024-02-03,851807.155,1954075860.1943512,2.4241353694444445,1.6992692083333332,2.2251327836805554,1.1165085863888888
2024-02-04,835253.685,1912538830.30245,2.635319378541667,1.686115057638889,2.517628743611111,1.2042488543055556
2024-02-05,845977.323,1946568440.90331,2.4840880322569445,1.7195076207638889,2.4050824172222223,1.19781925125
2024-02-06,891594.496,2115023499.47069,2.0498363356597222,1.7004215107986111,1.888540073298611,1.1129181573958333
2024-02-07,866191.602,2099596471.75188,1.649293363888889,1.6418288401736112,1.3858976322569445,1.140945373402778
2024-02-08,845860.404,2046063399.2877712,1.6261070187152777,1.5625435564236112,1.4009826504513887,1.1387740177430556
2024-02-09,819970.672,2037654015.622218,1.6106735851736111,1.6015547525347222,1.449355258611111,1.1755446252777777
2024-02-10,831410.775,2078202687.29775,1.7126580889236112,1.6642483091666667,1.4644548393402779,1.1270439529166667
2024-02-11,836329.969,2095508033.7537675,1.6074897063541667,1.6587588870486112,1.3901837182291665,1.1192144197569445
2024-02-12,870376.94,2313723019.602,1.6578782388194444,1.6210166921527778,1.4419283445833333,1.1484301952083333
2024-02-13,871361.144,2302650245.52296,1.7164981577083334,1.6330089783333335,1.3614374455555556,1.0760281367708333
2024-02-14,874029.744,2426120446.3094897,1.5613747795833333,1.6384744437152776,1.309172372673611,1.0867479429166667
2024-02-15,872118.103,2461378922.0969,1.5021625023611112,1.6612335151388888,1.3057750605208334,1.0626405097222222
2024-02-16,884722.619,2517044698.28119,1.4910112414110428,1.6092098221472393,1.3074891365030676,1.0708994931288345
2024-02-17,867465.73,2418738498.740571,1.6135651593055556,1.6396011477083334,1.4494713370486112,1.0435303960763889
2024-02-18,866754.744,2492938417.752208,1.505541521701389,1.6444360828819444,1.3444390958680554,1.081520648611111
2024-02-19,880933.444,2593538533.81152,1.4760356554861112,1.5610325191666667,1.303204089861111,1.082230374652778
2024-02-20,894429.409,2698298050.0854287,1.5185081597569445,1.571756507986111,1.3885940485069446,1.0694682120486112
2024-02-21,887544.831,2640968286.4910483,1.7435532001041667,1.5825430903125,1.6084546847916665,1.0017418534375
2024-02-22,875826.438,2603832000.174,1.6105878909722222,1.5849953795833334,1.4694137553125,1.0682955027083334
2024-02-23,866314.464,2536547466.822312,1.6874462682291667,1.5998922338541666,1.6093925076388889,1.0343308286805555
2024-02-24,883539.486,2643478227.0251794,1.4849612886458334,1.543776863298611,1.4431303837847222,1.1058701072569446
2024-02-25,958217.793,2983938118.29165,1.2411954326388888,1.5224077265277778,1.0920053095833333,1.0966589474305557
2024-02-26,875881.342,2784922182.567885,1.3887491030208334,1.5678140628125,1.214536384861111,1.065648316701389
2024-02-27,833385.944,2704040844.9345703,1.5221734087152778,1.752819925798611,1.404496567326389,1.0680809663194444
2024-02-28,801098.029,2709025138.78756,1.8031125581597225,1.8290875913541664,1.6806693353472222,1.0554797871527777
2024-02-29,846940.633,2835202602.144892,2.172939212534722,1.9667609403819444,2.0399978382638886,0.9939960131944444
2024-03-01,818376.981,2812548905.68194,2.3297836046875,1.9321312022222221,2.2327914623611114,1.0184135890972223
2024-03-02,814198.482,2786610300.8199024,2.4606524119444444,2.024113430520833,2.282469009548611,1.0279898618402779
2024-03-03,813275.317,2839007680.070331,2.44259928875,2.0232337145833332,2.2571232531944445,1.0411919401736112
2024-03-04,762222.642,2765724856.497,2.397259270173611,2.1013625173611112,2.155903241076389,1.0468281701388888
2024-03-05,718405.322,2553938441.1982,2.7595861636458334,2.1365346875,2.4313422219791665,1.01151021875
2024-03-06,749912.71,2865603872.9706616,2.415141601423611,2.196113875,2.280466755625,1.045714173611111
2024-03-07,755489.33,2924907160.6682,2.736037642951389,2.2781175069444446,2.4288523560069444,1.071371017361111
2024-03-08,766001.206,2976703666.55218,2.5570134106249998,2.293648704861111,2.1561034475694445,1.0737146458333333
2024-03-09,781136.295,3052797811.30425,2.9555869615625,2.225489104166667,2.5872329565277776,1.055136184027778
2024-03-10,773667.93,3002574289.6128,2.9280277620138886,2.1926943402777774,2.530855621423611,1.046305465277778
2024-03-11,787527.877,3205647973.88604,2.610039991215278,2.286135486111111,2.2032614102777774,1.0526356423611112
2024-03-12,797222.756,3176062568.3764734,2.8723147664930555,2.4247748020833333,2.4157255932986113,1.0303055243055554
2024-03-13,795342.351,3188267310.7807846,2.8083049607291666,2.540900579861111,2.625179262881945,1.01434225
2024-03-14,818491.32,3179838778.2,3.410745162604167,2.547021236111111,3.3292172658333334,1.03377859375
2024-03-15,818761.597,3065215356.8505206,3.9520234743055553,2.751684704861111,3.831574489548611,1.0186176597222223
2024-03-16,830905.851,2929416741.11007,3.8712837113541667,2.718393552083333,3.7788804314930555,1.0358550555555555
2024-03-17,831985.567,3034243042.99333,3.745652499201389,2.5951879618055553,3.827126438125,1.0322687569444444
2024-03-18,854562.283,3010559190.138488,3.5850044511111108,2.684007315972222,3.6408395367361113,1.0429323194444444
2024-03-19,813416.539,2571445570.57531,4.2675217836111115,2.4576044826388888,4.260792930833333,1.0120000486111111
2024-03-20,763058.858,2684288450.6724,3.825259152048611,2.092725909722222,3.7757010312499997,1.0553578888888888
2024-03-21,774410.286,2706687855.21576,3.1320805566666667,2.213875357638889,2.6940196116666666,1.0328261458333334
2024-03-22,790374.762,2638222338.5294795,3.7655841203124996,2.3908455277777776,3.385650636597222,1.0311814722222221
2024-03-23,781527.744,2603136055.54752,3.6986288578472224,2.2824395868055554,3.6674128432638886,1.0455214340277776
2024-03-24,783856.456,2709440974.8108826,3.5800207886111113,2.2760614756944446,3.541325826423611,1.1273187604166666
2024-03-25,825538.736,2966111146.12384,3.2293733970833336,2.3409281041666663,2.8776503498958332,1.0530692465277778
2024-03-26,834760.788,2996490715.03632,3.405102659305556,2.5155620520833333,2.873522597118056,1.0516444270833334
2024-03-27,851975.994,2985858388.186248,3.6751539197222223,2.5526936180555553,3.3153158718749998,1.0516001493055556
2024-03-28,843585.798,3006058828.3245354,3.4349388060069446,2.574054857638889,3.2235282353819446,1.0538497916666667
2024-03-29,872412.28,3064313237.0088,4.087386743888889,2.5890535833333335,3.755072249305555,1.0695734687499998
2024-03-30,884791.645,3104069822.710753,3.893522621215278,2.617423902777778,3.6849252394791665,1.1304843645833333
2024-03-31,900379.108,3285294285.47932,3.397817468090278,2.6926407500000002,3.005154477361111,1.11726921875
2024-04-01,885780.014,3105663876.558344,3.968736168229167,2.7631209131944443,3.7369442201041667,1.0358239027777776
2024-04-02,853893.654,2800776916.5566726,4.467438780138888,2.570307454861111,4.467250450416667,1.0092054166666666
2024-04-03,836580.674,2771257140.6924,3.723124697534722,2.197238402777778,3.9568482835416665,1.0211551458333334
2024-04-04,831097.804,2767273114.06664,3.4875961847222223,2.1056493402777776,3.6487571756249997,1.05918825
2024-04-05,854208.05,2835671753.1825,3.9610363721875004,2.0348878263888888,4.067133974583333,1.0810842743055555
2024-04-06,837731.321,2808868846.486037,3.711205533298611,2.0418418263888887,3.6217317220138887,1.076104076388889
2024-04-07,850582.706,2939496445.075156,3.4271676396527777,2.016648579861111,3.1998603607638887,1.1168898506944445
2024-04-08,896187.594,3313430593.524094,2.7208815568402778,2.2141934097222222,2.3730628088194443,1.1516954791666665
2024-04-09,865871.864,3037868141.2508,3.461731132673611,2.395029284722222,2.735519933888889,1.0540797395833335
2024-04-10,842353.248,2987654948.3924003,3.907452736076389,2.3144906284722224,3.6604283618055553,1.08380278125
2024-04-11,826302.883,2895130012.2860656,3.6951035343402783,2.2984504722222225,3.441127240694444,1.0899418715277778
2024-04-12,773896.738,2506249108.07824,4.0429427986111115,2.083208715277778,3.9485019338194443,1.0129133541666666
2024-04-13,708291.89,2128742943.7194,3.654267265104167,1.763811423611111,4.031084036215278,1.0122946944444444
2024-04-14,688127.539,2169962025.30877,3.2524320266319444,1.8134575763888892,3.3109417543055555,1.0003511215277776
2024-04-15,670345.361,2078553267.75992,3.1487052011458334,1.8131433854166668,3.060466907604167,1.0240639756944445
2024-04-16,662158.697,2041410667.668088,3.4736930150694447,1.824898159722222,3.477330810173611,1.0354420625
2024-04-17,655884.496,1956922914.548097,3.5615716543750002,1.7881933020833334,3.568412578125,1.07055803125
2024-04-18,649714.754,1989978834.2889,3.435762608541667,1.8282736597222222,3.419516466006945,1.0589448506944443
2024-04-19,669681.475,2045951159.5966327,3.055452675277778,1.8743662708333335,2.8590571431597223,1.0334944340277776
2024-04-20,665233.319,2098396222.4820647,2.9728282178472223,1.935328347222222,2.834313438298611,1.0347298229166666
2024-04-21,663175.27,2086316854.120152,2.8372128306944444,1.9470870486111111,2.553765935902778,1.0498347048611112
2024-04-22,673030.273,2152803206.6662507,2.783070028854167,1.8796700069444445,2.6233452410763887,1.0684880347222223
2024-04-23,672774.338,2165095298.6003566,2.850959540347222,1.7866439756944443,2.649692855138889,1.1072821631944445
2024-04-24,683201.419,2144511233.8797245,2.871211205972222,1.8072410763888886,2.722282908854167,1.0252380069444444
2024-04-25,674537.259,2127780565.90737,3.2706376222569444,1.736969607638889,3.3280837782291663,1.0890331840277776
2024-04-26,682934.357,2137570878.72286,3.2673439741666663,1.79086890625,3.2228894562847223,1.1038747847222221
2024-04-27,696443.306,2266311863.682333,2.9769334544791666,1.7981882986111113,2.8919055850694444,1.1108955069444444
2024-04-28,717695.719,2341266974.5218,2.3841308036805553,1.8408657256944443,2.0990518827083333,1.0555377256944445
2024-04-29,716186.443,2302668327.80474,3.3283336082986112,1.9510996666666667,3.190678605243056,1.06283715625
2024-04-30,724526.167,2182699581.355246,4.208718922604167,1.8975924930555554,4.237868789340278,1.0455109305555554
2024-05-01,661088.847,1964034084.1634889,4.312276198090277,1.8915584791666664,4.358552600104167,0.9986251909722222
2024-05-02,711946.699,2125011387.70821,3.7377607380208335,1.9910960763888887,3.6506132818055557,1.1055066076388889
2024-05-03,727875.145,2257516777.0778284,2.9554180776736114,1.9499011805555557,2.875526096076389,1.087570545138889
2024-05-04,727281.982,2265921473.1703057,2.722655633090278,1.9979352291666668,2.491641534236111,1.1270357152777777
2024-05-05,730808.527,2291252818.10621,2.8266913632291666,2.0449812222222223,2.5267556374652775,1.132697767361111
2024-05-06,716795.643,2194477029.00093,3.0698351377430555,2.130513607638889,2.7749866017361113,1.0642121631944446
2024-05-07,705930.632,2121286937.169334,3.2641258934375,2.070828420138889,3.211235936493056,1.0511275104166666
2024-05-08,726082.877,2158834588.530599,3.7346925265624997,1.9752593298611112,3.8421615575347223,1.0429351944444445
2024-05-09,731408.624,2219709151.3749795,3.8775865430208336,2.053070208333333,3.9807552023958337,1.1495078576388889
2024-05-10,765789.35,2227566350.7475,4.071760658715278,2.0884741874999997,4.193726690451388,1.079974892361111
2024-05-11,747933.082,2177641748.8168564,4.3014622283333335,2.0063868680555554,4.963114078749999,1.1113613020833333
2024-05-12,750925.301,2198506531.49673,3.944233830763889,2.0248267395833333,4.469653621319445,1.153373857638889
2024-05-13,786751.133,2320811138.889339,3.6842151169097224,2.0499997881944445,3.7935642636111115,1.1493043541666668
2024-05-14,801159.476,2308036299.62412,4.113784176527777,2.2017861805555556,4.3271071639236105,1.0497945590277777
2024-05-15,796416.84,2413841905.10853,3.734858897083333,2.2030794791666666,3.9753258072569446,1.1159474722222222
2024-05-16,787876.06,2318892577.3132,3.9183505620138894,2.152284201388889,3.4873176576041667,1.1692345902777777
2024-05-17,841719.412,2601465767.12763,3.5546081481944447,2.0493693993055557,3.2659945717708334,1.1561196493055557
2024-05-18,843109.852,2631864456.799228,2.7173498178472224,1.9265191527777779,2.264098290555556,1.110001375
2024-05-19,823874.169,2529285460.08831,2.8079529428472223,1.9150022083333331,2.4069087510763887,1.1468221909722223
2024-05-20,956844.247,3506033830.280025,2.7617748424305555,1.9319945659722224,2.4030000953819446,1.0641014583333335
2024-05-21,1059697.033,4018548560.0844736,1.4149839784375,2.436616128472222,1.2173129989236111,1.0599517291666667
2024-05-22,1051797.505,3933996136.0513,1.6467930905555557,2.5857470381944445,1.3580809198958332,1.0453467013888889
2024-05-23,1032822.887,3909368894.2703104,1.6069323130208335,2.5202474895833333,1.3985517444791666,1.0798810520833333
2024-05-24,1055361.999,3936099218.71038,2.1922501336805555,2.4758903194444444,1.9674195918055557,1.0669123055555554
2024-05-25,1080020.515,4051318954.8422494,2.171665229722222,2.4081997187499997,1.935924659513889,1.192874253472222
2024-05-26,1130649.941,4327596568.67573,1.8568407018402777,2.3232266249999998,1.608108437534722,1.113426857638889
2024-05-27,1132855.139,4413705578.506511,1.5094154993055555,2.2759045868055554,1.309531486388889,1.1504709791666667
2024-05-28,1107967.948,4262363775.63548,1.9224227826736113,2.3716368472222222,1.6801459397569445,1.0557986527777778
2024-05-29,1137887.774,4289893802.3687,2.1861432937847223,2.4120725312499998,2.0543803456250003,1.0696193159722223
2024-05-30,1105037.088,4143788881.6018734,2.442616362847222,2.4862436041666665,2.3478615646180554,1.1051305277777779
2024-05-31,1127030.811,4242046390.523371,2.5585769743402778,2.5133648506944444,2.4514115583680556,1.1103641319444444
2024-06-01,1149824.44,4389523789.1664,2.3545331860416665,2.4301808090277777,2.181890153888889,1.2471527743055555
2024-06-02,1125206.31,4257370215.4156127,2.4070416631250002,2.501677315972222,2.1395809189236115,1.2666410590277777
2024-06-03,1139524.154,4295037465.0491,2.5484712863888888,2.5174608854166665,2.371478652743056,1.1011212256944445
2024-06-04,1127317.744,4298498382.902587,2.8109248411111114,2.512727736111111,2.6718045364583336,1.1858634652777778
2024-06-05,1115723.969,4315615037.763553,2.693385794340278,2.519655513888889,2.325139622361111,1.1683347743055554
2024-06-06,1100696.76,4200005675.9052,2.7561484832291665,2.5902565868055554,2.2881346372569444,1.1288425729166667
2024-06-07,1046832.693,3852155880.35526,3.0911626655555557,2.660717017361111,2.8093056683680557,1.0792120902777778
2024-06-08,1034342.91,3808574715.7692,3.0813062084375002,2.417868184027778,3.111581312430556,1.1676036180555556
2024-06-09,1043969.022,3870575315.901972,3.0794975061805556,2.41487978125,3.126319772604167,1.2088664444444444
2024-06-10,1050016.282,3853192249.2413,3.1686000814583335,2.3962795590277777,3.1017841430208333,1.2483178159722224
2024-06-11,1040775.05,3640591086.5960593,3.5400528518055556,2.3590863055555555,3.4830148464930555,1.0972131354166668
2024-06-12,984636.299,3505658671.573318,3.1329780231358884,2.299019898954704,3.180502982673611,1.17873390625
2024-06-13,975099.932,3382806933.09508,3.4972313365625,2.266250701388889,3.561026439409722,1.0822433715277777
2024-06-14,963248.854,3352928334.548016,3.2803927254166667,2.2096877708333333,3.41129923875,1.1165880243055557
2024-06-15,1058896.504,3778078542.7005086,3.0295746455208334,2.2061331979166665,2.882234628125,1.2074686527777778
2024-06-16,1061869.687,3847314028.217208,2.8637196109375,2.300772017361111,2.5770128381944444,1.2037774270833335
2024-06-17,996017.447,3495789861.0991287,3.1967226760069445,2.374799611111111,2.8683336404513886,1.1113541006944443
2024-06-18,1000197.258,3483016917.45114,3.621188039861111,2.2425638680555555,3.4847010933680553,1.0405494166666667
2024-06-19,1028235.539,3659598061.418127,2.681048400451389,2.182126354166667,2.5138438555208333,1.15656375
2024-06-20,997339.934,3502062542.045275,2.8762756060416668,2.1777278020833335,2.616815531111111,1.1178726215277779
2024-06-21,977874.851,3439361868.44018,3.3824214849652776,2.135782560714286,3.1934559511805554,1.0909269375
2024-06-22,947289.564,3310076031.90264,3.062191419756944,2.1366072013888893,3.1368669685069444,1.1875535347222224
2024-06-23,964256.402,3297342834.3758907,3.1397176189583336,2.084269423611111,3.220649562430556,1.1444601180555556
2024-06-24,999878.316,3351255815.249307,3.8674756831944443,1.8602114444444444,3.727828249513889,1.05003334375
2024-06-25,1009990.556,3427169284.3503265,3.3909744525,1.9528023958333334,3.120786901076389,1.1315254756944446
2024-06-26,1014949.462,3421040626.6476746,3.3817569912847225,2.1560695659722224,3.173848268263889,1.1894875104166667
2024-06-27,1047194.846,3613163221.7842383,3.3047885778472224,2.2322432986111114,3.025899134201389,1.2032530902777778
2024-06-28,1042762.61,3524090268.7361693,3.387248551875,2.4355251874999997,2.9865280962847223,1.160848857638889
2024-06-29,1039714.299,3511770207.73137,3.652766443854167,2.3862705208333335,3.450941496388889,1.295587982638889
2024-06-30,1021903.516,3511996251.50752,3.3548817063194445,2.4247972569444447,3.2021696900347223,1.248104048611111
2024-07-01,1012460.666,3483999306.6242933,3.0250397338194444,2.52097046875,2.635749357361111,1.1627954618055556
2024-07-02,1023780.224,3501768591.57632,3.2809255853125,2.521743232638889,3.135024626840278,1.2219708020833333
2024-07-03,1050761.05,3462005477.098,4.066466578229167,2.4461453506944446,4.012521910347222,1.0612209270833333
2024-07-04,1059891.749,3242208860.191,4.369361500520833,2.3480372604166666,4.183373630659722,1.0398668819444443
2024-07-05,948089.621,2825942290.62607,3.7403472271180553,2.2198103680555556,3.516017609722222,1.0642818611111111
2024-07-06,943626.172,2892686030.266,3.2524895137152776,2.1287061180555558,3.0753864146180554,1.157449486111111
2024-07-07,944196.365,2766721956.5776,3.542251608159722,2.150330958333333,3.1473690638541667,1.1312512152777776
2024-07-08,899220.579,2714101621.4249487,3.587418166770833,2.09668003125,3.2939275464583333,1.0648445763888887
2024-07-09,900916.361,2761362701.44666,3.085237125625,2.063538527777778,2.6590525471875,1.1121694930555557
2024-07-10,914343.948,2834031011.080752,2.9941414025694444,1.9865051354166665,2.5326188297916667,1.1234254548611111
2024-07-11,939584.717,2910842849.11317,2.9660704978125003,1.9898231284722223,2.515457410416667,1.0894180416666666
2024-07-12,944340.325,2958844879.903,2.8769005026041667,2.0049221805555555,2.5531902469444443,1.1003880555555556
2024-07-13,947928.58,3008822096.721876,2.5045942428472223,2.0267458645833334,2.149157834513889,1.1161623854166667
2024-07-14,951722.154,3087091633.70826,2.323243239270833,1.9949264791666665,1.9215590696527778,1.2064679513888887
2024-07-15,934741.173,3254538152.409558,1.9756892699305557,1.9303827881944444,1.7148612323611112,1.1049009930555556
2024-07-16,915082.946,3150484169.80664,2.2620618755902777,2.0836002430555554,1.8151362145833332,1.0984138402777779
2024-07-17,947818.953,3209352887.61612,2.2175738127083333,2.147415246527778,1.863615090173611,1.1222921493055555
2024-07-18,930024.951,3185326156.92549,2.3233179333333336,2.1488566979166666,2.0410877545833332,1.0790143159722223
2024-07-19,943244.438,3303421238.31922,2.333290025277778,2.173899267361111,2.0056519698958333,1.1079575277777778
2024-07-20,940683.624,3307388649.00683,2.3307755358333333,2.1784353263888887,1.8762022263541667,1.191534121527778
2024-07-21,918919.16,3247699230.4216,2.36928681875,2.1455302708333335,1.9280961662152778,1.2129701458333333
2024-07-22,937910.56,3224845731.549763,2.7580493435416664,2.0878983368055555,2.2726709851041664,1.076524826388889
2024-07-23,952731.59,3316468192.1059,2.7178708932291666,2.1197349583333334,2.438610915659722,1.13458778125
2024-07-24,993929.574,3314009682.1095,2.981967021875,2.2471983229166668,2.7297642171875,1.0893796493055554
2024-07-25,944147.595,2996412897.82365,4.100992166736111,2.163819989583333,3.744428014444444,1.0664076180555555
2024-07-26,918854.974,3007371698.410706,3.3841724083333333,2.076276802083333,3.251571948402778,1.1087578472222221
2024-07-27,870563.671,2827634417.3246603,3.532385947291667,2.135652190972222,3.1263609377430557,1.1577538090277777
2024-07-28,903361.817,2952434292.082488,3.4659549280208335,2.2016438506944445,3.087008767465278,1.1684904305555555
2024-07-29,952225.463,3158170015.09506,2.9256084728125002,2.19437021875,2.6024050675347223,1.0950701354166668
2024-07-30,951292.027,3118506497.07086,3.269703165208333,2.3104201736111114,2.8883785486458335,1.1055674201388888
2024-07-31,965257.089,3119218630.53261,3.4910520009375,2.3596675625,3.152537723784722,1.1405355590277777
2024-08-01,953833.688,3054185007.31288,4.2505641525,2.462382892361111,3.9308617539236113,1.0761387569444443
2024-08-02,953204.164,2848670776.9393206,4.2901292321875,2.4998331770833335,3.929184502673611,1.0416123020833334
2024-08-03,896600.908,2602008547.986805,4.673225929965278,2.3088929722222225,4.401783922326389,1.0837694722222222
2024-08-04,908684.113,2442179422.0988,4.527471130277778,2.187712045138889,4.2852711296875,1.0656351840277778
2024-08-05,776987.148,1878747153.99252,3.6388103539236116,1.9009943993055556,3.0872273921874998,1.0023863159722222
2024-08-06,800773.171,1970054711.747228,3.1663083206944447,1.6431324618055556,2.8451810400347224,1.0429467291666665
2024-08-07,816285.831,1911300621.85326,3.1475116695833334,1.4497396319444444,2.825938347152778,1.0468012256944443
2024-08-08,801842.486,2150970107.96494,3.0093912312152775,1.3864158784722223,2.773920281458333,1.1065116631944445
2024-08-09,793144.01,2060381920.5374,3.0639255499305555,1.3986110104166667,2.4501037211805556,1.120159048611111
2024-08-10,801750.812,2091583465.82124,3.1987688793055558,1.3717395243055557,2.678087878993056,1.1000420972222222
2024-08-11,812560.138,2075806756.5417,3.0110474015277777,1.3618936909722223,2.5630261061458333,1.0761686493055556
2024-08-12,794868.734,2162957055.5241,2.8821458962142854,1.444733257142857,2.506243422419929,1.0696570729166668
2024-08-13,760006.377,2052782096.4194808,2.912947681076389,1.4725854097222222,2.400181982673611,1.0701393229166667
2024-08-14,779011.315,2072110975.662,2.6954888052430555,1.4520690625000001,2.2689295535416667,1.0919252187500001
2024-08-15,751193.404,1929680156.3398,3.2455510716666667,1.5680371666666666,2.905385427986111,1.0797532013888889
2024-08-16,764994.704,1982499075.31008,3.118931600833333,1.5366846215277778,2.797071204826389,1.1177110104166668
2024-08-17,758465.725,1982007463.2555,3.114864965173611,1.5595695243055556,2.779602586840278,1.200524326388889
2024-08-18,781932.926,2041368831.92042,2.927321729895833,1.6055687152777778,2.5793387783333332,1.1141217222222222
2024-08-19,766910.898,2021032620.39042,3.2042442921527776,1.584425170138889,2.8970424367708336,1.182037451388889
2024-08-20,774841.918,1992558141.3458524,3.271230913958333,1.5971439375,2.896866047361111,1.0874647569444444
2024-08-21,776776.48,2042440540.9824,3.4675304197916663,1.5613583506944444,3.269508138611111,1.1486027951388889
2024-08-22,774787.477,2031492764.694,3.308726621111111,1.6155899687500002,2.8716156987500003,1.1032007743055554
2024-08-23,774998.483,2140220310.68314,2.636976533472222,1.6145202569444443,2.327428299861111,1.1043603229166665
2024-08-24,776633.973,2149152599.6562104,2.343159450590278,1.5532363993055556,2.1618411244444444,1.1534419583333333
2024-08-25,771615.475,2118009638.0227704,2.5237236083680554,1.520912482638889,2.3553243795486107,1.1155073159722222
2024-08-26,790429.041,2118029466.5946827,2.818077847118056,1.5846562534722224,2.693758034548611,1.0905063194444444
2024-08-27,799974.128,1964481351.466424,3.6523755525694446,1.6989641006944445,3.416721328888889,1.115569201388889
2024-08-28,778418.874,1967313588.63768,3.7949513244444444,1.4972288368055555,3.3342203031944444,1.0674843993055554
2024-08-29,810381.426,2047538933.7801545,3.2640236107291667,1.4851923576388888,2.868014898194444,1.118810454861111
2024-08-30,795953.125,2009773681.09375,3.4236682165625,1.5086597638888888,2.9928977702083333,1.12608578125
2024-08-31,803278.347,2017955699.41605,3.415650682951389,1.657050048611111,2.899864014965278,1.1928709548611112
2024-09-01,793562.531,1924603297.355452,3.532247186736111,1.6955919131944444,3.052024484166667,1.125464534722222
2024-09-02,808986.555,2052346790.0711985,3.004599269201389,1.7079520381944446,2.6167159613194446,1.1662734479166668
2024-09-03,837871.208,2031167477.649284,3.3438264447916666,1.7942796319444443,2.7863664992708332,1.1205805208333333
2024-09-04,826066.389,2023604757.626336,3.5547368622916666,1.8263063472222223,2.9302533522569445,1.1247681111111112
2024-09-05,835660.345,1978476006.4082,3.8869317185416667,1.8434589340277776,3.0661477087847224,1.1034174652777777
2024-09-06,905592.448,2014034990.4861813,4.285360944270833,1.9076509861111113,3.456862893055556,1.0397008784722221
2024-09-07,915582.156,2080771880.024284,4.083396392638889,1.7793102847222224,3.3606961532291666,1.1599573645833334
2024-09-08,885165.062,2032582583.8045635,3.787855768333333,1.8192258576388889,3.0107081864583334,1.1376662395833332
2024-09-09,875117.837,2063753686.4554448,3.4905959628472223,1.7411056736111112,2.733450205277778,1.1317519374999998
2024-09-10,854788.142,2040917811.48346,3.376999514131944,1.6966936041666667,2.5564556465277777,1.0947676006944445
2024-09-11,880978.959,2061043847.4425533,3.708582173611111,1.7343865243055554,2.7942248391666666,1.0905137673611112
2024-09-12,897316.03,2118374710.4637,3.4124886033680557,1.653320565972222,2.683241724652778,1.0969582569444443
2024-09-13,920674.929,2244752784.89064,3.1091637011805555,1.6819573194444444,2.4358338940624997,1.1626097638888888
2024-09-14,913160.845,2206799287.6777,2.7586192548611113,1.5387264791666668,2.1793772162847223,1.1218668298611112
2024-09-15,908082.272,2102074247.3392,3.1737500926388886,1.563974263888889,2.5669798156944443,1.1579378854166666
2024-09-16,962352.48,2208323352.325738,4.312392542604167,1.557340625,3.4535470240972224,1.1027078159722223
2024-09-17,944463.982,2210625869.189573,3.859897981631944,1.5343410833333335,3.13686333125,1.109857125
2024-09-18,936577.719,2223010816.57715,4.208884687222222,1.5837872708333334,3.252412927777778,1.1023536770833333
2024-09-19,963003.761,2373370919.17255,2.899810775208333,1.5027196805555556,2.298494174930555,1.0921060590277778
2024-09-20,968488.632,2479551471.205938,2.4223120188541665,1.7385796319444444,1.9989509593055554,1.1234576527777778
2024-09-21,970252.33,2533948806.6184235,2.3877559126041668,1.8248625798611111,1.9471042517708332,1.131585201388889
2024-09-22,925675.155,2388378682.4281297,2.2310049510416667,1.9018736944444445,1.8667198749305554,1.1266785173611111
2024-09-23,945421.314,2501578286.33248,2.060376356597222,1.9087994652777778,1.8977735435416667,1.1213493368055554
2024-09-24,924843.505,2452684975.26,2.336988787152778,1.9766697465277778,2.162824493125,1.0775588576388888
2024-09-25,929107.959,2396178717.34059,2.7157688827430553,2.0662042187500003,2.431243822986111,1.0795758645833333
2024-09-26,918966.02,2417997364.2888,2.508753427986111,2.144223652777778,2.3427952860069445,1.078082017361111
2024-09-27,945594.809,2546987985.88577,2.3781027390625002,2.1041501388888886,2.1460683186458334,1.0803226041666667
2024-09-28,927306.514,2479373336.393319,2.4885766986805553,2.048826611111111,2.181283895729167,1.0638940972222222
2024-09-29,931841.493,2475466963.9252505,2.638227365,2.041396378472222,2.345201793194444,1.1217070173611112
2024-09-30,1013300.892,2636116234.128282,2.7795909769444447,2.146444815972222,2.4826458802777776,1.0757269374999998
2024-10-01,1036068.948,2535731875.9635057,2.874807235972222,2.2381245104166667,2.4977744303819445,1.0917826805555555
2024-10-02,1006075.083,2377417035.6017847,3.438393947083333,2.093578013888889,2.7214060469097223,1.1207072395833333
2024-10-03,974721.368,2289357318.66264,3.852298944479167,1.9754984374999998,2.987154775659722,1.0883440104166668
2024-10-04,973077.45,2348405656.281,3.512254911631944,1.89291903125,2.800876941458333,1.1746358055555557
2024-10-05,977270.307,2358761065.43639,3.422772606944444,1.8656837465277778,2.663834685625,1.190608659722222
2024-10-06,966340.743,2356922122.235089,3.2295924094097224,1.7939242465277776,2.5762202075347225,1.2258485868055555
2024-10-07,894955.227,2167357820.98725,3.2218866406944446,1.9602564131944444,2.537407276527778,1.122952392361111
2024-10-08,943837.557,2302912228.5314217,3.5001773109027776,2.115591246527778,2.7691416356944445,1.1022144409722223
2024-10-09,1015080.769,2405345541.03009,3.4825761163541666,2.135326590277778,2.7400798152083334,1.10976778125
2024-10-10,1021808.142,2437257652.62408,3.641761392118055,2.148695503472222,2.901423060486111,1.1069805104166666
2024-10-11,961815.832,2345349433.69872,3.177254845486111,2.1707692534722223,2.5360956340625,1.1380924861111112
2024-10-12,965570.926,2389874943.23334,2.911035494027778,2.0760887430555552,2.3303662374305554,1.2162045555555556
2024-10-13,931922.667,2299873382.0384207,2.7860599132986112,2.1114968888888885,2.2027120095833332,1.1707976736111112
2024-10-14,1102730.281,2899105201.323456,2.268289909201389,2.068274420138889,1.9565176947916667,1.120299934027778
2024-10-15,1086043.222,2831031666.76248,2.392035125034722,2.405463003472222,2.007659591840278,1.1133784722222222
2024-10-16,1117962.012,2918328036.1248,2.3951560625347224,2.5084658159722224,2.0718882991319445,1.097740513888889
2024-10-17,1132526.872,2950232501.56,2.250431112430556,2.677692746527778,1.9517713394444445,1.0966440590277777
2024-10-18,1132255.024,2990410066.43664,2.139708599097222,2.642169048611111,1.870108395625,1.1866015243055557
2024-10-19,1111999.523,2943907537.1902,2.193023786736111,2.5828748506944446,1.8595692704513889,1.1424045486111112
2024-10-20,1156542.231,3177011268.4164324,2.0579947167361112,2.6410233888888888,1.7708278217013889,1.1893318368055554
2024-10-21,1148872.809,3063587887.9858813,2.1987613556597223,2.6919678506944447,1.9457097331944446,1.097973138888889
2024-10-22,1147647.826,3009121123.29374,2.585657881215278,2.777642045138889,2.3855903138194443,1.0907736875
2024-10-23,1169359.013,2951275051.36992,3.241455379652778,2.7530100729166667,2.835749209236111,1.1581913263888888
2024-10-24,1165931.021,2956106624.8365927,3.655623911319444,2.7344894895833334,3.126739808263889,1.163603315972222
2024-10-25,1158079.112,2825939920.58432,3.854729398263889,2.921810347222222,3.2071752728125,1.0808753020833333
2024-10-26,1188368.849,2949579017.97196,3.6985192165972225,2.833639847222222,3.1826721801736113,1.128790329861111
2024-10-27,1196905.483,3001156715.23869,3.5715143823958337,2.9171043472222222,3.035858295694444,1.2774609409722222
2024-10-28,1252938.14,3215653206.9286,3.502089719020979,2.971577804195804,2.9780095605594408,1.2643451678321678
2024-10-29,1244396.305,3284310279.8604,2.8617425874999998,3.204802815972222,2.4414987364583336,1.1276192291666667
2024-10-30,1257194.03,3343507522.785,2.561044549895833,3.1841371909722223,2.1557367334722226,1.1142634861111111
2024-10-31,1317305.835,3317787323.396992,3.172016015694444,3.2568075625,2.607239197048611,1.06099059375
2024-11-01,1279809.037,3214445468.4694686,3.8664409249305556,2.807666434027778,3.2835798202083333,1.127123361111111
2024-11-02,1275788.586,3181456874.119482,4.222189263611111,2.7128277118055557,3.5322118452777778,1.1896146666666665
2024-11-03,1288247.237,3165667272.247061,4.493560603263889,2.699597673611111,3.612828806041667,1.1680942465277777
2024-11-04,1280076.024,3069228022.7434564,4.392916237569445,2.8389046597222225,3.6374420859375,1.11895584375
2024-11-05,1265338.556,3063903432.88396,4.495353427743056,2.8204001076388887,3.6723706418055553,1.1604104340277777
2024-11-06,1304170.907,3550569024.519032,3.209457982361111,2.7071547916666665,2.739842869201389,1.14552434375
2024-11-07,1314486.136,3805989447.89712,2.3395705089583334,2.718590739583333,2.079738372986111,1.0618970590277776
2024-11-08,1330389.27,3940607847.3683567,2.0146665872916665,2.4024900868055554,1.8019184331597222,1.065308704861111
2024-11-09,1293763.74,4045625090.2548,1.7195946936805555,2.477655336805556,1.5873705400694444,1.0950203854166667
2024-11-10,1202706.387,3830848356.8085294,2.044955086284722,2.617423,1.966362094513889,1.0198359166666666
2024-11-11,1188587.608,4011495062.87608,2.2206213005555555,3.0247704513888887,2.0987789331249997,1.0393482430555556
2024-11-12,1196721.228,3883817260.390263,2.6805128609374997,3.063507607638889,2.3345392058333334,1.0590638020833334
2024-11-13,1198113.626,3820664541.9514,2.8397930209027775,3.097116454861111,2.5366950146527776,0.9989220694444444
2024-11-14,1236792.922,3785860238.02966,3.2598932031944443,3.01072425,2.9835415593055554,1.0363718472222223
2024-11-15,1285308.841,3973853609.1617503,3.505800215173611,2.9362876180555557,3.154372210763889,1.0604426249999999
2024-11-16,1276104.285,3999335184.1124377,3.6658555126041668,2.9219360937500003,3.290142539513889,1.079156420138889
2024-11-17,1275642.27,3926369368.3352175,3.890510637430556,2.884528711805556,3.3970728062499997,1.0997552222222222
2024-11-18,1361485.533,4371022073.98584,3.983247108263889,2.889886159722222,3.4980182092013887,1.0808272534722223
2024-11-19,1304362.509,4055311620.0278487,4.325692335729167,2.9293245520833335,3.6736809180555556,1.0306621666666667
2024-11-20,1365780.227,4194297419.3147297,4.487792880243055,2.9497073402777776,3.9720135854166667,1.043354232638889
2024-11-21,1395587.058,4687330339.96344,3.842149005173611,3.0821212708333334,3.4022049064583335,1.0684433159722222
2024-11-22,1397397.298,4652791277.982818,4.184142730972223,3.537797850694444,3.3661978063541667,0.9960418541666667
2024-11-23,1410619.737,4790618416.46672,4.240536965590278,3.4621485972222223,3.444836418472222,1.1178010034722223
2024-11-24,1413064.772,4752094436.29284,4.726392684618055,3.3999989409722224,3.810385404618055,1.0820515555555557
2024-11-25,1435410.486,4903585176.40065,4.0431146049305555,3.3534619375,3.2596531880902777,1.0263895347222223
2024-11-26,1404441.599,4672815954.94483,4.475432465173611,3.4756301319444445,3.7254566630208337,0.9872354652777778
2024-11-27,1541812.17,5636171770.047307,3.3419527231944444,3.273047652777778,2.8771931536805555,1.0668333576388889
2024-11-28,1473895.356,5278672692.92538,3.176456839097222,3.427173010416667,2.424802857013889,1.0405848784722223
2024-11-29,1488457.671,5350275982.98621,3.600703698020833,3.358311326388889,2.9137679539930557,1.1140279583333335
2024-11-30,1497773.876,5549859353.650272,3.299486332847222,3.312836819444444,2.676156697534722,1.0610977569444444
2024-12-01,1518311.42,5634818074.3608,3.2099551608680557,3.2084504652777777,2.5197627011458335,1.0587975208333333
2024-12-02,1510838.1,5508923638.887,3.876780093576389,3.5163462430555557,3.108859351354167,1.0320259201388888
2024-12-03,1567186.519,5668195464.7374935,4.356174462708333,3.769489458333333,3.514288865173611,1.0211004618055555
2024-12-04,1612526.71,6193924721.5823,3.912752551527778,3.63198625,3.1047760060416665,1.038510361111111
2024-12-05,1508154.174,5711832303.1902,3.9306277691319442,3.4076144270833333,3.0270141043402776,1.048494701388889
2024-12-06,1601789.448,6409947308.323692,3.7772594919791667,3.2612785208333332,3.074427542777778,1.0633994375
2024-12-07,1574253.18,6296012997.680893,3.968488368784722,3.193756722222222,3.1084714569097223,1.1394162986111112
2024-12-08,1571916.822,6297843913.235297,4.246741183298611,3.19096646875,3.3780472818750003,1.1308030069444444
2024-12-09,1530218.642,5683280725.160192,5.1860450367708335,3.3000167222222223,4.080484132361111,1.0122652708333333
2024-12-10,1521389.42,5520224585.4222,5.505523829861111,3.286749604166667,4.546988378541666,1.0339409479166666
2024-12-11,1531170.686,5865093807.785632,4.524354254652778,3.223481763888889,3.9302657447222225,1.1236939097222223
2024-12-12,1523577.012,5912360934.567757,3.690742571840278,3.123769576388889,3.040800911180556,1.1605378229166667
2024-12-13,1560766.738,6095714964.26542,3.702443556076389,3.189748274305556,2.9772162027430555,1.129968642361111
2024-12-14,1589625.041,6150088362.1690645,3.8894104510416665,3.314195048611111,3.1038908444791664,1.0777051076388888
2024-12-15,1566616.839,6201092435.30853,4.180267960902778,3.2945359027777776,3.387224695798611,1.1575321388888888
2024-12-16,1644644.615,6553886426.108096,3.8995310737152775,3.4024849652777776,3.0730208408333333,1.1182019618055556
2024-12-17,1617034.91,6292190071.4429,4.063823083958334,3.328338642361111,3.254750507430556,1.10250759375
2024-12-18,1605064.015,5819431948.716116,4.939278105104167,3.3501347638888888,4.0552910402430555,1.0567594895833334
2024-12-19,1615586.11,5519973062.037,5.236920218541666,3.3069435659722224,4.614000812916667,1.0430390243055556
2024-12-20,1504991.69,5223744065.541022,5.182544584027777,3.263127576388889,4.482422540833333,1.0719313020833332
2024-12-21,1485069.534,4956464121.81102,4.752386882604167,3.7352320451388885,3.851204900833333,1.11878625
2024-12-22,1508766.967,4949872139.31558,4.8693609346875,3.8240401458333335,4.109246282881944,1.0650426041666667
2024-12-23,1461273.847,4998965711.814919,5.0095228468402775,3.7474986493055553,4.235759597743056,1.115194298611111
2024-12-24,1456588.319,5086362712.29843,4.678379695868056,4.308475090277778,3.839845705173611,1.1404985243055554
2024-12-25,1453832.311,5081710921.546289,4.4474554735069445,4.017368743055555,3.5645055224652773,1.14671259375
2024-12-26,1469095.35,4897276694.1575,5.109534333263889,4.0650785902777775,4.072824767048611,1.1365969930555557
2024-12-27,1507976.338,5024712876.08642,5.103458426076389,3.7859681493055555,4.403275461388889,1.1554142743055555
2024-12-28,1525994.367,5193019870.67568,4.953191995,3.6881742743055557,4.339143222916666,1.2430398055555556
2024-12-29,1540337.897,5168557603.246591,4.878572325069444,3.9064056597222225,4.008936390520834,1.1269147986111112
2024-12-30,1582686.347,5318193680.846393,4.698727240069444,3.9340247361111107,3.930868229861111,1.0809442777777778
2024-12-31,1580580.547,5273847901.88914,4.9591865387847225,4.012901059027778,4.144484875763889,1.204647878472222
2025-01-01,1613202.73,5419312591.0255,5.455584701770833,3.9060076875,4.717445206631945,1.1873863229166668
2025-01-02,1605661.574,5547650559.183525,4.3004307476041665,3.8937787256944443,3.597603395034722,1.1115126770833335
2025-01-03,1647330.604,5943387612.86556,4.239148235590278,3.8317977569444444,3.4135981193055556,1.1871603333333334
2025-01-04,1631131.553,5963400646.452471,3.703896630486111,3.9426497222222228,2.8666977732638887,1.1702416631944446
2025-01-05,1631566.394,5930678579.53424,3.5868230098611114,4.171674593750001,2.795852687326389,1.0726446006944446
2025-01-06,1604875.194,5915847754.391767,3.4775044025,4.225500840277778,2.7804100075,1.1828034583333333
2025-01-07,1635463.627,5527319786.045408,4.347472408888889,4.385755916666667,3.4130601280902777,1.05409709375
2025-01-08,1635693.498,5439678034.299439,5.639446890277778,4.257343743055555,4.7338861762499995,1.0355541354166666
2025-01-09,1637335.508,5269338625.26592,5.878861034583334,4.335158322916667,4.840777745555555,1.13829590625
2025-01-10,1616051.757,5277452711.175859,5.7288113034374994,4.2692068402777785,4.869026605520833,1.1049784583333333
2025-01-11,1641474.237,5387072224.698449,5.7421700328472225,4.19514415625,4.799131124236111,1.2038963333333335
2025-01-12,1624157.014,5304009560.6198,5.811661958125,4.34121759375,4.782952618993055,1.2287105520833332
2025-01-13,1573131.735,4933561359.4029,6.205192673263889,4.357726715277778,5.0908840833680555,1.072844125
2025-01-14,1516973.81,4890951109.5115,5.620947932673611,4.296940850694444,4.540921515243055,1.1216209930555554
2025-01-15,1530426.993,5279682344.72133,5.095420869513889,4.353062729166667,3.9823881784375,1.1631380625
2025-01-16,1513646.351,5005537663.97594,5.6493684640625,4.97433765625,4.051465867916667,1.085066423611111
2025-01-17,1564871.192,5432528586.5876,5.022246488333334,4.725635815972222,3.9470166890277776,1.1376524895833333
2025-01-18,1604654.979,5306229054.39714,6.6467214490625,4.926311871527777,4.8840513853819445,1.1148733784722222
2025-01-19,1605270.11,5159306028.1378,7.282179353958333,5.18440790625,5.437647740069444,1.0361041354166667
2025-01-20,1557099.419,5111169519.267599,7.064080075451389,5.492685527777778,5.397293529444444,1.0249513888888888
2025-01-21,1556495.192,5178333812.548015,7.046049996631945,5.658623072916666,5.361976309722222,1.074005642361111
2025-01-22,1577336.393,5113708812.74207,6.837688541875,5.773132326388889,5.124656892013889,1.072403107638889
2025-01-23,1627152.99,5430267196.691153,7.2872373124911025,5.258641270833333,5.623160283680556,1.0870525625
2025-01-24,1588399.67,5255567764.316866,4.720850616180556,4.994560114583333,3.559794311111111,1.0954473402777778
2025-01-25,1573467.2,5220606822.88,6.036927542326389,5.041280291666666,4.575630853888889,1.141448263888889
2025-01-26,1530638.231,4946816199.319808,5.715725489444444,4.932928361111111,4.483084862638889,1.2037253958333334
2025-01-27,1534116.629,4879694431.242767,7.328002119409722,4.1888243506944445,5.929645228090277,1.048281704861111
2025-01-28,1565699.986,4816014871.9367,6.7982251831597225,4.265504663194445,5.353209726215278,1.09129075
2025-01-29,1532046.166,4768570293.9833,6.328228848576389,4.411917833333333,5.342970659166666,1.0860556666666668
2025-01-30,1519186.68,4931082469.0116,5.271698687118056,4.290120406250001,4.290957671909722,1.1447157916666668
2025-01-31,1556903.226,5137017763.21926,4.574228906770833,4.297876423611111,3.485537992326389,1.1382308229166667
2025-02-01,1560269.639,4862420526.144104,6.199593804305556,4.52693503125,4.596726880034722,1.1430210590277778
2025-02-02,1585139.514,4546850879.18961,6.952791112222222,4.416286899305556,5.6996034756250005,1.0081382986111111
2025-02-03,1402428.636,4037363647.527287,5.6040505559375005,3.705281635416666,4.233434358531468,0.9982273576388889
2025-02-04,1371412.037,3743735435.08408,4.8759707997222215,3.6284135972222225,3.6107971373263887,1.0340492326388888
2025-02-05,1322002.871,3684659961.99378,4.361354577291667,3.407225958333333,3.360726056736111,1.0719391006944443
2025-02-06,1297399.004,3484128625.986399,4.084574352048611,3.2156402013888887,3.183103585625,1.054698298611111
2025-02-07,1281073.33,3357270443.7311,4.701013730833334,3.0813975381944445,3.7887313902430555,1.06737621875
2025-02-08,1256859.783,3306785520.47517,4.745126094479167,3.253382274305556,3.8700310664930555,1.0609941145833333
2025-02-09,1257978.157,3303205294.6005783,4.4469871591666665,3.3535186145833333,3.628004083680556,1.110815652777778
2025-02-10,1280075.125,3405066701.192387,4.350690369027777,3.329441763888889,3.4918689566666665,1.1127276770833334
2025-02-11,1273253.516,3312410776.5041647,3.965751749861111,3.205950857638889,3.2819886366666666,1.1169096944444443
2025-02-12,1262330.162,3454694694.15512,4.805525573715277,3.135635736111111,3.9507500714583332,1.1171095868055554
2025-02-13,1251982.718,3348440299.11818,4.856835543854166,3.3944680625,3.658143844479167,1.038098065972222
2025-02-14,1258569.307,3428632263.20861,3.9821873161111108,3.3432217499999997,3.1542540239236114,1.1018429479166665
2025-02-15,1251766.939,3369634324.0139103,3.9040114606944445,3.577618545138889,3.0251659848958337,1.1508955972222221
2025-02-16,1257259.488,3344763959.078426,4.263810840173611,3.4821258055555555,3.371480289375,1.14814640625
2025-02-17,1300198.41,3566455104.5701404,3.7623966155208333,3.1186591215277777,3.009101474965278,1.1037221770833332
2025-02-18,1323561.31,3534516170.318218,4.6406921882638885,3.1422822569444446,3.6365565938194444,1.0537564513888888
2025-02-19,1300049.702,3528637452.0031543,4.222528187986111,3.0736867638888885,3.268423474826389,1.0616771805555556
2025-02-20,1318445.447,3608413790.5308895,3.5754380089930557,3.088068496527778,2.7310919223263888,1.11636940625
2025-02-21,1378586.275,3668331204.961511,4.066783765763889,3.116191638888889,2.985399098298611,1.0524491388888888
2025-02-22,1407466.625,3887650012.399312,3.977878399166667,3.124875385416667,3.2023210488541665,1.1075208333333333
2025-02-23,1483171.819,4180393930.4424496,2.577562068611111,2.918820513888889,1.990404605,1.2099071319444445
2025-02-24,1418834.602,3565656212.270976,4.743480354722222,3.1724266006944446,3.5849466077430554,1.0062519270833332
2025-02-25,1380996.455,3444307538.831712,5.331064766701389,2.87344909375,4.245310564131945,1.0494474479166667
2025-02-26,1387321.507,3240351858.621784,5.358138466250001,3.082574253472222,4.163098629965278,1.087611125
2025-02-27,1429651.506,3297632302.9194965,5.759846370555556,3.131167211805556,4.546114727673611,1.0879843263888889
2025-02-28,1361485.703,3044385926.2284827,5.7889707964930555,3.030675690972222,4.481069729895833,1.0412648298611111
2025-03-01,1380645.587,3060004311.1711926,5.320999546319444,2.9211197881944444,4.145425705520833,1.12394190625
2025-03-02,1378897.617,3471240800.739337,4.6573228752430555,3.041727920138889,3.7389682928819443,1.0907544097222222
2025-03-03,1367534.113,2937312845.97157,5.9024001878125,3.519467854166667,4.056927236701388,1.0818395694444445
2025-03-04,1315902.908,2856180420.84308,6.213533862638889,2.6488997083333334,4.910031413645833,1.0765438923611113
2025-03-05,1355656.83,3037281344.7735,4.815243576493056,2.90423728125,3.810367996111111,1.0717662881944445
2025-03-06,1368077.536,3011590122.32288,4.318706491388889,2.9109316076388887,3.361957382326389,1.0650916909722221
2025-03-07,1373092.191,2939405915.11752,5.96938151125,3.002296090277778,4.467989645902778,1.1134930555555556
2025-03-08,1416849.199,3121092089.52516,5.670648298229167,2.883475625,4.4166281376736105,1.082668013888889
2025-03-09,1412661.493,2852191807.59686,5.3299320521527775,2.746968684027778,4.109313919756945,1.070782545138889
2025-03-10,1410232.594,2629096624.9942,5.831752196388889,2.5872173194444446,4.833551545451389,1.02581146875
2025-03-11,1373388.87,2640491175.3507,5.2427002748263885,2.715413555555555,4.2357642916666665,1.0478133923611113
2025-03-12,1413931.502,2696904668.28476,5.356316551319444,2.7917283333333334,4.250885158229167,1.0876278055555555
2025-03-13,1435415.872,2675600135.933832,5.298469846597222,2.7530254479166665,4.164507453020834,1.1053929479166666
2025-03-14,1453436.593,2777386519.92963,4.563237479340278,2.7767262708333336,3.6076580960069444,1.0696926840277776
2025-03-15,1461386.695,2829639215.92765,4.09621636625,2.7100992847222223,3.1601534920138885,1.1609263680555555
2025-03-16,1417324.576,2673367560.745309,4.475261067152777,2.7489365520833333,3.482863371111111,1.1780540277777778
2025-03-17,1491677.734,2872043340.265742,4.396105193611111,2.68386653125,3.4459086009722224,1.1289129861111111
2025-03-18,1505405.431,2906461378.645466,4.538970249965278,2.7119405347222223,3.589269169236111,1.1281711666666667
2025-03-19,1608636.186,3306228140.184992,3.125729626875,2.5334935277777775,2.457147859618056,1.0997589340277778
2025-03-20,1503570.397,2981554703.6159577,3.649958149930556,2.4933918506944446,2.746074767048611,1.1286249375000001
2025-03-21,1530993.543,3008224218.558713,4.322504554409722,2.766028875,3.4830165258333334,1.0873076180555554
2025-03-22,1531608.264,3032353952.9180765,3.597738090173611,2.7559957604166665,3.014343770625,1.1551512083333333
2025-03-23,1526324.303,3060280227.515,3.0877842021875,2.7378561631944445,2.5946027153472224,1.1858176215277778
2025-03-24,1622993.119,3376474884.7676,2.878815732534722,2.698869729166667,2.3187914209722225,1.1097815416666665
2025-03-25,1555388.64,3212285709.797686,3.1777454715277775,2.7862777291666667,2.446064777048611,1.1082881041666668
2025-03-26,1599516.205,3212932205.82145,3.667107737465278,2.73141228125,2.911177656388889,1.1285503854166667
2025-03-27,1535252.464,3074818987.42384,3.8226021720833336,2.7094608819444446,3.193178052638889,1.1735698958333334
2025-03-28,1568260.011,2973452346.05622,4.809192651805556,2.407708034722222,3.902207859756944,1.0632918576388888
2025-03-29,1557012.043,2844738853.16315,4.851989186493055,2.2915052673611114,4.0359080439930555,1.0992836631944445
2025-03-30,1550820.454,2801758756.81002,4.874375428194444,2.2176945,4.223897668090277,1.164760263888889
2025-03-31,1563447.61,2847710380.2823,4.600291594513888,2.171745861111111,3.9857387351736113,1.21096003125
2025-04-01,1551506.076,2954393384.97996,3.7458233079861114,2.1672711145833334,3.2372535730208334,1.1232434340277777
2025-04-02,1551433.977,2783710280.757372,3.8625922621527775,2.2938367604166667,3.115985104861111,1.091166642361111
2025-04-03,1637741.543,2974384303.31945,4.384709771215277,2.3000077534722223,3.8318639311111107,1.0928381458333334
2025-04-04,1600269.297,2906395025.0032964,4.399597735277777,2.29927375,3.7394502871180557,1.082930076388889
2025-04-05,1548770.756,2795546702.28756,4.414971619305556,2.285256048611111,3.673843800451389,1.1927517673611112
2025-04-06,1515996.914,2395275124.12,4.9651593025347225,2.3589228402777778,4.043379362256944,1.1222299340277777
2025-04-07,1472199.659,2285413306.63842,4.686743279479167,2.0560789618055555,3.7288731846527776,1.044346954861111
2025-04-08,1524602.625,2245236547.75875,3.7616364175,1.9671857256944445,3.0096976711111108,1.0427969548611111
2025-04-09,1508278.329,2516848964.81901,3.937243685590278,1.8331589756944444,3.1118268192013887,1.06836384375
2025-04-10,1452238.13,2210002547.265912,3.711735147326389,2.0323985763888888,2.5696575999652778,1.0882356041666668
2025-04-11,1509949.758,2364792713.99412,3.7316968884722224,1.867304125,2.8990309196180557,1.1345191319444445
2025-04-12,1531600.391,2517323086.64369,3.0312564597916665,1.8967493159722224,2.3386532801041664,1.1273158055555554
2025-04-13,1511161.588,2413204163.10896,3.282766083715278,2.043189114583333,2.38669136625,1.177944767361111
2025-04-14,1500793.262,2436072614.94578,3.083151798368055,2.0748485694444443,2.372430334583333,1.0994683055555554
2025-04-15,1503111.816,2387030084.5129166,3.204614020496454,1.929727219081272,2.5708855015957446,1.1057385555555554
2025-04-16,1494905.845,2357079123.388896,3.7196946274999996,1.9048521180555555,2.9688762227083334,1.1353089861111112
2025-04-17,1452662.667,2299399198.4741592,3.4186287927777776,1.9400116284722222,2.6923892400347222,1.1031509618055555
2025-04-18,1468772.9,2332297832.756138,3.4216365618402778,1.9213664409722222,2.7717325031597224,1.1642823819444446
2025-04-19,1507425.425,2430949611.62625,3.069360368090278,1.9700861527777778,2.4708831793055555,1.2190275277777778
2025-04-20,1510327.781,2396334699.4797297,3.3947900626041667,1.9821311597222224,2.704006653159722,1.1844296180555556
2025-04-21,1586524.659,2504609875.7706866,3.4051973865625,2.0756384895833335,2.5942901836458336,1.1181506909722223
2025-04-22,1762908.072,3094908523.96104,3.134063023888889,1.9891742500000003,2.5482558469791665,1.1357966666666668
2025-04-23,1770400.543,3176912958.39178,2.2568119183680557,2.0027730069444445,1.7048164108680557,1.0361487777777778
2025-04-24,1738353.079,3074800517.5800605,2.622759933715278,2.035087888888889,1.888080647986111,1.0944275868055557
2025-04-25,1708230.27,3047031952.0008755,2.5661901414236112,1.8753044513888888,1.9241784953124998,1.0736518750000001
2025-04-26,1706212.829,3105307348.78,2.3329283857638887,1.7350166076388889,1.8031986273263891,1.0614086840277777
2025-04-27,1671351.593,2992188677.276128,2.4532911545833334,1.699027329861111,1.8953497914930557,1.1045151041666665
2025-04-28,1654730.891,2977125629.85156,2.693660453958333,1.7809742430555555,2.163240205277778,1.1153525694444444
2025-04-29,1602346.991,2879874298.6627827,2.362307261388889,1.8742164270833332,1.8156640215277777,1.1224547534722222
2025-04-30,1637191.135,2935185330.1467967,2.903175824027778,1.8544070798611112,2.3313887210069444,1.08078734375
2025-05-01,1721689.218,3163380307.483702,2.2310310810069445,1.8363391979166666,1.7419325471180556,1.113826107638889
2025-05-02,1689398.605,3110500859.9267063,2.2439440317708335,1.7645046944444445,1.724464924861111,1.1388856944444443
2025-05-03,1604410.427,2940716023.722829,2.4113690316319443,1.8581367083333333,1.8700653747569445,1.1596462777777778
2025-05-04,1581322.457,2858748975.2301283,2.436715809548611,1.8253074895833332,1.917690551736111,1.1166578055555556
2025-05-05,1582051.391,2878447582.84104,2.775440557326389,1.8051691006944444,2.2302848889236113,1.1090187916666665
2025-05-06,1527935.661,2775082585.57803,3.0848917247569445,1.802294013888889,2.4647403501736114,1.1005912534722222
2025-05-07,1609851.424,2914539412.06656,2.523907672013889,1.9572040347222222,1.8773026058680555,1.0831962361111112
2025-05-08,1771711.027,3910843922.9310665,1.9591479769791666,1.8449812291666667,1.6027054434374999,1.122942642361111
2025-05-09,1733375.925,4063310508.348,2.4829045974305557,2.5869892500000002,1.8782618222222223,1.0753129756944444
2025-05-10,1815091.531,4688506152.308491,2.3198674620833333,2.730984625,1.7755733456597222,1.0509854861111112
2025-05-11,1706704.704,4289943546.3101473,2.531196752013889,2.887080913194444,1.832561050659722,1.0349439618055554
2025-05-12,1728083.434,4310411463.795383,2.562962103472222,2.8977980659722222,1.9467541630902778,1.0299874722222222
2025-05-13,1818035.094,4870232290.5968,2.385559754236111,2.907417079861111,1.8105967741666664,1.0437886631944444
2025-05-14,1717471.175,4479954861.1405,2.464112999652778,2.9153676180555554,1.810432182673611,1.069175517361111
2025-05-15,1733464.65,4416469231.3305,2.6469963992708334,3.0189395659722225,2.0744112482986115,1.055553142361111
2025-05-16,1764833.06,4475975523.745449,2.311884401076389,2.988830638888889,1.8730102582291666,1.0379892256944445
2025-05-17,1679976.316,4156412603.65244,2.8688764880555557,2.661537614583333,2.3779976731944448,1.0801192152777779
2025-05-18,1538264.822,3840031975.939908,2.740875507083333,2.466289736111111,2.377702844097222,1.0581597118055557
2025-05-19,1648831.647,4165735590.896528,3.061812253472222,2.6233876041666666,2.445592586909722,1.08993278125
2025-05-20,1571411.38,3964655197.6262,2.3860818439583333,2.6439018368055556,1.8552340333333335,1.0688254340277779
2025-05-21,1577528.473,4022699657.5522513,2.585513856979167,2.550042420138889,2.0592694185069447,1.0606867847222223
2025-05-22,1684584.213,4487277505.6944895,2.244939363854167,2.662879232638889,1.742251598298611,1.0550230243055556
2025-05-23,1615463.677,4079821206.98996,2.8201436256597225,2.6791748819444443,2.1245695003125,1.046732861111111
2025-05-24,1620116.491,4096049194.842659,3.0919922222569443,2.572061565972222,2.568080473298611,1.0760846805555557
2025-05-25,1589096.756,4052075611.533093,3.1885881152083333,2.6265459375,2.595002653472222,1.1101334965277778
2025-05-26,1580507.218,4050368566.894489,2.769782906111111,2.639373319444444,2.2369626210763887,1.1178316631944445
2025-05-27,1945798.481,5175588389.635138,2.10595506,2.66481928125,1.643708008298611,1.1074315729166666
2025-05-28,1970546.048,5282177286.533942,2.126690202847222,2.802511847222222,1.6128255996180556,1.11695353125
2025-05-29,1937255.566,5096089542.944059,2.1283076040625,2.8599113680555557,1.6947226227430556,1.063199888888889
2025-05-30,1800962.368,4556345933.087581,2.70062883875,3.1980089270833334,2.188614095451389,1.021970513888889
2025-05-31,1843027.364,4657477591.01712,2.5458517153819447,3.2122819444444444,2.201697345625,1.1515021423611111
2025-06-01,1813667.702,4603260237.20415,2.6295702262500003,3.2206679444444446,2.2888648046527775,1.10471040625
2025-06-02,1900041.48,4952097109.7388,2.6565598199305556,3.047761201388889,2.2590634902083333,1.0896021666666666
2025-06-03,1873694.469,4856915854.76304,2.2609331088194446,2.7939496944444446,1.7089266495833333,1.1377662430555555
2025-06-04,1914905.893,4991451147.87059,1.9726473999652778,2.6754237326388886,1.5621032552777778,1.0946555381944443
2025-06-05,1797509.808,4337280194.865564,2.5473189705902777,2.7606544444444445,2.1044816835416666,1.0413356944444443
2025-06-06,1838187.453,4550194075.53261,2.484380157222222,2.7883231805555555,2.251679541111111,1.0930762743055555
2025-06-07,1883727.872,4753905883.240027,2.4324707137847223,3.003914822916667,2.1001507890972224,1.15590771875
2025-06-08,1850215.206,4641249913.4398365,2.3692522134375,3.1123334756944443,1.8793364171180553,1.1789413333333334
2025-06-09,1940544.891,5199188622.697422,2.420157729652778,3.0263525798611113,1.9042515240624998,1.132245329861111
2025-06-10,2240716.482,6309083215.623479,1.8050828104513892,2.9494542777777775,1.2292658022569443,1.1047128784722222
2025-06-11,2180273.146,6040730250.950854,1.7416816704513889,2.9557135659722222,1.192036481736111,1.0832348645833332
2025-06-12,2084586.689,5506665043.529289,2.037879655590278,2.989408795138889,1.5220178444791665,1.0917869027777778
2025-06-13,1853200.246,4777235190.14618,2.713086211076389,2.9475033125,2.3451546719097225,1.0794226770833335
2025-06-14,1847992.631,4674793038.93546,2.4883033593055557,3.107640229166667,2.163764251388889,1.09712503125
2025-06-15,1905785.762,4852765944.932985,2.3897726942013886,3.172102274305556,2.1421367456250002,1.1517451944444443
2025-06-16,1931839.007,4913304101.67331,1.9626993208680557,3.101472798611111,1.6937373240277778,1.0938961597222223
2025-06-17,1925424.646,4830851928.32108,2.5048790156597223,3.4882491597222223,2.171465515104167,1.0829107430555556
2025-06-18,1908279.28,4816127147.71415,2.7189325971527776,3.3301571041666667,2.391371389791667,1.0458086076388888
2025-06-19,1991256.503,5018304901.16551,2.6516568964236114,3.3151849791666668,2.253995390486111,1.1364529340277778
2025-06-20,2025586.23,4872102047.2944,2.6225748453819446,3.2020917638888893,2.291524516736111,1.0726254548611112
2025-06-21,1921814.593,4410391527.621631,3.059130504513889,2.9446240729166666,2.8999594783333333,1.0747307256944445
2025-06-22,1876064.389,4177378743.5699353,3.1717797031944444,3.150301916666667,2.668421531006944,1.0461450625
2025-06-23,1856795.688,4475601758.39832,2.6103728022222223,2.9165947465277777,2.1620732947569445,1.0047674479166666
2025-06-24,1913080.775,4682418243.2745,1.884462656527778,2.9824355972222225,1.5125788907291666,1.0752747118055557
2025-06-25,1859810.343,4495663747.823609,2.0929078334374998,2.8797056875,1.661644179861111,1.0796633402777778
2025-06-26,1825052.254,4407373439.75222,1.9793358698958332,3.1563116041666666,1.6180591873611112,1.06187025
2025-06-27,1872454.144,4535065212.22656,2.101278878611111,3.1093469131944445,1.7461173856944443,1.0819877847222221
2025-06-28,1866414.817,4544346796.4316,2.311174883402778,3.1697252395833333,1.912066729027778,1.1370551041666668
2025-06-29,1833637.558,4582957629.613579,2.2208779603125,3.217834173611111,1.7731647752083335,1.1875707881944444
2025-06-30,1893539.207,4704553945.804527,2.062571054375,3.255887180555556,1.5814617796875001,1.0569003402777777
2025-07-01,1943153.061,4670835522.13314,2.283549435347222,3.258271013888889,1.8757723804166666,1.1290874270833333
2025-07-02,2062006.45,5298462792.607844,2.032834968263889,2.9772894305555555,1.7717607557291666,1.0590841909722224
2025-07-03,2034472.483,5269649936.01694,1.5794084072569445,2.864827138888889,1.1870331611458333,1.1526041979166668
2025-07-04,1958902.267,4910713326.074289,2.128896461527778,3.075329690972222,1.6103074922222222,1.1251218645833334
2025-07-05,1962736.574,4936773167.7535,2.221968423576389,3.1865469340277777,1.8695981609375,1.1159931041666669
2025-07-06,2022520.957,5196879796.855617,2.0348691104166665,3.15748434375,1.6842616684722223,1.0977477152777777
2025-07-07,2019839.414,5132849528.035324,2.0090083609027776,3.249519652777778,1.621800614201389,1.097867392361111
2025-07-08,2148503.738,5616145801.05724,1.7961299046180557,3.0767986527777778,1.479619154236111,1.1006579062500002
2025-07-09,2238581.682,6195935932.717623,1.3827912805555556,2.789489548611111,1.0707133994097222,1.1043379826388888
2025-07-10,2142925.318,6325081225.350251,1.2543266478472224,2.687218170138889,0.9432105969444444,1.05769278125
2025-07-11,2011586.514,5948325942.163524,1.5458084220833335,3.3157377569444444,1.1618734438194445,1.016291826388889
2025-07-12,1968280.544,5790445166.78272,1.6870263576388889,3.2687709652777777,1.2469880782291667,1.0771075520833333
2025-07-13,1977373.473,5873666262.42862,1.6259484846180556,3.135080552083333,1.2359478173611111,1.0916038993055555
2025-07-14,2049852.15,6175281323.799587,1.6297013242708334,2.666387861111111,1.2844427624305554,1.083192045138889
2025-07-15,2113325.838,6632692703.105425,1.6541497467708333,2.4526210520833334,1.2815352641319444,1.0465661979166667
2025-07-16,2102117.165,7086955732.485521,1.4254869859722221,2.2512061006944446,1.077021020034722,1.0522464826388889
2025-07-17,1993173.1,6929565258.115,1.4634948869791666,2.816926423611111,1.1245058746527778,1.0343841840277779
2025-07-18,1977776.05,7013905872.678,1.5538295094444445,3.03968834375,1.2598150937847223,1.0310113715277778
2025-07-19,1992336.037,7155096333.03847,1.6534186416319445,3.0815301701388886,1.3210701904513888,1.062886888888889
2025-07-20,2151302.393,8080282724.283784,1.479205381736111,2.7727764826388888,1.216915284548611,1.02980615625
2025-07-21,2232304.067,8395583980.783649,1.5527994475272728,2.5118705818181817,1.2688191371272728,1.0510685729166667
2025-07-22,2082998.707,7802933986.40907,1.8465919549224807,2.8280214722222223,1.5086581627777778,1.0487744409722222
2025-07-23,2075430.848,7528438612.34368,2.060283543958333,3.0657152465277777,1.6420527145138888,1.0581721354166667
2025-07-24,2057588.132,7624228216.07544,1.8543467735069445,3.2821318437499998,1.5085576284027777,1.0809217569444445
2025-07-25,2020517.915,7524752203.50555,1.8284237565625001,3.4543403194444444,1.480704019861111,1.0751450833333331
2025-07-26,2009288.696,7513976193.33552,1.6122013843055556,3.320888423611111,1.2375809556944446,1.1267483437499999
2025-07-27,2086586.107,8078155515.66729,1.4530044745138888,3.099745614583333,1.1442425219791668,1.1091824895833333
2025-07-28,2073607.832,7871394594.19368,1.6232155432291666,2.9553993993055556,1.288785565173611,1.0699066805555555
2025-07-29,2090720.793,7927411095.1525345,1.6192992934375,3.1323530069444443,1.3926660792361112,1.0913267222222223
2025-07-30,2046207.214,7792325388.21052,1.5948464411111112,3.115962888888889,1.3624448593055556,1.0173770208333335
2025-07-31,2062527.959,7624278977.40063,1.5450982815277776,3.157808638888889,1.26182888625,1.044560201388889
2025-08-01,2018230.906,7036400595.29652,2.1145761702777777,3.0498953333333336,1.9214644827430556,1.038034847222222
2025-08-02,1994476.18,6766100882.5556,2.123907985138889,3.174330045138889,1.9672090310763888,1.0439687361111112
2025-08-03,1987636.015,6945522449.342544,2.022906347777778,3.077228152777778,1.9304568270833333,1.1357499618055555
2025-08-04,1982470.104,7373638954.21968,1.8086752169097222,2.938444642361111,1.7284114210763888,1.05541453125
2025-08-05,1907680.77,6887138148.828562,2.075174310625,3.2740791493055554,1.6853240847916666,1.0734414444444444
2025-08-06,1932313.662,7113471109.095267,1.9059160959027777,3.3212393159722224,1.6405431501041667,1.0908178333333334
2025-08-07,2042381.672,7983062344.951841,1.376547260173611,3.1025799166666665,1.1448812316666668,1.0755234305555554
2025-08-08,2189050.179,8775989729.61816,1.2267316482638888,3.0850211666666665,0.9618024469097222,1.0564787222222223
2025-08-09,2203858.339,9386787531.810053,1.0823954322916667,3.0328239097222225,0.8813697160416667,1.0690565729166666
2025-08-10,2151079.509,9139463596.249022,1.2845455346180554,3.237760673611111,0.9850259161805555,1.0680216805555556
2025-08-11,2127169.45,8979462942.674,1.2071706120486112,3.2146268854166666,0.9395594518055554,1.0025249583333333
2025-08-12,2294258.909,10529088296.25188,1.0324924479166666,3.1920598020833335,0.8519172175,1.0216781875
2025-08-13,2283570.202,10843236240.07074,1.1407376226388888,3.2202071493055557,0.910180780763889,1.0397213576388888
2025-08-14,2193884.162,9972639940.686333,1.3325379182986112,3.4700804131944443,1.0160320561805554,1.0231383125
2025-08-15,2116117.601,9389987608.379704,1.4484432004861112,3.542121142361111,1.2218334319097222,1.03030859375
2025-08-16,2206783.286,9753805581.45712,1.6606152027083332,3.3663249375,1.4684304625694444,1.068398763888889
2025-08-17,2184406.288,9765779220.822048,1.5989833803819444,2.966129420138889,1.4516098762847223,1.0245306805555556
2025-08-18,2139134.104,9224523822.65608,2.017014344375,3.4144163055555556,1.742673302013889,1.0564299444444445
2025-08-19,2252151.487,9175130028.94878,2.1266094003819442,3.7091944479166665,1.8569932841666668,1.0202062083333334
2025-08-20,2194561.91,9512328598.895,2.015145188229167,3.7771070312499995,1.8719616728819446,1.0298734131944445
2025-08-21,2146309.049,9065365530.2613,2.009329531458333,3.9355368125,1.6750241001736113,1.0245696354166667
2025-08-22,2324912.654,11228956132.79536,1.674672573715278,3.6090809930555556,1.499597162013889,1.0305435694444443
2025-08-23,2331756.655,11139792316.929195,1.4478386085069443,4.115193791666666,1.072817899826389,1.0598818749999999
2025-08-24,2269929.89,10845702315.1211,1.3536554901388889,3.8623435729166666,1.0345401736458333,1.0271030243055557
2025-08-25,2121753.594,9281314018.562658,1.7341576854166667,3.8029471631944443,1.3988100770138887,1.0546172951388888
2025-08-26,2052826.38,9440411619.989113,1.8207282670486111,3.494718878472222,1.7238873030555555,1.0633399895833333
2025-08-27,2013299.62,9069835145.711773,1.632539480625,3.3829282812500003,1.437486718888889,1.0531884131944445
2025-08-28,2007307.418,9051836751.100302,1.8055472290972223,3.458469451388889,1.6450519771875,1.0908122395833333
2025-08-29,2011106.498,8765689226.44272,2.248376170982456,3.342341635087719,2.025083405649123,1.024361242105263
2025-08-30,2001588.648,8750945569.056,2.1334973206944445,3.325491996527778,1.9557305401041667,1.0998449513888888
2025-08-31,1990914.328,8740819152.094072,1.8516917370486112,3.2293796388888887,1.6834576287847223,1.1224888472222223
2025-09-01,2014540.047,8688711222.711,2.056137996736111,3.1677985,1.9158352663541665,1.096899236111111
2025-09-02,1994880.121,8627038622.47539,2.1198173949652777,3.277486930555556,1.9936742005555554,1.0233825729166666
2025-09-03,1986576.08,8837558393.772827,1.9913573547916665,3.1756203854166665,1.8209507091666666,1.0340294375
2025-09-04,1980151.857,8506978852.856677,2.2852112433680554,3.077843888888889,2.0147706172569446,1.0666073993055556
2025-09-05,1944101.514,8370737329.844941,2.407961452361111,3.0230583993055555,2.308212648402778,1.097098388888889
2025-09-06,1977540.213,8446707062.59116,2.5343002010416664,3.0925469201388887,2.452577237951389,1.2106477569444445
2025-09-07,1975732.015,8504103797.5242,2.52836051125,3.0660724618055557,2.493547817777778,1.1191362743055555
2025-09-08,1977504.308,8511152159.569053,2.5485332563541667,3.2784913159722224,2.4123403905208334,1.08190703125
2025-09-09,2035252.366,8768953417.967155,2.6516036730208334,3.423863315972222,2.4444406414930553,1.0623202256944444
2025-09-10,1947782.999,8467519120.232739,2.5376448453819447,3.5219926284722223,2.295923182048611,1.1040039722222224
2025-09-11,2022530.371,9014255081.201357,2.0293142718055552,3.4750204375,1.7392951540972221,1.1080119756944444
2025-09-12,2079853.847,9798052872.734167,1.6907560938194444,3.3704301631944444,1.4251724649305555,1.1027627465277776
2025-09-13,1975452.415,9214431275.217943,1.6859490877430554,3.3775424131944445,1.3329042411111112,1.1253604722222221
2025-09-14,1988293.564,9150641063.299105,1.8402861921527776,3.511020079861111,1.4673533025347223,1.074350138888889
2025-09-15,1985955.33,8979556603.2549,2.158219067916667,3.7727174618055557,1.820340854861111,1.0675683680555557
2025-09-16,1943314.448,8744064416.713913,2.4936850851736114,3.7875671319444444,2.2064179058680558,1.0950939791666667
2025-09-17,1942010.817,8911272879.88091,2.6300468139236113,3.7782784409722225,2.3238647694444445,1.0235101145833334
2025-09-18,1907710.601,8747444495.871311,2.2223145471527777,3.722684208333333,1.8386341558333332,1.0631061736111111
2025-09-19,2031632.259,9074244852.17832,2.5286805878819445,2.9930427916666664,2.145204351979167,1.0375782152777777
2025-09-20,2011179.436,9006673489.80303,2.5961431254166665,2.753322333333333,2.4170629866666666,1.118138204861111
2025-09-21,2033089.564,9033687852.40812,2.5711699589930554,2.6557337256944447,2.3895235672569446,1.166991763888889
2025-09-22,1911460.807,8022355413.458694,2.744668332673611,2.9436869305555557,2.4092387924652776,1.033131013888889
2025-09-23,1895388.701,7889081620.737249,2.6021292159375,3.0424022430555557,2.3707653921180554,1.0756418402777779
2025-09-24,1943980.682,8068517182.804406,2.6509966575347224,2.5198987777777777,2.486668548611111,1.095841190972222
2025-09-25,1994818.872,7725933491.256,3.059955268993056,2.9888181874999997,2.742960231145833,1.0622651979166666
2025-09-26,1909354.559,7695787204.86863,2.621728321979167,3.0606763506944445,2.4108193422569446,1.0607410208333332
2025-09-27,1914555.195,7690385307.276,2.537292562673611,2.8086441215277778,2.2323394291319447,1.130049486111111
2025-09-28,1915458.029,7931156918.537621,2.488497897986111,2.835060871527778,2.198560296909722,1.1581057916666666
2025-09-29,1843072.51,7765361299.827682,2.3609559598958336,2.848011965277778,2.033076039270833,1.056572888888889
2025-09-30,1827740.009,7572308579.88691,2.2566029955208333,2.8311219409722224,1.9443661244097221,1.0584932083333334
2025-10-01,1891956.852,8222557996.20312,2.0339800981250002,2.5248573020833334,1.8223404505902776,1.080003607638889
2025-10-02,1975259.322,8852519703.4074,1.9328615027777778,2.2309474895833334,1.6641413473263889,1.0713488541666667
2025-10-03,1956585.997,8825631154.24781,1.9068083556597222,2.2806318819444447,1.5817069871180556,1.0404315138888889
2025-10-04,1969175.832,8832496474.282421,1.896133075625,2.247788159722222,1.5507830923958332,1.0985530763888889
2025-10-05,2003553.396,9041035087.738647,1.7987910759722223,2.136012277777778,1.5324533167361112,1.0843699722222224
2025-10-06,2016153.252,9440496471.76236,1.6810778072569446,2.104233607638889,1.4533611075347224,1.04725696875
2025-10-07,1943438.079,8639884364.667929,1.7686008772222221,2.150597552083333,1.4461181164236112,1.0494140208333333
2025-10-08,1911827.899,8648478511.86933,1.9892010219444447,2.1919713715277775,1.7946846302083332,1.0392214930555557
2025-10-09,1918320.094,8375177507.274243,2.346811017013889,2.2125440763888893,1.960665799826389,1.0467148750000002
2025-10-10,1394726.859,5327856601.38,2.6835980491666667,2.252010236111111,2.2223376325347224,1.0415234583333333
2025-10-11,1407313.678,5269742359.81812,2.6682114291319445,2.7215758159722223,2.28039147375,1.074639125
2025-10-12,1442375.703,5985859167.45,2.461682393472222,2.5593467395833334,2.2454259206250002,1.0274237430555555
2025-10-13,1430274.701,6063921347.082689,2.3103763537499997,2.672805284722222,1.9929964454513889,1.011258017361111
2025-10-14,1393179.198,5744384840.368469,2.528909116388889,2.6898824930555554,2.0812062958680553,1.0073371597222223
2025-10-15,1447744.812,5767540259.49372,2.553640479513889,2.4999241284722222,2.1399648321527778,1.0585201909722222
2025-10-16,1458874.957,5678319950.274619,2.914037302013889,2.3232051493055557,2.565134587048611,1.0076326388888888
2025-10-17,1462782.959,5602530227.90602,3.218215520277778,2.587585020833333,2.773851011527778,0.9987715104166666
2025-10-18,1465440.908,5696198118.21416,2.7760436381944444,2.4980602881944445,2.420136758854167,1.0477464791666666
2025-10-19,1532629.122,6101189950.529805,2.6461856166666666,2.3678643819444445,2.3156171984375,1.0762088333333333
2025-10-20,1473883.482,5862430504.99428,2.642777729652778,2.395789090277778,2.2868375299652777,1.0404941284722222
2025-10-21,1468770.141,5685785468.22792,2.906852581145833,2.4819554166666666,2.468259383715278,1.034382954861111
2025-10-22,1504924.432,5724296111.24272,3.3490704308333332,2.4146134479166665,2.972973760173611,1.0560603750000002
2025-10-23,1473162.764,5679674179.395567,3.1228788528819447,2.7226247847222225,2.7713584139583336,1.097888611111111
2025-10-24,1476989.475,5809295003.07,2.785769082986111,2.9243113472222224,2.4402798468055553,1.0111862083333334
2025-10-25,1491931.756,5896505885.533146,2.8085381043055557,2.8770885555555554,2.382224922465278,1.1595332743055555
2025-10-26,1563885.812,6501643023.473296,2.327349194652778,2.774572204861111,2.0051520877777778,1.0788016354166665
2025-10-27,1591569.568,6554847434.41664,1.9169558288194446,2.9567611597222223,1.6118026782291668,1.086322611111111
2025-10-28,1536757.049,6112588565.151495,2.2970814599305553,3.134646420138889,1.9244437029513888,1.0553879166666666
2025-10-29,1545987.158,6030650582.760977,3.0398589182291667,2.9928448333333333,2.6436802251388887,1.0848274861111111
2025-10-30,1592238.143,6053370972.0574,3.7054393852430554,2.605995798611111,3.2268320649652775,1.0444600694444446
2025-10-31,1562286.951,6009196151.19591,3.3760053625,2.7142646770833334,2.986091416215278,1.0578874756944443
2025-11-01,1585234.217,6138232968.67221,3.1441666153125,2.7790107604166665,2.7655372879513886,1.1674517083333333
2025-11-02,1637523.678,6394571522.678944,3.1780965710069444,2.710369100694445,2.7622694026388888,1.1360719548611111
2025-11-03,1715055.683,6178282065.315502,3.990827835104167,2.5636038993055554,3.3843571201388887,1.01088846875
2025-11-04,1670308.788,5487448758.12852,3.7942728459375,2.773520402777778,3.2107048339930557,1.0609756354166668
2025-11-05,1648108.177,5641965215.298229,3.3212856227083334,2.6811723055555556,2.7639561440972225,1.0914131631944446
2025-11-06,1718636.912,5695331016.800655,3.194430007951389,2.7009561493055556,2.5761464694791667,1.0470331666666666
2025-11-07,1720540.51,5909985149.38661,3.2880443597222224,2.7174399548611112,2.6940434257638888,1.0491960451388889
2025-11-08,1698551.732,5775211772.93856,2.8705226396180556,2.847247454861111,2.3441683755208333,1.0577681388888889
2025-11-09,1700869.042,6091500073.892331,2.7647051951736112,2.8004795833333334,2.3477740382638888,1.1103914166666666
2025-11-10,1734222.638,6184515402.73008,2.378972379375,2.9065806666666667,2.0833734189236113,1.104700329861111
2025-11-11,1668936.295,5701241284.289837,2.6453046747916664,2.720200243055556,2.2800387973958336,1.0632729305555555
2025-11-12,1712481.968,5845471573.6696,2.7625593442013887,2.572759670138889,2.4736133810069445,1.041720013888889
2025-11-13,1809564.065,5845343647.645556,2.949479642326389,2.728494052083333,2.5192077679861113,1.0325711319444446
2025-11-14,1703829.87,5301352680.661984,3.7929481343402776,2.7377302187500003,3.1272995069444445,1.001095579861111
2025-11-15,1790253.901,5668928490.211551,3.5933115235763893,2.7589859479166665,3.0587749042708334,1.0722011284722222
2025-11-16,1828487.924,5659201705.180052,3.741133037083334,2.796710045138889,3.1202358940625,1.0916194166666666
2025-11-17,1970566.42,5970885146.045546,3.576271448888889,2.92884496875,2.923219576840278,0.9968171041666667
2025-11-18,1956314.987,6108026215.561271,3.534658571909722,3.2247025833333334,2.916064240173611,1.0475942916666667
2025-11-19,2022840.842,6117131391.43326,3.9204844135069448,3.4134222743055553,3.086053917534722,1.0084188402777778
2025-11-20,2010854.301,5697785809.113894,4.2576181928125,3.2431963819444447,3.227087550902778,1.0358466805555555
2025-11-21,1869986.249,5169739413.244983,4.276700162812499,2.6969994097222223,3.3104701576736115,1.0525534895833333
2025-11-22,1900728.322,5263369107.931744,3.615395502673611,2.7029568125,2.7210010810069445,1.078362826388889
2025-11-23,1854210.227,5193574915.110918,3.252214549791667,2.511088496527778,2.6094075465624997,1.0703982118055555
2025-11-24,1889539.801,5578261609.71618,3.1020381896527778,2.7016848020833333,2.518236638854167,1.0414778645833334
2025-11-25,1820999.706,5387059774.14764,2.884151601944444,2.7418091111111114,2.2289299190625,1.0270594583333332
2025-11-26,1909352.085,5775866431.2084,2.5974599278125,2.912825013888889,2.0411498466319444,1.0563686458333335
2025-11-27,1869364.241,5634058192.307489,2.2851051833333336,2.8917801006944446,1.8374978596180556,1.02312690625
2025-11-28,1884890.012,5710839758.3576,2.3162137894097223,2.9208870937499998,1.8924433780902779,1.1024402638888888
2025-11-29,1905468.608,5693463981.95968,2.597018900486111,2.7986292222222224,2.1225631141666668,1.143039
2025-11-30,1881529.241,5626226798.019516,2.3755300855555554,2.846172065972222,1.9900642400347222,1.1162619791666666
2025-12-01,1944590.675,5441523092.592484,3.212304428784722,2.925156173611111,2.5162926203125,1.1010936354166665
2025-12-02,1939356.16,5807305053.312,2.5710322643750003,2.9417832118055554,2.1275968462847223,1.0475358263888888
2025-12-03,1976396.875,6299241324.524776,2.098275237777778,2.7613847256944446,1.7067736721180555,1.1248908194444445
2025-12-04,2000214.251,6264691036.27451,1.9374239878125,2.9171882569444443,1.5035801927430557,1.0612894513888889
2025-12-05,2079237.375,6279993997.273399,2.1186289810069443,3.1284932083333334,1.6651340972222224,1.052293920138889
2025-12-06,2045560.374,6211384986.85848,2.3715776478125,3.032511048611111,1.9850965055902776,1.1259834895833334
2025-12-07,1957779.732,5987125354.02384,2.3763969134375,2.9426742743055554,1.9585985353819444,1.0317397395833334
2025-12-08,1942076.129,6065395062.28635,2.2891622502430553,2.773770232638889,1.8557186836805555,1.0578785277777778
2025-12-09,2063386.598,6843221652.267,2.022577371736111,2.766868142361111,1.6453243058333333,1.0522053506944444
2025-12-10,2048628.434,6807271112.070021,1.5341285865972223,2.7997167847222224,1.2732686241319444,1.0495276527777777
2025-12-11,1956111.642,6329546928.95076,1.894171177638889,2.956716777777778,1.6116494399305554,0.9800709097222222
2025-12-12,2019430.626,6226550837.75832,2.2853087910069445,2.9402831805555554,1.9415045464236111,1.085035420138889
2025-12-13,2004531.967,6240128058.590671,2.6963662142708333,2.8562309409722224,2.3903661206597224,1.0959488888888889
2025-12-14,2055453.674,6292222186.613588,2.4879058090625,2.869203864583333,2.1397466188888887,1.1530606388888889
2025-12-15,2117806.813,6275613464.396264,2.5189537525347223,2.6836698090277777,2.226107888263889,1.1007230347222223
2025-12-16,1974038.438,5844571794.084717,3.1795580861458337,2.6899681041666668,2.7917869377777778,1.0165189270833332
2025-12-17,1987892.042,5629670505.10316,3.1185704041666664,2.720129059027778,2.674710699201389,1.030049704861111
2025-12-18,1978366.05,5593533251.4675,2.9078740788541664,2.6189393854166667,2.5793174602777778,1.1009547222222222
2025-12-19,2073884.484,6176979134.658479,1.9738975153819445,2.5939787534722223,1.7542759395486112,1.096984517361111
2025-12-20,2056617.915,6121626054.8932495,1.6659531547569444,2.5314117881944447,1.4026341956250001,1.0988876527777778
2025-12-21,2028197.598,6086063457.378836,1.8006918884027776,2.652455805555556,1.5396499357291669,1.0863535694444444
2025-12-22,1994291.39,5998230213.703,1.8502656996875,2.5872852256944445,1.6516005643402778,1.12583934375
2025-12-23,2104114.888,6234513454.29288,2.3959854734722223,2.7225781458333334,2.0982016750694448,1.1565154131944444
2025-12-24,2095838.632,6174822652.75736,2.499940864375,2.6291657881944444,2.220213706770833,1.1676109618055555
2025-12-25,2116365.2,6143164127.934849,2.359966455451389,2.6655475381944442,2.117377859826389,1.1471650451388888
2025-12-26,2154774.797,6306643042.941241,2.4608325087847223,2.6420293368055554,2.2685097356944444,1.0747914444444444
2025-12-27,2117629.391,6242347918.7898,2.896699665,2.6483573993055556,2.6165508289236112,1.1418178819444444
2025-12-28,2115224.076,6239064934.5696,2.618089526284722,2.6528551145833337,2.3282295477083332,1.1641938680555555
2025-12-29,2133353.286,6265139501.556339,2.4654703807638887,2.6726598506944446,2.212600926701389,1.1135169652777777
2025-12-30,2097067.378,6233086495.912871,2.3653902332291667,2.7462441666666666,2.1571339312152777,1.1055839791666666
2025-12-31,2091651.41,6213194189.562247,2.181187549375,2.7818379895833334,1.966974368611111,1.1061430763888889
2026-01-01,2111904.66,6340993741.65,2.2299197054166666,2.808455340277778,2.030576356527778,1.0996967291666666
2026-01-02,2301086.412,7188332822.375293,1.571427732638889,2.4851842604166667,1.4690720954513887,1.1090416944444443
2026-01-03,2274479.646,7109106881.511928,1.4827735057638889,2.3564802499999997,1.3793855142013889,1.1669307777777778
2026-01-04,2253809.198,7085419707.180049,1.4737378966666668,2.302114329861111,1.3837195521180556,1.0438437534722222
2026-01-05,2202406.477,7099941808.03444,1.5682020888541668,2.3152753715277776,1.5280996752430556,1.000755173611111
2026-01-06,2139936.205,7052052766.76725,1.4832691605208332,2.3406750520833333,1.4348705640625,1.0802661979166668
2026-01-07,2265709.046,7176180261.3958,1.8459948555208332,2.6337526319444446,1.706705514861111,1.0954547951388889
2026-01-08,2194015.952,6812726693.19328,2.403750815451389,2.719256489583333,2.237305017048611,1.0959995243055554
2026-01-09,2260386.785,6978175667.1806,2.5545542091319446,2.529931309027778,2.411119462881944,1.048675079861111
2026-01-10,2268880.869,7000586543.68212,2.6880983733680552,2.6278694965277776,2.5583345051388893,1.2101911493055555
2026-01-11,2251539.55,7030567337.248,2.5042947065972223,2.6202515798611112,2.4233710268402775,1.1857774236111112
2026-01-12,2236772.465,6920548916.721421,2.4224047698263886,2.6915043611111114,2.3376497296180556,1.038599815972222
2026-01-13,2385367.474,7930583533.45832,2.0053503824999996,2.6047283611111114,1.9819848229166668,1.1189361284722221
2026-01-14,2238531.615,7506423293.9472,1.311395138125,2.5153520069444446,1.255637656388889,0.9808928645833332
2026-01-15,2201005.841,7300798634.053043,1.416682120486111,2.5376077534722223,1.3552971870138888,1.11548025
2026-01-16,2205074.291,7265036215.814791,1.5337113532291666,2.529330885416667,1.4973682793402778,1.0825219131944444
2026-01-17,2245185.219,7429138274.85348,1.5100945110416668,2.6229023993055556,1.4689682637847221,1.2953852986111112
2026-01-18,2239378.661,7352003986.920706,1.4510766675347222,2.5089515520833334,1.4232670111458332,1.1366328715277776
2026-01-19,2273881.937,7249817779.737101,2.2044220576736113,2.6788782013888888,2.114733080694444,1.1086009305555555
2026-01-20,2343089.126,6884684320.800625,2.831864158784722,2.523257965277778,2.587406950486111,1.0923342569444445
2026-01-21,2252156.95,6713358682.442184,3.3542431784375,2.3416869548611112,3.0597838665972223,1.1121310520833334
2026-01-22,2310270.78,6818117331.3516,3.4073118777777776,2.157604482638889,3.0153932092708335,1.1056339548611112
2026-01-23,2281758.669,6742802225.17521,3.7020964278472217,2.1817807465277776,3.2732417391319446,1.0800320138888888
2026-01-24,2287932.91,6754160984.9528,3.401350159722222,2.1795757256944444,3.0370801819444444,1.2180055034722224
2026-01-25,2249277.096,6333874331.25216,3.7304695660069447,2.1593914583333333,3.2012373913888887,1.1790175868055557
2026-01-26,2237278.189,6552741714.980209,3.2377792755555554,1.9391778541666664,2.7732864469444447,1.2717633055555555
2026-01-27,2281664.524,6901670118.77616,2.6607076259375,2.0054552569444444,2.2912676598958335,1.1309876284722222
2026-01-28,2281697.261,6866616837.401037,2.2277981691666664,2.037743996527778,2.0308104447222224,1.0614463472222222
2026-01-29,2283700.995,6442746443.69001,3.2279235462847224,2.0883087569444445,2.6621178025,1.0774974548611111
2026-01-30,2341089.649,6334305663.487824,4.1968208222222225,2.0580625520833333,3.0981637378819444,1.10030859375
2026-01-31,1984366.803,4862264134.974797,4.276449423020833,2.0057278194444446,3.056870277083333,1.0880374097222223
2026-02-01,1930614.714,4380294500.00604,3.633086787847222,1.8779958645833332,2.5434632801041666,1.0494088680555556
2026-02-02,1943002.997,4557530150.146137,3.4212197479166666,1.7876793923611112,2.557413175902778,1.0316968506944444
2026-02-03,1967355.717,4391590452.158911,3.797519924965278,1.7054365486111112,2.728196467951389,1.1077822638888888
2026-02-04,1986024.657,4263994938.579,3.956602680555555,1.6886046319444443,2.785140970659722,1.0778268368055555
2026-02-05,1910202.913,3487228233.91454,3.9675473087500004,1.5765115486111112,2.755129203888889,1.0312138194444445
2026-02-06,2059152.348,4246558425.347534,2.9525390326041663,1.7421497777777777,2.1782244165277778,1.080765423611111
2026-02-07,1980910.818,4136634831.437186,2.5828800175,2.0659127500000003,1.8711530671875,1.0439607465277776
2026-02-08,1878064.461,3923593498.701461,2.3616389240625,2.0827507569444443,1.7608885238541667,1.09395259375
2026-02-09,1961605.922,4127160011.71034,2.5005583367708333,2.045014111111111,1.8617875234722223,1.1521323298611112
2026-02-10,1765394.932,3568851778.73392,2.9419700131249997,1.619570340277778,2.1672936044791666,1.0541493680555556
2026-02-11,1757441.91,3412495254.3234,3.2003542400694447,1.5154251944444443,2.3475476077083335,1.09343990625
2026-02-12,1767889.167,3442363070.41572,2.9847681134375,1.4723622395833333,2.3129425570486113,1.07583565625
2026-02-13,1759029.23,3603406558.2396,2.7127759194791667,1.46126409375,2.1914449405208334,1.0514340381944445
2026-02-14,1765746.558,3682305529.51878,2.281418924583333,1.5334119340277779,1.956001484201389,1.120742732638889
2026-02-15,1779263.912,3495910354.652113,2.851918143923611,1.7216576979166667,2.2822847021527775,1.1237097881944444
2026-02-16,1751257.265,3497891210.8204,3.347280814722222,1.678924142361111,2.6892582398958336,1.0800630555555555
2026-02-17,1801113.468,3585440558.47824,3.125837231423611,1.7283894618055555,2.5009355112500002,1.0251119444444443
2026-02-18,1783644.073,3486998666.289943,3.0321351844444444,1.6474630520833333,2.4951798688541666,1.1278332430555555
2026-02-19,1812987.46,3531989650.0736,3.4938692071527777,1.6480372604166666,2.8867267794444444,0.9964267152777777
2026-02-20,1751107.445,3446034584.9525366,3.244280524791667,1.5049767291666667,2.6819757648611113,1.0904363888888888
2026-02-21,1774004.372,3500202640.405048,2.6581026229166667,1.5237489375,2.2393505778125,1.0968635208333335
2026-02-22,1749176.975,3423139340.075,2.9033181415972225,1.562263784722222,2.420213783611111,1.165099638888889
2026-02-23,1795893.594,3332554346.945008,3.6775596491666667,1.4300988090277778,2.6069010206944445,1.0428725208333334
2026-02-24,1844483.309,3414175494.62518,3.5751225818402776,1.4450422569444443,2.5963547245833336,1.0387648819444444
2026-02-25,1901956.079,3912040159.847092,2.321379471284722,1.3863057118055557,1.8338610828819444,1.0586372569444444
2026-02-26,1826108.079,3700918460.4669294,1.9680418436805556,1.4191749791666668,1.5535715398958334,1.0754724097222224
2026-02-27,1812737.497,3496260761.1338444,2.7753841530902776,1.472370701388889,2.100705908888889,1.0882961111111111
2026-02-28,1790388.773,3515821144.8814754,3.329947875555556,1.4102151597222223,2.5284334594097224,1.0611264131944445
2026-03-01,1821228.936,3529887711.46584,2.3987382918055555,1.3328081840277777,1.8272673496180556,1.043075159722222
2026-03-02,2002001.375,4057276006.5887504,2.2832518260416665,1.308210388888889,1.8040384827430556,1.049215625
2026-03-03,1925010.437,3815062684.46408,2.5005371930555556,1.27011628125,1.9481246107291668,1.0555197465277777
2026-03-04,2139075.149,4549793059.627679,1.8826073693055554,1.2136522465277777,1.5501162023263888,1.0576564583333332
2026-03-05,1981496.573,4105861337.6211023,1.5442862078472224,1.2209526319444446,1.3779845461805555,1.0400381006944446
2026-03-06,1964104.725,3884724171.3885,2.3095029300347223,1.2236329965277777,1.9295230231944442,1.0562161736111113
2026-03-07,1946234.027,3830947596.4065294,2.807091601041667,1.232759246527778,2.3308485638194445,1.1079208576388888
2026-03-08,2000388.394,3873116596.6072593,3.060169084340278,1.1873182847222223,2.4985512544791666,1.0659444930555555
2026-03-09,1977831.126,3941231091.52386,2.3747333933333334,1.2080669375,2.0541034793749997,1.0399258854166666
2026-03-10,2074586.184,4223020125.81648,1.743534586701389,1.2537398263888888,1.5834583860416667,1.050817204861111
2026-03-11,2110792.579,4329742169.74796,1.8709006354861113,1.2269086666666666,1.6876772306249999,1.0265308680555556
2026-03-12,2147792.422,4452008566.09426,1.7071695506944444,1.164764861111111,1.5587060843402778,1.0598092604166667
2026-03-13,2095145.3,4382220185.695317,1.3723427542708333,1.1892406770833333,1.3318545092708334,1.1160132291666667
2026-03-14,2062309.953,4321116798.32184,1.831628793611111,1.252188125,1.7535039690972223,1.110466684027778
2026-03-15,2163456.259,4711423598.91207,1.7149694725694444,1.2139035277777779,1.675014456701389,1.0627726840277778
2026-03-16,2476628.853,5824189008.44598,0.9719809534722221,1.3473850694444445,0.9992937638888889,1.0967618958333334
2026-03-17,2380269.012,5513750350.15728,0.9976315963541666,1.2597568993055555,1.0064774963888887,1.0489573854166665
2026-03-18,2207530.494,4861267894.64115,1.2981793050347223,1.1832148298611112,1.303278982638889,1.04332921875
2026-03-19,2243229.118,4793085224.13942,1.8411505473958334,1.0879313229166667,1.8092371945138888,1.0465963368055555
2026-03-20,2202029.253,4723813876.502596,1.9393087555555555,1.0710198020833335,1.968755871875,1.0589621111111112
2026-03-21,2147454.35,4475512757.1133175,1.8695565530902778,1.1186739444444445,1.9207525896527775,1.1096503368055555
2026-03-22,2168008.689,4451008558.86456,2.1735476059375,1.0592762152777777,2.0787269690624997,1.120265701388889
2026-03-23,2115861.455,4551345958.317633,2.0132086521874997,1.1030803402777778,1.9252403498263888,1.0533178506944445
2026-03-24,2130158.942,4591131567.6926,1.9838468342708333,1.136767472222222,1.8958112726041665,1.0778247847222222
2026-03-25,2149853.156,4661058846.778184,1.6374731735416668,1.087025409722222,1.6205381615625,1.0825371979166667
2026-03-26,2174388.355,4477435268.96535,2.5421851408333334,1.1368627118055556,2.274299939236111,1.0801263055555554
2026-03-27,2216752.698,4415222083.713236,2.9152692569791667,1.125987107638889,2.526540801875,1.0811994583333333
2026-03-28,2187883.206,4362770026.09024,2.6894199809374997,1.105359954861111,2.4051966083680556,1.0768213541666667
2026-03-29,2171107.119,4305913326.97032,2.6383862187152776,1.121302545138889,2.3932573075347223,1.0080639548611112
2026-03-30,2145796.198,4346481862.74484,1.9988090296875,1.1055718402777779,1.8170034850347223,1.1073617847222221
2026-03-31,2288119.701,4815553841.527591,1.7808407969444444,1.0997909270833333,1.6668086592708333,1.072101048611111
2026-04-01,2292774.765,4903871069.80912,1.2566160785416667,1.0836236354166668,1.2290667840625,1.0570979930555557
2026-04-02,2148051.163,4416901813.019126,1.961380550486111,1.0582731215277779,1.805976124409722,1.0517766145833332
2026-04-03,2156479.123,4427251639.519,1.7659117797916666,1.0403035625,1.7063287280555555,1.1187968784722222
2026-04-04,2147199.629,4432764802.09276,2.0116472059375,1.0541000833333334,1.908021992951389,1.159145982638889
2026-04-05,2153537.738,4542177190.85746,2.0841385820833334,1.0776760798611111,1.9517611444444445,1.1536104583333333
2026-04-06,2206076.559,4647056150.00232,1.1801290516319445,1.02688828125,1.2357565870486111,1.077472670138889
2026-04-07,2247393.77,5033246710.938128,1.6586418038194444,1.0934893090277777,1.6782285078819443,1.1036597395833332
2026-04-08,2283655.062,4999392620.561682,1.0779600474305555,1.116103982638889,1.1759642648263888,1.0630610451388889
2026-04-09,2208409.512,4834822068.588131,1.3360579557986112,1.1254546597222221,1.4836676944444445,1.0708772708333332
2026-04-10,2309046.616,5181272650.710557,1.223669530451389,1.0974367569444443,1.3918007614930556,1.0851189131944445
2026-04-11,2357248.738,5383510487.94488,0.9968383514236111,0.9893660138888889,1.1439434272569444,1.1351478333333334
2026-04-12,2179861.69,4774827650.311202,1.4681263751041667,1.033246763888889,1.6061256931944443,1.1805482118055555
2026-04-13,2255925.274,5343294366.98544,1.5362263677777779,1.09398671875,1.735553393125,1.0952791145833334
2026-04-14,2259141.773,5244098341.183977,0.8746420912847221,1.289894111111111,1.0086962946527778,1.1724141180555554
2026-04-15,2234619.575,5271154730.6845,1.0853176158333335,1.326399576388889,1.3604667661111112,1.0716036597222223
2026-04-16,2108479.682,4948712467.974969,1.1404848899652777,1.2918027013888889,1.4461894259027777,1.0918876597222222
2026-04-17,2326786.022,5626235879.585593,1.0178345087152776,1.2529493333333332,1.368132664409722,1.1462233819444443
2026-04-18,2153974.298,5059598632.149642,1.1505777086458333,1.1220228506944445,1.5424707805208333,1.1250588958333332
2026-04-19,2165630.359,4898179433.37902,1.4770953066666666,1.0625617013888888,1.9258035444444443,1.08978025
2026-04-20,2116715.517,4895095137.45903,1.5800662147569444,1.0922064027777778,2.0569570492708333,1.0817454618055555
2026-04-21,2126869.428,4947374782.55364,1.462123927673611,1.147710878472222,1.8967601996180556,1.1179686527777777
2026-04-22,2335038.79,5541140450.2216,0.9763007489236111,1.2971665277777777,1.3387632326388887,1.181446423611111
2026-04-23,2016907.412,4697409960.128298,1.3058048725694444,1.3132155104166667,1.6856754225694446,1.07748290625
2026-04-24,2014760.286,4661913530.56968,1.5730667774652778,1.2703436944444446,1.9884957694444445,1.1229651388888888
2026-04-25,2043841.633,4738063111.276024,1.5953534262847222,1.2031787847222222,2.0382216565625,1.1945699305555555
2026-04-26,2059724.919,4878087720.16608,1.3964716992708333,1.150312236111111,1.8089705698263887,1.1338452569444444
2026-04-27,2017901.924,4645775241.58672,1.6053213821180554,1.154761951388889,1.9686790570833332,1.0704799583333333
2026-04-28,1972638.045,4514105996.6562,1.8141073762847222,1.1832799618055556,2.190141260451389,1.1482019652777777
2026-04-29,2008835.556,4522933431.04512,1.6011386130208334,1.244883965277778,1.9867040308680555,1.0775312777777777
2026-04-30,2000359.632,4513631477.24112,1.796614181076389,1.2472339930555556,2.1326606603472222,1.086409940972222
2026-05-01,1946089.368,4465474078.492101,1.407239113090278,1.1642915173611113,1.7663871889930556,1.172342829861111
2026-05-02,1969398.271,4561081710.146783,1.266278508888889,1.1718815347222222,1.6000070847222223,1.2220616006944445
2026-05-03,2078940.205,4826613105.742351,1.1902586061111111,1.185439746527778,1.525405215798611,1.1357975034722223
2026-05-04,2077922.274,4875034226.25414,1.0255543143749999,1.1936664305555555,1.3915158980208333,1.1422491145833333
2026-05-05,2071426.349,4887882612.94483,0.9821765211458333,1.0923177152777777,1.3477414940624999,1.0968797291666668
2026-05-06,2195717.676,5159335639.156513,1.2191392769097222,1.0380874131944444,1.6294389935763889,1.079451201388889
2026-05-07,2294594.437,5254300017.50882,1.8752665827777777,1.0113531736111112,2.3022569727430557,1.0954739305555554
2026-05-08,2238183.037,5161622116.076012,2.1253403209027777,0.9966145138888888,2.583775073125,1.13884290625
2026-05-09,2168741.643,5042997724.014489,1.8629675991666668,1.0295181631944446,2.301426154340278,1.2250759375
2026-05-10,2069604.949,4905166369.324569,1.6552832680208334,1.1676301944444445,2.065915047222222,1.2079310729166666
2026-05-11,2066572.213,4832926035.429784,1.7487409702777779,1.23530084375,2.1210482673263886,1.0823666354166666
2026-05-12,2230684.379,5072363774.888514,2.3854375693055556,1.2956780659722222,2.725648725243056,1.0048230694444444
2026-05-13,2250064.375,5079680486.549724,2.4735711267013887,1.255330704861111,2.852463382326389,1.0379249756944444
2026-05-14,2090453.926,4770520381.8283,2.2336942943402778,1.2678114826388889,2.6178481367361113,1.108972920138889
2026-05-15,2276025.783,5061107492.62578,2.3087841675,1.31491940625,2.6314787105208333,1.1311223020833332
2026-05-16,2299473.76,5012085755.428228,3.0243871633333335,1.3650611666666665,2.980958902430556,1.2027853888888889
2026-05-17,2228492.705,4746684901.017394,3.0255149267708337,1.3528527604166667,2.9686296986805556,1.2316504861111113
2026-05-18,2156233.242,4590779557.677383,3.2679036330208335,1.4253639131944444,2.9911274511111112,1.123212652777778
2026-05-19,2205366.337,4655528337.407,3.0822299589583335,1.4504697395833333,2.7822688155208333,1.2273089131944444
2026-05-20,2205998.531,4695666413.10129,2.8535128261111113,1.42823865625,2.702590707534722,1.1894014305555556
2026-05-21,2196166.747,4684204054.6763,2.7752655781944444,1.4229649618055555,2.6465908002430556,1.0844110451388889
2026-05-22,2245119.843,4635913566.845964,3.061854342673611,1.3815163506944446,2.824751953263889,1.0637989166666668
2026-05-23,2148238.951,4547177387.5817,3.452017747048611,1.4341913750000002,2.99686367625,1.1637637083333334
2026-05-24,2120907.75,4451170304.0025,2.569850166666667,1.5361542152777778,2.2518585344444446,1.1324264375000002
2026-05-25,2133557.606,4505612732.732411,2.6001077334375,1.528212861111111,2.2990196511805556,1.1039207395833333
2026-05-26,2230590.003,4623566958.2184,3.020989824861111,1.5183062881944445,2.601607333784722,1.1435686944444443
2026-05-27,2291713.118,4638354335.774956,3.4945124256944444,1.5095329027777777,3.0069338863194446,1.057332125
2026-05-28,2276484.974,4573608437.25221,4.025804582256944,1.4770897083333334,3.2659520859027777,1.0873223194444444
2026-05-29,2196614.044,4422683626.593398,3.332766829965278,1.4783719930555557,2.7913238965277776,1.119135013888889
2026-05-30,2201210.203,4449944534.282769,3.252918022847222,1.5059013680555555,2.7658659520833333,1.2779276944444444
2026-05-31,2228845.124,4471757733.585181,3.2554545556944445,1.5375176354166666,2.739415208472222,1.2615868958333332
2026-06-01,2283048.944,4579941925.138879,3.777691130763889,1.6214096076388889,3.06598809375,1.0539638402777778
2026-06-02,2306647.653,4288104119.88006,3.9521906574999996,1.8113886319444445,2.9388415703472224,1.0472210694444444
2026-06-03,2373540.537,4301947281.69102,4.109285733715278,1.8150368506944443,2.947572451354167,1.06704190625
2026-06-04,2255693.13,3992590976.6190734,3.590116961701389,1.6885155138888888,2.5478160519444444,1.0868636527777777
2026-06-05,2383549.065,3771932711.571495,3.8431155167708337,1.4783953506944443,2.633216213541667,1.0569714965277777
2026-06-06,2350908.542,3687792321.831245,3.3295808759375003,1.2475196458333333,2.3858322912847223,1.0574147534722222
2026-06-07,2264269.672,3825310912.007281,2.9771372135069445,1.2349608715277778,2.309842416736111,1.1194104166666667
2026-06-08,2253173.245,3806753751.2243,2.9212629390625,1.2360094791666667,2.1586338497222224,1.0484772881944444
2026-06-09,2265640.117,3712591177.7220497,2.9906782093055555,1.3203758229166667,2.1863577880555556,1.092960767361111
2026-06-10,2295027.036,3719871923.468903,3.107119150034722,1.2242476284722223,2.3261891469444445,1.0702680069444446
2026-06-11,2310670.423,3864734922.69288,2.5869434275,1.2342743402777776,2.0288685131597224,1.0859198715277778
2026-06-12,2253270.997,3752800312.7935295,2.6656214575694444,1.2276219895833334,2.0272378263888893,1.1460521840277778
2026-06-13,2268588.595,3812181646.8099,2.612633368368056,1.2377540486111112,2.023157276527778,1.2235821284722224
2026-06-14,2320350.351,4002369352.549377,2.6473778450347223,1.2509233750000002,2.0380219412847222,1.13851209375
2026-06-15,2321976.899,4168370053.502722,2.1133574340972223,1.3883309305555556,1.6657906519791665,1.1264025277777778
2026-06-16,2250889.169,4034313675.38208,2.265600011527778,1.4958863229166668,1.7891753364930554,1.104741361111111
2026-06-17,2213648.8,3873641898.632,2.4507933714930554,1.4880822777777778,1.9120759748611111,1.1093129652777778
2026-06-18,2252138.735,3851562621.8223,2.7960602518749997,1.4938152222222223,2.170675087326389,1.0820195520833333
2026-06-19,2216093.75,3790246572.8047166,2.5941039846180556,1.447438642361111,2.0895748212847223,1.2096113888888889
2026-06-20,2213815.273,3852331622.374561,2.4774360617708333,1.4653968993055555,2.0748767433680557,1.13054415625
2026-06-21,2217105.473,3783100558.244831,2.5320322114583336,1.5116097916666666,2.0818868763194445,1.180837204861111
2026-06-22,2224870.902,3843155243.392372,2.411826579513889,1.4709646597222223,2.0937074947569445,1.12016396875
2026-06-23,2299892.363,3832678627.24498,3.257958675972222,1.4996663333333333,2.553396059340278,1.1354231631944445
2026-06-24,2268488.32,3678444550.4128,3.3058632238541668,1.4001906354166667,2.5067292759375004,1.0714265625000001
2026-06-25,2306425.109,3613314768.512671,3.3720290531944443,1.3399502083333334,2.4112868828472225,1.1018872118055556
2026-06-26,2296108.73,3622938120.7178,3.1973849808333332,1.4011084305555555,2.3009674470486114,1.0761688055555556
2026-06-27,2297052.759,3613493695.1829,2.854207638923611,1.4269067916666667,2.1153139132986114,1.1833995902777776
2026-06-28,2295831.39,3607232971.3226256,3.159718464027778,1.3999210277777778,2.296718732638889,1.1863593194444446
2026-06-29,2268432.49,3657546427.16008,3.0407997248611114,1.4198613090277776,2.2402768503124997,1.0697616944444444
2026-06-30,2277503.567,3579051305.46916,3.5605569850694443,1.5033361319444445,2.5119243806597225,1.1247721875
2026-07-01,2276611.367,3662589601.1159296,2.8684518345833334,1.4646858125,2.173283008506944,1.1101635625
2026-07-02,2347545.8,3990687007.252,2.1747710807638887,1.4162740659722222,1.7592448585416667,1.1456312881944444
2026-07-03,2301818.765,4046696725.17084,1.848331928298611,1.3848290590277776,1.5808119811458332,1.0760057430555556
2026-07-04,2299276.87,4092643850.2939,1.812839571875,1.4294523715277778,1.5950331533680555,1.127026357638889
2026-07-05,2331849.604,4163237645.98952,1.8130066186458333,1.43183403125,1.6682993066666667,1.13920628125
2026-07-06,2300515.752,4138282760.4852,1.7825365936458333,1.419617642361111,1.6702092999652778,1.0471267430555555
2026-07-07,2221013.504,3932215568.29184,1.8661019017361111,1.4271353645833333,1.806044915486111,1.0842475694444444
2026-07-08,2218764.448,3866574240.59616,2.092414206423611,1.4586043402777777,2.010859105590278,1.1467268541666666
2026-07-09,2238405.743,3904361601.28518,2.0614667452083335,1.4603027048611112,2.0177769663194445,1.08755284375
2026-07-10,2276950.347,4089493901.22588,1.7660529144097223,1.4163522534722222,1.8197015150347222,1.0873241909722222
2026-07-11,2311258.828,4129861101.348876,1.627021043298611,1.409401423611111,1.6762519228472224,1.101976361111111
2026-07-12,2298076.612,4150142515.14304,1.5823450930208334,1.4074644444444444,1.666495381875,1.0918560937500001
2026-07-13,2248537.159,3993527058.380549,1.9026195834722222,1.445511548611111,1.9196492022569442,1.0539718368055555
2026-07-14,2453526.123,4638710093.927489,1.5674249694444444,1.3280426527777778,1.7164652287152777,1.118677940972222
2026-07-15,2398072.077,4597247969.387198,1.3312004798958332,1.263019951388889,1.5267386241666667,1.0745484930555556
2026-07-16,2275435.764,4241059606.8218346,1.5249549421527777,1.3791340868055555,1.749023962986111,1.074959545138889
2026-07-17,2269765.358,4178456442.84936,1.9893716887847224,1.412676017361111,2.1940334365277776,1.0620518402777777
2026-07-18,2292130.163,4267373330.9652495,2.0381452646875,1.3913286805555556,2.2647196591319445,1.1865798229166666
2026-07-19,2291677.631,4288851769.640191,1.956267822638889,1.3624085694444446,2.1963441039236113,1.1207507777777779
2026-07-20,2304500.102,4386648778.812723,1.8020578447222222,1.3990262430555556,2.0775311041666664,1.0886394444444445
2026-07-21,2334141.825,4503259822.9725,1.3981603594097223,1.3503669305555557,1.7144892424652778,1.1198722881944443
2026-07-22,2367559.686,4577226816.54066,1.3619829551041667,1.3620486979166666,1.6833103562847223,1.0941914618055555
2026-07-23,2344181.704,4400990172.90664,1.5655302575347223,1.3324783333333334,1.897783753402778,1.1167957430555555
2026-07-24,2317951.439,4312871404.536431,1.9274309274652777,1.3670544583333333,2.2825463325694444,1.111717107638889
2026-07-25,2339276.703,4383797813.732381,2.0267924762847223,1.3280162569444445,2.401381458125,1.1798035416666666
2026-07-26,2369499.623,4629737650.845911,1.8082488306944444,1.2761243020833333,2.2117610446527776,1.1771895520833333
2026-07-27,2313865.095,4376546860.612603,1.4755573384027778,1.3085925208333333,1.8995164955208332,1.0852525104166668
2026-07-28,2290918.011,4401300174.856392,1.7824754899652777,1.2829844270833333,2.285216435659722,1.1185886319444445
2026-07-29,2275188.851,4345188543.231373,1.6722498317708334,1.3241859756944445,2.140781373923611,1.0681466319444446
2026-07-30,2322769.186,4453574499.083957,1.5968632877777778,1.3547692256944446,2.0853824249305557,1.1346024756944444
2026-07-31,2312158.706,4304524462.058527,1.9887625919791665,1.3295298402777778,2.4082444254513886,1.104248298611111
2026-08-01,2271901.614,4189772799.49038,2.173172301909722,1.3800291875,2.6548282062500004,1.281000590277778
2026-08-02,2296287.936,4327079060.83968,1.9736368742361112,1.4566594861111113,2.4715228094444446,1.2056115277777777
2026-08-03,2327173.745,4328054459.213551,2.03617093,1.4703137222222222,2.4790839601388885,1.1189174548611112
2026-08-04,2329080.47,4353081369.549887,1.8311171207291668,1.4852364270833334,2.3233239936805554,1.1351022465277778
2026-08-05,2311975.369,4411242946.306617,1.7272850273263889,1.4585138333333334,2.24105851625,1.0608015381944444
2026-08-06,2285682.786,4350057543.287067,1.4694406745138888,1.2806605,1.9974524526041668,1.123042736111111
2026-08-07,2274995.294,4352300304.306068,1.4913745372222222,1.2920737256944443,2.0503521911805556,1.1122201180555555
2026-08-08,2295846.418,4398803312.615134,1.485300587638889,1.3122046979166668,2.0494707835069446,1.2589979409722223
2026-08-09,2283509.626,4360721664.205645,1.4935863430902776,1.3291045555555554,2.0433887332291665,1.3815266979166667
2026-08-10,2369512.431,4436500172.732294,1.716145205486111,1.3427550416666667,2.236442354236111,1.161222597222222
2026-08-11,2349889.078,4422134043.444504,2.0439730223958334,1.3654382881944445,2.5650059809375,1.1480896875
2026-08-12,2327104.753,4372349874.76306,1.7937239137847223,1.3709379722222221,2.3416372791666666,1.1593936215277778
2026-08-13,2342444.068,4416433168.87899,1.8891773370138887,1.3661782812499998,2.4447656765625,1.1576579791666668
2026-08-14,2339797.526,4402071667.44114,2.0628449077083335,1.3471117256944445,2.5776468133680557,1.1914716145833333
2026-08-15,2361184.404,4443135140.38296,2.0164276553472225,1.3785654895833332,2.5354077470486107,1.3442276493055556
2026-08-16,2363247.859,4431586017.67539,2.021717885798611,1.37512015625,2.5701005759375,1.503509482638889
2026-08-17,2379217.226,4550728788.1702,1.8281398272916667,1.3732887673611112,2.420944042604167,1.151514232638889
2026-08-18,2382364.858,4567207845.62322,1.8908634802777777,1.3797394166666668,2.419897220416667,1.1814673159722222
2026-08-19,2342483.522,5275774963.83774,1.5287015897916667,1.38737896875,2.2981527812152778,1.1467328506944443
2026-08-20,2320370.093,5397853743.64497,1.2972111330555556,1.54019478125,2.3317493309722224,1.0525427881944445
2026-08-21,2422086.991,6094284071.992218,1.2876435513888889,1.6824929444444445,2.355411641388889,1.0689464166666667
2026-08-22,2370649.195,5740942136.441804,1.4276657520833334,1.788856659722222,2.5403625422569447,1.0477886284722222
2026-08-23,2392442.513,5891006897.46042,1.4485680929513889,1.74856478125,2.56344793125,1.134382795138889
2026-08-24,2417752.521,5999908731.567629,1.3360491010416666,1.790896017361111,2.3962440905208333,1.065129076388889
2026-08-25,2392855.519,5842683177.85268,1.3525999187152777,1.8027910694444447,2.397156185208333,1.0571873645833334
2026-08-26,2444951.3,6126447788.5873785,1.330229905625,1.7364127881944444,2.3802285634375,1.1290070694444445
2026-08-27,2390486.486,5999448926.9576,1.3765094283333332,1.7800251354166667,2.352389531423611,1.078321375
2026-08-28,2359771.866,5762561488.224175,1.3829162984027779,1.7849546736111113,2.3943927831250003,1.0777914791666667
2026-08-29,2348959.3,5769490343.067,1.4816447097222223,1.6699881805555554,2.5869644690625,1.1763979166666667
2026-08-30,2313942.54,5590694776.794793,1.380731864861111,1.6742970277777778,2.4422121364930556,1.126822954861111
2026-08-31,2346352.49,5787583442.4087,1.4077333077777778,1.5953435729166667,2.4958951634375,1.072797576388889
2026-09-01,2326809.823,5625019042.749935,1.4260100019444444,1.6126669166666667,2.4472431666666665,1.1685484965277777
2026-09-02,2308399.938,5519822847.74622,1.666152266701389,1.5174075520833332,2.752362752986111,1.1521551909722223
2026-09-03,2308924.044,5787133402.36248,1.4899123340625,1.6213173645833332,2.5526812836458337,1.1461135729166667
2026-09-04,2249401.428,5521290769.11168,1.3704273708680554,1.7403776423611113,2.3654643571875003,1.0686104236111111
2026-09-05,2286235.761,5668218597.53208,1.5064464328472222,1.7653481840277778,2.6188487369444444,1.2445520937499999
2026-09-06,2289985.726,5756937281.172356,1.372225863298611,1.7820327638888886,2.421153167222222,1.084139798611111
2026-09-07,2281393.67,5677932565.896,1.2674453544791666,1.683887576388889,2.2249100901041667,1.0953770694444445
2026-09-08,2251623.598,5592763410.859421,1.3531303148958334,1.5816435,2.3425471015972223,1.1291079479166666
2026-09-09,2257360.314,5569532011.01718,1.3691810077083333,1.6260088715277776,2.4008524523611112,1.100655142361111
2026-09-10,2314811.05,5640777862.861,1.6511322409027778,1.4469342708333333,2.757095114027778,1.0801214930555556
2026-09-11,2322725.486,5843053436.206735,1.3322847252777779,1.2349213749999999,2.459261764965278,1.1303727569444444
2026-09-12,2319327.726,5855887977.140825,1.422126564861111,1.2329517777777776,2.7099769638194444,1.1816854965277779
2026-09-13,2326658.014,5760004313.187997,1.596318556701389,1.24114778125,2.920178772013889,1.1394874965277777
2026-09-14,2318228.031,5830204404.28314,1.4223794053819445,1.2214197847222221,2.7023207745833333,1.1031474861111112
2026-09-15,2314780.32,5548945087.4976,1.7164956613194446,1.2685637916666666,3.0018819983333334,1.0740691145833334
2026-09-16,2307460.447,5578262556.01803,2.0548231716319445,1.3106952881944443,3.3283557175,1.0445487881944446
2026-09-17,2285408.011,5591095641.222697,1.7808886555208332,1.3323581597222223,2.9759641552777776,1.0370874930555556
2026-09-18,2357864.506,6156737904.8419,1.413528606840278,1.5055611666666666,2.524751670798611,1.0867181423611112
2026-09-19,2365446.47,6224910599.108903,1.2192986894791666,1.5807910868055555,2.2071432480555555,1.095729875
2026-09-20,2346233.528,6203437446.694954,1.294177429236111,1.5991457152777777,2.285135028680555,1.1336227013888889
2026-09-21,2328934.442,6462319021.036046,1.2452594120833334,1.5372515902777777,2.292265030208333,1.0863471215277778
2026-09-22,2310500.28,6360044805.7476,1.344692744548611,1.5084471631944445,2.402375617638889,1.0611424340277777
2026-09-23,2297741.389,6166442402.726278,1.505349090486111,1.5315734548611113,2.5885530585069443,1.1027821770833333
2026-09-24,2269582.543,6097551243.32552,1.5787299645486113,1.5500098645833333,2.750749419826389,1.1588300625
2026-09-25,2265003.851,6094217359.871397,1.5182020414583333,1.604082190972222,2.671518285763889,1.1004882847222222
2026-09-26,2272700.282,6125975572.608356,1.5457781649305555,1.6474872743055555,2.7013225406944446,1.2483787986111112
2026-09-27,2284212.139,6138477491.74165,1.5422617596875,1.641198420138889,2.688630628854167,1.1152461631944446
2026-09-28,2254622.486,6059388116.02444,1.5462303044097223,1.568664173611111,2.7010169488541664,1.03893109375
