seed,scenario,base,method,phase,alpha,coverage,set_size,singleton_rate,abstain,acc_singleton,utility,acc_all,empty_rate
6,none,lr,split,pre,0.2,0.828,1.752,0.3526666666666667,0.6473333333333333,0.7580340264650284,0.22260000000000002,0.564,0.0
6,none,lr,split,post,0.2,0.8076666666666666,1.6766666666666667,0.4106666666666667,0.5893333333333333,0.7597402597402597,0.26326666666666665,0.5853333333333334,0.0
6,none,lr,rolling,pre,0.2,0.814,1.7106666666666666,0.38,0.62,0.7263157894736842,0.2189333333333333,0.564,0.0
6,none,lr,rolling,post,0.2,0.7983333333333333,1.6396666666666666,0.43366666666666664,0.5663333333333334,0.7532667179093006,0.2728666666666667,0.5853333333333334,0.0
6,none,lr,weighted,pre,0.2,0.81,1.7,0.38,0.62,0.7315789473684211,0.2252,0.564,0.0
6,none,lr,weighted,post,0.2,0.8013333333333333,1.648,0.42633333333333334,0.5736666666666667,0.7544956997654417,0.26903333333333335,0.5853333333333334,0.0
6,none,lr,aci_split,pre,0.2,0.804,1.6766666666666667,0.39466666666666667,0.6053333333333333,0.7263513513513513,0.23,0.564,0.0
6,none,lr,aci_split,post,0.2,0.7986666666666666,1.641,0.435,0.565,0.7547892720306514,0.27566666666666667,0.5853333333333334,0.0
6,none,lr,aci_rolling,pre,0.2,0.804,1.6986666666666668,0.3953333333333333,0.6046666666666667,0.7200674536256324,0.2260666666666667,0.564,0.0
6,none,lr,aci_rolling,post,0.2,0.7986666666666666,1.654,0.43633333333333335,0.5636666666666666,0.747135217723453,0.2700666666666667,0.5853333333333334,0.0
6,vol_jump,lr,split,pre,0.2,0.828,1.752,0.3526666666666667,0.6473333333333333,0.7580340264650284,0.22260000000000002,0.564,0.0
6,vol_jump,lr,split,post,0.2,0.675,1.6766666666666667,0.4106666666666667,0.5893333333333333,0.6168831168831169,0.13823333333333335,0.506,0.0
6,vol_jump,lr,rolling,pre,0.2,0.814,1.7106666666666666,0.38,0.62,0.7263157894736842,0.2189333333333333,0.564,0.0
6,vol_jump,lr,rolling,post,0.2,0.7943333333333333,2.122333333333333,0.19633333333333333,0.8036666666666666,0.6774193548387096,0.09043333333333334,0.506,0.0
6,vol_jump,lr,weighted,pre,0.2,0.81,1.7,0.38,0.62,0.7315789473684211,0.2252,0.564,0.0
6,vol_jump,lr,weighted,post,0.2,0.7953333333333333,2.119,0.19566666666666666,0.8043333333333333,0.6899488926746167,0.09393333333333334,0.506,0.0
6,vol_jump,lr,aci_split,pre,0.2,0.804,1.6766666666666667,0.39466666666666667,0.6053333333333333,0.7263513513513513,0.23,0.564,0.0
6,vol_jump,lr,aci_split,post,0.2,0.796,2.123666666666667,0.19633333333333333,0.8036666666666666,0.6842105263157895,0.09263333333333333,0.506,0.0
6,vol_jump,lr,aci_rolling,pre,0.2,0.804,1.6986666666666668,0.3953333333333333,0.6046666666666667,0.7200674536256324,0.2260666666666667,0.564,0.0
6,vol_jump,lr,aci_rolling,post,0.2,0.7996666666666666,2.1416666666666666,0.189,0.8109999999999999,0.6843033509700176,0.08926666666666667,0.506,0.0
6,regime_transition,lr,split,pre,0.2,0.828,1.752,0.3526666666666667,0.6473333333333333,0.7580340264650284,0.22260000000000002,0.564,0.0
6,regime_transition,lr,split,post,0.2,0.5766666666666667,1.6766666666666667,0.4106666666666667,0.5893333333333333,0.37094155844155846,-0.02946666666666666,0.3506666666666667,0.0
6,regime_transition,lr,rolling,pre,0.2,0.814,1.7106666666666666,0.38,0.62,0.7263157894736842,0.2189333333333333,0.564,0.0
6,regime_transition,lr,rolling,post,0.2,0.7826666666666666,2.3093333333333335,0.14066666666666666,0.8593333333333333,0.5260663507109005,0.030666666666666665,0.3506666666666667,0.0
6,regime_transition,lr,weighted,pre,0.2,0.81,1.7,0.38,0.62,0.7315789473684211,0.2252,0.564,0.0
6,regime_transition,lr,weighted,post,0.2,0.781,2.302,0.13933333333333334,0.8606666666666667,0.5191387559808612,0.02913333333333333,0.3506666666666667,0.0
6,regime_transition,lr,aci_split,pre,0.2,0.804,1.6766666666666667,0.39466666666666667,0.6053333333333333,0.7263513513513513,0.23,0.564,0.0
6,regime_transition,lr,aci_split,post,0.2,0.7933333333333333,2.322,0.143,0.857,0.5244755244755245,0.030100000000000005,0.3506666666666667,0.0
6,regime_transition,lr,aci_rolling,pre,0.2,0.804,1.6986666666666668,0.3953333333333333,0.6046666666666667,0.7200674536256324,0.2260666666666667,0.564,0.0
6,regime_transition,lr,aci_rolling,post,0.2,0.7986666666666666,2.345,0.132,0.868,0.5353535353535354,0.030233333333333338,0.3506666666666667,0.0
6,feature_shift,lr,split,pre,0.2,0.828,1.752,0.3526666666666667,0.6473333333333333,0.7580340264650284,0.22260000000000002,0.564,0.0
6,feature_shift,lr,split,post,0.2,0.6063333333333333,1.2596666666666667,0.7823333333333333,0.21766666666666667,0.5679590967192161,0.25053333333333333,0.5283333333333333,0.0
6,feature_shift,lr,rolling,pre,0.2,0.814,1.7106666666666666,0.38,0.62,0.7263157894736842,0.2189333333333333,0.564,0.0
6,feature_shift,lr,rolling,post,0.2,0.7946666666666666,1.8953333333333333,0.429,0.571,0.6666666666666666,0.20880000000000004,0.5283333333333333,0.0
6,feature_shift,lr,weighted,pre,0.2,0.81,1.7,0.38,0.62,0.7315789473684211,0.2252,0.564,0.0
6,feature_shift,lr,weighted,post,0.2,0.7916666666666666,1.8916666666666666,0.43,0.5700000000000001,0.6682170542635659,0.21023333333333336,0.5283333333333333,0.0
6,feature_shift,lr,aci_split,pre,0.2,0.804,1.6766666666666667,0.39466666666666667,0.6053333333333333,0.7263513513513513,0.23,0.564,0.0
6,feature_shift,lr,aci_split,post,0.2,0.795,1.9053333333333333,0.432,0.5680000000000001,0.6535493827160493,0.20313333333333336,0.5283333333333333,0.0
6,feature_shift,lr,aci_rolling,pre,0.2,0.804,1.6986666666666668,0.3953333333333333,0.6046666666666667,0.7200674536256324,0.2260666666666667,0.564,0.0
6,feature_shift,lr,aci_rolling,post,0.2,0.7993333333333333,1.9153333333333333,0.4226666666666667,0.5773333333333333,0.6585173501577287,0.20143333333333333,0.5283333333333333,0.0
6,missing_features,lr,split,pre,0.2,0.828,1.752,0.3526666666666667,0.6473333333333333,0.7580340264650284,0.22260000000000002,0.564,0.0
6,missing_features,lr,split,post,0.2,0.8006666666666666,1.9003333333333334,0.24433333333333335,0.7556666666666667,0.732605729877217,0.1447,0.5083333333333333,0.0
6,missing_features,lr,rolling,pre,0.2,0.814,1.7106666666666666,0.38,0.62,0.7263157894736842,0.2189333333333333,0.564,0.0
6,missing_features,lr,rolling,post,0.2,0.799,1.898,0.24666666666666667,0.7533333333333333,0.7256756756756757,0.14329999999999998,0.5083333333333333,0.0
6,missing_features,lr,weighted,pre,0.2,0.81,1.7,0.38,0.62,0.7315789473684211,0.2252,0.564,0.0
6,missing_features,lr,weighted,post,0.2,0.801,1.905,0.24366666666666667,0.7563333333333333,0.7318741450068399,0.14379999999999998,0.5083333333333333,0.0
6,missing_features,lr,aci_split,pre,0.2,0.804,1.6766666666666667,0.39466666666666667,0.6053333333333333,0.7263513513513513,0.23,0.564,0.0
6,missing_features,lr,aci_split,post,0.2,0.7986666666666666,1.91,0.24233333333333335,0.7576666666666667,0.7207702888583218,0.13936666666666667,0.5083333333333333,0.0
6,missing_features,lr,aci_rolling,pre,0.2,0.804,1.6986666666666668,0.3953333333333333,0.6046666666666667,0.7200674536256324,0.2260666666666667,0.564,0.0
6,missing_features,lr,aci_rolling,post,0.2,0.7993333333333333,1.905,0.248,0.752,0.7217741935483871,0.14329999999999998,0.5083333333333333,0.0
6,stale_features,lr,split,pre,0.2,0.828,1.752,0.3526666666666667,0.6473333333333333,0.7580340264650284,0.22260000000000002,0.564,0.0
6,stale_features,lr,split,post,0.2,0.6473333333333333,1.6753333333333333,0.4,0.6,0.5125,0.0821,0.443,0.0
6,stale_features,lr,rolling,pre,0.2,0.814,1.7106666666666666,0.38,0.62,0.7263157894736842,0.2189333333333333,0.564,0.0
6,stale_features,lr,rolling,post,0.2,0.7856666666666666,2.139666666666667,0.189,0.8109999999999999,0.5414462081128748,0.04576666666666667,0.443,0.0
6,stale_features,lr,weighted,pre,0.2,0.81,1.7,0.38,0.62,0.7315789473684211,0.2252,0.564,0.0
6,stale_features,lr,weighted,post,0.2,0.7856666666666666,2.1313333333333335,0.19366666666666665,0.8063333333333333,0.5576592082616179,0.052199999999999996,0.443,0.0
6,stale_features,lr,aci_split,pre,0.2,0.804,1.6766666666666667,0.39466666666666667,0.6053333333333333,0.7263513513513513,0.23,0.564,0.0
6,stale_features,lr,aci_split,post,0.2,0.7933333333333333,2.1733333333333333,0.18533333333333332,0.8146666666666667,0.5305755395683454,0.04236666666666668,0.443,0.0
6,stale_features,lr,aci_rolling,pre,0.2,0.804,1.6986666666666668,0.3953333333333333,0.6046666666666667,0.7200674536256324,0.2260666666666667,0.564,0.0
6,stale_features,lr,aci_rolling,post,0.2,0.796,2.1786666666666665,0.18633333333333332,0.8136666666666666,0.5384615384615384,0.04396666666666667,0.443,0.0
6,venue_change,lr,split,pre,0.2,0.828,1.752,0.3526666666666667,0.6473333333333333,0.7580340264650284,0.22260000000000002,0.564,0.0
6,venue_change,lr,split,post,0.2,0.6753333333333333,1.6016666666666666,0.48033333333333333,0.5196666666666667,0.5718251214434421,0.14996666666666666,0.47633333333333333,0.0
6,venue_change,lr,rolling,pre,0.2,0.814,1.7106666666666666,0.38,0.62,0.7263157894736842,0.2189333333333333,0.564,0.0
6,venue_change,lr,rolling,post,0.2,0.793,2.008,0.27066666666666667,0.7293333333333334,0.6354679802955665,0.11253333333333335,0.47633333333333333,0.0
6,venue_change,lr,weighted,pre,0.2,0.81,1.7,0.38,0.62,0.7315789473684211,0.2252,0.564,0.0
6,venue_change,lr,weighted,post,0.2,0.794,2.017,0.26166666666666666,0.7383333333333333,0.6343949044585987,0.10836666666666668,0.47633333333333333,0.0
6,venue_change,lr,aci_split,pre,0.2,0.804,1.6766666666666667,0.39466666666666667,0.6053333333333333,0.7263513513513513,0.23,0.564,0.0
6,venue_change,lr,aci_split,post,0.2,0.7943333333333333,2.025,0.258,0.742,0.6343669250645995,0.10736666666666668,0.47633333333333333,0.0
6,venue_change,lr,aci_rolling,pre,0.2,0.804,1.6986666666666668,0.3953333333333333,0.6046666666666667,0.7200674536256324,0.2260666666666667,0.564,0.0
6,venue_change,lr,aci_rolling,post,0.2,0.797,2.0316666666666667,0.25633333333333336,0.7436666666666667,0.6410923276983095,0.11036666666666667,0.47633333333333333,0.0
6,rare_cluster,lr,split,pre,0.2,0.828,1.752,0.3526666666666667,0.6473333333333333,0.7580340264650284,0.22260000000000002,0.564,0.0
6,rare_cluster,lr,split,post,0.2,0.7713333333333333,1.6643333333333334,0.4226666666666667,0.5773333333333333,0.6900630914826499,0.21363333333333331,0.552,0.0
6,rare_cluster,lr,rolling,pre,0.2,0.814,1.7106666666666666,0.38,0.62,0.7263157894736842,0.2189333333333333,0.564,0.0
6,rare_cluster,lr,rolling,post,0.2,0.7973333333333333,1.7476666666666667,0.378,0.622,0.7063492063492064,0.19823333333333334,0.552,0.0
6,rare_cluster,lr,weighted,pre,0.2,0.81,1.7,0.38,0.62,0.7315789473684211,0.2252,0.564,0.0
6,rare_cluster,lr,weighted,post,0.2,0.7996666666666666,1.7496666666666667,0.373,0.627,0.7149240393208222,0.20093333333333335,0.552,0.0
6,rare_cluster,lr,aci_split,pre,0.2,0.804,1.6766666666666667,0.39466666666666667,0.6053333333333333,0.7263513513513513,0.23,0.564,0.0
6,rare_cluster,lr,aci_split,post,0.2,0.7973333333333333,1.751,0.379,0.621,0.7106420404573439,0.20213333333333333,0.552,0.0
6,rare_cluster,lr,aci_rolling,pre,0.2,0.804,1.6986666666666668,0.3953333333333333,0.6046666666666667,0.7200674536256324,0.2260666666666667,0.564,0.0
6,rare_cluster,lr,aci_rolling,post,0.2,0.7983333333333333,1.7603333333333333,0.37733333333333335,0.6226666666666667,0.7075971731448764,0.19946666666666665,0.552,0.0
6,iid_control,lr,split,pre,0.2,0.7806666666666666,1.6286666666666667,0.442,0.558,0.717948717948718,0.25146666666666667,0.5653333333333334,0.0
6,iid_control,lr,split,post,0.2,0.796,1.605,0.451,0.5489999999999999,0.745750184774575,0.2788333333333333,0.589,0.0
6,iid_control,lr,rolling,pre,0.2,0.7986666666666666,1.6913333333333334,0.4093333333333333,0.5906666666666667,0.7247557003257329,0.23626666666666665,0.5653333333333334,0.0
6,iid_control,lr,rolling,post,0.2,0.803,1.6343333333333334,0.43533333333333335,0.5646666666666667,0.7511485451761103,0.27326666666666666,0.589,0.0
6,iid_control,lr,weighted,pre,0.2,0.8,1.7013333333333334,0.402,0.598,0.7263681592039801,0.23286666666666667,0.5653333333333334,0.0
6,iid_control,lr,weighted,post,0.2,0.8066666666666666,1.6453333333333333,0.42933333333333334,0.5706666666666667,0.7523291925465838,0.26963333333333334,0.589,0.0
6,iid_control,lr,aci_split,pre,0.2,0.7986666666666666,1.6933333333333334,0.4066666666666667,0.5933333333333333,0.7245901639344262,0.23493333333333333,0.5653333333333334,0.0
6,iid_control,lr,aci_split,post,0.2,0.8026666666666666,1.6343333333333334,0.436,0.5640000000000001,0.7477064220183486,0.2707333333333333,0.589,0.0
6,iid_control,lr,aci_rolling,pre,0.2,0.8,1.7166666666666666,0.39466666666666667,0.6053333333333333,0.722972972972973,0.22893333333333335,0.5653333333333334,0.0
6,iid_control,lr,aci_rolling,post,0.2,0.8016666666666666,1.6376666666666666,0.44166666666666665,0.5583333333333333,0.7418867924528302,0.27013333333333334,0.589,0.0
6,none,gbm,split,pre,0.2,0.7953333333333333,1.806,0.38666666666666666,0.6133333333333333,0.6672413793103448,0.18746666666666667,0.5326666666666666,0.0
6,none,gbm,split,post,0.2,0.7866666666666666,1.7743333333333333,0.406,0.594,0.6855500821018062,0.21636666666666662,0.538,0.0
6,none,gbm,rolling,pre,0.2,0.8006666666666666,1.82,0.38133333333333336,0.6186666666666667,0.6695804195804196,0.18306666666666668,0.5326666666666666,0.0
6,none,gbm,rolling,post,0.2,0.7996666666666666,1.8233333333333333,0.382,0.618,0.6963350785340314,0.2105,0.538,0.0
6,none,gbm,weighted,pre,0.2,0.8026666666666666,1.8286666666666667,0.378,0.622,0.6754850088183422,0.18486666666666662,0.5326666666666666,0.0
6,none,gbm,weighted,post,0.2,0.8056666666666666,1.8423333333333334,0.37433333333333335,0.6256666666666666,0.6945681211041852,0.20623333333333335,0.538,0.0
6,none,gbm,aci_split,pre,0.2,0.8013333333333333,1.824,0.378,0.622,0.6701940035273368,0.18206666666666665,0.5326666666666666,0.0
6,none,gbm,aci_split,post,0.2,0.8006666666666666,1.8213333333333332,0.392,0.608,0.6913265306122449,0.2125,0.538,0.0
6,none,gbm,aci_rolling,pre,0.2,0.8033333333333333,1.824,0.37933333333333336,0.6206666666666667,0.6678383128295254,0.18186666666666665,0.5326666666666666,0.0
6,none,gbm,aci_rolling,post,0.2,0.7993333333333333,1.8246666666666667,0.3963333333333333,0.6036666666666667,0.6820857863751051,0.20966666666666667,0.538,0.0
6,vol_jump,gbm,split,pre,0.2,0.7953333333333333,1.806,0.38666666666666666,0.6133333333333333,0.6672413793103448,0.18746666666666667,0.5326666666666666,0.0
6,vol_jump,gbm,split,post,0.2,0.7,1.7743333333333333,0.406,0.594,0.5722495894909688,0.12430000000000001,0.4663333333333333,0.0
6,vol_jump,gbm,rolling,pre,0.2,0.8006666666666666,1.82,0.38133333333333336,0.6186666666666667,0.6695804195804196,0.18306666666666668,0.5326666666666666,0.0
6,vol_jump,gbm,rolling,post,0.2,0.7973333333333333,2.1106666666666665,0.257,0.743,0.6147859922178989,0.09196666666666665,0.4663333333333333,0.0
6,vol_jump,gbm,weighted,pre,0.2,0.8026666666666666,1.8286666666666667,0.378,0.622,0.6754850088183422,0.18486666666666662,0.5326666666666666,0.0
6,vol_jump,gbm,weighted,post,0.2,0.7966666666666666,2.1136666666666666,0.25666666666666665,0.7433333333333334,0.612987012987013,0.0921,0.4663333333333333,0.0
6,vol_jump,gbm,aci_split,pre,0.2,0.8013333333333333,1.824,0.378,0.622,0.6701940035273368,0.18206666666666665,0.5326666666666666,0.0
6,vol_jump,gbm,aci_split,post,0.2,0.7976666666666666,2.110333333333333,0.257,0.743,0.6212710765239948,0.09416666666666666,0.4663333333333333,0.0
6,vol_jump,gbm,aci_rolling,pre,0.2,0.8033333333333333,1.824,0.37933333333333336,0.6206666666666667,0.6678383128295254,0.18186666666666665,0.5326666666666666,0.0
6,vol_jump,gbm,aci_rolling,post,0.2,0.7993333333333333,2.1213333333333333,0.256,0.744,0.6145833333333334,0.09266666666666666,0.4663333333333333,0.0
6,regime_transition,gbm,split,pre,0.2,0.7953333333333333,1.806,0.38666666666666666,0.6133333333333333,0.6672413793103448,0.18746666666666667,0.5326666666666666,0.0
6,regime_transition,gbm,split,post,0.2,0.613,1.7743333333333333,0.406,0.594,0.3866995073891626,-0.011333333333333324,0.36633333333333334,0.0
6,regime_transition,gbm,rolling,pre,0.2,0.8006666666666666,1.82,0.38133333333333336,0.6186666666666667,0.6695804195804196,0.18306666666666668,0.5326666666666666,0.0
6,regime_transition,gbm,rolling,post,0.2,0.7903333333333333,2.3116666666666665,0.192,0.808,0.4322916666666667,0.010800000000000006,0.36633333333333334,0.0
6,regime_transition,gbm,weighted,pre,0.2,0.8026666666666666,1.8286666666666667,0.378,0.622,0.6754850088183422,0.18486666666666662,0.5326666666666666,0.0
6,regime_transition,gbm,weighted,post,0.2,0.79,2.312333333333333,0.19166666666666668,0.8083333333333333,0.43130434782608695,0.010033333333333339,0.36633333333333334,0.0
6,regime_transition,gbm,aci_split,pre,0.2,0.8013333333333333,1.824,0.378,0.622,0.6701940035273368,0.18206666666666665,0.5326666666666666,0.0
6,regime_transition,gbm,aci_split,post,0.2,0.796,2.328333333333333,0.18466666666666667,0.8153333333333334,0.4404332129963899,0.013833333333333336,0.36633333333333334,0.0
6,regime_transition,gbm,aci_rolling,pre,0.2,0.8033333333333333,1.824,0.37933333333333336,0.6206666666666667,0.6678383128295254,0.18186666666666665,0.5326666666666666,0.0
6,regime_transition,gbm,aci_rolling,post,0.2,0.7996666666666666,2.3433333333333333,0.185,0.815,0.44324324324324327,0.013700000000000002,0.36633333333333334,0.0
6,feature_shift,gbm,split,pre,0.2,0.7953333333333333,1.806,0.38666666666666666,0.6133333333333333,0.6672413793103448,0.18746666666666667,0.5326666666666666,0.0
6,feature_shift,gbm,split,post,0.2,0.6176666666666667,1.687,0.43966666666666665,0.5603333333333333,0.45109931766489764,0.04200000000000001,0.389,0.0
6,feature_shift,gbm,rolling,pre,0.2,0.8006666666666666,1.82,0.38133333333333336,0.6186666666666667,0.6695804195804196,0.18306666666666668,0.5326666666666666,0.0
6,feature_shift,gbm,rolling,post,0.2,0.7916666666666666,2.2186666666666666,0.19566666666666666,0.8043333333333333,0.5298126064735945,0.044199999999999996,0.389,0.0
6,feature_shift,gbm,weighted,pre,0.2,0.8026666666666666,1.8286666666666667,0.378,0.622,0.6754850088183422,0.18486666666666662,0.5326666666666666,0.0
6,feature_shift,gbm,weighted,post,0.2,0.7916666666666666,2.216,0.19833333333333333,0.8016666666666666,0.5243697478991597,0.04313333333333333,0.389,0.0
6,feature_shift,gbm,aci_split,pre,0.2,0.8013333333333333,1.824,0.378,0.622,0.6701940035273368,0.18206666666666665,0.5326666666666666,0.0
6,feature_shift,gbm,aci_split,post,0.2,0.7953333333333333,2.239,0.19,0.81,0.531578947368421,0.04326666666666667,0.389,0.0
6,feature_shift,gbm,aci_rolling,pre,0.2,0.8033333333333333,1.824,0.37933333333333336,0.6206666666666667,0.6678383128295254,0.18186666666666665,0.5326666666666666,0.0
6,feature_shift,gbm,aci_rolling,post,0.2,0.7993333333333333,2.2436666666666665,0.186,0.8140000000000001,0.5394265232974911,0.04476666666666667,0.389,0.0
6,missing_features,gbm,split,pre,0.2,0.7953333333333333,1.806,0.38666666666666666,0.6133333333333333,0.6672413793103448,0.18746666666666667,0.5326666666666666,0.0
6,missing_features,gbm,split,post,0.2,0.7563333333333333,1.881,0.3436666666666667,0.6563333333333333,0.5848690591658584,0.12683333333333333,0.465,0.0
6,missing_features,gbm,rolling,pre,0.2,0.8006666666666666,1.82,0.38133333333333336,0.6186666666666667,0.6695804195804196,0.18306666666666668,0.5326666666666666,0.0
6,missing_features,gbm,rolling,post,0.2,0.802,2.043,0.273,0.727,0.6007326007326007,0.10803333333333334,0.465,0.0
6,missing_features,gbm,weighted,pre,0.2,0.8026666666666666,1.8286666666666667,0.378,0.622,0.6754850088183422,0.18486666666666662,0.5326666666666666,0.0
6,missing_features,gbm,weighted,post,0.2,0.804,2.0513333333333335,0.2703333333333333,0.7296666666666667,0.6017262638717632,0.10733333333333334,0.465,0.0
6,missing_features,gbm,aci_split,pre,0.2,0.8013333333333333,1.824,0.378,0.622,0.6701940035273368,0.18206666666666665,0.5326666666666666,0.0
6,missing_features,gbm,aci_split,post,0.2,0.7996666666666666,2.0393333333333334,0.2776666666666667,0.7223333333333333,0.5966386554621849,0.1075,0.465,0.0
6,missing_features,gbm,aci_rolling,pre,0.2,0.8033333333333333,1.824,0.37933333333333336,0.6206666666666667,0.6678383128295254,0.18186666666666665,0.5326666666666666,0.0
6,missing_features,gbm,aci_rolling,post,0.2,0.7996666666666666,2.036,0.2803333333333333,0.7196666666666667,0.5897740784780023,0.10526666666666668,0.465,0.0
6,stale_features,gbm,split,pre,0.2,0.7953333333333333,1.806,0.38666666666666666,0.6133333333333333,0.6672413793103448,0.18746666666666667,0.5326666666666666,0.0
6,stale_features,gbm,split,post,0.2,0.6623333333333333,1.781,0.406,0.594,0.4794745484400657,0.06613333333333334,0.4076666666666667,0.0
6,stale_features,gbm,rolling,pre,0.2,0.8006666666666666,1.82,0.38133333333333336,0.6186666666666667,0.6695804195804196,0.18306666666666668,0.5326666666666666,0.0
6,stale_features,gbm,rolling,post,0.2,0.793,2.213,0.22366666666666668,0.7763333333333333,0.5022354694485842,0.04293333333333334,0.4076666666666667,0.0
6,stale_features,gbm,weighted,pre,0.2,0.8026666666666666,1.8286666666666667,0.378,0.622,0.6754850088183422,0.18486666666666662,0.5326666666666666,0.0
6,stale_features,gbm,weighted,post,0.2,0.796,2.207666666666667,0.22333333333333333,0.7766666666666666,0.5119402985074627,0.04576666666666667,0.4076666666666667,0.0
6,stale_features,gbm,aci_split,pre,0.2,0.8013333333333333,1.824,0.378,0.622,0.6701940035273368,0.18206666666666665,0.5326666666666666,0.0
6,stale_features,gbm,aci_split,post,0.2,0.798,2.217,0.224,0.776,0.49404761904761907,0.038566666666666666,0.4076666666666667,0.0
6,stale_features,gbm,aci_rolling,pre,0.2,0.8033333333333333,1.824,0.37933333333333336,0.6206666666666667,0.6678383128295254,0.18186666666666665,0.5326666666666666,0.0
6,stale_features,gbm,aci_rolling,post,0.2,0.8006666666666666,2.2383333333333333,0.21633333333333332,0.7836666666666667,0.4915254237288136,0.036833333333333336,0.4076666666666667,0.0
6,venue_change,gbm,split,pre,0.2,0.7953333333333333,1.806,0.38666666666666666,0.6133333333333333,0.6672413793103448,0.18746666666666667,0.5326666666666666,0.0
6,venue_change,gbm,split,post,0.2,0.68,1.7136666666666667,0.455,0.5449999999999999,0.536996336996337,0.11890000000000002,0.44733333333333336,0.0
6,venue_change,gbm,rolling,pre,0.2,0.8006666666666666,1.82,0.38133333333333336,0.6186666666666667,0.6695804195804196,0.18306666666666668,0.5326666666666666,0.0
6,venue_change,gbm,rolling,post,0.2,0.7936666666666666,2.08,0.2806666666666667,0.7193333333333334,0.5855106888361045,0.09546666666666666,0.44733333333333336,0.0
6,venue_change,gbm,weighted,pre,0.2,0.8026666666666666,1.8286666666666667,0.378,0.622,0.6754850088183422,0.18486666666666662,0.5326666666666666,0.0
6,venue_change,gbm,weighted,post,0.2,0.7946666666666666,2.082333333333333,0.2793333333333333,0.7206666666666667,0.5847255369928401,0.09446666666666666,0.44733333333333336,0.0
6,venue_change,gbm,aci_split,pre,0.2,0.8013333333333333,1.824,0.378,0.622,0.6701940035273368,0.18206666666666665,0.5326666666666666,0.0
6,venue_change,gbm,aci_split,post,0.2,0.7973333333333333,2.1043333333333334,0.27,0.73,0.5740740740740741,0.08576666666666667,0.44733333333333336,0.0
6,venue_change,gbm,aci_rolling,pre,0.2,0.8033333333333333,1.824,0.37933333333333336,0.6206666666666667,0.6678383128295254,0.18186666666666665,0.5326666666666666,0.0
6,venue_change,gbm,aci_rolling,post,0.2,0.7983333333333333,2.1093333333333333,0.2693333333333333,0.7306666666666667,0.5829207920792079,0.09043333333333334,0.44733333333333336,0.0
6,rare_cluster,gbm,split,pre,0.2,0.7953333333333333,1.806,0.38666666666666666,0.6133333333333333,0.6672413793103448,0.18746666666666667,0.5326666666666666,0.0
6,rare_cluster,gbm,split,post,0.2,0.7663333333333333,1.7726666666666666,0.407,0.593,0.6412776412776413,0.18203333333333335,0.5166666666666667,0.0
6,rare_cluster,gbm,rolling,pre,0.2,0.8006666666666666,1.82,0.38133333333333336,0.6186666666666667,0.6695804195804196,0.18306666666666668,0.5326666666666666,0.0
6,rare_cluster,gbm,rolling,post,0.2,0.8016666666666666,1.9053333333333333,0.347,0.653,0.6637848222862632,0.1675,0.5166666666666667,0.0
6,rare_cluster,gbm,weighted,pre,0.2,0.8026666666666666,1.8286666666666667,0.378,0.622,0.6754850088183422,0.18486666666666662,0.5326666666666666,0.0
6,rare_cluster,gbm,weighted,post,0.2,0.8026666666666666,1.913,0.3403333333333333,0.6596666666666666,0.6591576885406464,0.16146666666666665,0.5166666666666667,0.0
6,rare_cluster,gbm,aci_split,pre,0.2,0.8013333333333333,1.824,0.378,0.622,0.6701940035273368,0.18206666666666665,0.5326666666666666,0.0
6,rare_cluster,gbm,aci_split,post,0.2,0.7996666666666666,1.894,0.3526666666666667,0.6473333333333333,0.6587901701323251,0.16733333333333333,0.5166666666666667,0.0
6,rare_cluster,gbm,aci_rolling,pre,0.2,0.8033333333333333,1.824,0.37933333333333336,0.6206666666666667,0.6678383128295254,0.18186666666666665,0.5326666666666666,0.0
6,rare_cluster,gbm,aci_rolling,post,0.2,0.799,1.8863333333333334,0.362,0.638,0.6565377532228361,0.17129999999999998,0.5166666666666667,0.0
6,iid_control,gbm,split,pre,0.2,0.7826666666666666,1.8266666666666667,0.382,0.618,0.643979057591623,0.17313333333333333,0.5313333333333333,0.0
6,iid_control,gbm,split,post,0.2,0.8033333333333333,1.8086666666666666,0.39,0.61,0.705982905982906,0.21216666666666667,0.547,0.0
6,iid_control,gbm,rolling,pre,0.2,0.7973333333333333,1.8893333333333333,0.35533333333333333,0.6446666666666667,0.6472795497185742,0.16313333333333335,0.5313333333333333,0.0
6,iid_control,gbm,rolling,post,0.2,0.8053333333333333,1.8036666666666668,0.3943333333333333,0.6056666666666667,0.7041420118343196,0.2139,0.547,0.0
6,iid_control,gbm,weighted,pre,0.2,0.7973333333333333,1.894,0.35,0.65,0.6476190476190476,0.16066666666666668,0.5313333333333333,0.0
6,iid_control,gbm,weighted,post,0.2,0.8073333333333333,1.8136666666666668,0.3883333333333333,0.6116666666666667,0.7072961373390558,0.21230000000000002,0.547,0.0
6,iid_control,gbm,aci_split,pre,0.2,0.7973333333333333,1.8813333333333333,0.36133333333333334,0.6386666666666667,0.6494464944649446,0.1658,0.5313333333333333,0.0
6,iid_control,gbm,aci_split,post,0.2,0.803,1.8036666666666668,0.3963333333333333,0.6036666666666667,0.7014297729184188,0.21203333333333335,0.547,0.0
6,iid_control,gbm,aci_rolling,pre,0.2,0.798,1.8806666666666667,0.36,0.64,0.6462962962962963,0.1606,0.5313333333333333,0.0
6,iid_control,gbm,aci_rolling,post,0.2,0.802,1.798,0.4036666666666667,0.5963333333333334,0.6977704376548307,0.214,0.547,0.0
7,none,lr,split,pre,0.2,0.8093333333333333,1.662,0.4106666666666667,0.5893333333333333,0.7743506493506493,0.2710666666666667,0.5893333333333334,0.0
7,none,lr,split,post,0.2,0.812,1.679,0.39666666666666667,0.6033333333333333,0.7529411764705882,0.24780000000000002,0.5886666666666667,0.0
7,none,lr,rolling,pre,0.2,0.806,1.6433333333333333,0.42866666666666664,0.5713333333333334,0.7558320373250389,0.27153333333333335,0.5893333333333334,0.0
7,none,lr,rolling,post,0.2,0.799,1.6356666666666666,0.4256666666666667,0.5743333333333334,0.7431480031323414,0.26030000000000003,0.5886666666666667,0.0
7,none,lr,weighted,pre,0.2,0.8086666666666666,1.6466666666666667,0.4226666666666667,0.5773333333333333,0.7602523659305994,0.2697333333333333,0.5893333333333334,0.0
7,none,lr,weighted,post,0.2,0.8006666666666666,1.6413333333333333,0.42133333333333334,0.5786666666666667,0.7468354430379747,0.26026666666666665,0.5886666666666667,0.0
7,none,lr,aci_split,pre,0.2,0.804,1.6473333333333333,0.4266666666666667,0.5733333333333333,0.7546875,0.26953333333333335,0.5893333333333334,0.0
7,none,lr,aci_split,post,0.2,0.7996666666666666,1.6426666666666667,0.429,0.571,0.7381507381507382,0.2592,0.5886666666666667,0.0
7,none,lr,aci_rolling,pre,0.2,0.8006666666666666,1.646,0.43733333333333335,0.5626666666666666,0.75,0.273,0.5893333333333334,0.0
7,none,lr,aci_rolling,post,0.2,0.801,1.6546666666666667,0.43033333333333335,0.5696666666666667,0.7288923315259489,0.252,0.5886666666666667,0.0
7,vol_jump,lr,split,pre,0.2,0.8093333333333333,1.662,0.4106666666666667,0.5893333333333333,0.7743506493506493,0.2710666666666667,0.5893333333333334,0.0
7,vol_jump,lr,split,post,0.2,0.6676666666666666,1.679,0.39666666666666667,0.6033333333333333,0.6302521008403361,0.13903333333333334,0.5133333333333333,0.0
7,vol_jump,lr,rolling,pre,0.2,0.806,1.6433333333333333,0.42866666666666664,0.5713333333333334,0.7558320373250389,0.27153333333333335,0.5893333333333334,0.0
7,vol_jump,lr,rolling,post,0.2,0.791,2.161,0.17766666666666667,0.8223333333333334,0.6604127579737336,0.07123333333333334,0.5133333333333333,0.0
7,vol_jump,lr,weighted,pre,0.2,0.8086666666666666,1.6466666666666667,0.4226666666666667,0.5773333333333333,0.7602523659305994,0.2697333333333333,0.5893333333333334,0.0
7,vol_jump,lr,weighted,post,0.2,0.7883333333333333,2.145,0.18233333333333332,0.8176666666666667,0.6691042047531993,0.07613333333333333,0.5133333333333333,0.0
7,vol_jump,lr,aci_split,pre,0.2,0.804,1.6473333333333333,0.4266666666666667,0.5733333333333333,0.7546875,0.26953333333333335,0.5893333333333334,0.0
7,vol_jump,lr,aci_split,post,0.2,0.7953333333333333,2.163,0.17533333333333334,0.8246666666666667,0.6787072243346007,0.07806666666666667,0.5133333333333333,0.0
7,vol_jump,lr,aci_rolling,pre,0.2,0.8006666666666666,1.646,0.43733333333333335,0.5626666666666666,0.75,0.273,0.5893333333333334,0.0
7,vol_jump,lr,aci_rolling,post,0.2,0.801,2.1923333333333335,0.15966666666666668,0.8403333333333334,0.6847599164926931,0.073,0.5133333333333333,0.0
7,regime_transition,lr,split,pre,0.2,0.8093333333333333,1.662,0.4106666666666667,0.5893333333333333,0.7743506493506493,0.2710666666666667,0.5893333333333334,0.0
7,regime_transition,lr,split,post,0.2,0.5556666666666666,1.679,0.39666666666666667,0.6033333333333333,0.3722689075630252,-0.029,0.35333333333333333,0.0
7,regime_transition,lr,rolling,pre,0.2,0.806,1.6433333333333333,0.42866666666666664,0.5713333333333334,0.7558320373250389,0.27153333333333335,0.5893333333333334,0.0
7,regime_transition,lr,rolling,post,0.2,0.7833333333333333,2.3276666666666666,0.133,0.867,0.506265664160401,0.02523333333333333,0.35333333333333333,0.0
7,regime_transition,lr,weighted,pre,0.2,0.8086666666666666,1.6466666666666667,0.4226666666666667,0.5773333333333333,0.7602523659305994,0.2697333333333333,0.5893333333333334,0.0
7,regime_transition,lr,weighted,post,0.2,0.7833333333333333,2.3236666666666665,0.13533333333333333,0.8646666666666667,0.49261083743842365,0.022033333333333332,0.35333333333333333,0.0
7,regime_transition,lr,aci_split,pre,0.2,0.804,1.6473333333333333,0.4266666666666667,0.5733333333333333,0.7546875,0.26953333333333335,0.5893333333333334,0.0
7,regime_transition,lr,aci_split,post,0.2,0.7933333333333333,2.3543333333333334,0.12933333333333333,0.8706666666666667,0.4948453608247423,0.020833333333333336,0.35333333333333333,0.0
7,regime_transition,lr,aci_rolling,pre,0.2,0.8006666666666666,1.646,0.43733333333333335,0.5626666666666666,0.75,0.273,0.5893333333333334,0.0
7,regime_transition,lr,aci_rolling,post,0.2,0.8003333333333333,2.3806666666666665,0.11633333333333333,0.8836666666666667,0.5157593123209169,0.022900000000000007,0.35333333333333333,0.0
7,feature_shift,lr,split,pre,0.2,0.8093333333333333,1.662,0.4106666666666667,0.5893333333333333,0.7743506493506493,0.2710666666666667,0.5893333333333334,0.0
7,feature_shift,lr,split,post,0.2,0.5566666666666666,1.2773333333333334,0.7616666666666667,0.23833333333333329,0.5072210065645514,0.16863333333333336,0.4726666666666667,0.0
7,feature_shift,lr,rolling,pre,0.2,0.806,1.6433333333333333,0.42866666666666664,0.5713333333333334,0.7558320373250389,0.27153333333333335,0.5893333333333334,0.0
7,feature_shift,lr,rolling,post,0.2,0.7903333333333333,1.9583333333333333,0.37533333333333335,0.6246666666666667,0.6429840142095915,0.17220000000000002,0.4726666666666667,0.0
7,feature_shift,lr,weighted,pre,0.2,0.8086666666666666,1.6466666666666667,0.4226666666666667,0.5773333333333333,0.7602523659305994,0.2697333333333333,0.5893333333333334,0.0
7,feature_shift,lr,weighted,post,0.2,0.7856666666666666,1.9473333333333334,0.37866666666666665,0.6213333333333333,0.6426056338028169,0.17426666666666668,0.4726666666666667,0.0
7,feature_shift,lr,aci_split,pre,0.2,0.804,1.6473333333333333,0.4266666666666667,0.5733333333333333,0.7546875,0.26953333333333335,0.5893333333333334,0.0
7,feature_shift,lr,aci_split,post,0.2,0.793,1.9783333333333333,0.3636666666666667,0.6363333333333333,0.6489459211732356,0.17016666666666666,0.4726666666666667,0.0
7,feature_shift,lr,aci_rolling,pre,0.2,0.8006666666666666,1.646,0.43733333333333335,0.5626666666666666,0.75,0.273,0.5893333333333334,0.0
7,feature_shift,lr,aci_rolling,post,0.2,0.8006666666666666,2.0096666666666665,0.3486666666666667,0.6513333333333333,0.6491395793499044,0.1649,0.4726666666666667,0.0
7,missing_features,lr,split,pre,0.2,0.8093333333333333,1.662,0.4106666666666667,0.5893333333333333,0.7743506493506493,0.2710666666666667,0.5893333333333334,0.0
7,missing_features,lr,split,post,0.2,0.8026666666666666,1.9103333333333334,0.236,0.764,0.7245762711864406,0.13540000000000002,0.5076666666666667,0.0
7,missing_features,lr,rolling,pre,0.2,0.806,1.6433333333333333,0.42866666666666664,0.5713333333333334,0.7558320373250389,0.27153333333333335,0.5893333333333334,0.0
7,missing_features,lr,rolling,post,0.2,0.7976666666666666,1.8983333333333334,0.23933333333333334,0.7606666666666666,0.7061281337047354,0.12946666666666665,0.5076666666666667,0.0
7,missing_features,lr,weighted,pre,0.2,0.8086666666666666,1.6466666666666667,0.4226666666666667,0.5773333333333333,0.7602523659305994,0.2697333333333333,0.5893333333333334,0.0
7,missing_features,lr,weighted,post,0.2,0.8006666666666666,1.8986666666666667,0.23966666666666667,0.7603333333333333,0.713490959666203,0.13290000000000002,0.5076666666666667,0.0
7,missing_features,lr,aci_split,pre,0.2,0.804,1.6473333333333333,0.4266666666666667,0.5733333333333333,0.7546875,0.26953333333333335,0.5893333333333334,0.0
7,missing_features,lr,aci_split,post,0.2,0.7996666666666666,1.901,0.241,0.759,0.710926694329184,0.13316666666666666,0.5076666666666667,0.0
7,missing_features,lr,aci_rolling,pre,0.2,0.8006666666666666,1.646,0.43733333333333335,0.5626666666666666,0.75,0.273,0.5893333333333334,0.0
7,missing_features,lr,aci_rolling,post,0.2,0.802,1.9143333333333334,0.23966666666666667,0.7603333333333333,0.7037552155771906,0.12963333333333332,0.5076666666666667,0.0
7,stale_features,lr,split,pre,0.2,0.8093333333333333,1.662,0.4106666666666667,0.5893333333333333,0.7743506493506493,0.2710666666666667,0.5893333333333334,0.0
7,stale_features,lr,split,post,0.2,0.642,1.69,0.39666666666666667,0.6033333333333333,0.5092436974789916,0.0792,0.431,0.0
7,stale_features,lr,rolling,pre,0.2,0.806,1.6433333333333333,0.42866666666666664,0.5713333333333334,0.7558320373250389,0.27153333333333335,0.5893333333333334,0.0
7,stale_features,lr,rolling,post,0.2,0.7903333333333333,2.177,0.17233333333333334,0.8276666666666667,0.5435203094777563,0.044399999999999995,0.431,0.0
7,stale_features,lr,weighted,pre,0.2,0.8086666666666666,1.6466666666666667,0.4226666666666667,0.5773333333333333,0.7602523659305994,0.2697333333333333,0.5893333333333334,0.0
7,stale_features,lr,weighted,post,0.2,0.7883333333333333,2.1746666666666665,0.176,0.8240000000000001,0.5397727272727273,0.044333333333333336,0.431,0.0
7,stale_features,lr,aci_split,pre,0.2,0.804,1.6473333333333333,0.4266666666666667,0.5733333333333333,0.7546875,0.26953333333333335,0.5893333333333334,0.0
7,stale_features,lr,aci_split,post,0.2,0.7946666666666666,2.2053333333333334,0.16933333333333334,0.8306666666666667,0.5334645669291339,0.03956666666666667,0.431,0.0
7,stale_features,lr,aci_rolling,pre,0.2,0.8006666666666666,1.646,0.43733333333333335,0.5626666666666666,0.75,0.273,0.5893333333333334,0.0
7,stale_features,lr,aci_rolling,post,0.2,0.8006666666666666,2.228666666666667,0.158,0.842,0.5464135021097046,0.041966666666666666,0.431,0.0
7,venue_change,lr,split,pre,0.2,0.8093333333333333,1.662,0.4106666666666667,0.5893333333333333,0.7743506493506493,0.2710666666666667,0.5893333333333334,0.0
7,venue_change,lr,split,post,0.2,0.6833333333333333,1.6206666666666667,0.45666666666666667,0.5433333333333333,0.5481751824817518,0.1273,0.482,0.0
7,venue_change,lr,rolling,pre,0.2,0.806,1.6433333333333333,0.42866666666666664,0.5713333333333334,0.7558320373250389,0.27153333333333335,0.5893333333333334,0.0
7,venue_change,lr,rolling,post,0.2,0.7933333333333333,2.0166666666666666,0.256,0.744,0.6067708333333334,0.0983,0.482,0.0
7,venue_change,lr,weighted,pre,0.2,0.8086666666666666,1.6466666666666667,0.4226666666666667,0.5773333333333333,0.7602523659305994,0.2697333333333333,0.5893333333333334,0.0
7,venue_change,lr,weighted,post,0.2,0.7893333333333333,2.0043333333333333,0.26,0.74,0.6102564102564103,0.10120000000000001,0.482,0.0
7,venue_change,lr,aci_split,pre,0.2,0.804,1.6473333333333333,0.4266666666666667,0.5733333333333333,0.7546875,0.26953333333333335,0.5893333333333334,0.0
7,venue_change,lr,aci_split,post,0.2,0.7943333333333333,2.0163333333333333,0.25666666666666665,0.7433333333333334,0.6142857142857143,0.10089999999999999,0.482,0.0
7,venue_change,lr,aci_rolling,pre,0.2,0.8006666666666666,1.646,0.43733333333333335,0.5626666666666666,0.75,0.273,0.5893333333333334,0.0
7,venue_change,lr,aci_rolling,post,0.2,0.8,2.0376666666666665,0.245,0.755,0.6108843537414966,0.0947,0.482,0.0
7,rare_cluster,lr,split,pre,0.2,0.8093333333333333,1.662,0.4106666666666667,0.5893333333333333,0.7743506493506493,0.2710666666666667,0.5893333333333334,0.0
7,rare_cluster,lr,split,post,0.2,0.7746666666666666,1.6603333333333334,0.413,0.587,0.6836158192090396,0.20346666666666666,0.559,0.0
7,rare_cluster,lr,rolling,pre,0.2,0.806,1.6433333333333333,0.42866666666666664,0.5713333333333334,0.7558320373250389,0.27153333333333335,0.5893333333333334,0.0
7,rare_cluster,lr,rolling,post,0.2,0.797,1.7526666666666666,0.36666666666666664,0.6333333333333333,0.6872727272727273,0.1829333333333333,0.559,0.0
7,rare_cluster,lr,weighted,pre,0.2,0.8086666666666666,1.6466666666666667,0.4226666666666667,0.5773333333333333,0.7602523659305994,0.2697333333333333,0.5893333333333334,0.0
7,rare_cluster,lr,weighted,post,0.2,0.7983333333333333,1.7556666666666667,0.367,0.633,0.6866485013623979,0.18273333333333336,0.559,0.0
7,rare_cluster,lr,aci_split,pre,0.2,0.804,1.6473333333333333,0.4266666666666667,0.5733333333333333,0.7546875,0.26953333333333335,0.5893333333333334,0.0
7,rare_cluster,lr,aci_split,post,0.2,0.799,1.7613333333333334,0.36233333333333334,0.6376666666666666,0.6890524379024839,0.18236666666666668,0.559,0.0
7,rare_cluster,lr,aci_rolling,pre,0.2,0.8006666666666666,1.646,0.43733333333333335,0.5626666666666666,0.75,0.273,0.5893333333333334,0.0
7,rare_cluster,lr,aci_rolling,post,0.2,0.8016666666666666,1.7756666666666667,0.3636666666666667,0.6363333333333333,0.6819431714023831,0.17816666666666667,0.559,0.0
7,iid_control,lr,split,pre,0.2,0.798,1.6666666666666667,0.39266666666666666,0.6073333333333333,0.767402376910017,0.2559333333333333,0.58,0.0
7,iid_control,lr,split,post,0.2,0.8083333333333333,1.673,0.3873333333333333,0.6126666666666667,0.7452667814113597,0.2425,0.581,0.0
7,iid_control,lr,rolling,pre,0.2,0.798,1.6653333333333333,0.3933333333333333,0.6066666666666667,0.7576271186440678,0.2508666666666667,0.58,0.0
7,iid_control,lr,rolling,post,0.2,0.8,1.6553333333333333,0.4013333333333333,0.5986666666666667,0.7325581395348837,0.24266666666666667,0.581,0.0
7,iid_control,lr,weighted,pre,0.2,0.8013333333333333,1.6773333333333333,0.38866666666666666,0.6113333333333333,0.7684391080617495,0.253,0.58,0.0
7,iid_control,lr,weighted,post,0.2,0.7986666666666666,1.6583333333333334,0.398,0.602,0.7328308207705193,0.2420333333333333,0.581,0.0
7,iid_control,lr,aci_split,pre,0.2,0.8013333333333333,1.682,0.388,0.612,0.7646048109965635,0.25146666666666667,0.58,0.0
7,iid_control,lr,aci_split,post,0.2,0.7993333333333333,1.6743333333333332,0.3923333333333333,0.6076666666666667,0.7272727272727273,0.23540000000000003,0.581,0.0
7,iid_control,lr,aci_rolling,pre,0.2,0.8,1.6753333333333333,0.3933333333333333,0.6066666666666667,0.7576271186440678,0.2486,0.58,0.0
7,iid_control,lr,aci_rolling,post,0.2,0.8006666666666666,1.6736666666666666,0.3943333333333333,0.6056666666666667,0.7210481825866442,0.23213333333333336,0.581,0.0
7,none,gbm,split,pre,0.2,0.8066666666666666,1.862,0.366,0.634,0.668488160291439,0.18766666666666668,0.538,0.0
7,none,gbm,split,post,0.2,0.8223333333333334,1.8763333333333334,0.359,0.641,0.6982358402971216,0.19136666666666663,0.534,0.0
7,none,gbm,rolling,pre,0.2,0.8006666666666666,1.8413333333333333,0.37266666666666665,0.6273333333333333,0.6726296958855098,0.1954666666666667,0.538,0.0
7,none,gbm,rolling,post,0.2,0.8006666666666666,1.785,0.4013333333333333,0.5986666666666667,0.6818936877076412,0.20173333333333335,0.534,0.0
7,none,gbm,weighted,pre,0.2,0.8026666666666666,1.862,0.36533333333333334,0.6346666666666667,0.6678832116788321,0.18986666666666668,0.538,0.0
7,none,gbm,weighted,post,0.2,0.8033333333333333,1.7873333333333334,0.40066666666666667,0.5993333333333333,0.6821963394342762,0.20093333333333332,0.534,0.0
7,none,gbm,aci_split,pre,0.2,0.8033333333333333,1.852,0.37533333333333335,0.6246666666666667,0.6678507992895204,0.19593333333333332,0.538,0.0
7,none,gbm,aci_split,post,0.2,0.7986666666666666,1.777,0.4066666666666667,0.5933333333333333,0.6778688524590164,0.20156666666666664,0.534,0.0
7,none,gbm,aci_rolling,pre,0.2,0.8,1.818,0.394,0.606,0.6666666666666666,0.19973333333333335,0.538,0.0
7,none,gbm,aci_rolling,post,0.2,0.8006666666666666,1.7843333333333333,0.4063333333333333,0.5936666666666667,0.6759639048400328,0.20326666666666665,0.534,0.0
7,vol_jump,gbm,split,pre,0.2,0.8066666666666666,1.862,0.366,0.634,0.668488160291439,0.18766666666666668,0.538,0.0
7,vol_jump,gbm,split,post,0.2,0.729,1.8763333333333334,0.359,0.641,0.5868152274837511,0.10576666666666668,0.453,0.0
7,vol_jump,gbm,rolling,pre,0.2,0.8006666666666666,1.8413333333333333,0.37266666666666665,0.6273333333333333,0.6726296958855098,0.1954666666666667,0.538,0.0
7,vol_jump,gbm,rolling,post,0.2,0.7976666666666666,2.12,0.24666666666666667,0.7533333333333333,0.6202702702702703,0.08446666666666666,0.453,0.0
7,vol_jump,gbm,weighted,pre,0.2,0.8026666666666666,1.862,0.36533333333333334,0.6346666666666667,0.6678832116788321,0.18986666666666668,0.538,0.0
7,vol_jump,gbm,weighted,post,0.2,0.7956666666666666,2.1136666666666666,0.24966666666666668,0.7503333333333333,0.6208277703604806,0.08523333333333333,0.453,0.0
7,vol_jump,gbm,aci_split,pre,0.2,0.8033333333333333,1.852,0.37533333333333335,0.6246666666666667,0.6678507992895204,0.19593333333333332,0.538,0.0
7,vol_jump,gbm,aci_split,post,0.2,0.7966666666666666,2.1336666666666666,0.24366666666666667,0.7563333333333333,0.615595075239398,0.081,0.453,0.0
7,vol_jump,gbm,aci_rolling,pre,0.2,0.8,1.818,0.394,0.606,0.6666666666666666,0.19973333333333335,0.538,0.0
7,vol_jump,gbm,aci_rolling,post,0.2,0.801,2.139666666666667,0.24266666666666667,0.7573333333333333,0.6126373626373627,0.08023333333333332,0.453,0.0
7,regime_transition,gbm,split,pre,0.2,0.8066666666666666,1.862,0.366,0.634,0.668488160291439,0.18766666666666668,0.538,0.0
7,regime_transition,gbm,split,post,0.2,0.633,1.8763333333333334,0.359,0.641,0.3649025069637883,-0.026533333333333332,0.339,0.0
7,regime_transition,gbm,rolling,pre,0.2,0.8006666666666666,1.8413333333333333,0.37266666666666665,0.6273333333333333,0.6726296958855098,0.1954666666666667,0.538,0.0
7,regime_transition,gbm,rolling,post,0.2,0.791,2.3356666666666666,0.17333333333333334,0.8266666666666667,0.4307692307692308,0.007733333333333332,0.339,0.0
7,regime_transition,gbm,weighted,pre,0.2,0.8026666666666666,1.862,0.36533333333333334,0.6346666666666667,0.6678832116788321,0.18986666666666668,0.538,0.0
7,regime_transition,gbm,weighted,post,0.2,0.787,2.3273333333333333,0.174,0.8260000000000001,0.42337164750957856,0.007666666666666666,0.339,0.0
7,regime_transition,gbm,aci_split,pre,0.2,0.8033333333333333,1.852,0.37533333333333335,0.6246666666666667,0.6678507992895204,0.19593333333333332,0.538,0.0
7,regime_transition,gbm,aci_split,post,0.2,0.7936666666666666,2.352333333333333,0.16833333333333333,0.8316666666666667,0.42376237623762375,0.00796666666666667,0.339,0.0
7,regime_transition,gbm,aci_rolling,pre,0.2,0.8,1.818,0.394,0.606,0.6666666666666666,0.19973333333333335,0.538,0.0
7,regime_transition,gbm,aci_rolling,post,0.2,0.7996666666666666,2.377666666666667,0.15566666666666668,0.8443333333333334,0.41755888650963596,0.006133333333333331,0.339,0.0
7,feature_shift,gbm,split,pre,0.2,0.8066666666666666,1.862,0.366,0.634,0.668488160291439,0.18766666666666668,0.538,0.0
7,feature_shift,gbm,split,post,0.2,0.6076666666666667,1.6433333333333333,0.464,0.536,0.42887931034482757,0.0313,0.4,0.0
7,feature_shift,gbm,rolling,pre,0.2,0.8006666666666666,1.8413333333333333,0.37266666666666665,0.6273333333333333,0.6726296958855098,0.1954666666666667,0.538,0.0
7,feature_shift,gbm,rolling,post,0.2,0.7916666666666666,2.231,0.18533333333333332,0.8146666666666667,0.47302158273381295,0.024366666666666665,0.4,0.0
7,feature_shift,gbm,weighted,pre,0.2,0.8026666666666666,1.862,0.36533333333333334,0.6346666666666667,0.6678832116788321,0.18986666666666668,0.538,0.0
7,feature_shift,gbm,weighted,post,0.2,0.787,2.2213333333333334,0.18366666666666667,0.8163333333333334,0.46823956442831216,0.021800000000000003,0.4,0.0
7,feature_shift,gbm,aci_split,pre,0.2,0.8033333333333333,1.852,0.37533333333333335,0.6246666666666667,0.6678507992895204,0.19593333333333332,0.538,0.0
7,feature_shift,gbm,aci_split,post,0.2,0.7936666666666666,2.243,0.181,0.819,0.4696132596685083,0.021866666666666666,0.4,0.0
7,feature_shift,gbm,aci_rolling,pre,0.2,0.8,1.818,0.394,0.606,0.6666666666666666,0.19973333333333335,0.538,0.0
7,feature_shift,gbm,aci_rolling,post,0.2,0.7996666666666666,2.2563333333333335,0.17766666666666667,0.8223333333333334,0.474671669793621,0.025333333333333333,0.4,0.0
7,missing_features,gbm,split,pre,0.2,0.8066666666666666,1.862,0.366,0.634,0.668488160291439,0.18766666666666668,0.538,0.0
7,missing_features,gbm,split,post,0.2,0.7736666666666666,1.9643333333333333,0.31033333333333335,0.6896666666666667,0.58968850698174,0.10890000000000001,0.46266666666666667,0.0
7,missing_features,gbm,rolling,pre,0.2,0.8006666666666666,1.8413333333333333,0.37266666666666665,0.6273333333333333,0.6726296958855098,0.1954666666666667,0.538,0.0
7,missing_features,gbm,rolling,post,0.2,0.7986666666666666,2.0493333333333332,0.276,0.724,0.6002415458937198,0.10143333333333332,0.46266666666666667,0.0
7,missing_features,gbm,weighted,pre,0.2,0.8026666666666666,1.862,0.36533333333333334,0.6346666666666667,0.6678832116788321,0.18986666666666668,0.538,0.0
7,missing_features,gbm,weighted,post,0.2,0.7983333333333333,2.0476666666666667,0.2783333333333333,0.7216666666666667,0.6,0.10279999999999999,0.46266666666666667,0.0
7,missing_features,gbm,aci_split,pre,0.2,0.8033333333333333,1.852,0.37533333333333335,0.6246666666666667,0.6678507992895204,0.19593333333333332,0.538,0.0
7,missing_features,gbm,aci_split,post,0.2,0.798,2.056,0.2753333333333333,0.7246666666666667,0.5944309927360775,0.10056666666666668,0.46266666666666667,0.0
7,missing_features,gbm,aci_rolling,pre,0.2,0.8,1.818,0.394,0.606,0.6666666666666666,0.19973333333333335,0.538,0.0
7,missing_features,gbm,aci_rolling,post,0.2,0.801,2.0776666666666666,0.267,0.733,0.5917602996254682,0.09636666666666667,0.46266666666666667,0.0
7,stale_features,gbm,split,pre,0.2,0.8066666666666666,1.862,0.366,0.634,0.668488160291439,0.18766666666666668,0.538,0.0
7,stale_features,gbm,split,post,0.2,0.7033333333333334,1.878,0.3556666666666667,0.6443333333333333,0.49953139643861294,0.0695,0.419,0.0
7,stale_features,gbm,rolling,pre,0.2,0.8006666666666666,1.8413333333333333,0.37266666666666665,0.6273333333333333,0.6726296958855098,0.1954666666666667,0.538,0.0
7,stale_features,gbm,rolling,post,0.2,0.7963333333333333,2.2053333333333334,0.226,0.774,0.5427728613569321,0.05920000000000001,0.419,0.0
7,stale_features,gbm,weighted,pre,0.2,0.8026666666666666,1.862,0.36533333333333334,0.6346666666666667,0.6678832116788321,0.18986666666666668,0.538,0.0
7,stale_features,gbm,weighted,post,0.2,0.795,2.1986666666666665,0.225,0.775,0.5377777777777778,0.055933333333333335,0.419,0.0
7,stale_features,gbm,aci_split,pre,0.2,0.8033333333333333,1.852,0.37533333333333335,0.6246666666666667,0.6678507992895204,0.19593333333333332,0.538,0.0
7,stale_features,gbm,aci_split,post,0.2,0.797,2.224666666666667,0.21333333333333335,0.7866666666666666,0.5296875,0.052199999999999996,0.419,0.0
7,stale_features,gbm,aci_rolling,pre,0.2,0.8,1.818,0.394,0.606,0.6666666666666666,0.19973333333333335,0.538,0.0
7,stale_features,gbm,aci_rolling,post,0.2,0.8016666666666666,2.248,0.206,0.794,0.5372168284789643,0.051866666666666665,0.419,0.0
7,venue_change,gbm,split,pre,0.2,0.8066666666666666,1.862,0.366,0.634,0.668488160291439,0.18766666666666668,0.538,0.0
7,venue_change,gbm,split,post,0.2,0.7173333333333334,1.8143333333333334,0.38233333333333336,0.6176666666666666,0.5231037489102005,0.09203333333333334,0.4503333333333333,0.0
7,venue_change,gbm,rolling,pre,0.2,0.8006666666666666,1.8413333333333333,0.37266666666666665,0.6273333333333333,0.6726296958855098,0.1954666666666667,0.538,0.0
7,venue_change,gbm,rolling,post,0.2,0.7973333333333333,2.0906666666666665,0.25366666666666665,0.7463333333333333,0.5505913272010512,0.07093333333333333,0.4503333333333333,0.0
7,venue_change,gbm,weighted,pre,0.2,0.8026666666666666,1.862,0.36533333333333334,0.6346666666666667,0.6678832116788321,0.18986666666666668,0.538,0.0
7,venue_change,gbm,weighted,post,0.2,0.795,2.083,0.256,0.744,0.55078125,0.0716,0.4503333333333333,0.0
7,venue_change,gbm,aci_split,pre,0.2,0.8033333333333333,1.852,0.37533333333333335,0.6246666666666667,0.6678507992895204,0.19593333333333332,0.538,0.0
7,venue_change,gbm,aci_split,post,0.2,0.7963333333333333,2.087,0.26033333333333336,0.7396666666666667,0.5467349551856594,0.07113333333333334,0.4503333333333333,0.0
7,venue_change,gbm,aci_rolling,pre,0.2,0.8,1.818,0.394,0.606,0.6666666666666666,0.19973333333333335,0.538,0.0
7,venue_change,gbm,aci_rolling,post,0.2,0.8003333333333333,2.111,0.24833333333333332,0.7516666666666667,0.5449664429530201,0.06786666666666666,0.4503333333333333,0.0
7,rare_cluster,gbm,split,pre,0.2,0.8066666666666666,1.862,0.366,0.634,0.668488160291439,0.18766666666666668,0.538,0.0
7,rare_cluster,gbm,split,post,0.2,0.7996666666666666,1.8803333333333334,0.356,0.644,0.6563670411985019,0.1610666666666667,0.5093333333333333,0.0
7,rare_cluster,gbm,rolling,pre,0.2,0.8006666666666666,1.8413333333333333,0.37266666666666665,0.6273333333333333,0.6726296958855098,0.1954666666666667,0.538,0.0
7,rare_cluster,gbm,rolling,post,0.2,0.8013333333333333,1.874,0.3586666666666667,0.6413333333333333,0.6579925650557621,0.16323333333333334,0.5093333333333333,0.0
7,rare_cluster,gbm,weighted,pre,0.2,0.8026666666666666,1.862,0.36533333333333334,0.6346666666666667,0.6678832116788321,0.18986666666666668,0.538,0.0
7,rare_cluster,gbm,weighted,post,0.2,0.7993333333333333,1.8683333333333334,0.36,0.64,0.6555555555555556,0.16313333333333335,0.5093333333333333,0.0
7,rare_cluster,gbm,aci_split,pre,0.2,0.8033333333333333,1.852,0.37533333333333335,0.6246666666666667,0.6678507992895204,0.19593333333333332,0.538,0.0
7,rare_cluster,gbm,aci_split,post,0.2,0.7983333333333333,1.8683333333333334,0.36466666666666664,0.6353333333333333,0.6508226691042047,0.16416666666666666,0.5093333333333333,0.0
7,rare_cluster,gbm,aci_rolling,pre,0.2,0.8,1.818,0.394,0.606,0.6666666666666666,0.19973333333333335,0.538,0.0
7,rare_cluster,gbm,aci_rolling,post,0.2,0.8003333333333333,1.875,0.361,0.639,0.6481994459833795,0.16113333333333335,0.5093333333333333,0.0
7,iid_control,gbm,split,pre,0.2,0.8026666666666666,1.8293333333333333,0.37866666666666665,0.6213333333333333,0.7024647887323944,0.20286666666666667,0.532,0.0
7,iid_control,gbm,split,post,0.2,0.8033333333333333,1.836,0.37,0.63,0.6612612612612613,0.1809,0.53,0.0
7,iid_control,gbm,rolling,pre,0.2,0.7973333333333333,1.806,0.394,0.606,0.688663282571912,0.20426666666666668,0.532,0.0
7,iid_control,gbm,rolling,post,0.2,0.803,1.8316666666666668,0.373,0.627,0.6613047363717605,0.1819,0.53,0.0
7,iid_control,gbm,weighted,pre,0.2,0.7993333333333333,1.8073333333333332,0.396,0.604,0.6868686868686869,0.20493333333333333,0.532,0.0
7,iid_control,gbm,weighted,post,0.2,0.8043333333333333,1.8376666666666666,0.37033333333333335,0.6296666666666666,0.6624662466246625,0.18063333333333337,0.53,0.0
7,iid_control,gbm,aci_split,pre,0.2,0.7993333333333333,1.8213333333333332,0.38666666666666666,0.6133333333333333,0.6896551724137931,0.20040000000000002,0.532,0.0
7,iid_control,gbm,aci_split,post,0.2,0.7993333333333333,1.8256666666666668,0.37766666666666665,0.6223333333333334,0.6557811120917917,0.1812666666666667,0.53,0.0
7,iid_control,gbm,aci_rolling,pre,0.2,0.7986666666666666,1.8093333333333332,0.398,0.602,0.6850921273031826,0.20353333333333334,0.532,0.0
7,iid_control,gbm,aci_rolling,post,0.2,0.801,1.8366666666666667,0.37166666666666665,0.6283333333333334,0.6600896860986547,0.18006666666666668,0.53,0.0
8,none,lr,split,pre,0.2,0.776,1.71,0.4013333333333333,0.5986666666666667,0.7192691029900332,0.23620000000000005,0.55,0.0
8,none,lr,split,post,0.2,0.8003333333333333,1.6516666666666666,0.43633333333333335,0.5636666666666666,0.7532467532467533,0.27373333333333333,0.582,0.0
8,none,lr,rolling,pre,0.2,0.7953333333333333,1.7826666666666666,0.3546666666666667,0.6453333333333333,0.7368421052631579,0.21886666666666668,0.55,0.0
8,none,lr,rolling,post,0.2,0.805,1.6726666666666667,0.427,0.573,0.7447306791569087,0.2615,0.582,0.0
8,none,lr,weighted,pre,0.2,0.8013333333333333,1.7893333333333334,0.3546666666666667,0.6453333333333333,0.7406015037593985,0.22013333333333332,0.55,0.0
8,none,lr,weighted,post,0.2,0.8106666666666666,1.686,0.41633333333333333,0.5836666666666667,0.755004003202562,0.26156666666666667,0.582,0.0
8,none,lr,aci_split,pre,0.2,0.7953333333333333,1.7786666666666666,0.364,0.636,0.7362637362637363,0.2252,0.55,0.0
8,none,lr,aci_split,post,0.2,0.8026666666666666,1.666,0.43166666666666664,0.5683333333333334,0.7436293436293436,0.26536666666666664,0.582,0.0
8,none,lr,aci_rolling,pre,0.2,0.8,1.802,0.3546666666666667,0.6453333333333333,0.7406015037593985,0.222,0.55,0.0
8,none,lr,aci_rolling,post,0.2,0.7996666666666666,1.66,0.44033333333333335,0.5596666666666666,0.7395912187736563,0.26866666666666666,0.582,0.0
8,vol_jump,lr,split,pre,0.2,0.776,1.71,0.4013333333333333,0.5986666666666667,0.7192691029900332,0.23620000000000005,0.55,0.0
8,vol_jump,lr,split,post,0.2,0.6663333333333333,1.6516666666666666,0.43633333333333335,0.5636666666666666,0.6233766233766234,0.14733333333333334,0.528,0.0
8,vol_jump,lr,rolling,pre,0.2,0.7953333333333333,1.7826666666666666,0.3546666666666667,0.6453333333333333,0.7368421052631579,0.21886666666666668,0.55,0.0
8,vol_jump,lr,rolling,post,0.2,0.7976666666666666,2.158333333333333,0.18,0.8200000000000001,0.6888888888888889,0.08223333333333332,0.528,0.0
8,vol_jump,lr,weighted,pre,0.2,0.8013333333333333,1.7893333333333334,0.3546666666666667,0.6453333333333333,0.7406015037593985,0.22013333333333332,0.55,0.0
8,vol_jump,lr,weighted,post,0.2,0.799,2.162333333333333,0.17466666666666666,0.8253333333333334,0.6870229007633588,0.07886666666666667,0.528,0.0
8,vol_jump,lr,aci_split,pre,0.2,0.7953333333333333,1.7786666666666666,0.364,0.636,0.7362637362637363,0.2252,0.55,0.0
8,vol_jump,lr,aci_split,post,0.2,0.7976666666666666,2.171,0.17466666666666666,0.8253333333333334,0.6965648854961832,0.08336666666666666,0.528,0.0
8,vol_jump,lr,aci_rolling,pre,0.2,0.8,1.802,0.3546666666666667,0.6453333333333333,0.7406015037593985,0.222,0.55,0.0
8,vol_jump,lr,aci_rolling,post,0.2,0.7996666666666666,2.182,0.17233333333333334,0.8276666666666667,0.6943907156673114,0.08146666666666667,0.528,0.0
8,regime_transition,lr,split,pre,0.2,0.776,1.71,0.4013333333333333,0.5986666666666667,0.7192691029900332,0.23620000000000005,0.55,0.0
8,regime_transition,lr,split,post,0.2,0.5686666666666667,1.6516666666666666,0.43633333333333335,0.5636666666666666,0.40183346065699005,-0.007966666666666664,0.369,0.0
8,regime_transition,lr,rolling,pre,0.2,0.7953333333333333,1.7826666666666666,0.3546666666666667,0.6453333333333333,0.7368421052631579,0.21886666666666668,0.55,0.0
8,regime_transition,lr,rolling,post,0.2,0.7886666666666666,2.318,0.13366666666666666,0.8663333333333334,0.5486284289276808,0.036333333333333336,0.369,0.0
8,regime_transition,lr,weighted,pre,0.2,0.8013333333333333,1.7893333333333334,0.3546666666666667,0.6453333333333333,0.7406015037593985,0.22013333333333332,0.55,0.0
8,regime_transition,lr,weighted,post,0.2,0.786,2.312666666666667,0.13233333333333333,0.8676666666666667,0.5214105793450882,0.02946666666666667,0.369,0.0
8,regime_transition,lr,aci_split,pre,0.2,0.7953333333333333,1.7786666666666666,0.364,0.636,0.7362637362637363,0.2252,0.55,0.0
8,regime_transition,lr,aci_split,post,0.2,0.7956666666666666,2.333,0.13666666666666666,0.8633333333333333,0.5170731707317073,0.02916666666666667,0.369,0.0
8,regime_transition,lr,aci_rolling,pre,0.2,0.8,1.802,0.3546666666666667,0.6453333333333333,0.7406015037593985,0.222,0.55,0.0
8,regime_transition,lr,aci_rolling,post,0.2,0.7973333333333333,2.35,0.12466666666666666,0.8753333333333333,0.5240641711229946,0.02966666666666667,0.369,0.0
8,feature_shift,lr,split,pre,0.2,0.776,1.71,0.4013333333333333,0.5986666666666667,0.7192691029900332,0.23620000000000005,0.55,0.0
8,feature_shift,lr,split,post,0.2,0.5936666666666667,1.301,0.734,0.266,0.5517711171662125,0.2079666666666667,0.499,0.0
8,feature_shift,lr,rolling,pre,0.2,0.7953333333333333,1.7826666666666666,0.3546666666666667,0.6453333333333333,0.7368421052631579,0.21886666666666668,0.55,0.0
8,feature_shift,lr,rolling,post,0.2,0.7886666666666666,1.9023333333333334,0.39,0.61,0.6572649572649573,0.1796,0.499,0.0
8,feature_shift,lr,weighted,pre,0.2,0.8013333333333333,1.7893333333333334,0.3546666666666667,0.6453333333333333,0.7406015037593985,0.22013333333333332,0.55,0.0
8,feature_shift,lr,weighted,post,0.2,0.7873333333333333,1.898,0.39166666666666666,0.6083333333333334,0.6561702127659574,0.1804333333333333,0.499,0.0
8,feature_shift,lr,aci_split,pre,0.2,0.7953333333333333,1.7786666666666666,0.364,0.636,0.7362637362637363,0.2252,0.55,0.0
8,feature_shift,lr,aci_split,post,0.2,0.7976666666666666,1.9576666666666667,0.37433333333333335,0.6256666666666666,0.6438112199465716,0.1667,0.499,0.0
8,feature_shift,lr,aci_rolling,pre,0.2,0.8,1.802,0.3546666666666667,0.6453333333333333,0.7406015037593985,0.222,0.55,0.0
8,feature_shift,lr,aci_rolling,post,0.2,0.8006666666666666,1.9513333333333334,0.362,0.638,0.6546961325966851,0.1666,0.499,0.0
8,missing_features,lr,split,pre,0.2,0.776,1.71,0.4013333333333333,0.5986666666666667,0.7192691029900332,0.23620000000000005,0.55,0.0
8,missing_features,lr,split,post,0.2,0.7863333333333333,1.8836666666666666,0.265,0.735,0.7119496855345911,0.14616666666666667,0.5053333333333333,0.0
8,missing_features,lr,rolling,pre,0.2,0.7953333333333333,1.7826666666666666,0.3546666666666667,0.6453333333333333,0.7368421052631579,0.21886666666666668,0.55,0.0
8,missing_features,lr,rolling,post,0.2,0.8023333333333333,1.9456666666666667,0.246,0.754,0.7168021680216802,0.137,0.5053333333333333,0.0
8,missing_features,lr,weighted,pre,0.2,0.8013333333333333,1.7893333333333334,0.3546666666666667,0.6453333333333333,0.7406015037593985,0.22013333333333332,0.55,0.0
8,missing_features,lr,weighted,post,0.2,0.8086666666666666,1.9606666666666666,0.234,0.766,0.7222222222222222,0.13223333333333334,0.5053333333333333,0.0
8,missing_features,lr,aci_split,pre,0.2,0.7953333333333333,1.7786666666666666,0.364,0.636,0.7362637362637363,0.2252,0.55,0.0
8,missing_features,lr,aci_split,post,0.2,0.8033333333333333,1.9546666666666668,0.24,0.76,0.7152777777777778,0.13366666666666666,0.5053333333333333,0.0
8,missing_features,lr,aci_rolling,pre,0.2,0.8,1.802,0.3546666666666667,0.6453333333333333,0.7406015037593985,0.222,0.55,0.0
8,missing_features,lr,aci_rolling,post,0.2,0.8023333333333333,1.9556666666666667,0.24233333333333335,0.7576666666666667,0.7056396148555708,0.1314,0.5053333333333333,0.0
8,stale_features,lr,split,pre,0.2,0.776,1.71,0.4013333333333333,0.5986666666666667,0.7192691029900332,0.23620000000000005,0.55,0.0
8,stale_features,lr,split,post,0.2,0.6343333333333333,1.666,0.421,0.579,0.5027711797307997,0.07373333333333335,0.433,0.0
8,stale_features,lr,rolling,pre,0.2,0.7953333333333333,1.7826666666666666,0.3546666666666667,0.6453333333333333,0.7368421052631579,0.21886666666666668,0.55,0.0
8,stale_features,lr,rolling,post,0.2,0.8063333333333333,2.2216666666666667,0.15766666666666668,0.8423333333333334,0.5750528541226215,0.0456,0.433,0.0
8,stale_features,lr,weighted,pre,0.2,0.8013333333333333,1.7893333333333334,0.3546666666666667,0.6453333333333333,0.7406015037593985,0.22013333333333332,0.55,0.0
8,stale_features,lr,weighted,post,0.2,0.8036666666666666,2.202,0.15933333333333333,0.8406666666666667,0.5732217573221757,0.04526666666666667,0.433,0.0
8,stale_features,lr,aci_split,pre,0.2,0.7953333333333333,1.7786666666666666,0.364,0.636,0.7362637362637363,0.2252,0.55,0.0
8,stale_features,lr,aci_split,post,0.2,0.8006666666666666,2.1863333333333332,0.17766666666666667,0.8223333333333334,0.5647279549718575,0.04820000000000001,0.433,0.0
8,stale_features,lr,aci_rolling,pre,0.2,0.8,1.802,0.3546666666666667,0.6453333333333333,0.7406015037593985,0.222,0.55,0.0
8,stale_features,lr,aci_rolling,post,0.2,0.803,2.2023333333333333,0.166,0.834,0.5742971887550201,0.04823333333333333,0.433,0.0
8,venue_change,lr,split,pre,0.2,0.776,1.71,0.4013333333333333,0.5986666666666667,0.7192691029900332,0.23620000000000005,0.55,0.0
8,venue_change,lr,split,post,0.2,0.669,1.6,0.48833333333333334,0.5116666666666667,0.5761092150170648,0.1574,0.4856666666666667,0.0
8,venue_change,lr,rolling,pre,0.2,0.7953333333333333,1.7826666666666666,0.3546666666666667,0.6453333333333333,0.7368421052631579,0.21886666666666668,0.55,0.0
8,venue_change,lr,rolling,post,0.2,0.802,2.0486666666666666,0.242,0.758,0.6487603305785123,0.10723333333333333,0.4856666666666667,0.0
8,venue_change,lr,weighted,pre,0.2,0.8013333333333333,1.7893333333333334,0.3546666666666667,0.6453333333333333,0.7406015037593985,0.22013333333333332,0.55,0.0
8,venue_change,lr,weighted,post,0.2,0.8006666666666666,2.050666666666667,0.239,0.761,0.6471408647140865,0.1051,0.4856666666666667,0.0
8,venue_change,lr,aci_split,pre,0.2,0.7953333333333333,1.7786666666666666,0.364,0.636,0.7362637362637363,0.2252,0.55,0.0
8,venue_change,lr,aci_split,post,0.2,0.7993333333333333,2.0633333333333335,0.237,0.763,0.6455696202531646,0.10493333333333334,0.4856666666666667,0.0
8,venue_change,lr,aci_rolling,pre,0.2,0.8,1.802,0.3546666666666667,0.6453333333333333,0.7406015037593985,0.222,0.55,0.0
8,venue_change,lr,aci_rolling,post,0.2,0.8016666666666666,2.069,0.23933333333333334,0.7606666666666666,0.6420612813370473,0.10416666666666667,0.4856666666666667,0.0
8,rare_cluster,lr,split,pre,0.2,0.776,1.71,0.4013333333333333,0.5986666666666667,0.7192691029900332,0.23620000000000005,0.55,0.0
8,rare_cluster,lr,split,post,0.2,0.769,1.6473333333333333,0.441,0.5589999999999999,0.7029478458049887,0.23173333333333335,0.5526666666666666,0.0
8,rare_cluster,lr,rolling,pre,0.2,0.7953333333333333,1.7826666666666666,0.3546666666666667,0.6453333333333333,0.7368421052631579,0.21886666666666668,0.55,0.0
8,rare_cluster,lr,rolling,post,0.2,0.8036666666666666,1.778,0.37066666666666664,0.6293333333333333,0.7230215827338129,0.20663333333333334,0.5526666666666666,0.0
8,rare_cluster,lr,weighted,pre,0.2,0.8013333333333333,1.7893333333333334,0.3546666666666667,0.6453333333333333,0.7406015037593985,0.22013333333333332,0.55,0.0
8,rare_cluster,lr,weighted,post,0.2,0.8083333333333333,1.7916666666666667,0.35933333333333334,0.6406666666666667,0.7300556586270872,0.20313333333333333,0.5526666666666666,0.0
8,rare_cluster,lr,aci_split,pre,0.2,0.7953333333333333,1.7786666666666666,0.364,0.636,0.7362637362637363,0.2252,0.55,0.0
8,rare_cluster,lr,aci_split,post,0.2,0.8023333333333333,1.7686666666666666,0.37766666666666665,0.6223333333333334,0.7184466019417476,0.207,0.5526666666666666,0.0
8,rare_cluster,lr,aci_rolling,pre,0.2,0.8,1.802,0.3546666666666667,0.6453333333333333,0.7406015037593985,0.222,0.55,0.0
8,rare_cluster,lr,aci_rolling,post,0.2,0.8003333333333333,1.767,0.38066666666666665,0.6193333333333333,0.7075306479859895,0.20243333333333333,0.5526666666666666,0.0
8,iid_control,lr,split,pre,0.2,0.788,1.6666666666666667,0.3893333333333333,0.6106666666666667,0.7414383561643836,0.23979999999999999,0.554,0.0
8,iid_control,lr,split,post,0.2,0.8133333333333334,1.6683333333333332,0.391,0.609,0.7766410912190963,0.2613666666666667,0.5836666666666667,0.0
8,iid_control,lr,rolling,pre,0.2,0.796,1.686,0.37733333333333335,0.6226666666666667,0.7491166077738516,0.2372,0.554,0.0
8,iid_control,lr,rolling,post,0.2,0.799,1.626,0.4226666666666667,0.5773333333333333,0.749211356466877,0.26270000000000004,0.5836666666666667,0.0
8,iid_control,lr,weighted,pre,0.2,0.8,1.6933333333333334,0.374,0.626,0.7540106951871658,0.23806666666666668,0.554,0.0
8,iid_control,lr,weighted,post,0.2,0.8033333333333333,1.642,0.4096666666666667,0.5903333333333334,0.7575264442636289,0.2606333333333334,0.5836666666666667,0.0
8,iid_control,lr,aci_split,pre,0.2,0.7986666666666666,1.6826666666666668,0.386,0.614,0.7409326424870466,0.23480000000000004,0.554,0.0
8,iid_control,lr,aci_split,post,0.2,0.8003333333333333,1.622,0.432,0.5680000000000001,0.7515432098765432,0.2712333333333333,0.5836666666666667,0.0
8,iid_control,lr,aci_rolling,pre,0.2,0.8,1.7073333333333334,0.37733333333333335,0.6226666666666667,0.7420494699646644,0.23126666666666668,0.554,0.0
8,iid_control,lr,aci_rolling,post,0.2,0.7996666666666666,1.6256666666666666,0.435,0.565,0.7440613026819923,0.2678333333333333,0.5836666666666667,0.0003333333333333333
8,none,gbm,split,pre,0.2,0.8,1.9073333333333333,0.3373333333333333,0.6626666666666667,0.6521739130434783,0.1596,0.5146666666666667,0.0
8,none,gbm,split,post,0.2,0.813,1.899,0.3426666666666667,0.6573333333333333,0.6974708171206225,0.18606666666666669,0.5343333333333333,0.0
8,none,gbm,rolling,pre,0.2,0.794,1.8986666666666667,0.34933333333333333,0.6506666666666667,0.648854961832061,0.1632666666666667,0.5146666666666667,0.0
8,none,gbm,rolling,post,0.2,0.801,1.8536666666666666,0.36466666666666664,0.6353333333333333,0.696526508226691,0.19483333333333333,0.5343333333333333,0.0
8,none,gbm,weighted,pre,0.2,0.8,1.916,0.33666666666666667,0.6633333333333333,0.6554455445544555,0.16066666666666668,0.5146666666666667,0.0
8,none,gbm,weighted,post,0.2,0.805,1.8666666666666667,0.357,0.643,0.7030812324929971,0.19500000000000003,0.5343333333333333,0.0
8,none,gbm,aci_split,pre,0.2,0.7986666666666666,1.9386666666666668,0.328,0.6719999999999999,0.6504065040650406,0.15573333333333333,0.5146666666666667,0.0
8,none,gbm,aci_split,post,0.2,0.8013333333333333,1.8516666666666666,0.367,0.633,0.6930063578564941,0.1955666666666667,0.5343333333333333,0.0
8,none,gbm,aci_rolling,pre,0.2,0.8,1.952,0.324,0.6759999999999999,0.6481481481481481,0.15486666666666668,0.5146666666666667,0.0
8,none,gbm,aci_rolling,post,0.2,0.8003333333333333,1.855,0.36666666666666664,0.6333333333333333,0.6918181818181818,0.1947,0.5343333333333333,0.0
8,vol_jump,gbm,split,pre,0.2,0.8,1.9073333333333333,0.3373333333333333,0.6626666666666667,0.6521739130434783,0.1596,0.5146666666666667,0.0
8,vol_jump,gbm,split,post,0.2,0.7296666666666667,1.899,0.3426666666666667,0.6573333333333333,0.5865758754863813,0.10826666666666665,0.45966666666666667,0.0
8,vol_jump,gbm,rolling,pre,0.2,0.794,1.8986666666666667,0.34933333333333333,0.6506666666666667,0.648854961832061,0.1632666666666667,0.5146666666666667,0.0
8,vol_jump,gbm,rolling,post,0.2,0.7986666666666666,2.174,0.23,0.77,0.6072463768115942,0.08056666666666666,0.45966666666666667,0.0
8,vol_jump,gbm,weighted,pre,0.2,0.8,1.916,0.33666666666666667,0.6633333333333333,0.6554455445544555,0.16066666666666668,0.5146666666666667,0.0
8,vol_jump,gbm,weighted,post,0.2,0.8,2.1773333333333333,0.229,0.771,0.6026200873362445,0.07823333333333334,0.45966666666666667,0.0
8,vol_jump,gbm,aci_split,pre,0.2,0.7986666666666666,1.9386666666666668,0.328,0.6719999999999999,0.6504065040650406,0.15573333333333333,0.5146666666666667,0.0
8,vol_jump,gbm,aci_split,post,0.2,0.7986666666666666,2.176,0.22933333333333333,0.7706666666666666,0.6017441860465116,0.07866666666666666,0.45966666666666667,0.0
8,vol_jump,gbm,aci_rolling,pre,0.2,0.8,1.952,0.324,0.6759999999999999,0.6481481481481481,0.15486666666666668,0.5146666666666667,0.0
8,vol_jump,gbm,aci_rolling,post,0.2,0.7996666666666666,2.183666666666667,0.229,0.771,0.5895196506550219,0.07393333333333334,0.45966666666666667,0.0
8,regime_transition,gbm,split,pre,0.2,0.8,1.9073333333333333,0.3373333333333333,0.6626666666666667,0.6521739130434783,0.1596,0.5146666666666667,0.0
8,regime_transition,gbm,split,post,0.2,0.654,1.899,0.3426666666666667,0.6573333333333333,0.40077821011673154,-0.006099999999999999,0.37233333333333335,0.0
8,regime_transition,gbm,rolling,pre,0.2,0.794,1.8986666666666667,0.34933333333333333,0.6506666666666667,0.648854961832061,0.1632666666666667,0.5146666666666667,0.0
8,regime_transition,gbm,rolling,post,0.2,0.788,2.3263333333333334,0.177,0.823,0.4519774011299435,0.017400000000000006,0.37233333333333335,0.0
8,regime_transition,gbm,weighted,pre,0.2,0.8,1.916,0.33666666666666667,0.6633333333333333,0.6554455445544555,0.16066666666666668,0.5146666666666667,0.0
8,regime_transition,gbm,weighted,post,0.2,0.7893333333333333,2.3276666666666666,0.17566666666666667,0.8243333333333334,0.46110056925996207,0.021400000000000002,0.37233333333333335,0.0
8,regime_transition,gbm,aci_split,pre,0.2,0.7986666666666666,1.9386666666666668,0.328,0.6719999999999999,0.6504065040650406,0.15573333333333333,0.5146666666666667,0.0
8,regime_transition,gbm,aci_split,post,0.2,0.7946666666666666,2.3406666666666665,0.174,0.8260000000000001,0.4540229885057471,0.017500000000000005,0.37233333333333335,0.0
8,regime_transition,gbm,aci_rolling,pre,0.2,0.8,1.952,0.324,0.6759999999999999,0.6481481481481481,0.15486666666666668,0.5146666666666667,0.0
8,regime_transition,gbm,aci_rolling,post,0.2,0.7976666666666666,2.3506666666666667,0.168,0.832,0.45634920634920634,0.017566666666666668,0.37233333333333335,0.0
8,feature_shift,gbm,split,pre,0.2,0.8,1.9073333333333333,0.3373333333333333,0.6626666666666667,0.6521739130434783,0.1596,0.5146666666666667,0.0
8,feature_shift,gbm,split,post,0.2,0.623,1.7143333333333333,0.42633333333333334,0.5736666666666667,0.39796716184519154,-0.003866666666666666,0.38533333333333336,0.0
8,feature_shift,gbm,rolling,pre,0.2,0.794,1.8986666666666667,0.34933333333333333,0.6506666666666667,0.648854961832061,0.1632666666666667,0.5146666666666667,0.0
8,feature_shift,gbm,rolling,post,0.2,0.7903333333333333,2.228666666666667,0.185,0.815,0.4252252252252252,0.0038333333333333353,0.38533333333333336,0.0
8,feature_shift,gbm,weighted,pre,0.2,0.8,1.916,0.33666666666666667,0.6633333333333333,0.6554455445544555,0.16066666666666668,0.5146666666666667,0.0
8,feature_shift,gbm,weighted,post,0.2,0.7903333333333333,2.228,0.18466666666666667,0.8153333333333334,0.4259927797833935,0.003933333333333335,0.38533333333333336,0.0
8,feature_shift,gbm,aci_split,pre,0.2,0.7986666666666666,1.9386666666666668,0.328,0.6719999999999999,0.6504065040650406,0.15573333333333333,0.5146666666666667,0.0
8,feature_shift,gbm,aci_split,post,0.2,0.7976666666666666,2.2616666666666667,0.17366666666666666,0.8263333333333334,0.4126679462571977,-0.0012666666666666657,0.38533333333333336,0.0
8,feature_shift,gbm,aci_rolling,pre,0.2,0.8,1.952,0.324,0.6759999999999999,0.6481481481481481,0.15486666666666668,0.5146666666666667,0.0
8,feature_shift,gbm,aci_rolling,post,0.2,0.8013333333333333,2.2603333333333335,0.16966666666666666,0.8303333333333334,0.4204322200392927,0.001500000000000001,0.38533333333333336,0.0
8,missing_features,gbm,split,pre,0.2,0.8,1.9073333333333333,0.3373333333333333,0.6626666666666667,0.6521739130434783,0.1596,0.5146666666666667,0.0
8,missing_features,gbm,split,post,0.2,0.7653333333333333,2.0016666666666665,0.274,0.726,0.5766423357664233,0.0941,0.4493333333333333,0.0
8,missing_features,gbm,rolling,pre,0.2,0.794,1.8986666666666667,0.34933333333333333,0.6506666666666667,0.648854961832061,0.1632666666666667,0.5146666666666667,0.0
8,missing_features,gbm,rolling,post,0.2,0.7963333333333333,2.1146666666666665,0.22833333333333333,0.7716666666666667,0.5854014598540146,0.08266666666666667,0.4493333333333333,0.0
8,missing_features,gbm,weighted,pre,0.2,0.8,1.916,0.33666666666666667,0.6633333333333333,0.6554455445544555,0.16066666666666668,0.5146666666666667,0.0
8,missing_features,gbm,weighted,post,0.2,0.8,2.123,0.22433333333333333,0.7756666666666667,0.586924219910847,0.08116666666666666,0.4493333333333333,0.0
8,missing_features,gbm,aci_split,pre,0.2,0.7986666666666666,1.9386666666666668,0.328,0.6719999999999999,0.6504065040650406,0.15573333333333333,0.5146666666666667,0.0
8,missing_features,gbm,aci_split,post,0.2,0.8006666666666666,2.118,0.23133333333333334,0.7686666666666666,0.5821325648414986,0.08303333333333333,0.4493333333333333,0.0
8,missing_features,gbm,aci_rolling,pre,0.2,0.8,1.952,0.324,0.6759999999999999,0.6481481481481481,0.15486666666666668,0.5146666666666667,0.0
8,missing_features,gbm,aci_rolling,post,0.2,0.8006666666666666,2.1273333333333335,0.22966666666666666,0.7703333333333333,0.5776487663280117,0.08059999999999999,0.4493333333333333,0.0
8,stale_features,gbm,split,pre,0.2,0.8,1.9073333333333333,0.3373333333333333,0.6626666666666667,0.6521739130434783,0.1596,0.5146666666666667,0.0
8,stale_features,gbm,split,post,0.2,0.6773333333333333,1.8776666666666666,0.3556666666666667,0.6443333333333333,0.46485473289597,0.0383,0.39966666666666667,0.0
8,stale_features,gbm,rolling,pre,0.2,0.794,1.8986666666666667,0.34933333333333333,0.6506666666666667,0.648854961832061,0.1632666666666667,0.5146666666666667,0.0
8,stale_features,gbm,rolling,post,0.2,0.7943333333333333,2.268666666666667,0.19033333333333333,0.8096666666666666,0.4886164623467601,0.02956666666666666,0.39966666666666667,0.0
8,stale_features,gbm,weighted,pre,0.2,0.8,1.916,0.33666666666666667,0.6633333333333333,0.6554455445544555,0.16066666666666668,0.5146666666666667,0.0
8,stale_features,gbm,weighted,post,0.2,0.7976666666666666,2.271,0.18933333333333333,0.8106666666666666,0.49119718309859156,0.030333333333333334,0.39966666666666667,0.0
8,stale_features,gbm,aci_split,pre,0.2,0.7986666666666666,1.9386666666666668,0.328,0.6719999999999999,0.6504065040650406,0.15573333333333333,0.5146666666666667,0.0
8,stale_features,gbm,aci_split,post,0.2,0.7983333333333333,2.272,0.193,0.8069999999999999,0.4853195164075993,0.028899999999999995,0.39966666666666667,0.0
8,stale_features,gbm,aci_rolling,pre,0.2,0.8,1.952,0.324,0.6759999999999999,0.6481481481481481,0.15486666666666668,0.5146666666666667,0.0
8,stale_features,gbm,aci_rolling,post,0.2,0.7996666666666666,2.296666666666667,0.18333333333333332,0.8166666666666667,0.4709090909090909,0.023933333333333338,0.39966666666666667,0.0
8,venue_change,gbm,split,pre,0.2,0.8,1.9073333333333333,0.3373333333333333,0.6626666666666667,0.6521739130434783,0.1596,0.5146666666666667,0.0
8,venue_change,gbm,split,post,0.2,0.7153333333333334,1.8406666666666667,0.37,0.63,0.5342342342342342,0.09783333333333333,0.448,0.0
8,venue_change,gbm,rolling,pre,0.2,0.794,1.8986666666666667,0.34933333333333333,0.6506666666666667,0.648854961832061,0.1632666666666667,0.5146666666666667,0.0
8,venue_change,gbm,rolling,post,0.2,0.801,2.1306666666666665,0.24666666666666667,0.7533333333333333,0.5702702702702702,0.0817,0.448,0.0
8,venue_change,gbm,weighted,pre,0.2,0.8,1.916,0.33666666666666667,0.6633333333333333,0.6554455445544555,0.16066666666666668,0.5146666666666667,0.0
8,venue_change,gbm,weighted,post,0.2,0.799,2.124,0.24933333333333332,0.7506666666666667,0.5735294117647058,0.0835,0.448,0.0
8,venue_change,gbm,aci_split,pre,0.2,0.7986666666666666,1.9386666666666668,0.328,0.6719999999999999,0.6504065040650406,0.15573333333333333,0.5146666666666667,0.0
8,venue_change,gbm,aci_split,post,0.2,0.7983333333333333,2.127666666666667,0.24666666666666667,0.7533333333333333,0.572972972972973,0.08020000000000001,0.448,0.0
8,venue_change,gbm,aci_rolling,pre,0.2,0.8,1.952,0.324,0.6759999999999999,0.6481481481481481,0.15486666666666668,0.5146666666666667,0.0
8,venue_change,gbm,aci_rolling,post,0.2,0.8013333333333333,2.1453333333333333,0.23966666666666667,0.7603333333333333,0.5744089012517385,0.07846666666666667,0.448,0.0
8,rare_cluster,gbm,split,pre,0.2,0.8,1.9073333333333333,0.3373333333333333,0.6626666666666667,0.6521739130434783,0.1596,0.5146666666666667,0.0
8,rare_cluster,gbm,split,post,0.2,0.7933333333333333,1.895,0.3453333333333333,0.6546666666666667,0.6640926640926641,0.16460000000000002,0.5146666666666667,0.0
8,rare_cluster,gbm,rolling,pre,0.2,0.794,1.8986666666666667,0.34933333333333333,0.6506666666666667,0.648854961832061,0.1632666666666667,0.5146666666666667,0.0
8,rare_cluster,gbm,rolling,post,0.2,0.7996666666666666,1.9256666666666666,0.33266666666666667,0.6673333333333333,0.6673346693386774,0.15896666666666667,0.5146666666666667,0.0
8,rare_cluster,gbm,weighted,pre,0.2,0.8,1.916,0.33666666666666667,0.6633333333333333,0.6554455445544555,0.16066666666666668,0.5146666666666667,0.0
8,rare_cluster,gbm,weighted,post,0.2,0.802,1.9376666666666666,0.326,0.6739999999999999,0.6666666666666666,0.15596666666666667,0.5146666666666667,0.0
8,rare_cluster,gbm,aci_split,pre,0.2,0.7986666666666666,1.9386666666666668,0.328,0.6719999999999999,0.6504065040650406,0.15573333333333333,0.5146666666666667,0.0
8,rare_cluster,gbm,aci_split,post,0.2,0.801,1.945,0.32366666666666666,0.6763333333333333,0.6622039134912462,0.1534,0.5146666666666667,0.0
8,rare_cluster,gbm,aci_rolling,pre,0.2,0.8,1.952,0.324,0.6759999999999999,0.6481481481481481,0.15486666666666668,0.5146666666666667,0.0
8,rare_cluster,gbm,aci_rolling,post,0.2,0.8006666666666666,1.928,0.33166666666666667,0.6683333333333333,0.664321608040201,0.1587,0.5146666666666667,0.0
8,iid_control,gbm,split,pre,0.2,0.7993333333333333,1.87,0.3446666666666667,0.6553333333333333,0.6441005802707931,0.15613333333333332,0.512,0.0
8,iid_control,gbm,split,post,0.2,0.8086666666666666,1.8563333333333334,0.355,0.645,0.6938967136150235,0.19086666666666663,0.5383333333333333,0.0
8,iid_control,gbm,rolling,pre,0.2,0.8006666666666666,1.8893333333333333,0.3373333333333333,0.6626666666666667,0.6442687747035574,0.15366666666666667,0.512,0.0
8,iid_control,gbm,rolling,post,0.2,0.7966666666666666,1.8113333333333332,0.378,0.622,0.6807760141093474,0.19686666666666663,0.5383333333333333,0.0
8,iid_control,gbm,weighted,pre,0.2,0.8026666666666666,1.8913333333333333,0.3353333333333333,0.6646666666666667,0.6500994035785288,0.155,0.512,0.0
8,iid_control,gbm,weighted,post,0.2,0.8013333333333333,1.823,0.37233333333333335,0.6276666666666666,0.6866606982990152,0.19626666666666664,0.5383333333333333,0.0
8,iid_control,gbm,aci_split,pre,0.2,0.8006666666666666,1.8806666666666667,0.33866666666666667,0.6613333333333333,0.655511811023622,0.15986666666666668,0.512,0.0
8,iid_control,gbm,aci_split,post,0.2,0.7993333333333333,1.8056666666666668,0.383,0.617,0.6832027850304613,0.20020000000000002,0.5383333333333333,0.0
8,iid_control,gbm,aci_rolling,pre,0.2,0.8006666666666666,1.9073333333333333,0.332,0.6679999999999999,0.6506024096385542,0.15366666666666667,0.512,0.0
8,iid_control,gbm,aci_rolling,post,0.2,0.7986666666666666,1.8146666666666667,0.38233333333333336,0.6176666666666666,0.6843940714908456,0.20233333333333334,0.5383333333333333,0.0
9,none,lr,split,pre,0.2,0.7946666666666666,1.6046666666666667,0.48,0.52,0.7375,0.30313333333333337,0.5753333333333334,0.0
9,none,lr,split,post,0.2,0.7966666666666666,1.6263333333333334,0.474,0.526,0.7236286919831224,0.27826666666666666,0.5723333333333334,0.0
9,none,lr,rolling,pre,0.2,0.806,1.652,0.45266666666666666,0.5473333333333333,0.7407952871870398,0.2889333333333333,0.5753333333333334,0.0
9,none,lr,rolling,post,0.2,0.8066666666666666,1.6533333333333333,0.46266666666666667,0.5373333333333333,0.7255043227665706,0.2714333333333333,0.5723333333333334,0.0
9,none,lr,weighted,pre,0.2,0.8086666666666666,1.6526666666666667,0.4533333333333333,0.5466666666666666,0.7441176470588236,0.29086666666666666,0.5753333333333334,0.0
9,none,lr,weighted,post,0.2,0.8056666666666666,1.652,0.4573333333333333,0.5426666666666666,0.7303206997084548,0.27319999999999994,0.5723333333333334,0.0
9,none,lr,aci_split,pre,0.2,0.7986666666666666,1.6433333333333333,0.458,0.542,0.735080058224163,0.28859999999999997,0.5753333333333334,0.0
9,none,lr,aci_split,post,0.2,0.8006666666666666,1.644,0.46366666666666667,0.5363333333333333,0.7217828900071891,0.2693666666666667,0.5723333333333334,0.0
9,none,lr,aci_rolling,pre,0.2,0.8006666666666666,1.6386666666666667,0.4613333333333333,0.5386666666666666,0.7326589595375722,0.28933333333333333,0.5753333333333334,0.0
9,none,lr,aci_rolling,post,0.2,0.8006666666666666,1.6433333333333333,0.4663333333333333,0.5336666666666667,0.7226590421729807,0.2720666666666667,0.5723333333333334,0.0
9,vol_jump,lr,split,pre,0.2,0.7946666666666666,1.6046666666666667,0.48,0.52,0.7375,0.30313333333333337,0.5753333333333334,0.0
9,vol_jump,lr,split,post,0.2,0.6566666666666666,1.6263333333333334,0.474,0.526,0.5921237693389592,0.13890000000000002,0.5083333333333333,0.0
9,vol_jump,lr,rolling,pre,0.2,0.806,1.652,0.45266666666666666,0.5473333333333333,0.7407952871870398,0.2889333333333333,0.5753333333333334,0.0
9,vol_jump,lr,rolling,post,0.2,0.7956666666666666,2.1493333333333333,0.18933333333333333,0.8106666666666666,0.6602112676056338,0.077,0.5083333333333333,0.0
9,vol_jump,lr,weighted,pre,0.2,0.8086666666666666,1.6526666666666667,0.4533333333333333,0.5466666666666666,0.7441176470588236,0.29086666666666666,0.5753333333333334,0.0
9,vol_jump,lr,weighted,post,0.2,0.7933333333333333,2.151666666666667,0.18433333333333332,0.8156666666666667,0.6491862567811935,0.07133333333333333,0.5083333333333333,0.0
9,vol_jump,lr,aci_split,pre,0.2,0.7986666666666666,1.6433333333333333,0.458,0.542,0.735080058224163,0.28859999999999997,0.5753333333333334,0.0
9,vol_jump,lr,aci_split,post,0.2,0.7963333333333333,2.1686666666666667,0.185,0.815,0.6522522522522523,0.07383333333333333,0.5083333333333333,0.0
9,vol_jump,lr,aci_rolling,pre,0.2,0.8006666666666666,1.6386666666666667,0.4613333333333333,0.5386666666666666,0.7326589595375722,0.28933333333333333,0.5753333333333334,0.0
9,vol_jump,lr,aci_rolling,post,0.2,0.8,2.177,0.18366666666666667,0.8163333333333334,0.6588021778584392,0.07466666666666667,0.5083333333333333,0.0
9,regime_transition,lr,split,pre,0.2,0.7946666666666666,1.6046666666666667,0.48,0.52,0.7375,0.30313333333333337,0.5753333333333334,0.0
9,regime_transition,lr,split,post,0.2,0.5586666666666666,1.6263333333333334,0.474,0.526,0.3720112517580872,-0.028700000000000003,0.358,0.0
9,regime_transition,lr,rolling,pre,0.2,0.806,1.652,0.45266666666666666,0.5473333333333333,0.7407952871870398,0.2889333333333333,0.5753333333333334,0.0
9,regime_transition,lr,rolling,post,0.2,0.7916666666666666,2.336,0.13933333333333334,0.8606666666666667,0.5191387559808612,0.029133333333333334,0.358,0.0
9,regime_transition,lr,weighted,pre,0.2,0.8086666666666666,1.6526666666666667,0.4533333333333333,0.5466666666666666,0.7441176470588236,0.29086666666666666,0.5753333333333334,0.0
9,regime_transition,lr,weighted,post,0.2,0.7863333333333333,2.3226666666666667,0.14333333333333334,0.8566666666666667,0.5093023255813953,0.027166666666666665,0.358,0.0
9,regime_transition,lr,aci_split,pre,0.2,0.7986666666666666,1.6433333333333333,0.458,0.542,0.735080058224163,0.28859999999999997,0.5753333333333334,0.0
9,regime_transition,lr,aci_split,post,0.2,0.795,2.3556666666666666,0.14133333333333334,0.8586666666666667,0.5023584905660378,0.025400000000000006,0.358,0.0
9,regime_transition,lr,aci_rolling,pre,0.2,0.8006666666666666,1.6386666666666667,0.4613333333333333,0.5386666666666666,0.7326589595375722,0.28933333333333333,0.5753333333333334,0.0
9,regime_transition,lr,aci_rolling,post,0.2,0.8003333333333333,2.386,0.127,0.873,0.5118110236220472,0.026100000000000005,0.358,0.0
9,feature_shift,lr,split,pre,0.2,0.7946666666666666,1.6046666666666667,0.48,0.52,0.7375,0.30313333333333337,0.5753333333333334,0.0
9,feature_shift,lr,split,post,0.2,0.613,1.266,0.7723333333333333,0.22766666666666668,0.5684074233923176,0.2568666666666667,0.526,0.0
9,feature_shift,lr,rolling,pre,0.2,0.806,1.652,0.45266666666666666,0.5473333333333333,0.7407952871870398,0.2889333333333333,0.5753333333333334,0.0
9,feature_shift,lr,rolling,post,0.2,0.7883333333333333,1.827,0.4613333333333333,0.5386666666666666,0.6640173410404624,0.22856666666666667,0.526,0.0
9,feature_shift,lr,weighted,pre,0.2,0.8086666666666666,1.6526666666666667,0.4533333333333333,0.5466666666666666,0.7441176470588236,0.29086666666666666,0.5753333333333334,0.0
9,feature_shift,lr,weighted,post,0.2,0.7906666666666666,1.8323333333333334,0.456,0.544,0.6695906432748538,0.22956666666666667,0.526,0.0
9,feature_shift,lr,aci_split,pre,0.2,0.7986666666666666,1.6433333333333333,0.458,0.542,0.735080058224163,0.28859999999999997,0.5753333333333334,0.0
9,feature_shift,lr,aci_split,post,0.2,0.7956666666666666,1.8473333333333333,0.452,0.548,0.6696165191740413,0.22730000000000003,0.526,0.0
9,feature_shift,lr,aci_rolling,pre,0.2,0.8006666666666666,1.6386666666666667,0.4613333333333333,0.5386666666666666,0.7326589595375722,0.28933333333333333,0.5753333333333334,0.0
9,feature_shift,lr,aci_rolling,post,0.2,0.7996666666666666,1.8576666666666666,0.444,0.556,0.6734234234234234,0.2268,0.526,0.0
9,missing_features,lr,split,pre,0.2,0.7946666666666666,1.6046666666666667,0.48,0.52,0.7375,0.30313333333333337,0.5753333333333334,0.0
9,missing_features,lr,split,post,0.2,0.7876666666666666,1.8386666666666667,0.322,0.6779999999999999,0.6832298136645962,0.16606666666666664,0.5103333333333333,0.0
9,missing_features,lr,rolling,pre,0.2,0.806,1.652,0.45266666666666666,0.5473333333333333,0.7407952871870398,0.2889333333333333,0.5753333333333334,0.0
9,missing_features,lr,rolling,post,0.2,0.805,1.8953333333333333,0.2956666666666667,0.7043333333333333,0.6910935738444194,0.1552333333333333,0.5103333333333333,0.0
9,missing_features,lr,weighted,pre,0.2,0.8086666666666666,1.6526666666666667,0.4533333333333333,0.5466666666666666,0.7441176470588236,0.29086666666666666,0.5753333333333334,0.0
9,missing_features,lr,weighted,post,0.2,0.8053333333333333,1.9013333333333333,0.293,0.7070000000000001,0.6928327645051194,0.155,0.5103333333333333,0.0
9,missing_features,lr,aci_split,pre,0.2,0.7986666666666666,1.6433333333333333,0.458,0.542,0.735080058224163,0.28859999999999997,0.5753333333333334,0.0
9,missing_features,lr,aci_split,post,0.2,0.8016666666666666,1.8746666666666667,0.305,0.6950000000000001,0.6950819672131148,0.16216666666666668,0.5103333333333333,0.0
9,missing_features,lr,aci_rolling,pre,0.2,0.8006666666666666,1.6386666666666667,0.4613333333333333,0.5386666666666666,0.7326589595375722,0.28933333333333333,0.5753333333333334,0.0
9,missing_features,lr,aci_rolling,post,0.2,0.801,1.8773333333333333,0.30566666666666664,0.6943333333333334,0.688113413304253,0.15839999999999999,0.5103333333333333,0.0
9,stale_features,lr,split,pre,0.2,0.7946666666666666,1.6046666666666667,0.48,0.52,0.7375,0.30313333333333337,0.5753333333333334,0.0
9,stale_features,lr,split,post,0.2,0.6333333333333333,1.6606666666666667,0.45466666666666666,0.5453333333333333,0.46994134897360706,0.059,0.426,0.0
9,stale_features,lr,rolling,pre,0.2,0.806,1.652,0.45266666666666666,0.5473333333333333,0.7407952871870398,0.2889333333333333,0.5753333333333334,0.0
9,stale_features,lr,rolling,post,0.2,0.7953333333333333,2.224,0.18666666666666668,0.8133333333333334,0.5232142857142857,0.04203333333333333,0.426,0.0
9,stale_features,lr,weighted,pre,0.2,0.8086666666666666,1.6526666666666667,0.4533333333333333,0.5466666666666666,0.7441176470588236,0.29086666666666666,0.5753333333333334,0.0
9,stale_features,lr,weighted,post,0.2,0.7936666666666666,2.2133333333333334,0.18666666666666668,0.8133333333333334,0.5160714285714286,0.0389,0.426,0.0
9,stale_features,lr,aci_split,pre,0.2,0.7986666666666666,1.6433333333333333,0.458,0.542,0.735080058224163,0.28859999999999997,0.5753333333333334,0.0
9,stale_features,lr,aci_split,post,0.2,0.797,2.2356666666666665,0.189,0.8109999999999999,0.5202821869488536,0.04103333333333334,0.426,0.0
9,stale_features,lr,aci_rolling,pre,0.2,0.8006666666666666,1.6386666666666667,0.4613333333333333,0.5386666666666666,0.7326589595375722,0.28933333333333333,0.5753333333333334,0.0
9,stale_features,lr,aci_rolling,post,0.2,0.7996666666666666,2.248666666666667,0.18333333333333332,0.8166666666666667,0.5218181818181818,0.04136666666666666,0.426,0.0
9,venue_change,lr,split,pre,0.2,0.7946666666666666,1.6046666666666667,0.48,0.52,0.7375,0.30313333333333337,0.5753333333333334,0.0
9,venue_change,lr,split,post,0.2,0.6646666666666666,1.537,0.5526666666666666,0.44733333333333336,0.5609167671893848,0.1658,0.487,0.0
9,venue_change,lr,rolling,pre,0.2,0.806,1.652,0.45266666666666666,0.5473333333333333,0.7407952871870398,0.2889333333333333,0.5753333333333334,0.0
9,venue_change,lr,rolling,post,0.2,0.792,1.9806666666666666,0.2936666666666667,0.7063333333333333,0.6333711691259932,0.12523333333333334,0.487,0.0
9,venue_change,lr,weighted,pre,0.2,0.8086666666666666,1.6526666666666667,0.4533333333333333,0.5466666666666666,0.7441176470588236,0.29086666666666666,0.5753333333333334,0.0
9,venue_change,lr,weighted,post,0.2,0.7923333333333333,1.982,0.2936666666666667,0.7063333333333333,0.6288308740068105,0.12326666666666669,0.487,0.0
9,venue_change,lr,aci_split,pre,0.2,0.7986666666666666,1.6433333333333333,0.458,0.542,0.735080058224163,0.28859999999999997,0.5753333333333334,0.0
9,venue_change,lr,aci_split,post,0.2,0.796,1.9936666666666667,0.289,0.7110000000000001,0.6343713956170703,0.1234,0.487,0.0
9,venue_change,lr,aci_rolling,pre,0.2,0.8006666666666666,1.6386666666666667,0.4613333333333333,0.5386666666666666,0.7326589595375722,0.28933333333333333,0.5753333333333334,0.0
9,venue_change,lr,aci_rolling,post,0.2,0.7986666666666666,2.0,0.2833333333333333,0.7166666666666667,0.6388235294117647,0.12393333333333334,0.487,0.0
9,rare_cluster,lr,split,pre,0.2,0.7946666666666666,1.6046666666666667,0.48,0.52,0.7375,0.30313333333333337,0.5753333333333334,0.0
9,rare_cluster,lr,split,post,0.2,0.7623333333333333,1.6173333333333333,0.482,0.518,0.6645919778699861,0.2275,0.538,0.0
9,rare_cluster,lr,rolling,pre,0.2,0.806,1.652,0.45266666666666666,0.5473333333333333,0.7407952871870398,0.2889333333333333,0.5753333333333334,0.0
9,rare_cluster,lr,rolling,post,0.2,0.7993333333333333,1.7433333333333334,0.4003333333333333,0.5996666666666667,0.6852622814321399,0.20059999999999997,0.538,0.0
9,rare_cluster,lr,weighted,pre,0.2,0.8086666666666666,1.6526666666666667,0.4533333333333333,0.5466666666666666,0.7441176470588236,0.29086666666666666,0.5753333333333334,0.0
9,rare_cluster,lr,weighted,post,0.2,0.8026666666666666,1.746,0.3983333333333333,0.6016666666666667,0.6870292887029289,0.20033333333333334,0.538,0.0
9,rare_cluster,lr,aci_split,pre,0.2,0.7986666666666666,1.6433333333333333,0.458,0.542,0.735080058224163,0.28859999999999997,0.5753333333333334,0.0
9,rare_cluster,lr,aci_split,post,0.2,0.8,1.742,0.4076666666666667,0.5923333333333334,0.6843826655764513,0.20423333333333335,0.538,0.0
9,rare_cluster,lr,aci_rolling,pre,0.2,0.8006666666666666,1.6386666666666667,0.4613333333333333,0.5386666666666666,0.7326589595375722,0.28933333333333333,0.5753333333333334,0.0
9,rare_cluster,lr,aci_rolling,post,0.2,0.8006666666666666,1.7443333333333333,0.41133333333333333,0.5886666666666667,0.6807131280388979,0.20303333333333332,0.538,0.0
9,iid_control,lr,split,pre,0.2,0.7913333333333333,1.6426666666666667,0.45266666666666666,0.5473333333333333,0.7466863033873343,0.28353333333333336,0.5933333333333334,0.0
9,iid_control,lr,split,post,0.2,0.796,1.6743333333333332,0.43133333333333335,0.5686666666666667,0.7248840803709428,0.2551333333333333,0.5583333333333333,0.0
9,iid_control,lr,rolling,pre,0.2,0.7966666666666666,1.6573333333333333,0.44066666666666665,0.5593333333333333,0.7473524962178517,0.2763333333333333,0.5933333333333334,0.0
9,iid_control,lr,rolling,post,0.2,0.799,1.679,0.428,0.5720000000000001,0.7258566978193146,0.2523666666666667,0.5583333333333333,0.0
9,iid_control,lr,weighted,pre,0.2,0.8006666666666666,1.668,0.43066666666666664,0.5693333333333334,0.7523219814241486,0.2728666666666667,0.5933333333333334,0.0
9,iid_control,lr,weighted,post,0.2,0.801,1.688,0.42233333333333334,0.5776666666666667,0.7245461720599842,0.248,0.5583333333333333,0.0
9,iid_control,lr,aci_split,pre,0.2,0.7986666666666666,1.6606666666666667,0.43866666666666665,0.5613333333333334,0.7537993920972644,0.2800666666666667,0.5933333333333334,0.0
9,iid_control,lr,aci_split,post,0.2,0.8,1.678,0.42866666666666664,0.5713333333333334,0.7216174183514774,0.2495,0.5583333333333333,0.0
9,iid_control,lr,aci_rolling,pre,0.2,0.798,1.6473333333333333,0.448,0.552,0.7455357142857143,0.2788,0.5933333333333334,0.0
9,iid_control,lr,aci_rolling,post,0.2,0.8013333333333333,1.6783333333333332,0.427,0.573,0.7236533957845434,0.25003333333333333,0.5583333333333333,0.0
9,none,gbm,split,pre,0.2,0.8,1.82,0.38866666666666666,0.6113333333333333,0.6638078902229846,0.19773333333333332,0.5246666666666666,0.0
9,none,gbm,split,post,0.2,0.79,1.831,0.377,0.623,0.6640141467727675,0.18406666666666668,0.519,0.0
9,none,gbm,rolling,pre,0.2,0.8033333333333333,1.8226666666666667,0.392,0.608,0.6615646258503401,0.1950666666666667,0.5246666666666666,0.0
9,none,gbm,rolling,post,0.2,0.7993333333333333,1.8733333333333333,0.35933333333333334,0.6406666666666667,0.6688311688311688,0.17683333333333334,0.519,0.0
9,none,gbm,weighted,pre,0.2,0.8026666666666666,1.826,0.3913333333333333,0.6086666666666667,0.6592844974446337,0.19420000000000004,0.5246666666666666,0.0
9,none,gbm,weighted,post,0.2,0.8023333333333333,1.88,0.354,0.646,0.6685499058380414,0.17516666666666666,0.519,0.0
9,none,gbm,aci_split,pre,0.2,0.7993333333333333,1.8226666666666667,0.394,0.606,0.6531302876480541,0.19253333333333333,0.5246666666666666,0.0
9,none,gbm,aci_split,post,0.2,0.7993333333333333,1.86,0.36866666666666664,0.6313333333333333,0.6573236889692586,0.17596666666666666,0.519,0.0
9,none,gbm,aci_rolling,pre,0.2,0.8013333333333333,1.8373333333333333,0.3913333333333333,0.6086666666666667,0.6524701873935264,0.19360000000000002,0.5246666666666666,0.0
9,none,gbm,aci_rolling,post,0.2,0.799,1.8616666666666666,0.372,0.628,0.6541218637992832,0.17616666666666667,0.519,0.0
9,vol_jump,gbm,split,pre,0.2,0.8,1.82,0.38866666666666666,0.6113333333333333,0.6638078902229846,0.19773333333333332,0.5246666666666666,0.0
9,vol_jump,gbm,split,post,0.2,0.697,1.831,0.377,0.623,0.5517241379310345,0.0909,0.44366666666666665,0.0
9,vol_jump,gbm,rolling,pre,0.2,0.8033333333333333,1.8226666666666667,0.392,0.608,0.6615646258503401,0.1950666666666667,0.5246666666666666,0.0
9,vol_jump,gbm,rolling,post,0.2,0.7973333333333333,2.1653333333333333,0.23433333333333334,0.7656666666666667,0.5974395448079659,0.07126666666666667,0.44366666666666665,0.0
9,vol_jump,gbm,weighted,pre,0.2,0.8026666666666666,1.826,0.3913333333333333,0.6086666666666667,0.6592844974446337,0.19420000000000004,0.5246666666666666,0.0
9,vol_jump,gbm,weighted,post,0.2,0.7973333333333333,2.163666666666667,0.236,0.764,0.597457627118644,0.07173333333333333,0.44366666666666665,0.0
9,vol_jump,gbm,aci_split,pre,0.2,0.7993333333333333,1.8226666666666667,0.394,0.606,0.6531302876480541,0.19253333333333333,0.5246666666666666,0.0
9,vol_jump,gbm,aci_split,post,0.2,0.7963333333333333,2.1613333333333333,0.238,0.762,0.5952380952380952,0.07276666666666667,0.44366666666666665,0.0
9,vol_jump,gbm,aci_rolling,pre,0.2,0.8013333333333333,1.8373333333333333,0.3913333333333333,0.6086666666666667,0.6524701873935264,0.19360000000000002,0.5246666666666666,0.0
9,vol_jump,gbm,aci_rolling,post,0.2,0.798,2.1643333333333334,0.23833333333333334,0.7616666666666667,0.5944055944055944,0.07176666666666667,0.44366666666666665,0.0
9,regime_transition,gbm,split,pre,0.2,0.8,1.82,0.38866666666666666,0.6113333333333333,0.6638078902229846,0.19773333333333332,0.5246666666666666,0.0
9,regime_transition,gbm,split,post,0.2,0.6153333333333333,1.831,0.377,0.623,0.3687002652519894,-0.0179,0.3473333333333333,0.0
9,regime_transition,gbm,rolling,pre,0.2,0.8033333333333333,1.8226666666666667,0.392,0.608,0.6615646258503401,0.1950666666666667,0.5246666666666666,0.0
9,regime_transition,gbm,rolling,post,0.2,0.7953333333333333,2.3566666666666665,0.16366666666666665,0.8363333333333334,0.4317718940936864,0.007700000000000003,0.3473333333333333,0.0
9,regime_transition,gbm,weighted,pre,0.2,0.8026666666666666,1.826,0.3913333333333333,0.6086666666666667,0.6592844974446337,0.19420000000000004,0.5246666666666666,0.0
9,regime_transition,gbm,weighted,post,0.2,0.794,2.346,0.16733333333333333,0.8326666666666667,0.4362549800796813,0.008933333333333335,0.3473333333333333,0.0
9,regime_transition,gbm,aci_split,pre,0.2,0.7993333333333333,1.8226666666666667,0.394,0.606,0.6531302876480541,0.19253333333333333,0.5246666666666666,0.0
9,regime_transition,gbm,aci_split,post,0.2,0.7956666666666666,2.357,0.16966666666666666,0.8303333333333334,0.4361493123772102,0.0095,0.3473333333333333,0.0
9,regime_transition,gbm,aci_rolling,pre,0.2,0.8013333333333333,1.8373333333333333,0.3913333333333333,0.6086666666666667,0.6524701873935264,0.19360000000000002,0.5246666666666666,0.0
9,regime_transition,gbm,aci_rolling,post,0.2,0.7986666666666666,2.3686666666666665,0.166,0.834,0.43172690763052207,0.0093,0.3473333333333333,0.0
9,feature_shift,gbm,split,pre,0.2,0.8,1.82,0.38866666666666666,0.6113333333333333,0.6638078902229846,0.19773333333333332,0.5246666666666666,0.0
9,feature_shift,gbm,split,post,0.2,0.611,1.7413333333333334,0.389,0.611,0.3787489288774636,-0.014999999999999996,0.359,0.0
9,feature_shift,gbm,rolling,pre,0.2,0.8033333333333333,1.8226666666666667,0.392,0.608,0.6615646258503401,0.1950666666666667,0.5246666666666666,0.0
9,feature_shift,gbm,rolling,post,0.2,0.7896666666666666,2.2816666666666667,0.14266666666666666,0.8573333333333333,0.4602803738317757,0.0152,0.359,0.0
9,feature_shift,gbm,weighted,pre,0.2,0.8026666666666666,1.826,0.3913333333333333,0.6086666666666667,0.6592844974446337,0.19420000000000004,0.5246666666666666,0.0
9,feature_shift,gbm,weighted,post,0.2,0.792,2.2783333333333333,0.14433333333333334,0.8556666666666667,0.47113163972286376,0.0183,0.359,0.0
9,feature_shift,gbm,aci_split,pre,0.2,0.7993333333333333,1.8226666666666667,0.394,0.606,0.6531302876480541,0.19253333333333333,0.5246666666666666,0.0
9,feature_shift,gbm,aci_split,post,0.2,0.795,2.3106666666666666,0.137,0.863,0.45012165450121655,0.011933333333333332,0.359,0.0
9,feature_shift,gbm,aci_rolling,pre,0.2,0.8013333333333333,1.8373333333333333,0.3913333333333333,0.6086666666666667,0.6524701873935264,0.19360000000000002,0.5246666666666666,0.0
9,feature_shift,gbm,aci_rolling,post,0.2,0.798,2.3226666666666667,0.13166666666666665,0.8683333333333334,0.4607594936708861,0.012366666666666666,0.359,0.0
9,missing_features,gbm,split,pre,0.2,0.8,1.82,0.38866666666666666,0.6113333333333333,0.6638078902229846,0.19773333333333332,0.5246666666666666,0.0
9,missing_features,gbm,split,post,0.2,0.7156666666666667,1.819,0.38066666666666665,0.6193333333333333,0.5359019264448336,0.1046,0.4533333333333333,0.0
9,missing_features,gbm,rolling,pre,0.2,0.8033333333333333,1.8226666666666667,0.392,0.608,0.6615646258503401,0.1950666666666667,0.5246666666666666,0.0
9,missing_features,gbm,rolling,post,0.2,0.7993333333333333,2.0936666666666666,0.26066666666666666,0.7393333333333334,0.5754475703324808,0.08906666666666668,0.4533333333333333,0.0
9,missing_features,gbm,weighted,pre,0.2,0.8026666666666666,1.826,0.3913333333333333,0.6086666666666667,0.6592844974446337,0.19420000000000004,0.5246666666666666,0.0
9,missing_features,gbm,weighted,post,0.2,0.7986666666666666,2.0953333333333335,0.258,0.742,0.5762273901808785,0.0887,0.4533333333333333,0.0
9,missing_features,gbm,aci_split,pre,0.2,0.7993333333333333,1.8226666666666667,0.394,0.606,0.6531302876480541,0.19253333333333333,0.5246666666666666,0.0
9,missing_features,gbm,aci_split,post,0.2,0.799,2.0873333333333335,0.26166666666666666,0.7383333333333333,0.5796178343949044,0.09243333333333334,0.4533333333333333,0.0
9,missing_features,gbm,aci_rolling,pre,0.2,0.8013333333333333,1.8373333333333333,0.3913333333333333,0.6086666666666667,0.6524701873935264,0.19360000000000002,0.5246666666666666,0.0
9,missing_features,gbm,aci_rolling,post,0.2,0.801,2.1046666666666667,0.25466666666666665,0.7453333333333334,0.5798429319371727,0.08953333333333334,0.4533333333333333,0.0
9,stale_features,gbm,split,pre,0.2,0.8,1.82,0.38866666666666666,0.6113333333333333,0.6638078902229846,0.19773333333333332,0.5246666666666666,0.0
9,stale_features,gbm,split,post,0.2,0.674,1.849,0.36,0.64,0.45092592592592595,0.03950000000000001,0.4,0.0
9,stale_features,gbm,rolling,pre,0.2,0.8033333333333333,1.8226666666666667,0.392,0.608,0.6615646258503401,0.1950666666666667,0.5246666666666666,0.0
9,stale_features,gbm,rolling,post,0.2,0.7963333333333333,2.253,0.212,0.788,0.4811320754716981,0.034166666666666665,0.4,0.0
9,stale_features,gbm,weighted,pre,0.2,0.8026666666666666,1.826,0.3913333333333333,0.6086666666666667,0.6592844974446337,0.19420000000000004,0.5246666666666666,0.0
9,stale_features,gbm,weighted,post,0.2,0.798,2.257,0.21033333333333334,0.7896666666666666,0.48019017432646594,0.034833333333333334,0.4,0.0
9,stale_features,gbm,aci_split,pre,0.2,0.7993333333333333,1.8226666666666667,0.394,0.606,0.6531302876480541,0.19253333333333333,0.5246666666666666,0.0
9,stale_features,gbm,aci_split,post,0.2,0.7976666666666666,2.2643333333333335,0.20566666666666666,0.7943333333333333,0.4846029173419773,0.03646666666666667,0.4,0.0
9,stale_features,gbm,aci_rolling,pre,0.2,0.8013333333333333,1.8373333333333333,0.3913333333333333,0.6086666666666667,0.6524701873935264,0.19360000000000002,0.5246666666666666,0.0
9,stale_features,gbm,aci_rolling,post,0.2,0.8003333333333333,2.2706666666666666,0.209,0.791,0.48484848484848486,0.03663333333333334,0.4,0.0
9,venue_change,gbm,split,pre,0.2,0.8,1.82,0.38866666666666666,0.6113333333333333,0.6638078902229846,0.19773333333333332,0.5246666666666666,0.0
9,venue_change,gbm,split,post,0.2,0.702,1.775,0.405,0.595,0.5201646090534979,0.09483333333333334,0.44633333333333336,0.0
9,venue_change,gbm,rolling,pre,0.2,0.8033333333333333,1.8226666666666667,0.392,0.608,0.6615646258503401,0.1950666666666667,0.5246666666666666,0.0
9,venue_change,gbm,rolling,post,0.2,0.7953333333333333,2.113,0.256,0.744,0.5494791666666666,0.07646666666666667,0.44633333333333336,0.0
9,venue_change,gbm,weighted,pre,0.2,0.8026666666666666,1.826,0.3913333333333333,0.6086666666666667,0.6592844974446337,0.19420000000000004,0.5246666666666666,0.0
9,venue_change,gbm,weighted,post,0.2,0.7953333333333333,2.1113333333333335,0.25733333333333336,0.7426666666666666,0.5453367875647669,0.07606666666666666,0.44633333333333336,0.0
9,venue_change,gbm,aci_split,pre,0.2,0.7993333333333333,1.8226666666666667,0.394,0.606,0.6531302876480541,0.19253333333333333,0.5246666666666666,0.0
9,venue_change,gbm,aci_split,post,0.2,0.7963333333333333,2.1216666666666666,0.25266666666666665,0.7473333333333334,0.5435356200527705,0.07406666666666667,0.44633333333333336,0.0
9,venue_change,gbm,aci_rolling,pre,0.2,0.8013333333333333,1.8373333333333333,0.3913333333333333,0.6086666666666667,0.6524701873935264,0.19360000000000002,0.5246666666666666,0.0
9,venue_change,gbm,aci_rolling,post,0.2,0.7983333333333333,2.119666666666667,0.252,0.748,0.5542328042328042,0.07696666666666667,0.44633333333333336,0.0
9,rare_cluster,gbm,split,pre,0.2,0.8,1.82,0.38866666666666666,0.6113333333333333,0.6638078902229846,0.19773333333333332,0.5246666666666666,0.0
9,rare_cluster,gbm,split,post,0.2,0.7706666666666667,1.8356666666666666,0.37366666666666665,0.6263333333333334,0.631578947368421,0.15793333333333334,0.49866666666666665,0.0
9,rare_cluster,gbm,rolling,pre,0.2,0.8033333333333333,1.8226666666666667,0.392,0.608,0.6615646258503401,0.1950666666666667,0.5246666666666666,0.0
9,rare_cluster,gbm,rolling,post,0.2,0.797,1.9396666666666667,0.328,0.6719999999999999,0.6432926829268293,0.14596666666666666,0.49866666666666665,0.0
9,rare_cluster,gbm,weighted,pre,0.2,0.8026666666666666,1.826,0.3913333333333333,0.6086666666666667,0.6592844974446337,0.19420000000000004,0.5246666666666666,0.0
9,rare_cluster,gbm,weighted,post,0.2,0.801,1.9456666666666667,0.3253333333333333,0.6746666666666667,0.6495901639344263,0.14736666666666667,0.49866666666666665,0.0
9,rare_cluster,gbm,aci_split,pre,0.2,0.7993333333333333,1.8226666666666667,0.394,0.606,0.6531302876480541,0.19253333333333333,0.5246666666666666,0.0
9,rare_cluster,gbm,aci_split,post,0.2,0.799,1.9423333333333332,0.32766666666666666,0.6723333333333333,0.6449643947100712,0.1462,0.49866666666666665,0.0
9,rare_cluster,gbm,aci_rolling,pre,0.2,0.8013333333333333,1.8373333333333333,0.3913333333333333,0.6086666666666667,0.6524701873935264,0.19360000000000002,0.5246666666666666,0.0
9,rare_cluster,gbm,aci_rolling,post,0.2,0.7986666666666666,1.951,0.3273333333333333,0.6726666666666667,0.6374745417515275,0.14243333333333333,0.49866666666666665,0.0
9,iid_control,gbm,split,pre,0.2,0.8066666666666666,1.8486666666666667,0.37866666666666665,0.6213333333333333,0.6848591549295775,0.19733333333333333,0.5293333333333333,0.0
9,iid_control,gbm,split,post,0.2,0.8013333333333333,1.8236666666666668,0.38766666666666666,0.6123333333333334,0.6766981943250215,0.1927,0.519,0.0
9,iid_control,gbm,rolling,pre,0.2,0.8006666666666666,1.826,0.392,0.608,0.6870748299319728,0.2072,0.5293333333333333,0.0
9,iid_control,gbm,rolling,post,0.2,0.801,1.83,0.38466666666666666,0.6153333333333333,0.6767764298093587,0.19093333333333332,0.519,0.0
9,iid_control,gbm,weighted,pre,0.2,0.8046666666666666,1.8373333333333333,0.39,0.61,0.6871794871794872,0.20473333333333335,0.5293333333333333,0.0
9,iid_control,gbm,weighted,post,0.2,0.8023333333333333,1.8343333333333334,0.38333333333333336,0.6166666666666667,0.6765217391304348,0.18913333333333332,0.519,0.0
9,iid_control,gbm,aci_split,pre,0.2,0.798,1.8206666666666667,0.4,0.6,0.6783333333333333,0.20580000000000004,0.5293333333333333,0.0
9,iid_control,gbm,aci_split,post,0.2,0.8006666666666666,1.8316666666666668,0.38566666666666666,0.6143333333333334,0.6732929991356957,0.18953333333333333,0.519,0.0
9,iid_control,gbm,aci_rolling,pre,0.2,0.7973333333333333,1.82,0.3993333333333333,0.6006666666666667,0.6828046744574291,0.20626666666666665,0.5293333333333333,0.0
9,iid_control,gbm,aci_rolling,post,0.2,0.802,1.843,0.37933333333333336,0.6206666666666667,0.6687170474516696,0.18216666666666667,0.519,0.0
10,none,lr,split,pre,0.2,0.814,1.6626666666666667,0.41733333333333333,0.5826666666666667,0.7492012779552716,0.2621333333333334,0.5533333333333333,0.0
10,none,lr,split,post,0.2,0.782,1.6316666666666666,0.446,0.554,0.7227204783258595,0.2551333333333334,0.566,0.0
10,none,lr,rolling,pre,0.2,0.8,1.622,0.44666666666666666,0.5533333333333333,0.7298507462686568,0.2664666666666667,0.5533333333333333,0.0
10,none,lr,rolling,post,0.2,0.792,1.6976666666666667,0.4086666666666667,0.5913333333333333,0.7218597063621534,0.23416666666666666,0.566,0.0
10,none,lr,weighted,pre,0.2,0.8073333333333333,1.638,0.44066666666666665,0.5593333333333333,0.7367624810892587,0.2674666666666667,0.5533333333333333,0.0
10,none,lr,weighted,post,0.2,0.7936666666666666,1.6956666666666667,0.4116666666666667,0.5883333333333334,0.7271255060728745,0.23866666666666667,0.566,0.0
10,none,lr,aci_split,pre,0.2,0.8006666666666666,1.6306666666666667,0.44466666666666665,0.5553333333333333,0.7331334332833583,0.2687333333333333,0.5533333333333333,0.0
10,none,lr,aci_split,post,0.2,0.7973333333333333,1.7066666666666668,0.41,0.5900000000000001,0.7276422764227642,0.23763333333333328,0.566,0.0
10,none,lr,aci_rolling,pre,0.2,0.798,1.6353333333333333,0.44866666666666666,0.5513333333333333,0.7236255572065379,0.2656,0.5533333333333333,0.0
10,none,lr,aci_rolling,post,0.2,0.7996666666666666,1.725,0.4023333333333333,0.5976666666666667,0.7232808616404308,0.23086666666666664,0.566,0.0
10,vol_jump,lr,split,pre,0.2,0.814,1.6626666666666667,0.41733333333333333,0.5826666666666667,0.7492012779552716,0.2621333333333334,0.5533333333333333,0.0
10,vol_jump,lr,split,post,0.2,0.6403333333333333,1.6316666666666666,0.446,0.554,0.585949177877429,0.11843333333333333,0.49933333333333335,0.0
10,vol_jump,lr,rolling,pre,0.2,0.8,1.622,0.44666666666666666,0.5533333333333333,0.7298507462686568,0.2664666666666667,0.5533333333333333,0.0
10,vol_jump,lr,rolling,post,0.2,0.7883333333333333,2.1933333333333334,0.171,0.829,0.6335282651072125,0.0606,0.49933333333333335,0.0
10,vol_jump,lr,weighted,pre,0.2,0.8073333333333333,1.638,0.44066666666666665,0.5593333333333333,0.7367624810892587,0.2674666666666667,0.5533333333333333,0.0
10,vol_jump,lr,weighted,post,0.2,0.7873333333333333,2.2006666666666668,0.168,0.832,0.623015873015873,0.05673333333333333,0.49933333333333335,0.0
10,vol_jump,lr,aci_split,pre,0.2,0.8006666666666666,1.6306666666666667,0.44466666666666665,0.5553333333333333,0.7331334332833583,0.2687333333333333,0.5533333333333333,0.0
10,vol_jump,lr,aci_split,post,0.2,0.7946666666666666,2.216,0.16933333333333334,0.8306666666666667,0.6496062992125984,0.0656,0.49933333333333335,0.0
10,vol_jump,lr,aci_rolling,pre,0.2,0.798,1.6353333333333333,0.44866666666666666,0.5513333333333333,0.7236255572065379,0.2656,0.5533333333333333,0.0
10,vol_jump,lr,aci_rolling,post,0.2,0.8,2.228666666666667,0.16533333333333333,0.8346666666666667,0.6491935483870968,0.0638,0.49933333333333335,0.0
10,regime_transition,lr,split,pre,0.2,0.814,1.6626666666666667,0.41733333333333333,0.5826666666666667,0.7492012779552716,0.2621333333333334,0.5533333333333333,0.0
10,regime_transition,lr,split,post,0.2,0.5433333333333333,1.6316666666666666,0.446,0.554,0.33557548579970103,-0.060333333333333336,0.3436666666666667,0.0
10,regime_transition,lr,rolling,pre,0.2,0.8,1.622,0.44666666666666666,0.5533333333333333,0.7298507462686568,0.2664666666666667,0.5533333333333333,0.0
10,regime_transition,lr,rolling,post,0.2,0.7853333333333333,2.348333333333333,0.12566666666666668,0.8743333333333333,0.41909814323607425,0.0021666666666666713,0.3436666666666667,0.0
10,regime_transition,lr,weighted,pre,0.2,0.8073333333333333,1.638,0.44066666666666665,0.5593333333333333,0.7367624810892587,0.2674666666666667,0.5533333333333333,0.0
10,regime_transition,lr,weighted,post,0.2,0.78,2.332666666666667,0.13266666666666665,0.8673333333333333,0.4396984924623116,0.00743333333333333,0.3436666666666667,0.0
10,regime_transition,lr,aci_split,pre,0.2,0.8006666666666666,1.6306666666666667,0.44466666666666665,0.5553333333333333,0.7331334332833583,0.2687333333333333,0.5533333333333333,0.0
10,regime_transition,lr,aci_split,post,0.2,0.7936666666666666,2.368,0.12833333333333333,0.8716666666666667,0.4,-0.0029333333333333277,0.3436666666666667,0.0
10,regime_transition,lr,aci_rolling,pre,0.2,0.798,1.6353333333333333,0.44866666666666666,0.5513333333333333,0.7236255572065379,0.2656,0.5533333333333333,0.0
10,regime_transition,lr,aci_rolling,post,0.2,0.8,2.409,0.10633333333333334,0.8936666666666666,0.3887147335423197,-0.004299999999999999,0.3436666666666667,0.0
10,feature_shift,lr,split,pre,0.2,0.814,1.6626666666666667,0.41733333333333333,0.5826666666666667,0.7492012779552716,0.2621333333333334,0.5533333333333333,0.0
10,feature_shift,lr,split,post,0.2,0.621,1.374,0.6596666666666666,0.3403333333333334,0.5689742294087923,0.20753333333333335,0.5036666666666667,0.0
10,feature_shift,lr,rolling,pre,0.2,0.8,1.622,0.44666666666666666,0.5533333333333333,0.7298507462686568,0.2664666666666667,0.5533333333333333,0.0
10,feature_shift,lr,rolling,post,0.2,0.7893333333333333,1.926,0.343,0.657,0.6647230320699709,0.16446666666666665,0.5036666666666667,0.0
10,feature_shift,lr,weighted,pre,0.2,0.8073333333333333,1.638,0.44066666666666665,0.5593333333333333,0.7367624810892587,0.2674666666666667,0.5533333333333333,0.0
10,feature_shift,lr,weighted,post,0.2,0.788,1.9266666666666667,0.339,0.661,0.6637168141592921,0.1614,0.5036666666666667,0.0
10,feature_shift,lr,aci_split,pre,0.2,0.8006666666666666,1.6306666666666667,0.44466666666666665,0.5553333333333333,0.7331334332833583,0.2687333333333333,0.5533333333333333,0.0
10,feature_shift,lr,aci_split,post,0.2,0.794,1.9463333333333332,0.3323333333333333,0.6676666666666666,0.6609829488465396,0.15716666666666668,0.5036666666666667,0.0
10,feature_shift,lr,aci_rolling,pre,0.2,0.798,1.6353333333333333,0.44866666666666666,0.5513333333333333,0.7236255572065379,0.2656,0.5533333333333333,0.0
10,feature_shift,lr,aci_rolling,post,0.2,0.799,1.9626666666666666,0.32133333333333336,0.6786666666666666,0.671161825726141,0.1569,0.5036666666666667,0.0
10,missing_features,lr,split,pre,0.2,0.814,1.6626666666666667,0.41733333333333333,0.5826666666666667,0.7492012779552716,0.2621333333333334,0.5533333333333333,0.0
10,missing_features,lr,split,post,0.2,0.761,1.844,0.2846666666666667,0.7153333333333334,0.6756440281030445,0.1406,0.48533333333333334,0.0
10,missing_features,lr,rolling,pre,0.2,0.8,1.622,0.44666666666666666,0.5533333333333333,0.7298507462686568,0.2664666666666667,0.5533333333333333,0.0
10,missing_features,lr,rolling,post,0.2,0.7976666666666666,1.9856666666666667,0.232,0.768,0.6997126436781609,0.12473333333333333,0.48533333333333334,0.0
10,missing_features,lr,weighted,pre,0.2,0.8073333333333333,1.638,0.44066666666666665,0.5593333333333333,0.7367624810892587,0.2674666666666667,0.5533333333333333,0.0
10,missing_features,lr,weighted,post,0.2,0.7993333333333333,1.9813333333333334,0.23566666666666666,0.7643333333333333,0.7072135785007072,0.12903333333333333,0.48533333333333334,0.0
10,missing_features,lr,aci_split,pre,0.2,0.8006666666666666,1.6306666666666667,0.44466666666666665,0.5553333333333333,0.7331334332833583,0.2687333333333333,0.5533333333333333,0.0
10,missing_features,lr,aci_split,post,0.2,0.7973333333333333,1.9776666666666667,0.23733333333333334,0.7626666666666666,0.7008426966292135,0.12693333333333331,0.48533333333333334,0.0
10,missing_features,lr,aci_rolling,pre,0.2,0.798,1.6353333333333333,0.44866666666666666,0.5513333333333333,0.7236255572065379,0.2656,0.5533333333333333,0.0
10,missing_features,lr,aci_rolling,post,0.2,0.8003333333333333,1.981,0.237,0.763,0.69901547116737,0.12633333333333333,0.48533333333333334,0.0
10,stale_features,lr,split,pre,0.2,0.814,1.6626666666666667,0.41733333333333333,0.5826666666666667,0.7492012779552716,0.2621333333333334,0.5533333333333333,0.0
10,stale_features,lr,split,post,0.2,0.5986666666666667,1.6043333333333334,0.4723333333333333,0.5276666666666667,0.47141848976711365,0.05746666666666668,0.428,0.0
10,stale_features,lr,rolling,pre,0.2,0.8,1.622,0.44666666666666666,0.5533333333333333,0.7298507462686568,0.2664666666666667,0.5533333333333333,0.0
10,stale_features,lr,rolling,post,0.2,0.7816666666666666,2.1803333333333335,0.19433333333333333,0.8056666666666666,0.5334476843910806,0.04356666666666667,0.428,0.0
10,stale_features,lr,weighted,pre,0.2,0.8073333333333333,1.638,0.44066666666666665,0.5593333333333333,0.7367624810892587,0.2674666666666667,0.5533333333333333,0.0
10,stale_features,lr,weighted,post,0.2,0.784,2.182,0.19966666666666666,0.8003333333333333,0.5358931552587646,0.0456,0.428,0.0
10,stale_features,lr,aci_split,pre,0.2,0.8006666666666666,1.6306666666666667,0.44466666666666665,0.5553333333333333,0.7331334332833583,0.2687333333333333,0.5533333333333333,0.0
10,stale_features,lr,aci_split,post,0.2,0.7926666666666666,2.2203333333333335,0.19666666666666666,0.8033333333333333,0.5033898305084745,0.03493333333333333,0.428,0.0
10,stale_features,lr,aci_rolling,pre,0.2,0.798,1.6353333333333333,0.44866666666666666,0.5513333333333333,0.7236255572065379,0.2656,0.5533333333333333,0.0
10,stale_features,lr,aci_rolling,post,0.2,0.7973333333333333,2.233,0.17666666666666667,0.8233333333333334,0.5264150943396226,0.038733333333333335,0.428,0.0
10,venue_change,lr,split,pre,0.2,0.814,1.6626666666666667,0.41733333333333333,0.5826666666666667,0.7492012779552716,0.2621333333333334,0.5533333333333333,0.0
10,venue_change,lr,split,post,0.2,0.6743333333333333,1.623,0.44366666666666665,0.5563333333333333,0.5822689706987227,0.1457,0.4836666666666667,0.0
10,venue_change,lr,rolling,pre,0.2,0.8,1.622,0.44666666666666666,0.5533333333333333,0.7298507462686568,0.2664666666666667,0.5533333333333333,0.0
10,venue_change,lr,rolling,post,0.2,0.7916666666666666,2.053,0.21566666666666667,0.7843333333333333,0.6599690880989181,0.10003333333333334,0.4836666666666667,0.0
10,venue_change,lr,weighted,pre,0.2,0.8073333333333333,1.638,0.44066666666666665,0.5593333333333333,0.7367624810892587,0.2674666666666667,0.5533333333333333,0.0
10,venue_change,lr,weighted,post,0.2,0.7913333333333333,2.046666666666667,0.218,0.782,0.6590214067278287,0.10036666666666667,0.4836666666666667,0.0
10,venue_change,lr,aci_split,pre,0.2,0.8006666666666666,1.6306666666666667,0.44466666666666665,0.5553333333333333,0.7331334332833583,0.2687333333333333,0.5533333333333333,0.0
10,venue_change,lr,aci_split,post,0.2,0.7946666666666666,2.062666666666667,0.21666666666666667,0.7833333333333333,0.6384615384615384,0.09266666666666666,0.4836666666666667,0.0
10,venue_change,lr,aci_rolling,pre,0.2,0.798,1.6353333333333333,0.44866666666666666,0.5513333333333333,0.7236255572065379,0.2656,0.5533333333333333,0.0
10,venue_change,lr,aci_rolling,post,0.2,0.7996666666666666,2.082333333333333,0.207,0.793,0.6473429951690821,0.09133333333333334,0.4836666666666667,0.0
10,rare_cluster,lr,split,pre,0.2,0.814,1.6626666666666667,0.41733333333333333,0.5826666666666667,0.7492012779552716,0.2621333333333334,0.5533333333333333,0.0
10,rare_cluster,lr,split,post,0.2,0.744,1.616,0.45866666666666667,0.5413333333333333,0.653343023255814,0.19783333333333333,0.534,0.0
10,rare_cluster,lr,rolling,pre,0.2,0.8,1.622,0.44666666666666666,0.5533333333333333,0.7298507462686568,0.2664666666666667,0.5533333333333333,0.0
10,rare_cluster,lr,rolling,post,0.2,0.7893333333333333,1.8206666666666667,0.344,0.656,0.6705426356589147,0.15943333333333334,0.534,0.0
10,rare_cluster,lr,weighted,pre,0.2,0.8073333333333333,1.638,0.44066666666666665,0.5593333333333333,0.7367624810892587,0.2674666666666667,0.5533333333333333,0.0
10,rare_cluster,lr,weighted,post,0.2,0.7903333333333333,1.8233333333333333,0.3436666666666667,0.6563333333333333,0.6682832201745877,0.15696666666666667,0.534,0.0
10,rare_cluster,lr,aci_split,pre,0.2,0.8006666666666666,1.6306666666666667,0.44466666666666665,0.5553333333333333,0.7331334332833583,0.2687333333333333,0.5533333333333333,0.0
10,rare_cluster,lr,aci_split,post,0.2,0.7963333333333333,1.8353333333333333,0.3416666666666667,0.6583333333333333,0.6790243902439025,0.16176666666666667,0.534,0.0
10,rare_cluster,lr,aci_rolling,pre,0.2,0.798,1.6353333333333333,0.44866666666666666,0.5513333333333333,0.7236255572065379,0.2656,0.5533333333333333,0.0
10,rare_cluster,lr,aci_rolling,post,0.2,0.799,1.8533333333333333,0.332,0.6679999999999999,0.678714859437751,0.15716666666666668,0.534,0.0
10,iid_control,lr,split,pre,0.2,0.7806666666666666,1.626,0.44066666666666665,0.5593333333333333,0.7216338880484114,0.2532,0.566,0.0
10,iid_control,lr,split,post,0.2,0.7793333333333333,1.6296666666666666,0.43766666666666665,0.5623333333333334,0.7197258187357197,0.24856666666666669,0.5623333333333334,0.0
10,iid_control,lr,rolling,pre,0.2,0.8046666666666666,1.7226666666666666,0.38666666666666666,0.6133333333333333,0.75,0.23859999999999998,0.566,0.0
10,iid_control,lr,rolling,post,0.2,0.8016666666666666,1.711,0.3903333333333333,0.6096666666666667,0.735269000853971,0.23126666666666665,0.5623333333333334,0.0
10,iid_control,lr,weighted,pre,0.2,0.8046666666666666,1.72,0.3913333333333333,0.6086666666666667,0.7495741056218058,0.24106666666666668,0.566,0.0
10,iid_control,lr,weighted,post,0.2,0.805,1.7183333333333333,0.38366666666666666,0.6163333333333334,0.741094700260643,0.23073333333333335,0.5623333333333334,0.0
10,iid_control,lr,aci_split,pre,0.2,0.8013333333333333,1.696,0.406,0.594,0.7339901477832512,0.2394666666666667,0.566,0.0
10,iid_control,lr,aci_split,post,0.2,0.8,1.706,0.39266666666666666,0.6073333333333333,0.7300509337860781,0.22826666666666665,0.5623333333333334,0.0
10,iid_control,lr,aci_rolling,pre,0.2,0.8026666666666666,1.7206666666666666,0.388,0.612,0.7439862542955327,0.236,0.566,0.0
10,iid_control,lr,aci_rolling,post,0.2,0.7996666666666666,1.711,0.3923333333333333,0.6076666666666667,0.72982158028887,0.2274666666666667,0.5623333333333334,0.0
10,none,gbm,split,pre,0.2,0.79,1.7946666666666666,0.41933333333333334,0.5806666666666667,0.6645468998410174,0.19440000000000002,0.5353333333333333,0.0
10,none,gbm,split,post,0.2,0.7726666666666666,1.7936666666666667,0.4116666666666667,0.5883333333333334,0.6550607287449393,0.1961,0.5133333333333333,0.0
10,none,gbm,rolling,pre,0.2,0.8093333333333333,1.8546666666666667,0.386,0.614,0.687392055267703,0.1936,0.5353333333333333,0.0
10,none,gbm,rolling,post,0.2,0.7976666666666666,1.8776666666666666,0.37666666666666665,0.6233333333333333,0.6610619469026549,0.18363333333333332,0.5133333333333333,0.0
10,none,gbm,weighted,pre,0.2,0.8146666666666667,1.878,0.37733333333333335,0.6226666666666667,0.6890459363957597,0.1916,0.5353333333333333,0.0
10,none,gbm,weighted,post,0.2,0.7993333333333333,1.8843333333333334,0.37233333333333335,0.6276666666666666,0.666965085049239,0.18493333333333337,0.5133333333333333,0.0
10,none,gbm,aci_split,pre,0.2,0.8,1.83,0.4,0.6,0.68,0.19666666666666666,0.5353333333333333,0.0
10,none,gbm,aci_split,post,0.2,0.798,1.876,0.37766666666666665,0.6223333333333334,0.6690203000882613,0.1875666666666667,0.5133333333333333,0.0
10,none,gbm,aci_rolling,pre,0.2,0.8,1.838,0.39266666666666666,0.6073333333333333,0.6689303904923599,0.18973333333333334,0.5353333333333333,0.0
10,none,gbm,aci_rolling,post,0.2,0.7986666666666666,1.8773333333333333,0.38033333333333336,0.6196666666666666,0.6669588080631026,0.1864333333333333,0.5133333333333333,0.0
10,vol_jump,gbm,split,pre,0.2,0.79,1.7946666666666666,0.41933333333333334,0.5806666666666667,0.6645468998410174,0.19440000000000002,0.5353333333333333,0.0
10,vol_jump,gbm,split,post,0.2,0.6843333333333333,1.7936666666666667,0.4116666666666667,0.5883333333333334,0.5360323886639676,0.09053333333333333,0.43733333333333335,0.0
10,vol_jump,gbm,rolling,pre,0.2,0.8093333333333333,1.8546666666666667,0.386,0.614,0.687392055267703,0.1936,0.5353333333333333,0.0
10,vol_jump,gbm,rolling,post,0.2,0.7923333333333333,2.179333333333333,0.24766666666666667,0.7523333333333333,0.5800807537012113,0.06726666666666667,0.43733333333333335,0.0
10,vol_jump,gbm,weighted,pre,0.2,0.8146666666666667,1.878,0.37733333333333335,0.6226666666666667,0.6890459363957597,0.1916,0.5353333333333333,0.0
10,vol_jump,gbm,weighted,post,0.2,0.7923333333333333,2.177,0.24933333333333332,0.7506666666666667,0.5762032085561497,0.06673333333333334,0.43733333333333335,0.0
10,vol_jump,gbm,aci_split,pre,0.2,0.8,1.83,0.4,0.6,0.68,0.19666666666666666,0.5353333333333333,0.0
10,vol_jump,gbm,aci_split,post,0.2,0.7973333333333333,2.199,0.24233333333333335,0.7576666666666667,0.5749656121045392,0.06406666666666666,0.43733333333333335,0.0
10,vol_jump,gbm,aci_rolling,pre,0.2,0.8,1.838,0.39266666666666666,0.6073333333333333,0.6689303904923599,0.18973333333333334,0.5353333333333333,0.0
10,vol_jump,gbm,aci_rolling,post,0.2,0.8006666666666666,2.197,0.24633333333333332,0.7536666666666667,0.5818673883626523,0.06920000000000001,0.43733333333333335,0.0
10,regime_transition,gbm,split,pre,0.2,0.79,1.7946666666666666,0.41933333333333334,0.5806666666666667,0.6645468998410174,0.19440000000000002,0.5353333333333333,0.0
10,regime_transition,gbm,split,post,0.2,0.6033333333333334,1.7936666666666667,0.4116666666666667,0.5883333333333334,0.34898785425101214,-0.03273333333333332,0.3433333333333333,0.0
10,regime_transition,gbm,rolling,pre,0.2,0.8093333333333333,1.8546666666666667,0.386,0.614,0.687392055267703,0.1936,0.5353333333333333,0.0
10,regime_transition,gbm,rolling,post,0.2,0.788,2.3436666666666666,0.189,0.8109999999999999,0.37918871252204583,-0.007833333333333333,0.3433333333333333,0.0
10,regime_transition,gbm,weighted,pre,0.2,0.8146666666666667,1.878,0.37733333333333335,0.6226666666666667,0.6890459363957597,0.1916,0.5353333333333333,0.0
10,regime_transition,gbm,weighted,post,0.2,0.7853333333333333,2.3316666666666666,0.19466666666666665,0.8053333333333333,0.3818493150684932,-0.007466666666666668,0.3433333333333333,0.0
10,regime_transition,gbm,aci_split,pre,0.2,0.8,1.83,0.4,0.6,0.68,0.19666666666666666,0.5353333333333333,0.0
10,regime_transition,gbm,aci_split,post,0.2,0.7943333333333333,2.365666666666667,0.18633333333333332,0.8136666666666666,0.370304114490161,-0.010966666666666664,0.3433333333333333,0.0
10,regime_transition,gbm,aci_rolling,pre,0.2,0.8,1.838,0.39266666666666666,0.6073333333333333,0.6689303904923599,0.18973333333333334,0.5353333333333333,0.0
10,regime_transition,gbm,aci_rolling,post,0.2,0.8,2.3833333333333333,0.176,0.8240000000000001,0.3712121212121212,-0.010733333333333334,0.3433333333333333,0.0
10,feature_shift,gbm,split,pre,0.2,0.79,1.7946666666666666,0.41933333333333334,0.5806666666666667,0.6645468998410174,0.19440000000000002,0.5353333333333333,0.0
10,feature_shift,gbm,split,post,0.2,0.673,1.8036666666666668,0.40166666666666667,0.5983333333333334,0.4995850622406639,0.08316666666666667,0.41133333333333333,0.0
10,feature_shift,gbm,rolling,pre,0.2,0.8093333333333333,1.8546666666666667,0.386,0.614,0.687392055267703,0.1936,0.5353333333333333,0.0
10,feature_shift,gbm,rolling,post,0.2,0.7903333333333333,2.175666666666667,0.25833333333333336,0.7416666666666667,0.5470967741935484,0.07666666666666666,0.41133333333333333,0.0
10,feature_shift,gbm,weighted,pre,0.2,0.8146666666666667,1.878,0.37733333333333335,0.6226666666666667,0.6890459363957597,0.1916,0.5353333333333333,0.0
10,feature_shift,gbm,weighted,post,0.2,0.7913333333333333,2.179,0.25333333333333335,0.7466666666666666,0.5578947368421052,0.07903333333333334,0.41133333333333333,0.0
10,feature_shift,gbm,aci_split,pre,0.2,0.8,1.83,0.4,0.6,0.68,0.19666666666666666,0.5353333333333333,0.0
10,feature_shift,gbm,aci_split,post,0.2,0.795,2.199666666666667,0.245,0.755,0.5523809523809524,0.07453333333333333,0.41133333333333333,0.0
10,feature_shift,gbm,aci_rolling,pre,0.2,0.8,1.838,0.39266666666666666,0.6073333333333333,0.6689303904923599,0.18973333333333334,0.5353333333333333,0.0
10,feature_shift,gbm,aci_rolling,post,0.2,0.7976666666666666,2.2043333333333335,0.24533333333333332,0.7546666666666667,0.5543478260869565,0.07473333333333333,0.41133333333333333,0.0
10,missing_features,gbm,split,pre,0.2,0.79,1.7946666666666666,0.41933333333333334,0.5806666666666667,0.6645468998410174,0.19440000000000002,0.5353333333333333,0.0
10,missing_features,gbm,split,post,0.2,0.6966666666666667,1.8003333333333333,0.387,0.613,0.5366063738156761,0.10543333333333334,0.43766666666666665,0.0
10,missing_features,gbm,rolling,pre,0.2,0.8093333333333333,1.8546666666666667,0.386,0.614,0.687392055267703,0.1936,0.5353333333333333,0.0
10,missing_features,gbm,rolling,post,0.2,0.7953333333333333,2.1186666666666665,0.25166666666666665,0.7483333333333333,0.5867549668874172,0.087,0.43766666666666665,0.0
10,missing_features,gbm,weighted,pre,0.2,0.8146666666666667,1.878,0.37733333333333335,0.6226666666666667,0.6890459363957597,0.1916,0.5353333333333333,0.0
10,missing_features,gbm,weighted,post,0.2,0.7953333333333333,2.116,0.25133333333333335,0.7486666666666666,0.5901856763925729,0.08840000000000002,0.43766666666666665,0.0
10,missing_features,gbm,aci_split,pre,0.2,0.8,1.83,0.4,0.6,0.68,0.19666666666666666,0.5353333333333333,0.0
10,missing_features,gbm,aci_split,post,0.2,0.7966666666666666,2.1216666666666666,0.25,0.75,0.5866666666666667,0.08730000000000002,0.43766666666666665,0.0
10,missing_features,gbm,aci_rolling,pre,0.2,0.8,1.838,0.39266666666666666,0.6073333333333333,0.6689303904923599,0.18973333333333334,0.5353333333333333,0.0
10,missing_features,gbm,aci_rolling,post,0.2,0.7986666666666666,2.12,0.25,0.75,0.5893333333333334,0.0875,0.43766666666666665,0.0
10,stale_features,gbm,split,pre,0.2,0.79,1.7946666666666666,0.41933333333333334,0.5806666666666667,0.6645468998410174,0.19440000000000002,0.5353333333333333,0.0
10,stale_features,gbm,split,post,0.2,0.6456666666666667,1.7413333333333334,0.445,0.5549999999999999,0.449438202247191,0.043,0.399,0.0
10,stale_features,gbm,rolling,pre,0.2,0.8093333333333333,1.8546666666666667,0.386,0.614,0.687392055267703,0.1936,0.5353333333333333,0.0
10,stale_features,gbm,rolling,post,0.2,0.7906666666666666,2.232,0.239,0.761,0.4895397489539749,0.03623333333333334,0.399,0.0
10,stale_features,gbm,weighted,pre,0.2,0.8146666666666667,1.878,0.37733333333333335,0.6226666666666667,0.6890459363957597,0.1916,0.5353333333333333,0.0
10,stale_features,gbm,weighted,post,0.2,0.79,2.235333333333333,0.23833333333333334,0.7616666666666667,0.4937062937062937,0.038099999999999995,0.399,0.0
10,stale_features,gbm,aci_split,pre,0.2,0.8,1.83,0.4,0.6,0.68,0.19666666666666666,0.5353333333333333,0.0
10,stale_features,gbm,aci_split,post,0.2,0.794,2.24,0.241,0.759,0.49239280774550487,0.03836666666666667,0.399,0.0
10,stale_features,gbm,aci_rolling,pre,0.2,0.8,1.838,0.39266666666666666,0.6073333333333333,0.6689303904923599,0.18973333333333334,0.5353333333333333,0.0
10,stale_features,gbm,aci_rolling,post,0.2,0.7973333333333333,2.240666666666667,0.23933333333333334,0.7606666666666666,0.5,0.041,0.399,0.0
10,venue_change,gbm,split,pre,0.2,0.79,1.7946666666666666,0.41933333333333334,0.5806666666666667,0.6645468998410174,0.19440000000000002,0.5353333333333333,0.0
10,venue_change,gbm,split,post,0.2,0.6873333333333334,1.7443333333333333,0.43366666666666664,0.5663333333333334,0.5342044581091469,0.111,0.448,0.0
10,venue_change,gbm,rolling,pre,0.2,0.8093333333333333,1.8546666666666667,0.386,0.614,0.687392055267703,0.1936,0.5353333333333333,0.0
10,venue_change,gbm,rolling,post,0.2,0.7966666666666666,2.1306666666666665,0.263,0.737,0.5779467680608364,0.08566666666666667,0.448,0.0
10,venue_change,gbm,weighted,pre,0.2,0.8146666666666667,1.878,0.37733333333333335,0.6226666666666667,0.6890459363957597,0.1916,0.5353333333333333,0.0
10,venue_change,gbm,weighted,post,0.2,0.7966666666666666,2.1283333333333334,0.2613333333333333,0.7386666666666667,0.5829081632653061,0.08643333333333333,0.448,0.0
10,venue_change,gbm,aci_split,pre,0.2,0.8,1.83,0.4,0.6,0.68,0.19666666666666666,0.5353333333333333,0.0
10,venue_change,gbm,aci_split,post,0.2,0.7963333333333333,2.134,0.25866666666666666,0.7413333333333334,0.5837628865979382,0.08576666666666667,0.448,0.0
10,venue_change,gbm,aci_rolling,pre,0.2,0.8,1.838,0.39266666666666666,0.6073333333333333,0.6689303904923599,0.18973333333333334,0.5353333333333333,0.0
10,venue_change,gbm,aci_rolling,post,0.2,0.7993333333333333,2.1406666666666667,0.258,0.742,0.5801033591731266,0.08373333333333333,0.448,0.0
10,rare_cluster,gbm,split,pre,0.2,0.79,1.7946666666666666,0.41933333333333334,0.5806666666666667,0.6645468998410174,0.19440000000000002,0.5353333333333333,0.0
10,rare_cluster,gbm,split,post,0.2,0.747,1.7946666666666666,0.4093333333333333,0.5906666666666667,0.6115635179153095,0.16063333333333335,0.48833333333333334,0.0
10,rare_cluster,gbm,rolling,pre,0.2,0.8093333333333333,1.8546666666666667,0.386,0.614,0.687392055267703,0.1936,0.5353333333333333,0.0
10,rare_cluster,gbm,rolling,post,0.2,0.7933333333333333,1.9693333333333334,0.33,0.6699999999999999,0.6363636363636364,0.14193333333333333,0.48833333333333334,0.0
10,rare_cluster,gbm,weighted,pre,0.2,0.8146666666666667,1.878,0.37733333333333335,0.6226666666666667,0.6890459363957597,0.1916,0.5353333333333333,0.0
10,rare_cluster,gbm,weighted,post,0.2,0.7993333333333333,1.9823333333333333,0.32266666666666666,0.6773333333333333,0.6425619834710744,0.14206666666666667,0.48833333333333334,0.0
10,rare_cluster,gbm,aci_split,pre,0.2,0.8,1.83,0.4,0.6,0.68,0.19666666666666666,0.5353333333333333,0.0
10,rare_cluster,gbm,aci_split,post,0.2,0.7973333333333333,1.968,0.3313333333333333,0.6686666666666667,0.6428571428571429,0.14496666666666666,0.48833333333333334,0.0
10,rare_cluster,gbm,aci_rolling,pre,0.2,0.8,1.838,0.39266666666666666,0.6073333333333333,0.6689303904923599,0.18973333333333334,0.5353333333333333,0.0
10,rare_cluster,gbm,aci_rolling,post,0.2,0.7983333333333333,1.9686666666666666,0.3353333333333333,0.6646666666666667,0.6461232604373758,0.1472,0.48833333333333334,0.0
10,iid_control,gbm,split,pre,0.2,0.8046666666666666,1.8426666666666667,0.36733333333333335,0.6326666666666667,0.7150635208711433,0.20640000000000003,0.5313333333333333,0.0
10,iid_control,gbm,split,post,0.2,0.7823333333333333,1.8093333333333332,0.385,0.615,0.6493506493506493,0.17556666666666668,0.527,0.0
10,iid_control,gbm,rolling,pre,0.2,0.8046666666666666,1.844,0.37,0.63,0.7099099099099099,0.20553333333333335,0.5313333333333333,0.0
10,iid_control,gbm,rolling,post,0.2,0.8043333333333333,1.8753333333333333,0.35433333333333333,0.6456666666666666,0.6679209783631233,0.1683,0.527,0.0
10,iid_control,gbm,weighted,pre,0.2,0.8033333333333333,1.8473333333333333,0.36533333333333334,0.6346666666666667,0.7098540145985401,0.20313333333333333,0.5313333333333333,0.0
10,iid_control,gbm,weighted,post,0.2,0.8033333333333333,1.874,0.35333333333333333,0.6466666666666667,0.6650943396226415,0.16706666666666667,0.527,0.0
10,iid_control,gbm,aci_split,pre,0.2,0.7993333333333333,1.8313333333333333,0.37133333333333335,0.6286666666666667,0.7109515260323159,0.20446666666666669,0.5313333333333333,0.0
10,iid_control,gbm,aci_split,post,0.2,0.7996666666666666,1.8746666666666667,0.3566666666666667,0.6433333333333333,0.6616822429906543,0.16743333333333335,0.527,0.0
10,iid_control,gbm,aci_rolling,pre,0.2,0.7993333333333333,1.8506666666666667,0.368,0.632,0.7047101449275363,0.20166666666666666,0.5313333333333333,0.0
10,iid_control,gbm,aci_rolling,post,0.2,0.8,1.879,0.35233333333333333,0.6476666666666666,0.6641438032166509,0.16710000000000003,0.527,0.0
11,none,lr,split,pre,0.2,0.8086666666666666,1.6546666666666667,0.41533333333333333,0.5846666666666667,0.7560192616372392,0.25953333333333334,0.5966666666666667,0.0
11,none,lr,split,post,0.2,0.7943333333333333,1.6853333333333333,0.39266666666666666,0.6073333333333333,0.7266553480475382,0.22870000000000001,0.5633333333333334,0.0
11,none,lr,rolling,pre,0.2,0.7993333333333333,1.6166666666666667,0.446,0.554,0.7488789237668162,0.2736,0.5966666666666667,0.0
11,none,lr,rolling,post,0.2,0.7996666666666666,1.7026666666666668,0.3903333333333333,0.6096666666666667,0.7292912040990607,0.22969999999999996,0.5633333333333334,0.0
11,none,lr,weighted,pre,0.2,0.804,1.632,0.43333333333333335,0.5666666666666667,0.7538461538461538,0.2697333333333333,0.5966666666666667,0.0
11,none,lr,weighted,post,0.2,0.8043333333333333,1.7096666666666667,0.382,0.618,0.7373472949389179,0.22866666666666666,0.5633333333333334,0.0
11,none,lr,aci_split,pre,0.2,0.7986666666666666,1.6186666666666667,0.44466666666666665,0.5553333333333333,0.7421289355322339,0.26826666666666665,0.5966666666666667,0.0
11,none,lr,aci_split,post,0.2,0.7976666666666666,1.699,0.3913333333333333,0.6086666666666667,0.7240204429301533,0.2269666666666667,0.5633333333333334,0.0
11,none,lr,aci_rolling,pre,0.2,0.8,1.6366666666666667,0.43866666666666665,0.5613333333333334,0.7370820668693009,0.2629333333333333,0.5966666666666667,0.0
11,none,lr,aci_rolling,post,0.2,0.797,1.6986666666666668,0.4023333333333333,0.5976666666666667,0.7158243579121789,0.22876666666666665,0.5633333333333334,0.0
11,vol_jump,lr,split,pre,0.2,0.8086666666666666,1.6546666666666667,0.41533333333333333,0.5846666666666667,0.7560192616372392,0.25953333333333334,0.5966666666666667,0.0
11,vol_jump,lr,split,post,0.2,0.6673333333333333,1.6853333333333333,0.39266666666666666,0.6073333333333333,0.6154499151103565,0.12573333333333334,0.5053333333333333,0.0
11,vol_jump,lr,rolling,pre,0.2,0.7993333333333333,1.6166666666666667,0.446,0.554,0.7488789237668162,0.2736,0.5966666666666667,0.0
11,vol_jump,lr,rolling,post,0.2,0.792,2.1736666666666666,0.154,0.846,0.6645021645021645,0.06326666666666667,0.5053333333333333,0.0
11,vol_jump,lr,weighted,pre,0.2,0.804,1.632,0.43333333333333335,0.5666666666666667,0.7538461538461538,0.2697333333333333,0.5966666666666667,0.0
11,vol_jump,lr,weighted,post,0.2,0.791,2.1736666666666666,0.15233333333333332,0.8476666666666667,0.6739606126914661,0.06443333333333334,0.5053333333333333,0.0
11,vol_jump,lr,aci_split,pre,0.2,0.7986666666666666,1.6186666666666667,0.44466666666666665,0.5553333333333333,0.7421289355322339,0.26826666666666665,0.5966666666666667,0.0
11,vol_jump,lr,aci_split,post,0.2,0.7953333333333333,2.1666666666666665,0.16166666666666665,0.8383333333333334,0.6536082474226804,0.06296666666666666,0.5053333333333333,0.0
11,vol_jump,lr,aci_rolling,pre,0.2,0.8,1.6366666666666667,0.43866666666666665,0.5613333333333334,0.7370820668693009,0.2629333333333333,0.5966666666666667,0.0
11,vol_jump,lr,aci_rolling,post,0.2,0.798,2.1813333333333333,0.159,0.841,0.649895178197065,0.06143333333333334,0.5053333333333333,0.0
11,regime_transition,lr,split,pre,0.2,0.8086666666666666,1.6546666666666667,0.41533333333333333,0.5846666666666667,0.7560192616372392,0.25953333333333334,0.5966666666666667,0.0
11,regime_transition,lr,split,post,0.2,0.5816666666666667,1.6853333333333333,0.39266666666666666,0.6073333333333333,0.3777589134125637,-0.026166666666666658,0.36666666666666664,0.0
11,regime_transition,lr,rolling,pre,0.2,0.7993333333333333,1.6166666666666667,0.446,0.554,0.7488789237668162,0.2736,0.5966666666666667,0.0
11,regime_transition,lr,rolling,post,0.2,0.7876666666666666,2.333,0.10666666666666667,0.8933333333333333,0.484375,0.012999999999999998,0.36666666666666664,0.0
11,regime_transition,lr,weighted,pre,0.2,0.804,1.632,0.43333333333333335,0.5666666666666667,0.7538461538461538,0.2697333333333333,0.5966666666666667,0.0
11,regime_transition,lr,weighted,post,0.2,0.785,2.328333333333333,0.11066666666666666,0.8893333333333333,0.4819277108433735,0.013499999999999998,0.36666666666666664,0.0
11,regime_transition,lr,aci_split,pre,0.2,0.7986666666666666,1.6186666666666667,0.44466666666666665,0.5553333333333333,0.7421289355322339,0.26826666666666665,0.5966666666666667,0.0
11,regime_transition,lr,aci_split,post,0.2,0.7953333333333333,2.368,0.10133333333333333,0.8986666666666667,0.4901315789473684,0.014566666666666667,0.36666666666666664,0.0
11,regime_transition,lr,aci_rolling,pre,0.2,0.8,1.6366666666666667,0.43866666666666665,0.5613333333333334,0.7370820668693009,0.2629333333333333,0.5966666666666667,0.0
11,regime_transition,lr,aci_rolling,post,0.2,0.7993333333333333,2.3846666666666665,0.095,0.905,0.47368421052631576,0.010633333333333335,0.36666666666666664,0.0
11,feature_shift,lr,split,pre,0.2,0.8086666666666666,1.6546666666666667,0.41533333333333333,0.5846666666666667,0.7560192616372392,0.25953333333333334,0.5966666666666667,0.0
11,feature_shift,lr,split,post,0.2,0.584,1.3816666666666666,0.6556666666666666,0.3443333333333334,0.5190645653279106,0.1517666666666667,0.4656666666666667,0.0
11,feature_shift,lr,rolling,pre,0.2,0.7993333333333333,1.6166666666666667,0.446,0.554,0.7488789237668162,0.2736,0.5966666666666667,0.0
11,feature_shift,lr,rolling,post,0.2,0.794,2.032,0.278,0.722,0.6546762589928058,0.1308,0.4656666666666667,0.0
11,feature_shift,lr,weighted,pre,0.2,0.804,1.632,0.43333333333333335,0.5666666666666667,0.7538461538461538,0.2697333333333333,0.5966666666666667,0.0
11,feature_shift,lr,weighted,post,0.2,0.7913333333333333,2.024,0.2823333333333333,0.7176666666666667,0.6469893742621016,0.1303666666666667,0.4656666666666667,0.0
11,feature_shift,lr,aci_split,pre,0.2,0.7986666666666666,1.6186666666666667,0.44466666666666665,0.5553333333333333,0.7421289355322339,0.26826666666666665,0.5966666666666667,0.0
11,feature_shift,lr,aci_split,post,0.2,0.7963333333333333,2.0436666666666667,0.27366666666666667,0.7263333333333333,0.630937880633374,0.11856666666666668,0.4656666666666667,0.0
11,feature_shift,lr,aci_rolling,pre,0.2,0.8,1.6366666666666667,0.43866666666666665,0.5613333333333334,0.7370820668693009,0.2629333333333333,0.5966666666666667,0.0
11,feature_shift,lr,aci_rolling,post,0.2,0.8006666666666666,2.07,0.25966666666666666,0.7403333333333333,0.6418485237483954,0.11893333333333334,0.4656666666666667,0.0
11,missing_features,lr,split,pre,0.2,0.8086666666666666,1.6546666666666667,0.41533333333333333,0.5846666666666667,0.7560192616372392,0.25953333333333334,0.5966666666666667,0.0
11,missing_features,lr,split,post,0.2,0.7676666666666667,1.8953333333333333,0.24566666666666667,0.7543333333333333,0.6811397557666214,0.12466666666666666,0.483,0.0
11,missing_features,lr,rolling,pre,0.2,0.7993333333333333,1.6166666666666667,0.446,0.554,0.7488789237668162,0.2736,0.5966666666666667,0.0
11,missing_features,lr,rolling,post,0.2,0.8023333333333333,2.029,0.19366666666666665,0.8063333333333333,0.7005163511187608,0.10553333333333334,0.483,0.0
11,missing_features,lr,weighted,pre,0.2,0.804,1.632,0.43333333333333335,0.5666666666666667,0.7538461538461538,0.2697333333333333,0.5966666666666667,0.0
11,missing_features,lr,weighted,post,0.2,0.8016666666666666,2.026,0.196,0.804,0.7074829931972789,0.1085,0.483,0.0
11,missing_features,lr,aci_split,pre,0.2,0.7986666666666666,1.6186666666666667,0.44466666666666665,0.5553333333333333,0.7421289355322339,0.26826666666666665,0.5966666666666667,0.0
11,missing_features,lr,aci_split,post,0.2,0.798,2.018,0.19966666666666666,0.8003333333333333,0.7011686143572621,0.1091,0.483,0.0
11,missing_features,lr,aci_rolling,pre,0.2,0.8,1.6366666666666667,0.43866666666666665,0.5613333333333334,0.7370820668693009,0.2629333333333333,0.5966666666666667,0.0
11,missing_features,lr,aci_rolling,post,0.2,0.7983333333333333,2.018666666666667,0.20133333333333334,0.7986666666666666,0.6937086092715232,0.10666666666666667,0.483,0.0
11,stale_features,lr,split,pre,0.2,0.8086666666666666,1.6546666666666667,0.41533333333333333,0.5846666666666667,0.7560192616372392,0.25953333333333334,0.5966666666666667,0.0
11,stale_features,lr,split,post,0.2,0.606,1.6883333333333332,0.396,0.604,0.45791245791245794,0.04156666666666666,0.4063333333333333,0.0
11,stale_features,lr,rolling,pre,0.2,0.7993333333333333,1.6166666666666667,0.446,0.554,0.7488789237668162,0.2736,0.5966666666666667,0.0
11,stale_features,lr,rolling,post,0.2,0.7793333333333333,2.263,0.133,0.867,0.5137844611528822,0.027,0.4063333333333333,0.0
11,stale_features,lr,weighted,pre,0.2,0.804,1.632,0.43333333333333335,0.5666666666666667,0.7538461538461538,0.2697333333333333,0.5966666666666667,0.0
11,stale_features,lr,weighted,post,0.2,0.786,2.266,0.13466666666666666,0.8653333333333333,0.5123762376237624,0.026200000000000005,0.4063333333333333,0.0
11,stale_features,lr,aci_split,pre,0.2,0.7986666666666666,1.6186666666666667,0.44466666666666665,0.5553333333333333,0.7421289355322339,0.26826666666666665,0.5966666666666667,0.0
11,stale_features,lr,aci_split,post,0.2,0.794,2.2693333333333334,0.15133333333333332,0.8486666666666667,0.513215859030837,0.030600000000000002,0.4063333333333333,0.0
11,stale_features,lr,aci_rolling,pre,0.2,0.8,1.6366666666666667,0.43866666666666665,0.5613333333333334,0.7370820668693009,0.2629333333333333,0.5966666666666667,0.0
11,stale_features,lr,aci_rolling,post,0.2,0.798,2.3063333333333333,0.126,0.874,0.49206349206349204,0.020866666666666665,0.4063333333333333,0.0
11,venue_change,lr,split,pre,0.2,0.8086666666666666,1.6546666666666667,0.41533333333333333,0.5846666666666667,0.7560192616372392,0.25953333333333334,0.5966666666666667,0.0
11,venue_change,lr,split,post,0.2,0.658,1.586,0.49133333333333334,0.5086666666666666,0.5610583446404342,0.1455,0.47433333333333333,0.0
11,venue_change,lr,rolling,pre,0.2,0.7993333333333333,1.6166666666666667,0.446,0.554,0.7488789237668162,0.2736,0.5966666666666667,0.0
11,venue_change,lr,rolling,post,0.2,0.7953333333333333,2.0516666666666667,0.22666666666666666,0.7733333333333333,0.6205882352941177,0.08873333333333334,0.47433333333333333,0.0
11,venue_change,lr,weighted,pre,0.2,0.804,1.632,0.43333333333333335,0.5666666666666667,0.7538461538461538,0.2697333333333333,0.5966666666666667,0.0
11,venue_change,lr,weighted,post,0.2,0.7933333333333333,2.0573333333333332,0.22466666666666665,0.7753333333333333,0.6216617210682492,0.0892,0.47433333333333333,0.0
11,venue_change,lr,aci_split,pre,0.2,0.7986666666666666,1.6186666666666667,0.44466666666666665,0.5553333333333333,0.7421289355322339,0.26826666666666665,0.5966666666666667,0.0
11,venue_change,lr,aci_split,post,0.2,0.7963333333333333,2.070666666666667,0.221,0.779,0.6199095022624435,0.088,0.47433333333333333,0.0
11,venue_change,lr,aci_rolling,pre,0.2,0.8,1.6366666666666667,0.43866666666666665,0.5613333333333334,0.7370820668693009,0.2629333333333333,0.5966666666666667,0.0
11,venue_change,lr,aci_rolling,post,0.2,0.7986666666666666,2.0733333333333333,0.21766666666666667,0.7823333333333333,0.6217457886676876,0.08683333333333333,0.47433333333333333,0.0
11,rare_cluster,lr,split,pre,0.2,0.8086666666666666,1.6546666666666667,0.41533333333333333,0.5846666666666667,0.7560192616372392,0.25953333333333334,0.5966666666666667,0.0
11,rare_cluster,lr,split,post,0.2,0.757,1.67,0.407,0.593,0.6543816543816544,0.17846666666666666,0.5303333333333333,0.0
11,rare_cluster,lr,rolling,pre,0.2,0.7993333333333333,1.6166666666666667,0.446,0.554,0.7488789237668162,0.2736,0.5966666666666667,0.0
11,rare_cluster,lr,rolling,post,0.2,0.7943333333333333,1.8173333333333332,0.3263333333333333,0.6736666666666666,0.6721144024514811,0.15056666666666668,0.5303333333333333,0.0
11,rare_cluster,lr,weighted,pre,0.2,0.804,1.632,0.43333333333333335,0.5666666666666667,0.7538461538461538,0.2697333333333333,0.5966666666666667,0.0
11,rare_cluster,lr,weighted,post,0.2,0.798,1.8283333333333334,0.318,0.6819999999999999,0.6834381551362684,0.15246666666666667,0.5303333333333333,0.0
11,rare_cluster,lr,aci_split,pre,0.2,0.7986666666666666,1.6186666666666667,0.44466666666666665,0.5553333333333333,0.7421289355322339,0.26826666666666665,0.5966666666666667,0.0
11,rare_cluster,lr,aci_split,post,0.2,0.7966666666666666,1.8246666666666667,0.325,0.675,0.683076923076923,0.15746666666666667,0.5303333333333333,0.0
11,rare_cluster,lr,aci_rolling,pre,0.2,0.8,1.6366666666666667,0.43866666666666665,0.5613333333333334,0.7370820668693009,0.2629333333333333,0.5966666666666667,0.0
11,rare_cluster,lr,aci_rolling,post,0.2,0.7983333333333333,1.838,0.3293333333333333,0.6706666666666667,0.6771255060728745,0.15803333333333333,0.5303333333333333,0.0
11,iid_control,lr,split,pre,0.2,0.7986666666666666,1.636,0.42866666666666664,0.5713333333333334,0.7651632970451011,0.2782,0.6073333333333333,0.0
11,iid_control,lr,split,post,0.2,0.801,1.6543333333333334,0.41,0.5900000000000001,0.7560975609756098,0.25830000000000003,0.5866666666666667,0.0
11,iid_control,lr,rolling,pre,0.2,0.7986666666666666,1.6213333333333333,0.43933333333333335,0.5606666666666666,0.7647951441578149,0.28286666666666666,0.6073333333333333,0.0
11,iid_control,lr,rolling,post,0.2,0.801,1.652,0.41,0.5900000000000001,0.7601626016260162,0.2601333333333334,0.5866666666666667,0.0
11,iid_control,lr,weighted,pre,0.2,0.7986666666666666,1.6346666666666667,0.43266666666666664,0.5673333333333334,0.7627118644067796,0.27840000000000004,0.6073333333333333,0.0
11,iid_control,lr,weighted,post,0.2,0.8033333333333333,1.6596666666666666,0.4066666666666667,0.5933333333333333,0.7573770491803279,0.2561333333333334,0.5866666666666667,0.0
11,iid_control,lr,aci_split,pre,0.2,0.8,1.64,0.42933333333333334,0.5706666666666667,0.7593167701863354,0.276,0.6073333333333333,0.0
11,iid_control,lr,aci_split,post,0.2,0.7996666666666666,1.652,0.4156666666666667,0.5843333333333334,0.7522052927024859,0.25823333333333337,0.5866666666666667,0.0
11,iid_control,lr,aci_rolling,pre,0.2,0.8,1.652,0.434,0.5660000000000001,0.7434715821812596,0.2694666666666667,0.6073333333333333,0.0
11,iid_control,lr,aci_rolling,post,0.2,0.7993333333333333,1.659,0.41333333333333333,0.5866666666666667,0.7443548387096774,0.2525,0.5866666666666667,0.0
11,none,gbm,split,pre,0.2,0.7966666666666666,1.832,0.3626666666666667,0.6373333333333333,0.6819852941176471,0.18313333333333331,0.528,0.0
11,none,gbm,split,post,0.2,0.7803333333333333,1.8346666666666667,0.37866666666666665,0.6213333333333333,0.6355633802816901,0.17073333333333335,0.5103333333333333,0.0
11,none,gbm,rolling,pre,0.2,0.7926666666666666,1.8273333333333333,0.36466666666666664,0.6353333333333333,0.6782449725776966,0.18406666666666668,0.528,0.0
11,none,gbm,rolling,post,0.2,0.8013333333333333,1.906,0.343,0.657,0.6443148688046647,0.1605,0.5103333333333333,0.0
11,none,gbm,weighted,pre,0.2,0.794,1.8353333333333333,0.3626666666666667,0.6373333333333333,0.6801470588235294,0.1852,0.528,0.0
11,none,gbm,weighted,post,0.2,0.8046666666666666,1.9156666666666666,0.3396666666666667,0.6603333333333333,0.6457311089303238,0.16,0.5103333333333333,0.0
11,none,gbm,aci_split,pre,0.2,0.7953333333333333,1.8473333333333333,0.35933333333333334,0.6406666666666667,0.6846011131725418,0.18606666666666669,0.528,0.0
11,none,gbm,aci_split,post,0.2,0.8006666666666666,1.9026666666666667,0.346,0.654,0.6473988439306358,0.16423333333333334,0.5103333333333333,0.0
11,none,gbm,aci_rolling,pre,0.2,0.7973333333333333,1.8553333333333333,0.35933333333333334,0.6406666666666667,0.6790352504638218,0.18280000000000002,0.528,0.0
11,none,gbm,aci_rolling,post,0.2,0.8,1.9073333333333333,0.3486666666666667,0.6513333333333333,0.641491395793499,0.161,0.5103333333333333,0.0
11,vol_jump,gbm,split,pre,0.2,0.7966666666666666,1.832,0.3626666666666667,0.6373333333333333,0.6819852941176471,0.18313333333333331,0.528,0.0
11,vol_jump,gbm,split,post,0.2,0.701,1.8346666666666667,0.37866666666666665,0.6213333333333333,0.5536971830985915,0.09816666666666667,0.443,0.0
11,vol_jump,gbm,rolling,pre,0.2,0.7926666666666666,1.8273333333333333,0.36466666666666664,0.6353333333333333,0.6782449725776966,0.18406666666666668,0.528,0.0
11,vol_jump,gbm,rolling,post,0.2,0.7946666666666666,2.191666666666667,0.22333333333333333,0.7766666666666666,0.591044776119403,0.06960000000000001,0.443,0.0
11,vol_jump,gbm,weighted,pre,0.2,0.794,1.8353333333333333,0.3626666666666667,0.6373333333333333,0.6801470588235294,0.1852,0.528,0.0
11,vol_jump,gbm,weighted,post,0.2,0.7943333333333333,2.1926666666666668,0.22266666666666668,0.7773333333333333,0.5913173652694611,0.0687,0.443,0.0
11,vol_jump,gbm,aci_split,pre,0.2,0.7953333333333333,1.8473333333333333,0.35933333333333334,0.6406666666666667,0.6846011131725418,0.18606666666666669,0.528,0.0
11,vol_jump,gbm,aci_split,post,0.2,0.7983333333333333,2.197,0.226,0.774,0.5958702064896755,0.07183333333333333,0.443,0.0
11,vol_jump,gbm,aci_rolling,pre,0.2,0.7973333333333333,1.8553333333333333,0.35933333333333334,0.6406666666666667,0.6790352504638218,0.18280000000000002,0.528,0.0
11,vol_jump,gbm,aci_rolling,post,0.2,0.8,2.2123333333333335,0.22,0.78,0.5954545454545455,0.06946666666666666,0.443,0.0
11,regime_transition,gbm,split,pre,0.2,0.7966666666666666,1.832,0.3626666666666667,0.6373333333333333,0.6819852941176471,0.18313333333333331,0.528,0.0
11,regime_transition,gbm,split,post,0.2,0.633,1.8346666666666667,0.37866666666666665,0.6213333333333333,0.363556338028169,-0.019499999999999997,0.352,0.0
11,regime_transition,gbm,rolling,pre,0.2,0.7926666666666666,1.8273333333333333,0.36466666666666664,0.6353333333333333,0.6782449725776966,0.18406666666666668,0.528,0.0
11,regime_transition,gbm,rolling,post,0.2,0.7966666666666666,2.3383333333333334,0.167,0.833,0.41317365269461076,-0.00046666666666666384,0.352,0.0
11,regime_transition,gbm,weighted,pre,0.2,0.794,1.8353333333333333,0.3626666666666667,0.6373333333333333,0.6801470588235294,0.1852,0.528,0.0
11,regime_transition,gbm,weighted,post,0.2,0.7966666666666666,2.3383333333333334,0.16733333333333333,0.8326666666666667,0.4163346613545817,0.0019000000000000009,0.352,0.0
11,regime_transition,gbm,aci_split,pre,0.2,0.7953333333333333,1.8473333333333333,0.35933333333333334,0.6406666666666667,0.6846011131725418,0.18606666666666669,0.528,0.0
11,regime_transition,gbm,aci_split,post,0.2,0.7976666666666666,2.343,0.17033333333333334,0.8296666666666667,0.41682974559686886,0.002966666666666671,0.352,0.0
11,regime_transition,gbm,aci_rolling,pre,0.2,0.7973333333333333,1.8553333333333333,0.35933333333333334,0.6406666666666667,0.6790352504638218,0.18280000000000002,0.528,0.0
11,regime_transition,gbm,aci_rolling,post,0.2,0.8013333333333333,2.36,0.16666666666666666,0.8333333333333334,0.416,0.002033333333333336,0.352,0.0
11,feature_shift,gbm,split,pre,0.2,0.7966666666666666,1.832,0.3626666666666667,0.6373333333333333,0.6819852941176471,0.18313333333333331,0.528,0.0
11,feature_shift,gbm,split,post,0.2,0.6046666666666667,1.5913333333333333,0.5203333333333333,0.4796666666666667,0.47725816784112746,0.09626666666666667,0.411,0.0
11,feature_shift,gbm,rolling,pre,0.2,0.7926666666666666,1.8273333333333333,0.36466666666666664,0.6353333333333333,0.6782449725776966,0.18406666666666668,0.528,0.0
11,feature_shift,gbm,rolling,post,0.2,0.7933333333333333,2.1773333333333333,0.23766666666666666,0.7623333333333333,0.5497896213183731,0.07793333333333334,0.411,0.0
11,feature_shift,gbm,weighted,pre,0.2,0.794,1.8353333333333333,0.3626666666666667,0.6373333333333333,0.6801470588235294,0.1852,0.528,0.0
11,feature_shift,gbm,weighted,post,0.2,0.7913333333333333,2.173,0.241,0.759,0.5477178423236515,0.079,0.411,0.0
11,feature_shift,gbm,aci_split,pre,0.2,0.7953333333333333,1.8473333333333333,0.35933333333333334,0.6406666666666667,0.6846011131725418,0.18606666666666669,0.528,0.0
11,feature_shift,gbm,aci_split,post,0.2,0.797,2.186,0.237,0.763,0.5569620253164557,0.07840000000000001,0.411,0.0
11,feature_shift,gbm,aci_rolling,pre,0.2,0.7973333333333333,1.8553333333333333,0.35933333333333334,0.6406666666666667,0.6790352504638218,0.18280000000000002,0.528,0.0
11,feature_shift,gbm,aci_rolling,post,0.2,0.8003333333333333,2.197,0.23433333333333334,0.7656666666666667,0.5576102418207681,0.07923333333333334,0.411,0.0
11,missing_features,gbm,split,pre,0.2,0.7966666666666666,1.832,0.3626666666666667,0.6373333333333333,0.6819852941176471,0.18313333333333331,0.528,0.0
11,missing_features,gbm,split,post,0.2,0.7463333333333333,1.9073333333333333,0.342,0.6579999999999999,0.5653021442495126,0.10783333333333334,0.4573333333333333,0.0
11,missing_features,gbm,rolling,pre,0.2,0.7926666666666666,1.8273333333333333,0.36466666666666664,0.6353333333333333,0.6782449725776966,0.18406666666666668,0.528,0.0
11,missing_features,gbm,rolling,post,0.2,0.7996666666666666,2.0966666666666667,0.25733333333333336,0.7426666666666666,0.5803108808290155,0.08936666666666668,0.4573333333333333,0.0
11,missing_features,gbm,weighted,pre,0.2,0.794,1.8353333333333333,0.3626666666666667,0.6373333333333333,0.6801470588235294,0.1852,0.528,0.0
11,missing_features,gbm,weighted,post,0.2,0.8016666666666666,2.0993333333333335,0.256,0.744,0.5872395833333334,0.09190000000000001,0.4573333333333333,0.0
11,missing_features,gbm,aci_split,pre,0.2,0.7953333333333333,1.8473333333333333,0.35933333333333334,0.6406666666666667,0.6846011131725418,0.18606666666666669,0.528,0.0
11,missing_features,gbm,aci_split,post,0.2,0.8,2.0976666666666666,0.262,0.738,0.583969465648855,0.0941,0.4573333333333333,0.0
11,missing_features,gbm,aci_rolling,pre,0.2,0.7973333333333333,1.8553333333333333,0.35933333333333334,0.6406666666666667,0.6790352504638218,0.18280000000000002,0.528,0.0
11,missing_features,gbm,aci_rolling,post,0.2,0.801,2.11,0.25766666666666665,0.7423333333333333,0.5821474773609314,0.09183333333333334,0.4573333333333333,0.0
11,stale_features,gbm,split,pre,0.2,0.7966666666666666,1.832,0.3626666666666667,0.6373333333333333,0.6819852941176471,0.18313333333333331,0.528,0.0
11,stale_features,gbm,split,post,0.2,0.654,1.827,0.377,0.623,0.4465075154730327,0.03523333333333334,0.37666666666666665,0.0
11,stale_features,gbm,rolling,pre,0.2,0.7926666666666666,1.8273333333333333,0.36466666666666664,0.6353333333333333,0.6782449725776966,0.18406666666666668,0.528,0.0
11,stale_features,gbm,rolling,post,0.2,0.7903333333333333,2.279,0.19233333333333333,0.8076666666666666,0.49220103986135183,0.03246666666666667,0.37666666666666665,0.0
11,stale_features,gbm,weighted,pre,0.2,0.794,1.8353333333333333,0.3626666666666667,0.6373333333333333,0.6801470588235294,0.1852,0.528,0.0
11,stale_features,gbm,weighted,post,0.2,0.792,2.277,0.19466666666666665,0.8053333333333333,0.4948630136986301,0.0337,0.37666666666666665,0.0
11,stale_features,gbm,aci_split,pre,0.2,0.7953333333333333,1.8473333333333333,0.35933333333333334,0.6406666666666667,0.6846011131725418,0.18606666666666669,0.528,0.0
11,stale_features,gbm,aci_split,post,0.2,0.7963333333333333,2.296666666666667,0.19333333333333333,0.8066666666666666,0.49482758620689654,0.0327,0.37666666666666665,0.0
11,stale_features,gbm,aci_rolling,pre,0.2,0.7973333333333333,1.8553333333333333,0.35933333333333334,0.6406666666666667,0.6790352504638218,0.18280000000000002,0.528,0.0
11,stale_features,gbm,aci_rolling,post,0.2,0.7986666666666666,2.3023333333333333,0.18766666666666668,0.8123333333333334,0.4937833037300178,0.03216666666666667,0.37666666666666665,0.0
11,venue_change,gbm,split,pre,0.2,0.7966666666666666,1.832,0.3626666666666667,0.6373333333333333,0.6819852941176471,0.18313333333333331,0.528,0.0
11,venue_change,gbm,split,post,0.2,0.6853333333333333,1.771,0.4086666666666667,0.5913333333333333,0.5073409461663948,0.08853333333333334,0.44533333333333336,0.0
11,venue_change,gbm,rolling,pre,0.2,0.7926666666666666,1.8273333333333333,0.36466666666666664,0.6353333333333333,0.6782449725776966,0.18406666666666668,0.528,0.0
11,venue_change,gbm,rolling,post,0.2,0.8003333333333333,2.1586666666666665,0.233,0.767,0.5550786838340487,0.06893333333333333,0.44533333333333336,0.0
11,venue_change,gbm,weighted,pre,0.2,0.794,1.8353333333333333,0.3626666666666667,0.6373333333333333,0.6801470588235294,0.1852,0.528,0.0
11,venue_change,gbm,weighted,post,0.2,0.798,2.158,0.23233333333333334,0.7676666666666667,0.5509325681492109,0.06773333333333333,0.44533333333333336,0.0
11,venue_change,gbm,aci_split,pre,0.2,0.7953333333333333,1.8473333333333333,0.35933333333333334,0.6406666666666667,0.6846011131725418,0.18606666666666669,0.528,0.0
11,venue_change,gbm,aci_split,post,0.2,0.8,2.147,0.23966666666666667,0.7603333333333333,0.5521557719054242,0.07123333333333333,0.44533333333333336,0.0
11,venue_change,gbm,aci_rolling,pre,0.2,0.7973333333333333,1.8553333333333333,0.35933333333333334,0.6406666666666667,0.6790352504638218,0.18280000000000002,0.528,0.0
11,venue_change,gbm,aci_rolling,post,0.2,0.8013333333333333,2.1486666666666667,0.241,0.759,0.5532503457814661,0.06933333333333333,0.44533333333333336,0.0
11,rare_cluster,gbm,split,pre,0.2,0.7966666666666666,1.832,0.3626666666666667,0.6373333333333333,0.6819852941176471,0.18313333333333331,0.528,0.0
11,rare_cluster,gbm,split,post,0.2,0.7543333333333333,1.8273333333333333,0.38266666666666665,0.6173333333333333,0.5940766550522648,0.13913333333333333,0.481,0.0
11,rare_cluster,gbm,rolling,pre,0.2,0.7926666666666666,1.8273333333333333,0.36466666666666664,0.6353333333333333,0.6782449725776966,0.18406666666666668,0.528,0.0
11,rare_cluster,gbm,rolling,post,0.2,0.797,1.9813333333333334,0.31,0.69,0.613978494623656,0.12133333333333333,0.481,0.0
11,rare_cluster,gbm,weighted,pre,0.2,0.794,1.8353333333333333,0.3626666666666667,0.6373333333333333,0.6801470588235294,0.1852,0.528,0.0
11,rare_cluster,gbm,weighted,post,0.2,0.8006666666666666,1.993,0.307,0.6930000000000001,0.6156351791530945,0.12003333333333334,0.481,0.0
11,rare_cluster,gbm,aci_split,pre,0.2,0.7953333333333333,1.8473333333333333,0.35933333333333334,0.6406666666666667,0.6846011131725418,0.18606666666666669,0.528,0.0
11,rare_cluster,gbm,aci_split,post,0.2,0.7996666666666666,1.984,0.31433333333333335,0.6856666666666666,0.6118769883351007,0.12179999999999999,0.481,0.0
11,rare_cluster,gbm,aci_rolling,pre,0.2,0.7973333333333333,1.8553333333333333,0.35933333333333334,0.6406666666666667,0.6790352504638218,0.18280000000000002,0.528,0.0
11,rare_cluster,gbm,aci_rolling,post,0.2,0.8003333333333333,1.988,0.31,0.69,0.610752688172043,0.11920000000000001,0.481,0.0
11,iid_control,gbm,split,pre,0.2,0.816,1.8146666666666667,0.374,0.626,0.6951871657754011,0.19326666666666664,0.5426666666666666,0.0
11,iid_control,gbm,split,post,0.2,0.8113333333333334,1.834,0.365,0.635,0.6940639269406392,0.19383333333333333,0.5366666666666666,0.0
11,iid_control,gbm,rolling,pre,0.2,0.8,1.758,0.4066666666666667,0.5933333333333333,0.6901639344262295,0.2064666666666667,0.5426666666666666,0.0
11,iid_control,gbm,rolling,post,0.2,0.8026666666666666,1.805,0.385,0.615,0.6787878787878788,0.19633333333333333,0.5366666666666666,0.0
11,iid_control,gbm,weighted,pre,0.2,0.7993333333333333,1.7633333333333334,0.402,0.598,0.6882255389718076,0.20540000000000003,0.5426666666666666,0.0
11,iid_control,gbm,weighted,post,0.2,0.8036666666666666,1.8093333333333332,0.38133333333333336,0.6186666666666667,0.6748251748251748,0.19256666666666664,0.5366666666666666,0.0
11,iid_control,gbm,aci_split,pre,0.2,0.7986666666666666,1.76,0.398,0.602,0.6884422110552764,0.20226666666666665,0.5426666666666666,0.0
11,iid_control,gbm,aci_split,post,0.2,0.8006666666666666,1.809,0.38566666666666666,0.6143333333333334,0.668971477960242,0.19140000000000001,0.5366666666666666,0.0
11,iid_control,gbm,aci_rolling,pre,0.2,0.7973333333333333,1.7553333333333334,0.4086666666666667,0.5913333333333333,0.6818923327895595,0.20366666666666666,0.5426666666666666,0.0
11,iid_control,gbm,aci_rolling,post,0.2,0.801,1.812,0.38366666666666666,0.6163333333333334,0.6707211120764552,0.19123333333333334,0.5366666666666666,0.0
