coverage,abstention,selective_risk,full_risk,bad_avoided,good_retained,false_conf_rate,false_conf_cond,conf_wrong_penalty,utility,n_trades,seed,shift,policy,matched_conf_risk,random_risk
1.0,0.0,0.32116666666666666,0.32116666666666666,0.0,1.0,0.028666666666666667,0.1374900079936051,0.086433920080857,0.15766666666666662,6000,0,iid,P0_none,0.32116666666666666,0.32116666666666666
0.6826666666666666,0.31733333333333336,0.251220703125,0.32116666666666666,0.4660093409444733,0.7530076110974712,0.028666666666666667,0.1374900079936051,0.07235937677542133,0.20313333333333333,4096,0,iid,P1_conf,0.251220703125,0.32116666666666666
0.6258333333333334,0.37416666666666665,0.23994673768308922,0.32116666666666666,0.5324338349766476,0.7007120058924625,0.028666666666666667,0.1374900079936051,0.06449482202703692,0.20033333333333334,3755,0,iid,P2_conf_ens,0.2359520639147803,0.32116666666666666
0.6765,0.3235,0.251539788125154,0.32116666666666666,0.47016087182148414,0.7458875521728455,0.028666666666666667,0.1374900079936051,0.07176677953969465,0.20086666666666667,4059,0,iid,P3_conf_ood_gap,0.24932249322493225,0.32116666666666666
0.622,0.378,0.24035369774919615,0.32116666666666666,0.534509600415153,0.6960471397004665,0.028666666666666667,0.1374900079936051,0.06420746617826371,0.19859999999999997,3732,0,iid,P4_all,0.2352625937834941,0.32116666666666666
1.0,0.0,0.4246666666666667,0.4246666666666667,0.0,1.0,0.10683333333333334,0.34369973190348524,0.16992955908770027,-0.049333333333333326,6000,0,vol_jump,P0_none,0.4246666666666667,0.4246666666666667
0.7518333333333334,0.24816666666666665,0.40500997561516294,0.4246666666666667,0.28296703296703296,0.7775202780996524,0.10683333333333334,0.34369973190348524,0.15781651772463928,-0.007533333333333322,4511,0,vol_jump,P1_conf,0.40500997561516294,0.4246666666666667
0.5931666666666666,0.4068333333333334,0.3826917673503793,0.4246666666666667,0.4654631083202512,0.6364426419466975,0.10683333333333334,0.34369973190348524,0.12583628069484118,0.020533333333333344,3559,0,vol_jump,P2_conf_ens,0.3897162124192189,0.4246666666666667
0.49683333333333335,0.5031666666666667,0.4089231801408923,0.4246666666666667,0.521585557299843,0.5104287369640788,0.10683333333333334,0.34369973190348524,0.10302030870293531,-0.008866666666666651,2981,0,vol_jump,P3_conf_ood_gap,0.3787319691378732,0.4246666666666667
0.4151666666666667,0.5848333333333333,0.3926134082697712,0.4246666666666667,0.6161695447409733,0.43829663962920046,0.10683333333333334,0.34369973190348524,0.08704154604466989,0.006133333333333347,2491,0,vol_jump,P4_all,0.3681252509032517,0.4246666666666667
1.0,0.0,0.6381666666666667,0.6381666666666667,0.0,1.0,0.16283333333333333,0.7809752198241406,0.2580482949229184,-0.47633333333333333,6000,0,regime_transition,P0_none,0.6381666666666667,0.6381666666666667
0.6826666666666666,0.31733333333333336,0.68701171875,0.6381666666666667,0.26508226691042047,0.5905112851220635,0.16283333333333333,0.7809752198241406,0.24106002447979344,-0.39186666666666664,4096,0,regime_transition,P1_conf,0.68701171875,0.6381666666666667
0.6258333333333334,0.37416666666666665,0.6996005326231691,0.6381666666666667,0.3139200835727344,0.5195762321510824,0.16283333333333333,0.7809752198241406,0.22877878200717533,-0.375,3755,0,regime_transition,P2_conf_ens,0.6964047936085219,0.6381666666666667
0.6765,0.3235,0.6871150529687116,0.6381666666666667,0.27161138678506136,0.584983878397052,0.16283333333333333,0.7809752198241406,0.23848407968232513,-0.3884666666666667,4059,0,regime_transition,P3_conf_ood_gap,0.6885932495688594,0.6381666666666667
0.622,0.378,0.6985530546623794,0.6381666666666667,0.3191433794724471,0.5181943804698296,0.16283333333333333,0.7809752198241406,0.22659855047527633,-0.37139999999999995,3732,0,regime_transition,P4_all,0.6964094319399786,0.6381666666666667
1.0,0.0,0.14183333333333334,0.14183333333333334,0.0,1.0,0.025166666666666667,0.036901270772238516,0.048971573182952456,0.5163333333333333,6000,0,feature_shift,P0_none,0.14183333333333334,0.14183333333333334
0.8951666666666667,0.10483333333333333,0.10296034258052504,0.14183333333333334,0.3501762632197415,0.9357156729462032,0.025166666666666667,0.036901270772238516,0.04436915068595035,0.5317999999999998,5371,0,feature_shift,P1_conf,0.10296034258052504,0.14183333333333334
0.8138333333333333,0.1861666666666667,0.06942453409789064,0.14183333333333334,0.6016451233842538,0.8825014565935133,0.025166666666666667,0.036901270772238516,0.0292239454706056,0.5380666666666666,4883,0,feature_shift,P2_conf_ens,0.07495392176940406,0.14183333333333334
0.6933333333333334,0.30666666666666664,0.10841346153846154,0.14183333333333334,0.4700352526439483,0.7203340454457177,0.025166666666666667,0.036901270772238516,0.03563120330312459,0.4043333333333333,4160,0,feature_shift,P3_conf_ood_gap,0.03894230769230769,0.14183333333333334
0.6345,0.36550000000000005,0.07801418439716312,0.14183333333333334,0.6509988249118683,0.6816857642260633,0.025166666666666667,0.036901270772238516,0.024832817108467155,0.4085999999999999,3807,0,feature_shift,P4_all,0.028631468347780405,0.14183333333333334
1.0,0.0,0.37133333333333335,0.37133333333333335,0.0,1.0,0.020166666666666666,0.14975247524752475,0.08740184395760332,0.05733333333333333,6000,0,missing_features,P0_none,0.37133333333333335,0.37133333333333335
0.5806666666666667,0.41933333333333334,0.30252583237657865,0.37133333333333335,0.5269299820466786,0.644220572640509,0.020166666666666666,0.14975247524752475,0.06861087408608407,0.11320000000000001,3484,0,missing_features,P1_conf,0.30252583237657865,0.37133333333333335
0.554,0.44599999999999995,0.29693140794223827,0.37133333333333335,0.5570017953321365,0.6195652173913043,0.020166666666666666,0.14975247524752475,0.06467514743075825,0.11420000000000001,3324,0,missing_features,P2_conf_ens,0.29843561973525873,0.37133333333333335
0.03816666666666667,0.9618333333333333,0.24017467248908297,0.37133333333333335,0.975314183123878,0.04612937433722163,0.020166666666666666,0.14975247524752475,0.003797248658413422,0.012200000000000003,229,0,missing_features,P3_conf_ood_gap,0.10480349344978165,0.37133333333333335
0.035,0.965,0.21428571428571427,0.37133333333333335,0.979802513464991,0.04374337221633086,0.020166666666666666,0.14975247524752475,0.0031247625571742374,0.013000000000000003,210,0,missing_features,P4_all,0.10476190476190476,0.37133333333333335
1.0,0.0,0.39166666666666666,0.39166666666666666,0.0,1.0,0.0485,0.24536256323777403,0.12008152632640813,0.01666666666666666,6000,0,stale_features,P0_none,0.39166666666666666,0.39166666666666666
0.674,0.32599999999999996,0.3506429277942631,0.39166666666666666,0.396595744680851,0.7194520547945206,0.0485,0.24536256323777403,0.10470663995889258,0.06653333333333335,4044,0,stale_features,P1_conf,0.3506429277942631,0.39166666666666666
0.6148333333333333,0.38516666666666666,0.34128490105719705,0.39166666666666666,0.46425531914893614,0.6657534246575343,0.0485,0.24536256323777403,0.094616647712222,0.07220000000000001,3689,0,stale_features,P2_conf_ens,0.34589319598807267,0.39166666666666666
0.37933333333333336,0.6206666666666667,0.2548330404217926,0.39166666666666666,0.7531914893617021,0.46465753424657535,0.0485,0.24536256323777403,0.03995659067948388,0.11013333333333332,2276,0,stale_features,P3_conf_ood_gap,0.29789103690685415,0.39166666666666666
0.3521666666666667,0.6478333333333333,0.2456223379081874,0.39166666666666666,0.7791489361702127,0.4367123287671233,0.0485,0.24536256323777403,0.03593953621597036,0.10873333333333333,2113,0,stale_features,P4_all,0.2929484145764316,0.39166666666666666
1.0,0.0,0.4095,0.4095,0.0,1.0,0.0765,0.31438356164383563,0.13915011966245805,-0.019,6000,0,venue_change,P0_none,0.4095,0.4095
0.6776666666666666,0.32233333333333336,0.3792424987702902,0.4095,0.3724053724053724,0.7123906294101044,0.0765,0.31438356164383563,0.12462281239290045,0.02813333333333334,4066,0,venue_change,P1_conf,0.3792424987702902,0.4095
0.6281666666666667,0.37183333333333335,0.3725126028124171,0.4095,0.4285714285714286,0.6675134067174711,0.0765,0.31438356164383563,0.11546078307274933,0.034533333333333346,3769,0,venue_change,P2_conf_ens,0.3733085699124436,0.4095
0.6731666666666667,0.3268333333333333,0.38053973755880166,0.4095,0.3744403744403745,0.7061812023708721,0.0765,0.31438356164383563,0.12421022023691933,0.026200000000000008,4039,0,venue_change,P3_conf_ood_gap,0.3785590492696212,0.4095
0.6245,0.37549999999999994,0.37363223912463306,0.4095,0.4301994301994302,0.6624329664126446,0.0765,0.31438356164383563,0.11514171419605847,0.03293333333333335,3747,0,venue_change,P4_all,0.3741659994662397,0.4095
1.0,0.0,0.31466666666666665,0.31466666666666665,0.0,1.0,0.019666666666666666,0.10207612456747404,0.08219536002574954,0.17066666666666666,6000,1,iid,P0_none,0.31466666666666665,0.31466666666666665
0.6913333333333334,0.30866666666666664,0.2519286403085825,0.31466666666666665,0.4465042372881356,0.7546206225680934,0.019666666666666666,0.10207612456747404,0.06869114277429815,0.20473333333333335,4148,1,iid,P1_conf,0.2519286403085825,0.31466666666666665
0.6333333333333333,0.3666666666666667,0.24052631578947367,0.31466666666666665,0.5158898305084746,0.7018482490272373,0.019666666666666666,0.10207612456747404,0.06070170808511911,0.202,3800,1,iid,P2_conf_ens,0.2373684210526316,0.31466666666666665
0.6841666666666667,0.3158333333333333,0.25115712545676006,0.31466666666666665,0.45391949152542377,0.747568093385214,0.019666666666666666,0.10207612456747404,0.06759375635401421,0.20366666666666666,4105,1,iid,P3_conf_ood_gap,0.24896467722289892,0.31466666666666665
0.6286666666666667,0.3713333333333333,0.2404559915164369,0.31466666666666665,0.5195974576271186,0.6967412451361867,0.019666666666666666,0.10207612456747404,0.06012583704300981,0.20059999999999997,3772,1,iid,P4_all,0.23753976670201485,0.31466666666666665
1.0,0.0,0.4231666666666667,0.4231666666666667,0.0,1.0,0.11116666666666666,0.35347111817700055,0.17053285702159704,-0.04633333333333333,6000,1,vol_jump,P0_none,0.4231666666666667,0.4231666666666667
0.7568333333333334,0.24316666666666664,0.40585774058577406,0.4231666666666667,0.27412367073651045,0.7795434845420399,0.11116666666666666,0.35347111817700055,0.15921142474234226,-0.008866666666666655,4541,1,vol_jump,P1_conf,0.40585774058577406,0.4231666666666667
0.5656666666666667,0.43433333333333335,0.3842074248674131,0.4231666666666667,0.4864119732178023,0.6038717133776366,0.11116666666666666,0.35347111817700055,0.12056590747540095,0.01786666666666668,3394,1,vol_jump,P2_conf_ens,0.3845020624631703,0.4231666666666667
0.49183333333333334,0.5081666666666667,0.4008810572687225,0.4231666666666667,0.5340685309176841,0.5108350187806993,0.11116666666666666,0.35347111817700055,0.09857057414773514,-0.0008666666666666535,2951,1,vol_jump,P3_conf_ood_gap,0.37953236191121653,0.4231666666666667
0.3985,0.6014999999999999,0.3843580092011711,0.4231666666666667,0.6380464749901535,0.4253106038717134,0.11116666666666666,0.35347111817700055,0.08031316623472097,0.01246666666666668,2391,1,vol_jump,P4_all,0.36679213718109577,0.4231666666666667
1.0,0.0,0.4051666666666667,0.4051666666666667,0.0,1.0,0.058333333333333334,0.3027681660899654,0.12949620129306144,-0.010333333333333337,6000,1,regime_transition,P0_none,0.4051666666666667,0.4051666666666667
0.6913333333333334,0.30866666666666664,0.3710221793635487,0.4051666666666667,0.36692719045660227,0.7310170916223032,0.058333333333333334,0.3027681660899654,0.11523349324328129,0.040066666666666674,4148,1,regime_transition,P1_conf,0.3710221793635487,0.4051666666666667
0.6333333333333333,0.3666666666666667,0.3678947368421053,0.4051666666666667,0.4249280131633073,0.6730176520033623,0.058333333333333334,0.3027681660899654,0.10605827843183234,0.04066666666666668,3800,1,regime_transition,P2_conf_ens,0.36394736842105263,0.4051666666666667
0.6841666666666667,0.3158333333333333,0.3700365408038977,0.4051666666666667,0.37515425750719866,0.7245727094424208,0.058333333333333334,0.3027681660899654,0.11345068833616745,0.04100000000000001,4105,1,regime_transition,P3_conf_ood_gap,0.3700365408038977,0.4051666666666667
0.6286666666666667,0.3713333333333333,0.3671792152704136,0.4051666666666667,0.430275606746195,0.6688147940599608,0.058333333333333334,0.3027681660899654,0.10478563204041497,0.04126666666666668,3772,1,regime_transition,P4_all,0.3629374337221633,0.4051666666666667
1.0,0.0,0.304,0.304,0.0,1.0,0.04033333333333333,0.17030260380014076,0.0958919357777561,0.192,6000,1,feature_shift,P0_none,0.304,0.304
0.7433333333333333,0.2566666666666667,0.2585201793721973,0.304,0.3678728070175439,0.7919061302681992,0.04033333333333333,0.17030260380014076,0.08532056849072471,0.21033333333333334,4460,1,feature_shift,P1_conf,0.2585201793721973,0.304
0.5403333333333333,0.45966666666666667,0.24830351634793338,0.304,0.5586622807017544,0.5835727969348659,0.04033333333333333,0.17030260380014076,0.06146311472077167,0.16393333333333332,3242,1,feature_shift,P2_conf_ens,0.22486119679210365,0.304
0.471,0.529,0.26008492569002123,0.304,0.5970394736842105,0.5007183908045977,0.04033333333333333,0.17030260380014076,0.05054218667797824,0.1318,2826,1,feature_shift,P3_conf_ood_gap,0.2084217975937721,0.304
0.36616666666666664,0.6338333333333334,0.24078288575329995,0.304,0.7099780701754386,0.3994252873563218,0.04033333333333333,0.17030260380014076,0.03719252659078274,0.11660000000000001,2197,1,feature_shift,P4_all,0.19116977696859352,0.304
1.0,0.0,0.3625,0.3625,0.0,1.0,0.016833333333333332,0.12998712998713,0.08717106495694575,0.075,6000,1,missing_features,P0_none,0.3625,0.3625
0.6141666666666666,0.38583333333333336,0.29687924016282224,0.3625,0.4970114942528736,0.6773856209150326,0.016833333333333332,0.12998712998713,0.07045100080706523,0.12666666666666668,3685,1,missing_features,P1_conf,0.29687924016282224,0.3625
0.58,0.42000000000000004,0.28908045977011493,0.3625,0.5374712643678161,0.646797385620915,0.016833333333333332,0.12998712998713,0.06500808395853001,0.12866666666666668,3480,1,missing_features,P2_conf_ens,0.2942528735632184,0.3625
0.037,0.963,0.26576576576576577,0.3625,0.9728735632183908,0.04261437908496732,0.016833333333333332,0.12998712998713,0.0039996627945892245,0.009933333333333334,222,1,missing_features,P3_conf_ood_gap,0.09009009009009009,0.3625
0.03383333333333333,0.9661666666666666,0.2512315270935961,0.3625,0.976551724137931,0.03973856209150327,0.016833333333333332,0.12998712998713,0.0034539158725195047,0.010066666666666668,203,1,missing_features,P4_all,0.08866995073891626,0.3625
1.0,0.0,0.37533333333333335,0.37533333333333335,0.0,1.0,0.05383333333333333,0.2515576323987539,0.1204291750598894,0.04933333333333333,6000,1,stale_features,P0_none,0.37533333333333335,0.37533333333333335
0.7038333333333333,0.2961666666666667,0.3372010419133318,0.37533333333333335,0.36767317939609234,0.7467982924226254,0.05383333333333333,0.2515576323987539,0.10741760471119166,0.08840000000000002,4223,1,stale_features,P1_conf,0.3372010419133318,0.37533333333333335
0.6303333333333333,0.3696666666666667,0.32231623479640403,0.37533333333333335,0.4587033747779752,0.6838313767342583,0.05383333333333333,0.2515576323987539,0.09362703725543721,0.09793333333333333,3782,1,stale_features,P2_conf_ens,0.32496033844526706,0.37533333333333335
0.41883333333333334,0.5811666666666666,0.2379625945085555,0.37533333333333335,0.7344582593250444,0.5109391675560299,0.05383333333333333,0.2515576323987539,0.03966920931788896,0.13573333333333332,2513,1,stale_features,P3_conf_ood_gap,0.299641862315957,0.37533333333333335
0.38483333333333336,0.6151666666666666,0.2234733650931139,0.37533333333333335,0.7708703374777975,0.47838847385272143,0.05383333333333333,0.2515576323987539,0.03459154343824274,0.13586666666666666,2309,1,stale_features,P4_all,0.281507145950628,0.37533333333333335
1.0,0.0,0.376,0.376,0.0,1.0,0.0225,0.18342391304347827,0.09529285700337536,0.048,6000,1,venue_change,P0_none,0.376,0.376
0.6165,0.38349999999999995,0.31792376317923765,0.376,0.4787234042553191,0.6738782051282052,0.0225,0.18342391304347827,0.07783637803944085,0.10120000000000001,3699,1,venue_change,P1_conf,0.31792376317923765,0.376
0.5615,0.4385,0.3066191748293262,0.376,0.5421099290780143,0.6239316239316239,0.0225,0.18342391304347827,0.06913133629720962,0.10486666666666668,3369,1,venue_change,P2_conf_ens,0.3075096467794598,0.376
0.6111666666666666,0.38883333333333336,0.31688028361058085,0.376,0.4849290780141844,0.6690705128205128,0.0225,0.18342391304347827,0.0767424761023994,0.10160000000000001,3667,1,venue_change,P3_conf_ood_gap,0.31688028361058085,0.376
0.5586666666666666,0.44133333333333336,0.30638424821002386,0.376,0.5447695035460993,0.6209935897435898,0.0225,0.18342391304347827,0.06862264134606146,0.1046,3352,1,venue_change,P4_all,0.3060859188544153,0.376
1.0,0.0,0.32916666666666666,0.32916666666666666,0.0,1.0,0.020166666666666666,0.09967051070840198,0.08456549655396269,0.14166666666666666,6000,2,iid,P0_none,0.32916666666666666,0.32916666666666666
0.6706666666666666,0.32933333333333337,0.2599403578528827,0.32916666666666666,0.47037974683544304,0.7398757763975156,0.020166666666666666,0.09967051070840198,0.06999040166703822,0.18786666666666663,4024,2,iid,P1_conf,0.2599403578528827,0.32916666666666666
0.6203333333333333,0.3796666666666667,0.24637291778613649,0.32916666666666666,0.5356962025316456,0.6968944099378882,0.020166666666666666,0.09967051070840198,0.062037452715170964,0.1906,3722,2,iid,P2_conf_ens,0.2474476088124664,0.32916666666666666
0.6611666666666667,0.3388333333333333,0.2609024451726746,0.32916666666666666,0.4759493670886076,0.7284472049689441,0.020166666666666666,0.09967051070840198,0.06919976090167913,0.1839333333333333,3967,2,iid,P3_conf_ood_gap,0.2576254096294429,0.32916666666666666
0.6136666666666667,0.3863333333333333,0.24769147202607278,0.32916666666666666,0.5382278481012659,0.6881987577639752,0.020166666666666666,0.09967051070840198,0.0617332719698877,0.1869333333333333,3682,2,iid,P4_all,0.2463335143943509,0.32916666666666666
1.0,0.0,0.4256666666666667,0.4256666666666667,0.0,1.0,0.10133333333333333,0.33480176211453744,0.16269242095662734,-0.05133333333333332,6000,2,vol_jump,P0_none,0.4256666666666667,0.4256666666666667
0.7346666666666667,0.2653333333333333,0.39904718693284935,0.4256666666666667,0.31127642913077525,0.7687173534532792,0.10133333333333333,0.33480176211453744,0.15006930091494564,0.0014000000000000117,4408,2,vol_jump,P1_conf,0.39904718693284935,0.4256666666666667
0.5736666666666667,0.42633333333333334,0.37739686228936664,0.4256666666666667,0.49138606108065774,0.6218804410911202,0.10133333333333333,0.33480176211453744,0.11878674535521963,0.025933333333333346,3442,2,vol_jump,P2_conf_ens,0.37972109238814644,0.4256666666666667
0.481,0.519,0.41753291753291755,0.4256666666666667,0.5281910728269381,0.487811955890888,0.10133333333333333,0.33480176211453744,0.10229712676350933,-0.01686666666666665,2886,2,vol_jump,P3_conf_ood_gap,0.369022869022869,0.4256666666666667
0.4038333333333333,0.5961666666666667,0.4023937267849773,0.4256666666666667,0.6182458888018794,0.4201973302379571,0.10133333333333333,0.33480176211453744,0.08691091539701959,-0.0019333333333333182,2423,2,vol_jump,P4_all,0.3553446141147338,0.4256666666666667
1.0,0.0,0.6483333333333333,0.6483333333333333,0.0,1.0,0.154,0.7611202635914333,0.2560055729058223,-0.49666666666666665,6000,2,regime_transition,P0_none,0.6483333333333333,0.6483333333333333
0.6706666666666666,0.32933333333333337,0.7005467196819085,0.6483333333333333,0.2753213367609254,0.5710900473933649,0.154,0.7611202635914333,0.23778257711429365,-0.40313333333333334,4024,2,regime_transition,P1_conf,0.7005467196819085,0.6483333333333333
0.6203333333333333,0.3796666666666667,0.7103707684040839,0.6483333333333333,0.32030848329048844,0.5109004739336492,0.154,0.7611202635914333,0.2264271440037835,-0.38506666666666667,3722,2,regime_transition,P2_conf_ens,0.7103707684040839,0.6483333333333333
0.6611666666666667,0.3388333333333333,0.6995210486513739,0.6483333333333333,0.2866323907455013,0.5649289099526066,0.154,0.7611202635914333,0.23365974059029815,-0.3960666666666667,3967,2,regime_transition,P3_conf_ood_gap,0.7020418452230905,0.6483333333333333
0.6136666666666667,0.3863333333333333,0.7096686583378599,0.6483333333333333,0.3282776349614396,0.5066350710900474,0.154,0.7611202635914333,0.22323905209846573,-0.38006666666666666,3682,2,regime_transition,P4_all,0.7131993481803368,0.6483333333333333
1.0,0.0,0.3501666666666667,0.3501666666666667,0.0,1.0,0.028,0.13872832369942195,0.09435733070647344,0.09966666666666667,6000,2,feature_shift,P0_none,0.3501666666666667,0.3501666666666667
0.6745,0.3255,0.28910303928836173,0.3501666666666667,0.4431223227034745,0.7378815080789947,0.028,0.13872832369942195,0.07870687802416813,0.1496,4047,2,feature_shift,P1_conf,0.28910303928836173,0.3501666666666667
0.49983333333333335,0.5001666666666666,0.2367455818606202,0.3501666666666667,0.6620656830080913,0.5870736086175943,0.028,0.13872832369942195,0.0518625400897962,0.16319999999999998,2999,2,feature_shift,P2_conf_ens,0.24341447149049683,0.3501666666666667
0.4851666666666667,0.5148333333333333,0.26726210924081073,0.3501666666666667,0.629700142789148,0.5470633495768146,0.028,0.13872832369942195,0.05311980566146529,0.1288,2911,2,feature_shift,P3_conf_ood_gap,0.23806252147028512,0.3501666666666667
0.391,0.609,0.23273657289002558,0.3501666666666667,0.7401237505949547,0.4616568350859195,0.028,0.13872832369942195,0.039669973825765856,0.1308,2346,2,feature_shift,P4_all,0.20545609548167093,0.3501666666666667
1.0,0.0,0.37,0.37,0.0,1.0,0.021666666666666667,0.13800424628450106,0.09212183691553116,0.06,6000,2,missing_features,P0_none,0.37,0.37
0.629,0.371,0.3047164811870694,0.37,0.48198198198198194,0.6941798941798942,0.021666666666666667,0.13800424628450106,0.07520049224200269,0.11986666666666668,3774,2,missing_features,P1_conf,0.3047164811870694,0.37
0.5911666666666666,0.4088333333333334,0.2943332393572033,0.37,0.5297297297297296,0.6621693121693122,0.021666666666666667,0.13800424628450106,0.0688555893710064,0.12493333333333331,3547,2,missing_features,P2_conf_ens,0.2982802368198478,0.37
0.03866666666666667,0.9613333333333334,0.2543103448275862,0.37,0.9734234234234235,0.04576719576719577,0.021666666666666667,0.13800424628450106,0.004089207324593674,0.011266666666666668,232,2,missing_features,P3_conf_ood_gap,0.06896551724137931,0.37
0.0355,0.9645,0.2300469483568075,0.37,0.9779279279279279,0.04338624338624339,0.021666666666666667,0.13800424628450106,0.0034605398700706504,0.012066666666666668,213,2,missing_features,P4_all,0.06572769953051644,0.37
1.0,0.0,0.39216666666666666,0.39216666666666666,0.0,1.0,0.06966666666666667,0.28338983050847455,0.13334647503708447,0.015666666666666662,6000,2,stale_features,P0_none,0.39216666666666666,0.39216666666666666
0.7055,0.2945,0.358847153319159,0.39216666666666666,0.35444113897152574,0.7441732931176309,0.06966666666666667,0.28338983050847455,0.1199999490377684,0.05806666666666666,4233,2,stale_features,P1_conf,0.358847153319159,0.39216666666666666
0.6483333333333333,0.3516666666666667,0.34987146529562985,0.39216666666666666,0.4215894602634934,0.6934466684946531,0.06966666666666667,0.28338983050847455,0.11011115304227315,0.065,3890,2,stale_features,P2_conf_ens,0.3493573264781491,0.39216666666666666
0.39416666666666667,0.6058333333333333,0.2638477801268499,0.39216666666666666,0.7348066298342542,0.4773786673978613,0.06966666666666667,0.28338983050847455,0.041963114272652174,0.10733333333333334,2365,2,stale_features,P3_conf_ood_gap,0.30782241014799155,0.39216666666666666
0.36633333333333334,0.6336666666666666,0.24977252047315743,0.39216666666666666,0.7666808329791756,0.45215245407183985,0.06966666666666667,0.28338983050847455,0.03742062897034766,0.11006666666666669,2198,2,stale_features,P4_all,0.30482256596906276,0.39216666666666666
1.0,0.0,0.418,0.418,0.0,1.0,0.021,0.20224719101123595,0.10481722327290925,-0.03599999999999999,6000,2,venue_change,P0_none,0.418,0.418
0.5855,0.4145,0.38343296327924853,0.418,0.4629186602870813,0.6202749140893471,0.021,0.20224719101123595,0.08576962570337196,0.01940000000000001,3513,2,venue_change,P1_conf,0.38343296327924853,0.418
0.5185,0.48150000000000004,0.37287045965927357,0.418,0.5374800637958532,0.5587056128293242,0.021,0.20224719101123595,0.07460087237694459,0.028133333333333344,3111,2,venue_change,P2_conf_ens,0.3722275795564127,0.418
0.582,0.41800000000000004,0.38402061855670105,0.418,0.465311004784689,0.615979381443299,0.021,0.20224719101123595,0.08538351780477559,0.018600000000000012,3492,2,venue_change,P3_conf_ood_gap,0.38144329896907214,0.418
0.5165,0.48350000000000004,0.3736689254598258,0.418,0.5382775119617225,0.5558419243986255,0.021,0.20224719101123595,0.07445987665754839,0.027200000000000016,3099,2,venue_change,P4_all,0.37205550177476604,0.418
1.0,0.0,0.30733333333333335,0.30733333333333335,0.0,1.0,0.029833333333333333,0.12110960757780785,0.08868913632090653,0.1853333333333333,6000,3,iid,P0_none,0.30733333333333335,0.30733333333333335
0.7115,0.2885,0.251112672757086,0.30733333333333335,0.41865509761388287,0.7692492781520693,0.029833333333333333,0.12110960757780785,0.07643868905622445,0.21186666666666665,4269,3,iid,P1_conf,0.251112672757086,0.30733333333333335
0.6506666666666666,0.3493333333333334,0.2348872950819672,0.30733333333333335,0.5027114967462039,0.7187199230028873,0.029833333333333333,0.12110960757780785,0.06636543687128868,0.21486666666666662,3904,3,iid,P2_conf_ens,0.24001024590163936,0.30733333333333335
0.6978333333333333,0.3021666666666667,0.25149271554812513,0.30733333333333335,0.42895878524945774,0.7540904716073147,0.029833333333333333,0.12110960757780785,0.07500016850152035,0.20726666666666665,4187,3,iid,P3_conf_ood_gap,0.2510150465727251,0.30733333333333335
0.642,0.358,0.23624091381100726,0.30733333333333335,0.5065075921908894,0.7078922040423484,0.029833333333333333,0.12110960757780785,0.0657466561677462,0.21026666666666666,3852,3,iid,P4_all,0.23727933541017654,0.30733333333333335
1.0,0.0,0.421,0.421,0.0,1.0,0.13633333333333333,0.3518279569892473,0.18611813401049918,-0.042,6000,3,vol_jump,P0_none,0.421,0.421
0.7815,0.21850000000000003,0.40264448709746214,0.421,0.25257323832145684,0.8062751871042027,0.13633333333333333,0.3518279569892473,0.17535017542654951,-0.004133333333333323,4689,3,vol_jump,P1_conf,0.40264448709746214,0.421
0.5956666666666667,0.4043333333333333,0.3889199776161164,0.421,0.44972288202692,0.6286701208981001,0.13633333333333333,0.3518279569892473,0.13829218171214988,0.01320000000000001,3574,3,vol_jump,P2_conf_ens,0.3833240067151651,0.421
0.44766666666666666,0.5523333333333333,0.4184661206254654,0.421,0.5550277117973079,0.4496257915947035,0.13633333333333333,0.3518279569892473,0.10087975525193843,-0.016533333333333317,2686,3,vol_jump,P3_conf_ood_gap,0.3626209977661951,0.421
0.37266666666666665,0.6273333333333333,0.4159212880143113,0.421,0.6318289786223278,0.37593552101324124,0.13633333333333333,0.3518279569892473,0.08755795437843428,-0.011866666666666656,2236,3,vol_jump,P4_all,0.3466010733452594,0.421
1.0,0.0,0.32316666666666666,0.32316666666666666,0.0,1.0,0.034166666666666665,0.13870094722598106,0.09533720985232297,0.15366666666666667,6000,3,regime_transition,P0_none,0.32316666666666666,0.32316666666666666
0.7115,0.2885,0.2700866713516046,0.32316666666666666,0.405363589479113,0.7672986949027333,0.034166666666666665,0.13870094722598106,0.0825146735890558,0.18486666666666662,4269,3,regime_transition,P1_conf,0.2700866713516046,0.32316666666666666
0.6506666666666666,0.3493333333333334,0.25589139344262296,0.32316666666666666,0.48478597215059305,0.7153410490027087,0.034166666666666665,0.13870094722598106,0.07287893690658447,0.1875333333333333,3904,3,regime_transition,P2_conf_ens,0.257172131147541,0.32316666666666666
0.6978333333333333,0.3021666666666667,0.2686887986625269,0.32316666666666666,0.41980402269210937,0.7540014774686038,0.034166666666666665,0.13870094722598106,0.08024319214605294,0.18326666666666666,4187,3,regime_transition,P3_conf_ood_gap,0.26725579173632674,0.32316666666666666
0.642,0.358,0.2562305295950156,0.32316666666666666,0.49097472924187724,0.7054912583107609,0.034166666666666665,0.13870094722598106,0.07172487552562051,0.18460000000000001,3852,3,regime_transition,P4_all,0.2551921079958463,0.32316666666666666
1.0,0.0,0.1445,0.1445,0.0,1.0,0.030333333333333334,0.047432890278863694,0.051225626192188456,0.511,6000,3,feature_shift,P0_none,0.1445,0.1445
0.89,0.10999999999999999,0.10224719101123596,0.1445,0.370242214532872,0.9339567504383401,0.030333333333333334,0.047432890278863694,0.04597354520394534,0.53,5340,3,feature_shift,P1_conf,0.10224719101123596,0.1445
0.7793333333333333,0.22066666666666668,0.07271171941830624,0.1445,0.607843137254902,0.8447301772842393,0.030333333333333334,0.047432890278863694,0.029908350873363982,0.5101333333333332,4676,3,feature_shift,P2_conf_ens,0.07057313943541488,0.1445
0.5725,0.4275,0.11761280931586608,0.1445,0.5340253748558247,0.5904928891486461,0.030333333333333334,0.047432890278863694,0.03336275436453282,0.3233333333333333,3435,3,feature_shift,P3_conf_ood_gap,0.03901018922852984,0.1445
0.5093333333333333,0.4906666666666667,0.09325916230366492,0.1445,0.6712802768166091,0.539840249366842,0.030333333333333334,0.047432890278863694,0.02456459018553994,0.3124666666666666,3056,3,feature_shift,P4_all,0.031086387434554975,0.1445
1.0,0.0,0.36233333333333334,0.36233333333333334,0.0,1.0,0.023333333333333334,0.15102481121898598,0.09055243756533904,0.07533333333333334,6000,3,missing_features,P0_none,0.36233333333333334,0.36233333333333334
0.611,0.389,0.2948717948717949,0.36233333333333334,0.5027598896044159,0.6756403554626241,0.023333333333333334,0.15102481121898598,0.07304734918761431,0.12846666666666665,3666,3,missing_features,P1_conf,0.2948717948717949,0.36233333333333334
0.5681666666666667,0.4318333333333333,0.28542094455852157,0.36233333333333334,0.5524379024839006,0.6366962885520125,0.023333333333333334,0.15102481121898598,0.06666519520661136,0.13019999999999998,3409,3,missing_features,P2_conf_ens,0.28424757993546496,0.36233333333333334
0.041166666666666664,0.9588333333333333,0.2550607287449393,0.36233333333333334,0.9710211591536339,0.04809200209095661,0.023333333333333334,0.15102481121898598,0.0044014844685991445,0.011933333333333334,247,3,missing_features,P3_conf_ood_gap,0.11336032388663968,0.36233333333333334
0.03783333333333333,0.9621666666666666,0.24669603524229075,0.36233333333333334,0.9742410303587856,0.044694197595399894,0.023333333333333334,0.15102481121898598,0.004024573373436959,0.011600000000000001,227,3,missing_features,P4_all,0.10572687224669604,0.36233333333333334
1.0,0.0,0.4088333333333333,0.4088333333333333,0.0,1.0,0.06583333333333333,0.27641707487753675,0.13423262319868362,-0.01766666666666666,6000,3,stale_features,P0_none,0.4088333333333333,0.4088333333333333
0.6895,0.3105,0.3741841914430747,0.4088333333333333,0.36893599673868727,0.7299126021990414,0.06583333333333333,0.27641707487753675,0.11943698115380291,0.03560000000000001,4137,3,stale_features,P1_conf,0.3741841914430747,0.4088333333333333
0.633,0.367,0.3670352817272249,0.4088333333333333,0.4317162657969833,0.6777558500140964,0.06583333333333333,0.27641707487753675,0.11027251107098206,0.041733333333333344,3798,3,stale_features,P2_conf_ens,0.36729857819905215,0.4088333333333333
0.37633333333333335,0.6236666666666666,0.271036315323295,0.4088333333333333,0.7505095801059927,0.46405413025091624,0.06583333333333333,0.27641707487753675,0.04201099067659259,0.09706666666666668,2258,3,stale_features,P3_conf_ood_gap,0.316651904340124,0.4088333333333333
0.3418333333333333,0.6581666666666667,0.25402242808386155,0.4088333333333333,0.7876070118222585,0.43135043698900477,0.06583333333333333,0.27641707487753675,0.03649139965666972,0.09980000000000001,2051,3,stale_features,P4_all,0.3022915650901999,0.4088333333333333
1.0,0.0,0.4053333333333333,0.4053333333333333,0.0,1.0,0.05633333333333333,0.26804123711340205,0.12535186711995977,-0.010666666666666661,6000,3,venue_change,P0_none,0.4053333333333333,0.4053333333333333
0.673,0.32699999999999996,0.3630510153541357,0.4053333333333333,0.397203947368421,0.7208520179372198,0.05633333333333333,0.26804123711340205,0.10993865588595171,0.04973333333333335,4038,3,venue_change,P1_conf,0.3630510153541357,0.4053333333333333
0.602,0.398,0.3507751937984496,0.4053333333333333,0.47902960526315785,0.6572309417040358,0.05633333333333333,0.26804123711340205,0.09698356981579327,0.05926666666666667,3612,3,venue_change,P2_conf_ens,0.3504983388704319,0.4053333333333333
0.6655,0.3345,0.3626346105684949,0.4053333333333333,0.4046052631578947,0.7132847533632287,0.05633333333333333,0.26804123711340205,0.10831308948473928,0.04973333333333334,3993,3,venue_change,P3_conf_ood_gap,0.3613824192336589,0.4053333333333333
0.5971666666666666,0.4028333333333334,0.3508233324030142,0.4053333333333333,0.483141447368421,0.6519058295964125,0.05633333333333333,0.26804123711340205,0.0960003167186749,0.058733333333333346,3583,3,venue_change,P4_all,0.3488696622941669,0.4053333333333333
1.0,0.0,0.32066666666666666,0.32066666666666666,0.0,1.0,0.027,0.1256788207913111,0.08777667249087051,0.15866666666666668,6000,4,iid,P0_none,0.32066666666666666,0.32066666666666666
0.6815,0.3185,0.2665688432379555,0.32066666666666666,0.43347193347193347,0.7357703631010795,0.027,0.1256788207913111,0.0741427315889967,0.18186666666666665,4089,4,iid,P1_conf,0.2665688432379555,0.32066666666666666
0.618,0.382,0.25026968716289105,0.32066666666666666,0.5176715176715176,0.6820412168792934,0.027,0.1256788207913111,0.06389939583738283,0.18506666666666668,3708,4,iid,P2_conf_ens,0.24730312837108953,0.32066666666666666
0.6738333333333333,0.3261666666666667,0.26688102893890675,0.32066666666666666,0.43918918918918914,0.7271835132482827,0.027,0.1256788207913111,0.07340460653238005,0.17939999999999998,4043,4,iid,P3_conf_ood_gap,0.2644076181053673,0.32066666666666666
0.613,0.387,0.25040783034257746,0.32066666666666666,0.5213097713097713,0.6763984298331698,0.027,0.1256788207913111,0.06332701550337948,0.18339999999999998,3678,4,iid,P4_all,0.24605764002175096,0.32066666666666666
1.0,0.0,0.4115,0.4115,0.0,1.0,0.10966666666666666,0.32687531048186785,0.1669131950436046,-0.023,6000,4,vol_jump,P0_none,0.4115,0.4115
0.758,0.242,0.38214599824098505,0.4115,0.29607128392061566,0.7958085528178986,0.10966666666666666,0.32687531048186785,0.15465024142087094,0.027066666666666673,4548,4,vol_jump,P1_conf,0.38214599824098505,0.4115
0.552,0.44799999999999995,0.36382850241545894,0.4115,0.5119481571486432,0.5967148116680827,0.10966666666666666,0.32687531048186785,0.11588639070390326,0.03993333333333335,3312,4,vol_jump,P2_conf_ens,0.3602053140096618,0.4115
0.4653333333333333,0.5346666666666666,0.3914756446991404,0.4115,0.5573106520858647,0.481166808269612,0.10966666666666666,0.32687531048186785,0.09453306367419388,0.00793333333333335,2792,4,vol_jump,P3_conf_ood_gap,0.3517191977077364,0.4115
0.37233333333333335,0.6276666666666666,0.38227394807520143,0.4115,0.6541109761036856,0.39082412914188613,0.10966666666666666,0.32687531048186785,0.07772527194025547,0.013200000000000016,2234,4,vol_jump,P4_all,0.3325872873769024,0.4115
1.0,0.0,0.4915,0.4915,0.0,1.0,0.09733333333333333,0.4530643910007758,0.17847805325505048,-0.183,6000,4,regime_transition,P0_none,0.4915,0.4915
0.6815,0.3185,0.49327463927610665,0.4915,0.3160393353679213,0.6791215994755818,0.09733333333333333,0.4530643910007758,0.16291774869046002,-0.12713333333333332,4089,4,regime_transition,P1_conf,0.49327463927610665,0.4915
0.618,0.382,0.49514563106796117,0.4915,0.3774160732451679,0.6135693215339233,0.09733333333333333,0.4530643910007758,0.15066683303755393,-0.11759999999999998,3708,4,regime_transition,P2_conf_ens,0.49083063646170444,0.4915
0.6738333333333333,0.3261666666666667,0.4941874845411823,0.4915,0.3224821973550356,0.6702720419534579,0.09733333333333333,0.4530643910007758,0.16131048623559235,-0.12693333333333331,4043,4,regime_transition,P3_conf_ood_gap,0.4936928023744744,0.4915
0.613,0.387,0.4967373572593801,0.4915,0.38046795523906407,0.6066863323500492,0.09733333333333333,0.4530643910007758,0.1498049864244952,-0.11859999999999998,3678,4,regime_transition,P4_all,0.49129961935834693,0.4915
1.0,0.0,0.11266666666666666,0.11266666666666666,0.0,1.0,0.019333333333333334,0.025835189309576838,0.03926228937038168,0.5746666666666667,6000,4,feature_shift,P0_none,0.11266666666666666,0.11266666666666666
0.92,0.07999999999999996,0.08079710144927536,0.11266666666666666,0.3402366863905325,0.9530428249436514,0.019333333333333334,0.025835189309576838,0.035344075853481566,0.5873333333333333,5520,4,feature_shift,P1_conf,0.08079710144927536,0.11266666666666666
0.855,0.14500000000000002,0.05107212475633528,0.11266666666666666,0.6124260355029586,0.9143501126972201,0.019333333333333334,0.025835189309576838,0.023070203001090295,0.5966666666666666,5130,4,feature_shift,P2_conf_ens,0.055360623781676416,0.11266666666666666
0.6105,0.38949999999999996,0.08135408135408136,0.11266666666666666,0.5591715976331362,0.6320435762584523,0.019333333333333334,0.025835189309576838,0.0242582050612601,0.3890666666666666,3663,4,feature_shift,P3_conf_ood_gap,0.010374010374010374,0.11266666666666666
0.577,0.42300000000000004,0.06008087810514154,0.11266666666666666,0.6923076923076923,0.6111945905334335,0.019333333333333334,0.025835189309576838,0.01842751782565603,0.39226666666666665,3462,4,feature_shift,P4_all,0.009532062391681109,0.11266666666666666
1.0,0.0,0.361,0.361,0.0,1.0,0.0265,0.17453347969264543,0.09173386110381977,0.078,6000,4,missing_features,P0_none,0.361,0.361
0.6088333333333333,0.39116666666666666,0.30659731727347384,0.361,0.4829178208679594,0.6606677099634846,0.0265,0.17453347969264543,0.07519299146934366,0.11373333333333335,3653,4,missing_features,P1_conf,0.30659731727347384,0.361
0.5673333333333334,0.43266666666666664,0.3017038777908343,0.361,0.525854108956602,0.6199791340636411,0.0265,0.17453347969264543,0.06947796723071917,0.11153333333333335,3404,4,missing_features,P2_conf_ens,0.300235017626322,0.361
0.04033333333333333,0.9596666666666667,0.2892561983471074,0.361,0.9676823638042474,0.044861763171622326,0.0265,0.17453347969264543,0.005073239250446265,0.008933333333333337,242,4,missing_features,P3_conf_ood_gap,0.09504132231404959,0.361
0.037333333333333336,0.9626666666666667,0.2857142857142857,0.361,0.9704524469067405,0.041731872717788214,0.0265,0.17453347969264543,0.004604894162707041,0.008533333333333334,224,4,missing_features,P4_all,0.08482142857142858,0.361
1.0,0.0,0.3875,0.3875,0.0,1.0,0.0535,0.2549642573471009,0.1174153444597149,0.024999999999999994,6000,4,stale_features,P0_none,0.3875,0.3875
0.6656666666666666,0.33433333333333337,0.3445167751627441,0.3875,0.4081720430107527,0.7123809523809523,0.0535,0.2549642573471009,0.10229692007793965,0.07386666666666668,3994,4,stale_features,P1_conf,0.3445167751627441,0.3875
0.5993333333333334,0.4006666666666666,0.33175750834260287,0.3875,0.4868817204301076,0.6538775510204081,0.0535,0.2549642573471009,0.09042643316793032,0.0818,3596,4,stale_features,P2_conf_ens,0.32897664071190214,0.3875
0.3855,0.6145,0.24340683095546908,0.3875,0.7578494623655914,0.47619047619047616,0.0535,0.2549642573471009,0.038143986512847096,0.12073333333333335,2313,4,stale_features,P3_conf_ood_gap,0.2931258106355383,0.3875
0.35183333333333333,0.6481666666666667,0.22785409758408337,0.3875,0.7931182795698924,0.4435374149659864,0.0535,0.2549642573471009,0.03270911684975524,0.12113333333333336,2111,4,stale_features,P4_all,0.28659403126480343,0.3875
1.0,0.0,0.435,0.435,0.0,1.0,0.07383333333333333,0.29553035356904606,0.14632926303249924,-0.07,6000,4,venue_change,P0_none,0.435,0.435
0.6875,0.3125,0.4072727272727273,0.435,0.3563218390804598,0.7212389380530974,0.07383333333333333,0.29553035356904606,0.13156746245568582,-0.00999999999999999,4125,4,venue_change,P1_conf,0.4072727272727273,0.435
0.6351666666666667,0.36483333333333334,0.40146943059564416,0.435,0.4137931034482759,0.6728613569321534,0.07383333333333333,0.29553035356904606,0.12190822168120974,-0.0018666666666666554,3811,4,venue_change,P2_conf_ens,0.4035686171608502,0.435
0.683,0.31699999999999995,0.4084919472913616,0.435,0.35862068965517246,0.7150442477876107,0.07383333333333333,0.29553035356904606,0.13111989541987776,-0.011599999999999987,4098,4,venue_change,P3_conf_ood_gap,0.40702781844802344,0.435
0.6316666666666667,0.3683333333333333,0.4029023746701847,0.435,0.4149425287356322,0.6675516224188791,0.07383333333333333,0.29553035356904606,0.12175899632384289,-0.003666666666666655,3790,4,venue_change,P4_all,0.40316622691292875,0.435
1.0,0.0,0.31883333333333336,0.31883333333333336,0.0,1.0,0.0235,0.11491442542787286,0.0866831403256272,0.1623333333333333,6000,5,iid,P0_none,0.31883333333333336,0.31883333333333336
0.6918333333333333,0.3081666666666667,0.2582510238496748,0.31883333333333336,0.43962362780972297,0.7533643259114264,0.0235,0.11491442542787286,0.07284342867708284,0.19613333333333333,4151,5,iid,P1_conf,0.2582510238496748,0.31883333333333336
0.641,0.359,0.24440977639105566,0.31883333333333336,0.5086251960271824,0.7110349889894788,0.0235,0.11491442542787286,0.0647137331843088,0.19946666666666663,3846,5,iid,P2_conf_ens,0.2438897555902236,0.31883333333333336
0.6871666666666667,0.3128333333333333,0.2590346834829008,0.31883333333333336,0.4417145844223732,0.7474920479569366,0.0235,0.11491442542787286,0.07247320549819578,0.19373333333333334,4123,5,iid,P3_conf_ood_gap,0.2563667232597623,0.31883333333333336
0.6375,0.36250000000000004,0.24496732026143792,0.31883333333333336,0.5101934134866701,0.7066307805236115,0.0235,0.11491442542787286,0.06443249122016743,0.19766666666666666,3825,5,iid,P4_all,0.24235294117647058,0.31883333333333336
1.0,0.0,0.4125,0.4125,0.0,1.0,0.107,0.33420093701197295,0.16236355581248885,-0.025,6000,5,vol_jump,P0_none,0.4125,0.4125
0.7426666666666667,0.2573333333333333,0.3868940754039497,0.4125,0.3034343434343434,0.7750354609929078,0.107,0.33420093701197295,0.15049103960557253,0.019466666666666677,4456,5,vol_jump,P1_conf,0.3868940754039497,0.4125
0.5871666666666666,0.4128333333333334,0.3760999148453023,0.4125,0.46464646464646464,0.6235460992907801,0.107,0.33420093701197295,0.12273430621696983,0.028066666666666674,3523,5,vol_jump,P2_conf_ens,0.37326142492194153,0.4125
0.5126666666666667,0.4873333333333333,0.3972691807542263,0.4125,0.5062626262626262,0.5259574468085106,0.107,0.33420093701197295,0.10560195912682842,0.0028000000000000125,3076,5,vol_jump,P3_conf_ood_gap,0.3644343302990897,0.4125
0.427,0.573,0.39266198282591724,0.4125,0.5935353535353536,0.44141843971631206,0.107,0.33420093701197295,0.09146563187118939,0.00626666666666668,2562,5,vol_jump,P4_all,0.351288056206089,0.4125
1.0,0.0,0.5811666666666667,0.5811666666666667,0.0,1.0,0.136,0.6650366748166259,0.2286777676324638,-0.36233333333333334,6000,5,regime_transition,P0_none,0.5811666666666667,0.5811666666666667
0.6918333333333333,0.3081666666666667,0.6123825584196579,0.5811666666666667,0.2710065959277316,0.6402705929168325,0.136,0.6650366748166259,0.21274274483617664,-0.29386666666666666,4151,5,regime_transition,P1_conf,0.6123825584196579,0.5811666666666667
0.641,0.359,0.6201248049921997,0.5811666666666667,0.31603097218239173,0.5813768404297652,0.136,0.6650366748166259,0.20247022122730127,-0.2822,3846,5,regime_transition,P2_conf_ens,0.6162246489859594,0.5811666666666667
0.6871666666666667,0.3128333333333333,0.6114479747756488,0.5811666666666667,0.2770289647261256,0.6374850775964982,0.136,0.6650366748166259,0.2105401759415349,-0.29059999999999997,4123,5,regime_transition,P3_conf_ood_gap,0.6126606839679845,0.5811666666666667
0.6375,0.36250000000000004,0.6193464052287582,0.5811666666666667,0.3206194436478348,0.5793871866295265,0.136,0.6650366748166259,0.20073294293212557,-0.2796666666666667,3825,5,regime_transition,P4_all,0.6167320261437909,0.5811666666666667
1.0,0.0,0.10716666666666666,0.10716666666666666,0.0,1.0,0.0255,0.03543307086614173,0.04139334251669437,0.5856666666666667,6000,5,feature_shift,P0_none,0.10716666666666666,0.10716666666666666
0.9238333333333333,0.07616666666666672,0.08082265920981418,0.10716666666666666,0.30326594090202175,0.9510920291207765,0.0255,0.03543307086614173,0.038098176799708484,0.5897333333333332,5543,5,feature_shift,P1_conf,0.08082265920981418,0.10716666666666666
0.9121666666666667,0.08783333333333332,0.07509592545221999,0.10716666666666666,0.3608087091757387,0.9449318648497294,0.0255,0.03543307086614173,0.03601334472722084,0.5927333333333332,5473,5,feature_shift,P2_conf_ens,0.07801936780559109,0.10716666666666666
0.667,0.33299999999999996,0.08295852073963018,0.10716666666666666,0.48367029548989116,0.6850849355982827,0.0255,0.03543307086614173,0.026934354638884495,0.42293333333333333,4002,5,feature_shift,P3_conf_ood_gap,0.028985507246376812,0.10716666666666666
0.6576666666666666,0.3423333333333334,0.07704004054738976,0.10716666666666666,0.5272161741835149,0.6798581295501214,0.0255,0.03543307086614173,0.025318215315010065,0.4247999999999999,3946,5,feature_shift,P4_all,0.026609224531170806,0.10716666666666666
1.0,0.0,0.3575,0.3575,0.0,1.0,0.018,0.13316892725030827,0.08880840198218876,0.085,6000,5,missing_features,P0_none,0.3575,0.3575
0.6328333333333334,0.36716666666666664,0.2939162496707927,0.3575,0.47972027972027975,0.6954604409857328,0.018,0.13316892725030827,0.07244139799015539,0.13426666666666667,3797,5,missing_features,P1_conf,0.2939162496707927,0.3575
0.6051666666666666,0.39483333333333337,0.28890112916551913,0.3575,0.510955710955711,0.6697795071335927,0.018,0.13316892725030827,0.06835006174684796,0.13446666666666668,3631,5,missing_features,P2_conf_ens,0.28890112916551913,0.3575
0.04,0.96,0.25,0.3575,0.972027972027972,0.04669260700389105,0.018,0.13316892725030827,0.0038566352461703816,0.012,240,5,missing_features,P3_conf_ood_gap,0.07916666666666666,0.3575
0.037333333333333336,0.9626666666666667,0.23214285714285715,0.3575,0.9757575757575757,0.04461738002594034,0.018,0.13316892725030827,0.003393683668850833,0.012533333333333336,224,5,missing_features,P4_all,0.07589285714285714,0.3575
1.0,0.0,0.3855,0.3855,0.0,1.0,0.050166666666666665,0.2563884156729131,0.11838513672981855,0.029,6000,5,stale_features,P0_none,0.3855,0.3855
0.6835,0.3165,0.33991709339185566,0.3855,0.3973194984868137,0.7342012476267968,0.050166666666666665,0.2563884156729131,0.10341885570564194,0.08213333333333335,4101,5,stale_features,P1_conf,0.33991709339185566,0.3855
0.6378333333333334,0.36216666666666664,0.3289783119937288,0.3855,0.4556852572416775,0.6965012205044752,0.050166666666666665,0.2563884156729131,0.09498774157271286,0.0906,3827,5,stale_features,P2_conf_ens,0.33394303632087796,0.3855
0.394,0.606,0.2512690355329949,0.3855,0.7431906614785992,0.48006509357200977,0.050166666666666665,0.2563884156729131,0.04116867969494517,0.11720000000000001,2364,5,stale_features,P3_conf_ood_gap,0.2918781725888325,0.3855
0.36683333333333334,0.6331666666666667,0.23898228078146297,0.3855,0.772589710332901,0.4542988879848115,0.050166666666666665,0.2563884156729131,0.037017121462945037,0.11813333333333333,2201,5,stale_features,P4_all,0.2889595638346206,0.3855
1.0,0.0,0.43066666666666664,0.43066666666666664,0.0,1.0,0.06116666666666667,0.2936,0.13782928901279126,-0.06133333333333333,6000,5,venue_change,P0_none,0.43066666666666664,0.43066666666666664
0.6705,0.3295,0.4044245587869749,0.43066666666666664,0.37035603715170273,0.7014051522248244,0.06116666666666667,0.2936,0.12241759979915698,-0.005933333333333325,4023,5,venue_change,P1_conf,0.4044245587869749,0.43066666666666664
0.6356666666666667,0.3643333333333333,0.39879391714735185,0.43066666666666664,0.41137770897832815,0.6712529274004684,0.06116666666666667,0.2936,0.11612637101849217,0.0015333333333333386,3814,5,venue_change,P2_conf_ens,0.39879391714735185,0.43066666666666664
0.6673333333333333,0.33266666666666667,0.4048451548451548,0.43066666666666664,0.37267801857585137,0.697599531615925,0.06116666666666667,0.2936,0.12175147879054157,-0.006466666666666659,4004,5,venue_change,P3_conf_ood_gap,0.4045954045954046,0.43066666666666664
0.633,0.367,0.39915745129015273,0.43066666666666664,0.413312693498452,0.6680327868852459,0.06116666666666667,0.2936,0.11551820733655498,0.0010666666666666747,3798,5,venue_change,P4_all,0.3983675618746709,0.43066666666666664
1.0,0.0,0.32133333333333336,0.32133333333333336,0.0,1.0,0.022833333333333334,0.11012861736334405,0.08761441880206115,0.15733333333333333,6000,6,iid,P0_none,0.32133333333333336,0.32133333333333336
0.6955,0.3045,0.2621615144979631,0.32133333333333336,0.43257261410788383,0.756139489194499,0.022833333333333334,0.11012861736334405,0.07451337641606982,0.19173333333333334,4173,6,iid,P1_conf,0.2621615144979631,0.32133333333333336
0.6393333333333333,0.3606666666666667,0.2515641293013556,0.32133333333333336,0.4994813278008299,0.7050589390962672,0.022833333333333334,0.11012861736334405,0.06626708545833805,0.1898,3836,6,iid,P2_conf_ens,0.25260688216892596,0.32133333333333336
0.685,0.31499999999999995,0.2615571776155718,0.32133333333333336,0.44242738589211617,0.7453339882121808,0.022833333333333334,0.11012861736334405,0.07308259784125541,0.18966666666666668,4110,6,iid,P3_conf_ood_gap,0.25961070559610705,0.32133333333333336
0.6323333333333333,0.3676666666666667,0.2514496573537164,0.32133333333333336,0.5051867219917012,0.6974459724950884,0.022833333333333334,0.11012861736334405,0.0653211999566586,0.18786666666666668,3794,6,iid,P4_all,0.24934106483921983,0.32133333333333336
1.0,0.0,0.42,0.42,0.0,1.0,0.104,0.337479718766901,0.1658709784159367,-0.04,6000,6,vol_jump,P0_none,0.42,0.42
0.7528333333333334,0.24716666666666665,0.4018153641797653,0.42,0.27976190476190477,0.7764367816091954,0.104,0.337479718766901,0.15421224103432696,-0.002733333333333326,4517,6,vol_jump,P1_conf,0.4018153641797653,0.42
0.5825,0.4175,0.39084406294706725,0.42,0.457936507936508,0.6117816091954023,0.104,0.337479718766901,0.12325474046316173,0.010666666666666678,3495,6,vol_jump,P2_conf_ens,0.37825464949928467,0.42
0.459,0.5409999999999999,0.4037763253449528,0.42,0.5587301587301587,0.47183908045977013,0.104,0.337479718766901,0.09238358585006444,-0.0034666666666666526,2754,6,vol_jump,P3_conf_ood_gap,0.35802469135802467,0.42
0.38016666666666665,0.6198333333333333,0.3998246383165278,0.42,0.638095238095238,0.39339080459770115,0.104,0.337479718766901,0.07948693126219909,0.00013333333333334649,2281,6,vol_jump,P4_all,0.34984655852696184,0.42
1.0,0.0,0.3885,0.3885,0.0,1.0,0.051666666666666666,0.2491961414790997,0.12383818510647251,0.023,6000,6,regime_transition,P0_none,0.3885,0.3885
0.6955,0.3045,0.35561945842319675,0.3885,0.3633633633633634,0.7328972472063232,0.051666666666666666,0.2491961414790997,0.11027870746158973,0.06173333333333335,4173,6,regime_transition,P1_conf,0.35561945842319675,0.3885
0.6393333333333333,0.3606666666666667,0.3516684045881126,0.3885,0.4212784212784213,0.6778413736713,0.051666666666666666,0.2491961414790997,0.10138968635495683,0.061800000000000015,3836,6,regime_transition,P2_conf_ens,0.3464546402502607,0.3885
0.685,0.31499999999999995,0.35717761557177613,0.3885,0.3702273702273702,0.720087217225402,0.051666666666666666,0.2491961414790997,0.10898117281445771,0.05866666666666668,4110,6,regime_transition,P3_conf_ood_gap,0.35279805352798055,0.3885
0.6323333333333333,0.3676666666666667,0.352925672113864,0.3885,0.42556842556842556,0.6691196511310984,0.051666666666666666,0.2491961414790997,0.10058545358068231,0.05953333333333334,3794,6,regime_transition,P4_all,0.34528202424881393,0.3885
1.0,0.0,0.32066666666666666,0.32066666666666666,0.0,1.0,0.041166666666666664,0.1564281190626979,0.10405563010185248,0.15866666666666668,6000,6,feature_shift,P0_none,0.32066666666666666,0.32066666666666666
0.7578333333333334,0.24216666666666664,0.2817242137673191,0.32066666666666666,0.3341995841995842,0.8012757605495584,0.041166666666666664,0.1564281190626979,0.09416917475879251,0.17926666666666666,4547,6,feature_shift,P1_conf,0.2817242137673191,0.32066666666666666
0.45716666666666667,0.5428333333333333,0.24279985417426175,0.32066666666666666,0.6538461538461539,0.5095682041216879,0.041166666666666664,0.1564281190626979,0.05314279987208787,0.14373333333333335,2743,6,feature_shift,P2_conf_ens,0.20816624134159678,0.32066666666666666
0.527,0.473,0.28178368121442127,0.32066666666666666,0.5369022869022869,0.5571638861629048,0.041166666666666664,0.1564281190626979,0.06634019920278562,0.1246,3162,6,feature_shift,P3_conf_ood_gap,0.22359266287160026,0.32066666666666666
0.3438333333333333,0.6561666666666667,0.24139602520601067,0.32066666666666666,0.7411642411642412,0.383954857703631,0.041166666666666664,0.1564281190626979,0.03971699428431107,0.10906666666666669,2063,6,feature_shift,P4_all,0.18128938439166262,0.32066666666666666
1.0,0.0,0.36133333333333334,0.36133333333333334,0.0,1.0,0.023333333333333334,0.15300546448087432,0.09274379204303144,0.07733333333333334,6000,6,missing_features,P0_none,0.36133333333333334,0.36133333333333334
0.6356666666666667,0.3643333333333333,0.3051914001048768,0.36133333333333334,0.4630996309963099,0.691544885177453,0.023333333333333334,0.15300546448087432,0.07711517632694083,0.12053333333333334,3814,6,missing_features,P1_conf,0.3051914001048768,0.36133333333333334
0.6125,0.38749999999999996,0.3034013605442177,0.36133333333333334,0.48570110701107017,0.6680584551148225,0.023333333333333334,0.15300546448087432,0.07409278045867176,0.11833333333333333,3675,6,missing_features,P2_conf_ens,0.30149659863945577,0.36133333333333334
0.0345,0.9655,0.2946859903381642,0.36133333333333334,0.9718634686346863,0.038100208768267224,0.023333333333333334,0.15300546448087432,0.004529257659241917,0.007266666666666668,207,6,missing_features,P3_conf_ood_gap,0.06763285024154589,0.36133333333333334
0.033166666666666664,0.9668333333333333,0.2964824120603015,0.36133333333333334,0.9727859778597786,0.03653444676409186,0.023333333333333334,0.15300546448087432,0.004442218902143521,0.0068666666666666685,199,6,missing_features,P4_all,0.06030150753768844,0.36133333333333334
1.0,0.0,0.39116666666666666,0.39116666666666666,0.0,1.0,0.0495,0.25559380378657487,0.11988013363726335,0.01766666666666666,6000,6,stale_features,P0_none,0.39116666666666666,0.39116666666666666
0.6843333333333333,0.31566666666666665,0.3521675596687774,0.39116666666666666,0.38389433319130806,0.7281686285245004,0.0495,0.25559380378657487,0.10545716797399818,0.06546666666666667,4106,6,stale_features,P1_conf,0.3521675596687774,0.39116666666666666
0.6221666666666666,0.37783333333333335,0.346905973747656,0.39116666666666666,0.44823178525777585,0.6673966602792225,0.0495,0.25559380378657487,0.0953551170513424,0.06606666666666668,3733,6,stale_features,P2_conf_ens,0.34074470934904905,0.39116666666666666
0.3975,0.6025,0.27379454926624736,0.39116666666666666,0.7217724755006392,0.4741308513550506,0.0495,0.25559380378657487,0.04406358846837313,0.10033333333333333,2385,6,stale_features,P3_conf_ood_gap,0.2993710691823899,0.39116666666666666
0.3635,0.6365000000000001,0.26455754241173773,0.39116666666666666,0.7541542394546229,0.4390911579523679,0.0495,0.25559380378657487,0.03907637398644582,0.09846666666666667,2181,6,stale_features,P4_all,0.29436038514442914,0.39116666666666666
1.0,0.0,0.401,0.401,0.0,1.0,0.04416666666666667,0.2521408182683159,0.12180971875070509,-0.0019999999999999974,6000,6,venue_change,P0_none,0.401,0.401
0.6855,0.3145,0.37053245805981033,0.401,0.3665835411471322,0.7203672787979967,0.04416666666666667,0.2521408182683159,0.10835119937482385,0.04040000000000001,4113,6,venue_change,P1_conf,0.37053245805981033,0.401
0.5948333333333333,0.4051666666666667,0.3575231157186887,0.401,0.4696591853699086,0.6380077907623818,0.04416666666666667,0.2521408182683159,0.09028982588289622,0.05053333333333334,3569,6,venue_change,P2_conf_ens,0.3572429251891286,0.401
0.6776666666666666,0.32233333333333336,0.3703885882931628,0.401,0.3740648379052369,0.7122982749026154,0.04416666666666667,0.2521408182683159,0.1070468431144664,0.04013333333333335,4066,6,venue_change,P3_conf_ood_gap,0.3694048204623709,0.401
0.59,0.41000000000000003,0.3576271186440678,0.401,0.47381546134663344,0.6327212020033389,0.04416666666666667,0.2521408182683159,0.08958905137824758,0.05000000000000002,3540,6,venue_change,P4_all,0.35677966101694913,0.401
1.0,0.0,0.31066666666666665,0.31066666666666665,0.0,1.0,0.02033333333333333,0.11172161172161173,0.08133775714694004,0.17866666666666667,6000,7,iid,P0_none,0.31066666666666665,0.31066666666666665
0.675,0.32499999999999996,0.24839506172839507,0.31066666666666665,0.4603004291845494,0.7359767891682786,0.02033333333333333,0.11172161172161173,0.06741075172274963,0.20466666666666666,4050,7,iid,P1_conf,0.24839506172839507,0.31066666666666665
0.6208333333333333,0.37916666666666665,0.23140939597315435,0.31066666666666665,0.5375536480686696,0.6922147001934236,0.02033333333333333,0.11172161172161173,0.05884304608639675,0.20933333333333334,3725,7,iid,P2_conf_ens,0.23543624161073826,0.31066666666666665
0.6655,0.3345,0.2499373904332582,0.31066666666666665,0.4645922746781116,0.7241295938104448,0.02033333333333333,0.11172161172161173,0.06680475401910438,0.19973333333333335,3993,7,iid,P3_conf_ood_gap,0.24593037816178312,0.31066666666666665
0.6135,0.38649999999999995,0.2330888345558272,0.31066666666666665,0.5396995708154506,0.6825435203094777,0.02033333333333333,0.11172161172161173,0.05845793480488549,0.20479999999999998,3681,7,iid,P4_all,0.23417549578918773,0.31066666666666665
1.0,0.0,0.4251666666666667,0.4251666666666667,0.0,1.0,0.09833333333333333,0.3247110621904238,0.16430804961033743,-0.050333333333333334,6000,7,vol_jump,P0_none,0.4251666666666667,0.4251666666666667
0.7508333333333334,0.24916666666666665,0.40221975582685904,0.4251666666666667,0.28969031752254015,0.7808060307335459,0.09833333333333333,0.3247110621904238,0.1521066151356057,-0.003333333333333324,4505,7,vol_jump,P1_conf,0.40221975582685904,0.4251666666666667
0.5731666666666667,0.4268333333333333,0.3855772026751963,0.4251666666666667,0.48020384163073304,0.6126413453174834,0.09833333333333333,0.3247110621904238,0.11940842622649694,0.016533333333333344,3439,7,vol_jump,P2_conf_ens,0.3826693806339052,0.4251666666666667
0.4573333333333333,0.5426666666666666,0.41581632653061223,0.4251666666666667,0.5527244217953744,0.46477239779646273,0.09833333333333333,0.3247110621904238,0.09243506636841535,-0.014466666666666654,2744,7,vol_jump,P3_conf_ood_gap,0.36333819241982507,0.4251666666666667
0.38283333333333336,0.6171666666666666,0.40139312146277756,0.4251666666666667,0.6385731085848687,0.39866628008118293,0.09833333333333333,0.3247110621904238,0.078754044128888,-0.0010666666666666522,2297,7,vol_jump,P4_all,0.34175010883761425,0.4251666666666667
1.0,0.0,0.49766666666666665,0.49766666666666665,0.0,1.0,0.0845,0.4642857142857143,0.1713738618488987,-0.19533333333333333,6000,7,regime_transition,P0_none,0.49766666666666665,0.49766666666666665
0.675,0.32499999999999996,0.49037037037037035,0.49766666666666665,0.33489618218352313,0.6848042468480424,0.0845,0.4642857142857143,0.15411854745249307,-0.12199999999999998,4050,7,regime_transition,P1_conf,0.49037037037037035,0.49766666666666665
0.6208333333333333,0.37916666666666665,0.48697986577181207,0.49766666666666665,0.39249832551908903,0.6340411413404115,0.0845,0.4642857142857143,0.14287860681652456,-0.10799999999999998,3725,7,regime_transition,P2_conf_ens,0.48375838926174497,0.49766666666666665
0.6655,0.3345,0.4908590032556975,0.49766666666666665,0.34360348292029474,0.6745189117451891,0.0845,0.4642857142857143,0.15175608164617319,-0.12093333333333332,3993,7,regime_transition,P3_conf_ood_gap,0.48910593538692715,0.49766666666666665
0.6135,0.38649999999999995,0.48791089377886443,0.49766666666666665,0.3985264567983925,0.6254147312541473,0.0845,0.4642857142857143,0.1411954817297057,-0.10786666666666664,3681,7,regime_transition,P4_all,0.48356424884542243,0.49766666666666665
1.0,0.0,0.23283333333333334,0.23283333333333334,0.0,1.0,0.0235,0.08006814310051108,0.06903641923149999,0.3343333333333333,6000,7,feature_shift,P0_none,0.23283333333333334,0.23283333333333334
0.786,0.21399999999999997,0.17917726887192537,0.23283333333333334,0.3951324266284896,0.8409732782967629,0.0235,0.08006814310051108,0.06069724955251959,0.3471333333333333,4716,7,feature_shift,P1_conf,0.17917726887192537,0.23283333333333334
0.545,0.45499999999999996,0.1599388379204893,0.23283333333333334,0.6256263421617752,0.5967847056267651,0.0235,0.08006814310051108,0.039173619703814416,0.26166666666666666,3270,7,feature_shift,P2_conf_ens,0.13119266055045872,0.23283333333333334
0.493,0.507,0.19033130493576741,0.23283333333333334,0.5969935576234788,0.5203128394525309,0.0235,0.08006814310051108,0.03970464197158281,0.20673333333333335,2958,7,feature_shift,P3_conf_ood_gap,0.11730899256254226,0.23283333333333334
0.38466666666666666,0.6153333333333333,0.16464471403812825,0.23283333333333334,0.7279885468861846,0.41885726699978276,0.0235,0.08006814310051108,0.027612762208143248,0.18106666666666668,2308,7,feature_shift,P4_all,0.10398613518197573,0.23283333333333334
1.0,0.0,0.36533333333333334,0.36533333333333334,0.0,1.0,0.018666666666666668,0.15013404825737264,0.08519499388007874,0.06933333333333333,6000,7,missing_features,P0_none,0.36533333333333334,0.36533333333333334
0.6001666666666666,0.3998333333333334,0.28742016106637047,0.36533333333333334,0.5278284671532847,0.6738445378151261,0.018666666666666668,0.15013404825737264,0.06673747978406054,0.13513333333333336,3601,7,missing_features,P1_conf,0.28742016106637047,0.36533333333333334
0.5713333333333334,0.42866666666666664,0.279463243873979,0.36533333333333334,0.5629562043795621,0.6486344537815126,0.018666666666666668,0.15013404825737264,0.06216527352969143,0.13773333333333335,3428,7,missing_features,P2_conf_ens,0.2838389731621937,0.36533333333333334
0.034333333333333334,0.9656666666666667,0.2669902912621359,0.36533333333333334,0.9749087591240876,0.03965336134453781,0.018666666666666668,0.15013404825737264,0.003673598210286398,0.009133333333333335,206,7,missing_features,P3_conf_ood_gap,0.11165048543689321,0.36533333333333334
0.0305,0.9695,0.24043715846994534,0.36533333333333334,0.9799270072992701,0.03650210084033614,0.018666666666666668,0.15013404825737264,0.0029564992750614576,0.009733333333333335,183,7,missing_features,P4_all,0.10382513661202186,0.36533333333333334
1.0,0.0,0.4038333333333333,0.4038333333333333,0.0,1.0,0.036333333333333336,0.24141749723145073,0.11845334014588577,-0.007666666666666661,6000,7,stale_features,P0_none,0.4038333333333333,0.4038333333333333
0.6751666666666667,0.3248333333333333,0.36040483831152803,0.4038333333333333,0.3974411886091622,0.724350013978194,0.036333333333333336,0.24141749723145073,0.10262086166607384,0.05346666666666667,4051,7,stale_features,P1_conf,0.36040483831152803,0.4038333333333333
0.6256666666666667,0.3743333333333333,0.35535428875865743,0.4038333333333333,0.4494428394552208,0.6765445904389152,0.036333333333333336,0.24141749723145073,0.0951642824399702,0.055866666666666676,3754,7,stale_features,P2_conf_ens,0.35482152370804476,0.4038333333333333
0.38266666666666665,0.6173333333333333,0.2604529616724739,0.4038333333333333,0.7531985142385472,0.47469946882862735,0.036333333333333336,0.24141749723145073,0.04042451756087639,0.1068,2296,7,stale_features,P3_conf_ood_gap,0.3122822299651568,0.4038333333333333
0.35083333333333333,0.6491666666666667,0.24703087885985747,0.4038333333333333,0.7853900123813454,0.44310875034945485,0.036333333333333336,0.24141749723145073,0.03564199429393044,0.10733333333333335,2105,7,stale_features,P4_all,0.30973871733966746,0.4038333333333333
1.0,0.0,0.38383333333333336,0.38383333333333336,0.0,1.0,0.031166666666666665,0.2161849710982659,0.10095412174508761,0.03233333333333333,6000,7,venue_change,P0_none,0.38383333333333336,0.38383333333333336
0.6351666666666667,0.36483333333333334,0.32170034111781687,0.38383333333333336,0.4676508901432913,0.6992155802001623,0.031166666666666665,0.2161849710982659,0.08350186327853205,0.09946666666666666,3811,7,venue_change,P1_conf,0.32170034111781687,0.38383333333333336
0.5725,0.4275,0.3129548762736536,0.38383333333333336,0.5332175423360834,0.6383554233162023,0.031166666666666665,0.2161849710982659,0.07457428177560382,0.09966666666666667,3435,7,venue_change,P2_conf_ens,0.31004366812227074,0.38383333333333336
0.6248333333333334,0.37516666666666665,0.32248599626567087,0.38383333333333336,0.4750325662179765,0.6870435488233703,0.031166666666666665,0.2161849710982659,0.0822303381589873,0.09686666666666667,3749,7,venue_change,P3_conf_ood_gap,0.31955188050146704,0.38383333333333336
0.5661666666666667,0.4338333333333333,0.31439505445981747,0.38383333333333336,0.5362570560138948,0.6299702461455234,0.031166666666666665,0.2161849710982659,0.07402219530739236,0.09693333333333334,3397,7,venue_change,P4_all,0.30939063879894024,0.38383333333333336
1.0,0.0,0.32283333333333336,0.32283333333333336,0.0,1.0,0.022166666666666668,0.10734463276836158,0.08500713824505128,0.15433333333333332,6000,8,iid,P0_none,0.32283333333333336,0.32283333333333336
0.6821666666666667,0.3178333333333333,0.2575128267774249,0.32283333333333336,0.4558595766649458,0.747969480679301,0.022166666666666668,0.10734463276836158,0.07073698507506397,0.19440000000000002,4093,8,iid,P1_conf,0.2575128267774249,0.32283333333333336
0.6278333333333334,0.37216666666666665,0.24661534377488717,0.32283333333333336,0.5203923593185338,0.6984986463204529,0.022166666666666668,0.10734463276836158,0.06321560670358183,0.1926,3767,8,iid,P2_conf_ens,0.2418370055747279,0.32283333333333336
0.6758333333333333,0.3241666666666667,0.25721331689272503,0.32283333333333336,0.46153846153846156,0.7413241447206498,0.022166666666666668,0.10734463276836158,0.06984999018880245,0.193,4055,8,iid,P3_conf_ood_gap,0.25573366214549936,0.32283333333333336
0.6236666666666667,0.3763333333333333,0.24639230358097275,0.32283333333333336,0.5240061951471348,0.6940684223480187,0.022166666666666668,0.10734463276836158,0.06262763737252397,0.1916,3742,8,iid,P4_all,0.2413148049171566,0.32283333333333336
1.0,0.0,0.4246666666666667,0.4246666666666667,0.0,1.0,0.1075,0.3324742268041237,0.16991084895130876,-0.04933333333333333,6000,8,vol_jump,P0_none,0.4246666666666667,0.4246666666666667
0.7548333333333334,0.24516666666666664,0.40384190770589534,0.4246666666666667,0.2821821036106751,0.7821552723059096,0.1075,0.3324742268041237,0.15819940584716732,-0.005799999999999993,4529,8,vol_jump,P1_conf,0.40384190770589534,0.4246666666666667
0.5925,0.4075,0.3929676511954993,0.4246666666666667,0.4517268445839875,0.6251448435689455,0.1075,0.3324742268041237,0.1289970118950666,0.008333333333333347,3555,8,vol_jump,P2_conf_ens,0.3848101265822785,0.4246666666666667
0.49616666666666664,0.5038333333333334,0.4040980853207927,0.4246666666666667,0.5278649921507064,0.5139049826187717,0.1075,0.3324742268041237,0.10133036122047102,-0.004066666666666654,2977,8,vol_jump,P3_conf_ood_gap,0.3684917702384951,0.4246666666666667
0.419,0.581,0.39618138424821003,0.4246666666666667,0.609105180533752,0.43974507531865586,0.1075,0.3324742268041237,0.08777634574188031,0.0032000000000000136,2514,8,vol_jump,P4_all,0.34884645982498014,0.4246666666666667
1.0,0.0,0.4093333333333333,0.4093333333333333,0.0,1.0,0.0695,0.3365617433414044,0.13647129153326992,-0.018666666666666658,6000,8,regime_transition,P0_none,0.4093333333333333,0.4093333333333333
0.6821666666666667,0.3178333333333333,0.37820669435621795,0.4093333333333333,0.36970684039087953,0.7181151241534989,0.0695,0.3365617433414044,0.12144686275504595,0.029733333333333348,4093,8,regime_transition,P1_conf,0.37820669435621795,0.4093333333333333
0.6278333333333334,0.37216666666666665,0.3721794531457393,0.4093333333333333,0.4291530944625407,0.6673250564334086,0.0695,0.3365617433414044,0.11266260684422387,0.034933333333333344,3767,8,regime_transition,P2_conf_ens,0.3711176002123706,0.4093333333333333
0.6758333333333333,0.3241666666666667,0.3782983970406905,0.4093333333333333,0.37540716612377845,0.7113431151241535,0.0695,0.3365617433414044,0.12015997861517332,0.029333333333333347,4055,8,regime_transition,P3_conf_ood_gap,0.37731196054254007,0.4093333333333333
0.6236666666666667,0.3763333333333333,0.3725280598610369,0.4093333333333333,0.4324104234527687,0.662528216704289,0.0695,0.3365617433414044,0.11182950242651112,0.03426666666666668,3742,8,regime_transition,P4_all,0.3706574024585783,0.4093333333333333
1.0,0.0,0.2831666666666667,0.2831666666666667,0.0,1.0,0.029833333333333333,0.11776315789473685,0.08453783450499988,0.23366666666666663,6000,8,feature_shift,P0_none,0.2831666666666667,0.2831666666666667
0.7368333333333333,0.26316666666666666,0.2354670888939154,0.2831666666666667,0.3872866391995291,0.7858637526156708,0.029833333333333333,0.11776315789473685,0.07414390992968165,0.24246666666666666,4421,8,feature_shift,P1_conf,0.2354670888939154,0.2831666666666667
0.4053333333333333,0.5946666666666667,0.23396381578947367,0.2831666666666667,0.6650971159505592,0.43315508021390375,0.029833333333333333,0.11776315789473685,0.041241063104138165,0.1346,2432,8,feature_shift,P2_conf_ens,0.15707236842105263,0.2831666666666667
0.4705,0.5295000000000001,0.2692171448813319,0.2831666666666667,0.5526780459093584,0.4796558939781446,0.029833333333333333,0.11776315789473685,0.05201281914751833,0.12306666666666669,2823,8,feature_shift,P3_conf_ood_gap,0.17074034714842365,0.2831666666666667
0.31983333333333336,0.6801666666666666,0.25951016154247003,0.2831666666666667,0.7068864037669218,0.3303882817949314,0.029833333333333333,0.11776315789473685,0.03527364038536918,0.08986666666666668,1919,8,feature_shift,P4_all,0.1375716519020323,0.2831666666666667
1.0,0.0,0.36833333333333335,0.36833333333333335,0.0,1.0,0.024166666666666666,0.173444976076555,0.09195153792785456,0.06333333333333334,6000,8,missing_features,P0_none,0.36833333333333335,0.36833333333333335
0.6186666666666667,0.3813333333333333,0.30657327586206895,0.36833333333333335,0.4850678733031675,0.679155672823219,0.024166666666666666,0.173444976076555,0.07514169944851266,0.11560000000000002,3712,8,missing_features,P1_conf,0.30657327586206895,0.36833333333333335
0.5896666666666667,0.4103333333333333,0.30130016958733746,0.36833333333333335,0.5176470588235293,0.6522427440633245,0.024166666666666666,0.173444976076555,0.07094590385448445,0.11640000000000002,3538,8,missing_features,P2_conf_ens,0.3035613340870548,0.36833333333333335
0.03966666666666667,0.9603333333333334,0.23109243697478993,0.36833333333333335,0.9751131221719457,0.04828496042216359,0.024166666666666666,0.173444976076555,0.003486962978278048,0.0134,238,8,missing_features,P3_conf_ood_gap,0.08823529411764706,0.36833333333333335
0.03666666666666667,0.9633333333333334,0.21818181818181817,0.36833333333333335,0.9782805429864253,0.04538258575197889,0.024166666666666666,0.173444976076555,0.0031499705045573353,0.013333333333333336,220,8,missing_features,P4_all,0.08181818181818182,0.36833333333333335
1.0,0.0,0.387,0.387,0.0,1.0,0.057166666666666664,0.2781832927818329,0.1255219886417787,0.02600000000000001,6000,8,stale_features,P0_none,0.387,0.387
0.6921666666666667,0.3078333333333333,0.3491451962436793,0.387,0.37553832902670115,0.734910277324633,0.057166666666666664,0.2781832927818329,0.11126904039996555,0.07040000000000002,4153,8,stale_features,P1_conf,0.3491451962436793,0.387
0.633,0.367,0.3454449710373881,0.387,0.4349698535745047,0.675910821098423,0.057166666666666664,0.2781832927818329,0.10236973496331488,0.06906666666666668,3798,8,stale_features,P2_conf_ens,0.3417588204318062,0.387
0.3943333333333333,0.6056666666666667,0.2404902789518174,0.387,0.7549526270456504,0.48858075040783033,0.057166666666666664,0.2781832927818329,0.03807692099753859,0.1258,2366,8,stale_features,P3_conf_ood_gap,0.29797125950972103,0.387
0.3606666666666667,0.6393333333333333,0.22874306839186692,0.387,0.7868217054263567,0.45377922784121805,0.057166666666666664,0.2781832927818329,0.03327758154136788,0.12353333333333334,2164,8,stale_features,P4_all,0.2966728280961183,0.387
1.0,0.0,0.37783333333333335,0.37783333333333335,0.0,1.0,0.021666666666666667,0.18335684062059238,0.09685548112985505,0.044333333333333336,6000,8,venue_change,P0_none,0.37783333333333335,0.37783333333333335
0.6231666666666666,0.37683333333333335,0.3294998662744049,0.37783333333333335,0.45655050727834146,0.671577819448165,0.021666666666666667,0.18335684062059238,0.08019450233707962,0.08786666666666668,3739,8,venue_change,P1_conf,0.3294998662744049,0.37783333333333335
0.5545,0.4455,0.3189059212503757,0.37783333333333335,0.5319805910895457,0.6070184837931958,0.021666666666666667,0.18335684062059238,0.06954952584345785,0.08993333333333335,3327,8,venue_change,P2_conf_ens,0.3134956417192666,0.37783333333333335
0.619,0.381,0.32929456112008615,0.37783333333333335,0.4605205116894574,0.667291722475221,0.021666666666666667,0.18335684062059238,0.07959149663363331,0.08753333333333334,3714,8,venue_change,P3_conf_ood_gap,0.32767905223478727,0.37783333333333335
0.5535,0.4465,0.31918096958747366,0.37783333333333335,0.5324217026907807,0.6056790784891508,0.021666666666666667,0.18335684062059238,0.06950211966197206,0.08946666666666668,3321,8,venue_change,P4_all,0.3134598012646793,0.37783333333333335
1.0,0.0,0.31016666666666665,0.31016666666666665,0.0,1.0,0.023166666666666665,0.1110223642172524,0.08314791599329245,0.17966666666666667,6000,9,iid,P0_none,0.31016666666666665,0.31016666666666665
0.6906666666666667,0.30933333333333335,0.25217181467181465,0.31016666666666665,0.43847393874261154,0.7487315776757671,0.023166666666666665,0.1110223642172524,0.06998821363578715,0.20420000000000002,4144,9,iid,P1_conf,0.25217181467181465,0.31016666666666665
0.6355,0.36450000000000005,0.23603461841070023,0.31016666666666665,0.5163890381515315,0.703793186760087,0.023166666666666665,0.1110223642172524,0.061180699435578446,0.20839999999999997,3813,9,iid,P2_conf_ens,0.23760818253343824,0.31016666666666665
0.677,0.32299999999999995,0.25233874938453965,0.31016666666666665,0.44922084900591075,0.7337521140372071,0.023166666666666665,0.1110223642172524,0.06836602017164009,0.19993333333333332,4062,9,iid,P3_conf_ood_gap,0.24839980305268342,0.31016666666666665
0.6246666666666667,0.3753333333333333,0.23772678762006402,0.31016666666666665,0.521225147770016,0.690263348634936,0.023166666666666665,0.1110223642172524,0.06036905509457087,0.20273333333333335,3748,9,iid,P4_all,0.23372465314834578,0.31016666666666665
1.0,0.0,0.42183333333333334,0.42183333333333334,0.0,1.0,0.10833333333333334,0.3364389233954451,0.17004151503065507,-0.043666666666666666,6000,9,vol_jump,P0_none,0.42183333333333334,0.42183333333333334
0.7585,0.24150000000000005,0.4018896945726214,0.42183333333333334,0.2773607269853813,0.7846641683482272,0.10833333333333334,0.3364389233954451,0.15831020728150544,-0.0028666666666666576,4551,9,vol_jump,P1_conf,0.4018896945726214,0.42183333333333334
0.5983333333333334,0.4016666666666666,0.37827298050139274,0.42183333333333334,0.4634531805610431,0.6434130873450562,0.10833333333333334,0.3364389233954451,0.12481336864703561,0.02600000000000001,3590,9,vol_jump,P2_conf_ens,0.38467966573816154,0.42183333333333334
0.44716666666666666,0.5528333333333333,0.4081252329481923,0.42183333333333334,0.5673646779928883,0.4577688094551744,0.10833333333333334,0.3364389233954451,0.09199953269003147,-0.007266666666666653,2683,9,vol_jump,P3_conf_ood_gap,0.3630264629146478,0.42183333333333334
0.37966666666666665,0.6203333333333334,0.39113257243195787,0.42183333333333334,0.6479652311339392,0.3998270394926492,0.10833333333333334,0.3364389233954451,0.07807583010941911,0.006733333333333346,2278,9,vol_jump,P4_all,0.3476733977172959,0.42183333333333334
1.0,0.0,0.538,0.538,0.0,1.0,0.1245,0.5966453674121406,0.2078357491225688,-0.276,6000,9,regime_transition,P0_none,0.538,0.538
0.6906666666666667,0.30933333333333335,0.5533301158301158,0.538,0.2896530359355638,0.6677489177489178,0.1245,0.5966453674121406,0.19208927505029127,-0.2118,4144,9,regime_transition,P1_conf,0.5533301158301158,0.538
0.6355,0.36450000000000005,0.5586152635719905,0.538,0.3401486988847584,0.6071428571428571,0.1245,0.5966453674121406,0.18134096435210434,-0.20159999999999997,3813,9,regime_transition,P2_conf_ens,0.5523210070810386,0.538
0.677,0.32299999999999995,0.5544066962087641,0.538,0.3023543990086741,0.652958152958153,0.1245,0.5966453674121406,0.1876475314248234,-0.20906666666666668,4062,9,regime_transition,P3_conf_ood_gap,0.551452486459872,0.538
0.6246666666666667,0.3753333333333333,0.5597652081109925,0.538,0.35006195786864935,0.5952380952380952,0.1245,0.5966453674121406,0.17765833595837965,-0.19959999999999997,3748,9,regime_transition,P4_all,0.5528281750266809,0.538
1.0,0.0,0.269,0.269,0.0,1.0,0.037,0.11929070392262224,0.08625188989967772,0.26199999999999996,6000,9,feature_shift,P0_none,0.269,0.269
0.7746666666666666,0.22533333333333339,0.2213855421686747,0.269,0.362453531598513,0.825125398996808,0.037,0.11929070392262224,0.07702901384101002,0.27673333333333333,4648,9,feature_shift,P1_conf,0.2213855421686747,0.269
0.5153333333333333,0.4846666666666667,0.1759379042690815,0.269,0.6629491945477075,0.5809393524851801,0.037,0.11929070392262224,0.043122481586581815,0.23093333333333332,3092,9,feature_shift,P2_conf_ens,0.1649417852522639,0.269
0.5176666666666667,0.4823333333333333,0.2366387636831938,0.269,0.5446096654275092,0.5405836753305974,0.037,0.11929070392262224,0.053873837607412475,0.16913333333333336,3106,9,feature_shift,P3_conf_ood_gap,0.16613007083065034,0.269
0.3655,0.6345000000000001,0.19699042407660738,0.269,0.7323420074349443,0.4015047879616963,0.037,0.11929070392262224,0.03317695409456291,0.1484,2193,9,feature_shift,P4_all,0.13588691290469676,0.269
1.0,0.0,0.3596666666666667,0.3596666666666667,0.0,1.0,0.02033333333333333,0.14932680538555693,0.08233324302599476,0.08066666666666666,6000,9,missing_features,P0_none,0.3596666666666667,0.3596666666666667
0.58,0.42000000000000004,0.2853448275862069,0.3596666666666667,0.5398517145505097,0.6473191046330037,0.02033333333333333,0.14932680538555693,0.06471237024065618,0.133,3480,9,missing_features,P1_conf,0.2853448275862069,0.3596666666666667
0.548,0.45199999999999996,0.277676399026764,0.3596666666666667,0.5769230769230769,0.6181676210307132,0.02033333333333333,0.14932680538555693,0.05973018078980674,0.13406666666666667,3288,9,missing_features,P2_conf_ens,0.2782846715328467,0.3596666666666667
0.03916666666666667,0.9608333333333333,0.28936170212765955,0.3596666666666667,0.9684893419833179,0.04346694429984383,0.02033333333333333,0.14932680538555693,0.004086131965175299,0.008666666666666668,235,9,missing_features,P3_conf_ood_gap,0.10638297872340426,0.3596666666666667
0.0355,0.9645,0.2676056338028169,0.3596666666666667,0.9735866543095458,0.04060385216033316,0.02033333333333333,0.14932680538555693,0.0033668052234039304,0.0094,213,9,missing_features,P4_all,0.107981220657277,0.3596666666666667
1.0,0.0,0.385,0.385,0.0,1.0,0.04766666666666667,0.2323314378554021,0.11899371392662382,0.029999999999999992,6000,9,stale_features,P0_none,0.385,0.385
0.6935,0.3065,0.3453496755587599,0.385,0.3779220779220779,0.7382113821138211,0.04766666666666667,0.2323314378554021,0.10458439581784851,0.0758,4161,9,stale_features,P1_conf,0.3453496755587599,0.385
0.6471666666666667,0.35283333333333333,0.3368529487509658,0.385,0.4337662337662338,0.6978319783197832,0.04766666666666667,0.2323314378554021,0.09643906087775975,0.08173333333333335,3883,9,stale_features,P2_conf_ens,0.3319598248776719,0.385
0.4076666666666667,0.5923333333333334,0.25511038430089944,0.385,0.7298701298701299,0.4937669376693767,0.04766666666666667,0.2323314378554021,0.04211144667325139,0.11813333333333333,2446,9,stale_features,P3_conf_ood_gap,0.2849550286181521,0.385
0.3765,0.6234999999999999,0.23904382470119523,0.385,0.7662337662337663,0.4658536585365854,0.04766666666666667,0.2323314378554021,0.03692440716736841,0.1212,2259,9,stale_features,P4_all,0.2749003984063745,0.385
1.0,0.0,0.37566666666666665,0.37566666666666665,0.0,1.0,0.03383333333333333,0.20402010050251257,0.10581195838011245,0.048666666666666664,6000,9,venue_change,P0_none,0.37566666666666665,0.37566666666666665
0.666,0.33399999999999996,0.3283283283283283,0.37566666666666665,0.4179236912156167,0.7164975974372664,0.03383333333333333,0.20402010050251257,0.0908094517694506,0.09546666666666667,3996,9,venue_change,P1_conf,0.3283283283283283,0.37566666666666665
0.5746666666666667,0.42533333333333334,0.31612529002320183,0.37566666666666665,0.5164152617568767,0.6294714361986119,0.03383333333333333,0.20402010050251257,0.07632569353151301,0.09640000000000001,3448,9,venue_change,P2_conf_ens,0.3138051044083527,0.37566666666666665
0.6585,0.3415,0.3287775246772969,0.37566666666666665,0.42369121561668144,0.7079551521623064,0.03383333333333333,0.20402010050251257,0.08976072293708959,0.0938,3951,9,venue_change,P3_conf_ood_gap,0.32624651986838776,0.37566666666666665
0.5701666666666667,0.4298333333333333,0.31657410114001755,0.37566666666666665,0.5195208518189884,0.6241324079017618,0.03383333333333333,0.20402010050251257,0.07566801222078867,0.09513333333333335,3421,9,venue_change,P4_all,0.3142356036246711,0.37566666666666665
1.0,0.0,0.31616666666666665,0.31616666666666665,0.0,1.0,0.027666666666666666,0.13517915309446255,0.08629534958884927,0.16766666666666666,6000,10,iid,P0_none,0.31616666666666665,0.31616666666666665
0.686,0.31399999999999995,0.24927113702623907,0.31616666666666665,0.45914602003162885,0.7531074823300025,0.027666666666666666,0.13517915309446255,0.07216257576735068,0.20679999999999998,4116,10,iid,P1_conf,0.24927113702623907,0.31616666666666665
0.6418333333333334,0.35816666666666663,0.23993767852505843,0.31616666666666665,0.5129151291512914,0.713380453326834,0.027666666666666666,0.13517915309446255,0.06559434139083464,0.2054666666666667,3851,10,iid,P2_conf_ens,0.23630225915346664,0.31616666666666665
0.679,0.32099999999999995,0.249386352479136,0.31616666666666665,0.4644175013178703,0.7453083109919572,0.027666666666666666,0.13517915309446255,0.0713209199749182,0.20453333333333334,4074,10,iid,P3_conf_ood_gap,0.24693176239567993,0.31616666666666665
0.6361666666666667,0.36383333333333334,0.23971705527901493,0.31616666666666665,0.5176594623089088,0.7072873507189861,0.027666666666666666,0.13517915309446255,0.0648153245441654,0.20393333333333336,3817,10,iid,P4_all,0.23421535237097196,0.31616666666666665
1.0,0.0,0.4145,0.4145,0.0,1.0,0.1025,0.3248811410459588,0.16431564289223674,-0.028999999999999995,6000,10,vol_jump,P0_none,0.4145,0.4145
0.7608333333333334,0.23916666666666664,0.39036144578313253,0.4145,0.2834740651387213,0.7922003985197836,0.1025,0.3248811410459588,0.15256680010785337,0.01466666666666667,4565,10,vol_jump,P1_conf,0.39036144578313253,0.4145
0.5998333333333333,0.40016666666666667,0.3687135315365379,0.4145,0.46642541214314437,0.6467406774836322,0.1025,0.3248811410459588,0.12041231921969665,0.03753333333333334,3599,10,vol_jump,P2_conf_ens,0.36982495137538207,0.4145
0.5006666666666667,0.4993333333333333,0.38748335552596536,0.4145,0.5319662243667069,0.5237688585254768,0.1025,0.3248811410459588,0.09772281375788135,0.012533333333333346,3004,10,vol_jump,P3_conf_ood_gap,0.36118508655126497,0.4145
0.426,0.5740000000000001,0.3755868544600939,0.4145,0.6139927623642943,0.4543125533731853,0.1025,0.3248811410459588,0.08386517289959848,0.020800000000000013,2556,10,vol_jump,P4_all,0.3485915492957746,0.4145
1.0,0.0,0.5276666666666666,0.5276666666666666,0.0,1.0,0.11333333333333333,0.5537459283387622,0.19964205148599518,-0.25533333333333336,6000,10,regime_transition,P0_none,0.5276666666666666,0.5276666666666666
0.686,0.31399999999999995,0.5420310981535471,0.5276666666666666,0.2953253316487682,0.6651376146788991,0.11333333333333333,0.5537459283387622,0.18410967127444913,-0.1948666666666667,4116,10,regime_transition,P1_conf,0.5420310981535471,0.5276666666666666
0.6418333333333334,0.35816666666666663,0.5442742144897429,0.5276666666666666,0.3379658875552748,0.6192660550458715,0.11333333333333333,0.5537459283387622,0.17544029593126378,-0.18519999999999998,3851,10,regime_transition,P2_conf_ens,0.542456504803947,0.5276666666666666
0.679,0.32099999999999995,0.5419734904270986,0.5276666666666666,0.3025900189513582,0.6584333098094566,0.11333333333333333,0.5537459283387622,0.18139166939473073,-0.1928,4074,10,regime_transition,P3_conf_ood_gap,0.5414825724104074,0.5276666666666666
0.6361666666666667,0.36383333333333334,0.5438826303379618,0.5276666666666666,0.3442830069488313,0.6143260409315455,0.11333333333333333,0.5537459283387622,0.1729799469628393,-0.18306666666666666,3817,10,regime_transition,P4_all,0.5423107152213781,0.5276666666666666
1.0,0.0,0.31316666666666665,0.31316666666666665,0.0,1.0,0.138,0.2615287428932407,0.16033172024336664,0.17366666666666666,6000,10,feature_shift,P0_none,0.31316666666666665,0.31316666666666665
0.8683333333333333,0.1316666666666667,0.29347408829174665,0.31316666666666665,0.18626929217668975,0.8932297985925746,0.138,0.2615287428932407,0.1542288241833926,0.185,5210,10,feature_shift,P1_conf,0.29347408829174665,0.31316666666666665
0.711,0.28900000000000003,0.2651195499296765,0.31316666666666665,0.3980840872804683,0.7607376850279058,0.138,0.2615287428932407,0.12194952057874207,0.1918,4266,10,feature_shift,P2_conf_ens,0.2777777777777778,0.31316666666666665
0.591,0.40900000000000003,0.2679075014100395,0.31316666666666665,0.49441192123469935,0.6299441883038097,0.138,0.2615287428932407,0.08734565777790591,0.15613333333333337,3546,10,feature_shift,P3_conf_ood_gap,0.26762549351381837,0.31316666666666665
0.4975,0.5025,0.240536013400335,0.31316666666666665,0.6178818520489622,0.550109196796894,0.138,0.2615287428932407,0.06974625743450111,0.15866666666666668,2985,10,feature_shift,P4_all,0.26030150753768844,0.31316666666666665
1.0,0.0,0.36983333333333335,0.36983333333333335,0.0,1.0,0.03133333333333333,0.19936373276776245,0.1031749540213835,0.06033333333333332,6000,10,missing_features,P0_none,0.36983333333333335,0.36983333333333335
0.6623333333333333,0.33766666666666667,0.3303975842979366,0.36983333333333335,0.4082920234339793,0.7037820682359164,0.03133333333333333,0.19936373276776245,0.08880356469807833,0.0922,3974,10,missing_features,P1_conf,0.3303975842979366,0.36983333333333335
0.6396666666666667,0.3603333333333333,0.32542991141219385,0.36983333333333335,0.4371338440739072,0.6847394869082254,0.03133333333333333,0.19936373276776245,0.08461469871022478,0.09540000000000001,3838,10,missing_features,P2_conf_ens,0.3236060448150078,0.36983333333333335
0.036,0.964,0.28703703703703703,0.36983333333333335,0.9720594862550699,0.040729965617561495,0.03133333333333333,0.19936373276776245,0.004452541804514888,0.008133333333333334,216,10,missing_features,P3_conf_ood_gap,0.08796296296296297,0.36983333333333335
0.03383333333333333,0.9661666666666666,0.26108374384236455,0.36983333333333335,0.9761153672825598,0.03967204443268976,0.03133333333333333,0.19936373276776245,0.0038971949728997765,0.0094,203,10,missing_features,P4_all,0.08866995073891626,0.36983333333333335
1.0,0.0,0.4055,0.4055,0.0,1.0,0.057166666666666664,0.2788617886178862,0.13200404569191979,-0.010999999999999992,6000,10,stale_features,P0_none,0.4055,0.4055
0.6945,0.3055,0.3717302615790737,0.4055,0.363337443485409,0.7339500981216709,0.057166666666666664,0.2788617886178862,0.11774141445672154,0.03926666666666668,4167,10,stale_features,P1_conf,0.3717302615790737,0.4055
0.6555,0.34450000000000003,0.36536994660564454,0.4055,0.40937114673242914,0.6997476871320437,0.057166666666666664,0.2788617886178862,0.10986170218339501,0.0454,3933,10,stale_features,P2_conf_ens,0.36536994660564454,0.4055
0.3963333333333333,0.6036666666666667,0.27586206896551724,0.4055,0.7303740238388821,0.4827586206896552,0.057166666666666664,0.2788617886178862,0.045612687496883346,0.09840000000000002,2378,10,stale_features,P3_conf_ood_gap,0.32842724978973925,0.4055
0.37366666666666665,0.6263333333333334,0.2649420160570919,0.4055,0.7558569667077681,0.46201289599102885,0.057166666666666664,0.2788617886178862,0.0412369299638765,0.10093333333333336,2242,10,stale_features,P4_all,0.32515611061552185,0.4055
1.0,0.0,0.4075,0.4075,0.0,1.0,0.03766666666666667,0.24917309812568908,0.11655733018188758,-0.014999999999999996,6000,10,venue_change,P0_none,0.4075,0.4075
0.6523333333333333,0.3476666666666667,0.3645886561062851,0.4075,0.41635991820040896,0.69957805907173,0.03766666666666667,0.24917309812568908,0.10024022978905368,0.046200000000000005,3914,10,venue_change,P1_conf,0.3645886561062851,0.4075
0.5995,0.40049999999999997,0.3564081178760078,0.4075,0.4756646216768916,0.6511954992967651,0.03766666666666667,0.24917309812568908,0.09082659012066108,0.05226666666666668,3597,10,venue_change,P2_conf_ens,0.3555740895190436,0.4075
0.6476666666666666,0.3523333333333334,0.36438497169325784,0.4075,0.4208588957055215,0.6947960618846695,0.03766666666666667,0.24917309812568908,0.09938757752857562,0.046133333333333346,3886,10,venue_change,P3_conf_ood_gap,0.3630983015954709,0.4075
0.5971666666666666,0.4028333333333334,0.3564052469997209,0.4075,0.4777096114519428,0.6486638537271449,0.03766666666666667,0.24917309812568908,0.0904229623398576,0.05206666666666667,3583,10,venue_change,P4_all,0.35584705554005025,0.4075
1.0,0.0,0.31733333333333336,0.31733333333333336,0.0,1.0,0.026833333333333334,0.13597972972972974,0.08924934644592471,0.16533333333333333,6000,11,iid,P0_none,0.31733333333333336,0.31733333333333336
0.7043333333333334,0.29566666666666663,0.26194983435873165,0.31733333333333336,0.41859243697478987,0.761474609375,0.026833333333333334,0.13597972972972974,0.07565585990210105,0.19446666666666665,4226,11,iid,P1_conf,0.26194983435873165,0.31733333333333336
0.6463333333333333,0.3536666666666667,0.25064466219700876,0.31733333333333336,0.48949579831932777,0.70947265625,0.026833333333333334,0.13597972972972974,0.06711417140451041,0.1930666666666667,3878,11,iid,P2_conf_ens,0.24651882413615264,0.31733333333333336
0.6953333333333334,0.30466666666666664,0.2622243528283797,0.31733333333333336,0.42542016806722693,0.75146484375,0.026833333333333334,0.13597972972972974,0.0746460655417648,0.1916,4172,11,iid,P3_conf_ood_gap,0.2598274209012464,0.31733333333333336
0.6408333333333334,0.35916666666666663,0.25123537061118334,0.31733333333333336,0.49264705882352944,0.702880859375,0.026833333333333334,0.13597972972972974,0.06660276333100194,0.19066666666666668,3845,11,iid,P4_all,0.24551365409622886,0.31733333333333336
1.0,0.0,0.4105,0.4105,0.0,1.0,0.09433333333333334,0.31779898933183603,0.1566608109195217,-0.02099999999999999,6000,11,vol_jump,P0_none,0.4105,0.4105
0.7541666666666667,0.24583333333333335,0.37767955801104974,0.4105,0.30613073487616727,0.7961549335595137,0.09433333333333334,0.31779898933183603,0.144347442640526,0.03366666666666668,4525,11,vol_jump,P1_conf,0.37767955801104974,0.4105
0.5643333333333334,0.43566666666666665,0.3544004725339634,0.4105,0.51278928136419,0.6180378852134577,0.09433333333333334,0.31779898933183603,0.1091877278438753,0.05146666666666668,3386,11,vol_jump,P2_conf_ens,0.35735380980507975,0.4105
0.4623333333333333,0.5376666666666667,0.3788752703677001,0.4105,0.5732846122614698,0.48713599095278487,0.09433333333333334,0.31779898933183603,0.08665321613534112,0.019533333333333347,2774,11,vol_jump,P3_conf_ood_gap,0.33850036049026677,0.4105
0.377,0.623,0.3660477453580902,0.4105,0.6638246041412912,0.40542832909245125,0.09433333333333334,0.31779898933183603,0.07203116104363928,0.02560000000000001,2262,11,vol_jump,P4_all,0.32581786030061893,0.4105
1.0,0.0,0.41783333333333333,0.41783333333333333,0.0,1.0,0.06466666666666666,0.3277027027027027,0.14234182249036847,-0.035666666666666666,6000,11,regime_transition,P0_none,0.41783333333333333,0.41783333333333333
0.7043333333333334,0.29566666666666663,0.39446284902981543,0.41783333333333333,0.33506182688472275,0.732608073289436,0.06466666666666666,0.3277027027027027,0.12781201750472213,0.00780000000000001,4226,11,regime_transition,P1_conf,0.39446284902981543,0.41783333333333333
0.6463333333333333,0.3536666666666667,0.3855079938112429,0.41783333333333333,0.4036697247706422,0.6822215860292012,0.06466666666666666,0.3277027027027027,0.11629481079641756,0.018733333333333345,3878,11,regime_transition,P2_conf_ens,0.39375966993295514,0.41783333333333333
0.6953333333333334,0.30466666666666664,0.3952540747842761,0.41783333333333333,0.3422417231751097,0.7223017463498426,0.06466666666666666,0.3277027027027027,0.1261277462154772,0.006600000000000009,4172,11,regime_transition,P3_conf_ood_gap,0.39357622243528284,0.41783333333333333
0.6408333333333334,0.35916666666666663,0.3862158647594278,0.41783333333333333,0.4076585560430793,0.6756369882622387,0.06466666666666666,0.3277027027027027,0.11525274409788809,0.017666666666666674,3845,11,regime_transition,P4_all,0.39375812743823146,0.41783333333333333
1.0,0.0,0.3581666666666667,0.3581666666666667,0.0,1.0,0.027666666666666666,0.19856459330143542,0.10015246777762896,0.08366666666666667,6000,11,feature_shift,P0_none,0.3581666666666667,0.3581666666666667
0.67,0.32999999999999996,0.31766169154228857,0.3581666666666667,0.4057701256398325,0.7122825240197351,0.027666666666666666,0.19856459330143542,0.08635914738721925,0.11033333333333334,4020,11,feature_shift,P1_conf,0.31766169154228857,0.3581666666666667
0.3955,0.6045,0.2827644332069111,0.3581666666666667,0.6877617496510005,0.44196312646065955,0.027666666666666666,0.19856459330143542,0.04867549181271268,0.09273333333333335,2373,11,feature_shift,P2_conf_ens,0.26464391066160975,0.3581666666666667
0.443,0.5569999999999999,0.30285929270127915,0.3581666666666667,0.6254071661237786,0.4811737211113996,0.027666666666666666,0.19856459330143542,0.05428937911888298,0.08606666666666668,2658,11,feature_shift,P3_conf_ood_gap,0.2727614747930775,0.3581666666666667
0.2971666666666667,0.7028333333333333,0.269209197980931,0.3581666666666667,0.7766402978129363,0.33835367437029346,0.027666666666666666,0.19856459330143542,0.034259145228443796,0.07773333333333333,1783,11,feature_shift,P4_all,0.23667975322490184,0.3581666666666667
1.0,0.0,0.35533333333333333,0.35533333333333333,0.0,1.0,0.0205,0.15355805243445692,0.09097583360753336,0.08933333333333333,6000,11,missing_features,P0_none,0.35533333333333333,0.35533333333333333
0.6426666666666667,0.3573333333333333,0.300051867219917,0.35533333333333333,0.45731707317073167,0.6977766287487074,0.0205,0.15355805243445692,0.07563031227133843,0.12846666666666667,3856,11,missing_features,P1_conf,0.300051867219917,0.35533333333333333
0.6123333333333333,0.3876666666666667,0.29477408818726186,0.35533333333333333,0.49202626641651037,0.6698552223371251,0.0205,0.15355805243445692,0.07096884051909694,0.12886666666666668,3674,11,missing_features,P2_conf_ens,0.29123571039738705,0.35533333333333333
0.03816666666666667,0.9618333333333333,0.22707423580786026,0.35533333333333333,0.975609756097561,0.04576008273009307,0.0205,0.15355805243445692,0.0034888355834512717,0.013200000000000003,229,11,missing_features,P3_conf_ood_gap,0.09606986899563319,0.35533333333333333
0.035666666666666666,0.9643333333333334,0.2102803738317757,0.35533333333333333,0.9788930581613509,0.043691830403309206,0.0205,0.15355805243445692,0.003017777584009015,0.013533333333333333,214,11,missing_features,P4_all,0.08878504672897196,0.35533333333333333
1.0,0.0,0.389,0.389,0.0,1.0,0.052333333333333336,0.27495621716287216,0.12549022748973485,0.022,6000,11,stale_features,P0_none,0.389,0.389
0.6943333333333334,0.30566666666666664,0.35813730196831495,0.389,0.36075407026563844,0.729405346426623,0.052333333333333336,0.27495621716287216,0.11129915258216196,0.058133333333333335,4166,11,stale_features,P1_conf,0.35813730196831495,0.389
0.6321666666666667,0.36783333333333335,0.3511732138149222,0.389,0.42930591259640105,0.671303873431533,0.052333333333333336,0.27495621716287216,0.10095005911927296,0.06173333333333334,3793,11,stale_features,P2_conf_ens,0.35038228315317693,0.389
0.3988333333333333,0.6011666666666666,0.2620142081069787,0.389,0.731362467866324,0.4817239498090562,0.052333333333333336,0.27495621716287216,0.04205826226642115,0.11006666666666669,2393,11,stale_features,P3_conf_ood_gap,0.30881738403677395,0.389
0.36733333333333335,0.6326666666666667,0.25,0.389,0.7639245929734362,0.4509001636661211,0.052333333333333336,0.27495621716287216,0.03726323879969121,0.1102,2204,11,stale_features,P4_all,0.30127041742286753,0.389
1.0,0.0,0.3883333333333333,0.3883333333333333,0.0,1.0,0.0205,0.18664643399089528,0.10042435423218767,0.023333333333333334,6000,11,venue_change,P0_none,0.3883333333333333,0.3883333333333333
0.6281666666666667,0.37183333333333335,0.34200053064473335,0.3883333333333333,0.44678111587982827,0.6757493188010899,0.0205,0.18664643399089528,0.08411281542252974,0.07286666666666668,3769,11,venue_change,P1_conf,0.34200053064473335,0.3883333333333333
0.543,0.45699999999999996,0.3247391037446286,0.3883333333333333,0.5459227467811159,0.5994550408719346,0.0205,0.18664643399089528,0.07021245744359082,0.08173333333333335,3258,11,venue_change,P2_conf_ens,0.3265807243707796,0.3883333333333333
0.6223333333333333,0.3776666666666667,0.3411890733797536,0.3883333333333333,0.45321888412017164,0.670299727520436,0.0205,0.18664643399089528,0.08323113611257653,0.0732,3734,11,venue_change,P3_conf_ood_gap,0.3417246920192823,0.3883333333333333
0.54,0.45999999999999996,0.32592592592592595,0.3883333333333333,0.5467811158798284,0.5950953678474115,0.0205,0.18664643399089528,0.07013039651216307,0.08000000000000002,3240,11,venue_change,P4_all,0.32685185185185184,0.3883333333333333
1.0,0.0,0.32516666666666666,0.32516666666666666,0.0,1.0,0.028,0.12380250552689757,0.08836328867729382,0.14966666666666664,6000,12,iid,P0_none,0.32516666666666666,0.32516666666666666
0.6943333333333334,0.30566666666666664,0.26116178588574174,0.32516666666666666,0.442337262942081,0.7601877006668313,0.028,0.12380250552689757,0.07404746747745668,0.19280000000000003,4166,12,iid,P1_conf,0.26116178588574174,0.32516666666666666
0.6345,0.36550000000000005,0.249277646440767,0.32516666666666666,0.513582778062532,0.7058532971103977,0.028,0.12380250552689757,0.06541296372724649,0.1912666666666667,3807,12,iid,P2_conf_ens,0.24166009981612818,0.32516666666666666
0.6835,0.3165,0.26335040234089246,0.32516666666666666,0.44643772424397743,0.7461101506544826,0.028,0.12380250552689757,0.07331450017366972,0.1868,4101,12,iid,P3_conf_ood_gap,0.25847354303828335,0.32516666666666666
0.6268333333333334,0.37316666666666665,0.2512629619781973,0.32516666666666666,0.5156330087134803,0.6954803655223512,0.028,0.12380250552689757,0.06507465928970403,0.18646666666666667,3761,12,iid,P4_all,0.2390321722946025,0.32516666666666666
1.0,0.0,0.426,0.426,0.0,1.0,0.12083333333333333,0.3493975903614458,0.17684986513866693,-0.052,6000,12,vol_jump,P0_none,0.426,0.426
0.7603333333333333,0.2396666666666667,0.40420868040333185,0.426,0.27856025039123633,0.789198606271777,0.12083333333333333,0.3493975903614458,0.16506376924207894,-0.006399999999999989,4562,12,vol_jump,P1_conf,0.40420868040333185,0.426
0.5843333333333334,0.41566666666666663,0.38533941814033085,0.426,0.47143974960876367,0.625725900116144,0.12083333333333333,0.3493975903614458,0.13016088381154203,0.017133333333333344,3506,12,vol_jump,P2_conf_ens,0.38562464346833997,0.426
0.4565,0.5435,0.40963855421686746,0.426,0.5610328638497653,0.4695121951219512,0.12083333333333333,0.3493975903614458,0.09729488711115228,-0.008799999999999983,2739,12,vol_jump,P3_conf_ood_gap,0.3647316538882804,0.426
0.37916666666666665,0.6208333333333333,0.39692307692307693,0.426,0.6467136150234742,0.3983739837398374,0.12083333333333333,0.3493975903614458,0.08261230669365918,0.0023333333333333465,2275,12,vol_jump,P4_all,0.3556043956043956,0.426
1.0,0.0,0.527,0.527,0.0,1.0,0.12983333333333333,0.5740604274134119,0.2086776158766022,-0.254,6000,12,regime_transition,P0_none,0.527,0.527
0.6943333333333334,0.30566666666666664,0.5391262602016322,0.527,0.28969006957621757,0.6765327695560254,0.12983333333333333,0.5740604274134119,0.19276191274690807,-0.19319999999999998,4166,12,regime_transition,P1_conf,0.5391262602016322,0.527
0.6345,0.36550000000000005,0.5363803519831889,0.527,0.3542061986084757,0.6219168428470754,0.12983333333333333,0.5740604274134119,0.17797647972215247,-0.17306666666666665,3807,12,regime_transition,P2_conf_ens,0.5395324402416601,0.527
0.6835,0.3165,0.5381614240429163,0.527,0.30202403542061984,0.6673713883016209,0.12983333333333333,0.5740604274134119,0.18876688338352618,-0.18886666666666663,4101,12,regime_transition,P3_conf_ood_gap,0.5388929529383077,0.527
0.6268333333333334,0.37316666666666665,0.5365594256846583,0.527,0.36179633143580014,0.6141649048625792,0.12983333333333333,0.5740604274134119,0.17547201229203188,-0.17120000000000002,3761,12,regime_transition,P4_all,0.5397500664716831,0.527
1.0,0.0,0.28883333333333333,0.28883333333333333,0.0,1.0,0.035,0.1062753036437247,0.088349643946642,0.2223333333333333,6000,12,feature_shift,P0_none,0.28883333333333333,0.28883333333333333
0.7518333333333334,0.24816666666666665,0.23054755043227665,0.28883333333333333,0.3998845931909982,0.8134520740567143,0.035,0.1062753036437247,0.07662093653483941,0.25479999999999997,4511,12,feature_shift,P1_conf,0.23054755043227665,0.28883333333333333
0.575,0.42500000000000004,0.1918840579710145,0.28883333333333333,0.61800346220427,0.6533864541832669,0.035,0.1062753036437247,0.05041560874248773,0.23933333333333334,3450,12,feature_shift,P2_conf_ens,0.1855072463768116,0.28883333333333333
0.49616666666666664,0.5038333333333334,0.21430970775948943,0.28883333333333333,0.6318522792844778,0.5481602999765643,0.035,0.1062753036437247,0.046531451709068604,0.18426666666666666,2977,12,feature_shift,P3_conf_ood_gap,0.16291568693315417,0.28883333333333333
0.4096666666666667,0.5903333333333334,0.18795768917819367,0.28883333333333333,0.7334102712060011,0.4677759550035154,0.035,0.1062753036437247,0.03428621077384545,0.17373333333333335,2458,12,feature_shift,P4_all,0.13954434499593166,0.28883333333333333
1.0,0.0,0.37066666666666664,0.37066666666666664,0.0,1.0,0.033166666666666664,0.18826868495742669,0.09948983169977221,0.058666666666666666,6000,12,missing_features,P0_none,0.37066666666666664,0.37066666666666664
0.6385,0.36150000000000004,0.31271208561733227,0.37066666666666664,0.4613309352517986,0.6972987288135594,0.033166666666666664,0.18826868495742669,0.08330130091046722,0.11146666666666666,3831,12,missing_features,P1_conf,0.31271208561733227,0.37066666666666664
0.599,0.401,0.30189204229271005,0.37066666666666664,0.5121402877697842,0.6644597457627118,0.033166666666666664,0.18826868495742669,0.07620269324323896,0.11753333333333334,3594,12,missing_features,P2_conf_ens,0.30495269894268223,0.37066666666666664
0.036166666666666666,0.9638333333333333,0.30414746543778803,0.37066666666666664,0.9703237410071942,0.039989406779661014,0.033166666666666664,0.18826868495742669,0.004289127448018425,0.006933333333333335,217,12,missing_features,P3_conf_ood_gap,0.11981566820276497,0.37066666666666664
0.0335,0.9665,0.2935323383084577,0.37066666666666664,0.9734712230215827,0.03760593220338983,0.033166666666666664,0.18826868495742669,0.0038030924045122684,0.007133333333333335,201,12,missing_features,P4_all,0.12437810945273632,0.37066666666666664
1.0,0.0,0.3968333333333333,0.3968333333333333,0.0,1.0,0.0335,0.190521327014218,0.11196694781250989,0.006333333333333331,6000,12,stale_features,P0_none,0.3968333333333333,0.3968333333333333
0.6598333333333334,0.3401666666666666,0.35135135135135137,0.3968333333333333,0.4157916841663166,0.7095882840563692,0.0335,0.190521327014218,0.09594635300915721,0.06420000000000001,3959,12,stale_features,P1_conf,0.35135135135135137,0.3968333333333333
0.5961666666666666,0.4038333333333334,0.34022924238188423,0.3968333333333333,0.48887022259554813,0.6521138436032053,0.0335,0.190521327014218,0.08463382944680088,0.07126666666666667,3577,12,stale_features,P2_conf_ens,0.3391109868604976,0.3968333333333333
0.4106666666666667,0.5893333333333333,0.2702922077922078,0.3968333333333333,0.7202855942881142,0.49682232660956066,0.0335,0.190521327014218,0.045627208968084684,0.10653333333333334,2464,12,stale_features,P3_conf_ood_gap,0.29991883116883117,0.3968333333333333
0.37766666666666665,0.6223333333333334,0.25904677846425417,0.3968333333333333,0.753464930701386,0.4639403150041448,0.0335,0.190521327014218,0.04080460439291175,0.10646666666666665,2266,12,stale_features,P4_all,0.2912621359223301,0.3968333333333333
1.0,0.0,0.4261666666666667,0.4261666666666667,0.0,1.0,0.05333333333333334,0.27350427350427353,0.1293469540747518,-0.052333333333333336,6000,12,venue_change,P0_none,0.4261666666666667,0.4261666666666667
0.6556666666666666,0.3443333333333334,0.38993390950686324,0.4261666666666667,0.40007821666014864,0.6970665117629974,0.05333333333333334,0.27350427350427353,0.11255489225870423,0.013200000000000012,3934,12,venue_change,P1_conf,0.38993390950686324,0.4261666666666667
0.5915,0.4085,0.3820794590025359,0.4261666666666667,0.46969104419241303,0.6369445251234389,0.05333333333333334,0.27350427350427353,0.10096946934190956,0.021200000000000007,3549,12,venue_change,P2_conf_ens,0.379825302902226,0.4261666666666667
0.6503333333333333,0.3496666666666667,0.39133777549974375,0.4261666666666667,0.40281579976535,0.6898054022654662,0.05333333333333334,0.27350427350427353,0.11197675803015689,0.01126666666666668,3902,12,venue_change,P3_conf_ood_gap,0.38903126601742694,0.4261666666666667
0.5885,0.4115,0.3828943642027754,0.4261666666666667,0.47125537739538526,0.6328783038048214,0.05333333333333334,0.27350427350427353,0.10055877862446755,0.020133333333333343,3531,12,venue_change,P4_all,0.37892948173322005,0.4261666666666667
1.0,0.0,0.31316666666666665,0.31316666666666665,0.0,1.0,0.021833333333333333,0.10234375,0.08589654393612674,0.17366666666666666,6000,13,iid,P0_none,0.31316666666666665,0.31316666666666665
0.6971666666666667,0.3028333333333333,0.25484102318909874,0.31316666666666665,0.4326769558275678,0.7563698131521476,0.021833333333333333,0.10234375,0.07262948035590366,0.20239999999999997,4183,13,iid,P1_conf,0.25484102318909874,0.31316666666666665
0.6428333333333334,0.35716666666666663,0.24060150375939848,0.31316666666666665,0.5061202767429483,0.7107498180053385,0.021833333333333333,0.10234375,0.06367592121888606,0.20493333333333333,3857,13,iid,P2_conf_ens,0.24189784806844697,0.31316666666666665
0.6841666666666667,0.3158333333333333,0.25529841656516444,0.31316666666666665,0.44225651942522615,0.7418102402329532,0.021833333333333333,0.10234375,0.07114947556471045,0.198,4105,13,iid,P3_conf_ood_gap,0.2528623629719854,0.31316666666666665
0.6333333333333333,0.3666666666666667,0.2413157894736842,0.31316666666666665,0.5119744544970729,0.6995874787672894,0.021833333333333333,0.10234375,0.06277238199528452,0.201,3800,13,iid,P4_all,0.2394736842105263,0.31316666666666665
1.0,0.0,0.4146666666666667,0.4146666666666667,0.0,1.0,0.10583333333333333,0.3363347457627119,0.16526761824519762,-0.029333333333333322,6000,13,vol_jump,P0_none,0.4146666666666667,0.4146666666666667
0.7533333333333333,0.2466666666666667,0.39646017699115044,0.4146666666666667,0.2797427652733119,0.7767653758542141,0.10583333333333333,0.3363347457627119,0.15383170791183112,0.005333333333333345,4520,13,vol_jump,P1_conf,0.39646017699115044,0.4146666666666667
0.5861666666666666,0.4138333333333334,0.38214387261870914,0.4146666666666667,0.4598070739549839,0.6187357630979499,0.10583333333333333,0.3363347457627119,0.12306301476226353,0.020933333333333345,3517,13,vol_jump,P2_conf_ens,0.3736138754620415,0.4146666666666667
0.4355,0.5645,0.4079601990049751,0.4146666666666667,0.5715434083601286,0.44048974943052394,0.10583333333333333,0.3363347457627119,0.08836125489452604,-0.006933333333333321,2613,13,vol_jump,P3_conf_ood_gap,0.3482587064676617,0.4146666666666667
0.371,0.629,0.3953279424977538,0.4146666666666667,0.6463022508038585,0.38325740318906604,0.10583333333333333,0.3363347457627119,0.07653765229827422,0.003466666666666679,2226,13,vol_jump,P4_all,0.344115004492363,0.4146666666666667
1.0,0.0,0.38916666666666666,0.38916666666666666,0.0,1.0,0.050666666666666665,0.2375,0.12350949958120089,0.02166666666666667,6000,13,regime_transition,P0_none,0.38916666666666666,0.38916666666666666
0.6971666666666667,0.3028333333333333,0.35142242409753766,0.38916666666666666,0.37044967880085655,0.7402455661664393,0.050666666666666665,0.2375,0.1088230092131108,0.06773333333333334,4183,13,regime_transition,P1_conf,0.35142242409753766,0.38916666666666666
0.6428333333333334,0.35716666666666663,0.3458646616541353,0.38916666666666666,0.42869379014989295,0.6884038199181446,0.050666666666666665,0.2375,0.09950274551882819,0.06960000000000001,3857,13,regime_transition,P2_conf_ens,0.3440497796214675,0.38916666666666666
0.6841666666666667,0.3158333333333333,0.3520097442143727,0.38916666666666666,0.3811563169164882,0.7257844474761255,0.050666666666666665,0.2375,0.10668590117371238,0.06566666666666666,4105,13,regime_transition,P3_conf_ood_gap,0.3500609013398295,0.38916666666666666
0.6333333333333333,0.3666666666666667,0.34578947368421054,0.38916666666666666,0.43725910064239826,0.6783083219645293,0.050666666666666665,0.2375,0.09772856141503157,0.06866666666666668,3800,13,regime_transition,P4_all,0.34078947368421053,0.38916666666666666
1.0,0.0,0.32816666666666666,0.32816666666666666,0.0,1.0,0.04616666666666667,0.16656644618159952,0.10572185729247709,0.14366666666666666,6000,13,feature_shift,P0_none,0.32816666666666666,0.32816666666666666
0.7456666666666667,0.2543333333333333,0.27670987930263746,0.32816666666666666,0.37125444388014217,0.8027784668816671,0.04616666666666667,0.16656644618159952,0.093854847729647,0.18386666666666668,4474,13,feature_shift,P1_conf,0.27670987930263746,0.32816666666666666
0.5328333333333334,0.4671666666666666,0.23490772599311854,0.32816666666666666,0.6185881157948196,0.6067973207640784,0.04616666666666667,0.16656644618159952,0.058587550242668575,0.17593333333333336,3197,13,feature_shift,P2_conf_ens,0.23209258680012512,0.32816666666666666
0.425,0.575,0.2584313725490196,0.32816666666666666,0.665312341289995,0.46911436368146864,0.04616666666666667,0.16656644618159952,0.04710984530220699,0.12033333333333333,2550,13,feature_shift,P3_conf_ood_gap,0.21137254901960784,0.32816666666666666
0.3511666666666667,0.6488333333333334,0.23825344091124823,0.32816666666666666,0.7450482478415439,0.39816422723889855,0.04616666666666667,0.16656644618159952,0.03698482396023815,0.11360000000000002,2107,13,feature_shift,P4_all,0.19411485524442335,0.32816666666666666
1.0,0.0,0.3645,0.3645,0.0,1.0,0.0225,0.15428571428571428,0.09235793409456457,0.071,6000,13,missing_features,P0_none,0.3645,0.3645
0.6326666666666667,0.3673333333333333,0.30374077976817704,0.3645,0.4727937814357568,0.6931549960660897,0.0225,0.15428571428571428,0.07564576142131677,0.12179999999999999,3796,13,missing_features,P1_conf,0.30374077976817704,0.3645
0.5955,0.40449999999999997,0.2966694654352085,0.3645,0.5153177869227252,0.6590611067400997,0.0225,0.15428571428571428,0.07029857573367408,0.12306666666666669,3573,13,missing_features,P2_conf_ens,0.2941505737475511,0.3645
0.04133333333333333,0.9586666666666667,0.2862903225806452,0.3645,0.9675354366712391,0.046420141620771044,0.0225,0.15428571428571428,0.005032315157515393,0.009400000000000002,248,13,missing_features,P3_conf_ood_gap,0.11290322580645161,0.3645
0.03766666666666667,0.9623333333333334,0.27876106194690264,0.3645,0.9711934156378601,0.04274849200104904,0.0225,0.15428571428571428,0.004498781206114229,0.009133333333333335,226,13,missing_features,P4_all,0.11061946902654868,0.3645
1.0,0.0,0.38416666666666666,0.38416666666666666,0.0,1.0,0.049166666666666664,0.2350597609561753,0.11795471592528259,0.03166666666666666,6000,13,stale_features,P0_none,0.38416666666666666,0.38416666666666666
0.6811666666666667,0.3188333333333333,0.3379006606312699,0.38416666666666666,0.4008676789587853,0.7323410013531799,0.049166666666666664,0.2350597609561753,0.10275027861219439,0.08460000000000001,4087,13,stale_features,P1_conf,0.3379006606312699,0.38416666666666666
0.6301666666666667,0.36983333333333335,0.3324517323459402,0.38416666666666666,0.4546637744034707,0.683085250338295,0.049166666666666664,0.2350597609561753,0.09432620960501674,0.08513333333333334,3781,13,stale_features,P2_conf_ens,0.33086485056863263,0.38416666666666666
0.44383333333333336,0.5561666666666667,0.26135936913255725,0.38416666666666666,0.6980477223427333,0.53234100135318,0.049166666666666664,0.2350597609561753,0.047814394632059096,0.12306666666666669,2663,13,stale_features,P3_conf_ood_gap,0.29140067592940294,0.38416666666666666
0.41433333333333333,0.5856666666666667,0.25462590506838295,0.38416666666666666,0.7253796095444686,0.5014884979702301,0.049166666666666664,0.2350597609561753,0.04357803518132978,0.12046666666666665,2486,13,stale_features,P4_all,0.28841512469831054,0.38416666666666666
1.0,0.0,0.38516666666666666,0.38516666666666666,0.0,1.0,0.036833333333333336,0.22760041194644695,0.11074029312335608,0.02966666666666667,6000,13,venue_change,P0_none,0.38516666666666666,0.38516666666666666
0.6543333333333333,0.3456666666666667,0.3443708609271523,0.38516666666666666,0.41497187364777155,0.6977500677690431,0.036833333333333336,0.22760041194644695,0.0953526733055262,0.07280000000000002,3926,13,venue_change,P1_conf,0.3443708609271523,0.38516666666666666
0.5948333333333333,0.4051666666666667,0.3328663491173998,0.38516666666666666,0.48593682388576376,0.6454323664949851,0.036833333333333336,0.22760041194644695,0.0846060692938113,0.07986666666666667,3569,13,venue_change,P2_conf_ens,0.3342673017652003,0.38516666666666666
0.6438333333333334,0.35616666666666663,0.3450685995340409,0.38516666666666666,0.4231934227607097,0.6858227161832475,0.036833333333333336,0.22760041194644695,0.09383238823026382,0.07073333333333334,3863,13,venue_change,P3_conf_ood_gap,0.34351540253688845,0.38516666666666666
0.5893333333333334,0.4106666666666666,0.3342760180995475,0.38516666666666666,0.4885331025530073,0.6381133098400651,0.036833333333333336,0.22760041194644695,0.08404880017503305,0.07746666666666668,3536,13,venue_change,P4_all,0.3331447963800905,0.38516666666666666
1.0,0.0,0.32016666666666665,0.32016666666666665,0.0,1.0,0.033166666666666664,0.1301504251144539,0.09095148033959481,0.15966666666666668,6000,14,iid,P0_none,0.32016666666666665,0.32016666666666665
0.7013333333333334,0.29866666666666664,0.25427756653992395,0.32016666666666665,0.4429984383133785,0.7693062025006129,0.033166666666666664,0.1301504251144539,0.0769284718111747,0.20440000000000003,4208,14,iid,P1_conf,0.25427756653992395,0.32016666666666665
0.6435,0.35650000000000004,0.23905723905723905,0.32016666666666665,0.519521082769391,0.720274577102231,0.033166666666666664,0.1301504251144539,0.06769479061645446,0.20713333333333334,3861,14,iid,P2_conf_ens,0.24035224035224034,0.32016666666666665
0.6913333333333334,0.30866666666666664,0.25458052073288334,0.32016666666666665,0.4502863092139511,0.7580289286589851,0.033166666666666664,0.1301504251144539,0.07579252669394075,0.20106666666666667,4148,14,iid,P3_conf_ood_gap,0.25241080038572805,0.32016666666666665
0.6361666666666667,0.36383333333333334,0.23945506942625097,0.32016666666666665,0.5242061426340447,0.7116940426575141,0.033166666666666664,0.1301504251144539,0.06691402471554404,0.20426666666666665,3817,14,iid,P4_all,0.23919308357348704,0.32016666666666665
1.0,0.0,0.42083333333333334,0.42083333333333334,0.0,1.0,0.127,0.35082872928176795,0.1789085135891925,-0.041666666666666664,6000,14,vol_jump,P0_none,0.42083333333333334,0.42083333333333334
0.7691666666666667,0.23083333333333333,0.40173347778981583,0.42083333333333334,0.26574257425742576,0.7945323741007194,0.127,0.35082872928176795,0.1676683782945841,-0.002666666666666656,4615,14,vol_jump,P1_conf,0.40173347778981583,0.42083333333333334
0.6001666666666666,0.3998333333333334,0.38961399611219105,0.42083333333333334,0.4443564356435643,0.6325179856115108,0.127,0.35082872928176795,0.13575607015463947,0.012466666666666678,3601,14,vol_jump,P2_conf_ens,0.37961677311857817,0.42083333333333334
0.4885,0.5115000000000001,0.41214602524735583,0.42083333333333334,0.5215841584158416,0.4958273381294964,0.127,0.35082872928176795,0.10717969248295672,-0.011866666666666652,2931,14,vol_jump,P3_conf_ood_gap,0.3619924940293415,0.42083333333333334
0.4096666666666667,0.5903333333333334,0.40602115541090317,0.42083333333333334,0.6047524752475247,0.4201438848920863,0.127,0.35082872928176795,0.09238317750190839,-0.004933333333333317,2458,14,vol_jump,P4_all,0.35557363710333606,0.42083333333333334
1.0,0.0,0.6221666666666666,0.6221666666666666,0.0,1.0,0.19366666666666665,0.7599738391105297,0.27085597768964326,-0.44433333333333336,6000,14,regime_transition,P0_none,0.6221666666666666,0.6221666666666666
0.7013333333333334,0.29866666666666664,0.6677756653992395,0.6221666666666666,0.24725421912670775,0.6166740185266872,0.19366666666666665,0.7599738391105297,0.25491210585054436,-0.3756,4208,14,regime_transition,P1_conf,0.6677756653992395,0.6221666666666666
0.6435,0.35650000000000004,0.679098679098679,0.6221666666666666,0.2976158585587999,0.5465372739303044,0.19366666666666665,0.7599738391105297,0.24252261903614525,-0.35919999999999996,3861,14,regime_transition,P2_conf_ens,0.6783216783216783,0.6221666666666666
0.6913333333333334,0.30866666666666664,0.6689971070395371,0.6221666666666666,0.2566300562550228,0.6056462284958094,0.19366666666666665,0.7599738391105297,0.250779979139385,-0.37193333333333334,4148,14,regime_transition,P3_conf_ood_gap,0.6694792671166827,0.6221666666666666
0.6361666666666667,0.36383333333333334,0.6795913020696882,0.6221666666666666,0.30511652826145197,0.5394794883105426,0.19366666666666665,0.7599738391105297,0.23899039922243667,-0.3557333333333333,3817,14,regime_transition,P4_all,0.6798532879224521,0.6221666666666666
1.0,0.0,0.21033333333333334,0.21033333333333334,0.0,1.0,0.035666666666666666,0.07205387205387205,0.070804485635331,0.37933333333333336,6000,14,feature_shift,P0_none,0.21033333333333334,0.21033333333333334
0.8333333333333334,0.16666666666666663,0.1624,0.21033333333333334,0.3565768621236133,0.8839172646686365,0.035666666666666666,0.07205387205387205,0.06344861765463151,0.3959999999999999,5000,14,feature_shift,P1_conf,0.1624,0.21033333333333334
0.7203333333333334,0.2796666666666666,0.11962054604349838,0.21033333333333334,0.5903328050713154,0.8030814689742507,0.035666666666666666,0.07205387205387205,0.044140621069681016,0.4039333333333333,4322,14,feature_shift,P2_conf_ens,0.13026376677464138,0.21033333333333334
0.5248333333333334,0.4751666666666666,0.1711654493489997,0.21033333333333334,0.5729001584786053,0.5508653440270156,0.035666666666666666,0.07205387205387205,0.041144075825721715,0.2402,3149,14,feature_shift,P3_conf_ood_gap,0.07780247697681804,0.21033333333333334
0.4598333333333333,0.5401666666666667,0.13918086263138818,0.21033333333333334,0.6957210776545166,0.5012663571127057,0.035666666666666666,0.07205387205387205,0.03178065434164819,0.23986666666666664,2759,14,feature_shift,P4_all,0.06379122870605292,0.21033333333333334
1.0,0.0,0.37883333333333336,0.37883333333333336,0.0,1.0,0.034,0.17406143344709898,0.10274945853211202,0.04233333333333333,6000,14,missing_features,P0_none,0.37883333333333336,0.37883333333333336
0.6553333333333333,0.3446666666666667,0.3166327568667345,0.37883333333333336,0.45226572811262644,0.7209551918433056,0.034,0.17406143344709898,0.08649347739356608,0.10926666666666666,3932,14,missing_features,P1_conf,0.3166327568667345,0.37883333333333336
0.6123333333333333,0.3876666666666667,0.3043004899292324,0.37883333333333336,0.508139023317202,0.6858062785081835,0.034,0.17406143344709898,0.07858219375722023,0.11720000000000001,3674,14,missing_features,P2_conf_ens,0.30538922155688625,0.37883333333333336
0.037333333333333336,0.9626666666666667,0.23214285714285715,0.37883333333333336,0.9771227452705675,0.046149718272068686,0.034,0.17406143344709898,0.004004035470060256,0.012533333333333336,224,14,missing_features,P3_conf_ood_gap,0.0625,0.37883333333333336
0.034833333333333334,0.9651666666666666,0.22009569377990432,0.37883333333333336,0.979762428508579,0.04373490743225114,0.034,0.17406143344709898,0.003581950409094504,0.012533333333333334,209,14,missing_features,P4_all,0.05741626794258373,0.37883333333333336
1.0,0.0,0.392,0.392,0.0,1.0,0.06983333333333333,0.27785145888594165,0.1334670705310444,0.016000000000000004,6000,14,stale_features,P0_none,0.392,0.392
0.7081666666666667,0.2918333333333333,0.35655448340786067,0.392,0.35586734693877553,0.7494517543859649,0.06983333333333333,0.27785145888594165,0.12006964862092441,0.06153333333333334,4249,14,stale_features,P1_conf,0.35655448340786067,0.392
0.6488333333333334,0.3511666666666666,0.3467762650911893,0.392,0.42602040816326525,0.6970942982456141,0.06983333333333333,0.27785145888594165,0.10957515657481878,0.06906666666666668,3893,14,stale_features,P2_conf_ens,0.3452350372463396,0.392
0.4056666666666667,0.5943333333333334,0.2645850451930978,0.392,0.7261904761904762,0.4906798245614035,0.06983333333333333,0.27785145888594165,0.04499286021729908,0.10986666666666667,2434,14,stale_features,P3_conf_ood_gap,0.3052588331963845,0.392
0.37233333333333335,0.6276666666666666,0.24709042076991944,0.392,0.7653061224489796,0.4610745614035088,0.06983333333333333,0.27785145888594165,0.03929938872699003,0.11386666666666667,2234,14,stale_features,P4_all,0.2981199641897941,0.392
1.0,0.0,0.38233333333333336,0.38233333333333336,0.0,1.0,0.057666666666666665,0.24927953890489912,0.12202945259431057,0.03533333333333333,6000,14,venue_change,P0_none,0.38233333333333336,0.38233333333333336
0.688,0.31200000000000006,0.34011627906976744,0.38233333333333336,0.3879686137750654,0.7350242849433352,0.057666666666666665,0.24927953890489912,0.10735056121542236,0.08240000000000001,4128,14,venue_change,P1_conf,0.34011627906976744,0.38233333333333336
0.6131666666666666,0.38683333333333336,0.3264474041859201,0.38233333333333336,0.476460331299041,0.6686454398273071,0.057666666666666665,0.24927953890489912,0.09479906455280965,0.0902,3679,14,venue_change,P2_conf_ens,0.3248165262299538,0.38233333333333336
0.6815,0.3185,0.33944729762778186,0.38233333333333336,0.3949433304272014,0.7288181327576903,0.057666666666666665,0.24927953890489912,0.10605093149155931,0.08253333333333335,4089,14,venue_change,P3_conf_ood_gap,0.3377353876253363,0.38233333333333336
0.6091666666666666,0.39083333333333337,0.32585499316005473,0.38233333333333336,0.48081952920662596,0.6648677819751754,0.057666666666666665,0.24927953890489912,0.09389870124212135,0.09033333333333333,3655,14,venue_change,P4_all,0.32366621067031465,0.38233333333333336
1.0,0.0,0.31066666666666665,0.31066666666666665,0.0,1.0,0.02,0.09577015163607343,0.07959386677947554,0.17866666666666667,6000,15,iid,P0_none,0.31066666666666665,0.31066666666666665
0.682,0.31799999999999995,0.23851417399804498,0.31066666666666665,0.4763948497854077,0.753384912959381,0.02,0.09577015163607343,0.06580002015178424,0.22026666666666664,4092,15,iid,P1_conf,0.23851417399804498,0.31066666666666665
0.6256666666666667,0.3743333333333333,0.2256259989344699,0.31066666666666665,0.5456008583690988,0.7028529980657641,0.02,0.09577015163607343,0.0580099123288767,0.21819999999999998,3754,15,iid,P2_conf_ens,0.22642514651038892,0.31066666666666665
0.6735,0.3265,0.2383073496659243,0.31066666666666665,0.4833690987124464,0.7441972920696325,0.02,0.09577015163607343,0.06491937345911102,0.2178,4041,15,iid,P3_conf_ood_gap,0.23608017817371937,0.31066666666666665
0.6198333333333333,0.38016666666666665,0.22586716859370798,0.31066666666666665,0.5493562231759657,0.6960831721470019,0.02,0.09577015163607343,0.05750264655810368,0.21586666666666662,3719,15,iid,P4_all,0.22613605808012907,0.31066666666666665
1.0,0.0,0.42716666666666664,0.42716666666666664,0.0,1.0,0.10366666666666667,0.3248041775456919,0.16661311071822635,-0.05433333333333333,6000,15,vol_jump,P0_none,0.42716666666666664,0.42716666666666664
0.751,0.249,0.4041278295605859,0.42716666666666664,0.2895044869293796,0.7812045388420134,0.10366666666666667,0.3248041775456919,0.15465620645102593,-0.006199999999999994,4506,15,vol_jump,P1_conf,0.4041278295605859,0.42716666666666664
0.5773333333333334,0.42266666666666663,0.3842378752886836,0.42716666666666664,0.48068669527897,0.6205993599068955,0.10366666666666667,0.3248041775456919,0.12041914648109836,0.01820000000000001,3464,15,vol_jump,P2_conf_ens,0.3773094688221709,0.42716666666666664
0.4718333333333333,0.5281666666666667,0.40939597315436244,0.42716666666666664,0.5477955520873976,0.486470759383183,0.10366666666666667,0.3248041775456919,0.09635448862101255,-0.008866666666666653,2831,15,vol_jump,P3_conf_ood_gap,0.3641822677499117,0.42716666666666664
0.393,0.607,0.39906700593723493,0.42716666666666664,0.6328521264143582,0.4122781495490253,0.10366666666666667,0.3248041775456919,0.08202138228582569,0.0007333333333333458,2358,15,vol_jump,P4_all,0.3422391857506361,0.42716666666666664
1.0,0.0,0.3885,0.3885,0.0,1.0,0.051,0.24421388667198723,0.121236839470907,0.023000000000000003,6000,15,regime_transition,P0_none,0.3885,0.3885
0.682,0.31799999999999995,0.34628543499511244,0.3885,0.3921063921063921,0.729081493594985,0.051,0.24421388667198723,0.10657712831601107,0.07326666666666667,4092,15,regime_transition,P1_conf,0.34628543499511244,0.3885
0.6256666666666667,0.3743333333333333,0.3359083644112946,0.3885,0.459030459030459,0.6794766966475879,0.051,0.24421388667198723,0.09643981633867227,0.08020000000000001,3754,15,regime_transition,P2_conf_ens,0.33564198188598826,0.3885
0.6735,0.3265,0.34545904479089334,0.3885,0.4011154011154011,0.7209048787135459,0.051,0.24421388667198723,0.10466114917646123,0.07346666666666668,4041,15,regime_transition,P3_conf_ood_gap,0.3439742637960901,0.3885
0.6198333333333333,0.38016666666666665,0.33584296853993006,0.3885,0.4641784641784642,0.6732079585718179,0.051,0.24421388667198723,0.09524866855258024,0.07953333333333334,3719,15,regime_transition,P4_all,0.33584296853993006,0.3885
1.0,0.0,0.2843333333333333,0.2843333333333333,0.0,1.0,0.024833333333333332,0.09347553324968633,0.07985414255296441,0.2313333333333333,6000,15,feature_shift,P0_none,0.2843333333333333,0.2843333333333333
0.745,0.255,0.22102908277404923,0.2843333333333333,0.42086752637749125,0.8108989287377736,0.024833333333333332,0.09347553324968633,0.06832677345189733,0.26666666666666666,4470,15,feature_shift,P1_conf,0.22102908277404923,0.2843333333333333
0.399,0.601,0.16416040100250626,0.2843333333333333,0.7696365767878077,0.46599906846762923,0.024833333333333332,0.09347553324968633,0.029050689853215177,0.18820000000000003,2394,15,feature_shift,P2_conf_ens,0.13032581453634084,0.2843333333333333
0.5021666666666667,0.49783333333333335,0.22402920677066046,0.2843333333333333,0.604337631887456,0.544480670703307,0.024833333333333332,0.09347553324968633,0.04591523869281972,0.17673333333333335,3013,15,feature_shift,P3_conf_ood_gap,0.1569863923000332,0.2843333333333333
0.32,0.6799999999999999,0.17760416666666667,0.2843333333333333,0.8001172332942555,0.3677224033535165,0.024833333333333332,0.09347553324968633,0.02485500992399941,0.14233333333333334,1920,15,feature_shift,P4_all,0.1078125,0.2843333333333333
1.0,0.0,0.3506666666666667,0.3506666666666667,0.0,1.0,0.023166666666666665,0.158675799086758,0.08582056302736937,0.09866666666666667,6000,15,missing_features,P0_none,0.3506666666666667,0.3506666666666667
0.6036666666666667,0.3963333333333333,0.2874102705687466,0.3506666666666667,0.5052281368821292,0.6624743326488707,0.023166666666666665,0.158675799086758,0.06921248229699245,0.13593333333333335,3622,15,missing_features,P1_conf,0.2874102705687466,0.3506666666666667
0.581,0.41900000000000004,0.2842799770510614,0.3506666666666667,0.5289923954372624,0.6404004106776181,0.023166666666666665,0.158675799086758,0.06612006029587225,0.13446666666666665,3486,15,missing_features,P2_conf_ens,0.2837062535857717,0.3506666666666667
0.03966666666666667,0.9603333333333334,0.23949579831932774,0.3506666666666667,0.9729087452471483,0.046457905544147846,0.023166666666666665,0.158675799086758,0.003771138360583485,0.012733333333333336,238,15,missing_features,P3_conf_ood_gap,0.09243697478991597,0.3506666666666667
0.03783333333333333,0.9621666666666666,0.2290748898678414,0.3506666666666667,0.9752851711026616,0.04491786447638604,0.023166666666666665,0.158675799086758,0.0034040595873767467,0.012933333333333337,227,15,missing_features,P4_all,0.09251101321585903,0.3506666666666667
1.0,0.0,0.3845,0.3845,0.0,1.0,0.055,0.26506024096385544,0.12051920724165113,0.030999999999999996,6000,15,stale_features,P0_none,0.3845,0.3845
0.6846666666666666,0.31533333333333335,0.3505355404089581,0.3845,0.3758127438231469,0.7224478743568914,0.055,0.26506024096385544,0.10631851845547366,0.06773333333333333,4108,15,stale_features,P1_conf,0.3505355404089581,0.3845
0.6208333333333333,0.37916666666666665,0.3395973154362416,0.3845,0.4516688339835284,0.6661251015434606,0.055,0.26506024096385544,0.09594433856753627,0.075,3725,15,stale_features,P2_conf_ens,0.3358389261744966,0.3845
0.43316666666666664,0.5668333333333333,0.2662562524047711,0.3845,0.7000433463372345,0.5163823449769834,0.055,0.26506024096385544,0.04625679457366046,0.11586666666666667,2599,15,stale_features,P3_conf_ood_gap,0.299730665640631,0.3845
0.3955,0.6045,0.2515802781289507,0.3845,0.7412223667100131,0.4809098294069862,0.055,0.26506024096385544,0.04045478143674379,0.11740000000000002,2373,15,stale_features,P4_all,0.2937210282343026,0.3845
1.0,0.0,0.3865,0.3865,0.0,1.0,0.037333333333333336,0.2191780821917808,0.10922988610693797,0.027,6000,15,venue_change,P0_none,0.3865,0.3865
0.6616666666666666,0.3383333333333334,0.3309823677581864,0.3865,0.4333764553686934,0.7215430589513719,0.037333333333333336,0.2191780821917808,0.09315858729035298,0.09133333333333335,3970,15,venue_change,P1_conf,0.3309823677581864,0.3865
0.5895,0.4105,0.3177834322872491,0.3865,0.5153083225528245,0.6555283890247215,0.037333333333333336,0.2191780821917808,0.08077551215844456,0.09693333333333334,3537,15,venue_change,P2_conf_ens,0.3189143341815098,0.3865
0.657,0.34299999999999997,0.3310502283105023,0.3865,0.43725743855109966,0.7163814180929096,0.037333333333333336,0.2191780821917808,0.0923965766261403,0.0906,3942,15,venue_change,P3_conf_ood_gap,0.3295281582952816,0.3865
0.5881666666666666,0.4118333333333334,0.3173703598753188,0.3865,0.5170332039672272,0.654441727791361,0.037333333333333336,0.2191780821917808,0.08049899105094468,0.09720000000000001,3529,15,venue_change,P4_all,0.3190705582317937,0.3865
1.0,0.0,0.3293333333333333,0.3293333333333333,0.0,1.0,0.025,0.12406947890818859,0.08736906795272023,0.14133333333333334,6000,16,iid,P0_none,0.3293333333333333,0.3293333333333333
0.664,0.33599999999999997,0.2688253012048193,0.3293333333333333,0.457995951417004,0.7239065606361829,0.025,0.12406947890818859,0.07222692248185193,0.17419999999999997,3984,16,iid,P1_conf,0.2688253012048193,0.3293333333333333
0.614,0.386,0.25841476655808904,0.3293333333333333,0.5182186234817814,0.6789264413518886,0.025,0.12406947890818859,0.06527182110153404,0.17386666666666664,3684,16,iid,P2_conf_ens,0.253257328990228,0.3293333333333333
0.6561666666666667,0.3438333333333333,0.2684785369570739,0.3293333333333333,0.465080971659919,0.7157057654075547,0.025,0.12406947890818859,0.07093423773311308,0.17260000000000003,3937,16,iid,P3_conf_ood_gap,0.2669545339090678,0.3293333333333333
0.6083333333333333,0.3916666666666667,0.25780821917808217,0.3293333333333333,0.5237854251012146,0.6732107355864811,0.025,0.12406947890818859,0.0642108457346309,0.173,3650,16,iid,P4_all,0.2517808219178082,0.3293333333333333
1.0,0.0,0.4181666666666667,0.4181666666666667,0.0,1.0,0.09933333333333333,0.3209477652127087,0.16046845744258545,-0.036333333333333336,6000,16,vol_jump,P0_none,0.4181666666666667,0.4181666666666667
0.7455,0.25449999999999995,0.3867650346523586,0.4181666666666667,0.31048226385013955,0.7857347464909767,0.09933333333333333,0.3209477652127087,0.14820119773975868,0.019733333333333342,4473,16,vol_jump,P1_conf,0.3867650346523586,0.4181666666666667
0.5736666666666667,0.42633333333333334,0.37420104590354447,0.4181666666666667,0.4866480669589478,0.6170151818963048,0.09933333333333333,0.3209477652127087,0.11805436903244992,0.02960000000000001,3442,16,vol_jump,P2_conf_ens,0.3614177803602557,0.4181666666666667
0.469,0.531,0.3823738450604122,0.4181666666666667,0.571143882024711,0.49785161844743625,0.09933333333333333,0.3209477652127087,0.08929009985003446,0.016533333333333344,2814,16,vol_jump,P3_conf_ood_gap,0.3482587064676617,0.4181666666666667
0.38866666666666666,0.6113333333333333,0.3704974271012007,0.4181666666666667,0.6556396970904743,0.42050988255514177,0.09933333333333333,0.3209477652127087,0.07535287116464684,0.022933333333333347,2332,16,vol_jump,P4_all,0.33876500857632935,0.4181666666666667
1.0,0.0,0.6088333333333333,0.6088333333333333,0.0,1.0,0.15383333333333332,0.7634408602150538,0.2416052067389081,-0.4176666666666667,6000,16,regime_transition,P0_none,0.6088333333333333,0.6088333333333333
0.664,0.33599999999999997,0.6528614457831325,0.6088333333333333,0.28798248015329864,0.5892628887942054,0.15383333333333332,0.7634408602150538,0.223751257034251,-0.33580000000000004,3984,16,regime_transition,P1_conf,0.6528614457831325,0.6088333333333333
0.614,0.386,0.6653094462540716,0.6088333333333333,0.3290446208595674,0.5253515125692373,0.15383333333333332,0.7634408602150538,0.2145219278398078,-0.3258,3684,16,regime_transition,P2_conf_ens,0.6615092290988056,0.6088333333333333
0.6561666666666667,0.3438333333333333,0.6532893065786132,0.6088333333333333,0.295921160689844,0.5815935236472092,0.15383333333333332,0.7634408602150538,0.22103714257059656,-0.33240000000000003,3937,16,regime_transition,P3_conf_ood_gap,0.6537973075946152,0.6088333333333333
0.6083333333333333,0.3916666666666667,0.6652054794520548,0.6088333333333333,0.335340815767862,0.5206646783127397,0.15383333333333332,0.7634408602150538,0.21227319539861572,-0.32266666666666666,3650,16,regime_transition,P4_all,0.6638356164383562,0.6088333333333333
1.0,0.0,0.33616666666666667,0.33616666666666667,0.0,1.0,0.04066666666666666,0.18870843000773396,0.10359583787986452,0.12766666666666668,6000,16,feature_shift,P0_none,0.33616666666666667,0.33616666666666667
0.7155,0.2845,0.28814348940135104,0.33616666666666667,0.38671294000991574,0.7672608586492593,0.04066666666666666,0.18870843000773396,0.09100654025996929,0.1600666666666667,4293,16,feature_shift,P1_conf,0.28814348940135104,0.33616666666666667
0.36933333333333335,0.6306666666666667,0.23736462093862815,0.33616666666666667,0.7392166584035696,0.42430328897815717,0.04066666666666666,0.18870843000773396,0.043275832913178165,0.12013333333333333,2216,16,feature_shift,P2_conf_ens,0.23104693140794225,0.33616666666666667
0.5053333333333333,0.4946666666666667,0.29650395778364114,0.33616666666666667,0.5542885473475458,0.535525985438112,0.04066666666666666,0.18870843000773396,0.06711612223415139,0.1046,3032,16,feature_shift,P3_conf_ood_gap,0.2546174142480211,0.33616666666666667
0.3016666666666667,0.6983333333333333,0.24861878453038674,0.33616666666666667,0.7768963807635102,0.3414511674617123,0.04066666666666666,0.18870843000773396,0.03649329414662217,0.09133333333333334,1810,16,feature_shift,P4_all,0.2121546961325967,0.33616666666666667
1.0,0.0,0.3636666666666667,0.3636666666666667,0.0,1.0,0.023833333333333335,0.1630558722919042,0.08743011212748597,0.07266666666666667,6000,16,missing_features,P0_none,0.3636666666666667,0.3636666666666667
0.5925,0.4075,0.3007032348804501,0.3636666666666667,0.5100824931255729,0.6511262441068623,0.023833333333333335,0.1630558722919042,0.07010135494558113,0.11766666666666667,3555,16,missing_features,P1_conf,0.3007032348804501,0.3636666666666667
0.5696666666666667,0.43033333333333335,0.2922761849034523,0.3636666666666667,0.5421631530705775,0.6335777894185437,0.023833333333333335,0.1630558722919042,0.06604233705647816,0.12273333333333335,3418,16,missing_features,P2_conf_ens,0.29578700994733764,0.3636666666666667
0.03983333333333333,0.9601666666666666,0.28451882845188287,0.3636666666666667,0.9688359303391384,0.044787847040335255,0.023833333333333335,0.1630558722919042,0.004435240844493667,0.009200000000000003,239,16,missing_features,P3_conf_ood_gap,0.08368200836820083,0.3636666666666667
0.03833333333333333,0.9616666666666667,0.27391304347826084,0.3636666666666667,0.9711274060494959,0.043740178103719225,0.023833333333333335,0.1630558722919042,0.00412917899502131,0.009666666666666667,230,16,missing_features,P4_all,0.07391304347826087,0.3636666666666667
1.0,0.0,0.38766666666666666,0.38766666666666666,0.0,1.0,0.05583333333333333,0.26131045241809675,0.12041099419108427,0.024666666666666667,6000,16,stale_features,P0_none,0.38766666666666666,0.38766666666666666
0.6701666666666667,0.3298333333333333,0.34543645859238997,0.38766666666666666,0.40283748925193463,0.7163854109961895,0.05583333333333333,0.26131045241809675,0.10532403304436781,0.07313333333333334,4021,16,stale_features,P1_conf,0.34543645859238997,0.38766666666666666
0.622,0.378,0.33735262593783494,0.38766666666666666,0.45872742906276875,0.6731083287969516,0.05583333333333333,0.26131045241809675,0.09752650082089871,0.07793333333333334,3732,16,stale_features,P2_conf_ens,0.3317256162915327,0.38766666666666666
0.42866666666666664,0.5713333333333334,0.2639968895800933,0.38766666666666666,0.7080825451418744,0.5152422427871529,0.05583333333333333,0.26131045241809675,0.04526032995525023,0.11660000000000002,2572,16,stale_features,P3_conf_ood_gap,0.29704510108864696,0.38766666666666666
0.39916666666666667,0.6008333333333333,0.24968684759916493,0.38766666666666666,0.7429062768701633,0.48911268372346217,0.05583333333333333,0.26131045241809675,0.04034194548401871,0.12000000000000002,2395,16,stale_features,P4_all,0.2939457202505219,0.38766666666666666
1.0,0.0,0.38566666666666666,0.38566666666666666,0.0,1.0,0.0275,0.2096569250317662,0.10099532137848359,0.028666666666666667,6000,16,venue_change,P0_none,0.38566666666666666,0.38566666666666666
0.6206666666666667,0.3793333333333333,0.3308270676691729,0.38566666666666666,0.4675885911840968,0.6760716223548562,0.0275,0.2096569250317662,0.08330610053332216,0.08586666666666667,3724,16,venue_change,P1_conf,0.3308270676691729,0.38566666666666666
0.5323333333333333,0.4676666666666667,0.31809643080776456,0.38566666666666666,0.5609334485738979,0.5908844275637547,0.0275,0.2096569250317662,0.06967706389089909,0.08720000000000001,3194,16,venue_change,P2_conf_ens,0.32091421415153415,0.38566666666666666
0.6158333333333333,0.38416666666666666,0.3301759133964817,0.38566666666666666,0.47277441659464137,0.6714595767769941,0.0275,0.2096569250317662,0.08236762800793117,0.086,3695,16,venue_change,P3_conf_ood_gap,0.3301759133964817,0.38566666666666666
0.5308333333333334,0.4691666666666666,0.317425431711146,0.38566666666666666,0.5630942091616249,0.5897992403689637,0.0275,0.2096569250317662,0.06923272790869447,0.08766666666666667,3185,16,venue_change,P4_all,0.3205651491365777,0.38566666666666666
1.0,0.0,0.32233333333333336,0.32233333333333336,0.0,1.0,0.023166666666666665,0.12055507372072853,0.08404292396981063,0.15533333333333332,6000,17,iid,P0_none,0.32233333333333336,0.32233333333333336
0.6766666666666666,0.32333333333333336,0.25492610837438423,0.32233333333333336,0.4648397104446742,0.7439744220363994,0.023166666666666665,0.12055507372072853,0.06983432181079033,0.19633333333333333,4060,17,iid,P1_conf,0.25492610837438423,0.32233333333333336
0.6218333333333333,0.37816666666666665,0.24122219244170465,0.32233333333333336,0.5346432264736298,0.6962616822429907,0.023166666666666665,0.12055507372072853,0.06144284506219827,0.1974666666666667,3731,17,iid,P2_conf_ens,0.24229429107477887,0.32233333333333336
0.665,0.33499999999999996,0.25513784461152883,0.32233333333333336,0.47362978283350565,0.7309394982784063,0.023166666666666665,0.12055507372072853,0.06874755252140331,0.19266666666666668,3990,17,iid,P3_conf_ood_gap,0.25263157894736843,0.32233333333333336
0.6141666666666666,0.38583333333333336,0.24260515603799185,0.32233333333333336,0.5377456049638056,0.6864240039350713,0.023166666666666665,0.12055507372072853,0.06099662312967943,0.19333333333333333,3685,17,iid,P4_all,0.2417910447761194,0.32233333333333336
1.0,0.0,0.41933333333333334,0.41933333333333334,0.0,1.0,0.09783333333333333,0.32866741321388576,0.15950552631540496,-0.03866666666666667,6000,17,vol_jump,P0_none,0.41933333333333334,0.41933333333333334
0.7343333333333333,0.2656666666666667,0.3928733545165683,0.41933333333333334,0.3120031796502385,0.7677956371986223,0.09783333333333333,0.32866741321388576,0.1469231234461819,0.010466666666666676,4406,17,vol_jump,P1_conf,0.3928733545165683,0.41933333333333334
0.5841666666666666,0.4158333333333334,0.37860199714693293,0.41933333333333334,0.4725755166931638,0.6251435132032147,0.09783333333333333,0.32866741321388576,0.11973634867546454,0.02500000000000001,3505,17,vol_jump,P2_conf_ens,0.37774607703281027,0.41933333333333334
0.43133333333333335,0.5686666666666667,0.40687789799072643,0.41933333333333334,0.5814785373608903,0.440585533869116,0.09783333333333333,0.32866741321388576,0.08768720725437841,-0.005933333333333318,2588,17,vol_jump,P3_conf_ood_gap,0.3527820710973725,0.41933333333333334
0.37133333333333335,0.6286666666666667,0.3976660682226212,0.41933333333333334,0.6478537360890302,0.3851894374282434,0.09783333333333333,0.32866741321388576,0.0768265997257739,0.0017333333333333473,2228,17,vol_jump,P4_all,0.3361759425493716,0.41933333333333334
1.0,0.0,0.4231666666666667,0.4231666666666667,0.0,1.0,0.057833333333333334,0.30095403295750217,0.13363159358679624,-0.046333333333333324,6000,17,regime_transition,P0_none,0.4231666666666667,0.4231666666666667
0.6766666666666666,0.32333333333333336,0.3876847290640394,0.4231666666666667,0.3800708940527767,0.7182895117018203,0.057833333333333334,0.30095403295750217,0.11805272288453057,0.016666666666666677,4060,17,regime_transition,P1_conf,0.3876847290640394,0.4231666666666667
0.6218333333333333,0.37816666666666665,0.3800589654248191,0.4231666666666667,0.44151240645923595,0.6683039583935279,0.057833333333333334,0.30095403295750217,0.10773777085115242,0.024800000000000013,3731,17,regime_transition,P2_conf_ens,0.3827392120075047,0.4231666666666667
0.665,0.33499999999999996,0.3879699248120301,0.4231666666666667,0.39031114612051987,0.7055764229991331,0.057833333333333334,0.30095403295750217,0.116158117146234,0.01600000000000001,3990,17,regime_transition,P3_conf_ood_gap,0.3869674185463659,0.4231666666666667
0.6141666666666666,0.38583333333333336,0.38181818181818183,0.4231666666666667,0.44584482079558885,0.6581912741982087,0.057833333333333334,0.30095403295750217,0.10680391102352921,0.022333333333333344,3685,17,regime_transition,P4_all,0.382089552238806,0.4231666666666667
1.0,0.0,0.27116666666666667,0.27116666666666667,0.0,1.0,0.023833333333333335,0.08451536643026004,0.08050523538848121,0.25766666666666665,6000,17,feature_shift,P0_none,0.27116666666666667,0.27116666666666667
0.78,0.21999999999999997,0.21367521367521367,0.27116666666666667,0.3853718500307314,0.8415275554539218,0.023833333333333335,0.08451536643026004,0.07064530754449025,0.2906666666666667,4680,17,feature_shift,P1_conf,0.21367521367521367,0.27116666666666667
0.554,0.44599999999999995,0.1690734055354994,0.27116666666666667,0.654578979717271,0.6316030185227532,0.023833333333333335,0.08451536643026004,0.04223850613415412,0.25586666666666663,3324,17,feature_shift,P2_conf_ens,0.1654632972322503,0.27116666666666667
0.5011666666666666,0.49883333333333335,0.21582973062853342,0.27116666666666667,0.6011063306699447,0.5392179281957467,0.023833333333333335,0.08451536643026004,0.04612137943674358,0.1846,3007,17,feature_shift,P3_conf_ood_gap,0.1519787163285667,0.27116666666666667
0.3913333333333333,0.6086666666666667,0.18228279386712096,0.27116666666666667,0.7369391518131531,0.43905785501943745,0.023833333333333335,0.08451536643026004,0.031837640542189335,0.17040000000000002,2348,17,feature_shift,P4_all,0.11626916524701873,0.27116666666666667
1.0,0.0,0.36916666666666664,0.36916666666666664,0.0,1.0,0.023166666666666665,0.17572692793931732,0.0894460646409955,0.06166666666666667,6000,17,missing_features,P0_none,0.36916666666666664,0.36916666666666664
0.5978333333333333,0.4021666666666667,0.3022023975466964,0.36916666666666664,0.5106094808126411,0.6612945838837516,0.023166666666666665,0.17572692793931732,0.07168918415170816,0.11693333333333333,3587,17,missing_features,P1_conf,0.3022023975466964,0.36916666666666664
0.5691666666666667,0.4308333333333333,0.29487554904831625,0.36916666666666664,0.5453724604966139,0.6361955085865257,0.023166666666666665,0.17572692793931732,0.0671611652995187,0.11966666666666667,3415,17,missing_features,P2_conf_ens,0.2960468521229868,0.36916666666666664
0.03833333333333333,0.9616666666666667,0.27391304347826084,0.36916666666666664,0.9715575620767495,0.044121532364597094,0.023166666666666665,0.17572692793931732,0.004349992251396949,0.009666666666666669,230,17,missing_features,P3_conf_ood_gap,0.1,0.36916666666666664
0.035833333333333335,0.9641666666666666,0.2651162790697674,0.36916666666666664,0.9742663656884876,0.04174372523117569,0.023166666666666665,0.17572692793931732,0.00395627005135307,0.009666666666666667,215,17,missing_features,P4_all,0.09767441860465116,0.36916666666666664
1.0,0.0,0.38233333333333336,0.38233333333333336,0.0,1.0,0.057,0.27403846153846156,0.11999353275922545,0.03533333333333332,6000,17,stale_features,P0_none,0.38233333333333336,0.38233333333333336
0.6695,0.3305,0.34428678117998507,0.38233333333333336,0.3971229293809939,0.710739341608203,0.057,0.27403846153846156,0.10549214535907647,0.0746,4017,17,stale_features,P1_conf,0.34428678117998507,0.38233333333333336
0.6161666666666666,0.38383333333333336,0.33405463889640247,0.38233333333333336,0.4616390584132519,0.664328116567728,0.057,0.27403846153846156,0.09634694611449084,0.08126666666666667,3697,17,stale_features,P2_conf_ens,0.3337841493102516,0.38233333333333336
0.4045,0.5954999999999999,0.25092707045735474,0.38233333333333336,0.7345248474280732,0.4905558553696708,0.057,0.27403846153846156,0.03981740099708452,0.1206,2427,17,stale_features,P3_conf_ood_gap,0.30243098475484137,0.38233333333333336
0.37366666666666665,0.6263333333333334,0.235950044603033,0.38233333333333336,0.7693984306887532,0.4622234214786832,0.057,0.27403846153846156,0.034955209304180924,0.1226,2242,17,stale_features,P4_all,0.29973238180196254,0.38233333333333336
1.0,0.0,0.3898333333333333,0.3898333333333333,0.0,1.0,0.028,0.20843672456575682,0.10855060985674972,0.020333333333333335,6000,17,venue_change,P0_none,0.3898333333333333,0.3898333333333333
0.6495,0.35050000000000003,0.35309212214523994,0.3898333333333333,0.4117144078666096,0.6886096694892107,0.028,0.20843672456575682,0.0925956347107005,0.06093333333333334,3897,17,venue_change,P1_conf,0.35309212214523994,0.3898333333333333
0.5768333333333333,0.4231666666666667,0.33834151979196764,0.3898333333333333,0.4993587002992732,0.6255121551488664,0.028,0.20843672456575682,0.07958732207103295,0.07113333333333334,3461,17,venue_change,P2_conf_ens,0.3400751227968795,0.3898333333333333
0.6365,0.36350000000000005,0.3529719821942917,0.3898333333333333,0.4236853356135101,0.6749521988527725,0.028,0.20843672456575682,0.09057347226116773,0.05986666666666667,3819,17,venue_change,P3_conf_ood_gap,0.3490442524221,0.3898333333333333
0.569,0.43100000000000005,0.3397773872290568,0.3898333333333333,0.5040615647712698,0.615678776290631,0.028,0.20843672456575682,0.0787596389308876,0.06853333333333333,3414,17,venue_change,P4_all,0.3397773872290568,0.3898333333333333
1.0,0.0,0.32366666666666666,0.32366666666666666,0.0,1.0,0.024166666666666666,0.11462450592885376,0.08733154016696898,0.15266666666666667,6000,18,iid,P0_none,0.32366666666666666,0.32366666666666666
0.6908333333333333,0.3091666666666667,0.2632086851628468,0.32366666666666666,0.43820803295571575,0.7525874815179892,0.024166666666666666,0.11462450592885376,0.0742719357739555,0.189,4145,18,iid,P1_conf,0.2632086851628468,0.32366666666666666
0.6371666666666667,0.36283333333333334,0.2526811404656029,0.32366666666666666,0.5025746652935119,0.7040413997042878,0.024166666666666666,0.11462450592885376,0.06660368317475646,0.1877333333333333,3823,18,iid,P2_conf_ens,0.25058854302903477,0.32366666666666666
0.6836666666666666,0.31633333333333336,0.26328620185275475,0.32366666666666666,0.4438722966014418,0.7447018235584032,0.024166666666666666,0.11462450592885376,0.07343535799107735,0.18693333333333337,4102,18,iid,P3_conf_ood_gap,0.2615797172111165,0.32366666666666666
0.6321666666666667,0.36783333333333335,0.2530978117585025,0.32366666666666666,0.505664263645726,0.6981271562345983,0.024166666666666666,0.11462450592885376,0.06606591424215343,0.18573333333333336,3793,18,iid,P4_all,0.24967044555760612,0.32366666666666666
1.0,0.0,0.4185,0.4185,0.0,1.0,0.103,0.3333333333333333,0.16594337842520537,-0.03699999999999999,6000,18,vol_jump,P0_none,0.4185,0.4185
0.7515,0.24850000000000005,0.401641162120204,0.4185,0.278773397052967,0.7732874749211809,0.103,0.3333333333333333,0.15434136191724465,-0.0024666666666666556,4509,18,vol_jump,P1_conf,0.401641162120204,0.4185
0.5703333333333334,0.42966666666666664,0.38281706604324955,0.4185,0.47829549980087616,0.6053310404127257,0.103,0.3333333333333333,0.11952163928476593,0.019600000000000013,3422,18,vol_jump,P2_conf_ens,0.3816481589713618,0.4185
0.4745,0.5255000000000001,0.41060765718299963,0.4185,0.5344484269215453,0.4809400974491258,0.103,0.3333333333333333,0.09754267163689552,-0.010066666666666653,2847,18,vol_jump,P3_conf_ood_gap,0.367053038285915,0.4185
0.39016666666666666,0.6098333333333333,0.4028193079880393,0.4185,0.6244524093986459,0.4006878761822872,0.103,0.3333333333333333,0.08266992282905113,-0.002199999999999984,2341,18,vol_jump,P4_all,0.35241349850491244,0.4185
1.0,0.0,0.4116666666666667,0.4116666666666667,0.0,1.0,0.06283333333333334,0.29802371541501976,0.1361793321485189,-0.023333333333333327,6000,18,regime_transition,P0_none,0.4116666666666667,0.4116666666666667
0.6908333333333333,0.3091666666666667,0.381664656212304,0.4116666666666667,0.3595141700404858,0.7260623229461757,0.06283333333333334,0.29802371541501976,0.12163064274726457,0.025333333333333343,4145,18,regime_transition,P1_conf,0.381664656212304,0.4116666666666667
0.6371666666666667,0.36283333333333334,0.3774522626209783,0.4116666666666667,0.4157894736842105,0.6742209631728046,0.06283333333333334,0.29802371541501976,0.11263818288454604,0.028733333333333347,3823,18,regime_transition,P2_conf_ens,0.3764059639026942,0.4116666666666667
0.6836666666666666,0.31633333333333336,0.3817649926864944,0.4116666666666667,0.36599190283400806,0.718413597733711,0.06283333333333334,0.29802371541501976,0.12034600893219677,0.024933333333333346,4102,18,regime_transition,P3_conf_ood_gap,0.38152120916626037,0.4116666666666667
0.6321666666666667,0.36783333333333335,0.377801212760348,0.4116666666666667,0.41983805668016194,0.6685552407932012,0.06283333333333334,0.29802371541501976,0.11170488153142603,0.02806666666666668,3793,18,regime_transition,P4_all,0.37727392565251777,0.4116666666666667
1.0,0.0,0.3253333333333333,0.3253333333333333,0.0,1.0,0.04016666666666667,0.14285714285714285,0.10241602543598353,0.14933333333333335,6000,18,feature_shift,P0_none,0.3253333333333333,0.3253333333333333
0.7415,0.25849999999999995,0.27736570015733875,0.3253333333333333,0.367827868852459,0.7942193675889329,0.04016666666666667,0.14285714285714285,0.090714755654473,0.18186666666666665,4449,18,feature_shift,P1_conf,0.27736570015733875,0.3253333333333333
0.44366666666666665,0.5563333333333333,0.21450037565740046,0.3253333333333333,0.7074795081967213,0.5165513833992095,0.04016666666666667,0.14285714285714285,0.04625094127815908,0.1646,2662,18,feature_shift,P2_conf_ens,0.19984973703981967,0.3253333333333333
0.5071666666666667,0.49283333333333335,0.26552744002628986,0.3253333333333333,0.5860655737704918,0.5521245059288538,0.04016666666666667,0.14285714285714285,0.06160867750728941,0.1364,3043,18,feature_shift,P3_conf_ood_gap,0.21886296418008544,0.3253333333333333
0.3443333333333333,0.6556666666666666,0.22168441432720232,0.3253333333333333,0.7653688524590164,0.39723320158102765,0.04016666666666667,0.14285714285714285,0.037524430211797806,0.1228,2066,18,feature_shift,P4_all,0.1669893514036786,0.3253333333333333
1.0,0.0,0.37066666666666664,0.37066666666666664,0.0,1.0,0.021666666666666667,0.16518424396442186,0.08693246012916162,0.058666666666666666,6000,18,missing_features,P0_none,0.37066666666666664,0.37066666666666664
0.5815,0.4185,0.3000859845227859,0.37066666666666664,0.529226618705036,0.6467161016949152,0.021666666666666667,0.16518424396442186,0.06863142397699562,0.11620000000000001,3489,18,missing_features,P1_conf,0.3000859845227859,0.37066666666666664
0.5515,0.4485,0.29616198247204595,0.37066666666666664,0.5593525179856116,0.6167902542372882,0.021666666666666667,0.16518424396442186,0.06485860525784135,0.11453333333333333,3309,18,missing_features,P2_conf_ens,0.2925355092172862,0.37066666666666664
0.04066666666666666,0.9593333333333334,0.2581967213114754,0.37066666666666664,0.9716726618705036,0.0479343220338983,0.021666666666666667,0.16518424396442186,0.0041068550337420885,0.011533333333333336,244,18,missing_features,P3_conf_ood_gap,0.11475409836065574,0.37066666666666664
0.036833333333333336,0.9631666666666666,0.24434389140271492,0.37066666666666664,0.9757194244604317,0.04422669491525424,0.021666666666666667,0.16518424396442186,0.003583815147336289,0.011466666666666668,221,18,missing_features,P4_all,0.1085972850678733,0.37066666666666664
1.0,0.0,0.39266666666666666,0.39266666666666666,0.0,1.0,0.06183333333333333,0.28692962103634956,0.13020118745235335,0.01466666666666667,6000,18,stale_features,P0_none,0.39266666666666666,0.39266666666666666
0.7143333333333334,0.2856666666666666,0.3506766215585628,0.39266666666666666,0.3620543293718166,0.7637211855104281,0.06183333333333333,0.28692962103634956,0.1163610654182587,0.07046666666666666,4286,18,stale_features,P1_conf,0.3506766215585628,0.39266666666666666
0.64,0.36,0.3390625,0.39266666666666666,0.4473684210526315,0.6964873765093305,0.06183333333333333,0.28692962103634956,0.10398516269253946,0.07800000000000001,3840,18,stale_features,P2_conf_ens,0.3455729166666667,0.39266666666666666
0.3878333333333333,0.6121666666666667,0.24795874516544908,0.39266666666666666,0.7550933786078098,0.4802414928649835,0.06183333333333333,0.28692962103634956,0.0393806184584048,0.11793333333333336,2327,18,stale_features,P3_conf_ood_gap,0.3128491620111732,0.39266666666666666
0.3556666666666667,0.6443333333333333,0.23477038425492033,0.39266666666666666,0.7873514431239389,0.4481339187705818,0.06183333333333333,0.28692962103634956,0.0349417585929613,0.11753333333333334,2134,18,stale_features,P4_all,0.3078725398313027,0.39266666666666666
1.0,0.0,0.37666666666666665,0.37666666666666665,0.0,1.0,0.04583333333333333,0.22522522522522523,0.11357814580384004,0.046666666666666655,6000,18,venue_change,P0_none,0.37666666666666665,0.37666666666666665
0.6788333333333333,0.3211666666666667,0.33734348146329485,0.37666666666666665,0.3920353982300885,0.7216577540106952,0.04583333333333333,0.22522522522522523,0.09942468225522472,0.08506666666666667,4073,18,venue_change,P1_conf,0.33734348146329485,0.37666666666666665
0.5976666666666667,0.4023333333333333,0.3237590630228667,0.37666666666666665,0.48628318584070795,0.6483957219251337,0.04583333333333333,0.22522522522522523,0.08574935682385539,0.09113333333333333,3586,18,venue_change,P2_conf_ens,0.3223647518126046,0.37666666666666665
0.6736666666666666,0.32633333333333336,0.33819891142998515,0.37666666666666665,0.3951327433628319,0.7152406417112299,0.04583333333333333,0.22522522522522523,0.09894390947431987,0.08326666666666668,4042,18,venue_change,P3_conf_ood_gap,0.33547748639287484,0.37666666666666665
0.5945,0.40549999999999997,0.32408186150827023,0.37666666666666665,0.488495575221239,0.6446524064171123,0.04583333333333333,0.22522522522522523,0.08535991281956383,0.09026666666666669,3567,18,venue_change,P4_all,0.32127838519764507,0.37666666666666665
1.0,0.0,0.3145,0.3145,0.0,1.0,0.018,0.10609037328094302,0.07850485244585564,0.171,6000,19,iid,P0_none,0.3145,0.3145
0.6588333333333334,0.3411666666666666,0.24766000505944852,0.3145,0.48118706942236356,0.7230731825917821,0.018,0.10609037328094302,0.06423222488730324,0.20073333333333335,3953,19,iid,P1_conf,0.24766000505944852,0.3145
0.6126666666666667,0.3873333333333333,0.23313384113166485,0.3145,0.5458399576046635,0.6853877947969852,0.018,0.10609037328094302,0.05662160386261397,0.20446666666666666,3676,19,iid,P2_conf_ens,0.23422198041349293,0.3145
0.6538333333333334,0.3461666666666666,0.2487891919449401,0.3145,0.48277689454160044,0.7165086311694627,0.018,0.10609037328094302,0.06406965853755774,0.19773333333333334,3923,19,iid,P3_conf_ood_gap,0.2449655875605404,0.3145
0.6088333333333333,0.39116666666666666,0.23432794963044073,0.3145,0.5463698993110757,0.6800389010454656,0.018,0.10609037328094302,0.05653760794970409,0.20173333333333335,3653,19,iid,P4_all,0.23350670681631536,0.3145
1.0,0.0,0.42283333333333334,0.42283333333333334,0.0,1.0,0.091,0.3181818181818182,0.1577233845047304,-0.04566666666666667,6000,19,vol_jump,P0_none,0.42283333333333334,0.42283333333333334
0.7436666666666667,0.2563333333333333,0.396683101748095,0.42283333333333334,0.3023255813953488,0.7773606699393589,0.091,0.3181818181818182,0.145389657215174,0.004933333333333341,4462,19,vol_jump,P1_conf,0.396683101748095,0.42283333333333334
0.5831666666666667,0.4168333333333333,0.3746784795655902,0.42283333333333334,0.48324793062672444,0.6318221195495235,0.091,0.3181818181818182,0.1140115379621941,0.029533333333333345,3499,19,vol_jump,P2_conf_ens,0.3769648470991712,0.42283333333333334
0.5021666666666667,0.49783333333333335,0.4115499502157318,0.42283333333333334,0.5112337406385494,0.5119838290499567,0.091,0.3181818181818182,0.09955950294996402,-0.011599999999999989,3013,19,vol_jump,P3_conf_ood_gap,0.36740789910388316,0.42283333333333334
0.42,0.5800000000000001,0.3984126984126984,0.42283333333333334,0.604256996452503,0.437770719029743,0.091,0.3181818181818182,0.08437563571194011,0.001333333333333344,2520,19,vol_jump,P4_all,0.34365079365079365,0.42283333333333334
1.0,0.0,0.477,0.477,0.0,1.0,0.07183333333333333,0.42337917485265225,0.1585969747126039,-0.154,6000,19,regime_transition,P0_none,0.477,0.477
0.6588333333333334,0.3411666666666666,0.47128762964836834,0.477,0.34905660377358494,0.6660293180369662,0.07183333333333333,0.42337917485265225,0.14261406166013343,-0.09393333333333331,3953,19,regime_transition,P1_conf,0.47128762964836834,0.477
0.6126666666666667,0.3873333333333333,0.4722524483133841,0.477,0.3934311670160727,0.6182281708094327,0.07183333333333333,0.42337917485265225,0.1344636788138,-0.0885333333333333,3676,19,regime_transition,P2_conf_ens,0.47170837867247006,0.477
0.6538333333333334,0.3461666666666666,0.4723425949528422,0.477,0.35255066387141853,0.6596558317399618,0.07183333333333333,0.42337917485265225,0.1418438500587388,-0.09459999999999999,3923,19,regime_transition,P3_conf_ood_gap,0.4710680601580423,0.477
0.6088333333333333,0.39116666666666666,0.4738571037503422,0.477,0.39517819706498947,0.6124920331421287,0.07183333333333333,0.42337917485265225,0.13400374279948832,-0.08993333333333332,3653,19,regime_transition,P4_all,0.4702983848891322,0.477
1.0,0.0,0.3445,0.3445,0.0,1.0,0.022,0.1172291296625222,0.0932640694845246,0.111,6000,19,feature_shift,P0_none,0.3445,0.3445
0.6931666666666667,0.3068333333333333,0.2887713392642462,0.3445,0.4189646831156265,0.7520976353928299,0.022,0.1172291296625222,0.07917949538822737,0.1542,4159,19,feature_shift,P1_conf,0.2887713392642462,0.3445
0.4723333333333333,0.5276666666666667,0.20924488355681017,0.3445,0.7131107885824868,0.5697940503432495,0.022,0.1172291296625222,0.04133939723731073,0.18019999999999997,2834,19,feature_shift,P2_conf_ens,0.22759350741002118,0.3445
0.5326666666666666,0.4673333333333334,0.26032540675844806,0.3445,0.5974842767295597,0.601067887109077,0.022,0.1172291296625222,0.05462363206271009,0.14880000000000002,3196,19,feature_shift,P3_conf_ood_gap,0.24405506883604505,0.3445
0.4075,0.5925,0.2130879345603272,0.3445,0.7479438800193516,0.48919399949148235,0.022,0.1172291296625222,0.035797788495660385,0.15233333333333332,2445,19,feature_shift,P4_all,0.20408997955010225,0.3445
1.0,0.0,0.36516666666666664,0.36516666666666664,0.0,1.0,0.020666666666666667,0.15327564894932014,0.0954954625200794,0.06966666666666667,6000,19,missing_features,P0_none,0.36516666666666664,0.36516666666666664
0.6543333333333333,0.3456666666666667,0.3140601120733571,0.36516666666666664,0.43724326791419443,0.7070097138356524,0.020666666666666667,0.15327564894932014,0.07974593305156227,0.11246666666666666,3926,19,missing_features,P1_conf,0.3140601120733571,0.36516666666666664
0.6328333333333334,0.36716666666666664,0.3099815643929418,0.36516666666666664,0.46280237334550434,0.6878445786295616,0.020666666666666667,0.15327564894932014,0.07644534671141541,0.11393333333333336,3797,19,missing_features,P2_conf_ens,0.31103502765341057,0.36516666666666664
0.0415,0.9585,0.2891566265060241,0.36516666666666664,0.9671382930168873,0.04646888947230244,0.020666666666666667,0.15327564894932014,0.005432236746390898,0.009200000000000002,249,19,missing_features,P3_conf_ood_gap,0.12048192771084337,0.36516666666666664
0.03916666666666667,0.9608333333333333,0.28936170212765955,0.36516666666666664,0.9689639434048379,0.04384352848516671,0.020666666666666667,0.15327564894932014,0.0052102858709352105,0.008666666666666668,235,19,missing_features,P4_all,0.12340425531914893,0.36516666666666664
1.0,0.0,0.3945,0.3945,0.0,1.0,0.0535,0.28482697426796805,0.12041912330602271,0.011000000000000005,6000,19,stale_features,P0_none,0.3945,0.3945
0.6596666666666666,0.3403333333333334,0.35219807983830215,0.3945,0.41106886354034644,0.7057528213597578,0.0535,0.28482697426796805,0.10496757825294349,0.06306666666666669,3958,19,stale_features,P1_conf,0.35219807983830215,0.3945
0.6041666666666666,0.39583333333333337,0.3426206896551724,0.3945,0.47528517110266155,0.6559317368565923,0.0535,0.28482697426796805,0.09505177678412284,0.06933333333333334,3625,19,stale_features,P2_conf_ens,0.3453793103448276,0.3945
0.38316666666666666,0.6168333333333333,0.2435841670291431,0.3945,0.7634136037177862,0.4786677676851087,0.0535,0.28482697426796805,0.037701274576884825,0.11986666666666668,2299,19,stale_features,P3_conf_ood_gap,0.31665941713788603,0.3945
0.35583333333333333,0.6441666666666667,0.234192037470726,0.3945,0.7887621461765948,0.4500412881915772,0.0535,0.28482697426796805,0.033855320056237106,0.118,2135,19,stale_features,P4_all,0.31475409836065577,0.3945
1.0,0.0,0.385,0.385,0.0,1.0,0.022833333333333334,0.18975069252077562,0.09755171267765733,0.03,6000,19,venue_change,P0_none,0.385,0.385
0.6261666666666666,0.37383333333333335,0.3257918552036199,0.385,0.4701298701298702,0.686449864498645,0.022833333333333334,0.18975069252077562,0.08001415439307481,0.09293333333333335,3757,19,venue_change,P1_conf,0.3257918552036199,0.385
0.5788333333333333,0.4211666666666667,0.31298589116038006,0.385,0.5294372294372294,0.6466124661246613,0.022833333333333334,0.18975069252077562,0.07220736765803874,0.10073333333333333,3473,19,venue_change,P2_conf_ens,0.32191189173625107,0.385
0.6226666666666667,0.3773333333333333,0.3265524625267666,0.385,0.47186147186147187,0.6818428184281843,0.022833333333333334,0.18975069252077562,0.07974983047601611,0.09146666666666665,3736,19,venue_change,P3_conf_ood_gap,0.32574946466809424,0.385
0.5768333333333333,0.4231666666666667,0.3137821438890494,0.385,0.5298701298701298,0.6436314363143631,0.022833333333333334,0.18975069252077562,0.07216269333282702,0.09946666666666668,3461,19,venue_change,P4_all,0.32158335741115285,0.385
