seed,scenario,method,phase,n,acc,brier,logloss,ece,ece_eq,fcr,cwm,hi_conf_rate,turnover,base
6,none,raw,pre,1500,0.564,0.5356546381995844,0.9064463672286956,0.015417546656675442,0.029856751192099875,0.25435540069686413,0.09733333333333333,0.38266666666666665,0.37558372248165445,lr
6,none,raw,post,3000,0.5853333333333334,0.5118751937132412,0.8677219156062065,0.017394301285567827,0.021343746706328125,0.23658352229780802,0.10433333333333333,0.441,0.34411470490163387,lr
6,none,raw,val,3000,0.5613333333333334,0.54219198570844,0.9209896640562564,0.02352867449502661,0.02765130883265101,0.2568218298555377,0.10666666666666667,0.41533333333333333,,lr
6,none,temperature,pre,1500,0.564,0.5364156555244428,0.9066945800307382,0.026774373789870784,0.03430611482679144,0.2381852551984877,0.084,0.3526666666666667,0.37558372248165445,lr
6,none,temperature,post,3000,0.5853333333333334,0.5124814270880337,0.8685749472597039,0.02428319780402371,0.02734874200098964,0.22624798711755234,0.09366666666666666,0.414,0.34411470490163387,lr
6,none,temperature,val,3000,0.5613333333333334,0.5420303849098607,0.9192292977502998,0.02014394604390564,0.028190251290859687,0.25498699045967044,0.098,0.38433333333333336,,lr
6,none,platt,pre,1500,0.564,0.5360534242687642,0.9065418426239165,0.02059573136310277,0.030930344563858226,0.2547993019197208,0.09733333333333333,0.382,0.37558372248165445,lr
6,none,platt,post,3000,0.5853333333333334,0.512379395741639,0.8685998654946718,0.02249922101938995,0.023528840682794816,0.23636363636363636,0.104,0.44,0.34411470490163387,lr
6,none,platt,val,3000,0.5613333333333334,0.5425075031478446,0.9212241741750754,0.028268142850063613,0.02752509896131164,0.255044390637611,0.10533333333333333,0.413,,lr
6,none,beta,pre,1500,0.564,0.5358810576802597,0.9060821858342432,0.020632645694237343,0.0296201042655892,0.2551369863013699,0.09933333333333333,0.3893333333333333,0.37558372248165445,lr
6,none,beta,post,3000,0.5853333333333334,0.5124411165069936,0.8688156680115162,0.021214516209549936,0.024780105388581206,0.23709798055347794,0.10566666666666667,0.44566666666666666,0.34411470490163387,lr
6,none,beta,val,3000,0.5613333333333334,0.5424360457753507,0.9210982247555548,0.02455493100288891,0.026796224022355736,0.2571656050955414,0.10766666666666666,0.4186666666666667,,lr
6,none,isotonic,pre,1500,0.564,0.5368369392820577,0.9076367850500379,0.019934096512876066,0.017093822812651115,0.21321961620469082,0.06666666666666667,0.31266666666666665,0.37558372248165445,lr
6,none,isotonic,post,3000,0.5853333333333334,0.5132547913358206,0.869590317546715,0.021851704779515653,0.025794222041043,0.21133093525179855,0.07833333333333334,0.37066666666666664,0.34411470490163387,lr
6,none,isotonic,val,3000,0.5613333333333334,0.5456389083092117,0.9255163406360295,0.026831767400020134,0.02997099661864237,0.24879459980713597,0.086,0.3456666666666667,,lr
6,none,bayes_bin,pre,1500,0.564,0.5362231231629769,0.9048357027698763,0.02596957324018593,0.041546644385983836,0.21473684210526317,0.068,0.31666666666666665,0.37558372248165445,lr
6,none,bayes_bin,post,3000,0.5853333333333334,0.5145173095579987,0.8728820137297283,0.01901545190333706,0.023610647567131805,0.21179624664879357,0.079,0.373,0.34411470490163387,lr
6,none,bayes_bin,val,3000,0.5613333333333334,0.5448411182205363,0.9245356449406812,0.01501025570436863,0.03169051861751785,0.24808429118773948,0.08633333333333333,0.348,,lr
6,vol_jump,raw,pre,1500,0.564,0.5356546381995844,0.9064463672286956,0.015417546656675442,0.029856751192099875,0.25435540069686413,0.09733333333333333,0.38266666666666665,0.37558372248165445,lr
6,vol_jump,raw,post,3000,0.506,0.6331169454523841,1.116688746170938,0.08078793740529029,0.08416906452399016,0.381708238851096,0.16833333333333333,0.441,0.34411470490163387,lr
6,vol_jump,raw,val,3000,0.5613333333333334,0.54219198570844,0.9209896640562564,0.02352867449502661,0.02765130883265101,0.2568218298555377,0.10666666666666667,0.41533333333333333,,lr
6,vol_jump,temperature,pre,1500,0.564,0.5364156555244428,0.9066945800307382,0.026774373789870784,0.03430611482679144,0.2381852551984877,0.084,0.3526666666666667,0.37558372248165445,lr
6,vol_jump,temperature,post,3000,0.506,0.6293498452783937,1.1013687738889006,0.07305013552930963,0.07403056584696399,0.3752012882447665,0.15533333333333332,0.414,0.34411470490163387,lr
6,vol_jump,temperature,val,3000,0.5613333333333334,0.5420303849098607,0.9192292977502998,0.02014394604390564,0.028190251290859687,0.25498699045967044,0.098,0.38433333333333336,,lr
6,vol_jump,platt,pre,1500,0.564,0.5360534242687642,0.9065418426239165,0.02059573136310277,0.030930344563858226,0.2547993019197208,0.09733333333333333,0.382,0.37558372248165445,lr
6,vol_jump,platt,post,3000,0.506,0.6327889275990249,1.1148099753942722,0.07976714803684143,0.08408335427071319,0.38181818181818183,0.168,0.44,0.34411470490163387,lr
6,vol_jump,platt,val,3000,0.5613333333333334,0.5425075031478446,0.9212241741750754,0.028268142850063613,0.02752509896131164,0.255044390637611,0.10533333333333333,0.413,,lr
6,vol_jump,beta,pre,1500,0.564,0.5358810576802597,0.9060821858342432,0.020632645694237343,0.0296201042655892,0.2551369863013699,0.09933333333333333,0.3893333333333333,0.37558372248165445,lr
6,vol_jump,beta,post,3000,0.506,0.6324960116732146,1.1140150542451754,0.07970356981273982,0.08382296703331728,0.3807030665669409,0.16966666666666666,0.44566666666666666,0.34411470490163387,lr
6,vol_jump,beta,val,3000,0.5613333333333334,0.5424360457753507,0.9210982247555548,0.02455493100288891,0.026796224022355736,0.2571656050955414,0.10766666666666666,0.4186666666666667,,lr
6,vol_jump,isotonic,pre,1500,0.564,0.5368369392820577,0.9076367850500379,0.019934096512876066,0.017093822812651115,0.21321961620469082,0.06666666666666667,0.31266666666666665,0.37558372248165445,lr
6,vol_jump,isotonic,post,3000,0.506,0.6329104242043847,1.1160816730797987,0.08013867356645558,0.08502460785620258,0.36241007194244607,0.13433333333333333,0.37066666666666664,0.34411470490163387,lr
6,vol_jump,isotonic,val,3000,0.5613333333333334,0.5456389083092117,0.9255163406360295,0.026831767400020134,0.02997099661864237,0.24879459980713597,0.086,0.3456666666666667,,lr
6,vol_jump,bayes_bin,pre,1500,0.564,0.5362231231629769,0.9048357027698763,0.02596957324018593,0.041546644385983836,0.21473684210526317,0.068,0.31666666666666665,0.37558372248165445,lr
6,vol_jump,bayes_bin,post,3000,0.506,0.6331329147231104,1.113492871520459,0.07959954883359038,0.0795995488335904,0.36193029490616624,0.135,0.373,0.34411470490163387,lr
6,vol_jump,bayes_bin,val,3000,0.5613333333333334,0.5448411182205363,0.9245356449406812,0.01501025570436863,0.03169051861751785,0.24808429118773948,0.08633333333333333,0.348,,lr
6,regime_transition,raw,pre,1500,0.564,0.5356546381995844,0.9064463672286956,0.015417546656675442,0.029856751192099875,0.25435540069686413,0.09733333333333333,0.38266666666666665,0.37558372248165445,lr
6,regime_transition,raw,post,3000,0.3506666666666667,0.7920642572646236,1.4011280125867858,0.2340598492896864,0.23405984928968637,0.6273620559334845,0.27666666666666667,0.441,0.34411470490163387,lr
6,regime_transition,raw,val,3000,0.5613333333333334,0.54219198570844,0.9209896640562564,0.02352867449502661,0.02765130883265101,0.2568218298555377,0.10666666666666667,0.41533333333333333,,lr
6,regime_transition,temperature,pre,1500,0.564,0.5364156555244428,0.9066945800307382,0.026774373789870784,0.03430611482679144,0.2381852551984877,0.084,0.3526666666666667,0.37558372248165445,lr
6,regime_transition,temperature,post,3000,0.3506666666666667,0.7815203268004544,1.3673307300352262,0.22191010202967545,0.22191010202967548,0.6239935587761675,0.25833333333333336,0.414,0.34411470490163387,lr
6,regime_transition,temperature,val,3000,0.5613333333333334,0.5420303849098607,0.9192292977502998,0.02014394604390564,0.028190251290859687,0.25498699045967044,0.098,0.38433333333333336,,lr
6,regime_transition,platt,pre,1500,0.564,0.5360534242687642,0.9065418426239165,0.02059573136310277,0.030930344563858226,0.2547993019197208,0.09733333333333333,0.382,0.37558372248165445,lr
6,regime_transition,platt,post,3000,0.3506666666666667,0.7902698442423076,1.3942310509150453,0.23510048137017475,0.2351004813701748,0.6265151515151515,0.27566666666666667,0.44,0.34411470490163387,lr
6,regime_transition,platt,val,3000,0.5613333333333334,0.5425075031478446,0.9212241741750754,0.028268142850063613,0.02752509896131164,0.255044390637611,0.10533333333333333,0.413,,lr
6,regime_transition,beta,pre,1500,0.564,0.5358810576802597,0.9060821858342432,0.020632645694237343,0.0296201042655892,0.2551369863013699,0.09933333333333333,0.3893333333333333,0.37558372248165445,lr
6,regime_transition,beta,post,3000,0.3506666666666667,0.7903126103388473,1.392642815548206,0.23503690314607317,0.23503690314607317,0.6260284218399401,0.279,0.44566666666666666,0.34411470490163387,lr
6,regime_transition,beta,val,3000,0.5613333333333334,0.5424360457753507,0.9210982247555548,0.02455493100288891,0.026796224022355736,0.2571656050955414,0.10766666666666666,0.4186666666666667,,lr
6,regime_transition,isotonic,pre,1500,0.564,0.5368369392820577,0.9076367850500379,0.019934096512876066,0.017093822812651115,0.21321961620469082,0.06666666666666667,0.31266666666666665,0.37558372248165445,lr
6,regime_transition,isotonic,post,3000,0.3506666666666667,0.7930524919537493,1.4051807459038166,0.23547200689978887,0.23547200689978895,0.6178057553956835,0.229,0.37066666666666664,0.34411470490163387,lr
6,regime_transition,isotonic,val,3000,0.5613333333333334,0.5456389083092117,0.9255163406360295,0.026831767400020134,0.02997099661864237,0.24879459980713597,0.086,0.3456666666666667,,lr
6,regime_transition,bayes_bin,pre,1500,0.564,0.5362231231629769,0.9048357027698763,0.02596957324018593,0.041546644385983836,0.21473684210526317,0.068,0.31666666666666665,0.37558372248165445,lr
6,regime_transition,bayes_bin,post,3000,0.3506666666666667,0.7882182033592077,1.3832032355700892,0.2349328821669237,0.23493288216692376,0.6184092940125112,0.23066666666666666,0.373,0.34411470490163387,lr
6,regime_transition,bayes_bin,val,3000,0.5613333333333334,0.5448411182205363,0.9245356449406812,0.01501025570436863,0.03169051861751785,0.24808429118773948,0.08633333333333333,0.348,,lr
6,feature_shift,raw,pre,1500,0.564,0.5356546381995844,0.9064463672286956,0.015417546656675442,0.029856751192099875,0.25435540069686413,0.09733333333333333,0.38266666666666665,0.37558372248165445,lr
6,feature_shift,raw,post,3000,0.5283333333333333,0.640744134100687,1.100136796967704,0.18948382831955607,0.18766086487138556,0.4126143476167549,0.2856666666666667,0.6923333333333334,0.22440813604534846,lr
6,feature_shift,raw,val,3000,0.5613333333333334,0.54219198570844,0.9209896640562564,0.02352867449502661,0.02765130883265101,0.2568218298555377,0.10666666666666667,0.41533333333333333,,lr
6,feature_shift,temperature,pre,1500,0.564,0.5364156555244428,0.9066945800307382,0.026774373789870784,0.03430611482679144,0.2381852551984877,0.084,0.3526666666666667,0.37558372248165445,lr
6,feature_shift,temperature,post,3000,0.5283333333333333,0.6309063570949598,1.0739909069486688,0.1751571742083755,0.17292993412438606,0.40997506234413966,0.274,0.6683333333333333,0.22440813604534846,lr
6,feature_shift,temperature,val,3000,0.5613333333333334,0.5420303849098607,0.9192292977502998,0.02014394604390564,0.028190251290859687,0.25498699045967044,0.098,0.38433333333333336,,lr
6,feature_shift,platt,pre,1500,0.564,0.5360534242687642,0.9065418426239165,0.02059573136310277,0.030930344563858226,0.2547993019197208,0.09733333333333333,0.382,0.37558372248165445,lr
6,feature_shift,platt,post,3000,0.5283333333333333,0.6374578202890557,1.0898204210405993,0.1847513531998958,0.1847513531998958,0.4125301204819277,0.2853333333333333,0.6916666666666667,0.22440813604534846,lr
6,feature_shift,platt,val,3000,0.5613333333333334,0.5425075031478446,0.9212241741750754,0.028268142850063613,0.02752509896131164,0.255044390637611,0.10533333333333333,0.413,,lr
6,feature_shift,beta,pre,1500,0.564,0.5358810576802597,0.9060821858342432,0.020632645694237343,0.0296201042655892,0.2551369863013699,0.09933333333333333,0.3893333333333333,0.37558372248165445,lr
6,feature_shift,beta,post,3000,0.5283333333333333,0.6369543393721427,1.0861449473263092,0.18391737156896434,0.18391737156896437,0.4134799235181644,0.28833333333333333,0.6973333333333334,0.22440813604534846,lr
6,feature_shift,beta,val,3000,0.5613333333333334,0.5424360457753507,0.9210982247555548,0.02455493100288891,0.026796224022355736,0.2571656050955414,0.10766666666666666,0.4186666666666667,,lr
6,feature_shift,isotonic,pre,1500,0.564,0.5368369392820577,0.9076367850500379,0.019934096512876066,0.017093822812651115,0.21321961620469082,0.06666666666666667,0.31266666666666665,0.37558372248165445,lr
6,feature_shift,isotonic,post,3000,0.5283333333333333,0.6424061819397505,1.106042999244565,0.18846620671651254,0.18846620671651246,0.4010443864229765,0.256,0.6383333333333333,0.22440813604534846,lr
6,feature_shift,isotonic,val,3000,0.5613333333333334,0.5456389083092117,0.9255163406360295,0.026831767400020134,0.02997099661864237,0.24879459980713597,0.086,0.3456666666666667,,lr
6,feature_shift,bayes_bin,pre,1500,0.564,0.5362231231629769,0.9048357027698763,0.02596957324018593,0.041546644385983836,0.21473684210526317,0.068,0.31666666666666665,0.37558372248165445,lr
6,feature_shift,bayes_bin,post,3000,0.5283333333333333,0.6352597450946615,1.0737810153838032,0.1684406938612584,0.1684406938612584,0.4016649323621228,0.25733333333333336,0.6406666666666667,0.22440813604534846,lr
6,feature_shift,bayes_bin,val,3000,0.5613333333333334,0.5448411182205363,0.9245356449406812,0.01501025570436863,0.03169051861751785,0.24808429118773948,0.08633333333333333,0.348,,lr
6,missing_features,raw,pre,1500,0.564,0.5356546381995844,0.9064463672286956,0.015417546656675442,0.029856751192099875,0.25435540069686413,0.09733333333333333,0.38266666666666665,0.37558372248165445,lr
6,missing_features,raw,post,3000,0.5083333333333333,0.578134174946529,0.9694790663525448,0.024250287371764753,0.026588924771390108,0.26805385556915545,0.073,0.2723333333333333,0.5258419473157719,lr
6,missing_features,raw,val,3000,0.5613333333333334,0.54219198570844,0.9209896640562564,0.02352867449502661,0.02765130883265101,0.2568218298555377,0.10666666666666667,0.41533333333333333,,lr
6,missing_features,temperature,pre,1500,0.564,0.5364156555244428,0.9066945800307382,0.026774373789870784,0.03430611482679144,0.2381852551984877,0.084,0.3526666666666667,0.37558372248165445,lr
6,missing_features,temperature,post,3000,0.5083333333333333,0.578072771342216,0.968753156500912,0.031616552069772,0.02880809413315872,0.26517150395778366,0.067,0.25266666666666665,0.5258419473157719,lr
6,missing_features,temperature,val,3000,0.5613333333333334,0.5420303849098607,0.9192292977502998,0.02014394604390564,0.028190251290859687,0.25498699045967044,0.098,0.38433333333333336,,lr
6,missing_features,platt,pre,1500,0.564,0.5360534242687642,0.9065418426239165,0.02059573136310277,0.030930344563858226,0.2547993019197208,0.09733333333333333,0.382,0.37558372248165445,lr
6,missing_features,platt,post,3000,0.5083333333333333,0.5786749887198809,0.9703484870358224,0.026368429342362238,0.02951380053560147,0.26838235294117646,0.073,0.272,0.5258419473157719,lr
6,missing_features,platt,val,3000,0.5613333333333334,0.5425075031478446,0.9212241741750754,0.028268142850063613,0.02752509896131164,0.255044390637611,0.10533333333333333,0.413,,lr
6,missing_features,beta,pre,1500,0.564,0.5358810576802597,0.9060821858342432,0.020632645694237343,0.0296201042655892,0.2551369863013699,0.09933333333333333,0.3893333333333333,0.37558372248165445,lr
6,missing_features,beta,post,3000,0.5083333333333333,0.578492261553989,0.9701744453474345,0.02575174149121457,0.02840082702127346,0.2677925211097708,0.074,0.2763333333333333,0.5258419473157719,lr
6,missing_features,beta,val,3000,0.5613333333333334,0.5424360457753507,0.9210982247555548,0.02455493100288891,0.026796224022355736,0.2571656050955414,0.10766666666666666,0.4186666666666667,,lr
6,missing_features,isotonic,pre,1500,0.564,0.5368369392820577,0.9076367850500379,0.019934096512876066,0.017093822812651115,0.21321961620469082,0.06666666666666667,0.31266666666666665,0.37558372248165445,lr
6,missing_features,isotonic,post,3000,0.5083333333333333,0.5798927084224917,0.9721463158888485,0.019676913579762777,0.025756203570325525,0.24461538461538462,0.053,0.21666666666666667,0.5258419473157719,lr
6,missing_features,isotonic,val,3000,0.5613333333333334,0.5456389083092117,0.9255163406360295,0.026831767400020134,0.02997099661864237,0.24879459980713597,0.086,0.3456666666666667,,lr
6,missing_features,bayes_bin,pre,1500,0.564,0.5362231231629769,0.9048357027698763,0.02596957324018593,0.041546644385983836,0.21473684210526317,0.068,0.31666666666666665,0.37558372248165445,lr
6,missing_features,bayes_bin,post,3000,0.5083333333333333,0.5801545429469497,0.9732472305270827,0.032381990299597554,0.03441927467301684,0.2496194824961948,0.05466666666666667,0.219,0.5258419473157719,lr
6,missing_features,bayes_bin,val,3000,0.5613333333333334,0.5448411182205363,0.9245356449406812,0.01501025570436863,0.03169051861751785,0.24808429118773948,0.08633333333333333,0.348,,lr
6,stale_features,raw,pre,1500,0.564,0.5356546381995844,0.9064463672286956,0.015417546656675442,0.029856751192099875,0.25435540069686413,0.09733333333333333,0.38266666666666665,0.37558372248165445,lr
6,stale_features,raw,post,3000,0.443,0.6975912593674234,1.217497204648826,0.14106886038191505,0.14297640497098116,0.48757763975155277,0.20933333333333334,0.42933333333333334,0.09536512170723574,lr
6,stale_features,raw,val,3000,0.5613333333333334,0.54219198570844,0.9209896640562564,0.02352867449502661,0.02765130883265101,0.2568218298555377,0.10666666666666667,0.41533333333333333,,lr
6,stale_features,temperature,pre,1500,0.564,0.5364156555244428,0.9066945800307382,0.026774373789870784,0.03430611482679144,0.2381852551984877,0.084,0.3526666666666667,0.37558372248165445,lr
6,stale_features,temperature,post,3000,0.443,0.6908075145402757,1.195613703209192,0.12900334408988992,0.13205337013874974,0.48677685950413224,0.19633333333333333,0.4033333333333333,0.09536512170723574,lr
6,stale_features,temperature,val,3000,0.5613333333333334,0.5420303849098607,0.9192292977502998,0.02014394604390564,0.028190251290859687,0.25498699045967044,0.098,0.38433333333333336,,lr
6,stale_features,platt,pre,1500,0.564,0.5360534242687642,0.9065418426239165,0.02059573136310277,0.030930344563858226,0.2547993019197208,0.09733333333333333,0.382,0.37558372248165445,lr
6,stale_features,platt,post,3000,0.443,0.6960449909139285,1.2126396097664185,0.1421646252899522,0.14239462121622254,0.4875,0.208,0.4266666666666667,0.09536512170723574,lr
6,stale_features,platt,val,3000,0.5613333333333334,0.5425075031478446,0.9212241741750754,0.028268142850063613,0.02752509896131164,0.255044390637611,0.10533333333333333,0.413,,lr
6,stale_features,beta,pre,1500,0.564,0.5358810576802597,0.9060821858342432,0.020632645694237343,0.0296201042655892,0.2551369863013699,0.09933333333333333,0.3893333333333333,0.37558372248165445,lr
6,stale_features,beta,post,3000,0.443,0.6960688583590144,1.2116962124874733,0.1420770640186496,0.1425933502055956,0.48882035466461066,0.21133333333333335,0.43233333333333335,0.09536512170723574,lr
6,stale_features,beta,val,3000,0.5613333333333334,0.5424360457753507,0.9210982247555548,0.02455493100288891,0.026796224022355736,0.2571656050955414,0.10766666666666666,0.4186666666666667,,lr
6,stale_features,isotonic,pre,1500,0.564,0.5368369392820577,0.9076367850500379,0.019934096512876066,0.017093822812651115,0.21321961620469082,0.06666666666666667,0.31266666666666665,0.37558372248165445,lr
6,stale_features,isotonic,post,3000,0.443,0.6990925637577055,1.221384825839615,0.1416045791844699,0.1416045791844699,0.4805914972273567,0.17333333333333334,0.3606666666666667,0.09536512170723574,lr
6,stale_features,isotonic,val,3000,0.5613333333333334,0.5456389083092117,0.9255163406360295,0.026831767400020134,0.02997099661864237,0.24879459980713597,0.086,0.3456666666666667,,lr
6,stale_features,bayes_bin,pre,1500,0.564,0.5362231231629769,0.9048357027698763,0.02596957324018593,0.041546644385983836,0.21473684210526317,0.068,0.31666666666666665,0.37558372248165445,lr
6,stale_features,bayes_bin,post,3000,0.443,0.696926852364117,1.209863983789138,0.14034260073983773,0.1460058993362619,0.4806985294117647,0.17433333333333334,0.3626666666666667,0.09536512170723574,lr
6,stale_features,bayes_bin,val,3000,0.5613333333333334,0.5448411182205363,0.9245356449406812,0.01501025570436863,0.03169051861751785,0.24808429118773948,0.08633333333333333,0.348,,lr
6,venue_change,raw,pre,1500,0.564,0.5356546381995844,0.9064463672286956,0.015417546656675442,0.029856751192099875,0.25435540069686413,0.09733333333333333,0.38266666666666665,0.37558372248165445,lr
6,venue_change,raw,post,3000,0.47633333333333333,0.644944053008383,1.1043636339584595,0.12883843559438424,0.12883843559438424,0.4266851980542043,0.20466666666666666,0.4796666666666667,0.46115371790596865,lr
6,venue_change,raw,val,3000,0.5613333333333334,0.54219198570844,0.9209896640562564,0.02352867449502661,0.02765130883265101,0.2568218298555377,0.10666666666666667,0.41533333333333333,,lr
6,venue_change,temperature,pre,1500,0.564,0.5364156555244428,0.9066945800307382,0.026774373789870784,0.03430611482679144,0.2381852551984877,0.084,0.3526666666666667,0.37558372248165445,lr
6,venue_change,temperature,post,3000,0.47633333333333333,0.639006540042693,1.0882372270825031,0.11604112278221865,0.11604112278221862,0.4190687361419069,0.189,0.451,0.46115371790596865,lr
6,venue_change,temperature,val,3000,0.5613333333333334,0.5420303849098607,0.9192292977502998,0.02014394604390564,0.028190251290859687,0.25498699045967044,0.098,0.38433333333333336,,lr
6,venue_change,platt,pre,1500,0.564,0.5360534242687642,0.9065418426239165,0.02059573136310277,0.030930344563858226,0.2547993019197208,0.09733333333333333,0.382,0.37558372248165445,lr
6,venue_change,platt,post,3000,0.47633333333333333,0.643934140783694,1.1011962038653689,0.12912053472293256,0.1291205347229325,0.4259776536312849,0.20333333333333334,0.47733333333333333,0.46115371790596865,lr
6,venue_change,platt,val,3000,0.5613333333333334,0.5425075031478446,0.9212241741750754,0.028268142850063613,0.02752509896131164,0.255044390637611,0.10533333333333333,0.413,,lr
6,venue_change,beta,pre,1500,0.564,0.5358810576802597,0.9060821858342432,0.020632645694237343,0.0296201042655892,0.2551369863013699,0.09933333333333333,0.3893333333333333,0.37558372248165445,lr
6,venue_change,beta,post,3000,0.47633333333333333,0.6439709962662614,1.100791158296247,0.1290046481213671,0.12900464812136708,0.42572214580467677,0.20633333333333334,0.4846666666666667,0.46115371790596865,lr
6,venue_change,beta,val,3000,0.5613333333333334,0.5424360457753507,0.9210982247555548,0.02455493100288891,0.026796224022355736,0.2571656050955414,0.10766666666666666,0.4186666666666667,,lr
6,venue_change,isotonic,pre,1500,0.564,0.5368369392820577,0.9076367850500379,0.019934096512876066,0.017093822812651115,0.21321961620469082,0.06666666666666667,0.31266666666666665,0.37558372248165445,lr
6,venue_change,isotonic,post,3000,0.47633333333333333,0.6467617829146614,1.1072601502338055,0.1298035397440458,0.1302137922007788,0.40963855421686746,0.17,0.415,0.46115371790596865,lr
6,venue_change,isotonic,val,3000,0.5613333333333334,0.5456389083092117,0.9255163406360295,0.026831767400020134,0.02997099661864237,0.24879459980713597,0.086,0.3456666666666667,,lr
6,venue_change,bayes_bin,pre,1500,0.564,0.5362231231629769,0.9048357027698763,0.02596957324018593,0.041546644385983836,0.21473684210526317,0.068,0.31666666666666665,0.37558372248165445,lr
6,venue_change,bayes_bin,post,3000,0.47633333333333333,0.6457837704620775,1.102668665058023,0.12783130947406313,0.12783130947406307,0.4098883572567783,0.17133333333333334,0.418,0.46115371790596865,lr
6,venue_change,bayes_bin,val,3000,0.5613333333333334,0.5448411182205363,0.9245356449406812,0.01501025570436863,0.03169051861751785,0.24808429118773948,0.08633333333333333,0.348,,lr
6,rare_cluster,raw,pre,1500,0.564,0.5356546381995844,0.9064463672286956,0.015417546656675442,0.029856751192099875,0.25435540069686413,0.09733333333333333,0.38266666666666665,0.37558372248165445,lr
6,rare_cluster,raw,post,3000,0.552,0.5536386569186987,0.9488973221462781,0.03515803317892217,0.03563178607735616,0.2923191648023863,0.13066666666666665,0.447,0.34378126042014007,lr
6,rare_cluster,raw,val,3000,0.5613333333333334,0.54219198570844,0.9209896640562564,0.02352867449502661,0.02765130883265101,0.2568218298555377,0.10666666666666667,0.41533333333333333,,lr
6,rare_cluster,temperature,pre,1500,0.564,0.5364156555244428,0.9066945800307382,0.026774373789870784,0.03430611482679144,0.2381852551984877,0.084,0.3526666666666667,0.37558372248165445,lr
6,rare_cluster,temperature,post,3000,0.552,0.5525261158088703,0.9443633807168654,0.022870372947637142,0.025799210786163713,0.2854877081681205,0.12,0.42033333333333334,0.34378126042014007,lr
6,rare_cluster,temperature,val,3000,0.5613333333333334,0.5420303849098607,0.9192292977502998,0.02014394604390564,0.028190251290859687,0.25498699045967044,0.098,0.38433333333333336,,lr
6,rare_cluster,platt,pre,1500,0.564,0.5360534242687642,0.9065418426239165,0.02059573136310277,0.030930344563858226,0.2547993019197208,0.09733333333333333,0.382,0.37558372248165445,lr
6,rare_cluster,platt,post,3000,0.552,0.5538095496768893,0.9485264873512139,0.036498425886597546,0.03609122613349748,0.292755787901419,0.13066666666666665,0.44633333333333336,0.34378126042014007,lr
6,rare_cluster,platt,val,3000,0.5613333333333334,0.5425075031478446,0.9212241741750754,0.028268142850063613,0.02752509896131164,0.255044390637611,0.10533333333333333,0.413,,lr
6,rare_cluster,beta,pre,1500,0.564,0.5358810576802597,0.9060821858342432,0.020632645694237343,0.0296201042655892,0.2551369863013699,0.09933333333333333,0.3893333333333333,0.37558372248165445,lr
6,rare_cluster,beta,post,3000,0.552,0.5538729900770692,0.9484195478893656,0.03606027356063289,0.036060273560632884,0.2932940309506264,0.13266666666666665,0.4523333333333333,0.34378126042014007,lr
6,rare_cluster,beta,val,3000,0.5613333333333334,0.5424360457753507,0.9210982247555548,0.02455493100288891,0.026796224022355736,0.2571656050955414,0.10766666666666666,0.4186666666666667,,lr
6,rare_cluster,isotonic,pre,1500,0.564,0.5368369392820577,0.9076367850500379,0.019934096512876066,0.017093822812651115,0.21321961620469082,0.06666666666666667,0.31266666666666665,0.37558372248165445,lr
6,rare_cluster,isotonic,post,3000,0.552,0.555227994351362,0.9513023483918877,0.03817902255284081,0.03817902255284082,0.2743362831858407,0.10333333333333333,0.37666666666666665,0.34378126042014007,lr
6,rare_cluster,isotonic,val,3000,0.5613333333333334,0.5456389083092117,0.9255163406360295,0.026831767400020134,0.02997099661864237,0.24879459980713597,0.086,0.3456666666666667,,lr
6,rare_cluster,bayes_bin,pre,1500,0.564,0.5362231231629769,0.9048357027698763,0.02596957324018593,0.041546644385983836,0.21473684210526317,0.068,0.31666666666666665,0.37558372248165445,lr
6,rare_cluster,bayes_bin,post,3000,0.552,0.5560919833395354,0.9513197778539555,0.036044635449700935,0.0365492318770995,0.2750439367311072,0.10433333333333333,0.37933333333333336,0.34378126042014007,lr
6,rare_cluster,bayes_bin,val,3000,0.5613333333333334,0.5448411182205363,0.9245356449406812,0.01501025570436863,0.03169051861751785,0.24808429118773948,0.08633333333333333,0.348,,lr
6,none,raw,pre,1500,0.5326666666666666,0.6770780610844681,1.278357940962027,0.24540704646306039,0.24444252993313317,0.43386689132266215,0.3433333333333333,0.7913333333333333,0.5103402268178786,gbm
6,none,raw,post,3000,0.538,0.6706835219949165,1.317318433566377,0.2437239724803244,0.24372397248032437,0.41702127659574467,0.32666666666666666,0.7833333333333333,0.47582527509169725,gbm
6,none,raw,val,3000,0.516,0.7006517882184644,1.3759650569657516,0.26094790559844633,0.26094790559844633,0.4538101319710515,0.35533333333333333,0.783,,gbm
6,none,temperature,pre,1500,0.5326666666666666,0.5702701196685175,0.9515583932802404,0.029877923919065155,0.03367048174134278,0.2729528535980149,0.07333333333333333,0.26866666666666666,0.5103402268178786,gbm
6,none,temperature,post,3000,0.538,0.5653987470963839,0.9498966086688564,0.015999328608759585,0.021419309265784628,0.2689265536723164,0.07933333333333334,0.295,0.47582527509169725,gbm
6,none,temperature,val,3000,0.516,0.5820855190357879,0.9756733815161973,0.03807264220243059,0.03283436497552782,0.26941747572815533,0.074,0.27466666666666667,,gbm
6,none,platt,pre,1500,0.5326666666666666,0.6312776740842782,1.2890929042519483,0.1396357335850752,0.13952265652109686,0.34818941504178275,0.16666666666666666,0.4786666666666667,0.5103402268178786,gbm
6,none,platt,post,3000,0.538,0.631581416026812,1.3420091092457809,0.14038216834369865,0.13919579558627584,0.34489659773182124,0.17233333333333334,0.49966666666666665,0.47582527509169725,gbm
6,none,platt,val,3000,0.516,0.6535216793848294,1.3866806368661049,0.15302837726547164,0.15387481155209248,0.37830319888734354,0.18133333333333335,0.47933333333333333,,gbm
6,none,beta,pre,1500,0.5326666666666666,0.5832581259488788,0.9982679645928885,0.02131670445991274,0.02277537995736312,0.27951807228915665,0.07733333333333334,0.27666666666666667,0.5103402268178786,gbm
6,none,beta,post,3000,0.538,0.5845458892383533,1.0353775629355437,0.026115910391738655,0.02109483424163815,0.27628635346756153,0.08233333333333333,0.298,0.47582527509169725,gbm
6,none,beta,val,3000,0.516,0.6011366422459763,1.0629228340737116,0.033882715348818225,0.03852575017885812,0.28136419001218027,0.077,0.27366666666666667,,gbm
6,none,isotonic,pre,1500,0.5326666666666666,0.5825046945165143,0.9977581694503841,0.018300576532012346,0.0330530871911716,0.2780487804878049,0.076,0.2733333333333333,0.5103402268178786,gbm
6,none,isotonic,post,3000,0.538,0.5851825824010749,1.0364573479902923,0.027949624506150083,0.021000340679646567,0.27601809954751133,0.08133333333333333,0.2946666666666667,0.47582527509169725,gbm
6,none,isotonic,val,3000,0.516,0.600895261475931,1.0623778440677047,0.03309429605627376,0.03560954085988133,0.2786683107274969,0.07533333333333334,0.2703333333333333,,gbm
6,none,bayes_bin,pre,1500,0.5326666666666666,0.5815108178043528,0.9967345564880971,0.017513726313331996,0.024840550574744838,0.25609756097560976,0.056,0.21866666666666668,0.5103402268178786,gbm
6,none,bayes_bin,post,3000,0.538,0.5861162449017696,1.03855218270686,0.028969902928899293,0.033398384347499845,0.25679347826086957,0.063,0.24533333333333332,0.47582527509169725,gbm
6,none,bayes_bin,val,3000,0.516,0.6004014903280012,1.0609494505502544,0.030215254584637568,0.030215254584637502,0.2552552552552553,0.056666666666666664,0.222,,gbm
6,vol_jump,raw,pre,1500,0.5326666666666666,0.6770780610844681,1.278357940962027,0.24540704646306039,0.24444252993313317,0.43386689132266215,0.3433333333333333,0.7913333333333333,0.5103402268178786,gbm
6,vol_jump,raw,post,3000,0.4663333333333333,0.8038908440237543,1.760098812581912,0.3155684371414196,0.315390639146991,0.5085106382978724,0.3983333333333333,0.7833333333333333,0.47582527509169725,gbm
6,vol_jump,raw,val,3000,0.516,0.7006517882184644,1.3759650569657516,0.26094790559844633,0.26094790559844633,0.4538101319710515,0.35533333333333333,0.783,,gbm
6,vol_jump,temperature,pre,1500,0.5326666666666666,0.5702701196685175,0.9515583932802404,0.029877923919065155,0.03367048174134278,0.2729528535980149,0.07333333333333333,0.26866666666666666,0.5103402268178786,gbm
6,vol_jump,temperature,post,3000,0.4663333333333333,0.6426661663122494,1.0832755187916159,0.07756789364107611,0.07756789364107611,0.392090395480226,0.11566666666666667,0.295,0.47582527509169725,gbm
6,vol_jump,temperature,val,3000,0.516,0.5820855190357879,0.9756733815161973,0.03807264220243059,0.03283436497552782,0.26941747572815533,0.074,0.27466666666666667,,gbm
6,vol_jump,platt,pre,1500,0.5326666666666666,0.6312776740842782,1.2890929042519483,0.1396357335850752,0.13952265652109686,0.34818941504178275,0.16666666666666666,0.4786666666666667,0.5103402268178786,gbm
6,vol_jump,platt,post,3000,0.4663333333333333,0.756231696528196,1.8310708138218963,0.21086246225294253,0.2108624622529425,0.447631754503002,0.22366666666666668,0.49966666666666665,0.47582527509169725,gbm
6,vol_jump,platt,val,3000,0.516,0.6535216793848294,1.3866806368661049,0.15302837726547164,0.15387481155209248,0.37830319888734354,0.18133333333333335,0.47933333333333333,,gbm
6,vol_jump,beta,pre,1500,0.5326666666666666,0.5832581259488788,0.9982679645928885,0.02131670445991274,0.02277537995736312,0.27951807228915665,0.07733333333333334,0.27666666666666667,0.5103402268178786,gbm
6,vol_jump,beta,post,3000,0.4663333333333333,0.680751041051809,1.3006207191342256,0.08645996655458874,0.08645996655458879,0.3959731543624161,0.118,0.298,0.47582527509169725,gbm
6,vol_jump,beta,val,3000,0.516,0.6011366422459763,1.0629228340737116,0.033882715348818225,0.03852575017885812,0.28136419001218027,0.077,0.27366666666666667,,gbm
6,vol_jump,isotonic,pre,1500,0.5326666666666666,0.5825046945165143,0.9977581694503841,0.018300576532012346,0.0330530871911716,0.2780487804878049,0.076,0.2733333333333333,0.5103402268178786,gbm
6,vol_jump,isotonic,post,3000,0.4663333333333333,0.6811721758065734,1.301039038797044,0.08864750011989972,0.0886475001198997,0.3947963800904977,0.11633333333333333,0.2946666666666667,0.47582527509169725,gbm
6,vol_jump,isotonic,val,3000,0.516,0.600895261475931,1.0623778440677047,0.03309429605627376,0.03560954085988133,0.2786683107274969,0.07533333333333334,0.2703333333333333,,gbm
6,vol_jump,bayes_bin,pre,1500,0.5326666666666666,0.5815108178043528,0.9967345564880971,0.017513726313331996,0.024840550574744838,0.25609756097560976,0.056,0.21866666666666668,0.5103402268178786,gbm
6,vol_jump,bayes_bin,post,3000,0.4663333333333333,0.6808681810341777,1.2984249526200644,0.08635008950722389,0.08635008950722389,0.37907608695652173,0.093,0.24533333333333332,0.47582527509169725,gbm
6,vol_jump,bayes_bin,val,3000,0.516,0.6004014903280012,1.0609494505502544,0.030215254584637568,0.030215254584637502,0.2552552552552553,0.056666666666666664,0.222,,gbm
6,regime_transition,raw,pre,1500,0.5326666666666666,0.6770780610844681,1.278357940962027,0.24540704646306039,0.24444252993313317,0.43386689132266215,0.3433333333333333,0.7913333333333333,0.5103402268178786,gbm
6,regime_transition,raw,post,3000,0.36633333333333334,0.9830792569128294,2.314258293556563,0.41539063914699104,0.41539063914699104,0.6319148936170212,0.495,0.7833333333333333,0.47582527509169725,gbm
6,regime_transition,raw,val,3000,0.516,0.7006517882184644,1.3759650569657516,0.26094790559844633,0.26094790559844633,0.4538101319710515,0.35533333333333333,0.783,,gbm
6,regime_transition,temperature,pre,1500,0.5326666666666666,0.5702701196685175,0.9515583932802404,0.029877923919065155,0.03367048174134278,0.2729528535980149,0.07333333333333333,0.26866666666666666,0.5103402268178786,gbm
6,regime_transition,temperature,post,3000,0.36633333333333334,0.7469437731786311,1.250205200208235,0.1794777065946509,0.18078608355094916,0.6214689265536724,0.18333333333333332,0.295,0.47582527509169725,gbm
6,regime_transition,temperature,val,3000,0.516,0.5820855190357879,0.9756733815161973,0.03807264220243059,0.03283436497552782,0.26941747572815533,0.074,0.27466666666666667,,gbm
6,regime_transition,platt,pre,1500,0.5326666666666666,0.6312776740842782,1.2890929042519483,0.1396357335850752,0.13952265652109686,0.34818941504178275,0.16666666666666666,0.4786666666666667,0.5103402268178786,gbm
6,regime_transition,platt,post,3000,0.36633333333333334,0.9232643732151706,2.518850957041829,0.31086246225294256,0.31086246225294245,0.6177451634422949,0.30866666666666664,0.49966666666666665,0.47582527509169725,gbm
6,regime_transition,platt,val,3000,0.516,0.6535216793848294,1.3866806368661049,0.15302837726547164,0.15387481155209248,0.37830319888734354,0.18133333333333335,0.47933333333333333,,gbm
6,regime_transition,beta,pre,1500,0.5326666666666666,0.5832581259488788,0.9982679645928885,0.02131670445991274,0.02277537995736312,0.27951807228915665,0.07733333333333334,0.27666666666666667,0.5103402268178786,gbm
6,regime_transition,beta,post,3000,0.36633333333333334,0.7900039597708964,1.56150302769781,0.18645996655458877,0.1864599665545888,0.6208053691275168,0.185,0.298,0.47582527509169725,gbm
6,regime_transition,beta,val,3000,0.516,0.6011366422459763,1.0629228340737116,0.033882715348818225,0.03852575017885812,0.28136419001218027,0.077,0.27366666666666667,,gbm
6,regime_transition,isotonic,pre,1500,0.5326666666666666,0.5825046945165143,0.9977581694503841,0.018300576532012346,0.0330530871911716,0.2780487804878049,0.076,0.2733333333333333,0.5103402268178786,gbm
6,regime_transition,isotonic,post,3000,0.36633333333333334,0.7927637275643026,1.564542160617977,0.18864750011989972,0.1886475001198997,0.6210407239819005,0.183,0.2946666666666667,0.47582527509169725,gbm
6,regime_transition,isotonic,val,3000,0.516,0.600895261475931,1.0623778440677047,0.03309429605627376,0.03560954085988133,0.2786683107274969,0.07533333333333334,0.2703333333333333,,gbm
6,regime_transition,bayes_bin,pre,1500,0.5326666666666666,0.5815108178043528,0.9967345564880971,0.017513726313331996,0.024840550574744838,0.25609756097560976,0.056,0.21866666666666668,0.5103402268178786,gbm
6,regime_transition,bayes_bin,post,3000,0.36633333333333334,0.7881234036717283,1.5502263017635647,0.18635008950722387,0.18635008950722393,0.6222826086956522,0.15266666666666667,0.24533333333333332,0.47582527509169725,gbm
6,regime_transition,bayes_bin,val,3000,0.516,0.6004014903280012,1.0609494505502544,0.030215254584637568,0.030215254584637502,0.2552552552552553,0.056666666666666664,0.222,,gbm
6,feature_shift,raw,pre,1500,0.5326666666666666,0.6770780610844681,1.278357940962027,0.24540704646306039,0.24444252993313317,0.43386689132266215,0.3433333333333333,0.7913333333333333,0.5103402268178786,gbm
6,feature_shift,raw,post,3000,0.389,0.9455360086454008,2.1820813807281465,0.4145052219486137,0.4145052219486138,0.5932339911397503,0.491,0.8276666666666667,0.4534844948316105,gbm
6,feature_shift,raw,val,3000,0.516,0.7006517882184644,1.3759650569657516,0.26094790559844633,0.26094790559844633,0.4538101319710515,0.35533333333333333,0.783,,gbm
6,feature_shift,temperature,pre,1500,0.5326666666666666,0.5702701196685175,0.9515583932802404,0.029877923919065155,0.03367048174134278,0.2729528535980149,0.07333333333333333,0.26866666666666666,0.5103402268178786,gbm
6,feature_shift,temperature,post,3000,0.389,0.7087594575445757,1.1861500706587278,0.17187209809781615,0.17187209809781617,0.510164569215876,0.17566666666666667,0.3443333333333333,0.4534844948316105,gbm
6,feature_shift,temperature,val,3000,0.516,0.5820855190357879,0.9756733815161973,0.03807264220243059,0.03283436497552782,0.26941747572815533,0.074,0.27466666666666667,,gbm
6,feature_shift,platt,pre,1500,0.5326666666666666,0.6312776740842782,1.2890929042519483,0.1396357335850752,0.13952265652109686,0.34818941504178275,0.16666666666666666,0.4786666666666667,0.5103402268178786,gbm
6,feature_shift,platt,post,3000,0.389,0.8859286311861722,2.304675630212111,0.31832293926802946,0.31832293926802946,0.5613608748481167,0.308,0.5486666666666666,0.4534844948316105,gbm
6,feature_shift,platt,val,3000,0.516,0.6535216793848294,1.3866806368661049,0.15302837726547164,0.15387481155209248,0.37830319888734354,0.18133333333333335,0.47933333333333333,,gbm
6,feature_shift,beta,pre,1500,0.5326666666666666,0.5832581259488788,0.9982679645928885,0.02131670445991274,0.02277537995736312,0.27951807228915665,0.07733333333333334,0.27666666666666667,0.5103402268178786,gbm
6,feature_shift,beta,post,3000,0.389,0.7506101144364369,1.5061404497562114,0.178552876981773,0.17855287698177305,0.5150905432595574,0.17066666666666666,0.3313333333333333,0.4534844948316105,gbm
6,feature_shift,beta,val,3000,0.516,0.6011366422459763,1.0629228340737116,0.033882715348818225,0.03852575017885812,0.28136419001218027,0.077,0.27366666666666667,,gbm
6,feature_shift,isotonic,pre,1500,0.5326666666666666,0.5825046945165143,0.9977581694503841,0.018300576532012346,0.0330530871911716,0.2780487804878049,0.076,0.2733333333333333,0.5103402268178786,gbm
6,feature_shift,isotonic,post,3000,0.389,0.7540874263606157,1.5128108523844266,0.18201097037998137,0.18201097037998137,0.5152129817444219,0.16933333333333334,0.32866666666666666,0.4534844948316105,gbm
6,feature_shift,isotonic,val,3000,0.516,0.600895261475931,1.0623778440677047,0.03309429605627376,0.03560954085988133,0.2786683107274969,0.07533333333333334,0.2703333333333333,,gbm
6,feature_shift,bayes_bin,pre,1500,0.5326666666666666,0.5815108178043528,0.9967345564880971,0.017513726313331996,0.024840550574744838,0.25609756097560976,0.056,0.21866666666666668,0.5103402268178786,gbm
6,feature_shift,bayes_bin,post,3000,0.389,0.7523221175407844,1.5080615484192488,0.17960375645133891,0.17960375645133891,0.5011961722488039,0.13966666666666666,0.2786666666666667,0.4534844948316105,gbm
6,feature_shift,bayes_bin,val,3000,0.516,0.6004014903280012,1.0609494505502544,0.030215254584637568,0.030215254584637502,0.2552552552552553,0.056666666666666664,0.222,,gbm
6,missing_features,raw,pre,1500,0.5326666666666666,0.6770780610844681,1.278357940962027,0.24540704646306039,0.24444252993313317,0.43386689132266215,0.3433333333333333,0.7913333333333333,0.5103402268178786,gbm
6,missing_features,raw,post,3000,0.465,0.7678624822046565,1.4937185413554877,0.2908017364492135,0.2908017364492135,0.5029056772463121,0.375,0.7456666666666667,0.5615205068356118,gbm
6,missing_features,raw,val,3000,0.516,0.7006517882184644,1.3759650569657516,0.26094790559844633,0.26094790559844633,0.4538101319710515,0.35533333333333333,0.783,,gbm
6,missing_features,temperature,pre,1500,0.5326666666666666,0.5702701196685175,0.9515583932802404,0.029877923919065155,0.03367048174134278,0.2729528535980149,0.07333333333333333,0.26866666666666666,0.5103402268178786,gbm
6,missing_features,temperature,post,3000,0.465,0.6227520402563469,1.0370177238230684,0.05355719270313395,0.05309257926493008,0.36607142857142855,0.082,0.224,0.5615205068356118,gbm
6,missing_features,temperature,val,3000,0.516,0.5820855190357879,0.9756733815161973,0.03807264220243059,0.03283436497552782,0.26941747572815533,0.074,0.27466666666666667,,gbm
6,missing_features,platt,pre,1500,0.5326666666666666,0.6312776740842782,1.2890929042519483,0.1396357335850752,0.13952265652109686,0.34818941504178275,0.16666666666666666,0.4786666666666667,0.5103402268178786,gbm
6,missing_features,platt,post,3000,0.465,0.7136516764906763,1.483869377124143,0.17567640745105287,0.17567640745105284,0.43521341463414637,0.19033333333333333,0.43733333333333335,0.5615205068356118,gbm
6,missing_features,platt,val,3000,0.516,0.6535216793848294,1.3866806368661049,0.15302837726547164,0.15387481155209248,0.37830319888734354,0.18133333333333335,0.47933333333333333,,gbm
6,missing_features,beta,pre,1500,0.5326666666666666,0.5832581259488788,0.9982679645928885,0.02131670445991274,0.02277537995736312,0.27951807228915665,0.07733333333333334,0.27666666666666667,0.5103402268178786,gbm
6,missing_features,beta,post,3000,0.465,0.6469443343040632,1.1475519232252274,0.06223318500978329,0.06223318500978335,0.3805436337625179,0.08866666666666667,0.233,0.5615205068356118,gbm
6,missing_features,beta,val,3000,0.516,0.6011366422459763,1.0629228340737116,0.033882715348818225,0.03852575017885812,0.28136419001218027,0.077,0.27366666666666667,,gbm
6,missing_features,isotonic,pre,1500,0.5326666666666666,0.5825046945165143,0.9977581694503841,0.018300576532012346,0.0330530871911716,0.2780487804878049,0.076,0.2733333333333333,0.5103402268178786,gbm
6,missing_features,isotonic,post,3000,0.465,0.6475140005660937,1.1493752413230827,0.06404101262254018,0.06404101262254024,0.38205499276411,0.088,0.23033333333333333,0.5615205068356118,gbm
6,missing_features,isotonic,val,3000,0.516,0.600895261475931,1.0623778440677047,0.03309429605627376,0.03560954085988133,0.2786683107274969,0.07533333333333334,0.2703333333333333,,gbm
6,missing_features,bayes_bin,pre,1500,0.5326666666666666,0.5815108178043528,0.9967345564880971,0.017513726313331996,0.024840550574744838,0.25609756097560976,0.056,0.21866666666666668,0.5103402268178786,gbm
6,missing_features,bayes_bin,post,3000,0.465,0.6485949448018407,1.1507399436998749,0.06523576069370356,0.06409308722817653,0.35125448028673834,0.06533333333333333,0.186,0.5615205068356118,gbm
6,missing_features,bayes_bin,val,3000,0.516,0.6004014903280012,1.0609494505502544,0.030215254584637568,0.030215254584637502,0.2552552552552553,0.056666666666666664,0.222,,gbm
6,stale_features,raw,pre,1500,0.5326666666666666,0.6770780610844681,1.278357940962027,0.24540704646306039,0.24444252993313317,0.43386689132266215,0.3433333333333333,0.7913333333333333,0.5103402268178786,gbm
6,stale_features,raw,post,3000,0.4076666666666667,0.8983985626320782,2.0206017429241023,0.37306870956330423,0.37306870956330423,0.5718575718575719,0.44433333333333336,0.777,0.31910636878959653,gbm
6,stale_features,raw,val,3000,0.516,0.7006517882184644,1.3759650569657516,0.26094790559844633,0.26094790559844633,0.4538101319710515,0.35533333333333333,0.783,,gbm
6,stale_features,temperature,pre,1500,0.5326666666666666,0.5702701196685175,0.9515583932802404,0.029877923919065155,0.03367048174134278,0.2729528535980149,0.07333333333333333,0.26866666666666666,0.5103402268178786,gbm
6,stale_features,temperature,post,3000,0.4076666666666667,0.6923950836650434,1.1575914274186718,0.1388047901931667,0.13880479019316672,0.5005464480874317,0.15266666666666667,0.305,0.31910636878959653,gbm
6,stale_features,temperature,val,3000,0.516,0.5820855190357879,0.9756733815161973,0.03807264220243059,0.03283436497552782,0.26941747572815533,0.074,0.27466666666666667,,gbm
6,stale_features,platt,pre,1500,0.5326666666666666,0.6312776740842782,1.2890929042519483,0.1396357335850752,0.13952265652109686,0.34818941504178275,0.16666666666666666,0.4786666666666667,0.5103402268178786,gbm
6,stale_features,platt,post,3000,0.4076666666666667,0.8426950312346442,2.162662402160124,0.27186206521052636,0.27186206521052636,0.5398406374501992,0.271,0.502,0.31910636878959653,gbm
6,stale_features,platt,val,3000,0.516,0.6535216793848294,1.3866806368661049,0.15302837726547164,0.15387481155209248,0.37830319888734354,0.18133333333333335,0.47933333333333333,,gbm
6,stale_features,beta,pre,1500,0.5326666666666666,0.5832581259488788,0.9982679645928885,0.02131670445991274,0.02277537995736312,0.27951807228915665,0.07733333333333334,0.27666666666666667,0.5103402268178786,gbm
6,stale_features,beta,post,3000,0.4076666666666667,0.7278667813846719,1.406833147717114,0.1476913410717202,0.14769134107172022,0.5016251354279523,0.15433333333333332,0.30766666666666664,0.31910636878959653,gbm
6,stale_features,beta,val,3000,0.516,0.6011366422459763,1.0629228340737116,0.033882715348818225,0.03852575017885812,0.28136419001218027,0.077,0.27366666666666667,,gbm
6,stale_features,isotonic,pre,1500,0.5326666666666666,0.5825046945165143,0.9977581694503841,0.018300576532012346,0.0330530871911716,0.2780487804878049,0.076,0.2733333333333333,0.5103402268178786,gbm
6,stale_features,isotonic,post,3000,0.4076666666666667,0.730173141207036,1.411347241755295,0.1498938234861146,0.1498938234861146,0.4994547437295529,0.15266666666666667,0.30566666666666664,0.31910636878959653,gbm
6,stale_features,isotonic,val,3000,0.516,0.600895261475931,1.0623778440677047,0.03309429605627376,0.03560954085988133,0.2786683107274969,0.07533333333333334,0.2703333333333333,,gbm
6,stale_features,bayes_bin,pre,1500,0.5326666666666666,0.5815108178043528,0.9967345564880971,0.017513726313331996,0.024840550574744838,0.25609756097560976,0.056,0.21866666666666668,0.5103402268178786,gbm
6,stale_features,bayes_bin,post,3000,0.4076666666666667,0.7290843791649716,1.4058885470928109,0.14751273275002522,0.14751273275002524,0.49548387096774194,0.128,0.25833333333333336,0.31910636878959653,gbm
6,stale_features,bayes_bin,val,3000,0.516,0.6004014903280012,1.0609494505502544,0.030215254584637568,0.030215254584637502,0.2552552552552553,0.056666666666666664,0.222,,gbm
6,venue_change,raw,pre,1500,0.5326666666666666,0.6770780610844681,1.278357940962027,0.24540704646306039,0.24444252993313317,0.43386689132266215,0.3433333333333333,0.7913333333333333,0.5103402268178786,gbm
6,venue_change,raw,post,3000,0.44733333333333336,0.839163100711998,1.8343415918320227,0.34982854373501404,0.34703900065447235,0.5234113712374582,0.41733333333333333,0.7973333333333333,0.5511837279093031,gbm
6,venue_change,raw,val,3000,0.516,0.7006517882184644,1.3759650569657516,0.26094790559844633,0.26094790559844633,0.4538101319710515,0.35533333333333333,0.783,,gbm
6,venue_change,temperature,pre,1500,0.5326666666666666,0.5702701196685175,0.9515583932802404,0.029877923919065155,0.03367048174134278,0.2729528535980149,0.07333333333333333,0.26866666666666666,0.5103402268178786,gbm
6,venue_change,temperature,post,3000,0.44733333333333336,0.6528274106138783,1.0922541679496265,0.10742905685532017,0.1067749072692162,0.4224390243902439,0.14433333333333334,0.3416666666666667,0.5511837279093031,gbm
6,venue_change,temperature,val,3000,0.516,0.5820855190357879,0.9756733815161973,0.03807264220243059,0.03283436497552782,0.26941747572815533,0.074,0.27466666666666667,,gbm
6,venue_change,platt,pre,1500,0.5326666666666666,0.6312776740842782,1.2890929042519483,0.1396357335850752,0.13952265652109686,0.34818941504178275,0.16666666666666666,0.4786666666666667,0.5103402268178786,gbm
6,venue_change,platt,post,3000,0.44733333333333336,0.7922827554040294,1.9519870464438756,0.2565671302491017,0.2543915215356396,0.47158026233604,0.25166666666666665,0.5336666666666666,0.5511837279093031,gbm
6,venue_change,platt,val,3000,0.516,0.6535216793848294,1.3866806368661049,0.15302837726547164,0.15387481155209248,0.37830319888734354,0.18133333333333335,0.47933333333333333,,gbm
6,venue_change,beta,pre,1500,0.5326666666666666,0.5832581259488788,0.9982679645928885,0.02131670445991274,0.02277537995736312,0.27951807228915665,0.07733333333333334,0.27666666666666667,0.5103402268178786,gbm
6,venue_change,beta,post,3000,0.44733333333333336,0.6869991069728133,1.2934838728342162,0.11620886316204766,0.1162088631620477,0.4344894026974952,0.15033333333333335,0.346,0.5511837279093031,gbm
6,venue_change,beta,val,3000,0.516,0.6011366422459763,1.0629228340737116,0.033882715348818225,0.03852575017885812,0.28136419001218027,0.077,0.27366666666666667,,gbm
6,venue_change,isotonic,pre,1500,0.5326666666666666,0.5825046945165143,0.9977581694503841,0.018300576532012346,0.0330530871911716,0.2780487804878049,0.076,0.2733333333333333,0.5103402268178786,gbm
6,venue_change,isotonic,post,3000,0.44733333333333336,0.6888761554887991,1.2974182810967598,0.11944229062559267,0.11944229062559264,0.433300876338851,0.14833333333333334,0.3423333333333333,0.5511837279093031,gbm
6,venue_change,isotonic,val,3000,0.516,0.600895261475931,1.0623778440677047,0.03309429605627376,0.03560954085988133,0.2786683107274969,0.07533333333333334,0.2703333333333333,,gbm
6,venue_change,bayes_bin,pre,1500,0.5326666666666666,0.5815108178043528,0.9967345564880971,0.017513726313331996,0.024840550574744838,0.25609756097560976,0.056,0.21866666666666668,0.5103402268178786,gbm
6,venue_change,bayes_bin,post,3000,0.44733333333333336,0.6876151779630609,1.2931129610436645,0.11647426291237394,0.11647426291237395,0.4102259215219976,0.115,0.2803333333333333,0.5511837279093031,gbm
6,venue_change,bayes_bin,val,3000,0.516,0.6004014903280012,1.0609494505502544,0.030215254584637568,0.030215254584637502,0.2552552552552553,0.056666666666666664,0.222,,gbm
6,rare_cluster,raw,pre,1500,0.5326666666666666,0.6770780610844681,1.278357940962027,0.24540704646306039,0.24444252993313317,0.43386689132266215,0.3433333333333333,0.7913333333333333,0.5103402268178786,gbm
6,rare_cluster,raw,post,3000,0.5166666666666667,0.7094416625633232,1.4406161384941354,0.26600807608877186,0.26600807608877186,0.4449152542372881,0.35,0.7866666666666666,0.48249416472157386,gbm
6,rare_cluster,raw,val,3000,0.516,0.7006517882184644,1.3759650569657516,0.26094790559844633,0.26094790559844633,0.4538101319710515,0.35533333333333333,0.783,,gbm
6,rare_cluster,temperature,pre,1500,0.5326666666666666,0.5702701196685175,0.9515583932802404,0.029877923919065155,0.03367048174134278,0.2729528535980149,0.07333333333333333,0.26866666666666666,0.5103402268178786,gbm
6,rare_cluster,temperature,post,3000,0.5166666666666667,0.5880027929580908,0.9865070055370085,0.02794778783660807,0.02764800684409606,0.32090395480225986,0.09466666666666666,0.295,0.48249416472157386,gbm
6,rare_cluster,temperature,val,3000,0.516,0.5820855190357879,0.9756733815161973,0.03807264220243059,0.03283436497552782,0.26941747572815533,0.074,0.27466666666666667,,gbm
6,rare_cluster,platt,pre,1500,0.5326666666666666,0.6312776740842782,1.2890929042519483,0.1396357335850752,0.13952265652109686,0.34818941504178275,0.16666666666666666,0.4786666666666667,0.5103402268178786,gbm
6,rare_cluster,platt,post,3000,0.5166666666666667,0.6687052903036121,1.4903512561339685,0.16190593847176504,0.16127155428637216,0.38237243207422134,0.19233333333333333,0.503,0.48249416472157386,gbm
6,rare_cluster,platt,val,3000,0.516,0.6535216793848294,1.3866806368661049,0.15302837726547164,0.15387481155209248,0.37830319888734354,0.18133333333333335,0.47933333333333333,,gbm
6,rare_cluster,beta,pre,1500,0.5326666666666666,0.5832581259488788,0.9982679645928885,0.02131670445991274,0.02277537995736312,0.27951807228915665,0.07733333333333334,0.27666666666666667,0.5103402268178786,gbm
6,rare_cluster,beta,post,3000,0.5166666666666667,0.6089366712869186,1.0984562080542597,0.03855102461274734,0.03858520448364161,0.32623318385650224,0.097,0.29733333333333334,0.48249416472157386,gbm
6,rare_cluster,beta,val,3000,0.516,0.6011366422459763,1.0629228340737116,0.033882715348818225,0.03852575017885812,0.28136419001218027,0.077,0.27366666666666667,,gbm
6,rare_cluster,isotonic,pre,1500,0.5326666666666666,0.5825046945165143,0.9977581694503841,0.018300576532012346,0.0330530871911716,0.2780487804878049,0.076,0.2733333333333333,0.5103402268178786,gbm
6,rare_cluster,isotonic,post,3000,0.5166666666666667,0.6100692080070462,1.1005007373188767,0.03905572408310221,0.04051658048765754,0.3257661748013621,0.09566666666666666,0.2936666666666667,0.48249416472157386,gbm
6,rare_cluster,isotonic,val,3000,0.516,0.600895261475931,1.0623778440677047,0.03309429605627376,0.03560954085988133,0.2786683107274969,0.07533333333333334,0.2703333333333333,,gbm
6,rare_cluster,bayes_bin,pre,1500,0.5326666666666666,0.5815108178043528,0.9967345564880971,0.017513726313331996,0.024840550574744838,0.25609756097560976,0.056,0.21866666666666668,0.5103402268178786,gbm
6,rare_cluster,bayes_bin,post,3000,0.5166666666666667,0.6102762786231424,1.1011221500747352,0.038334237130167335,0.04346450348377666,0.3091655266757866,0.07533333333333334,0.24366666666666667,0.48249416472157386,gbm
6,rare_cluster,bayes_bin,val,3000,0.516,0.6004014903280012,1.0609494505502544,0.030215254584637568,0.030215254584637502,0.2552552552552553,0.056666666666666664,0.222,,gbm
7,none,raw,pre,1500,0.5893333333333334,0.5162556290876406,0.8765634422401384,0.015453962102564943,0.016472160943451677,0.2304147465437788,0.1,0.434,0.3475650433622415,lr
7,none,raw,post,3000,0.5886666666666667,0.5247426585327051,0.8921252909504038,0.02239052222417791,0.031854727945536884,0.25,0.10766666666666666,0.43066666666666664,0.349783261087029,lr
7,none,raw,val,3000,0.5706666666666667,0.5289397781747411,0.8943789248971272,0.01953306396546053,0.023364211695033058,0.2570556826849733,0.11233333333333333,0.437,,lr
7,none,temperature,pre,1500,0.5893333333333334,0.5176479041944251,0.8776075982531153,0.027735902128175314,0.027924594311340395,0.21768707482993196,0.08533333333333333,0.392,0.3475650433622415,lr
7,none,temperature,post,3000,0.5886666666666667,0.5257955295835636,0.8919833577906403,0.027843900826883494,0.03300510407062887,0.2319721980886186,0.089,0.38366666666666666,0.349783261087029,lr
7,none,temperature,val,3000,0.5706666666666667,0.5289307186169991,0.8932443528849314,0.015570303245009083,0.01945158505149926,0.24044180118946473,0.09433333333333334,0.3923333333333333,,lr
7,none,platt,pre,1500,0.5893333333333334,0.5166378790240894,0.8769686223079668,0.01755027017742032,0.0197162196738285,0.2266881028938907,0.094,0.4146666666666667,0.3475650433622415,lr
7,none,platt,post,3000,0.5886666666666667,0.5252048423379914,0.8926567442821751,0.02385914231071424,0.030559233806096923,0.24497991967871485,0.10166666666666667,0.415,0.349783261087029,lr
7,none,platt,val,3000,0.5706666666666667,0.5287380230418807,0.8939949382854708,0.014845004711214835,0.020406083765307344,0.24960505529225907,0.10533333333333333,0.422,,lr
7,none,beta,pre,1500,0.5893333333333334,0.5166980568737123,0.8770520026107558,0.017932191470055057,0.020456159443000724,0.22741935483870968,0.094,0.41333333333333333,0.3475650433622415,lr
7,none,beta,post,3000,0.5886666666666667,0.5251870299183964,0.8926712260688737,0.021814281701929773,0.03137348570841552,0.2445166531275386,0.10033333333333333,0.4103333333333333,0.349783261087029,lr
7,none,beta,val,3000,0.5706666666666667,0.528724572770593,0.893984329952598,0.015895070034415912,0.019623712773489198,0.2480127186009539,0.104,0.41933333333333334,,lr
7,none,isotonic,pre,1500,0.5893333333333334,0.5173008721235433,0.8778552156209182,0.021547915321181627,0.02129155571971118,0.2267536704730832,0.09266666666666666,0.4086666666666667,0.3475650433622415,lr
7,none,isotonic,post,3000,0.5886666666666667,0.5260066294385075,0.8935601799648824,0.021848643218833667,0.02867554540795926,0.24194880264244426,0.09766666666666667,0.4036666666666667,0.349783261087029,lr
7,none,isotonic,val,3000,0.5706666666666667,0.5298404858620297,0.8956313789137605,0.019560349366689628,0.02549910923720592,0.24516129032258063,0.10133333333333333,0.41333333333333333,,lr
7,none,bayes_bin,pre,1500,0.5893333333333334,0.5184536039839676,0.8803139428829013,0.021860590826425226,0.020022259338534295,0.24224519940915806,0.10933333333333334,0.4513333333333333,0.3475650433622415,lr
7,none,bayes_bin,post,3000,0.5886666666666667,0.5261738701891638,0.8941661159797148,0.019616726095761042,0.02193928239049175,0.26535087719298245,0.121,0.456,0.349783261087029,lr
7,none,bayes_bin,val,3000,0.5706666666666667,0.5302287392083466,0.8966504355987187,0.021903195575865075,0.03259362915997913,0.2688405797101449,0.12366666666666666,0.46,,lr
7,vol_jump,raw,pre,1500,0.5893333333333334,0.5162556290876406,0.8765634422401384,0.015453962102564943,0.016472160943451677,0.2304147465437788,0.1,0.434,0.3475650433622415,lr
7,vol_jump,raw,post,3000,0.5133333333333333,0.6403282209236649,1.1440173118592698,0.09678593933865746,0.0963273089550783,0.3738390092879257,0.161,0.43066666666666664,0.349783261087029,lr
7,vol_jump,raw,val,3000,0.5706666666666667,0.5289397781747411,0.8943789248971272,0.01953306396546053,0.023364211695033058,0.2570556826849733,0.11233333333333333,0.437,,lr
7,vol_jump,temperature,pre,1500,0.5893333333333334,0.5176479041944251,0.8776075982531153,0.027735902128175314,0.027924594311340395,0.21768707482993196,0.08533333333333333,0.392,0.3475650433622415,lr
7,vol_jump,temperature,post,3000,0.5133333333333333,0.6345490010291661,1.1169581277518097,0.07801489223869683,0.08106908504551912,0.3640312771503041,0.13966666666666666,0.38366666666666666,0.349783261087029,lr
7,vol_jump,temperature,val,3000,0.5706666666666667,0.5289307186169991,0.8932443528849314,0.015570303245009083,0.01945158505149926,0.24044180118946473,0.09433333333333334,0.3923333333333333,,lr
7,vol_jump,platt,pre,1500,0.5893333333333334,0.5166378790240894,0.8769686223079668,0.01755027017742032,0.0197162196738285,0.2266881028938907,0.094,0.4146666666666667,0.3475650433622415,lr
7,vol_jump,platt,post,3000,0.5133333333333333,0.6401231578554334,1.1417253379790127,0.08672269533968485,0.08996908860676722,0.37028112449799194,0.15366666666666667,0.415,0.349783261087029,lr
7,vol_jump,platt,val,3000,0.5706666666666667,0.5287380230418807,0.8939949382854708,0.014845004711214835,0.020406083765307344,0.24960505529225907,0.10533333333333333,0.422,,lr
7,vol_jump,beta,pre,1500,0.5893333333333334,0.5166980568737123,0.8770520026107558,0.017932191470055057,0.020456159443000724,0.22741935483870968,0.094,0.41333333333333333,0.3475650433622415,lr
7,vol_jump,beta,post,3000,0.5133333333333333,0.6402627970353413,1.1421141545934594,0.08650187775480536,0.09055621328773839,0.3704305442729488,0.152,0.4103333333333333,0.349783261087029,lr
7,vol_jump,beta,val,3000,0.5706666666666667,0.528724572770593,0.893984329952598,0.015895070034415912,0.019623712773489198,0.2480127186009539,0.104,0.41933333333333334,,lr
7,vol_jump,isotonic,pre,1500,0.5893333333333334,0.5173008721235433,0.8778552156209182,0.021547915321181627,0.02129155571971118,0.2267536704730832,0.09266666666666666,0.4086666666666667,0.3475650433622415,lr
7,vol_jump,isotonic,post,3000,0.5133333333333333,0.643424158476261,1.1460176928478092,0.07114247106642772,0.10023555597682039,0.36911643270024774,0.149,0.4036666666666667,0.349783261087029,lr
7,vol_jump,isotonic,val,3000,0.5706666666666667,0.5298404858620297,0.8956313789137605,0.019560349366689628,0.02549910923720592,0.24516129032258063,0.10133333333333333,0.41333333333333333,,lr
7,vol_jump,bayes_bin,pre,1500,0.5893333333333334,0.5184536039839676,0.8803139428829013,0.021860590826425226,0.020022259338534295,0.24224519940915806,0.10933333333333334,0.4513333333333333,0.3475650433622415,lr
7,vol_jump,bayes_bin,post,3000,0.5133333333333333,0.642897337645385,1.142745965608901,0.10150554527463411,0.1015055452746341,0.38377192982456143,0.175,0.456,0.349783261087029,lr
7,vol_jump,bayes_bin,val,3000,0.5706666666666667,0.5302287392083466,0.8966504355987187,0.021903195575865075,0.03259362915997913,0.2688405797101449,0.12366666666666666,0.46,,lr
7,regime_transition,raw,pre,1500,0.5893333333333334,0.5162556290876406,0.8765634422401384,0.015453962102564943,0.016472160943451677,0.2304147465437788,0.1,0.434,0.3475650433622415,lr
7,regime_transition,raw,post,3000,0.35333333333333333,0.8028635342278713,1.4232155280236671,0.2275310229393477,0.22753102293934774,0.6292569659442725,0.271,0.43066666666666664,0.349783261087029,lr
7,regime_transition,raw,val,3000,0.5706666666666667,0.5289397781747411,0.8943789248971272,0.01953306396546053,0.023364211695033058,0.2570556826849733,0.11233333333333333,0.437,,lr
7,regime_transition,temperature,pre,1500,0.5893333333333334,0.5176479041944251,0.8776075982531153,0.027735902128175314,0.027924594311340395,0.21768707482993196,0.08533333333333333,0.392,0.3475650433622415,lr
7,regime_transition,temperature,post,3000,0.35333333333333333,0.7848951598395468,1.3663211453992787,0.20748943250644983,0.20748943250644986,0.6246741963509991,0.23966666666666667,0.38366666666666666,0.349783261087029,lr
7,regime_transition,temperature,val,3000,0.5706666666666667,0.5289307186169991,0.8932443528849314,0.015570303245009083,0.01945158505149926,0.24044180118946473,0.09433333333333334,0.3923333333333333,,lr
7,regime_transition,platt,pre,1500,0.5893333333333334,0.5166378790240894,0.8769686223079668,0.01755027017742032,0.0197162196738285,0.2266881028938907,0.094,0.4146666666666667,0.3475650433622415,lr
7,regime_transition,platt,post,3000,0.35333333333333333,0.7987876583713325,1.4147882288609896,0.21889957241367974,0.21889957241367977,0.6273092369477912,0.26033333333333336,0.415,0.349783261087029,lr
7,regime_transition,platt,val,3000,0.5706666666666667,0.5287380230418807,0.8939949382854708,0.014845004711214835,0.020406083765307344,0.24960505529225907,0.10533333333333333,0.422,,lr
7,regime_transition,beta,pre,1500,0.5893333333333334,0.5166980568737123,0.8770520026107558,0.017932191470055057,0.020456159443000724,0.22741935483870968,0.094,0.41333333333333333,0.3475650433622415,lr
7,regime_transition,beta,post,3000,0.35333333333333333,0.7988053123099916,1.4156137759291374,0.2188351577548674,0.21883515775486745,0.6263200649878148,0.257,0.4103333333333333,0.349783261087029,lr
7,regime_transition,beta,val,3000,0.5706666666666667,0.528724572770593,0.893984329952598,0.015895070034415912,0.019623712773489198,0.2480127186009539,0.104,0.41933333333333334,,lr
7,regime_transition,isotonic,pre,1500,0.5893333333333334,0.5173008721235433,0.8778552156209182,0.021547915321181627,0.02129155571971118,0.2267536704730832,0.09266666666666666,0.4086666666666667,0.3475650433622415,lr
7,regime_transition,isotonic,post,3000,0.35333333333333333,0.8014271509032764,1.42009465993639,0.21882884104024344,0.21882884104024353,0.6259289843104872,0.25266666666666665,0.4036666666666667,0.349783261087029,lr
7,regime_transition,isotonic,val,3000,0.5706666666666667,0.5298404858620297,0.8956313789137605,0.019560349366689628,0.02549910923720592,0.24516129032258063,0.10133333333333333,0.41333333333333333,,lr
7,regime_transition,bayes_bin,pre,1500,0.5893333333333334,0.5184536039839676,0.8803139428829013,0.021860590826425226,0.020022259338534295,0.24224519940915806,0.10933333333333334,0.4513333333333333,0.3475650433622415,lr
7,regime_transition,bayes_bin,post,3000,0.35333333333333333,0.7981813589202045,1.4022655399144954,0.21844570611186997,0.21844570611186997,0.6337719298245614,0.289,0.456,0.349783261087029,lr
7,regime_transition,bayes_bin,val,3000,0.5706666666666667,0.5302287392083466,0.8966504355987187,0.021903195575865075,0.03259362915997913,0.2688405797101449,0.12366666666666666,0.46,,lr
7,feature_shift,raw,pre,1500,0.5893333333333334,0.5162556290876406,0.8765634422401384,0.015453962102564943,0.016472160943451677,0.2304147465437788,0.1,0.434,0.3475650433622415,lr
7,feature_shift,raw,post,3000,0.4726666666666667,0.711541341463878,1.2349656032169096,0.24854204527616383,0.24854204527616378,0.47535545023696685,0.3343333333333333,0.7033333333333334,0.2110703567855952,lr
7,feature_shift,raw,val,3000,0.5706666666666667,0.5289397781747411,0.8943789248971272,0.01953306396546053,0.023364211695033058,0.2570556826849733,0.11233333333333333,0.437,,lr
7,feature_shift,temperature,pre,1500,0.5893333333333334,0.5176479041944251,0.8776075982531153,0.027735902128175314,0.027924594311340395,0.21768707482993196,0.08533333333333333,0.392,0.3475650433622415,lr
7,feature_shift,temperature,post,3000,0.4726666666666667,0.6903453431630044,1.1768955557704943,0.22411599532008708,0.22411599532008708,0.46923461730865434,0.31266666666666665,0.6663333333333333,0.2110703567855952,lr
7,feature_shift,temperature,val,3000,0.5706666666666667,0.5289307186169991,0.8932443528849314,0.015570303245009083,0.01945158505149926,0.24044180118946473,0.09433333333333334,0.3923333333333333,,lr
7,feature_shift,platt,pre,1500,0.5893333333333334,0.5166378790240894,0.8769686223079668,0.01755027017742032,0.0197162196738285,0.2266881028938907,0.094,0.4146666666666667,0.3475650433622415,lr
7,feature_shift,platt,post,3000,0.4726666666666667,0.7073099077529826,1.2261657280534797,0.24210494487304418,0.2421049448730441,0.47342995169082125,0.32666666666666666,0.69,0.2110703567855952,lr
7,feature_shift,platt,val,3000,0.5706666666666667,0.5287380230418807,0.8939949382854708,0.014845004711214835,0.020406083765307344,0.24960505529225907,0.10533333333333333,0.422,,lr
7,feature_shift,beta,pre,1500,0.5893333333333334,0.5166980568737123,0.8770520026107558,0.017932191470055057,0.020456159443000724,0.22741935483870968,0.094,0.41333333333333333,0.3475650433622415,lr
7,feature_shift,beta,post,3000,0.4726666666666667,0.7077110402707398,1.2290949811989722,0.24256251635941262,0.24256251635941267,0.47309743092583617,0.3253333333333333,0.6876666666666666,0.2110703567855952,lr
7,feature_shift,beta,val,3000,0.5706666666666667,0.528724572770593,0.893984329952598,0.015895070034415912,0.019623712773489198,0.2480127186009539,0.104,0.41933333333333334,,lr
7,feature_shift,isotonic,pre,1500,0.5893333333333334,0.5173008721235433,0.8778552156209182,0.021547915321181627,0.02129155571971118,0.2267536704730832,0.09266666666666666,0.4086666666666667,0.3475650433622415,lr
7,feature_shift,isotonic,post,3000,0.4726666666666667,0.7109225016767858,1.234871930119798,0.24259568523356867,0.2425956852335687,0.47319688109161795,0.32366666666666666,0.684,0.2110703567855952,lr
7,feature_shift,isotonic,val,3000,0.5706666666666667,0.5298404858620297,0.8956313789137605,0.019560349366689628,0.02549910923720592,0.24516129032258063,0.10133333333333333,0.41333333333333333,,lr
7,feature_shift,bayes_bin,pre,1500,0.5893333333333334,0.5184536039839676,0.8803139428829013,0.021860590826425226,0.020022259338534295,0.24224519940915806,0.10933333333333334,0.4513333333333333,0.3475650433622415,lr
7,feature_shift,bayes_bin,post,3000,0.4726666666666667,0.6996250721008204,1.1817197562595785,0.21879530681892262,0.21879530681892265,0.48003714020427113,0.3446666666666667,0.718,0.2110703567855952,lr
7,feature_shift,bayes_bin,val,3000,0.5706666666666667,0.5302287392083466,0.8966504355987187,0.021903195575865075,0.03259362915997913,0.2688405797101449,0.12366666666666666,0.46,,lr
7,missing_features,raw,pre,1500,0.5893333333333334,0.5162556290876406,0.8765634422401384,0.015453962102564943,0.016472160943451677,0.2304147465437788,0.1,0.434,0.3475650433622415,lr
7,missing_features,raw,post,3000,0.5076666666666667,0.5869314239086998,0.9863290241289777,0.018116571068139437,0.02274593083370198,0.28375,0.07566666666666666,0.26666666666666666,0.5371790596865622,lr
7,missing_features,raw,val,3000,0.5706666666666667,0.5289397781747411,0.8943789248971272,0.01953306396546053,0.023364211695033058,0.2570556826849733,0.11233333333333333,0.437,,lr
7,missing_features,temperature,pre,1500,0.5893333333333334,0.5176479041944251,0.8776075982531153,0.027735902128175314,0.027924594311340395,0.21768707482993196,0.08533333333333333,0.392,0.3475650433622415,lr
7,missing_features,temperature,post,3000,0.5076666666666667,0.5866791099533355,0.9838216477780019,0.024716335557365517,0.025773330620229344,0.2756132756132756,0.06366666666666666,0.231,0.5371790596865622,lr
7,missing_features,temperature,val,3000,0.5706666666666667,0.5289307186169991,0.8932443528849314,0.015570303245009083,0.01945158505149926,0.24044180118946473,0.09433333333333334,0.3923333333333333,,lr
7,missing_features,platt,pre,1500,0.5893333333333334,0.5166378790240894,0.8769686223079668,0.01755027017742032,0.0197162196738285,0.2266881028938907,0.094,0.4146666666666667,0.3475650433622415,lr
7,missing_features,platt,post,3000,0.5076666666666667,0.586932260168112,0.9860188627222114,0.018765355147999912,0.0205208403359836,0.28194993412384717,0.07133333333333333,0.253,0.5371790596865622,lr
7,missing_features,platt,val,3000,0.5706666666666667,0.5287380230418807,0.8939949382854708,0.014845004711214835,0.020406083765307344,0.24960505529225907,0.10533333333333333,0.422,,lr
7,missing_features,beta,pre,1500,0.5893333333333334,0.5166980568737123,0.8770520026107558,0.017932191470055057,0.020456159443000724,0.22741935483870968,0.094,0.41333333333333333,0.3475650433622415,lr
7,missing_features,beta,post,3000,0.5076666666666667,0.5869995043671707,0.9861061722742827,0.01965894973698997,0.021279654351615527,0.28100263852242746,0.071,0.25266666666666665,0.5371790596865622,lr
7,missing_features,beta,val,3000,0.5706666666666667,0.528724572770593,0.893984329952598,0.015895070034415912,0.019623712773489198,0.2480127186009539,0.104,0.41933333333333334,,lr
7,missing_features,isotonic,pre,1500,0.5893333333333334,0.5173008721235433,0.8778552156209182,0.021547915321181627,0.02129155571971118,0.2267536704730832,0.09266666666666666,0.4086666666666667,0.3475650433622415,lr
7,missing_features,isotonic,post,3000,0.5076666666666667,0.5880392393332003,0.9874647008932396,0.01764427454333682,0.031111490786084838,0.2801608579088472,0.06966666666666667,0.24866666666666667,0.5371790596865622,lr
7,missing_features,isotonic,val,3000,0.5706666666666667,0.5298404858620297,0.8956313789137605,0.019560349366689628,0.02549910923720592,0.24516129032258063,0.10133333333333333,0.41333333333333333,,lr
7,missing_features,bayes_bin,pre,1500,0.5893333333333334,0.5184536039839676,0.8803139428829013,0.021860590826425226,0.020022259338534295,0.24224519940915806,0.10933333333333334,0.4513333333333333,0.3475650433622415,lr
7,missing_features,bayes_bin,post,3000,0.5076666666666667,0.5891407025892418,0.9892270122803146,0.030945881584350056,0.03101391591036612,0.3041002277904328,0.089,0.2926666666666667,0.5371790596865622,lr
7,missing_features,bayes_bin,val,3000,0.5706666666666667,0.5302287392083466,0.8966504355987187,0.021903195575865075,0.03259362915997913,0.2688405797101449,0.12366666666666666,0.46,,lr
7,stale_features,raw,pre,1500,0.5893333333333334,0.5162556290876406,0.8765634422401384,0.015453962102564943,0.016472160943451677,0.2304147465437788,0.1,0.434,0.3475650433622415,lr
7,stale_features,raw,post,3000,0.431,0.7061745812101432,1.2231296075448916,0.15018170191961405,0.15018170191961408,0.4946969696969697,0.21766666666666667,0.44,0.09869956652217406,lr
7,stale_features,raw,val,3000,0.5706666666666667,0.5289397781747411,0.8943789248971272,0.01953306396546053,0.023364211695033058,0.2570556826849733,0.11233333333333333,0.437,,lr
7,stale_features,temperature,pre,1500,0.5893333333333334,0.5176479041944251,0.8776075982531153,0.027735902128175314,0.027924594311340395,0.21768707482993196,0.08533333333333333,0.392,0.3475650433622415,lr
7,stale_features,temperature,post,3000,0.431,0.6942186454401921,1.1872030218281189,0.130465292156068,0.13046529215606795,0.49226804123711343,0.191,0.388,0.09869956652217406,lr
7,stale_features,temperature,val,3000,0.5706666666666667,0.5289307186169991,0.8932443528849314,0.015570303245009083,0.01945158505149926,0.24044180118946473,0.09433333333333334,0.3923333333333333,,lr
7,stale_features,platt,pre,1500,0.5893333333333334,0.5166378790240894,0.8769686223079668,0.01755027017742032,0.0197162196738285,0.2266881028938907,0.094,0.4146666666666667,0.3475650433622415,lr
7,stale_features,platt,post,3000,0.431,0.7035304151689349,1.217683434632377,0.14170267105400075,0.14170267105400075,0.4940143655227454,0.20633333333333334,0.4176666666666667,0.09869956652217406,lr
7,stale_features,platt,val,3000,0.5706666666666667,0.5287380230418807,0.8939949382854708,0.014845004711214835,0.020406083765307344,0.24960505529225907,0.10533333333333333,0.422,,lr
7,stale_features,beta,pre,1500,0.5893333333333334,0.5166980568737123,0.8770520026107558,0.017932191470055057,0.020456159443000724,0.22741935483870968,0.094,0.41333333333333333,0.3475650433622415,lr
7,stale_features,beta,post,3000,0.431,0.7035301545314043,1.2183072079528463,0.14166978871765812,0.1416697887176581,0.4931506849315068,0.204,0.4136666666666667,0.09869956652217406,lr
7,stale_features,beta,val,3000,0.5706666666666667,0.528724572770593,0.893984329952598,0.015895070034415912,0.019623712773489198,0.2480127186009539,0.104,0.41933333333333334,,lr
7,stale_features,isotonic,pre,1500,0.5893333333333334,0.5173008721235433,0.8778552156209182,0.021547915321181627,0.02129155571971118,0.2267536704730832,0.09266666666666666,0.4086666666666667,0.3475650433622415,lr
7,stale_features,isotonic,post,3000,0.431,0.7060207239197357,1.2241008781795286,0.14130200408472565,0.1413020040847257,0.4897288414133114,0.19866666666666666,0.4056666666666667,0.09869956652217406,lr
7,stale_features,isotonic,val,3000,0.5706666666666667,0.5298404858620297,0.8956313789137605,0.019560349366689628,0.02549910923720592,0.24516129032258063,0.10133333333333333,0.41333333333333333,,lr
7,stale_features,bayes_bin,pre,1500,0.5893333333333334,0.5184536039839676,0.8803139428829013,0.021860590826425226,0.020022259338534295,0.24224519940915806,0.10933333333333334,0.4513333333333333,0.3475650433622415,lr
7,stale_features,bayes_bin,post,3000,0.431,0.703399469478359,1.2099273905270924,0.1413845134402784,0.14138451344027841,0.5043227665706052,0.23333333333333334,0.46266666666666667,0.09869956652217406,lr
7,stale_features,bayes_bin,val,3000,0.5706666666666667,0.5302287392083466,0.8966504355987187,0.021903195575865075,0.03259362915997913,0.2688405797101449,0.12366666666666666,0.46,,lr
7,venue_change,raw,pre,1500,0.5893333333333334,0.5162556290876406,0.8765634422401384,0.015453962102564943,0.016472160943451677,0.2304147465437788,0.1,0.434,0.3475650433622415,lr
7,venue_change,raw,post,3000,0.482,0.6502118023554718,1.111721170562768,0.12051985775903461,0.12051985775903465,0.4423897581792319,0.20733333333333334,0.4686666666666667,0.4598199399799933,lr
7,venue_change,raw,val,3000,0.5706666666666667,0.5289397781747411,0.8943789248971272,0.01953306396546053,0.023364211695033058,0.2570556826849733,0.11233333333333333,0.437,,lr
7,venue_change,temperature,pre,1500,0.5893333333333334,0.5176479041944251,0.8776075982531153,0.027735902128175314,0.027924594311340395,0.21768707482993196,0.08533333333333333,0.392,0.3475650433622415,lr
7,venue_change,temperature,post,3000,0.482,0.6406261625398166,1.0853818423478694,0.09930684305270512,0.09930684305270522,0.43488555643251775,0.18366666666666667,0.42233333333333334,0.4598199399799933,lr
7,venue_change,temperature,val,3000,0.5706666666666667,0.5289307186169991,0.8932443528849314,0.015570303245009083,0.01945158505149926,0.24044180118946473,0.09433333333333334,0.3923333333333333,,lr
7,venue_change,platt,pre,1500,0.5893333333333334,0.5166378790240894,0.8769686223079668,0.01755027017742032,0.0197162196738285,0.2266881028938907,0.094,0.4146666666666667,0.3475650433622415,lr
7,venue_change,platt,post,3000,0.482,0.6480141301340797,1.1073793749014975,0.11216489207100817,0.11276174001117273,0.4415680473372781,0.199,0.45066666666666666,0.4598199399799933,lr
7,venue_change,platt,val,3000,0.5706666666666667,0.5287380230418807,0.8939949382854708,0.014845004711214835,0.020406083765307344,0.24960505529225907,0.10533333333333333,0.422,,lr
7,venue_change,beta,pre,1500,0.5893333333333334,0.5166980568737123,0.8770520026107558,0.017932191470055057,0.020456159443000724,0.22741935483870968,0.094,0.41333333333333333,0.3475650433622415,lr
7,venue_change,beta,post,3000,0.482,0.6480394311696723,1.1078416631322376,0.11212284585204979,0.11249792978855419,0.4412202380952381,0.19766666666666666,0.448,0.4598199399799933,lr
7,venue_change,beta,val,3000,0.5706666666666667,0.528724572770593,0.893984329952598,0.015895070034415912,0.019623712773489198,0.2480127186009539,0.104,0.41933333333333334,,lr
7,venue_change,isotonic,pre,1500,0.5893333333333334,0.5173008721235433,0.8778552156209182,0.021547915321181627,0.02129155571971118,0.2267536704730832,0.09266666666666666,0.4086666666666667,0.3475650433622415,lr
7,venue_change,isotonic,post,3000,0.482,0.6512801278613597,1.1142016335505947,0.11194859951561824,0.11869351824601557,0.4394281414597442,0.19466666666666665,0.443,0.4598199399799933,lr
7,venue_change,isotonic,val,3000,0.5706666666666667,0.5298404858620297,0.8956313789137605,0.019560349366689628,0.02549910923720592,0.24516129032258063,0.10133333333333333,0.41333333333333333,,lr
7,venue_change,bayes_bin,pre,1500,0.5893333333333334,0.5184536039839676,0.8803139428829013,0.021860590826425226,0.020022259338534295,0.24224519940915806,0.10933333333333334,0.4513333333333333,0.3475650433622415,lr
7,venue_change,bayes_bin,post,3000,0.482,0.6487956617938047,1.1036837493263976,0.10979088886072745,0.11178037023901277,0.4470667565745111,0.221,0.49433333333333335,0.4598199399799933,lr
7,venue_change,bayes_bin,val,3000,0.5706666666666667,0.5302287392083466,0.8966504355987187,0.021903195575865075,0.03259362915997913,0.2688405797101449,0.12366666666666666,0.46,,lr
7,rare_cluster,raw,pre,1500,0.5893333333333334,0.5162556290876406,0.8765634422401384,0.015453962102564943,0.016472160943451677,0.2304147465437788,0.1,0.434,0.3475650433622415,lr
7,rare_cluster,raw,post,3000,0.559,0.5648079274921222,0.9684132380955365,0.044912905196778756,0.047891714839668975,0.3098484848484849,0.13633333333333333,0.44,0.345781927309103,lr
7,rare_cluster,raw,val,3000,0.5706666666666667,0.5289397781747411,0.8943789248971272,0.01953306396546053,0.023364211695033058,0.2570556826849733,0.11233333333333333,0.437,,lr
7,rare_cluster,temperature,pre,1500,0.5893333333333334,0.5176479041944251,0.8776075982531153,0.027735902128175314,0.027924594311340395,0.21768707482993196,0.08533333333333333,0.392,0.3475650433622415,lr
7,rare_cluster,temperature,post,3000,0.559,0.5629223468230796,0.9597071588044201,0.0385701214534752,0.04332712115610511,0.2917726887192536,0.11466666666666667,0.393,0.345781927309103,lr
7,rare_cluster,temperature,val,3000,0.5706666666666667,0.5289307186169991,0.8932443528849314,0.015570303245009083,0.01945158505149926,0.24044180118946473,0.09433333333333334,0.3923333333333333,,lr
7,rare_cluster,platt,pre,1500,0.5893333333333334,0.5166378790240894,0.8769686223079668,0.01755027017742032,0.0197162196738285,0.2266881028938907,0.094,0.4146666666666667,0.3475650433622415,lr
7,rare_cluster,platt,post,3000,0.559,0.5646288755660364,0.9676844835016182,0.04321305400841013,0.045574380588479776,0.30376766091051804,0.129,0.4246666666666667,0.345781927309103,lr
7,rare_cluster,platt,val,3000,0.5706666666666667,0.5287380230418807,0.8939949382854708,0.014845004711214835,0.020406083765307344,0.24960505529225907,0.10533333333333333,0.422,,lr
7,rare_cluster,beta,pre,1500,0.5893333333333334,0.5166980568737123,0.8770520026107558,0.017932191470055057,0.020456159443000724,0.22741935483870968,0.094,0.41333333333333333,0.3475650433622415,lr
7,rare_cluster,beta,post,3000,0.559,0.5645937215616762,0.9678671073343584,0.042422862982931256,0.045261150584877584,0.3034154090548054,0.12733333333333333,0.4196666666666667,0.345781927309103,lr
7,rare_cluster,beta,val,3000,0.5706666666666667,0.528724572770593,0.893984329952598,0.015895070034415912,0.019623712773489198,0.2480127186009539,0.104,0.41933333333333334,,lr
7,rare_cluster,isotonic,pre,1500,0.5893333333333334,0.5173008721235433,0.8778552156209182,0.021547915321181627,0.02129155571971118,0.2267536704730832,0.09266666666666666,0.4086666666666667,0.3475650433622415,lr
7,rare_cluster,isotonic,post,3000,0.559,0.5656124938178654,0.9693303713182283,0.045710999358583616,0.05431549290734604,0.30104923325262306,0.12433333333333334,0.413,0.345781927309103,lr
7,rare_cluster,isotonic,val,3000,0.5706666666666667,0.5298404858620297,0.8956313789137605,0.019560349366689628,0.02549910923720592,0.24516129032258063,0.10133333333333333,0.41333333333333333,,lr
7,rare_cluster,bayes_bin,pre,1500,0.5893333333333334,0.5184536039839676,0.8803139428829013,0.021860590826425226,0.020022259338534295,0.24224519940915806,0.10933333333333334,0.4513333333333333,0.3475650433622415,lr
7,rare_cluster,bayes_bin,post,3000,0.559,0.5648093677853694,0.9649865435170888,0.04521536062227351,0.04521536062227353,0.3223495702005731,0.15,0.4653333333333333,0.345781927309103,lr
7,rare_cluster,bayes_bin,val,3000,0.5706666666666667,0.5302287392083466,0.8966504355987187,0.021903195575865075,0.03259362915997913,0.2688405797101449,0.12366666666666666,0.46,,lr
7,none,raw,pre,1500,0.538,0.6828941924399397,1.3937812616852552,0.25228906240357235,0.24862499245216466,0.42964196502914237,0.344,0.8006666666666666,0.47098065376917947,gbm
7,none,raw,post,3000,0.534,0.6677388350921042,1.331132210968097,0.24858491597776763,0.2485849159777677,0.4204355108877722,0.33466666666666667,0.796,0.48216072024008005,gbm
7,none,raw,val,3000,0.5376666666666666,0.6796971734485462,1.3797665182217203,0.25353213430469684,0.25353213430469684,0.42131557035803496,0.3373333333333333,0.8006666666666666,,gbm
7,none,temperature,pre,1500,0.538,0.5733707564118139,0.9639167698138026,0.023927331791319128,0.02382582808769629,0.2601010101010101,0.06866666666666667,0.264,0.47098065376917947,gbm
7,none,temperature,post,3000,0.534,0.5650553504664416,0.9497710534190578,0.03127471757816337,0.030633360922579192,0.2513089005235602,0.064,0.25466666666666665,0.48216072024008005,gbm
7,none,temperature,val,3000,0.5376666666666666,0.5667273911038968,0.9525046863473984,0.0207073661209021,0.03098453042641298,0.2511961722488038,0.07,0.2786666666666667,,gbm
7,none,platt,pre,1500,0.538,0.5943432463710088,1.0725509455769435,0.021881691639060275,0.022078677994569997,0.2932692307692308,0.08133333333333333,0.2773333333333333,0.47098065376917947,gbm
7,none,platt,post,3000,0.534,0.5839597510807851,1.0445484991604077,0.03823440062502601,0.03794295217908372,0.25637910085054677,0.07033333333333333,0.2743333333333333,0.48216072024008005,gbm
7,none,platt,val,3000,0.5376666666666666,0.5884468652526366,1.0586365752971065,0.0347543477075386,0.03218454959021034,0.26593406593406593,0.08066666666666666,0.30333333333333334,,gbm
7,none,beta,pre,1500,0.538,0.594795709392346,1.0728719186940852,0.028376818127525374,0.027906782460385176,0.2828282828282828,0.07466666666666667,0.264,0.47098065376917947,gbm
7,none,beta,post,3000,0.534,0.5846514219402472,1.0450704825611892,0.037509615839737956,0.04162471821455792,0.251621271076524,0.06466666666666666,0.257,0.48216072024008005,gbm
7,none,beta,val,3000,0.5376666666666666,0.5888128312761048,1.058514057063713,0.03338890275835246,0.028305596875543345,0.2558139534883721,0.07333333333333333,0.2866666666666667,,gbm
7,none,isotonic,pre,1500,0.538,0.5955165516847095,1.076261650993245,0.018355677895675902,0.02193037277206733,0.2929782082324455,0.08066666666666666,0.2753333333333333,0.47098065376917947,gbm
7,none,isotonic,post,3000,0.534,0.5847810965598494,1.0468323932582742,0.03714801587125437,0.03719149183294965,0.2555012224938875,0.06966666666666667,0.27266666666666667,0.48216072024008005,gbm
7,none,isotonic,val,3000,0.5376666666666666,0.5888393753415782,1.0592394445434077,0.03207660694758235,0.034681946670114996,0.26460859977949286,0.08,0.30233333333333334,,gbm
7,none,bayes_bin,pre,1500,0.538,0.5939787760932878,1.0724189901919745,0.01702605770196237,0.025784074813315218,0.2801047120418848,0.07133333333333333,0.25466666666666665,0.47098065376917947,gbm
7,none,bayes_bin,post,3000,0.534,0.5856366695444614,1.0471030297359767,0.03320082598800345,0.039886838987183496,0.24699599465954605,0.06166666666666667,0.24966666666666668,0.48216072024008005,gbm
7,none,bayes_bin,val,3000,0.5376666666666666,0.5899323829029728,1.0617908113775785,0.03266688045554614,0.026889222489124922,0.2563176895306859,0.071,0.277,,gbm
7,vol_jump,raw,pre,1500,0.538,0.6828941924399397,1.3937812616852552,0.25228906240357235,0.24862499245216466,0.42964196502914237,0.344,0.8006666666666666,0.47098065376917947,gbm
7,vol_jump,raw,post,3000,0.453,0.8130785371451623,1.8320559378748231,0.32986036081119186,0.32958491597776773,0.5129815745393634,0.4083333333333333,0.796,0.48216072024008005,gbm
7,vol_jump,raw,val,3000,0.5376666666666666,0.6796971734485462,1.3797665182217203,0.25353213430469684,0.25353213430469684,0.42131557035803496,0.3373333333333333,0.8006666666666666,,gbm
7,vol_jump,temperature,pre,1500,0.538,0.5733707564118139,0.9639167698138026,0.023927331791319128,0.02382582808769629,0.2601010101010101,0.06866666666666667,0.264,0.47098065376917947,gbm
7,vol_jump,temperature,post,3000,0.453,0.6425638949123216,1.0832567388523036,0.07254028349400062,0.0723820746050089,0.3743455497382199,0.09533333333333334,0.25466666666666665,0.48216072024008005,gbm
7,vol_jump,temperature,val,3000,0.5376666666666666,0.5667273911038968,0.9525046863473984,0.0207073661209021,0.03098453042641298,0.2511961722488038,0.07,0.2786666666666667,,gbm
7,vol_jump,platt,pre,1500,0.538,0.5943432463710088,1.0725509455769435,0.021881691639060275,0.022078677994569997,0.2932692307692308,0.08133333333333333,0.2773333333333333,0.47098065376917947,gbm
7,vol_jump,platt,post,3000,0.453,0.6895244866636349,1.359698689846968,0.0922252910511241,0.09222529105112418,0.37424058323207776,0.10266666666666667,0.2743333333333333,0.48216072024008005,gbm
7,vol_jump,platt,val,3000,0.5376666666666666,0.5884468652526366,1.0586365752971065,0.0347543477075386,0.03218454959021034,0.26593406593406593,0.08066666666666666,0.30333333333333334,,gbm
7,vol_jump,beta,pre,1500,0.538,0.594795709392346,1.0728719186940852,0.028376818127525374,0.027906782460385176,0.2828282828282828,0.07466666666666667,0.264,0.47098065376917947,gbm
7,vol_jump,beta,post,3000,0.453,0.6903393405788477,1.3605258941190619,0.09118117092969821,0.09118117092969817,0.36964980544747084,0.095,0.257,0.48216072024008005,gbm
7,vol_jump,beta,val,3000,0.5376666666666666,0.5888128312761048,1.058514057063713,0.03338890275835246,0.028305596875543345,0.2558139534883721,0.07333333333333333,0.2866666666666667,,gbm
7,vol_jump,isotonic,pre,1500,0.538,0.5955165516847095,1.076261650993245,0.018355677895675902,0.02193037277206733,0.2929782082324455,0.08066666666666666,0.2753333333333333,0.47098065376917947,gbm
7,vol_jump,isotonic,post,3000,0.453,0.691031312715863,1.3649200793116545,0.0950060219135504,0.09424344560564457,0.37163814180929094,0.10133333333333333,0.27266666666666667,0.48216072024008005,gbm
7,vol_jump,isotonic,val,3000,0.5376666666666666,0.5888393753415782,1.0592394445434077,0.03207660694758235,0.034681946670114996,0.26460859977949286,0.08,0.30233333333333334,,gbm
7,vol_jump,bayes_bin,pre,1500,0.538,0.5939787760932878,1.0724189901919745,0.01702605770196237,0.025784074813315218,0.2801047120418848,0.07133333333333333,0.25466666666666665,0.47098065376917947,gbm
7,vol_jump,bayes_bin,post,3000,0.453,0.690328212859128,1.3603089217699391,0.09207390036119704,0.09207390036119707,0.3671562082777036,0.09166666666666666,0.24966666666666668,0.48216072024008005,gbm
7,vol_jump,bayes_bin,val,3000,0.5376666666666666,0.5899323829029728,1.0617908113775785,0.03266688045554614,0.026889222489124922,0.2563176895306859,0.071,0.277,,gbm
7,regime_transition,raw,pre,1500,0.538,0.6828941924399397,1.3937812616852552,0.25228906240357235,0.24862499245216466,0.42964196502914237,0.344,0.8006666666666666,0.47098065376917947,gbm
7,regime_transition,raw,post,3000,0.339,1.0133366134231792,2.4453028229984337,0.4435849159777676,0.4435849159777677,0.6612227805695142,0.5263333333333333,0.796,0.48216072024008005,gbm
7,regime_transition,raw,val,3000,0.5376666666666666,0.6796971734485462,1.3797665182217203,0.25353213430469684,0.25353213430469684,0.42131557035803496,0.3373333333333333,0.8006666666666666,,gbm
7,regime_transition,temperature,pre,1500,0.538,0.5733707564118139,0.9639167698138026,0.023927331791319128,0.02382582808769629,0.2601010101010101,0.06866666666666667,0.264,0.47098065376917947,gbm
7,regime_transition,temperature,post,3000,0.339,0.7475651745068466,1.246674194252197,0.18638207460500889,0.18638207460500889,0.6308900523560209,0.16066666666666668,0.25466666666666665,0.48216072024008005,gbm
7,regime_transition,temperature,val,3000,0.5376666666666666,0.5667273911038968,0.9525046863473984,0.0207073661209021,0.03098453042641298,0.2511961722488038,0.07,0.2786666666666667,,gbm
7,regime_transition,platt,pre,1500,0.538,0.5943432463710088,1.0725509455769435,0.021881691639060275,0.022078677994569997,0.2932692307692308,0.08133333333333333,0.2773333333333333,0.47098065376917947,gbm
7,regime_transition,platt,post,3000,0.339,0.7982669253098034,1.6310721557626324,0.20622529105112408,0.20622529105112417,0.6269744835965978,0.172,0.2743333333333333,0.48216072024008005,gbm
7,regime_transition,platt,val,3000,0.5376666666666666,0.5884468652526366,1.0586365752971065,0.0347543477075386,0.03218454959021034,0.26593406593406593,0.08066666666666666,0.30333333333333334,,gbm
7,regime_transition,beta,pre,1500,0.538,0.594795709392346,1.0728719186940852,0.028376818127525374,0.027906782460385176,0.2828282828282828,0.07466666666666667,0.264,0.47098065376917947,gbm
7,regime_transition,beta,post,3000,0.339,0.7994367940772386,1.634240874597095,0.20518117092969823,0.20518117092969818,0.6264591439688716,0.161,0.257,0.48216072024008005,gbm
7,regime_transition,beta,val,3000,0.5376666666666666,0.5888128312761048,1.058514057063713,0.03338890275835246,0.028305596875543345,0.2558139534883721,0.07333333333333333,0.2866666666666667,,gbm
7,regime_transition,isotonic,pre,1500,0.538,0.5955165516847095,1.076261650993245,0.018355677895675902,0.02193037277206733,0.2929782082324455,0.08066666666666666,0.2753333333333333,0.47098065376917947,gbm
7,regime_transition,isotonic,post,3000,0.339,0.8011658730755727,1.642676346142343,0.20824344560564453,0.2082434456056446,0.6259168704156479,0.17066666666666666,0.27266666666666667,0.48216072024008005,gbm
7,regime_transition,isotonic,val,3000,0.5376666666666666,0.5888393753415782,1.0592394445434077,0.03207660694758235,0.034681946670114996,0.26460859977949286,0.08,0.30233333333333334,,gbm
7,regime_transition,bayes_bin,pre,1500,0.538,0.5939787760932878,1.0724189901919745,0.01702605770196237,0.025784074813315218,0.2801047120418848,0.07133333333333333,0.25466666666666665,0.47098065376917947,gbm
7,regime_transition,bayes_bin,post,3000,0.339,0.7952524522686665,1.623452030527903,0.20607390036119705,0.20607390036119708,0.6275033377837116,0.15666666666666668,0.24966666666666668,0.48216072024008005,gbm
7,regime_transition,bayes_bin,val,3000,0.5376666666666666,0.5899323829029728,1.0617908113775785,0.03266688045554614,0.026889222489124922,0.2563176895306859,0.071,0.277,,gbm
7,feature_shift,raw,pre,1500,0.538,0.6828941924399397,1.3937812616852552,0.25228906240357235,0.24862499245216466,0.42964196502914237,0.344,0.8006666666666666,0.47098065376917947,gbm
7,feature_shift,raw,post,3000,0.4,0.9810607676108333,2.397218186981785,0.4332681403830526,0.43247583108980386,0.5973976272483735,0.5203333333333333,0.871,0.3351117039013004,gbm
7,feature_shift,raw,val,3000,0.5376666666666666,0.6796971734485462,1.3797665182217203,0.25353213430469684,0.25353213430469684,0.42131557035803496,0.3373333333333333,0.8006666666666666,,gbm
7,feature_shift,temperature,pre,1500,0.538,0.5733707564118139,0.9639167698138026,0.023927331791319128,0.02382582808769629,0.2601010101010101,0.06866666666666667,0.264,0.47098065376917947,gbm
7,feature_shift,temperature,post,3000,0.4,0.7131000150564815,1.1837478203006273,0.16076750707154674,0.16076750707154674,0.5672797676669894,0.19533333333333333,0.3443333333333333,0.3351117039013004,gbm
7,feature_shift,temperature,val,3000,0.5376666666666666,0.5667273911038968,0.9525046863473984,0.0207073661209021,0.03098453042641298,0.2511961722488038,0.07,0.2786666666666667,,gbm
7,feature_shift,platt,pre,1500,0.538,0.5943432463710088,1.0725509455769435,0.021881691639060275,0.022078677994569997,0.2932692307692308,0.08133333333333333,0.2773333333333333,0.47098065376917947,gbm
7,feature_shift,platt,post,3000,0.4,0.752632389833909,1.5261934599874438,0.17974041091173254,0.1790108762828005,0.5528455284552846,0.204,0.369,0.3351117039013004,gbm
7,feature_shift,platt,val,3000,0.5376666666666666,0.5884468652526366,1.0586365752971065,0.0347543477075386,0.03218454959021034,0.26593406593406593,0.08066666666666666,0.30333333333333334,,gbm
7,feature_shift,beta,pre,1500,0.538,0.594795709392346,1.0728719186940852,0.028376818127525374,0.027906782460385176,0.2828282828282828,0.07466666666666667,0.264,0.47098065376917947,gbm
7,feature_shift,beta,post,3000,0.4,0.7536185363949098,1.5284688714361934,0.17783663761305213,0.177810791476021,0.5580057526366251,0.194,0.3476666666666667,0.3351117039013004,gbm
7,feature_shift,beta,val,3000,0.5376666666666666,0.5888128312761048,1.058514057063713,0.03338890275835246,0.028305596875543345,0.2558139534883721,0.07333333333333333,0.2866666666666667,,gbm
7,feature_shift,isotonic,pre,1500,0.538,0.5955165516847095,1.076261650993245,0.018355677895675902,0.02193037277206733,0.2929782082324455,0.08066666666666666,0.2753333333333333,0.47098065376917947,gbm
7,feature_shift,isotonic,post,3000,0.4,0.7564955994618544,1.5384579909421081,0.18369651617219113,0.18360366222520197,0.5539437896645513,0.20366666666666666,0.36766666666666664,0.3351117039013004,gbm
7,feature_shift,isotonic,val,3000,0.5376666666666666,0.5888393753415782,1.0592394445434077,0.03207660694758235,0.034681946670114996,0.26460859977949286,0.08,0.30233333333333334,,gbm
7,feature_shift,bayes_bin,pre,1500,0.538,0.5939787760932878,1.0724189901919745,0.01702605770196237,0.025784074813315218,0.2801047120418848,0.07133333333333333,0.25466666666666665,0.47098065376917947,gbm
7,feature_shift,bayes_bin,post,3000,0.4,0.7523983520455383,1.5252241028926419,0.17902346910135244,0.17902346910135244,0.5629335976214074,0.18933333333333333,0.3363333333333333,0.3351117039013004,gbm
7,feature_shift,bayes_bin,val,3000,0.5376666666666666,0.5899323829029728,1.0617908113775785,0.03266688045554614,0.026889222489124922,0.2563176895306859,0.071,0.277,,gbm
7,missing_features,raw,pre,1500,0.538,0.6828941924399397,1.3937812616852552,0.25228906240357235,0.24862499245216466,0.42964196502914237,0.344,0.8006666666666666,0.47098065376917947,gbm
7,missing_features,raw,post,3000,0.46266666666666667,0.7848304864949915,1.5614873219574419,0.30387728477147363,0.3011531487981348,0.5084525357607282,0.391,0.769,0.5835278426142048,gbm
7,missing_features,raw,val,3000,0.5376666666666666,0.6796971734485462,1.3797665182217203,0.25353213430469684,0.25353213430469684,0.42131557035803496,0.3373333333333333,0.8006666666666666,,gbm
7,missing_features,temperature,pre,1500,0.538,0.5733707564118139,0.9639167698138026,0.023927331791319128,0.02382582808769629,0.2601010101010101,0.06866666666666667,0.264,0.47098065376917947,gbm
7,missing_features,temperature,post,3000,0.46266666666666667,0.6244382079479313,1.0386647519493943,0.04677076222264846,0.04924726088378351,0.3424190800681431,0.067,0.19566666666666666,0.5835278426142048,gbm
7,missing_features,temperature,val,3000,0.5376666666666666,0.5667273911038968,0.9525046863473984,0.0207073661209021,0.03098453042641298,0.2511961722488038,0.07,0.2786666666666667,,gbm
7,missing_features,platt,pre,1500,0.538,0.5943432463710088,1.0725509455769435,0.021881691639060275,0.022078677994569997,0.2932692307692308,0.08133333333333333,0.2773333333333333,0.47098065376917947,gbm
7,missing_features,platt,post,3000,0.46266666666666667,0.6539711311254408,1.174980107649328,0.06943798681289931,0.06744031585174129,0.37181409295352325,0.08266666666666667,0.22233333333333333,0.5835278426142048,gbm
7,missing_features,platt,val,3000,0.5376666666666666,0.5884468652526366,1.0586365752971065,0.0347543477075386,0.03218454959021034,0.26593406593406593,0.08066666666666666,0.30333333333333334,,gbm
7,missing_features,beta,pre,1500,0.538,0.594795709392346,1.0728719186940852,0.028376818127525374,0.027906782460385176,0.2828282828282828,0.07466666666666667,0.264,0.47098065376917947,gbm
7,missing_features,beta,post,3000,0.46266666666666667,0.6536458281236512,1.1740624611868447,0.06707663891686107,0.06588551002021416,0.3667205169628433,0.07566666666666666,0.20633333333333334,0.5835278426142048,gbm
7,missing_features,beta,val,3000,0.5376666666666666,0.5888128312761048,1.058514057063713,0.03338890275835246,0.028305596875543345,0.2558139534883721,0.07333333333333333,0.2866666666666667,,gbm
7,missing_features,isotonic,pre,1500,0.538,0.5955165516847095,1.076261650993245,0.018355677895675902,0.02193037277206733,0.2929782082324455,0.08066666666666666,0.2753333333333333,0.47098065376917947,gbm
7,missing_features,isotonic,post,3000,0.46266666666666667,0.6548340806154845,1.177526576504113,0.06992568822550253,0.06851849273371069,0.37254901960784315,0.08233333333333333,0.221,0.5835278426142048,gbm
7,missing_features,isotonic,val,3000,0.5376666666666666,0.5888393753415782,1.0592394445434077,0.03207660694758235,0.034681946670114996,0.26460859977949286,0.08,0.30233333333333334,,gbm
7,missing_features,bayes_bin,pre,1500,0.538,0.5939787760932878,1.0724189901919745,0.01702605770196237,0.025784074813315218,0.2801047120418848,0.07133333333333333,0.25466666666666665,0.47098065376917947,gbm
7,missing_features,bayes_bin,post,3000,0.46266666666666667,0.6563138497504034,1.178604372627478,0.06825837417552744,0.06825837417552742,0.36348684210526316,0.07366666666666667,0.20266666666666666,0.5835278426142048,gbm
7,missing_features,bayes_bin,val,3000,0.5376666666666666,0.5899323829029728,1.0617908113775785,0.03266688045554614,0.026889222489124922,0.2563176895306859,0.071,0.277,,gbm
7,stale_features,raw,pre,1500,0.538,0.6828941924399397,1.3937812616852552,0.25228906240357235,0.24862499245216466,0.42964196502914237,0.344,0.8006666666666666,0.47098065376917947,gbm
7,stale_features,raw,post,3000,0.419,0.8828368831077781,2.0128119647038383,0.3682164550966509,0.36388824924457286,0.5648887022259554,0.4483333333333333,0.7936666666666666,0.32810936978993,gbm
7,stale_features,raw,val,3000,0.5376666666666666,0.6796971734485462,1.3797665182217203,0.25353213430469684,0.25353213430469684,0.42131557035803496,0.3373333333333333,0.8006666666666666,,gbm
7,stale_features,temperature,pre,1500,0.538,0.5733707564118139,0.9639167698138026,0.023927331791319128,0.02382582808769629,0.2601010101010101,0.06866666666666667,0.264,0.47098065376917947,gbm
7,stale_features,temperature,post,3000,0.419,0.676039794792521,1.1283593238785563,0.10860652610334166,0.1102668879516527,0.4770408163265306,0.12466666666666666,0.2613333333333333,0.32810936978993,gbm
7,stale_features,temperature,val,3000,0.5376666666666666,0.5667273911038968,0.9525046863473984,0.0207073661209021,0.03098453042641298,0.2511961722488038,0.07,0.2786666666666667,,gbm
7,stale_features,platt,pre,1500,0.538,0.5943432463710088,1.0725509455769435,0.021881691639060275,0.022078677994569997,0.2932692307692308,0.08133333333333333,0.2773333333333333,0.47098065376917947,gbm
7,stale_features,platt,post,3000,0.419,0.7172075115976579,1.4032114021675344,0.135521208873075,0.12925855879683756,0.483451536643026,0.13633333333333333,0.282,0.32810936978993,gbm
7,stale_features,platt,val,3000,0.5376666666666666,0.5884468652526366,1.0586365752971065,0.0347543477075386,0.03218454959021034,0.26593406593406593,0.08066666666666666,0.30333333333333334,,gbm
7,stale_features,beta,pre,1500,0.538,0.594795709392346,1.0728719186940852,0.028376818127525374,0.027906782460385176,0.2828282828282828,0.07466666666666667,0.264,0.47098065376917947,gbm
7,stale_features,beta,post,3000,0.419,0.7176461269337022,1.4041728648151917,0.13165075023663872,0.12849979102259068,0.47696139476961397,0.12766666666666668,0.26766666666666666,0.32810936978993,gbm
7,stale_features,beta,val,3000,0.5376666666666666,0.5888128312761048,1.058514057063713,0.03338890275835246,0.028305596875543345,0.2558139534883721,0.07333333333333333,0.2866666666666667,,gbm
7,stale_features,isotonic,pre,1500,0.538,0.5955165516847095,1.076261650993245,0.018355677895675902,0.02193037277206733,0.2929782082324455,0.08066666666666666,0.2753333333333333,0.47098065376917947,gbm
7,stale_features,isotonic,post,3000,0.419,0.719959009225126,1.411325753215366,0.13608196532878736,0.13246820302039633,0.4834123222748815,0.136,0.2813333333333333,0.32810936978993,gbm
7,stale_features,isotonic,val,3000,0.5376666666666666,0.5888393753415782,1.0592394445434077,0.03207660694758235,0.034681946670114996,0.26460859977949286,0.08,0.30233333333333334,,gbm
7,stale_features,bayes_bin,pre,1500,0.538,0.5939787760932878,1.0724189901919745,0.01702605770196237,0.025784074813315218,0.2801047120418848,0.07133333333333333,0.25466666666666665,0.47098065376917947,gbm
7,stale_features,bayes_bin,post,3000,0.419,0.716794448924193,1.4016571882456217,0.12835263641672764,0.12835263641672756,0.4755784061696658,0.12333333333333334,0.25933333333333336,0.32810936978993,gbm
7,stale_features,bayes_bin,val,3000,0.5376666666666666,0.5899323829029728,1.0617908113775785,0.03266688045554614,0.026889222489124922,0.2563176895306859,0.071,0.277,,gbm
7,venue_change,raw,pre,1500,0.538,0.6828941924399397,1.3937812616852552,0.25228906240357235,0.24862499245216466,0.42964196502914237,0.344,0.8006666666666666,0.47098065376917947,gbm
7,venue_change,raw,post,3000,0.4503333333333333,0.8450349421200504,1.8712008951926267,0.3444966142726331,0.34449661427263323,0.532617671345995,0.43,0.8073333333333333,0.5481827275758586,gbm
7,venue_change,raw,val,3000,0.5376666666666666,0.6796971734485462,1.3797665182217203,0.25353213430469684,0.25353213430469684,0.42131557035803496,0.3373333333333333,0.8006666666666666,,gbm
7,venue_change,temperature,pre,1500,0.538,0.5733707564118139,0.9639167698138026,0.023927331791319128,0.02382582808769629,0.2601010101010101,0.06866666666666667,0.264,0.47098065376917947,gbm
7,venue_change,temperature,post,3000,0.4503333333333333,0.6497644822568135,1.0798745078570695,0.0845530130212797,0.08455301302127968,0.45066991473812423,0.12333333333333334,0.27366666666666667,0.5481827275758586,gbm
7,venue_change,temperature,val,3000,0.5376666666666666,0.5667273911038968,0.9525046863473984,0.0207073661209021,0.03098453042641298,0.2511961722488038,0.07,0.2786666666666667,,gbm
7,venue_change,platt,pre,1500,0.538,0.5943432463710088,1.0725509455769435,0.021881691639060275,0.022078677994569997,0.2932692307692308,0.08133333333333333,0.2773333333333333,0.47098065376917947,gbm
7,venue_change,platt,post,3000,0.4503333333333333,0.6818138376888456,1.286303794948511,0.10497144369469487,0.10497144369469487,0.45424476295479604,0.13733333333333334,0.30233333333333334,0.5481827275758586,gbm
7,venue_change,platt,val,3000,0.5376666666666666,0.5884468652526366,1.0586365752971065,0.0347543477075386,0.03218454959021034,0.26593406593406593,0.08066666666666666,0.30333333333333334,,gbm
7,venue_change,beta,pre,1500,0.538,0.594795709392346,1.0728719186940852,0.028376818127525374,0.027906782460385176,0.2828282828282828,0.07466666666666667,0.264,0.47098065376917947,gbm
7,venue_change,beta,post,3000,0.4503333333333333,0.6823635569146324,1.287392050789392,0.10407564595667171,0.10407564595667176,0.44366197183098594,0.126,0.284,0.5481827275758586,gbm
7,venue_change,beta,val,3000,0.5376666666666666,0.5888128312761048,1.058514057063713,0.03338890275835246,0.028305596875543345,0.2558139534883721,0.07333333333333333,0.2866666666666667,,gbm
7,venue_change,isotonic,pre,1500,0.538,0.5955165516847095,1.076261650993245,0.018355677895675902,0.02193037277206733,0.2929782082324455,0.08066666666666666,0.2753333333333333,0.47098065376917947,gbm
7,venue_change,isotonic,post,3000,0.4503333333333333,0.6849952754548317,1.2935234284800814,0.10863089213568598,0.10863089213568608,0.4530386740331492,0.13666666666666666,0.3016666666666667,0.5481827275758586,gbm
7,venue_change,isotonic,val,3000,0.5376666666666666,0.5888393753415782,1.0592394445434077,0.03207660694758235,0.034681946670114996,0.26460859977949286,0.08,0.30233333333333334,,gbm
7,venue_change,bayes_bin,pre,1500,0.538,0.5939787760932878,1.0724189901919745,0.01702605770196237,0.025784074813315218,0.2801047120418848,0.07133333333333333,0.25466666666666665,0.47098065376917947,gbm
7,venue_change,bayes_bin,post,3000,0.4503333333333333,0.6820649401649943,1.286406912032669,0.10480129921880743,0.10480129921880746,0.44336175395858707,0.12133333333333333,0.27366666666666667,0.5481827275758586,gbm
7,venue_change,bayes_bin,val,3000,0.5376666666666666,0.5899323829029728,1.0617908113775785,0.03266688045554614,0.026889222489124922,0.2563176895306859,0.071,0.277,,gbm
7,rare_cluster,raw,pre,1500,0.538,0.6828941924399397,1.3937812616852552,0.25228906240357235,0.24862499245216466,0.42964196502914237,0.344,0.8006666666666666,0.47098065376917947,gbm
7,rare_cluster,raw,post,3000,0.5093333333333333,0.7114974351980438,1.4583811469513215,0.27354165004442477,0.2735416500444248,0.4523411371237458,0.3606666666666667,0.7973333333333333,0.4858286095365122,gbm
7,rare_cluster,raw,val,3000,0.5376666666666666,0.6796971734485462,1.3797665182217203,0.25353213430469684,0.25353213430469684,0.42131557035803496,0.3373333333333333,0.8006666666666666,,gbm
7,rare_cluster,temperature,pre,1500,0.538,0.5733707564118139,0.9639167698138026,0.023927331791319128,0.02382582808769629,0.2601010101010101,0.06866666666666667,0.264,0.47098065376917947,gbm
7,rare_cluster,temperature,post,3000,0.5093333333333333,0.586641605963337,0.9840819187390948,0.02449740781894762,0.02520017118390946,0.287598944591029,0.07266666666666667,0.25266666666666665,0.4858286095365122,gbm
7,rare_cluster,temperature,val,3000,0.5376666666666666,0.5667273911038968,0.9525046863473984,0.0207073661209021,0.03098453042641298,0.2511961722488038,0.07,0.2786666666666667,,gbm
7,rare_cluster,platt,pre,1500,0.538,0.5943432463710088,1.0725509455769435,0.021881691639060275,0.022078677994569997,0.2932692307692308,0.08133333333333333,0.2773333333333333,0.47098065376917947,gbm
7,rare_cluster,platt,post,3000,0.5093333333333333,0.6087657442194425,1.1092433856180306,0.03822909946482953,0.03764559853913595,0.29865361077111385,0.08133333333333333,0.2723333333333333,0.4858286095365122,gbm
7,rare_cluster,platt,val,3000,0.5376666666666666,0.5884468652526366,1.0586365752971065,0.0347543477075386,0.03218454959021034,0.26593406593406593,0.08066666666666666,0.30333333333333334,,gbm
7,rare_cluster,beta,pre,1500,0.538,0.594795709392346,1.0728719186940852,0.028376818127525374,0.027906782460385176,0.2828282828282828,0.07466666666666667,0.264,0.47098065376917947,gbm
7,rare_cluster,beta,post,3000,0.5093333333333333,0.6093319571675602,1.109659550109572,0.04098409627801833,0.03974041160362097,0.29226736566186107,0.07433333333333333,0.25433333333333336,0.4858286095365122,gbm
7,rare_cluster,beta,val,3000,0.5376666666666666,0.5888128312761048,1.058514057063713,0.03338890275835246,0.028305596875543345,0.2558139534883721,0.07333333333333333,0.2866666666666667,,gbm
7,rare_cluster,isotonic,pre,1500,0.538,0.5955165516847095,1.076261650993245,0.018355677895675902,0.02193037277206733,0.2929782082324455,0.08066666666666666,0.2753333333333333,0.47098065376917947,gbm
7,rare_cluster,isotonic,post,3000,0.5093333333333333,0.6094666318583815,1.1116879719045605,0.05165465662771362,0.05165465662771362,0.2971639950678175,0.08033333333333334,0.2703333333333333,0.4858286095365122,gbm
7,rare_cluster,isotonic,val,3000,0.5376666666666666,0.5888393753415782,1.0592394445434077,0.03207660694758235,0.034681946670114996,0.26460859977949286,0.08,0.30233333333333334,,gbm
7,rare_cluster,bayes_bin,pre,1500,0.538,0.5939787760932878,1.0724189901919745,0.01702605770196237,0.025784074813315218,0.2801047120418848,0.07133333333333333,0.25466666666666665,0.47098065376917947,gbm
7,rare_cluster,bayes_bin,post,3000,0.5093333333333333,0.6104538884805676,1.111697189498617,0.043702803915050666,0.046989545706279154,0.28936742934051146,0.07166666666666667,0.24766666666666667,0.4858286095365122,gbm
7,rare_cluster,bayes_bin,val,3000,0.5376666666666666,0.5899323829029728,1.0617908113775785,0.03266688045554614,0.026889222489124922,0.2563176895306859,0.071,0.277,,gbm
8,none,raw,pre,1500,0.55,0.5479418562009407,0.9195084431317088,0.030149323646512866,0.028039730666298814,0.2664233576642336,0.09733333333333333,0.36533333333333334,0.33755837224816543,lr
8,none,raw,post,3000,0.582,0.5186663001276812,0.8790403620589425,0.019337031169843855,0.03356778793511309,0.22577927548441448,0.08933333333333333,0.39566666666666667,0.3127709236412137,lr
8,none,raw,val,3000,0.5806666666666667,0.5322796522816472,0.8995479680269933,0.015454504476352292,0.024047517427097695,0.2574416733708769,0.10666666666666667,0.41433333333333333,,lr
8,none,temperature,pre,1500,0.55,0.5484891527083194,0.9205222999454944,0.025860000094465277,0.027846823620281135,0.27948303715670436,0.11533333333333333,0.4126666666666667,0.33755837224816543,lr
8,none,temperature,post,3000,0.582,0.5177565523778882,0.8775658415897603,0.014874462429678001,0.027369006008890542,0.2446319018404908,0.10633333333333334,0.43466666666666665,0.3127709236412137,lr
8,none,temperature,val,3000,0.5806666666666667,0.5323621454823647,0.9007194574617325,0.015400807724720205,0.02671579076801323,0.2651851851851852,0.11933333333333333,0.45,,lr
8,none,platt,pre,1500,0.55,0.5481995400617795,0.9196917900670691,0.020896636296003263,0.024776130128893868,0.2785016286644951,0.114,0.4093333333333333,0.33755837224816543,lr
8,none,platt,post,3000,0.582,0.5174880205564298,0.8767081717284,0.011384470471563539,0.023286338671362813,0.243639167309175,0.10533333333333333,0.43233333333333335,0.3127709236412137,lr
8,none,platt,val,3000,0.5806666666666667,0.5322567247882939,0.9003186469975144,0.015082170039873716,0.02804381847266754,0.262528047868362,0.117,0.44566666666666666,,lr
8,none,beta,pre,1500,0.55,0.548214885890125,0.9196925036640549,0.01842648765321749,0.02371621763145315,0.2765957446808511,0.11266666666666666,0.4073333333333333,0.33755837224816543,lr
8,none,beta,post,3000,0.582,0.5174650319136556,0.8766607756300481,0.011268283561126406,0.023175499379517312,0.24324324324324326,0.105,0.43166666666666664,0.3127709236412137,lr
8,none,beta,val,3000,0.5806666666666667,0.5322732948468925,0.9003801556331176,0.015647384086620864,0.028149278594633873,0.2623688155922039,0.11666666666666667,0.44466666666666665,,lr
8,none,isotonic,pre,1500,0.55,0.5478249639114893,0.9191332808210383,0.021020092186174896,0.02646892719412382,0.27408637873754155,0.11,0.4013333333333333,0.33755837224816543,lr
8,none,isotonic,post,3000,0.582,0.5178264396157509,0.8772635070133219,0.015063002365388383,0.019964228859269163,0.24143302180685358,0.10333333333333333,0.428,0.3127709236412137,lr
8,none,isotonic,val,3000,0.5806666666666667,0.532316342178251,0.9013117055704709,0.0255962717069838,0.029604186674273343,0.2590634441087613,0.11433333333333333,0.44133333333333336,,lr
8,none,bayes_bin,pre,1500,0.55,0.5492612755078627,0.9223946178108939,0.025563034617915956,0.026330380329398398,0.2911931818181818,0.13666666666666666,0.4693333333333333,0.33755837224816543,lr
8,none,bayes_bin,post,3000,0.582,0.5196093084119576,0.8799557561941066,0.01947264163883665,0.023634786471899816,0.2727882037533512,0.13566666666666666,0.49733333333333335,0.3127709236412137,lr
8,none,bayes_bin,val,3000,0.5806666666666667,0.5325050091432739,0.9002610759406902,0.014433862439553214,0.027517919170942394,0.29298132646490666,0.15166666666666667,0.5176666666666667,,lr
8,vol_jump,raw,pre,1500,0.55,0.5479418562009407,0.9195084431317088,0.030149323646512866,0.028039730666298814,0.2664233576642336,0.09733333333333333,0.36533333333333334,0.33755837224816543,lr
8,vol_jump,raw,post,3000,0.528,0.6261945781397861,1.0931300040694822,0.06005159882405215,0.06860903398473367,0.36899747262005056,0.146,0.39566666666666667,0.3127709236412137,lr
8,vol_jump,raw,val,3000,0.5806666666666667,0.5322796522816472,0.8995479680269933,0.015454504476352292,0.024047517427097695,0.2574416733708769,0.10666666666666667,0.41433333333333333,,lr
8,vol_jump,temperature,pre,1500,0.55,0.5484891527083194,0.9205222999454944,0.025860000094465277,0.027846823620281135,0.27948303715670436,0.11533333333333333,0.4126666666666667,0.33755837224816543,lr
8,vol_jump,temperature,post,3000,0.528,0.6307883447255171,1.1122590413377678,0.0699644044002042,0.0781357925115508,0.37806748466257667,0.16433333333333333,0.43466666666666665,0.3127709236412137,lr
8,vol_jump,temperature,val,3000,0.5806666666666667,0.5323621454823647,0.9007194574617325,0.015400807724720205,0.02671579076801323,0.2651851851851852,0.11933333333333333,0.45,,lr
8,vol_jump,platt,pre,1500,0.55,0.5481995400617795,0.9196917900670691,0.020896636296003263,0.024776130128893868,0.2785016286644951,0.114,0.4093333333333333,0.33755837224816543,lr
8,vol_jump,platt,post,3000,0.528,0.6288717439309,1.1027170646191655,0.06916822845954579,0.08025631688195475,0.37702390131071706,0.163,0.43233333333333335,0.3127709236412137,lr
8,vol_jump,platt,val,3000,0.5806666666666667,0.5322567247882939,0.9003186469975144,0.015082170039873716,0.02804381847266754,0.262528047868362,0.117,0.44566666666666666,,lr
8,vol_jump,beta,pre,1500,0.55,0.548214885890125,0.9196925036640549,0.01842648765321749,0.02371621763145315,0.2765957446808511,0.11266666666666666,0.4073333333333333,0.33755837224816543,lr
8,vol_jump,beta,post,3000,0.528,0.6288872892567938,1.1028285146803252,0.06871353629872984,0.08020950313551609,0.37683397683397685,0.16266666666666665,0.43166666666666664,0.3127709236412137,lr
8,vol_jump,beta,val,3000,0.5806666666666667,0.5322732948468925,0.9003801556331176,0.015647384086620864,0.028149278594633873,0.2623688155922039,0.11666666666666667,0.44466666666666665,,lr
8,vol_jump,isotonic,pre,1500,0.55,0.5478249639114893,0.9191332808210383,0.021020092186174896,0.02646892719412382,0.27408637873754155,0.11,0.4013333333333333,0.33755837224816543,lr
8,vol_jump,isotonic,post,3000,0.528,0.630340109259069,1.1070300279798169,0.06797214563171564,0.08468481993704427,0.37538940809968846,0.16066666666666668,0.428,0.3127709236412137,lr
8,vol_jump,isotonic,val,3000,0.5806666666666667,0.532316342178251,0.9013117055704709,0.0255962717069838,0.029604186674273343,0.2590634441087613,0.11433333333333333,0.44133333333333336,,lr
8,vol_jump,bayes_bin,pre,1500,0.55,0.5492612755078627,0.9223946178108939,0.025563034617915956,0.026330380329398398,0.2911931818181818,0.13666666666666666,0.4693333333333333,0.33755837224816543,lr
8,vol_jump,bayes_bin,post,3000,0.528,0.6306606887109887,1.1030757080302802,0.06841294464089837,0.0766989729251288,0.3947721179624665,0.19633333333333333,0.49733333333333335,0.3127709236412137,lr
8,vol_jump,bayes_bin,val,3000,0.5806666666666667,0.5325050091432739,0.9002610759406902,0.014433862439553214,0.027517919170942394,0.29298132646490666,0.15166666666666667,0.5176666666666667,,lr
8,regime_transition,raw,pre,1500,0.55,0.5479418562009407,0.9195084431317088,0.030149323646512866,0.028039730666298814,0.2664233576642336,0.09733333333333333,0.36533333333333334,0.33755837224816543,lr
8,regime_transition,raw,post,3000,0.369,0.7619575511689891,1.3087748934659091,0.19694030202356774,0.19694030202356774,0.6006739679865206,0.23766666666666666,0.39566666666666667,0.3127709236412137,lr
8,regime_transition,raw,val,3000,0.5806666666666667,0.5322796522816472,0.8995479680269933,0.015454504476352292,0.024047517427097695,0.2574416733708769,0.10666666666666667,0.41433333333333333,,lr
8,regime_transition,temperature,pre,1500,0.55,0.5484891527083194,0.9205222999454944,0.025860000094465277,0.027846823620281135,0.27948303715670436,0.11533333333333333,0.4126666666666667,0.33755837224816543,lr
8,regime_transition,temperature,post,3000,0.369,0.7759400525807654,1.3486571623606476,0.21393925860137158,0.21393925860137158,0.6012269938650306,0.2613333333333333,0.43466666666666665,0.3127709236412137,lr
8,regime_transition,temperature,val,3000,0.5806666666666667,0.5323621454823647,0.9007194574617325,0.015400807724720205,0.02671579076801323,0.2651851851851852,0.11933333333333333,0.45,,lr
8,regime_transition,platt,pre,1500,0.55,0.5481995400617795,0.9196917900670691,0.020896636296003263,0.024776130128893868,0.2785016286644951,0.114,0.4093333333333333,0.33755837224816543,lr
8,regime_transition,platt,post,3000,0.369,0.7749277019204773,1.3391877847883034,0.2111369661820886,0.2111369661820886,0.6006168080185043,0.25966666666666666,0.43233333333333335,0.3127709236412137,lr
8,regime_transition,platt,val,3000,0.5806666666666667,0.5322567247882939,0.9003186469975144,0.015082170039873716,0.02804381847266754,0.262528047868362,0.117,0.44566666666666666,,lr
8,regime_transition,beta,pre,1500,0.55,0.548214885890125,0.9196925036640549,0.01842648765321749,0.02371621763145315,0.2765957446808511,0.11266666666666666,0.4073333333333333,0.33755837224816543,lr
8,regime_transition,beta,post,3000,0.369,0.7748803251633981,1.3394802949993048,0.2110729213848948,0.2110729213848948,0.6,0.259,0.43166666666666664,0.3127709236412137,lr
8,regime_transition,beta,val,3000,0.5806666666666667,0.5322732948468925,0.9003801556331176,0.015647384086620864,0.028149278594633873,0.2623688155922039,0.11666666666666667,0.44466666666666665,,lr
8,regime_transition,isotonic,pre,1500,0.55,0.5478249639114893,0.9191332808210383,0.021020092186174896,0.02646892719412382,0.27408637873754155,0.11,0.4013333333333333,0.33755837224816543,lr
8,regime_transition,isotonic,post,3000,0.369,0.7769597183264816,1.345980388236354,0.2118709938827478,0.2118709938827478,0.5989096573208723,0.25633333333333336,0.428,0.3127709236412137,lr
8,regime_transition,isotonic,val,3000,0.5806666666666667,0.532316342178251,0.9013117055704709,0.0255962717069838,0.029604186674273343,0.2590634441087613,0.11433333333333333,0.44133333333333336,,lr
8,regime_transition,bayes_bin,pre,1500,0.55,0.5492612755078627,0.9223946178108939,0.025563034617915956,0.026330380329398398,0.2911931818181818,0.13666666666666666,0.4693333333333333,0.33755837224816543,lr
8,regime_transition,bayes_bin,post,3000,0.369,0.7749719509500124,1.3313663237062807,0.21197109800565356,0.21197109800565356,0.6085790884718498,0.30266666666666664,0.49733333333333335,0.3127709236412137,lr
8,regime_transition,bayes_bin,val,3000,0.5806666666666667,0.5325050091432739,0.9002610759406902,0.014433862439553214,0.027517919170942394,0.29298132646490666,0.15166666666666667,0.5176666666666667,,lr
8,feature_shift,raw,pre,1500,0.55,0.5479418562009407,0.9195084431317088,0.030149323646512866,0.028039730666298814,0.2664233576642336,0.09733333333333333,0.36533333333333334,0.33755837224816543,lr
8,feature_shift,raw,post,3000,0.499,0.658642810303155,1.1305419591856025,0.19889617509396823,0.19889617509396826,0.4312938816449348,0.2866666666666667,0.6646666666666666,0.20073357785928642,lr
8,feature_shift,raw,val,3000,0.5806666666666667,0.5322796522816472,0.8995479680269933,0.015454504476352292,0.024047517427097695,0.2574416733708769,0.10666666666666667,0.41433333333333333,,lr
8,feature_shift,temperature,pre,1500,0.55,0.5484891527083194,0.9205222999454944,0.025860000094465277,0.027846823620281135,0.27948303715670436,0.11533333333333333,0.4126666666666667,0.33755837224816543,lr
8,feature_shift,temperature,post,3000,0.499,0.6732981266903978,1.173074221562863,0.21829936500418953,0.21829936500418953,0.4404819277108434,0.30466666666666664,0.6916666666666667,0.20073357785928642,lr
8,feature_shift,temperature,val,3000,0.5806666666666667,0.5323621454823647,0.9007194574617325,0.015400807724720205,0.02671579076801323,0.2651851851851852,0.11933333333333333,0.45,,lr
8,feature_shift,platt,pre,1500,0.55,0.5481995400617795,0.9196917900670691,0.020896636296003263,0.024776130128893868,0.2785016286644951,0.114,0.4093333333333333,0.33755837224816543,lr
8,feature_shift,platt,post,3000,0.499,0.6747601002691369,1.175642421165883,0.2189191273053667,0.21891912730536664,0.4395551257253385,0.303,0.6893333333333334,0.20073357785928642,lr
8,feature_shift,platt,val,3000,0.5806666666666667,0.5322567247882939,0.9003186469975144,0.015082170039873716,0.02804381847266754,0.262528047868362,0.117,0.44566666666666666,,lr
8,feature_shift,beta,pre,1500,0.55,0.548214885890125,0.9196925036640549,0.01842648765321749,0.02371621763145315,0.2765957446808511,0.11266666666666666,0.4073333333333333,0.33755837224816543,lr
8,feature_shift,beta,post,3000,0.499,0.6749580632907035,1.177214546948218,0.2191504928924471,0.21915049289244715,0.43998063891577927,0.303,0.6886666666666666,0.20073357785928642,lr
8,feature_shift,beta,val,3000,0.5806666666666667,0.5322732948468925,0.9003801556331176,0.015647384086620864,0.028149278594633873,0.2623688155922039,0.11666666666666667,0.44466666666666665,,lr
8,feature_shift,isotonic,pre,1500,0.55,0.5478249639114893,0.9191332808210383,0.021020092186174896,0.02646892719412382,0.27408637873754155,0.11,0.4013333333333333,0.33755837224816543,lr
8,feature_shift,isotonic,post,3000,0.499,0.6786038328628595,1.1932510401905787,0.22110947839171038,0.22110947839171044,0.4383495145631068,0.301,0.6866666666666666,0.20073357785928642,lr
8,feature_shift,isotonic,val,3000,0.5806666666666667,0.532316342178251,0.9013117055704709,0.0255962717069838,0.029604186674273343,0.2590634441087613,0.11433333333333333,0.44133333333333336,,lr
8,feature_shift,bayes_bin,pre,1500,0.55,0.5492612755078627,0.9223946178108939,0.025563034617915956,0.026330380329398398,0.2911931818181818,0.13666666666666666,0.4693333333333333,0.33755837224816543,lr
8,feature_shift,bayes_bin,post,3000,0.499,0.6662249777635509,1.1334265685926308,0.19962726291234645,0.19962726291234645,0.44616788321167883,0.326,0.7306666666666667,0.20073357785928642,lr
8,feature_shift,bayes_bin,val,3000,0.5806666666666667,0.5325050091432739,0.9002610759406902,0.014433862439553214,0.027517919170942394,0.29298132646490666,0.15166666666666667,0.5176666666666667,,lr
8,missing_features,raw,pre,1500,0.55,0.5479418562009407,0.9195084431317088,0.030149323646512866,0.028039730666298814,0.2664233576642336,0.09733333333333333,0.36533333333333334,0.33755837224816543,lr
8,missing_features,raw,post,3000,0.5053333333333333,0.5884342653070885,0.988701382462538,0.022429631618926027,0.022888842816338847,0.2772413793103448,0.067,0.24166666666666667,0.4928309436478826,lr
8,missing_features,raw,val,3000,0.5806666666666667,0.5322796522816472,0.8995479680269933,0.015454504476352292,0.024047517427097695,0.2574416733708769,0.10666666666666667,0.41433333333333333,,lr
8,missing_features,temperature,pre,1500,0.55,0.5484891527083194,0.9205222999454944,0.025860000094465277,0.027846823620281135,0.27948303715670436,0.11533333333333333,0.4126666666666667,0.33755837224816543,lr
8,missing_features,temperature,post,3000,0.5053333333333333,0.5887992981515179,0.9908403904856723,0.023666584083155886,0.02279238407598285,0.2997601918465228,0.08333333333333333,0.278,0.4928309436478826,lr
8,missing_features,temperature,val,3000,0.5806666666666667,0.5323621454823647,0.9007194574617325,0.015400807724720205,0.02671579076801323,0.2651851851851852,0.11933333333333333,0.45,,lr
8,missing_features,platt,pre,1500,0.55,0.5481995400617795,0.9196917900670691,0.020896636296003263,0.024776130128893868,0.2785016286644951,0.114,0.4093333333333333,0.33755837224816543,lr
8,missing_features,platt,post,3000,0.5053333333333333,0.5880390501414949,0.988535446222039,0.024396266533980523,0.02265020931924472,0.2998790810157195,0.08266666666666667,0.27566666666666667,0.4928309436478826,lr
8,missing_features,platt,val,3000,0.5806666666666667,0.5322567247882939,0.9003186469975144,0.015082170039873716,0.02804381847266754,0.262528047868362,0.117,0.44566666666666666,,lr
8,missing_features,beta,pre,1500,0.55,0.548214885890125,0.9196925036640549,0.01842648765321749,0.02371621763145315,0.2765957446808511,0.11266666666666666,0.4073333333333333,0.33755837224816543,lr
8,missing_features,beta,post,3000,0.5053333333333333,0.588057006830911,0.9885582170356444,0.025060265126919955,0.02269342312806759,0.29683698296836986,0.08133333333333333,0.274,0.4928309436478826,lr
8,missing_features,beta,val,3000,0.5806666666666667,0.5322732948468925,0.9003801556331176,0.015647384086620864,0.028149278594633873,0.2623688155922039,0.11666666666666667,0.44466666666666665,,lr
8,missing_features,isotonic,pre,1500,0.55,0.5478249639114893,0.9191332808210383,0.021020092186174896,0.02646892719412382,0.27408637873754155,0.11,0.4013333333333333,0.33755837224816543,lr
8,missing_features,isotonic,post,3000,0.5053333333333333,0.5880856085815969,0.988541352612248,0.022889424746643492,0.029541816898947297,0.29506172839506173,0.07966666666666666,0.27,0.4928309436478826,lr
8,missing_features,isotonic,val,3000,0.5806666666666667,0.532316342178251,0.9013117055704709,0.0255962717069838,0.029604186674273343,0.2590634441087613,0.11433333333333333,0.44133333333333336,,lr
8,missing_features,bayes_bin,pre,1500,0.55,0.5492612755078627,0.9223946178108939,0.025563034617915956,0.026330380329398398,0.2911931818181818,0.13666666666666666,0.4693333333333333,0.33755837224816543,lr
8,missing_features,bayes_bin,post,3000,0.5053333333333333,0.5904150561931762,0.9917828317738981,0.019752478170184433,0.02708113176723609,0.3235294117647059,0.10633333333333334,0.32866666666666666,0.4928309436478826,lr
8,missing_features,bayes_bin,val,3000,0.5806666666666667,0.5325050091432739,0.9002610759406902,0.014433862439553214,0.027517919170942394,0.29298132646490666,0.15166666666666667,0.5176666666666667,,lr
8,stale_features,raw,pre,1500,0.55,0.5479418562009407,0.9195084431317088,0.030149323646512866,0.028039730666298814,0.2664233576642336,0.09733333333333333,0.36533333333333334,0.33755837224816543,lr
8,stale_features,raw,post,3000,0.433,0.6902234340533057,1.1801607875666165,0.13515108855347632,0.1360723948094179,0.4870689655172414,0.18833333333333332,0.38666666666666666,0.08469489829943315,lr
8,stale_features,raw,val,3000,0.5806666666666667,0.5322796522816472,0.8995479680269933,0.015454504476352292,0.024047517427097695,0.2574416733708769,0.10666666666666667,0.41433333333333333,,lr
8,stale_features,temperature,pre,1500,0.55,0.5484891527083194,0.9205222999454944,0.025860000094465277,0.027846823620281135,0.27948303715670436,0.11533333333333333,0.4126666666666667,0.33755837224816543,lr
8,stale_features,temperature,post,3000,0.433,0.6998640413264114,1.2077499325784011,0.1523314764989211,0.1523314764989211,0.49224806201550386,0.21166666666666667,0.43,0.08469489829943315,lr
8,stale_features,temperature,val,3000,0.5806666666666667,0.5323621454823647,0.9007194574617325,0.015400807724720205,0.02671579076801323,0.2651851851851852,0.11933333333333333,0.45,,lr
8,stale_features,platt,pre,1500,0.55,0.5481995400617795,0.9196917900670691,0.020896636296003263,0.024776130128893868,0.2785016286644951,0.114,0.4093333333333333,0.33755837224816543,lr
8,stale_features,platt,post,3000,0.433,0.6987821537687638,1.2009161395646566,0.14948154880468892,0.15213635345202836,0.49257232212666147,0.21,0.42633333333333334,0.08469489829943315,lr
8,stale_features,platt,val,3000,0.5806666666666667,0.5322567247882939,0.9003186469975144,0.015082170039873716,0.02804381847266754,0.262528047868362,0.117,0.44566666666666666,,lr
8,stale_features,beta,pre,1500,0.55,0.548214885890125,0.9196925036640549,0.01842648765321749,0.02371621763145315,0.2765957446808511,0.11266666666666666,0.4073333333333333,0.33755837224816543,lr
8,stale_features,beta,post,3000,0.433,0.6987452943056524,1.201167401207865,0.14939042450286208,0.1525963326795608,0.4921383647798742,0.20866666666666667,0.424,0.08469489829943315,lr
8,stale_features,beta,val,3000,0.5806666666666667,0.5322732948468925,0.9003801556331176,0.015647384086620864,0.028149278594633873,0.2623688155922039,0.11666666666666667,0.44466666666666665,,lr
8,stale_features,isotonic,pre,1500,0.55,0.5478249639114893,0.9191332808210383,0.021020092186174896,0.02646892719412382,0.27408637873754155,0.11,0.4013333333333333,0.33755837224816543,lr
8,stale_features,isotonic,post,3000,0.433,0.7016372046038241,1.20740877701954,0.15064878632488848,0.1543250169658389,0.49243027888446217,0.206,0.41833333333333333,0.08469489829943315,lr
8,stale_features,isotonic,val,3000,0.5806666666666667,0.532316342178251,0.9013117055704709,0.0255962717069838,0.029604186674273343,0.2590634441087613,0.11433333333333333,0.44133333333333336,,lr
8,stale_features,bayes_bin,pre,1500,0.55,0.5492612755078627,0.9223946178108939,0.025563034617915956,0.026330380329398398,0.2911931818181818,0.13666666666666666,0.4693333333333333,0.33755837224816543,lr
8,stale_features,bayes_bin,post,3000,0.433,0.6986419103433351,1.1939367326856798,0.15058019377064133,0.15948777621527171,0.5013140604467805,0.25433333333333336,0.5073333333333333,0.08469489829943315,lr
8,stale_features,bayes_bin,val,3000,0.5806666666666667,0.5325050091432739,0.9002610759406902,0.014433862439553214,0.027517919170942394,0.29298132646490666,0.15166666666666667,0.5176666666666667,,lr
8,venue_change,raw,pre,1500,0.55,0.5479418562009407,0.9195084431317088,0.030149323646512866,0.028039730666298814,0.2664233576642336,0.09733333333333333,0.36533333333333334,0.33755837224816543,lr
8,venue_change,raw,post,3000,0.4856666666666667,0.6361214954762464,1.0784059032535855,0.0977287952463922,0.09772879524639222,0.4078341013824885,0.177,0.434,0.42480826942314104,lr
8,venue_change,raw,val,3000,0.5806666666666667,0.5322796522816472,0.8995479680269933,0.015454504476352292,0.024047517427097695,0.2574416733708769,0.10666666666666667,0.41433333333333333,,lr
8,venue_change,temperature,pre,1500,0.55,0.5484891527083194,0.9205222999454944,0.025860000094465277,0.027846823620281135,0.27948303715670436,0.11533333333333333,0.4126666666666667,0.33755837224816543,lr
8,venue_change,temperature,post,3000,0.4856666666666667,0.6436553481476306,1.0983649672522984,0.11541566412446305,0.11541566412446302,0.41475295755045233,0.19866666666666666,0.479,0.42480826942314104,lr
8,venue_change,temperature,val,3000,0.5806666666666667,0.5323621454823647,0.9007194574617325,0.015400807724720205,0.02671579076801323,0.2651851851851852,0.11933333333333333,0.45,,lr
8,venue_change,platt,pre,1500,0.55,0.5481995400617795,0.9196917900670691,0.020896636296003263,0.024776130128893868,0.2785016286644951,0.114,0.4093333333333333,0.33755837224816543,lr
8,venue_change,platt,post,3000,0.4856666666666667,0.6433735768912909,1.09515351481888,0.11319882831146644,0.11319882831146645,0.4147368421052632,0.197,0.475,0.42480826942314104,lr
8,venue_change,platt,val,3000,0.5806666666666667,0.5322567247882939,0.9003186469975144,0.015082170039873716,0.02804381847266754,0.262528047868362,0.117,0.44566666666666666,,lr
8,venue_change,beta,pre,1500,0.55,0.548214885890125,0.9196925036640549,0.01842648765321749,0.02371621763145315,0.2765957446808511,0.11266666666666666,0.4073333333333333,0.33755837224816543,lr
8,venue_change,beta,post,3000,0.4856666666666667,0.6433519197683856,1.0953839855269798,0.11314597443088849,0.11314597443088849,0.41338028169014085,0.19566666666666666,0.47333333333333333,0.42480826942314104,lr
8,venue_change,beta,val,3000,0.5806666666666667,0.5322732948468925,0.9003801556331176,0.015647384086620864,0.028149278594633873,0.2623688155922039,0.11666666666666667,0.44466666666666665,,lr
8,venue_change,isotonic,pre,1500,0.55,0.5478249639114893,0.9191332808210383,0.021020092186174896,0.02646892719412382,0.27408637873754155,0.11,0.4013333333333333,0.33755837224816543,lr
8,venue_change,isotonic,post,3000,0.4856666666666667,0.6451010722042805,1.1003821019112405,0.11461728384299529,0.12189001111572258,0.4129353233830846,0.19366666666666665,0.469,0.42480826942314104,lr
8,venue_change,isotonic,val,3000,0.5806666666666667,0.532316342178251,0.9013117055704709,0.0255962717069838,0.029604186674273343,0.2590634441087613,0.11433333333333333,0.44133333333333336,,lr
8,venue_change,bayes_bin,pre,1500,0.55,0.5492612755078627,0.9223946178108939,0.025563034617915956,0.026330380329398398,0.2911931818181818,0.13666666666666666,0.4693333333333333,0.33755837224816543,lr
8,venue_change,bayes_bin,post,3000,0.4856666666666667,0.6438523070045666,1.090319191439406,0.11317076961595648,0.1220282732783188,0.43368291178285007,0.23433333333333334,0.5403333333333333,0.42480826942314104,lr
8,venue_change,bayes_bin,val,3000,0.5806666666666667,0.5325050091432739,0.9002610759406902,0.014433862439553214,0.027517919170942394,0.29298132646490666,0.15166666666666667,0.5176666666666667,,lr
8,rare_cluster,raw,pre,1500,0.55,0.5479418562009407,0.9195084431317088,0.030149323646512866,0.028039730666298814,0.2664233576642336,0.09733333333333333,0.36533333333333334,0.33755837224816543,lr
8,rare_cluster,raw,post,3000,0.5526666666666666,0.5538992421166011,0.9499450179691847,0.02054793686664037,0.022965585523949374,0.27181208053691275,0.108,0.3973333333333333,0.3197732577525842,lr
8,rare_cluster,raw,val,3000,0.5806666666666667,0.5322796522816472,0.8995479680269933,0.015454504476352292,0.024047517427097695,0.2574416733708769,0.10666666666666667,0.41433333333333333,,lr
8,rare_cluster,temperature,pre,1500,0.55,0.5484891527083194,0.9205222999454944,0.025860000094465277,0.027846823620281135,0.27948303715670436,0.11533333333333333,0.4126666666666667,0.33755837224816543,lr
8,rare_cluster,temperature,post,3000,0.5526666666666666,0.5549284888763814,0.9555812538313466,0.032303882313322006,0.034468628420120044,0.28931297709923665,0.12633333333333333,0.43666666666666665,0.3197732577525842,lr
8,rare_cluster,temperature,val,3000,0.5806666666666667,0.5323621454823647,0.9007194574617325,0.015400807724720205,0.02671579076801323,0.2651851851851852,0.11933333333333333,0.45,,lr
8,rare_cluster,platt,pre,1500,0.55,0.5481995400617795,0.9196917900670691,0.020896636296003263,0.024776130128893868,0.2785016286644951,0.114,0.4093333333333333,0.33755837224816543,lr
8,rare_cluster,platt,post,3000,0.5526666666666666,0.5544485823203938,0.9530318894079292,0.029531368523916704,0.03198026154946293,0.2885648503453569,0.12533333333333332,0.43433333333333335,0.3197732577525842,lr
8,rare_cluster,platt,val,3000,0.5806666666666667,0.5322567247882939,0.9003186469975144,0.015082170039873716,0.02804381847266754,0.262528047868362,0.117,0.44566666666666666,,lr
8,rare_cluster,beta,pre,1500,0.55,0.548214885890125,0.9196925036640549,0.01842648765321749,0.02371621763145315,0.2765957446808511,0.11266666666666666,0.4073333333333333,0.33755837224816543,lr
8,rare_cluster,beta,post,3000,0.5526666666666666,0.5544319638494768,0.9531304187115548,0.029473188898827628,0.03179325328228795,0.28823981552651806,0.125,0.43366666666666664,0.3197732577525842,lr
8,rare_cluster,beta,val,3000,0.5806666666666667,0.5322732948468925,0.9003801556331176,0.015647384086620864,0.028149278594633873,0.2623688155922039,0.11666666666666667,0.44466666666666665,,lr
8,rare_cluster,isotonic,pre,1500,0.55,0.5478249639114893,0.9191332808210383,0.021020092186174896,0.02646892719412382,0.27408637873754155,0.11,0.4013333333333333,0.33755837224816543,lr
8,rare_cluster,isotonic,post,3000,0.5526666666666666,0.5551830750076427,0.9552433735557156,0.0345183606147392,0.03788889166220685,0.2857142857142857,0.12266666666666666,0.42933333333333334,0.3197732577525842,lr
8,rare_cluster,isotonic,val,3000,0.5806666666666667,0.532316342178251,0.9013117055704709,0.0255962717069838,0.029604186674273343,0.2590634441087613,0.11433333333333333,0.44133333333333336,,lr
8,rare_cluster,bayes_bin,pre,1500,0.55,0.5492612755078627,0.9223946178108939,0.025563034617915956,0.026330380329398398,0.2911931818181818,0.13666666666666666,0.4693333333333333,0.33755837224816543,lr
8,rare_cluster,bayes_bin,post,3000,0.5526666666666666,0.5557930989462765,0.9513649205290947,0.0301992570135901,0.036570802327451205,0.31705685618729096,0.158,0.49833333333333335,0.3197732577525842,lr
8,rare_cluster,bayes_bin,val,3000,0.5806666666666667,0.5325050091432739,0.9002610759406902,0.014433862439553214,0.027517919170942394,0.29298132646490666,0.15166666666666667,0.5176666666666667,,lr
8,none,raw,pre,1500,0.5146666666666667,0.698484589995086,1.348989175009503,0.24284019018637618,0.24284019018637626,0.44014401440144013,0.326,0.7406666666666667,0.49566377585056703,gbm
8,none,raw,post,3000,0.5343333333333333,0.6659007405237565,1.2893368101815477,0.22924728929886845,0.22797879514207536,0.42581211589113255,0.3233333333333333,0.7593333333333333,0.4808269423141047,gbm
8,none,raw,val,3000,0.525,0.6897536276279437,1.362977503594727,0.25140799654035584,0.2514079965403557,0.4321353065539112,0.3406666666666667,0.7883333333333333,,gbm
8,none,temperature,pre,1500,0.5146666666666667,0.5907878683604064,0.9872629600939472,0.01667445673767569,0.026289195525036682,0.29608938547486036,0.07066666666666667,0.23866666666666667,0.49566377585056703,gbm
8,none,temperature,post,3000,0.5343333333333333,0.5725410835347555,0.9635858299049432,0.028786796066395438,0.027943133832704803,0.2456839309428951,0.06166666666666667,0.251,0.4808269423141047,gbm
8,none,temperature,val,3000,0.525,0.5816385997655034,0.9753160524244039,0.015135016663305545,0.0294460669184039,0.29301745635910226,0.07833333333333334,0.2673333333333333,,gbm
8,none,platt,pre,1500,0.5146666666666667,0.6384696722509189,1.2054417664775514,0.08282941511277003,0.10731400062623493,0.3372093023255814,0.116,0.344,0.49566377585056703,gbm
8,none,platt,post,3000,0.5343333333333333,0.6113276246770603,1.1525944397438963,0.07108982239109796,0.08271001949858255,0.3022598870056497,0.107,0.354,0.4808269423141047,gbm
8,none,platt,val,3000,0.525,0.6287761707250774,1.2228563278967872,0.09533727674997566,0.09326080783690208,0.32717678100263853,0.124,0.379,,gbm
8,none,beta,pre,1500,0.5146666666666667,0.6127312846918062,1.0736753972687945,0.01819493157611873,0.028419424089357187,0.30985915492957744,0.07333333333333333,0.23666666666666666,0.49566377585056703,gbm
8,none,beta,post,3000,0.5343333333333333,0.5949828728503134,1.0602465356495185,0.020101939632027627,0.02798859127337533,0.2571041948579161,0.06333333333333334,0.24633333333333332,0.4808269423141047,gbm
8,none,beta,val,3000,0.525,0.6035177051673984,1.064881172576458,0.0331727905941304,0.034841363944460205,0.3075980392156863,0.08366666666666667,0.272,,gbm
8,none,isotonic,pre,1500,0.5146666666666667,0.6129536799859341,1.074519522736123,0.01894325947923806,0.03744431323203538,0.3114754098360656,0.076,0.244,0.49566377585056703,gbm
8,none,isotonic,post,3000,0.5343333333333333,0.5940818336757144,1.05936000336563,0.016721709470312096,0.028103843683478694,0.2623376623376623,0.06733333333333333,0.25666666666666665,0.4808269423141047,gbm
8,none,isotonic,val,3000,0.525,0.6036418056507665,1.0670421906153953,0.029709350790178946,0.039397760892048564,0.31124260355029587,0.08766666666666667,0.2816666666666667,,gbm
8,none,bayes_bin,pre,1500,0.5146666666666667,0.6143367019544302,1.076422966884329,0.017334819890282138,0.03588420392972027,0.30659025787965616,0.07133333333333333,0.23266666666666666,0.49566377585056703,gbm
8,none,bayes_bin,post,3000,0.5343333333333333,0.5950588104002661,1.061948799420712,0.03140391465368976,0.034469306525260326,0.25910364145658266,0.06166666666666667,0.238,0.4808269423141047,gbm
8,none,bayes_bin,val,3000,0.525,0.6038304351416842,1.065259223719018,0.026571330236694442,0.03203224559512165,0.30544993662864384,0.08033333333333334,0.263,,gbm
8,vol_jump,raw,pre,1500,0.5146666666666667,0.698484589995086,1.348989175009503,0.24284019018637618,0.24284019018637626,0.44014401440144013,0.326,0.7406666666666667,0.49566377585056703,gbm
8,vol_jump,raw,post,3000,0.45966666666666667,0.7954906931784496,1.7189243687707598,0.3026454618087421,0.3026454618087421,0.5079016681299385,0.38566666666666666,0.7593333333333333,0.4808269423141047,gbm
8,vol_jump,raw,val,3000,0.525,0.6897536276279437,1.362977503594727,0.25140799654035584,0.2514079965403557,0.4321353065539112,0.3406666666666667,0.7883333333333333,,gbm
8,vol_jump,temperature,pre,1500,0.5146666666666667,0.5907878683604064,0.9872629600939472,0.01667445673767569,0.026289195525036682,0.29608938547486036,0.07066666666666667,0.23866666666666667,0.49566377585056703,gbm
8,vol_jump,temperature,post,3000,0.45966666666666667,0.6471945744848736,1.091103907061559,0.06476439240365169,0.06463933210026754,0.3851261620185923,0.09666666666666666,0.251,0.4808269423141047,gbm
8,vol_jump,temperature,val,3000,0.525,0.5816385997655034,0.9753160524244039,0.015135016663305545,0.0294460669184039,0.29301745635910226,0.07833333333333334,0.2673333333333333,,gbm
8,vol_jump,platt,pre,1500,0.5146666666666667,0.6384696722509189,1.2054417664775514,0.08282941511277003,0.10731400062623493,0.3372093023255814,0.116,0.344,0.49566377585056703,gbm
8,vol_jump,platt,post,3000,0.45966666666666667,0.7258869844036192,1.541640380181756,0.1373465528017415,0.14425767992000063,0.4143126177024482,0.14666666666666667,0.354,0.4808269423141047,gbm
8,vol_jump,platt,val,3000,0.525,0.6287761707250774,1.2228563278967872,0.09533727674997566,0.09326080783690208,0.32717678100263853,0.124,0.379,,gbm
8,vol_jump,beta,pre,1500,0.5146666666666667,0.6127312846918062,1.0736753972687945,0.01819493157611873,0.028419424089357187,0.30985915492957744,0.07333333333333333,0.23666666666666666,0.49566377585056703,gbm
8,vol_jump,beta,post,3000,0.45966666666666667,0.6911814968308637,1.3271164309400614,0.0737888527636398,0.0737888527636398,0.39377537212449254,0.097,0.24633333333333332,0.4808269423141047,gbm
8,vol_jump,beta,val,3000,0.525,0.6035177051673984,1.064881172576458,0.0331727905941304,0.034841363944460205,0.3075980392156863,0.08366666666666667,0.272,,gbm
8,vol_jump,isotonic,pre,1500,0.5146666666666667,0.6129536799859341,1.074519522736123,0.01894325947923806,0.03744431323203538,0.3114754098360656,0.076,0.244,0.49566377585056703,gbm
8,vol_jump,isotonic,post,3000,0.45966666666666667,0.691296422686608,1.3299564969563644,0.07642317385985205,0.07642317385985202,0.3974025974025974,0.102,0.25666666666666665,0.4808269423141047,gbm
8,vol_jump,isotonic,val,3000,0.525,0.6036418056507665,1.0670421906153953,0.029709350790178946,0.039397760892048564,0.31124260355029587,0.08766666666666667,0.2816666666666667,,gbm
8,vol_jump,bayes_bin,pre,1500,0.5146666666666667,0.6143367019544302,1.076422966884329,0.017334819890282138,0.03588420392972027,0.30659025787965616,0.07133333333333333,0.23266666666666666,0.49566377585056703,gbm
8,vol_jump,bayes_bin,post,3000,0.45966666666666667,0.6903107433007106,1.3254233452961492,0.07487303332750889,0.07487303332750893,0.39775910364145656,0.09466666666666666,0.238,0.4808269423141047,gbm
8,vol_jump,bayes_bin,val,3000,0.525,0.6038304351416842,1.065259223719018,0.026571330236694442,0.03203224559512165,0.30544993662864384,0.08033333333333334,0.263,,gbm
8,regime_transition,raw,pre,1500,0.5146666666666667,0.698484589995086,1.348989175009503,0.24284019018637618,0.24284019018637626,0.44014401440144013,0.326,0.7406666666666667,0.49566377585056703,gbm
8,regime_transition,raw,post,3000,0.37233333333333335,0.9526633189789642,2.1625237010078164,0.38997879514207534,0.3899787951420754,0.6211589113257243,0.4716666666666667,0.7593333333333333,0.4808269423141047,gbm
8,regime_transition,raw,val,3000,0.525,0.6897536276279437,1.362977503594727,0.25140799654035584,0.2514079965403557,0.4321353065539112,0.3406666666666667,0.7883333333333333,,gbm
8,regime_transition,temperature,pre,1500,0.5146666666666667,0.5907878683604064,0.9872629600939472,0.01667445673767569,0.026289195525036682,0.29608938547486036,0.07066666666666667,0.23866666666666667,0.49566377585056703,gbm
8,regime_transition,temperature,post,3000,0.37233333333333335,0.7311304243603979,1.2227812164803813,0.1519726654336009,0.15197266543360088,0.598937583001328,0.15033333333333335,0.251,0.4808269423141047,gbm
8,regime_transition,temperature,val,3000,0.525,0.5816385997655034,0.9753160524244039,0.015135016663305545,0.0294460669184039,0.29301745635910226,0.07833333333333334,0.2673333333333333,,gbm
8,regime_transition,platt,pre,1500,0.5146666666666667,0.6384696722509189,1.2054417664775514,0.08282941511277003,0.10731400062623493,0.3372093023255814,0.116,0.344,0.49566377585056703,gbm
8,regime_transition,platt,post,3000,0.37233333333333335,0.8496244684526182,1.9297740428547199,0.22575648905776463,0.23425767992000063,0.5998116760828626,0.21233333333333335,0.354,0.4808269423141047,gbm
8,regime_transition,platt,val,3000,0.525,0.6287761707250774,1.2228563278967872,0.09533727674997566,0.09326080783690208,0.32717678100263853,0.124,0.379,,gbm
8,regime_transition,beta,pre,1500,0.5146666666666667,0.6127312846918062,1.0736753972687945,0.01819493157611873,0.028419424089357187,0.30985915492957744,0.07333333333333333,0.23666666666666666,0.49566377585056703,gbm
8,regime_transition,beta,post,3000,0.37233333333333335,0.7768143058330134,1.5327627092401714,0.16112218609697315,0.16112218609697315,0.6035182679296346,0.14866666666666667,0.24633333333333332,0.4808269423141047,gbm
8,regime_transition,beta,val,3000,0.525,0.6035177051673984,1.064881172576458,0.0331727905941304,0.034841363944460205,0.3075980392156863,0.08366666666666667,0.272,,gbm
8,regime_transition,isotonic,pre,1500,0.5146666666666667,0.6129536799859341,1.074519522736123,0.01894325947923806,0.03744431323203538,0.3114754098360656,0.076,0.244,0.49566377585056703,gbm
8,regime_transition,isotonic,post,3000,0.37233333333333335,0.7775941717304247,1.540625386277358,0.1637565071931854,0.16375650719318535,0.6051948051948052,0.15533333333333332,0.25666666666666665,0.4808269423141047,gbm
8,regime_transition,isotonic,val,3000,0.525,0.6036418056507665,1.0670421906153953,0.029709350790178946,0.039397760892048564,0.31124260355029587,0.08766666666666667,0.2816666666666667,,gbm
8,regime_transition,bayes_bin,pre,1500,0.5146666666666667,0.6143367019544302,1.076422966884329,0.017334819890282138,0.03588420392972027,0.30659025787965616,0.07133333333333333,0.23266666666666666,0.49566377585056703,gbm
8,regime_transition,bayes_bin,post,3000,0.37233333333333335,0.7744220415589897,1.5250521599960705,0.16220636666084223,0.16220636666084226,0.6008403361344538,0.143,0.238,0.4808269423141047,gbm
8,regime_transition,bayes_bin,val,3000,0.525,0.6038304351416842,1.065259223719018,0.026571330236694442,0.03203224559512165,0.30544993662864384,0.08033333333333334,0.263,,gbm
8,feature_shift,raw,pre,1500,0.5146666666666667,0.698484589995086,1.348989175009503,0.24284019018637618,0.24284019018637626,0.44014401440144013,0.326,0.7406666666666667,0.49566377585056703,gbm
8,feature_shift,raw,post,3000,0.38533333333333336,0.9654345224854408,2.272980787082069,0.41880926392058776,0.41880926392058776,0.6055488540410132,0.502,0.829,0.4691563854618206,gbm
8,feature_shift,raw,val,3000,0.525,0.6897536276279437,1.362977503594727,0.25140799654035584,0.2514079965403557,0.4321353065539112,0.3406666666666667,0.7883333333333333,,gbm
8,feature_shift,temperature,pre,1500,0.5146666666666667,0.5907878683604064,0.9872629600939472,0.01667445673767569,0.026289195525036682,0.29608938547486036,0.07066666666666667,0.23866666666666667,0.49566377585056703,gbm
8,feature_shift,temperature,post,3000,0.38533333333333336,0.7265610240771491,1.2071461554705847,0.1741280719267532,0.17412807192675323,0.5958702064896755,0.202,0.339,0.4691563854618206,gbm
8,feature_shift,temperature,val,3000,0.525,0.5816385997655034,0.9753160524244039,0.015135016663305545,0.0294460669184039,0.29301745635910226,0.07833333333333334,0.2673333333333333,,gbm
8,feature_shift,platt,pre,1500,0.5146666666666667,0.6384696722509189,1.2054417664775514,0.08282941511277003,0.10731400062623493,0.3372093023255814,0.116,0.344,0.49566377585056703,gbm
8,feature_shift,platt,post,3000,0.38533333333333336,0.86762495278564,2.0619029196030985,0.2701569860247349,0.27280189940142524,0.5958395245170877,0.2673333333333333,0.44866666666666666,0.4691563854618206,gbm
8,feature_shift,platt,val,3000,0.525,0.6287761707250774,1.2228563278967872,0.09533727674997566,0.09326080783690208,0.32717678100263853,0.124,0.379,,gbm
8,feature_shift,beta,pre,1500,0.5146666666666667,0.6127312846918062,1.0736753972687945,0.01819493157611873,0.028419424089357187,0.30985915492957744,0.07333333333333333,0.23666666666666666,0.49566377585056703,gbm
8,feature_shift,beta,post,3000,0.38533333333333336,0.7638582329905751,1.5081885902613605,0.1814089911870448,0.18140899118704476,0.5955734406438632,0.19733333333333333,0.3313333333333333,0.4691563854618206,gbm
8,feature_shift,beta,val,3000,0.525,0.6035177051673984,1.064881172576458,0.0331727905941304,0.034841363944460205,0.3075980392156863,0.08366666666666667,0.272,,gbm
8,feature_shift,isotonic,pre,1500,0.5146666666666667,0.6129536799859341,1.074519522736123,0.01894325947923806,0.03744431323203538,0.3114754098360656,0.076,0.244,0.49566377585056703,gbm
8,feature_shift,isotonic,post,3000,0.38533333333333336,0.7649950542917408,1.5228835530660065,0.18504082388682325,0.18457152970393853,0.5974534769833496,0.20333333333333334,0.3403333333333333,0.4691563854618206,gbm
8,feature_shift,isotonic,val,3000,0.525,0.6036418056507665,1.0670421906153953,0.029709350790178946,0.039397760892048564,0.31124260355029587,0.08766666666666667,0.2816666666666667,,gbm
8,feature_shift,bayes_bin,pre,1500,0.5146666666666667,0.6143367019544302,1.076422966884329,0.017334819890282138,0.03588420392972027,0.30659025787965616,0.07133333333333333,0.23266666666666666,0.49566377585056703,gbm
8,feature_shift,bayes_bin,post,3000,0.38533333333333336,0.7591700157770032,1.4930829750762924,0.18238125317609935,0.18181442769899345,0.595679012345679,0.193,0.324,0.4691563854618206,gbm
8,feature_shift,bayes_bin,val,3000,0.525,0.6038304351416842,1.065259223719018,0.026571330236694442,0.03203224559512165,0.30544993662864384,0.08033333333333334,0.263,,gbm
8,missing_features,raw,pre,1500,0.5146666666666667,0.698484589995086,1.348989175009503,0.24284019018637618,0.24284019018637626,0.44014401440144013,0.326,0.7406666666666667,0.49566377585056703,gbm
8,missing_features,raw,post,3000,0.4493333333333333,0.7776266267320492,1.5176180495099822,0.2836830414231828,0.2828237576613526,0.5110692416391899,0.3616666666666667,0.7076666666666667,0.6028676225408469,gbm
8,missing_features,raw,val,3000,0.525,0.6897536276279437,1.362977503594727,0.25140799654035584,0.2514079965403557,0.4321353065539112,0.3406666666666667,0.7883333333333333,,gbm
8,missing_features,temperature,pre,1500,0.5146666666666667,0.5907878683604064,0.9872629600939472,0.01667445673767569,0.026289195525036682,0.29608938547486036,0.07066666666666667,0.23866666666666667,0.49566377585056703,gbm
8,missing_features,temperature,post,3000,0.4493333333333333,0.6372310724381371,1.0621234843353757,0.050994592762689396,0.05093007696773438,0.366412213740458,0.064,0.17466666666666666,0.6028676225408469,gbm
8,missing_features,temperature,val,3000,0.525,0.5816385997655034,0.9753160524244039,0.015135016663305545,0.0294460669184039,0.29301745635910226,0.07833333333333334,0.2673333333333333,,gbm
8,missing_features,platt,pre,1500,0.5146666666666667,0.6384696722509189,1.2054417664775514,0.08282941511277003,0.10731400062623493,0.3372093023255814,0.116,0.344,0.49566377585056703,gbm
8,missing_features,platt,post,3000,0.4493333333333333,0.6985887947763073,1.3298817206326092,0.10837910873959111,0.10928212921425214,0.4128113879003559,0.116,0.281,0.6028676225408469,gbm
8,missing_features,platt,val,3000,0.525,0.6287761707250774,1.2228563278967872,0.09533727674997566,0.09326080783690208,0.32717678100263853,0.124,0.379,,gbm
8,missing_features,beta,pre,1500,0.5146666666666667,0.6127312846918062,1.0736753972687945,0.01819493157611873,0.028419424089357187,0.30985915492957744,0.07333333333333333,0.23666666666666666,0.49566377585056703,gbm
8,missing_features,beta,post,3000,0.4493333333333333,0.6712030673461421,1.2129575572495712,0.060920267013357024,0.060920267013357024,0.37453183520599254,0.06666666666666667,0.178,0.6028676225408469,gbm
8,missing_features,beta,val,3000,0.525,0.6035177051673984,1.064881172576458,0.0331727905941304,0.034841363944460205,0.3075980392156863,0.08366666666666667,0.272,,gbm
8,missing_features,isotonic,pre,1500,0.5146666666666667,0.6129536799859341,1.074519522736123,0.01894325947923806,0.03744431323203538,0.3114754098360656,0.076,0.244,0.49566377585056703,gbm
8,missing_features,isotonic,post,3000,0.4493333333333333,0.6706556118720005,1.2131994749460484,0.06387102151200123,0.06413090899469621,0.37809187279151946,0.07133333333333333,0.18866666666666668,0.6028676225408469,gbm
8,missing_features,isotonic,val,3000,0.525,0.6036418056507665,1.0670421906153953,0.029709350790178946,0.039397760892048564,0.31124260355029587,0.08766666666666667,0.2816666666666667,,gbm
8,missing_features,bayes_bin,pre,1500,0.5146666666666667,0.6143367019544302,1.076422966884329,0.017334819890282138,0.03588420392972027,0.30659025787965616,0.07133333333333333,0.23266666666666666,0.49566377585056703,gbm
8,missing_features,bayes_bin,post,3000,0.4493333333333333,0.6712228540527464,1.214296231655055,0.06458312945599634,0.06458312945599633,0.375,0.065,0.17333333333333334,0.6028676225408469,gbm
8,missing_features,bayes_bin,val,3000,0.525,0.6038304351416842,1.065259223719018,0.026571330236694442,0.03203224559512165,0.30544993662864384,0.08033333333333334,0.263,,gbm
8,stale_features,raw,pre,1500,0.5146666666666667,0.698484589995086,1.348989175009503,0.24284019018637618,0.24284019018637626,0.44014401440144013,0.326,0.7406666666666667,0.49566377585056703,gbm
8,stale_features,raw,post,3000,0.39966666666666667,0.9012393622148192,1.95061233112765,0.36648757946579935,0.3664875794657994,0.5866839602248163,0.4523333333333333,0.771,0.34178059353117707,gbm
8,stale_features,raw,val,3000,0.525,0.6897536276279437,1.362977503594727,0.25140799654035584,0.2514079965403557,0.4321353065539112,0.3406666666666667,0.7883333333333333,,gbm
8,stale_features,temperature,pre,1500,0.5146666666666667,0.5907878683604064,0.9872629600939472,0.01667445673767569,0.026289195525036682,0.29608938547486036,0.07066666666666667,0.23866666666666667,0.49566377585056703,gbm
8,stale_features,temperature,post,3000,0.39966666666666667,0.6954456768476399,1.1594864103176479,0.12545013392962764,0.12545013392962764,0.5151933701657458,0.12433333333333334,0.24133333333333334,0.34178059353117707,gbm
8,stale_features,temperature,val,3000,0.525,0.5816385997655034,0.9753160524244039,0.015135016663305545,0.0294460669184039,0.29301745635910226,0.07833333333333334,0.2673333333333333,,gbm
8,stale_features,platt,pre,1500,0.5146666666666667,0.6384696722509189,1.2054417664775514,0.08282941511277003,0.10731400062623493,0.3372093023255814,0.116,0.344,0.49566377585056703,gbm
8,stale_features,platt,post,3000,0.39966666666666667,0.8001335712366158,1.717994756413354,0.20367219029911265,0.20677190539812818,0.5419354838709678,0.196,0.3616666666666667,0.34178059353117707,gbm
8,stale_features,platt,val,3000,0.525,0.6287761707250774,1.2228563278967872,0.09533727674997566,0.09326080783690208,0.32717678100263853,0.124,0.379,,gbm
8,stale_features,beta,pre,1500,0.5146666666666667,0.6127312846918062,1.0736753972687945,0.01819493157611873,0.028419424089357187,0.30985915492957744,0.07333333333333333,0.23666666666666666,0.49566377585056703,gbm
8,stale_features,beta,post,3000,0.39966666666666667,0.7355401710323873,1.398949233593967,0.1354502672437893,0.13545026724378936,0.5226063829787234,0.131,0.25066666666666665,0.34178059353117707,gbm
8,stale_features,beta,val,3000,0.525,0.6035177051673984,1.064881172576458,0.0331727905941304,0.034841363944460205,0.3075980392156863,0.08366666666666667,0.272,,gbm
8,stale_features,isotonic,pre,1500,0.5146666666666667,0.6129536799859341,1.074519522736123,0.01894325947923806,0.03744431323203538,0.3114754098360656,0.076,0.244,0.49566377585056703,gbm
8,stale_features,isotonic,post,3000,0.39966666666666667,0.73663466904182,1.4046421129455544,0.1381642944558643,0.13816429445586428,0.5242966751918159,0.13666666666666666,0.26066666666666666,0.34178059353117707,gbm
8,stale_features,isotonic,val,3000,0.525,0.6036418056507665,1.0670421906153953,0.029709350790178946,0.039397760892048564,0.31124260355029587,0.08766666666666667,0.2816666666666667,,gbm
8,stale_features,bayes_bin,pre,1500,0.5146666666666667,0.6143367019544302,1.076422966884329,0.017334819890282138,0.03588420392972027,0.30659025787965616,0.07133333333333333,0.23266666666666666,0.49566377585056703,gbm
8,stale_features,bayes_bin,post,3000,0.39966666666666667,0.735762127046618,1.397593814090811,0.1367778414999602,0.13677784149996017,0.5190735694822888,0.127,0.24466666666666667,0.34178059353117707,gbm
8,stale_features,bayes_bin,val,3000,0.525,0.6038304351416842,1.065259223719018,0.026571330236694442,0.03203224559512165,0.30544993662864384,0.08033333333333334,0.263,,gbm
8,venue_change,raw,pre,1500,0.5146666666666667,0.698484589995086,1.348989175009503,0.24284019018637618,0.24284019018637626,0.44014401440144013,0.326,0.7406666666666667,0.49566377585056703,gbm
8,venue_change,raw,post,3000,0.448,0.8219104414612243,1.747624013521309,0.3276488172873656,0.3273735778983324,0.5238500851788757,0.41,0.7826666666666666,0.5801933977992664,gbm
8,venue_change,raw,val,3000,0.525,0.6897536276279437,1.362977503594727,0.25140799654035584,0.2514079965403557,0.4321353065539112,0.3406666666666667,0.7883333333333333,,gbm
8,venue_change,temperature,pre,1500,0.5146666666666667,0.5907878683604064,0.9872629600939472,0.01667445673767569,0.026289195525036682,0.29608938547486036,0.07066666666666667,0.23866666666666667,0.49566377585056703,gbm
8,venue_change,temperature,post,3000,0.448,0.652155745964908,1.0888301464083827,0.08453885855477607,0.08453885855477605,0.42839195979899497,0.11366666666666667,0.2653333333333333,0.5801933977992664,gbm
8,venue_change,temperature,val,3000,0.525,0.5816385997655034,0.9753160524244039,0.015135016663305545,0.0294460669184039,0.29301745635910226,0.07833333333333334,0.2673333333333333,,gbm
8,venue_change,platt,pre,1500,0.5146666666666667,0.6384696722509189,1.2054417664775514,0.08282941511277003,0.10731400062623493,0.3372093023255814,0.116,0.344,0.49566377585056703,gbm
8,venue_change,platt,post,3000,0.448,0.7387894046476783,1.5554820924012345,0.16597056675222235,0.16795345620233165,0.4681034482758621,0.181,0.38666666666666666,0.5801933977992664,gbm
8,venue_change,platt,val,3000,0.525,0.6287761707250774,1.2228563278967872,0.09533727674997566,0.09326080783690208,0.32717678100263853,0.124,0.379,,gbm
8,venue_change,beta,pre,1500,0.5146666666666667,0.6127312846918062,1.0736753972687945,0.01819493157611873,0.028419424089357187,0.30985915492957744,0.07333333333333333,0.23666666666666666,0.49566377585056703,gbm
8,venue_change,beta,post,3000,0.448,0.6849170291769986,1.2727565814941464,0.09474991174951855,0.09474991174951851,0.42661691542288555,0.11433333333333333,0.268,0.5801933977992664,gbm
8,venue_change,beta,val,3000,0.525,0.6035177051673984,1.064881172576458,0.0331727905941304,0.034841363944460205,0.3075980392156863,0.08366666666666667,0.272,,gbm
8,venue_change,isotonic,pre,1500,0.5146666666666667,0.6129536799859341,1.074519522736123,0.01894325947923806,0.03744431323203538,0.3114754098360656,0.076,0.244,0.49566377585056703,gbm
8,venue_change,isotonic,post,3000,0.448,0.6843396763236531,1.2768646145836522,0.0975359617939054,0.09753596179390543,0.42789034564958284,0.11966666666666667,0.2796666666666667,0.5801933977992664,gbm
8,venue_change,isotonic,val,3000,0.525,0.6036418056507665,1.0670421906153953,0.029709350790178946,0.039397760892048564,0.31124260355029587,0.08766666666666667,0.2816666666666667,,gbm
8,venue_change,bayes_bin,pre,1500,0.5146666666666667,0.6143367019544302,1.076422966884329,0.017334819890282138,0.03588420392972027,0.30659025787965616,0.07133333333333333,0.23266666666666666,0.49566377585056703,gbm
8,venue_change,bayes_bin,post,3000,0.448,0.683517554102527,1.268336864484468,0.09585258513614757,0.0958525851361476,0.4276649746192893,0.11233333333333333,0.26266666666666666,0.5801933977992664,gbm
8,venue_change,bayes_bin,val,3000,0.525,0.6038304351416842,1.065259223719018,0.026571330236694442,0.03203224559512165,0.30544993662864384,0.08033333333333334,0.263,,gbm
8,rare_cluster,raw,pre,1500,0.5146666666666667,0.698484589995086,1.348989175009503,0.24284019018637618,0.24284019018637626,0.44014401440144013,0.326,0.7406666666666667,0.49566377585056703,gbm
8,rare_cluster,raw,post,3000,0.5146666666666667,0.6992555811553051,1.3844362341360956,0.25053664695736483,0.24901086458638394,0.4485776805251641,0.3416666666666667,0.7616666666666667,0.4778259419806602,gbm
8,rare_cluster,raw,val,3000,0.525,0.6897536276279437,1.362977503594727,0.25140799654035584,0.2514079965403557,0.4321353065539112,0.3406666666666667,0.7883333333333333,,gbm
8,rare_cluster,temperature,pre,1500,0.5146666666666667,0.5907878683604064,0.9872629600939472,0.01667445673767569,0.026289195525036682,0.29608938547486036,0.07066666666666667,0.23866666666666667,0.49566377585056703,gbm
8,rare_cluster,temperature,post,3000,0.5146666666666667,0.5899001796829465,0.9906461846823543,0.018999999735114306,0.021973111083528122,0.2894736842105263,0.07333333333333333,0.25333333333333335,0.4778259419806602,gbm
8,rare_cluster,temperature,val,3000,0.525,0.5816385997655034,0.9753160524244039,0.015135016663305545,0.0294460669184039,0.29301745635910226,0.07833333333333334,0.2673333333333333,,gbm
8,rare_cluster,platt,pre,1500,0.5146666666666667,0.6384696722509189,1.2054417664775514,0.08282941511277003,0.10731400062623493,0.3372093023255814,0.116,0.344,0.49566377585056703,gbm
8,rare_cluster,platt,post,3000,0.5146666666666667,0.6386869540863437,1.2361519886096675,0.08892394966406242,0.09781361623433962,0.333021515434986,0.11866666666666667,0.35633333333333334,0.4778259419806602,gbm
8,rare_cluster,platt,val,3000,0.525,0.6287761707250774,1.2228563278967872,0.09533727674997566,0.09326080783690208,0.32717678100263853,0.124,0.379,,gbm
8,rare_cluster,beta,pre,1500,0.5146666666666667,0.6127312846918062,1.0736753972687945,0.01819493157611873,0.028419424089357187,0.30985915492957744,0.07333333333333333,0.23666666666666666,0.49566377585056703,gbm
8,rare_cluster,beta,post,3000,0.5146666666666667,0.6156694559198764,1.1068744442594582,0.02591301337141837,0.027235019857230747,0.29878869448183043,0.074,0.24766666666666667,0.4778259419806602,gbm
8,rare_cluster,beta,val,3000,0.525,0.6035177051673984,1.064881172576458,0.0331727905941304,0.034841363944460205,0.3075980392156863,0.08366666666666667,0.272,,gbm
8,rare_cluster,isotonic,pre,1500,0.5146666666666667,0.6129536799859341,1.074519522736123,0.01894325947923806,0.03744431323203538,0.3114754098360656,0.076,0.244,0.49566377585056703,gbm
8,rare_cluster,isotonic,post,3000,0.5146666666666667,0.6149955260720171,1.1075179819584304,0.022391235241290372,0.03142555406463593,0.30283505154639173,0.07833333333333334,0.25866666666666666,0.4778259419806602,gbm
8,rare_cluster,isotonic,val,3000,0.525,0.6036418056507665,1.0670421906153953,0.029709350790178946,0.039397760892048564,0.31124260355029587,0.08766666666666667,0.2816666666666667,,gbm
8,rare_cluster,bayes_bin,pre,1500,0.5146666666666667,0.6143367019544302,1.076422966884329,0.017334819890282138,0.03588420392972027,0.30659025787965616,0.07133333333333333,0.23266666666666666,0.49566377585056703,gbm
8,rare_cluster,bayes_bin,post,3000,0.5146666666666667,0.6153897966459299,1.1075873740371514,0.029237409180057475,0.034170220257378224,0.30097087378640774,0.07233333333333333,0.24033333333333334,0.4778259419806602,gbm
8,rare_cluster,bayes_bin,val,3000,0.525,0.6038304351416842,1.065259223719018,0.026571330236694442,0.03203224559512165,0.30544993662864384,0.08033333333333334,0.263,,gbm
9,none,raw,pre,1500,0.5753333333333334,0.5178913228313824,0.8652187356542124,0.026848256483828423,0.031363294222629345,0.24177631578947367,0.098,0.4053333333333333,0.3002001334222815,lr
9,none,raw,post,3000,0.5723333333333334,0.5243922980506295,0.88746383884327,0.016285442450304423,0.01629093541263827,0.25421010425020046,0.10566666666666667,0.4156666666666667,0.2887629209736579,lr
9,none,raw,val,3000,0.5856666666666667,0.5166777184173021,0.8801276832135305,0.02077109891166475,0.03092946390584496,0.2378716744913928,0.10133333333333333,0.426,,lr
9,none,temperature,pre,1500,0.5753333333333334,0.5177394194010503,0.863782310425564,0.02180465473601524,0.028762943275134806,0.2564491654021244,0.11266666666666666,0.43933333333333335,0.3002001334222815,lr
9,none,temperature,post,3000,0.5723333333333334,0.5242044283824353,0.8876633108418089,0.027486001404015425,0.01849605564459045,0.2658788774002954,0.12,0.4513333333333333,0.2887629209736579,lr
9,none,temperature,val,3000,0.5856666666666667,0.5161488938539337,0.8801760792312172,0.01595565359237672,0.026900710693891047,0.25272331154684097,0.116,0.459,,lr
9,none,platt,pre,1500,0.5753333333333334,0.5176620754888036,0.86486748320352,0.014822480546554061,0.030385157638416954,0.2496,0.104,0.4166666666666667,0.3002001334222815,lr
9,none,platt,post,3000,0.5723333333333334,0.5240378657565963,0.8874378367399428,0.011609183065814852,0.013360792906020342,0.25625,0.10933333333333334,0.4266666666666667,0.2887629209736579,lr
9,none,platt,val,3000,0.5856666666666667,0.5159281169207373,0.8796817311304332,0.014629578891802887,0.0288600754629853,0.24311926605504589,0.106,0.436,,lr
9,none,beta,pre,1500,0.5753333333333334,0.5174817351216631,0.8649875374763845,0.010262925646753022,0.027442490170322447,0.2413793103448276,0.098,0.406,0.3002001334222815,lr
9,none,beta,post,3000,0.5723333333333334,0.5240722350394732,0.8878177157183111,0.010513183622942757,0.014603993201758442,0.2543859649122807,0.10633333333333334,0.418,0.2887629209736579,lr
9,none,beta,val,3000,0.5856666666666667,0.5160612256878432,0.8803075828890851,0.015656934939317756,0.030594181078482982,0.2410575427682737,0.10333333333333333,0.42866666666666664,,lr
9,none,isotonic,pre,1500,0.5753333333333334,0.5196781853077985,0.8693064200877261,0.01907647452727904,0.037199132385650244,0.23754152823920266,0.09533333333333334,0.4013333333333333,0.3002001334222815,lr
9,none,isotonic,post,3000,0.5723333333333334,0.525288935856799,0.8895353047134413,0.01844020828006744,0.023946941815632984,0.2532362459546926,0.10433333333333333,0.412,0.2887629209736579,lr
9,none,isotonic,val,3000,0.5856666666666667,0.5173142037218418,0.882558407562995,0.014902671831348264,0.026209694012246484,0.23431294678316125,0.09833333333333333,0.4196666666666667,,lr
9,none,bayes_bin,pre,1500,0.5753333333333334,0.515819318111298,0.86170165623785,0.013457323883592054,0.022248444384498668,0.26482758620689656,0.128,0.48333333333333334,0.3002001334222815,lr
9,none,bayes_bin,post,3000,0.5723333333333334,0.5253647841839904,0.8887558742772762,0.014075600522543032,0.019831858059746667,0.27652292950034224,0.13466666666666666,0.487,0.2887629209736579,lr
9,none,bayes_bin,val,3000,0.5856666666666667,0.5183480726773929,0.8817926600687903,0.016317918543031766,0.02322291951649365,0.26446837146702556,0.131,0.49533333333333335,,lr
9,vol_jump,raw,pre,1500,0.5753333333333334,0.5178913228313824,0.8652187356542124,0.026848256483828423,0.031363294222629345,0.24177631578947367,0.098,0.4053333333333333,0.3002001334222815,lr
9,vol_jump,raw,post,3000,0.5083333333333333,0.6387511520208213,1.1226721798461519,0.08823791366417688,0.08185738421337557,0.3937449879711307,0.16366666666666665,0.4156666666666667,0.2887629209736579,lr
9,vol_jump,raw,val,3000,0.5856666666666667,0.5166777184173021,0.8801276832135305,0.02077109891166475,0.03092946390584496,0.2378716744913928,0.10133333333333333,0.426,,lr
9,vol_jump,temperature,pre,1500,0.5753333333333334,0.5177394194010503,0.863782310425564,0.02180465473601524,0.028762943275134806,0.2564491654021244,0.11266666666666666,0.43933333333333335,0.3002001334222815,lr
9,vol_jump,temperature,post,3000,0.5083333333333333,0.6431718357397678,1.1408200768172274,0.10598970281254019,0.0917934797334741,0.40251107828655835,0.18166666666666667,0.4513333333333333,0.2887629209736579,lr
9,vol_jump,temperature,val,3000,0.5856666666666667,0.5161488938539337,0.8801760792312172,0.01595565359237672,0.026900710693891047,0.25272331154684097,0.116,0.459,,lr
9,vol_jump,platt,pre,1500,0.5753333333333334,0.5176620754888036,0.86486748320352,0.014822480546554061,0.030385157638416954,0.2496,0.104,0.4166666666666667,0.3002001334222815,lr
9,vol_jump,platt,post,3000,0.5083333333333333,0.6414220043887026,1.1308318680082237,0.08434376871109671,0.09100199281558514,0.3953125,0.16866666666666666,0.4266666666666667,0.2887629209736579,lr
9,vol_jump,platt,val,3000,0.5856666666666667,0.5159281169207373,0.8796817311304332,0.014629578891802887,0.0288600754629853,0.24311926605504589,0.106,0.436,,lr
9,vol_jump,beta,pre,1500,0.5753333333333334,0.5174817351216631,0.8649875374763845,0.010262925646753022,0.027442490170322447,0.2413793103448276,0.098,0.406,0.3002001334222815,lr
9,vol_jump,beta,post,3000,0.5083333333333333,0.6415757463463749,1.1323078367723112,0.08233752239839408,0.08918055046921006,0.3939393939393939,0.16466666666666666,0.418,0.2887629209736579,lr
9,vol_jump,beta,val,3000,0.5856666666666667,0.5160612256878432,0.8803075828890851,0.015656934939317756,0.030594181078482982,0.2410575427682737,0.10333333333333333,0.42866666666666664,,lr
9,vol_jump,isotonic,pre,1500,0.5753333333333334,0.5196781853077985,0.8693064200877261,0.01907647452727904,0.037199132385650244,0.23754152823920266,0.09533333333333334,0.4013333333333333,0.3002001334222815,lr
9,vol_jump,isotonic,post,3000,0.5083333333333333,0.6426549452469373,1.1353747167037194,0.0870896336205604,0.09807106739146784,0.3940129449838188,0.16233333333333333,0.412,0.2887629209736579,lr
9,vol_jump,isotonic,val,3000,0.5856666666666667,0.5173142037218418,0.882558407562995,0.014902671831348264,0.026209694012246484,0.23431294678316125,0.09833333333333333,0.4196666666666667,,lr
9,vol_jump,bayes_bin,pre,1500,0.5753333333333334,0.515819318111298,0.86170165623785,0.013457323883592054,0.022248444384498668,0.26482758620689656,0.128,0.48333333333333334,0.3002001334222815,lr
9,vol_jump,bayes_bin,post,3000,0.5083333333333333,0.6421305800728392,1.1275054465152439,0.0888751219860111,0.08887512198601105,0.4113620807665982,0.20033333333333334,0.487,0.2887629209736579,lr
9,vol_jump,bayes_bin,val,3000,0.5856666666666667,0.5183480726773929,0.8817926600687903,0.016317918543031766,0.02322291951649365,0.26446837146702556,0.131,0.49533333333333335,,lr
9,regime_transition,raw,pre,1500,0.5753333333333334,0.5178913228313824,0.8652187356542124,0.026848256483828423,0.031363294222629345,0.24177631578947367,0.098,0.4053333333333333,0.3002001334222815,lr
9,regime_transition,raw,post,3000,0.358,0.7832967040221605,1.369146551175002,0.21664865612945292,0.21664865612945292,0.6391339214113874,0.26566666666666666,0.4156666666666667,0.2887629209736579,lr
9,regime_transition,raw,val,3000,0.5856666666666667,0.5166777184173021,0.8801276832135305,0.02077109891166475,0.03092946390584496,0.2378716744913928,0.10133333333333333,0.426,,lr
9,regime_transition,temperature,pre,1500,0.5753333333333334,0.5177394194010503,0.863782310425564,0.02180465473601524,0.028762943275134806,0.2564491654021244,0.11266666666666666,0.43933333333333335,0.3002001334222815,lr
9,regime_transition,temperature,post,3000,0.358,0.7950671164414519,1.4061025683963486,0.23044764211367044,0.23044764211367047,0.6403249630723782,0.289,0.4513333333333333,0.2887629209736579,lr
9,regime_transition,temperature,val,3000,0.5856666666666667,0.5161488938539337,0.8801760792312172,0.01595565359237672,0.026900710693891047,0.25272331154684097,0.116,0.459,,lr
9,regime_transition,platt,pre,1500,0.5753333333333334,0.5176620754888036,0.86486748320352,0.014822480546554061,0.030385157638416954,0.2496,0.104,0.4166666666666667,0.3002001334222815,lr
9,regime_transition,platt,post,3000,0.358,0.7904337512026883,1.389390636334048,0.21931177141853544,0.21931177141853547,0.63828125,0.2723333333333333,0.4266666666666667,0.2887629209736579,lr
9,regime_transition,platt,val,3000,0.5856666666666667,0.5159281169207373,0.8796817311304332,0.014629578891802887,0.0288600754629853,0.24311926605504589,0.106,0.436,,lr
9,regime_transition,beta,pre,1500,0.5753333333333334,0.5174817351216631,0.8649875374763845,0.010262925646753022,0.027442490170322447,0.2413793103448276,0.098,0.406,0.3002001334222815,lr
9,regime_transition,beta,post,3000,0.358,0.7902172205536114,1.3926639845127284,0.21843578111922568,0.21843578111922576,0.638755980861244,0.267,0.418,0.2887629209736579,lr
9,regime_transition,beta,val,3000,0.5856666666666667,0.5160612256878432,0.8803075828890851,0.015656934939317756,0.030594181078482982,0.2410575427682737,0.10333333333333333,0.42866666666666664,,lr
9,regime_transition,isotonic,pre,1500,0.5753333333333334,0.5196781853077985,0.8693064200877261,0.01907647452727904,0.037199132385650244,0.23754152823920266,0.09533333333333334,0.4013333333333333,0.3002001334222815,lr
9,regime_transition,isotonic,post,3000,0.358,0.791987511115237,1.400351910557877,0.22118445682885285,0.22118445682885282,0.63915857605178,0.2633333333333333,0.412,0.2887629209736579,lr
9,regime_transition,isotonic,val,3000,0.5856666666666667,0.5173142037218418,0.882558407562995,0.014902671831348264,0.026209694012246484,0.23431294678316125,0.09833333333333333,0.4196666666666667,,lr
9,regime_transition,bayes_bin,pre,1500,0.5753333333333334,0.515819318111298,0.86170165623785,0.013457323883592054,0.022248444384498668,0.26482758620689656,0.128,0.48333333333333334,0.3002001334222815,lr
9,regime_transition,bayes_bin,post,3000,0.358,0.7875086732869164,1.3748159702144767,0.2167925939658879,0.2167925939658879,0.6379192334017796,0.31066666666666665,0.487,0.2887629209736579,lr
9,regime_transition,bayes_bin,val,3000,0.5856666666666667,0.5183480726773929,0.8817926600687903,0.016317918543031766,0.02322291951649365,0.26446837146702556,0.131,0.49533333333333335,,lr
9,feature_shift,raw,pre,1500,0.5753333333333334,0.5178913228313824,0.8652187356542124,0.026848256483828423,0.031363294222629345,0.24177631578947367,0.098,0.4053333333333333,0.3002001334222815,lr
9,feature_shift,raw,post,3000,0.526,0.6136839778630744,1.0427434097074921,0.16372985756064418,0.16372985756064418,0.39161554192229037,0.25533333333333336,0.652,0.22774258086028676,lr
9,feature_shift,raw,val,3000,0.5856666666666667,0.5166777184173021,0.8801276832135305,0.02077109891166475,0.03092946390584496,0.2378716744913928,0.10133333333333333,0.426,,lr
9,feature_shift,temperature,pre,1500,0.5753333333333334,0.5177394194010503,0.863782310425564,0.02180465473601524,0.028762943275134806,0.2564491654021244,0.11266666666666666,0.43933333333333335,0.3002001334222815,lr
9,feature_shift,temperature,post,3000,0.526,0.6235920996177428,1.0678060591377148,0.17970193902061926,0.17970193902061926,0.3999016232169208,0.271,0.6776666666666666,0.22774258086028676,lr
9,feature_shift,temperature,val,3000,0.5856666666666667,0.5161488938539337,0.8801760792312172,0.01595565359237672,0.026900710693891047,0.25272331154684097,0.116,0.459,,lr
9,feature_shift,platt,pre,1500,0.5753333333333334,0.5176620754888036,0.86486748320352,0.014822480546554061,0.030385157638416954,0.2496,0.104,0.4166666666666667,0.3002001334222815,lr
9,feature_shift,platt,post,3000,0.526,0.6208328583408549,1.0644426953350705,0.17260774235921197,0.172607742359212,0.3953722334004024,0.262,0.6626666666666666,0.22774258086028676,lr
9,feature_shift,platt,val,3000,0.5856666666666667,0.5159281169207373,0.8796817311304332,0.014629578891802887,0.0288600754629853,0.24311926605504589,0.106,0.436,,lr
9,feature_shift,beta,pre,1500,0.5753333333333334,0.5174817351216631,0.8649875374763845,0.010262925646753022,0.027442490170322447,0.2413793103448276,0.098,0.406,0.3002001334222815,lr
9,feature_shift,beta,post,3000,0.526,0.6213333619567332,1.0720434125849314,0.17348544840254979,0.17348544840254979,0.39214686384497704,0.25633333333333336,0.6536666666666666,0.22774258086028676,lr
9,feature_shift,beta,val,3000,0.5856666666666667,0.5160612256878432,0.8803075828890851,0.015656934939317756,0.030594181078482982,0.2410575427682737,0.10333333333333333,0.42866666666666664,,lr
9,feature_shift,isotonic,pre,1500,0.5753333333333334,0.5196781853077985,0.8693064200877261,0.01907647452727904,0.037199132385650244,0.23754152823920266,0.09533333333333334,0.4013333333333333,0.3002001334222815,lr
9,feature_shift,isotonic,post,3000,0.526,0.6238169904889281,1.0765403480893165,0.1755769564903719,0.17557695649037186,0.389917695473251,0.25266666666666665,0.648,0.22774258086028676,lr
9,feature_shift,isotonic,val,3000,0.5856666666666667,0.5173142037218418,0.882558407562995,0.014902671831348264,0.026209694012246484,0.23431294678316125,0.09833333333333333,0.4196666666666667,,lr
9,feature_shift,bayes_bin,pre,1500,0.5753333333333334,0.515819318111298,0.86170165623785,0.013457323883592054,0.022248444384498668,0.26482758620689656,0.128,0.48333333333333334,0.3002001334222815,lr
9,feature_shift,bayes_bin,post,3000,0.526,0.6161285182212232,1.0381859003453313,0.1565163694114356,0.15651636941143557,0.407319391634981,0.2856666666666667,0.7013333333333334,0.22774258086028676,lr
9,feature_shift,bayes_bin,val,3000,0.5856666666666667,0.5183480726773929,0.8817926600687903,0.016317918543031766,0.02322291951649365,0.26446837146702556,0.131,0.49533333333333335,,lr
9,missing_features,raw,pre,1500,0.5753333333333334,0.5178913228313824,0.8652187356542124,0.026848256483828423,0.031363294222629345,0.24177631578947367,0.098,0.4053333333333333,0.3002001334222815,lr
9,missing_features,raw,post,3000,0.5103333333333333,0.5800012300704149,0.9710039466102218,0.021596973131632217,0.021677494486107805,0.2841463414634146,0.07766666666666666,0.2733333333333333,0.4724908302767589,lr
9,missing_features,raw,val,3000,0.5856666666666667,0.5166777184173021,0.8801276832135305,0.02077109891166475,0.03092946390584496,0.2378716744913928,0.10133333333333333,0.426,,lr
9,missing_features,temperature,pre,1500,0.5753333333333334,0.5177394194010503,0.863782310425564,0.02180465473601524,0.028762943275134806,0.2564491654021244,0.11266666666666666,0.43933333333333335,0.3002001334222815,lr
9,missing_features,temperature,post,3000,0.5103333333333333,0.5804069067810339,0.9721272575164633,0.03013764814448262,0.023582454228828792,0.2947019867549669,0.089,0.302,0.4724908302767589,lr
9,missing_features,temperature,val,3000,0.5856666666666667,0.5161488938539337,0.8801760792312172,0.01595565359237672,0.026900710693891047,0.25272331154684097,0.116,0.459,,lr
9,missing_features,platt,pre,1500,0.5753333333333334,0.5176620754888036,0.86486748320352,0.014822480546554061,0.030385157638416954,0.2496,0.104,0.4166666666666667,0.3002001334222815,lr
9,missing_features,platt,post,3000,0.5103333333333333,0.5803251052445357,0.9715663907175689,0.022266168284791426,0.020937048170675966,0.28839390386869873,0.082,0.2843333333333333,0.4724908302767589,lr
9,missing_features,platt,val,3000,0.5856666666666667,0.5159281169207373,0.8796817311304332,0.014629578891802887,0.0288600754629853,0.24311926605504589,0.106,0.436,,lr
9,missing_features,beta,pre,1500,0.5753333333333334,0.5174817351216631,0.8649875374763845,0.010262925646753022,0.027442490170322447,0.2413793103448276,0.098,0.406,0.3002001334222815,lr
9,missing_features,beta,post,3000,0.5103333333333333,0.5800526705251582,0.9712690860462423,0.016849428339524138,0.016688860072406102,0.28519417475728154,0.07833333333333334,0.27466666666666667,0.4724908302767589,lr
9,missing_features,beta,val,3000,0.5856666666666667,0.5160612256878432,0.8803075828890851,0.015656934939317756,0.030594181078482982,0.2410575427682737,0.10333333333333333,0.42866666666666664,,lr
9,missing_features,isotonic,pre,1500,0.5753333333333334,0.5196781853077985,0.8693064200877261,0.01907647452727904,0.037199132385650244,0.23754152823920266,0.09533333333333334,0.4013333333333333,0.3002001334222815,lr
9,missing_features,isotonic,post,3000,0.5103333333333333,0.5807483515168409,0.9724647451697729,0.02621222604164608,0.020842771033175358,0.2872996300863132,0.07766666666666666,0.2703333333333333,0.4724908302767589,lr
9,missing_features,isotonic,val,3000,0.5856666666666667,0.5173142037218418,0.882558407562995,0.014902671831348264,0.026209694012246484,0.23431294678316125,0.09833333333333333,0.4196666666666667,,lr
9,missing_features,bayes_bin,pre,1500,0.5753333333333334,0.515819318111298,0.86170165623785,0.013457323883592054,0.022248444384498668,0.26482758620689656,0.128,0.48333333333333334,0.3002001334222815,lr
9,missing_features,bayes_bin,post,3000,0.5103333333333333,0.5801379951779014,0.9710867536262822,0.02390052151620897,0.011515308667147527,0.3098311817279047,0.104,0.33566666666666667,0.4724908302767589,lr
9,missing_features,bayes_bin,val,3000,0.5856666666666667,0.5183480726773929,0.8817926600687903,0.016317918543031766,0.02322291951649365,0.26446837146702556,0.131,0.49533333333333335,,lr
9,stale_features,raw,pre,1500,0.5753333333333334,0.5178913228313824,0.8652187356542124,0.026848256483828423,0.031363294222629345,0.24177631578947367,0.098,0.4053333333333333,0.3002001334222815,lr
9,stale_features,raw,post,3000,0.426,0.7061028489516409,1.2112756477038926,0.14264273419488227,0.1450690724322854,0.526001705029838,0.20566666666666666,0.391,0.10270090030010004,lr
9,stale_features,raw,val,3000,0.5856666666666667,0.5166777184173021,0.8801276832135305,0.02077109891166475,0.03092946390584496,0.2378716744913928,0.10133333333333333,0.426,,lr
9,stale_features,temperature,pre,1500,0.5753333333333334,0.5177394194010503,0.863782310425564,0.02180465473601524,0.028762943275134806,0.2564491654021244,0.11266666666666666,0.43933333333333335,0.3002001334222815,lr
9,stale_features,temperature,post,3000,0.426,0.7144102694807739,1.2358942645226974,0.15595347061147058,0.1580576883075769,0.5295974743488555,0.22366666666666668,0.42233333333333334,0.10270090030010004,lr
9,stale_features,temperature,val,3000,0.5856666666666667,0.5161488938539337,0.8801760792312172,0.01595565359237672,0.026900710693891047,0.25272331154684097,0.116,0.459,,lr
9,stale_features,platt,pre,1500,0.5753333333333334,0.5176620754888036,0.86486748320352,0.014822480546554061,0.030385157638416954,0.2496,0.104,0.4166666666666667,0.3002001334222815,lr
9,stale_features,platt,post,3000,0.426,0.7117311251743005,1.226297038135254,0.14471867186987333,0.14732219127930102,0.53,0.212,0.4,0.10270090030010004,lr
9,stale_features,platt,val,3000,0.5856666666666667,0.5159281169207373,0.8796817311304332,0.014629578891802887,0.0288600754629853,0.24311926605504589,0.106,0.436,,lr
9,stale_features,beta,pre,1500,0.5753333333333334,0.5174817351216631,0.8649875374763845,0.010262925646753022,0.027442490170322447,0.2413793103448276,0.098,0.406,0.3002001334222815,lr
9,stale_features,beta,post,3000,0.426,0.7117181656322893,1.228866621860479,0.14420054458241754,0.1469821563452629,0.5268085106382979,0.20633333333333334,0.39166666666666666,0.10270090030010004,lr
9,stale_features,beta,val,3000,0.5856666666666667,0.5160612256878432,0.8803075828890851,0.015656934939317756,0.030594181078482982,0.2410575427682737,0.10333333333333333,0.42866666666666664,,lr
9,stale_features,isotonic,pre,1500,0.5753333333333334,0.5196781853077985,0.8693064200877261,0.01907647452727904,0.037199132385650244,0.23754152823920266,0.09533333333333334,0.4013333333333333,0.3002001334222815,lr
9,stale_features,isotonic,post,3000,0.426,0.7130874774695459,1.2364194824893522,0.14669403007784743,0.14960879922843706,0.5231958762886598,0.203,0.388,0.10270090030010004,lr
9,stale_features,isotonic,val,3000,0.5856666666666667,0.5173142037218418,0.882558407562995,0.014902671831348264,0.026209694012246484,0.23431294678316125,0.09833333333333333,0.4196666666666667,,lr
9,stale_features,bayes_bin,pre,1500,0.5753333333333334,0.515819318111298,0.86170165623785,0.013457323883592054,0.022248444384498668,0.26482758620689656,0.128,0.48333333333333334,0.3002001334222815,lr
9,stale_features,bayes_bin,post,3000,0.426,0.7095396744915901,1.2158513275787097,0.14160491087297894,0.14400961221678782,0.5331391114348143,0.244,0.45766666666666667,0.10270090030010004,lr
9,stale_features,bayes_bin,val,3000,0.5856666666666667,0.5183480726773929,0.8817926600687903,0.016317918543031766,0.02322291951649365,0.26446837146702556,0.131,0.49533333333333335,,lr
9,venue_change,raw,pre,1500,0.5753333333333334,0.5178913228313824,0.8652187356542124,0.026848256483828423,0.031363294222629345,0.24177631578947367,0.098,0.4053333333333333,0.3002001334222815,lr
9,venue_change,raw,post,3000,0.487,0.6337656238597958,1.071078288443484,0.10786506656977714,0.10786506656977718,0.4185878962536023,0.19366666666666665,0.46266666666666667,0.4304768256085362,lr
9,venue_change,raw,val,3000,0.5856666666666667,0.5166777184173021,0.8801276832135305,0.02077109891166475,0.03092946390584496,0.2378716744913928,0.10133333333333333,0.426,,lr
9,venue_change,temperature,pre,1500,0.5753333333333334,0.5177394194010503,0.863782310425564,0.02180465473601524,0.028762943275134806,0.2564491654021244,0.11266666666666666,0.43933333333333335,0.3002001334222815,lr
9,venue_change,temperature,post,3000,0.487,0.640136667049459,1.0872035115673258,0.12240282337541085,0.12240282337541085,0.425689307330195,0.211,0.49566666666666664,0.4304768256085362,lr
9,venue_change,temperature,val,3000,0.5856666666666667,0.5161488938539337,0.8801760792312172,0.01595565359237672,0.026900710693891047,0.25272331154684097,0.116,0.459,,lr
9,venue_change,platt,pre,1500,0.5753333333333334,0.5176620754888036,0.86486748320352,0.014822480546554061,0.030385157638416954,0.2496,0.104,0.4166666666666667,0.3002001334222815,lr
9,venue_change,platt,post,3000,0.487,0.6376947660249205,1.081188342580286,0.11185126589800969,0.11185126589800976,0.4212376933895921,0.19966666666666666,0.474,0.4304768256085362,lr
9,venue_change,platt,val,3000,0.5856666666666667,0.5159281169207373,0.8796817311304332,0.014629578891802887,0.0288600754629853,0.24311926605504589,0.106,0.436,,lr
9,venue_change,beta,pre,1500,0.5753333333333334,0.5174817351216631,0.8649875374763845,0.010262925646753022,0.027442490170322447,0.2413793103448276,0.098,0.406,0.3002001334222815,lr
9,venue_change,beta,post,3000,0.487,0.6377245925554054,1.0830424095517455,0.11127550773820884,0.11127550773820882,0.41995692749461594,0.195,0.4643333333333333,0.4304768256085362,lr
9,venue_change,beta,val,3000,0.5856666666666667,0.5160612256878432,0.8803075828890851,0.015656934939317756,0.030594181078482982,0.2410575427682737,0.10333333333333333,0.42866666666666664,,lr
9,venue_change,isotonic,pre,1500,0.5753333333333334,0.5196781853077985,0.8693064200877261,0.01907647452727904,0.037199132385650244,0.23754152823920266,0.09533333333333334,0.4013333333333333,0.3002001334222815,lr
9,venue_change,isotonic,post,3000,0.487,0.6391784069963489,1.0863868708906532,0.11444705285466888,0.11444705285466886,0.41751085383502173,0.19233333333333333,0.46066666666666667,0.4304768256085362,lr
9,venue_change,isotonic,val,3000,0.5856666666666667,0.5173142037218418,0.882558407562995,0.014902671831348264,0.026209694012246484,0.23431294678316125,0.09833333333333333,0.4196666666666667,,lr
9,venue_change,bayes_bin,pre,1500,0.5753333333333334,0.515819318111298,0.86170165623785,0.013457323883592054,0.022248444384498668,0.26482758620689656,0.128,0.48333333333333334,0.3002001334222815,lr
9,venue_change,bayes_bin,post,3000,0.487,0.6375431588159995,1.0765231635163648,0.10813651760156279,0.11326308907545293,0.4367526746381372,0.23133333333333334,0.5296666666666666,0.4304768256085362,lr
9,venue_change,bayes_bin,val,3000,0.5856666666666667,0.5183480726773929,0.8817926600687903,0.016317918543031766,0.02322291951649365,0.26446837146702556,0.131,0.49533333333333335,,lr
9,rare_cluster,raw,pre,1500,0.5753333333333334,0.5178913228313824,0.8652187356542124,0.026848256483828423,0.031363294222629345,0.24177631578947367,0.098,0.4053333333333333,0.3002001334222815,lr
9,rare_cluster,raw,post,3000,0.538,0.5649716526615818,0.9683918421341471,0.038823342262764085,0.03882334226276404,0.3138801261829653,0.13266666666666665,0.4226666666666667,0.2997665888629543,lr
9,rare_cluster,raw,val,3000,0.5856666666666667,0.5166777184173021,0.8801276832135305,0.02077109891166475,0.03092946390584496,0.2378716744913928,0.10133333333333333,0.426,,lr
9,rare_cluster,temperature,pre,1500,0.5753333333333334,0.5177394194010503,0.863782310425564,0.02180465473601524,0.028762943275134806,0.2564491654021244,0.11266666666666666,0.43933333333333335,0.3002001334222815,lr
9,rare_cluster,temperature,post,3000,0.538,0.5665688284151015,0.9750128875932655,0.05266307660444475,0.05266307660444479,0.32043795620437954,0.14633333333333334,0.45666666666666667,0.2997665888629543,lr
9,rare_cluster,temperature,val,3000,0.5856666666666667,0.5161488938539337,0.8801760792312172,0.01595565359237672,0.026900710693891047,0.25272331154684097,0.116,0.459,,lr
9,rare_cluster,platt,pre,1500,0.5753333333333334,0.5176620754888036,0.86486748320352,0.014822480546554061,0.030385157638416954,0.2496,0.104,0.4166666666666667,0.3002001334222815,lr
9,rare_cluster,platt,post,3000,0.538,0.5655777724643951,0.9720932806979656,0.04159783471546687,0.041597834715466915,0.3151421983089931,0.13666666666666666,0.43366666666666664,0.2997665888629543,lr
9,rare_cluster,platt,val,3000,0.5856666666666667,0.5159281169207373,0.8796817311304332,0.014629578891802887,0.0288600754629853,0.24311926605504589,0.106,0.436,,lr
9,rare_cluster,beta,pre,1500,0.5753333333333334,0.5174817351216631,0.8649875374763845,0.010262925646753022,0.027442490170322447,0.2413793103448276,0.098,0.406,0.3002001334222815,lr
9,rare_cluster,beta,post,3000,0.538,0.5656585643914253,0.9735441098936545,0.040774126327742355,0.04077412632774237,0.31426332288401254,0.13366666666666666,0.42533333333333334,0.2997665888629543,lr
9,rare_cluster,beta,val,3000,0.5856666666666667,0.5160612256878432,0.8803075828890851,0.015656934939317756,0.030594181078482982,0.2410575427682737,0.10333333333333333,0.42866666666666664,,lr
9,rare_cluster,isotonic,pre,1500,0.5753333333333334,0.5196781853077985,0.8693064200877261,0.01907647452727904,0.037199132385650244,0.23754152823920266,0.09533333333333334,0.4013333333333333,0.3002001334222815,lr
9,rare_cluster,isotonic,post,3000,0.538,0.5671411803655496,0.9765482259846485,0.04375465627141388,0.04633685407062685,0.31289808917197454,0.131,0.4186666666666667,0.2997665888629543,lr
9,rare_cluster,isotonic,val,3000,0.5856666666666667,0.5173142037218418,0.882558407562995,0.014902671831348264,0.026209694012246484,0.23431294678316125,0.09833333333333333,0.4196666666666667,,lr
9,rare_cluster,bayes_bin,pre,1500,0.5753333333333334,0.515819318111298,0.86170165623785,0.013457323883592054,0.022248444384498668,0.26482758620689656,0.128,0.48333333333333334,0.3002001334222815,lr
9,rare_cluster,bayes_bin,post,3000,0.538,0.5658145281588205,0.9684983734835583,0.038814062135608736,0.04354120732696044,0.328804347826087,0.16133333333333333,0.49066666666666664,0.2997665888629543,lr
9,rare_cluster,bayes_bin,val,3000,0.5856666666666667,0.5183480726773929,0.8817926600687903,0.016317918543031766,0.02322291951649365,0.26446837146702556,0.131,0.49533333333333335,,lr
9,none,raw,pre,1500,0.5246666666666666,0.6856731533761751,1.2992267734114344,0.25200666649177705,0.252006666491777,0.4431137724550898,0.3453333333333333,0.7793333333333333,0.46897931954636424,gbm
9,none,raw,post,3000,0.519,0.6934932206814362,1.3447587535317616,0.2560755109515138,0.2560755109515138,0.4417204301075269,0.3423333333333333,0.775,0.4598199399799933,gbm
9,none,raw,val,3000,0.5436666666666666,0.6613723295909167,1.3002103186406968,0.23497512903242726,0.2345432250930606,0.41784037558685444,0.3263333333333333,0.781,,gbm
9,none,temperature,pre,1500,0.5246666666666666,0.5716297671438992,0.9525440793720927,0.03469371318636087,0.03796980473657506,0.2828507795100223,0.08466666666666667,0.29933333333333334,0.46897931954636424,gbm
9,none,temperature,post,3000,0.519,0.5789712929429532,0.9689623705431318,0.03152990048529017,0.029358867966793274,0.29076396807297605,0.085,0.29233333333333333,0.4598199399799933,gbm
9,none,temperature,val,3000,0.5436666666666666,0.5647857622465428,0.9513968497758145,0.025084947333238388,0.021602593613700774,0.2745314222712238,0.083,0.30233333333333334,,gbm
9,none,platt,pre,1500,0.5246666666666666,0.6396545790642127,1.3268380179270465,0.15694475168858107,0.15527653638507033,0.35947712418300654,0.18333333333333332,0.51,0.46897931954636424,gbm
9,none,platt,post,3000,0.519,0.6546927932775962,1.371139619123997,0.16192190950579932,0.16252935030968335,0.37755775577557754,0.19066666666666668,0.505,0.4598199399799933,gbm
9,none,platt,val,3000,0.5436666666666666,0.6296258194354218,1.3356879759129072,0.15448978080539433,0.15690363230346085,0.348791639451339,0.178,0.5103333333333333,,gbm
9,none,beta,pre,1500,0.5246666666666666,0.5814912309810611,1.001646887145336,0.034615678254210504,0.043075797867358934,0.2894736842105263,0.088,0.304,0.46897931954636424,gbm
9,none,beta,post,3000,0.519,0.5956186889103383,1.0499029361700096,0.04156707878535751,0.03929845888913946,0.29954954954954954,0.08866666666666667,0.296,0.4598199399799933,gbm
9,none,beta,val,3000,0.5436666666666666,0.5831509168613092,1.033486790547193,0.028769928387909562,0.03295554219229168,0.271523178807947,0.082,0.302,,gbm
9,none,isotonic,pre,1500,0.5246666666666666,0.5821001168118213,1.0030375126809212,0.038570095842426017,0.04834777434629136,0.2889908256880734,0.084,0.2906666666666667,0.46897931954636424,gbm
9,none,isotonic,post,3000,0.519,0.597097107813149,1.0522214214407584,0.04072041473117155,0.0439713551554375,0.295906432748538,0.08433333333333333,0.285,0.4598199399799933,gbm
9,none,isotonic,val,3000,0.5436666666666666,0.5842498221904502,1.0350264878747812,0.029424447791984568,0.03437182875692045,0.26851851851851855,0.07733333333333334,0.288,,gbm
9,none,bayes_bin,pre,1500,0.5246666666666666,0.5818154079345892,1.0029539849375784,0.035549685608371455,0.04317456809300112,0.27154046997389036,0.06933333333333333,0.25533333333333336,0.46897931954636424,gbm
9,none,bayes_bin,post,3000,0.519,0.5963024715179811,1.0508051127760885,0.03551641919419511,0.047685487508791306,0.2733333333333333,0.06833333333333333,0.25,0.4598199399799933,gbm
9,none,bayes_bin,val,3000,0.5436666666666666,0.584414653493961,1.0355908915492649,0.023202211635284353,0.03780161661163256,0.2619974059662776,0.06733333333333333,0.257,,gbm
9,vol_jump,raw,pre,1500,0.5246666666666666,0.6856731533761751,1.2992267734114344,0.25200666649177705,0.252006666491777,0.4431137724550898,0.3453333333333333,0.7793333333333333,0.46897931954636424,gbm
9,vol_jump,raw,post,3000,0.44366666666666665,0.8301422296022422,1.816817444636667,0.3314088442848472,0.3314088442848472,0.5255913978494624,0.4073333333333333,0.775,0.4598199399799933,gbm
9,vol_jump,raw,val,3000,0.5436666666666666,0.6613723295909167,1.3002103186406968,0.23497512903242726,0.2345432250930606,0.41784037558685444,0.3263333333333333,0.781,,gbm
9,vol_jump,temperature,pre,1500,0.5246666666666666,0.5716297671438992,0.9525440793720927,0.03469371318636087,0.03796980473657506,0.2828507795100223,0.08466666666666667,0.29933333333333334,0.46897931954636424,gbm
9,vol_jump,temperature,post,3000,0.44366666666666665,0.6615879140207719,1.116989296757627,0.09954039427190493,0.09954039427190492,0.4127708095781072,0.12066666666666667,0.29233333333333333,0.4598199399799933,gbm
9,vol_jump,temperature,val,3000,0.5436666666666666,0.5647857622465428,0.9513968497758145,0.025084947333238388,0.021602593613700774,0.2745314222712238,0.083,0.30233333333333334,,gbm
9,vol_jump,platt,pre,1500,0.5246666666666666,0.6396545790642127,1.3268380179270465,0.15694475168858107,0.15527653638507033,0.35947712418300654,0.18333333333333332,0.51,0.46897931954636424,gbm
9,vol_jump,platt,post,3000,0.44366666666666665,0.7857884746555889,1.8911649138003852,0.23296199484263516,0.2358626836430167,0.48052805280528055,0.24266666666666667,0.505,0.4598199399799933,gbm
9,vol_jump,platt,val,3000,0.5436666666666666,0.6296258194354218,1.3356879759129072,0.15448978080539433,0.15690363230346085,0.348791639451339,0.178,0.5103333333333333,,gbm
9,vol_jump,beta,pre,1500,0.5246666666666666,0.5814912309810611,1.001646887145336,0.034615678254210504,0.043075797867358934,0.2894736842105263,0.088,0.304,0.46897931954636424,gbm
9,vol_jump,beta,post,3000,0.44366666666666665,0.7021196489850093,1.3529819918340869,0.11072929245580124,0.1107292924558013,0.4222972972972973,0.125,0.296,0.4598199399799933,gbm
9,vol_jump,beta,val,3000,0.5436666666666666,0.5831509168613092,1.033486790547193,0.028769928387909562,0.03295554219229168,0.271523178807947,0.082,0.302,,gbm
9,vol_jump,isotonic,pre,1500,0.5246666666666666,0.5821001168118213,1.0030375126809212,0.038570095842426017,0.04834777434629136,0.2889908256880734,0.084,0.2906666666666667,0.46897931954636424,gbm
9,vol_jump,isotonic,post,3000,0.44366666666666665,0.7028326134002424,1.3548578324041423,0.11114626868911738,0.11114626868911742,0.41871345029239765,0.11933333333333333,0.285,0.4598199399799933,gbm
9,vol_jump,isotonic,val,3000,0.5436666666666666,0.5842498221904502,1.0350264878747812,0.029424447791984568,0.03437182875692045,0.26851851851851855,0.07733333333333334,0.288,,gbm
9,vol_jump,bayes_bin,pre,1500,0.5246666666666666,0.5818154079345892,1.0029539849375784,0.035549685608371455,0.04317456809300112,0.27154046997389036,0.06933333333333333,0.25533333333333336,0.46897931954636424,gbm
9,vol_jump,bayes_bin,post,3000,0.44366666666666665,0.7027831251774814,1.3522722551275255,0.11084975252752846,0.11084975252752852,0.404,0.101,0.25,0.4598199399799933,gbm
9,vol_jump,bayes_bin,val,3000,0.5436666666666666,0.584414653493961,1.0355908915492649,0.023202211635284353,0.03780161661163256,0.2619974059662776,0.06733333333333333,0.257,,gbm
9,regime_transition,raw,pre,1500,0.5246666666666666,0.6856731533761751,1.2992267734114344,0.25200666649177705,0.252006666491777,0.4431137724550898,0.3453333333333333,0.7793333333333333,0.46897931954636424,gbm
9,regime_transition,raw,post,3000,0.3473333333333333,1.0009291680631538,2.319606323951769,0.42774217761818045,0.4277421776181805,0.6464516129032258,0.501,0.775,0.4598199399799933,gbm
9,regime_transition,raw,val,3000,0.5436666666666666,0.6613723295909167,1.3002103186406968,0.23497512903242726,0.2345432250930606,0.41784037558685444,0.3263333333333333,0.781,,gbm
9,regime_transition,temperature,pre,1500,0.5246666666666666,0.5716297671438992,0.9525440793720927,0.03469371318636087,0.03796980473657506,0.2828507795100223,0.08466666666666667,0.29933333333333334,0.46897931954636424,gbm
9,regime_transition,temperature,post,3000,0.3473333333333333,0.7595764406076666,1.2746525147902033,0.19587372760523827,0.19587372760523825,0.6316989737742303,0.18466666666666667,0.29233333333333333,0.4598199399799933,gbm
9,regime_transition,temperature,val,3000,0.5436666666666666,0.5647857622465428,0.9513968497758145,0.025084947333238388,0.021602593613700774,0.2745314222712238,0.083,0.30233333333333334,,gbm
9,regime_transition,platt,pre,1500,0.5246666666666666,0.6396545790642127,1.3268380179270465,0.15694475168858107,0.15527653638507033,0.35947712418300654,0.18333333333333332,0.51,0.46897931954636424,gbm
9,regime_transition,platt,post,3000,0.3473333333333333,0.9452721675358385,2.4953939636519697,0.32929532817596846,0.3292953281759685,0.6415841584158416,0.324,0.505,0.4598199399799933,gbm
9,regime_transition,platt,val,3000,0.5436666666666666,0.6296258194354218,1.3356879759129072,0.15448978080539433,0.15690363230346085,0.348791639451339,0.178,0.5103333333333333,,gbm
9,regime_transition,beta,pre,1500,0.5246666666666666,0.5814912309810611,1.001646887145336,0.034615678254210504,0.043075797867358934,0.2894736842105263,0.088,0.304,0.46897931954636424,gbm
9,regime_transition,beta,post,3000,0.3473333333333333,0.7990234325672336,1.5894755422337374,0.20706262578913462,0.20706262578913465,0.6362612612612613,0.18833333333333332,0.296,0.4598199399799933,gbm
9,regime_transition,beta,val,3000,0.5436666666666666,0.5831509168613092,1.033486790547193,0.028769928387909562,0.03295554219229168,0.271523178807947,0.082,0.302,,gbm
9,regime_transition,isotonic,pre,1500,0.5246666666666666,0.5821001168118213,1.0030375126809212,0.038570095842426017,0.04834777434629136,0.2889908256880734,0.084,0.2906666666666667,0.46897931954636424,gbm
9,regime_transition,isotonic,post,3000,0.3473333333333333,0.8016393502976173,1.5970164080339853,0.20747960202245075,0.20747960202245075,0.632748538011696,0.18033333333333335,0.285,0.4598199399799933,gbm
9,regime_transition,isotonic,val,3000,0.5436666666666666,0.5842498221904502,1.0350264878747812,0.029424447791984568,0.03437182875692045,0.26851851851851855,0.07733333333333334,0.288,,gbm
9,regime_transition,bayes_bin,pre,1500,0.5246666666666666,0.5818154079345892,1.0029539849375784,0.035549685608371455,0.04317456809300112,0.27154046997389036,0.06933333333333333,0.25533333333333336,0.46897931954636424,gbm
9,regime_transition,bayes_bin,post,3000,0.3473333333333333,0.7981126190107355,1.584683039179239,0.20718308586086176,0.20718308586086187,0.6266666666666667,0.15666666666666668,0.25,0.4598199399799933,gbm
9,regime_transition,bayes_bin,val,3000,0.5436666666666666,0.584414653493961,1.0355908915492649,0.023202211635284353,0.03780161661163256,0.2619974059662776,0.06733333333333333,0.257,,gbm
9,feature_shift,raw,pre,1500,0.5246666666666666,0.6856731533761751,1.2992267734114344,0.25200666649177705,0.252006666491777,0.4431137724550898,0.3453333333333333,0.7793333333333333,0.46897931954636424,gbm
9,feature_shift,raw,post,3000,0.359,0.9918373004286424,2.227332453567496,0.43345120002266524,0.4320935257565137,0.6371753246753247,0.5233333333333333,0.8213333333333334,0.4838279426475492,gbm
9,feature_shift,raw,val,3000,0.5436666666666666,0.6613723295909167,1.3002103186406968,0.23497512903242726,0.2345432250930606,0.41784037558685444,0.3263333333333333,0.781,,gbm
9,feature_shift,temperature,pre,1500,0.5246666666666666,0.5716297671438992,0.9525440793720927,0.03469371318636087,0.03796980473657506,0.2828507795100223,0.08466666666666667,0.29933333333333334,0.46897931954636424,gbm
9,feature_shift,temperature,post,3000,0.359,0.7380182008190739,1.2300701850997124,0.1944740011649688,0.1944740011649688,0.591728525980912,0.186,0.31433333333333335,0.4838279426475492,gbm
9,feature_shift,temperature,val,3000,0.5436666666666666,0.5647857622465428,0.9513968497758145,0.025084947333238388,0.021602593613700774,0.2745314222712238,0.083,0.30233333333333334,,gbm
9,feature_shift,platt,pre,1500,0.5246666666666666,0.6396545790642127,1.3268380179270465,0.15694475168858107,0.15527653638507033,0.35947712418300654,0.18333333333333332,0.51,0.46897931954636424,gbm
9,feature_shift,platt,post,3000,0.359,0.9345949808740074,2.3182247498903705,0.33764000048757026,0.33764000048757026,0.6265508684863523,0.33666666666666667,0.5373333333333333,0.4838279426475492,gbm
9,feature_shift,platt,val,3000,0.5436666666666666,0.6296258194354218,1.3356879759129072,0.15448978080539433,0.15690363230346085,0.348791639451339,0.178,0.5103333333333333,,gbm
9,feature_shift,beta,pre,1500,0.5246666666666666,0.5814912309810611,1.001646887145336,0.034615678254210504,0.043075797867358934,0.2894736842105263,0.088,0.304,0.46897931954636424,gbm
9,feature_shift,beta,post,3000,0.359,0.7746699033772896,1.5524330631178713,0.20142314700929148,0.2011300190870742,0.6119565217391304,0.18766666666666668,0.30666666666666664,0.4838279426475492,gbm
9,feature_shift,beta,val,3000,0.5436666666666666,0.5831509168613092,1.033486790547193,0.028769928387909562,0.03295554219229168,0.271523178807947,0.082,0.302,,gbm
9,feature_shift,isotonic,pre,1500,0.5246666666666666,0.5821001168118213,1.0030375126809212,0.038570095842426017,0.04834777434629136,0.2889908256880734,0.084,0.2906666666666667,0.46897931954636424,gbm
9,feature_shift,isotonic,post,3000,0.359,0.7788711246064707,1.56048526732168,0.20298163641341557,0.20231164286615405,0.6020524515393386,0.176,0.29233333333333333,0.4838279426475492,gbm
9,feature_shift,isotonic,val,3000,0.5436666666666666,0.5842498221904502,1.0350264878747812,0.029424447791984568,0.03437182875692045,0.26851851851851855,0.07733333333333334,0.288,,gbm
9,feature_shift,bayes_bin,pre,1500,0.5246666666666666,0.5818154079345892,1.0029539849375784,0.035549685608371455,0.04317456809300112,0.27154046997389036,0.06933333333333333,0.25533333333333336,0.46897931954636424,gbm
9,feature_shift,bayes_bin,post,3000,0.359,0.777105313394716,1.5560486552567214,0.20142263588792203,0.20142263588792203,0.5676795580110497,0.137,0.24133333333333334,0.4838279426475492,gbm
9,feature_shift,bayes_bin,val,3000,0.5436666666666666,0.584414653493961,1.0355908915492649,0.023202211635284353,0.03780161661163256,0.2619974059662776,0.06733333333333333,0.257,,gbm
9,missing_features,raw,pre,1500,0.5246666666666666,0.6856731533761751,1.2992267734114344,0.25200666649177705,0.252006666491777,0.4431137724550898,0.3453333333333333,0.7793333333333333,0.46897931954636424,gbm
9,missing_features,raw,post,3000,0.4533333333333333,0.8151853661150017,1.6625357801884395,0.32172365142074033,0.3217236514207404,0.520460358056266,0.407,0.782,0.5521840613537846,gbm
9,missing_features,raw,val,3000,0.5436666666666666,0.6613723295909167,1.3002103186406968,0.23497512903242726,0.2345432250930606,0.41784037558685444,0.3263333333333333,0.781,,gbm
9,missing_features,temperature,pre,1500,0.5246666666666666,0.5716297671438992,0.9525440793720927,0.03469371318636087,0.03796980473657506,0.2828507795100223,0.08466666666666667,0.29933333333333334,0.46897931954636424,gbm
9,missing_features,temperature,post,3000,0.4533333333333333,0.6454807007486382,1.0724298301298623,0.08711002549009789,0.08711002549009786,0.4218566392479436,0.11966666666666667,0.2836666666666667,0.5521840613537846,gbm
9,missing_features,temperature,val,3000,0.5436666666666666,0.5647857622465428,0.9513968497758145,0.025084947333238388,0.021602593613700774,0.2745314222712238,0.083,0.30233333333333334,,gbm
9,missing_features,platt,pre,1500,0.5246666666666666,0.6396545790642127,1.3268380179270465,0.15694475168858107,0.15527653638507033,0.35947712418300654,0.18333333333333332,0.51,0.46897931954636424,gbm
9,missing_features,platt,post,3000,0.4533333333333333,0.7748905378803003,1.7300309115600834,0.22289914928843008,0.22289914928843002,0.48967355096602266,0.245,0.5003333333333333,0.5521840613537846,gbm
9,missing_features,platt,val,3000,0.5436666666666666,0.6296258194354218,1.3356879759129072,0.15448978080539433,0.15690363230346085,0.348791639451339,0.178,0.5103333333333333,,gbm
9,missing_features,beta,pre,1500,0.5246666666666666,0.5814912309810611,1.001646887145336,0.034615678254210504,0.043075797867358934,0.2894736842105263,0.088,0.304,0.46897931954636424,gbm
9,missing_features,beta,post,3000,0.4533333333333333,0.6733262092126056,1.213281255620931,0.099260814582119,0.09926081458211897,0.4321550741163056,0.12633333333333333,0.29233333333333333,0.5521840613537846,gbm
9,missing_features,beta,val,3000,0.5436666666666666,0.5831509168613092,1.033486790547193,0.028769928387909562,0.03295554219229168,0.271523178807947,0.082,0.302,,gbm
9,missing_features,isotonic,pre,1500,0.5246666666666666,0.5821001168118213,1.0030375126809212,0.038570095842426017,0.04834777434629136,0.2889908256880734,0.084,0.2906666666666667,0.46897931954636424,gbm
9,missing_features,isotonic,post,3000,0.4533333333333333,0.6753615120471136,1.2164083882979952,0.10056122470441221,0.10056122470441221,0.43042452830188677,0.12166666666666667,0.2826666666666667,0.5521840613537846,gbm
9,missing_features,isotonic,val,3000,0.5436666666666666,0.5842498221904502,1.0350264878747812,0.029424447791984568,0.03437182875692045,0.26851851851851855,0.07733333333333334,0.288,,gbm
9,missing_features,bayes_bin,pre,1500,0.5246666666666666,0.5818154079345892,1.0029539849375784,0.035549685608371455,0.04317456809300112,0.27154046997389036,0.06933333333333333,0.25533333333333336,0.46897931954636424,gbm
9,missing_features,bayes_bin,post,3000,0.4533333333333333,0.675011703849448,1.2156691593487092,0.09984329601269322,0.09984329601269322,0.41426611796982166,0.10066666666666667,0.243,0.5521840613537846,gbm
9,missing_features,bayes_bin,val,3000,0.5436666666666666,0.584414653493961,1.0355908915492649,0.023202211635284353,0.03780161661163256,0.2619974059662776,0.06733333333333333,0.257,,gbm
9,stale_features,raw,pre,1500,0.5246666666666666,0.6856731533761751,1.2992267734114344,0.25200666649177705,0.252006666491777,0.4431137724550898,0.3453333333333333,0.7793333333333333,0.46897931954636424,gbm
9,stale_features,raw,post,3000,0.4,0.903860881935115,1.9973918016422567,0.3707957184265057,0.3707957184265057,0.5870219166308551,0.4553333333333333,0.7756666666666666,0.3541180393464488,gbm
9,stale_features,raw,val,3000,0.5436666666666666,0.6613723295909167,1.3002103186406968,0.23497512903242726,0.2345432250930606,0.41784037558685444,0.3263333333333333,0.781,,gbm
9,stale_features,temperature,pre,1500,0.5246666666666666,0.5716297671438992,0.9525440793720927,0.03469371318636087,0.03796980473657506,0.2828507795100223,0.08466666666666667,0.29933333333333334,0.46897931954636424,gbm
9,stale_features,temperature,post,3000,0.4,0.7047966063891402,1.1754443433348964,0.14184932129585864,0.14184932129585867,0.5364161849710982,0.15466666666666667,0.28833333333333333,0.3541180393464488,gbm
9,stale_features,temperature,val,3000,0.5436666666666666,0.5647857622465428,0.9513968497758145,0.025084947333238388,0.021602593613700774,0.2745314222712238,0.083,0.30233333333333334,,gbm
9,stale_features,platt,pre,1500,0.5246666666666666,0.6396545790642127,1.3268380179270465,0.15694475168858107,0.15527653638507033,0.35947712418300654,0.18333333333333332,0.51,0.46897931954636424,gbm
9,stale_features,platt,post,3000,0.4,0.8503776863642042,2.14710685003627,0.26809998240278,0.26809998240278005,0.5530612244897959,0.271,0.49,0.3541180393464488,gbm
9,stale_features,platt,val,3000,0.5436666666666666,0.6296258194354218,1.3356879759129072,0.15448978080539433,0.15690363230346085,0.348791639451339,0.178,0.5103333333333333,,gbm
9,stale_features,beta,pre,1500,0.5246666666666666,0.5814912309810611,1.001646887145336,0.034615678254210504,0.043075797867358934,0.2894736842105263,0.088,0.304,0.46897931954636424,gbm
9,stale_features,beta,post,3000,0.4,0.7392757231613679,1.3967567577489342,0.15360879292122995,0.15360879292122998,0.5362149532710281,0.153,0.2853333333333333,0.3541180393464488,gbm
9,stale_features,beta,val,3000,0.5436666666666666,0.5831509168613092,1.033486790547193,0.028769928387909562,0.03295554219229168,0.271523178807947,0.082,0.302,,gbm
9,stale_features,isotonic,pre,1500,0.5246666666666666,0.5821001168118213,1.0030375126809212,0.038570095842426017,0.04834777434629136,0.2889908256880734,0.084,0.2906666666666667,0.46897931954636424,gbm
9,stale_features,isotonic,post,3000,0.4,0.7420852996721575,1.4022692512657675,0.15414077155601955,0.1541407715560196,0.5353293413173653,0.149,0.2783333333333333,0.3541180393464488,gbm
9,stale_features,isotonic,val,3000,0.5436666666666666,0.5842498221904502,1.0350264878747812,0.029424447791984568,0.03437182875692045,0.26851851851851855,0.07733333333333334,0.288,,gbm
9,stale_features,bayes_bin,pre,1500,0.5246666666666666,0.5818154079345892,1.0029539849375784,0.035549685608371455,0.04317456809300112,0.27154046997389036,0.06933333333333333,0.25533333333333336,0.46897931954636424,gbm
9,stale_features,bayes_bin,post,3000,0.4,0.7388005078466331,1.3921070790844672,0.15268934857100525,0.1526893485710053,0.5246575342465754,0.12766666666666668,0.24333333333333335,0.3541180393464488,gbm
9,stale_features,bayes_bin,val,3000,0.5436666666666666,0.584414653493961,1.0355908915492649,0.023202211635284353,0.03780161661163256,0.2619974059662776,0.06733333333333333,0.257,,gbm
9,venue_change,raw,pre,1500,0.5246666666666666,0.6856731533761751,1.2992267734114344,0.25200666649177705,0.252006666491777,0.4431137724550898,0.3453333333333333,0.7793333333333333,0.46897931954636424,gbm
9,venue_change,raw,post,3000,0.44633333333333336,0.8409236475858775,1.809300296119011,0.3464448214025316,0.34618024376997436,0.5367556468172484,0.43566666666666665,0.8116666666666666,0.5511837279093031,gbm
9,venue_change,raw,val,3000,0.5436666666666666,0.6613723295909167,1.3002103186406968,0.23497512903242726,0.2345432250930606,0.41784037558685444,0.3263333333333333,0.781,,gbm
9,venue_change,temperature,pre,1500,0.5246666666666666,0.5716297671438992,0.9525440793720927,0.03469371318636087,0.03796980473657506,0.2828507795100223,0.08466666666666667,0.29933333333333334,0.46897931954636424,gbm
9,venue_change,temperature,post,3000,0.44633333333333336,0.6604977323506237,1.0996895796046406,0.10939576244690911,0.10939576244690916,0.4589322381930185,0.149,0.32466666666666666,0.5511837279093031,gbm
9,venue_change,temperature,val,3000,0.5436666666666666,0.5647857622465428,0.9513968497758145,0.025084947333238388,0.021602593613700774,0.2745314222712238,0.083,0.30233333333333334,,gbm
9,venue_change,platt,pre,1500,0.5246666666666666,0.6396545790642127,1.3268380179270465,0.15694475168858107,0.15527653638507033,0.35947712418300654,0.18333333333333332,0.51,0.46897931954636424,gbm
9,venue_change,platt,post,3000,0.44633333333333336,0.7927857006262241,1.9456371131843804,0.25524772051875766,0.2545733950553308,0.4972101673899566,0.2673333333333333,0.5376666666666666,0.5511837279093031,gbm
9,venue_change,platt,val,3000,0.5436666666666666,0.6296258194354218,1.3356879759129072,0.15448978080539433,0.15690363230346085,0.348791639451339,0.178,0.5103333333333333,,gbm
9,venue_change,beta,pre,1500,0.5246666666666666,0.5814912309810611,1.001646887145336,0.034615678254210504,0.043075797867358934,0.2894736842105263,0.088,0.304,0.46897931954636424,gbm
9,venue_change,beta,post,3000,0.44633333333333336,0.6848811898326294,1.2612647833002641,0.11977386762038818,0.11977386762038816,0.4624871531346352,0.15,0.3243333333333333,0.5511837279093031,gbm
9,venue_change,beta,val,3000,0.5436666666666666,0.5831509168613092,1.033486790547193,0.028769928387909562,0.03295554219229168,0.271523178807947,0.082,0.302,,gbm
9,venue_change,isotonic,pre,1500,0.5246666666666666,0.5821001168118213,1.0030375126809212,0.038570095842426017,0.04834777434629136,0.2889908256880734,0.084,0.2906666666666667,0.46897931954636424,gbm
9,venue_change,isotonic,post,3000,0.44633333333333336,0.6864951794442526,1.264153286254854,0.11944729282258525,0.11944729282258525,0.46186895810955964,0.14333333333333334,0.31033333333333335,0.5511837279093031,gbm
9,venue_change,isotonic,val,3000,0.5436666666666666,0.5842498221904502,1.0350264878747812,0.029424447791984568,0.03437182875692045,0.26851851851851855,0.07733333333333334,0.288,,gbm
9,venue_change,bayes_bin,pre,1500,0.5246666666666666,0.5818154079345892,1.0029539849375784,0.035549685608371455,0.04317456809300112,0.27154046997389036,0.06933333333333333,0.25533333333333336,0.46897931954636424,gbm
9,venue_change,bayes_bin,post,3000,0.44633333333333336,0.6859566037102507,1.2610132976701278,0.11855730456348407,0.11853439944204036,0.45575757575757575,0.12533333333333332,0.275,0.5511837279093031,gbm
9,venue_change,bayes_bin,val,3000,0.5436666666666666,0.584414653493961,1.0355908915492649,0.023202211635284353,0.03780161661163256,0.2619974059662776,0.06733333333333333,0.257,,gbm
9,rare_cluster,raw,pre,1500,0.5246666666666666,0.6856731533761751,1.2992267734114344,0.25200666649177705,0.252006666491777,0.4431137724550898,0.3453333333333333,0.7793333333333333,0.46897931954636424,gbm
9,rare_cluster,raw,post,3000,0.49866666666666665,0.7296504012420089,1.4471416477465742,0.2749193594951613,0.2749193594951613,0.4690610125486802,0.36133333333333334,0.7703333333333333,0.4731577192397466,gbm
9,rare_cluster,raw,val,3000,0.5436666666666666,0.6613723295909167,1.3002103186406968,0.23497512903242726,0.2345432250930606,0.41784037558685444,0.3263333333333333,0.781,,gbm
9,rare_cluster,temperature,pre,1500,0.5246666666666666,0.5716297671438992,0.9525440793720927,0.03469371318636087,0.03796980473657506,0.2828507795100223,0.08466666666666667,0.29933333333333334,0.46897931954636424,gbm
9,rare_cluster,temperature,post,3000,0.49866666666666665,0.5997484015713392,1.0024103769764272,0.043412300254106986,0.04341230025410699,0.3275462962962963,0.09433333333333334,0.288,0.4731577192397466,gbm
9,rare_cluster,temperature,val,3000,0.5436666666666666,0.5647857622465428,0.9513968497758145,0.025084947333238388,0.021602593613700774,0.2745314222712238,0.083,0.30233333333333334,,gbm
9,rare_cluster,platt,pre,1500,0.5246666666666666,0.6396545790642127,1.3268380179270465,0.15694475168858107,0.15527653638507033,0.35947712418300654,0.18333333333333332,0.51,0.46897931954636424,gbm
9,rare_cluster,platt,post,3000,0.49866666666666665,0.6884022382834437,1.4882347950103838,0.17783705481958675,0.1778419393412337,0.40772818121252496,0.204,0.5003333333333333,0.4731577192397466,gbm
9,rare_cluster,platt,val,3000,0.5436666666666666,0.6296258194354218,1.3356879759129072,0.15448978080539433,0.15690363230346085,0.348791639451339,0.178,0.5103333333333333,,gbm
9,rare_cluster,beta,pre,1500,0.5246666666666666,0.5814912309810611,1.001646887145336,0.034615678254210504,0.043075797867358934,0.2894736842105263,0.088,0.304,0.46897931954636424,gbm
9,rare_cluster,beta,post,3000,0.49866666666666665,0.6188099763118906,1.1030659589997662,0.05472583556266593,0.05472583556266595,0.336734693877551,0.099,0.294,0.4731577192397466,gbm
9,rare_cluster,beta,val,3000,0.5436666666666666,0.5831509168613092,1.033486790547193,0.028769928387909562,0.03295554219229168,0.271523178807947,0.082,0.302,,gbm
9,rare_cluster,isotonic,pre,1500,0.5246666666666666,0.5821001168118213,1.0030375126809212,0.038570095842426017,0.04834777434629136,0.2889908256880734,0.084,0.2906666666666667,0.46897931954636424,gbm
9,rare_cluster,isotonic,post,3000,0.49866666666666665,0.6204412918464147,1.1057998664516382,0.05510369741797966,0.05510369741797969,0.3333333333333333,0.094,0.282,0.4731577192397466,gbm
9,rare_cluster,isotonic,val,3000,0.5436666666666666,0.5842498221904502,1.0350264878747812,0.029424447791984568,0.03437182875692045,0.26851851851851855,0.07733333333333334,0.288,,gbm
9,rare_cluster,bayes_bin,pre,1500,0.5246666666666666,0.5818154079345892,1.0029539849375784,0.035549685608371455,0.04317456809300112,0.27154046997389036,0.06933333333333333,0.25533333333333336,0.46897931954636424,gbm
9,rare_cluster,bayes_bin,post,3000,0.49866666666666665,0.6193777009055353,1.1030798442895042,0.055040184617192206,0.0550401846171922,0.31459170013386883,0.07833333333333334,0.249,0.4731577192397466,gbm
9,rare_cluster,bayes_bin,val,3000,0.5436666666666666,0.584414653493961,1.0355908915492649,0.023202211635284353,0.03780161661163256,0.2619974059662776,0.06733333333333333,0.257,,gbm
10,none,raw,pre,1500,0.5533333333333333,0.5273503120571739,0.8855897232314659,0.03362091677985615,0.037977469041270535,0.24373956594323873,0.09733333333333333,0.3993333333333333,0.342895263509006,lr
10,none,raw,post,3000,0.566,0.536937391585493,0.9123893563509394,0.01924637281142856,0.02105003695131661,0.2619984264358773,0.111,0.4236666666666667,0.31010336778926306,lr
10,none,raw,val,3000,0.573,0.5255156664617923,0.8925674658013081,0.020116618710142687,0.025258116806508888,0.24185667752442996,0.099,0.4093333333333333,,lr
10,none,temperature,pre,1500,0.5533333333333333,0.5273780545310733,0.8854459829980624,0.03471001939651434,0.03838896273492227,0.2532258064516129,0.10466666666666667,0.41333333333333333,0.342895263509006,lr
10,none,temperature,post,3000,0.566,0.5372521178595766,0.9137260655245049,0.026559331496389137,0.02453660511095065,0.26495079485238454,0.11666666666666667,0.44033333333333335,0.31010336778926306,lr
10,none,temperature,val,3000,0.573,0.5253949288197207,0.8928044023581755,0.02234792031397905,0.02647591582199753,0.24980544747081712,0.107,0.42833333333333334,,lr
10,none,platt,pre,1500,0.5533333333333333,0.5279943339414482,0.8861253902978221,0.03410567103174841,0.03908045889502651,0.2575039494470774,0.10866666666666666,0.422,0.342895263509006,lr
10,none,platt,post,3000,0.566,0.5374170025919592,0.9135856118782301,0.026340706372039956,0.028470617395218355,0.2692307692307692,0.12133333333333333,0.45066666666666666,0.31010336778926306,lr
10,none,platt,val,3000,0.573,0.5253465984468094,0.892383713349401,0.018947504469122994,0.028214085966127633,0.25436598329536825,0.11166666666666666,0.439,,lr
10,none,beta,pre,1500,0.5533333333333333,0.5284754278591918,0.8869154943830466,0.03348009555627643,0.040323564504102224,0.2606707317073171,0.114,0.43733333333333335,0.342895263509006,lr
10,none,beta,post,3000,0.566,0.5375194975611075,0.9135051816301442,0.027846712989578387,0.0295629924623676,0.27141828653707706,0.12566666666666668,0.463,0.31010336778926306,lr
10,none,beta,val,3000,0.573,0.525473438607908,0.8926281844523213,0.01983394185363509,0.02990432191417201,0.26334776334776333,0.12166666666666667,0.462,,lr
10,none,isotonic,pre,1500,0.5533333333333333,0.5269440722929513,0.8853517523076405,0.030605363293934762,0.03388345454394397,0.2673559822747415,0.12066666666666667,0.4513333333333333,0.342895263509006,lr
10,none,isotonic,post,3000,0.566,0.5392783270554735,0.916606353621914,0.028289668818405254,0.0270192251935479,0.28133704735376047,0.13466666666666666,0.4786666666666667,0.31010336778926306,lr
10,none,isotonic,val,3000,0.573,0.5264020248782368,0.8940728267754331,0.01652639630677382,0.017809135264336137,0.26928471248246844,0.128,0.47533333333333333,,lr
10,none,bayes_bin,pre,1500,0.5533333333333333,0.5285933166443635,0.88877653085363,0.03162913230940383,0.041029826622051464,0.2677514792899408,0.12066666666666667,0.45066666666666666,0.342895263509006,lr
10,none,bayes_bin,post,3000,0.566,0.5395766937833325,0.9171221588384051,0.0253413875770006,0.04218241943366249,0.28172942817294283,0.13466666666666666,0.478,0.31010336778926306,lr
10,none,bayes_bin,val,3000,0.573,0.5272111048370506,0.8952737067331167,0.022770110433491718,0.0457115887488124,0.2687719298245614,0.12766666666666668,0.475,,lr
10,vol_jump,raw,pre,1500,0.5533333333333333,0.5273503120571739,0.8855897232314659,0.03362091677985615,0.037977469041270535,0.24373956594323873,0.09733333333333333,0.3993333333333333,0.342895263509006,lr
10,vol_jump,raw,post,3000,0.49933333333333335,0.659089395520719,1.1746713497708186,0.0875185239676971,0.08836021489845615,0.4083398898505114,0.173,0.4236666666666667,0.31010336778926306,lr
10,vol_jump,raw,val,3000,0.573,0.5255156664617923,0.8925674658013081,0.020116618710142687,0.025258116806508888,0.24185667752442996,0.099,0.4093333333333333,,lr
10,vol_jump,temperature,pre,1500,0.5533333333333333,0.5273780545310733,0.8854459829980624,0.03471001939651434,0.03838896273492227,0.2532258064516129,0.10466666666666667,0.41333333333333333,0.342895263509006,lr
10,vol_jump,temperature,post,3000,0.49933333333333335,0.6616174213652448,1.1856802860503048,0.08881958208675765,0.09328335705638165,0.408781226343679,0.18,0.44033333333333335,0.31010336778926306,lr
10,vol_jump,temperature,val,3000,0.573,0.5253949288197207,0.8928044023581755,0.02234792031397905,0.02647591582199753,0.24980544747081712,0.107,0.42833333333333334,,lr
10,vol_jump,platt,pre,1500,0.5533333333333333,0.5279943339414482,0.8861253902978221,0.03410567103174841,0.03908045889502651,0.2575039494470774,0.10866666666666666,0.422,0.342895263509006,lr
10,vol_jump,platt,post,3000,0.49933333333333335,0.6611927906529395,1.182734313116085,0.09300737303870663,0.09713728406188502,0.41050295857988167,0.185,0.45066666666666666,0.31010336778926306,lr
10,vol_jump,platt,val,3000,0.573,0.5253465984468094,0.892383713349401,0.018947504469122994,0.028214085966127633,0.25436598329536825,0.11166666666666666,0.439,,lr
10,vol_jump,beta,pre,1500,0.5533333333333333,0.5284754278591918,0.8869154943830466,0.03348009555627643,0.040323564504102224,0.2606707317073171,0.114,0.43733333333333335,0.342895263509006,lr
10,vol_jump,beta,post,3000,0.49933333333333335,0.6605859716490812,1.1797671778703158,0.09588009144621931,0.09659445638926831,0.40964722822174227,0.18966666666666668,0.463,0.31010336778926306,lr
10,vol_jump,beta,val,3000,0.573,0.525473438607908,0.8926281844523213,0.01983394185363509,0.02990432191417201,0.26334776334776333,0.12166666666666667,0.462,,lr
10,vol_jump,isotonic,pre,1500,0.5533333333333333,0.5269440722929513,0.8853517523076405,0.030605363293934762,0.03388345454394397,0.2673559822747415,0.12066666666666667,0.4513333333333333,0.342895263509006,lr
10,vol_jump,isotonic,post,3000,0.49933333333333335,0.6645005084337099,1.187300123877676,0.10244280518487764,0.1016858918602146,0.41434540389972147,0.19833333333333333,0.4786666666666667,0.31010336778926306,lr
10,vol_jump,isotonic,val,3000,0.573,0.5264020248782368,0.8940728267754331,0.01652639630677382,0.017809135264336137,0.26928471248246844,0.128,0.47533333333333333,,lr
10,vol_jump,bayes_bin,pre,1500,0.5533333333333333,0.5285933166443635,0.88877653085363,0.03162913230940383,0.041029826622051464,0.2677514792899408,0.12066666666666667,0.45066666666666666,0.342895263509006,lr
10,vol_jump,bayes_bin,post,3000,0.49933333333333335,0.6637307339519165,1.1809854493088245,0.10098100567966212,0.10638598913954087,0.41422594142259417,0.198,0.478,0.31010336778926306,lr
10,vol_jump,bayes_bin,val,3000,0.573,0.5272111048370506,0.8952737067331167,0.022770110433491718,0.0457115887488124,0.2687719298245614,0.12766666666666668,0.475,,lr
10,regime_transition,raw,pre,1500,0.5533333333333333,0.5273503120571739,0.8855897232314659,0.03362091677985615,0.037977469041270535,0.24373956594323873,0.09733333333333333,0.3993333333333333,0.342895263509006,lr
10,regime_transition,raw,post,3000,0.3436666666666667,0.8107944507946901,1.429871431577462,0.23716397866694253,0.23716397866694255,0.6577498033044846,0.2786666666666667,0.4236666666666667,0.31010336778926306,lr
10,regime_transition,raw,val,3000,0.573,0.5255156664617923,0.8925674658013081,0.020116618710142687,0.025258116806508888,0.24185667752442996,0.099,0.4093333333333333,,lr
10,regime_transition,temperature,pre,1500,0.5533333333333333,0.5273780545310733,0.8854459829980624,0.03471001939651434,0.03838896273492227,0.2532258064516129,0.10466666666666667,0.41333333333333333,0.342895263509006,lr
10,regime_transition,temperature,post,3000,0.3436666666666667,0.81708663754145,1.4502914338493131,0.2438560085244682,0.2438560085244682,0.6578349735049205,0.2896666666666667,0.44033333333333335,0.31010336778926306,lr
10,regime_transition,temperature,val,3000,0.573,0.5253949288197207,0.8928044023581755,0.02234792031397905,0.02647591582199753,0.24980544747081712,0.107,0.42833333333333334,,lr
10,regime_transition,platt,pre,1500,0.5533333333333333,0.5279943339414482,0.8861253902978221,0.03410567103174841,0.03908045889502651,0.2575039494470774,0.10866666666666666,0.422,0.342895263509006,lr
10,regime_transition,platt,post,3000,0.3436666666666667,0.819846344117279,1.4514509133259539,0.2486740397053733,0.24867403970537327,0.6605029585798816,0.2976666666666667,0.45066666666666666,0.31010336778926306,lr
10,regime_transition,platt,val,3000,0.573,0.5253465984468094,0.892383713349401,0.018947504469122994,0.028214085966127633,0.25436598329536825,0.11166666666666666,0.439,,lr
10,regime_transition,beta,pre,1500,0.5533333333333333,0.5284754278591918,0.8869154943830466,0.03348009555627643,0.040323564504102224,0.2606707317073171,0.114,0.43733333333333335,0.342895263509006,lr
10,regime_transition,beta,post,3000,0.3436666666666667,0.820109232138376,1.4455406157824264,0.2487401084570456,0.2487401084570456,0.6580273578113751,0.30466666666666664,0.463,0.31010336778926306,lr
10,regime_transition,beta,val,3000,0.573,0.525473438607908,0.8926281844523213,0.01983394185363509,0.02990432191417201,0.26334776334776333,0.12166666666666667,0.462,,lr
10,regime_transition,isotonic,pre,1500,0.5533333333333333,0.5269440722929513,0.8853517523076405,0.030605363293934762,0.03388345454394397,0.2673559822747415,0.12066666666666667,0.4513333333333333,0.342895263509006,lr
10,regime_transition,isotonic,post,3000,0.3436666666666667,0.8237817466217205,1.4545832836662607,0.2481962753551682,0.24850355123387066,0.6566852367688022,0.31433333333333335,0.4786666666666667,0.31010336778926306,lr
10,regime_transition,isotonic,val,3000,0.573,0.5264020248782368,0.8940728267754331,0.01652639630677382,0.017809135264336137,0.26928471248246844,0.128,0.47533333333333333,,lr
10,regime_transition,bayes_bin,pre,1500,0.5533333333333333,0.5285933166443635,0.88877653085363,0.03162913230940383,0.041029826622051464,0.2677514792899408,0.12066666666666667,0.45066666666666666,0.342895263509006,lr
10,regime_transition,bayes_bin,post,3000,0.3436666666666667,0.8201188442347472,1.436486149143186,0.24767472091033393,0.24767472091033393,0.6576011157601116,0.31433333333333335,0.478,0.31010336778926306,lr
10,regime_transition,bayes_bin,val,3000,0.573,0.5272111048370506,0.8952737067331167,0.022770110433491718,0.0457115887488124,0.2687719298245614,0.12766666666666668,0.475,,lr
10,feature_shift,raw,pre,1500,0.5533333333333333,0.5273503120571739,0.8855897232314659,0.03362091677985615,0.037977469041270535,0.24373956594323873,0.09733333333333333,0.3993333333333333,0.342895263509006,lr
10,feature_shift,raw,post,3000,0.5036666666666667,0.6383876556685826,1.09710844550814,0.15542902179819992,0.15542902179819995,0.41546162402669634,0.249,0.5993333333333334,0.24274758252750916,lr
10,feature_shift,raw,val,3000,0.573,0.5255156664617923,0.8925674658013081,0.020116618710142687,0.025258116806508888,0.24185667752442996,0.099,0.4093333333333333,,lr
10,feature_shift,temperature,pre,1500,0.5533333333333333,0.5273780545310733,0.8854459829980624,0.03471001939651434,0.03838896273492227,0.2532258064516129,0.10466666666666667,0.41333333333333333,0.342895263509006,lr
10,feature_shift,temperature,post,3000,0.5036666666666667,0.6428696319209618,1.1093491338847978,0.16311505193338421,0.1631150519333842,0.4191256830601093,0.25566666666666665,0.61,0.24274758252750916,lr
10,feature_shift,temperature,val,3000,0.573,0.5253949288197207,0.8928044023581755,0.02234792031397905,0.02647591582199753,0.24980544747081712,0.107,0.42833333333333334,,lr
10,feature_shift,platt,pre,1500,0.5533333333333333,0.5279943339414482,0.8861253902978221,0.03410567103174841,0.03908045889502651,0.2575039494470774,0.10866666666666666,0.422,0.342895263509006,lr
10,feature_shift,platt,post,3000,0.5036666666666667,0.6450378939808696,1.1118649345413008,0.1679986997558272,0.1679986997558272,0.4217062634989201,0.26033333333333336,0.6173333333333333,0.24274758252750916,lr
10,feature_shift,platt,val,3000,0.573,0.5253465984468094,0.892383713349401,0.018947504469122994,0.028214085966127633,0.25436598329536825,0.11166666666666666,0.439,,lr
10,feature_shift,beta,pre,1500,0.5533333333333333,0.5284754278591918,0.8869154943830466,0.03348009555627643,0.040323564504102224,0.2606707317073171,0.114,0.43733333333333335,0.342895263509006,lr
10,feature_shift,beta,post,3000,0.5036666666666667,0.6451303009940186,1.1079066072201165,0.16726731021273145,0.16726731021273147,0.42462845010615713,0.26666666666666666,0.628,0.24274758252750916,lr
10,feature_shift,beta,val,3000,0.573,0.525473438607908,0.8926281844523213,0.01983394185363509,0.02990432191417201,0.26334776334776333,0.12166666666666667,0.462,,lr
10,feature_shift,isotonic,pre,1500,0.5533333333333333,0.5269440722929513,0.8853517523076405,0.030605363293934762,0.03388345454394397,0.2673559822747415,0.12066666666666667,0.4513333333333333,0.342895263509006,lr
10,feature_shift,isotonic,post,3000,0.5036666666666667,0.6496188223360135,1.1152281418246912,0.16804275743245606,0.168042757432456,0.43094496365524404,0.27666666666666667,0.642,0.24274758252750916,lr
10,feature_shift,isotonic,val,3000,0.573,0.5264020248782368,0.8940728267754331,0.01652639630677382,0.017809135264336137,0.26928471248246844,0.128,0.47533333333333333,,lr
10,feature_shift,bayes_bin,pre,1500,0.5533333333333333,0.5285933166443635,0.88877653085363,0.03162913230940383,0.041029826622051464,0.2677514792899408,0.12066666666666667,0.45066666666666666,0.342895263509006,lr
10,feature_shift,bayes_bin,post,3000,0.5036666666666667,0.6462184016397442,1.1053492864482748,0.1602413883142927,0.1602413883142928,0.43094496365524404,0.27666666666666667,0.642,0.24274758252750916,lr
10,feature_shift,bayes_bin,val,3000,0.573,0.5272111048370506,0.8952737067331167,0.022770110433491718,0.0457115887488124,0.2687719298245614,0.12766666666666668,0.475,,lr
10,missing_features,raw,pre,1500,0.5533333333333333,0.5273503120571739,0.8855897232314659,0.03362091677985615,0.037977469041270535,0.24373956594323873,0.09733333333333333,0.3993333333333333,0.342895263509006,lr
10,missing_features,raw,post,3000,0.48533333333333334,0.6011618083814019,1.0106343572066887,0.03337275279822906,0.04271268195463572,0.32281553398058255,0.08866666666666667,0.27466666666666667,0.4988329443147716,lr
10,missing_features,raw,val,3000,0.573,0.5255156664617923,0.8925674658013081,0.020116618710142687,0.025258116806508888,0.24185667752442996,0.099,0.4093333333333333,,lr
10,missing_features,temperature,pre,1500,0.5533333333333333,0.5273780545310733,0.8854459829980624,0.03471001939651434,0.03838896273492227,0.2532258064516129,0.10466666666666667,0.41333333333333333,0.342895263509006,lr
10,missing_features,temperature,post,3000,0.48533333333333334,0.6019247560795582,1.012844858756926,0.03880400266617776,0.047093115662865774,0.32830626450116007,0.09433333333333334,0.28733333333333333,0.4988329443147716,lr
10,missing_features,temperature,val,3000,0.573,0.5253949288197207,0.8928044023581755,0.02234792031397905,0.02647591582199753,0.24980544747081712,0.107,0.42833333333333334,,lr
10,missing_features,platt,pre,1500,0.5533333333333333,0.5279943339414482,0.8861253902978221,0.03410567103174841,0.03908045889502651,0.2575039494470774,0.10866666666666666,0.422,0.342895263509006,lr
10,missing_features,platt,post,3000,0.48533333333333334,0.6020911625987047,1.0126030051162809,0.04320827333585739,0.05155729048732668,0.33032694475760993,0.09766666666666667,0.2956666666666667,0.4988329443147716,lr
10,missing_features,platt,val,3000,0.573,0.5253465984468094,0.892383713349401,0.018947504469122994,0.028214085966127633,0.25436598329536825,0.11166666666666666,0.439,,lr
10,missing_features,beta,pre,1500,0.5533333333333333,0.5284754278591918,0.8869154943830466,0.03348009555627643,0.040323564504102224,0.2606707317073171,0.114,0.43733333333333335,0.342895263509006,lr
10,missing_features,beta,post,3000,0.48533333333333334,0.6020919280185425,1.0124927886983761,0.04212736593973538,0.05224078734178751,0.3326110509209101,0.10233333333333333,0.30766666666666664,0.4988329443147716,lr
10,missing_features,beta,val,3000,0.573,0.525473438607908,0.8926281844523213,0.01983394185363509,0.02990432191417201,0.26334776334776333,0.12166666666666667,0.462,,lr
10,missing_features,isotonic,pre,1500,0.5533333333333333,0.5269440722929513,0.8853517523076405,0.030605363293934762,0.03388345454394397,0.2673559822747415,0.12066666666666667,0.4513333333333333,0.342895263509006,lr
10,missing_features,isotonic,post,3000,0.48533333333333334,0.6038696312438573,1.0150297524551333,0.040838494528961905,0.04156765904353047,0.3333333333333333,0.10633333333333334,0.319,0.4988329443147716,lr
10,missing_features,isotonic,val,3000,0.573,0.5264020248782368,0.8940728267754331,0.01652639630677382,0.017809135264336137,0.26928471248246844,0.128,0.47533333333333333,,lr
10,missing_features,bayes_bin,pre,1500,0.5533333333333333,0.5285933166443635,0.88877653085363,0.03162913230940383,0.041029826622051464,0.2677514792899408,0.12066666666666667,0.45066666666666666,0.342895263509006,lr
10,missing_features,bayes_bin,post,3000,0.48533333333333334,0.6050120930652297,1.0168622495918784,0.045031708640516414,0.057077065211162896,0.33368200836820083,0.10633333333333334,0.31866666666666665,0.4988329443147716,lr
10,missing_features,bayes_bin,val,3000,0.573,0.5272111048370506,0.8952737067331167,0.022770110433491718,0.0457115887488124,0.2687719298245614,0.12766666666666668,0.475,,lr
10,stale_features,raw,pre,1500,0.5533333333333333,0.5273503120571739,0.8855897232314659,0.03362091677985615,0.037977469041270535,0.24373956594323873,0.09733333333333333,0.3993333333333333,0.342895263509006,lr
10,stale_features,raw,post,3000,0.428,0.723414076253897,1.2621275672274879,0.16698044555087774,0.16698044555087777,0.5203313253012049,0.23033333333333333,0.44266666666666665,0.08336112037345782,lr
10,stale_features,raw,val,3000,0.573,0.5255156664617923,0.8925674658013081,0.020116618710142687,0.025258116806508888,0.24185667752442996,0.099,0.4093333333333333,,lr
10,stale_features,temperature,pre,1500,0.5533333333333333,0.5273780545310733,0.8854459829980624,0.03471001939651434,0.03838896273492227,0.2532258064516129,0.10466666666666667,0.41333333333333333,0.342895263509006,lr
10,stale_features,temperature,post,3000,0.428,0.7281076166487657,1.2770864580491343,0.17387005233403044,0.17387005233403044,0.521551724137931,0.242,0.464,0.08336112037345782,lr
10,stale_features,temperature,val,3000,0.573,0.5253949288197207,0.8928044023581755,0.02234792031397905,0.02647591582199753,0.24980544747081712,0.107,0.42833333333333334,,lr
10,stale_features,platt,pre,1500,0.5533333333333333,0.5279943339414482,0.8861253902978221,0.03410567103174841,0.03908045889502651,0.2575039494470774,0.10866666666666666,0.422,0.342895263509006,lr
10,stale_features,platt,post,3000,0.428,0.7299478862213927,1.2777321848534284,0.1787382832178804,0.17873828321788043,0.52311939268461,0.25266666666666665,0.483,0.08336112037345782,lr
10,stale_features,platt,val,3000,0.573,0.5253465984468094,0.892383713349401,0.018947504469122994,0.028214085966127633,0.25436598329536825,0.11166666666666666,0.439,,lr
10,stale_features,beta,pre,1500,0.5533333333333333,0.5284754278591918,0.8869154943830466,0.03348009555627643,0.040323564504102224,0.2606707317073171,0.114,0.43733333333333335,0.342895263509006,lr
10,stale_features,beta,post,3000,0.428,0.7301231053488485,1.2741013933094338,0.17872777419268857,0.17954247568694143,0.5252324037184595,0.26366666666666666,0.502,0.08336112037345782,lr
10,stale_features,beta,val,3000,0.573,0.525473438607908,0.8926281844523213,0.01983394185363509,0.02990432191417201,0.26334776334776333,0.12166666666666667,0.462,,lr
10,stale_features,isotonic,pre,1500,0.5533333333333333,0.5269440722929513,0.8853517523076405,0.030605363293934762,0.03388345454394397,0.2673559822747415,0.12066666666666667,0.4513333333333333,0.342895263509006,lr
10,stale_features,isotonic,post,3000,0.428,0.7331838481548393,1.2808476322031395,0.17836995515626938,0.17836995515626938,0.5291853752405388,0.275,0.5196666666666667,0.08336112037345782,lr
10,stale_features,isotonic,val,3000,0.573,0.5264020248782368,0.8940728267754331,0.01652639630677382,0.017809135264336137,0.26928471248246844,0.128,0.47533333333333333,,lr
10,stale_features,bayes_bin,pre,1500,0.5533333333333333,0.5285933166443635,0.88877653085363,0.03162913230940383,0.041029826622051464,0.2677514792899408,0.12066666666666667,0.45066666666666666,0.342895263509006,lr
10,stale_features,bayes_bin,post,3000,0.428,0.7324443411588847,1.2734910112843247,0.1796398969653374,0.1908370550104336,0.5291853752405388,0.275,0.5196666666666667,0.08336112037345782,lr
10,stale_features,bayes_bin,val,3000,0.573,0.5272111048370506,0.8952737067331167,0.022770110433491718,0.0457115887488124,0.2687719298245614,0.12766666666666668,0.475,,lr
10,venue_change,raw,pre,1500,0.5533333333333333,0.5273503120571739,0.8855897232314659,0.03362091677985615,0.037977469041270535,0.24373956594323873,0.09733333333333333,0.3993333333333333,0.342895263509006,lr
10,venue_change,raw,post,3000,0.4836666666666667,0.6426437724095019,1.1004270313170952,0.10117339877098921,0.10117339877098919,0.41208791208791207,0.175,0.4246666666666667,0.46315438479493165,lr
10,venue_change,raw,val,3000,0.573,0.5255156664617923,0.8925674658013081,0.020116618710142687,0.025258116806508888,0.24185667752442996,0.099,0.4093333333333333,,lr
10,venue_change,temperature,pre,1500,0.5533333333333333,0.5273780545310733,0.8854459829980624,0.03471001939651434,0.03838896273492227,0.2532258064516129,0.10466666666666667,0.41333333333333333,0.342895263509006,lr
10,venue_change,temperature,post,3000,0.4836666666666667,0.6455419906277994,1.1089307755144264,0.10792099664169222,0.10792099664169223,0.4180451127819549,0.18533333333333332,0.44333333333333336,0.46315438479493165,lr
10,venue_change,temperature,val,3000,0.573,0.5253949288197207,0.8928044023581755,0.02234792031397905,0.02647591582199753,0.24980544747081712,0.107,0.42833333333333334,,lr
10,venue_change,platt,pre,1500,0.5533333333333333,0.5279943339414482,0.8861253902978221,0.03410567103174841,0.03908045889502651,0.2575039494470774,0.10866666666666666,0.422,0.342895263509006,lr
10,venue_change,platt,post,3000,0.4836666666666667,0.6466843718380817,1.1091895570500174,0.11283308924104053,0.11283308924104055,0.4218978102189781,0.19266666666666668,0.45666666666666667,0.46315438479493165,lr
10,venue_change,platt,val,3000,0.573,0.5253465984468094,0.892383713349401,0.018947504469122994,0.028214085966127633,0.25436598329536825,0.11166666666666666,0.439,,lr
10,venue_change,beta,pre,1500,0.5533333333333333,0.5284754278591918,0.8869154943830466,0.03348009555627643,0.040323564504102224,0.2606707317073171,0.114,0.43733333333333335,0.342895263509006,lr
10,venue_change,beta,post,3000,0.4836666666666667,0.6472179529560151,1.1088842302333712,0.11315278978304048,0.1132401301502992,0.4231041814316088,0.199,0.4703333333333333,0.46315438479493165,lr
10,venue_change,beta,val,3000,0.573,0.525473438607908,0.8926281844523213,0.01983394185363509,0.02990432191417201,0.26334776334776333,0.12166666666666667,0.462,,lr
10,venue_change,isotonic,pre,1500,0.5533333333333333,0.5269440722929513,0.8853517523076405,0.030605363293934762,0.03388345454394397,0.2673559822747415,0.12066666666666667,0.4513333333333333,0.342895263509006,lr
10,venue_change,isotonic,post,3000,0.4836666666666667,0.6489680470545862,1.1133886922766727,0.11291594568646623,0.11422487828917226,0.4259131633356306,0.206,0.4836666666666667,0.46315438479493165,lr
10,venue_change,isotonic,val,3000,0.573,0.5264020248782368,0.8940728267754331,0.01652639630677382,0.017809135264336137,0.26928471248246844,0.128,0.47533333333333333,,lr
10,venue_change,bayes_bin,pre,1500,0.5533333333333333,0.5285933166443635,0.88877653085363,0.03162913230940383,0.041029826622051464,0.2677514792899408,0.12066666666666667,0.45066666666666666,0.342895263509006,lr
10,venue_change,bayes_bin,post,3000,0.4836666666666667,0.6478198318522035,1.1098357667535796,0.1116248875949883,0.11162488759498826,0.4259131633356306,0.206,0.4836666666666667,0.46315438479493165,lr
10,venue_change,bayes_bin,val,3000,0.573,0.5272111048370506,0.8952737067331167,0.022770110433491718,0.0457115887488124,0.2687719298245614,0.12766666666666668,0.475,,lr
10,rare_cluster,raw,pre,1500,0.5533333333333333,0.5273503120571739,0.8855897232314659,0.03362091677985615,0.037977469041270535,0.24373956594323873,0.09733333333333333,0.3993333333333333,0.342895263509006,lr
10,rare_cluster,raw,post,3000,0.534,0.5797192546888438,0.9966527348028017,0.04860683873086394,0.056095090947938624,0.3281733746130031,0.14133333333333334,0.43066666666666664,0.31510503501167053,lr
10,rare_cluster,raw,val,3000,0.573,0.5255156664617923,0.8925674658013081,0.020116618710142687,0.025258116806508888,0.24185667752442996,0.099,0.4093333333333333,,lr
10,rare_cluster,temperature,pre,1500,0.5533333333333333,0.5273780545310733,0.8854459829980624,0.03471001939651434,0.03838896273492227,0.2532258064516129,0.10466666666666667,0.41333333333333333,0.342895263509006,lr
10,rare_cluster,temperature,post,3000,0.534,0.5809830342661146,1.0011415582088903,0.05536106948077209,0.06177903754514279,0.33159073935772965,0.148,0.44633333333333336,0.31510503501167053,lr
10,rare_cluster,temperature,val,3000,0.573,0.5253949288197207,0.8928044023581755,0.02234792031397905,0.02647591582199753,0.24980544747081712,0.107,0.42833333333333334,,lr
10,rare_cluster,platt,pre,1500,0.5533333333333333,0.5279943339414482,0.8861253902978221,0.03410567103174841,0.03908045889502651,0.2575039494470774,0.10866666666666666,0.422,0.342895263509006,lr
10,rare_cluster,platt,post,3000,0.534,0.581492564158849,1.000927325446014,0.06018543856922123,0.06571245221821428,0.3333333333333333,0.15166666666666667,0.455,0.31510503501167053,lr
10,rare_cluster,platt,val,3000,0.573,0.5253465984468094,0.892383713349401,0.018947504469122994,0.028214085966127633,0.25436598329536825,0.11166666666666666,0.439,,lr
10,rare_cluster,beta,pre,1500,0.5533333333333333,0.5284754278591918,0.8869154943830466,0.03348009555627643,0.040323564504102224,0.2606707317073171,0.114,0.43733333333333335,0.342895263509006,lr
10,rare_cluster,beta,post,3000,0.534,0.5818246929235324,1.0006556026351185,0.06032908278107541,0.06519101949964815,0.3364153627311522,0.15766666666666668,0.4686666666666667,0.31510503501167053,lr
10,rare_cluster,beta,val,3000,0.573,0.525473438607908,0.8926281844523213,0.01983394185363509,0.02990432191417201,0.26334776334776333,0.12166666666666667,0.462,,lr
10,rare_cluster,isotonic,pre,1500,0.5533333333333333,0.5269440722929513,0.8853517523076405,0.030605363293934762,0.03388345454394397,0.2673559822747415,0.12066666666666667,0.4513333333333333,0.342895263509006,lr
10,rare_cluster,isotonic,post,3000,0.534,0.5838144347778572,1.0048163420555676,0.06185002817625227,0.06074689661888315,0.34392265193370164,0.166,0.4826666666666667,0.31510503501167053,lr
10,rare_cluster,isotonic,val,3000,0.573,0.5264020248782368,0.8940728267754331,0.01652639630677382,0.017809135264336137,0.26928471248246844,0.128,0.47533333333333333,,lr
10,rare_cluster,bayes_bin,pre,1500,0.5533333333333333,0.5285933166443635,0.88877653085363,0.03162913230940383,0.041029826622051464,0.2677514792899408,0.12066666666666667,0.45066666666666666,0.342895263509006,lr
10,rare_cluster,bayes_bin,post,3000,0.534,0.5841407792365572,1.0044443208479075,0.05907813127265424,0.0611054859224719,0.34439834024896265,0.166,0.482,0.31510503501167053,lr
10,rare_cluster,bayes_bin,val,3000,0.573,0.5272111048370506,0.8952737067331167,0.022770110433491718,0.0457115887488124,0.2687719298245614,0.12766666666666668,0.475,,lr
10,none,raw,pre,1500,0.5353333333333333,0.6751572007650506,1.3099418230104871,0.2418493483486178,0.2418493483486179,0.4261019878997407,0.32866666666666666,0.7713333333333333,0.514342895263509,gbm
10,none,raw,post,3000,0.5133333333333333,0.7061673028420555,1.41245731337915,0.2687575259871231,0.2670561161567848,0.4442999566536628,0.3416666666666667,0.769,0.4671557185728576,gbm
10,none,raw,val,3000,0.522,0.6962923282619251,1.3778984349445,0.2595021042954458,0.2595021042954458,0.4383503401360544,0.3436666666666667,0.784,,gbm
10,none,temperature,pre,1500,0.5353333333333333,0.5693220655578518,0.9547996855797739,0.01664380534456138,0.029207183410005458,0.27631578947368424,0.084,0.304,0.514342895263509,gbm
10,none,temperature,post,3000,0.5133333333333333,0.5825028207403355,0.9768826983280272,0.03665525995680982,0.03752009468460867,0.2950310559006211,0.095,0.322,0.4671557185728576,gbm
10,none,temperature,val,3000,0.522,0.5775884921046986,0.9709285413142157,0.03634167505357263,0.03247814027206107,0.27552140504939626,0.08366666666666667,0.30366666666666664,,gbm
10,none,platt,pre,1500,0.5353333333333333,0.639406688478218,1.3416746150780579,0.14337971966241578,0.15278680508785045,0.352317880794702,0.17733333333333334,0.5033333333333333,0.514342895263509,gbm
10,none,platt,post,3000,0.5133333333333333,0.6635106411805332,1.4652138516707558,0.16948303551779376,0.17322909402217357,0.3748361730013106,0.19066666666666668,0.5086666666666667,0.4671557185728576,gbm
10,none,platt,val,3000,0.522,0.6531800693308782,1.3990903553844352,0.17540956808026795,0.1686867732217468,0.3619233268356075,0.18566666666666667,0.513,,gbm
10,none,beta,pre,1500,0.5353333333333333,0.5870497117271992,1.027343758093991,0.026690032481250257,0.022977955758606748,0.2832618025751073,0.088,0.31066666666666665,0.514342895263509,gbm
10,none,beta,post,3000,0.5133333333333333,0.6032045247824066,1.071263220218926,0.046645667486914545,0.04664566748691454,0.3069815195071869,0.09966666666666667,0.32466666666666666,0.4671557185728576,gbm
10,none,beta,val,3000,0.522,0.600098962824309,1.0733927552062241,0.0399379413178725,0.04282905201563741,0.28431372549019607,0.087,0.306,,gbm
10,none,isotonic,pre,1500,0.5353333333333333,0.5868906526358326,1.0274201708110755,0.020608102143483114,0.029606892619732244,0.27205882352941174,0.074,0.272,0.514342895263509,gbm
10,none,isotonic,post,3000,0.5133333333333333,0.603606702141637,1.0724021551415033,0.049002687594453254,0.05058107513778578,0.28870779976717115,0.08266666666666667,0.28633333333333333,0.4671557185728576,gbm
10,none,isotonic,val,3000,0.522,0.6004149647860438,1.0739368960348172,0.04170489380343842,0.040214311295774956,0.2749691738594328,0.07433333333333333,0.2703333333333333,,gbm
10,none,bayes_bin,pre,1500,0.5353333333333333,0.5881418979585157,1.029855625602461,0.020651601081339555,0.035031564325255345,0.25595238095238093,0.05733333333333333,0.224,0.514342895263509,gbm
10,none,bayes_bin,post,3000,0.5133333333333333,0.6041510345520869,1.0729284609632503,0.04902557395856657,0.04711951767824611,0.272608125819135,0.06933333333333333,0.25433333333333336,0.4671557185728576,gbm
10,none,bayes_bin,val,3000,0.522,0.601230613742411,1.075477297099333,0.046593342672846365,0.04996161765408089,0.24709302325581395,0.056666666666666664,0.22933333333333333,,gbm
10,vol_jump,raw,pre,1500,0.5353333333333333,0.6751572007650506,1.3099418230104871,0.2418493483486178,0.2418493483486179,0.4261019878997407,0.32866666666666666,0.7713333333333333,0.514342895263509,gbm
10,vol_jump,raw,post,3000,0.43733333333333335,0.848210084800574,1.9255168717148325,0.3430561161567848,0.34305611615678483,0.5344603381014305,0.411,0.769,0.4671557185728576,gbm
10,vol_jump,raw,val,3000,0.522,0.6962923282619251,1.3778984349445,0.2595021042954458,0.2595021042954458,0.4383503401360544,0.3436666666666667,0.784,,gbm
10,vol_jump,temperature,pre,1500,0.5353333333333333,0.5693220655578518,0.9547996855797739,0.01664380534456138,0.029207183410005458,0.27631578947368424,0.084,0.304,0.514342895263509,gbm
10,vol_jump,temperature,post,3000,0.43733333333333335,0.6705599080401085,1.1346933926379887,0.112278506864191,0.11227850686419098,0.43685300207039335,0.14066666666666666,0.322,0.4671557185728576,gbm
10,vol_jump,temperature,val,3000,0.522,0.5775884921046986,0.9709285413142157,0.03634167505357263,0.03247814027206107,0.27552140504939626,0.08366666666666667,0.30366666666666664,,gbm
10,vol_jump,platt,pre,1500,0.5353333333333333,0.639406688478218,1.3416746150780579,0.14337971966241578,0.15278680508785045,0.352317880794702,0.17733333333333334,0.5033333333333333,0.514342895263509,gbm
10,vol_jump,platt,post,3000,0.43733333333333335,0.7990707247028601,2.0543978065591744,0.2454830355177938,0.24589576068884023,0.48230668414154654,0.24533333333333332,0.5086666666666667,0.4671557185728576,gbm
10,vol_jump,platt,val,3000,0.522,0.6531800693308782,1.3990903553844352,0.17540956808026795,0.1686867732217468,0.3619233268356075,0.18566666666666667,0.513,,gbm
10,vol_jump,beta,pre,1500,0.5353333333333333,0.5870497117271992,1.027343758093991,0.026690032481250257,0.022977955758606748,0.2832618025751073,0.088,0.31066666666666665,0.514342895263509,gbm
10,vol_jump,beta,post,3000,0.43733333333333335,0.713241913484337,1.3907383364817767,0.12264566748691454,0.12264566748691455,0.44455852156057496,0.14433333333333334,0.32466666666666666,0.4671557185728576,gbm
10,vol_jump,beta,val,3000,0.522,0.600098962824309,1.0733927552062241,0.0399379413178725,0.04282905201563741,0.28431372549019607,0.087,0.306,,gbm
10,vol_jump,isotonic,pre,1500,0.5353333333333333,0.5868906526358326,1.0274201708110755,0.020608102143483114,0.029606892619732244,0.27205882352941174,0.074,0.272,0.514342895263509,gbm
10,vol_jump,isotonic,post,3000,0.43733333333333335,0.7143430332742257,1.3933580960160876,0.12495068343701657,0.1249506834370166,0.43538998835855647,0.12466666666666666,0.28633333333333333,0.4671557185728576,gbm
10,vol_jump,isotonic,val,3000,0.522,0.6004149647860438,1.0739368960348172,0.04170489380343842,0.040214311295774956,0.2749691738594328,0.07433333333333333,0.2703333333333333,,gbm
10,vol_jump,bayes_bin,pre,1500,0.5353333333333333,0.5881418979585157,1.029855625602461,0.020651601081339555,0.035031564325255345,0.25595238095238093,0.05733333333333333,0.224,0.514342895263509,gbm
10,vol_jump,bayes_bin,post,3000,0.43733333333333335,0.713523040064336,1.3896453509075484,0.12236521545081065,0.12236521545081067,0.4233289646133683,0.10766666666666666,0.25433333333333336,0.4671557185728576,gbm
10,vol_jump,bayes_bin,val,3000,0.522,0.601230613742411,1.075477297099333,0.046593342672846365,0.04996161765408089,0.24709302325581395,0.056666666666666664,0.22933333333333333,,gbm
10,regime_transition,raw,pre,1500,0.5353333333333333,0.6751572007650506,1.3099418230104871,0.2418493483486178,0.2418493483486179,0.4261019878997407,0.32866666666666666,0.7713333333333333,0.514342895263509,gbm
10,regime_transition,raw,post,3000,0.3433333333333333,1.0146061518035707,2.4015538735104958,0.43705611615678475,0.4370561161567848,0.6540962288686606,0.503,0.769,0.4671557185728576,gbm
10,regime_transition,raw,val,3000,0.522,0.6962923282619251,1.3778984349445,0.2595021042954458,0.2595021042954458,0.4383503401360544,0.3436666666666667,0.784,,gbm
10,regime_transition,temperature,pre,1500,0.5353333333333333,0.5693220655578518,0.9547996855797739,0.01664380534456138,0.029207183410005458,0.27631578947368424,0.084,0.304,0.514342895263509,gbm
10,regime_transition,temperature,post,3000,0.3433333333333333,0.7672785349556407,1.2811164122466678,0.20627850686419105,0.20627850686419097,0.6438923395445134,0.20733333333333334,0.322,0.4671557185728576,gbm
10,regime_transition,temperature,val,3000,0.522,0.5775884921046986,0.9709285413142157,0.03634167505357263,0.03247814027206107,0.27552140504939626,0.08366666666666667,0.30366666666666664,,gbm
10,regime_transition,platt,pre,1500,0.5353333333333333,0.639406688478218,1.3416746150780579,0.14337971966241578,0.15278680508785045,0.352317880794702,0.17733333333333334,0.5033333333333333,0.514342895263509,gbm
10,regime_transition,platt,post,3000,0.3433333333333333,0.9584939464568507,2.6771389066395663,0.3394830355177938,0.34122909402217355,0.6526867627785059,0.332,0.5086666666666667,0.4671557185728576,gbm
10,regime_transition,platt,val,3000,0.522,0.6531800693308782,1.3990903553844352,0.17540956808026795,0.1686867732217468,0.3619233268356075,0.18566666666666667,0.513,,gbm
10,regime_transition,beta,pre,1500,0.5353333333333333,0.5870497117271992,1.027343758093991,0.026690032481250257,0.022977955758606748,0.2832618025751073,0.088,0.31066666666666665,0.514342895263509,gbm
10,regime_transition,beta,post,3000,0.3433333333333333,0.8089314569075616,1.5833108435545882,0.21664566748691455,0.21664566748691455,0.6457905544147844,0.20966666666666667,0.32466666666666666,0.4671557185728576,gbm
10,regime_transition,beta,val,3000,0.522,0.600098962824309,1.0733927552062241,0.0399379413178725,0.04282905201563741,0.28431372549019607,0.087,0.306,,gbm
10,regime_transition,isotonic,pre,1500,0.5353333333333333,0.5868906526358326,1.0274201708110755,0.020608102143483114,0.029606892619732244,0.27205882352941174,0.074,0.272,0.514342895263509,gbm
10,regime_transition,isotonic,post,3000,0.3433333333333333,0.8116877160531742,1.589588027266235,0.21895068343701657,0.21895068343701657,0.6484284051222352,0.18566666666666667,0.28633333333333333,0.4671557185728576,gbm
10,regime_transition,isotonic,val,3000,0.522,0.6004149647860438,1.0739368960348172,0.04170489380343842,0.040214311295774956,0.2749691738594328,0.07433333333333333,0.2703333333333333,,gbm
10,regime_transition,bayes_bin,pre,1500,0.5353333333333333,0.5881418979585157,1.029855625602461,0.020651601081339555,0.035031564325255345,0.25595238095238093,0.05733333333333333,0.224,0.514342895263509,gbm
10,regime_transition,bayes_bin,post,3000,0.3433333333333333,0.8077192480971335,1.5740403345955616,0.21636521545081067,0.21636521545081067,0.6500655307994757,0.16533333333333333,0.25433333333333336,0.4671557185728576,gbm
10,regime_transition,bayes_bin,val,3000,0.522,0.601230613742411,1.075477297099333,0.046593342672846365,0.04996161765408089,0.24709302325581395,0.056666666666666664,0.22933333333333333,,gbm
10,feature_shift,raw,pre,1500,0.5353333333333333,0.6751572007650506,1.3099418230104871,0.2418493483486178,0.2418493483486179,0.4261019878997407,0.32866666666666666,0.7713333333333333,0.514342895263509,gbm
10,feature_shift,raw,post,3000,0.41133333333333333,0.8813277551067009,1.9497391640679749,0.36750987943019675,0.36750987943019675,0.564993564993565,0.439,0.777,0.45481827275758585,gbm
10,feature_shift,raw,val,3000,0.522,0.6962923282619251,1.3778984349445,0.2595021042954458,0.2595021042954458,0.4383503401360544,0.3436666666666667,0.784,,gbm
10,feature_shift,temperature,pre,1500,0.5353333333333333,0.5693220655578518,0.9547996855797739,0.01664380534456138,0.029207183410005458,0.27631578947368424,0.084,0.304,0.514342895263509,gbm
10,feature_shift,temperature,post,3000,0.41133333333333333,0.6827424902809173,1.140470128216206,0.13972919737773926,0.13972919737773926,0.4661016949152542,0.14666666666666667,0.31466666666666665,0.45481827275758585,gbm
10,feature_shift,temperature,val,3000,0.522,0.5775884921046986,0.9709285413142157,0.03634167505357263,0.03247814027206107,0.27552140504939626,0.08366666666666667,0.30366666666666664,,gbm
10,feature_shift,platt,pre,1500,0.5353333333333333,0.639406688478218,1.3416746150780579,0.14337971966241578,0.15278680508785045,0.352317880794702,0.17733333333333334,0.5033333333333333,0.514342895263509,gbm
10,feature_shift,platt,post,3000,0.41133333333333333,0.8255615948743492,2.0873373600868113,0.26519916315225495,0.265199163152255,0.5218855218855218,0.25833333333333336,0.495,0.45481827275758585,gbm
10,feature_shift,platt,val,3000,0.522,0.6531800693308782,1.3990903553844352,0.17540956808026795,0.1686867732217468,0.3619233268356075,0.18566666666666667,0.513,,gbm
10,feature_shift,beta,pre,1500,0.5353333333333333,0.5870497117271992,1.027343758093991,0.026690032481250257,0.022977955758606748,0.2832618025751073,0.088,0.31066666666666665,0.514342895263509,gbm
10,feature_shift,beta,post,3000,0.41133333333333333,0.7192835251874752,1.3614647173485077,0.14944234187756633,0.14944234187756636,0.4687830687830688,0.14766666666666667,0.315,0.45481827275758585,gbm
10,feature_shift,beta,val,3000,0.522,0.600098962824309,1.0733927552062241,0.0399379413178725,0.04282905201563741,0.28431372549019607,0.087,0.306,,gbm
10,feature_shift,isotonic,pre,1500,0.5353333333333333,0.5868906526358326,1.0274201708110755,0.020608102143483114,0.029606892619732244,0.27205882352941174,0.074,0.272,0.514342895263509,gbm
10,feature_shift,isotonic,post,3000,0.41133333333333333,0.7207859925756378,1.365412980315355,0.15107432887628894,0.1510743288762889,0.45714285714285713,0.128,0.28,0.45481827275758585,gbm
10,feature_shift,isotonic,val,3000,0.522,0.6004149647860438,1.0739368960348172,0.04170489380343842,0.040214311295774956,0.2749691738594328,0.07433333333333333,0.2703333333333333,,gbm
10,feature_shift,bayes_bin,pre,1500,0.5353333333333333,0.5881418979585157,1.029855625602461,0.020651601081339555,0.035031564325255345,0.25595238095238093,0.05733333333333333,0.224,0.514342895263509,gbm
10,feature_shift,bayes_bin,post,3000,0.41133333333333333,0.7187401922896549,1.3566462985320622,0.14742447101375103,0.14742447101375103,0.4375,0.10966666666666666,0.25066666666666665,0.45481827275758585,gbm
10,feature_shift,bayes_bin,val,3000,0.522,0.601230613742411,1.075477297099333,0.046593342672846365,0.04996161765408089,0.24709302325581395,0.056666666666666664,0.22933333333333333,,gbm
10,missing_features,raw,pre,1500,0.5353333333333333,0.6751572007650506,1.3099418230104871,0.2418493483486178,0.2418493483486179,0.4261019878997407,0.32866666666666666,0.7713333333333333,0.514342895263509,gbm
10,missing_features,raw,post,3000,0.43766666666666665,0.8332391613980624,1.7289184027111157,0.3415824602698503,0.3374861653645936,0.5309696710807348,0.41433333333333333,0.7803333333333333,0.5445148382794265,gbm
10,missing_features,raw,val,3000,0.522,0.6962923282619251,1.3778984349445,0.2595021042954458,0.2595021042954458,0.4383503401360544,0.3436666666666667,0.784,,gbm
10,missing_features,temperature,pre,1500,0.5353333333333333,0.5693220655578518,0.9547996855797739,0.01664380534456138,0.029207183410005458,0.27631578947368424,0.084,0.304,0.514342895263509,gbm
10,missing_features,temperature,post,3000,0.43766666666666665,0.6531802821956403,1.0886237851694054,0.10059488813701781,0.10059488813701788,0.41211401425178146,0.11566666666666667,0.2806666666666667,0.5445148382794265,gbm
10,missing_features,temperature,val,3000,0.522,0.5775884921046986,0.9709285413142157,0.03634167505357263,0.03247814027206107,0.27552140504939626,0.08366666666666667,0.30366666666666664,,gbm
10,missing_features,platt,pre,1500,0.5353333333333333,0.639406688478218,1.3416746150780579,0.14337971966241578,0.15278680508785045,0.352317880794702,0.17733333333333334,0.5033333333333333,0.514342895263509,gbm
10,missing_features,platt,post,3000,0.43766666666666665,0.7806216824056103,1.7814858133779305,0.23944175844115317,0.24191592376346835,0.48365122615803813,0.23666666666666666,0.48933333333333334,0.5445148382794265,gbm
10,missing_features,platt,val,3000,0.522,0.6531800693308782,1.3990903553844352,0.17540956808026795,0.1686867732217468,0.3619233268356075,0.18566666666666667,0.513,,gbm
10,missing_features,beta,pre,1500,0.5353333333333333,0.5870497117271992,1.027343758093991,0.026690032481250257,0.022977955758606748,0.2832618025751073,0.088,0.31066666666666665,0.514342895263509,gbm
10,missing_features,beta,post,3000,0.43766666666666665,0.6884931829718995,1.2683254776951634,0.11270218416846349,0.1117194821172823,0.42178447276940906,0.12133333333333333,0.2876666666666667,0.5445148382794265,gbm
10,missing_features,beta,val,3000,0.522,0.600098962824309,1.0733927552062241,0.0399379413178725,0.04282905201563741,0.28431372549019607,0.087,0.306,,gbm
10,missing_features,isotonic,pre,1500,0.5353333333333333,0.5868906526358326,1.0274201708110755,0.020608102143483114,0.029606892619732244,0.27205882352941174,0.074,0.272,0.514342895263509,gbm
10,missing_features,isotonic,post,3000,0.43766666666666665,0.6893837103328673,1.2697399867203902,0.11674791606440575,0.11385193063261059,0.40939597315436244,0.10166666666666667,0.24833333333333332,0.5445148382794265,gbm
10,missing_features,isotonic,val,3000,0.522,0.6004149647860438,1.0739368960348172,0.04170489380343842,0.040214311295774956,0.2749691738594328,0.07433333333333333,0.2703333333333333,,gbm
10,missing_features,bayes_bin,pre,1500,0.5353333333333333,0.5881418979585157,1.029855625602461,0.020651601081339555,0.035031564325255345,0.25595238095238093,0.05733333333333333,0.224,0.514342895263509,gbm
10,missing_features,bayes_bin,post,3000,0.43766666666666665,0.6906397396908176,1.2711170077275253,0.11549810910000094,0.11366668034933684,0.40458015267175573,0.08833333333333333,0.21833333333333332,0.5445148382794265,gbm
10,missing_features,bayes_bin,val,3000,0.522,0.601230613742411,1.075477297099333,0.046593342672846365,0.04996161765408089,0.24709302325581395,0.056666666666666664,0.22933333333333333,,gbm
10,stale_features,raw,pre,1500,0.5353333333333333,0.6751572007650506,1.3099418230104871,0.2418493483486178,0.2418493483486179,0.4261019878997407,0.32866666666666666,0.7713333333333333,0.514342895263509,gbm
10,stale_features,raw,post,3000,0.399,0.9255144697826906,2.125401631942036,0.3935470725757736,0.39354707257577365,0.5867282654346913,0.4656666666666667,0.7936666666666666,0.3197732577525842,gbm
10,stale_features,raw,val,3000,0.522,0.6962923282619251,1.3778984349445,0.2595021042954458,0.2595021042954458,0.4383503401360544,0.3436666666666667,0.784,,gbm
10,stale_features,temperature,pre,1500,0.5353333333333333,0.5693220655578518,0.9547996855797739,0.01664380534456138,0.029207183410005458,0.27631578947368424,0.084,0.304,0.514342895263509,gbm
10,stale_features,temperature,post,3000,0.399,0.7103463354260087,1.1843142144352508,0.16055160282315967,0.16055160282315967,0.5282101167315175,0.181,0.3426666666666667,0.3197732577525842,gbm
10,stale_features,temperature,val,3000,0.522,0.5775884921046986,0.9709285413142157,0.03634167505357263,0.03247814027206107,0.27552140504939626,0.08366666666666667,0.30366666666666664,,gbm
10,stale_features,platt,pre,1500,0.5353333333333333,0.639406688478218,1.3416746150780579,0.14337971966241578,0.15278680508785045,0.352317880794702,0.17733333333333334,0.5033333333333333,0.514342895263509,gbm
10,stale_features,platt,post,3000,0.399,0.874511941375148,2.370276344380063,0.29920980314699464,0.29920980314699475,0.5623043206011271,0.29933333333333334,0.5323333333333333,0.3197732577525842,gbm
10,stale_features,platt,val,3000,0.522,0.6531800693308782,1.3990903553844352,0.17540956808026795,0.1686867732217468,0.3619233268356075,0.18566666666666667,0.513,,gbm
10,stale_features,beta,pre,1500,0.5353333333333333,0.5870497117271992,1.027343758093991,0.026690032481250257,0.022977955758606748,0.2832618025751073,0.088,0.31066666666666665,0.514342895263509,gbm
10,stale_features,beta,post,3000,0.399,0.744212073561709,1.4110702460206968,0.17180183524733,0.17180183524733,0.538534728829686,0.18866666666666668,0.35033333333333333,0.3197732577525842,gbm
10,stale_features,beta,val,3000,0.522,0.600098962824309,1.0733927552062241,0.0399379413178725,0.04282905201563741,0.28431372549019607,0.087,0.306,,gbm
10,stale_features,isotonic,pre,1500,0.5353333333333333,0.5868906526358326,1.0274201708110755,0.020608102143483114,0.029606892619732244,0.27205882352941174,0.074,0.272,0.514342895263509,gbm
10,stale_features,isotonic,post,3000,0.399,0.746160602057142,1.4151198891240613,0.1736901039418154,0.1736901039418154,0.5340425531914894,0.16733333333333333,0.31333333333333335,0.3197732577525842,gbm
10,stale_features,isotonic,val,3000,0.522,0.6004149647860438,1.0739368960348172,0.04170489380343842,0.040214311295774956,0.2749691738594328,0.07433333333333333,0.2703333333333333,,gbm
10,stale_features,bayes_bin,pre,1500,0.5353333333333333,0.5881418979585157,1.029855625602461,0.020651601081339555,0.035031564325255345,0.25595238095238093,0.05733333333333333,0.224,0.514342895263509,gbm
10,stale_features,bayes_bin,post,3000,0.399,0.7418376569501814,1.4023889201505984,0.1700729999745603,0.17007299997456032,0.5168269230769231,0.14333333333333334,0.2773333333333333,0.3197732577525842,gbm
10,stale_features,bayes_bin,val,3000,0.522,0.601230613742411,1.075477297099333,0.046593342672846365,0.04996161765408089,0.24709302325581395,0.056666666666666664,0.22933333333333333,,gbm
10,venue_change,raw,pre,1500,0.5353333333333333,0.6751572007650506,1.3099418230104871,0.2418493483486178,0.2418493483486179,0.4261019878997407,0.32866666666666666,0.7713333333333333,0.514342895263509,gbm
10,venue_change,raw,post,3000,0.448,0.8464764799948767,1.8519909836257211,0.34327082120699715,0.3422282504766518,0.5396494156928213,0.431,0.7986666666666666,0.5798599533177726,gbm
10,venue_change,raw,val,3000,0.522,0.6962923282619251,1.3778984349445,0.2595021042954458,0.2595021042954458,0.4383503401360544,0.3436666666666667,0.784,,gbm
10,venue_change,temperature,pre,1500,0.5353333333333333,0.5693220655578518,0.9547996855797739,0.01664380534456138,0.029207183410005458,0.27631578947368424,0.084,0.304,0.514342895263509,gbm
10,venue_change,temperature,post,3000,0.448,0.6594224758987717,1.104196352445278,0.10786112485316694,0.10786112485316696,0.4402010050251256,0.146,0.33166666666666667,0.5798599533177726,gbm
10,venue_change,temperature,val,3000,0.522,0.5775884921046986,0.9709285413142157,0.03634167505357263,0.03247814027206107,0.27552140504939626,0.08366666666666667,0.30366666666666664,,gbm
10,venue_change,platt,pre,1500,0.5353333333333333,0.639406688478218,1.3416746150780579,0.14337971966241578,0.15278680508785045,0.352317880794702,0.17733333333333334,0.5033333333333333,0.514342895263509,gbm
10,venue_change,platt,post,3000,0.448,0.7966024283619318,1.9652701333961042,0.2456788773528225,0.24789132588754204,0.49048223350253806,0.25766666666666665,0.5253333333333333,0.5798599533177726,gbm
10,venue_change,platt,val,3000,0.522,0.6531800693308782,1.3990903553844352,0.17540956808026795,0.1686867732217468,0.3619233268356075,0.18566666666666667,0.513,,gbm
10,venue_change,beta,pre,1500,0.5353333333333333,0.5870497117271992,1.027343758093991,0.026690032481250257,0.022977955758606748,0.2832618025751073,0.088,0.31066666666666665,0.514342895263509,gbm
10,venue_change,beta,post,3000,0.448,0.6902049341515685,1.3129030791558194,0.12157435524131308,0.1182388298146322,0.4418604651162791,0.14566666666666667,0.32966666666666666,0.5798599533177726,gbm
10,venue_change,beta,val,3000,0.522,0.600098962824309,1.0733927552062241,0.0399379413178725,0.04282905201563741,0.28431372549019607,0.087,0.306,,gbm
10,venue_change,isotonic,pre,1500,0.5353333333333333,0.5868906526358326,1.0274201708110755,0.020608102143483114,0.029606892619732244,0.27205882352941174,0.074,0.272,0.514342895263509,gbm
10,venue_change,isotonic,post,3000,0.448,0.6911272985181499,1.3147451335679072,0.12488559009272976,0.11950043281362362,0.4300578034682081,0.124,0.28833333333333333,0.5798599533177726,gbm
10,venue_change,isotonic,val,3000,0.522,0.6004149647860438,1.0739368960348172,0.04170489380343842,0.040214311295774956,0.2749691738594328,0.07433333333333333,0.2703333333333333,,gbm
10,venue_change,bayes_bin,pre,1500,0.5353333333333333,0.5881418979585157,1.029855625602461,0.020651601081339555,0.035031564325255345,0.25595238095238093,0.05733333333333333,0.224,0.514342895263509,gbm
10,venue_change,bayes_bin,post,3000,0.448,0.6923263275274124,1.3142724079415558,0.12087875034968773,0.11667862532356545,0.4110824742268041,0.10633333333333334,0.25866666666666666,0.5798599533177726,gbm
10,venue_change,bayes_bin,val,3000,0.522,0.601230613742411,1.075477297099333,0.046593342672846365,0.04996161765408089,0.24709302325581395,0.056666666666666664,0.22933333333333333,,gbm
10,rare_cluster,raw,pre,1500,0.5353333333333333,0.6751572007650506,1.3099418230104871,0.2418493483486178,0.2418493483486179,0.4261019878997407,0.32866666666666666,0.7713333333333333,0.514342895263509,gbm
10,rare_cluster,raw,post,3000,0.48833333333333334,0.7508353910565474,1.5488375324426742,0.2929522622265458,0.2911883199522444,0.47660311958405543,0.36666666666666664,0.7693333333333333,0.4814938312770924,gbm
10,rare_cluster,raw,val,3000,0.522,0.6962923282619251,1.3778984349445,0.2595021042954458,0.2595021042954458,0.4383503401360544,0.3436666666666667,0.784,,gbm
10,rare_cluster,temperature,pre,1500,0.5353333333333333,0.5693220655578518,0.9547996855797739,0.01664380534456138,0.029207183410005458,0.27631578947368424,0.084,0.304,0.514342895263509,gbm
10,rare_cluster,temperature,post,3000,0.48833333333333334,0.6079756666013921,1.0201970161298486,0.06014303445411006,0.06014303445411009,0.33648790746582546,0.10666666666666667,0.317,0.4814938312770924,gbm
10,rare_cluster,temperature,val,3000,0.522,0.5775884921046986,0.9709285413142157,0.03634167505357263,0.03247814027206107,0.27552140504939626,0.08366666666666667,0.30366666666666664,,gbm
10,rare_cluster,platt,pre,1500,0.5353333333333333,0.639406688478218,1.3416746150780579,0.14337971966241578,0.15278680508785045,0.352317880794702,0.17733333333333334,0.5033333333333333,0.514342895263509,gbm
10,rare_cluster,platt,post,3000,0.48833333333333334,0.7048492534888886,1.6098769634614758,0.19338981652012047,0.19593941472055412,0.41388343156516044,0.21066666666666667,0.509,0.4814938312770924,gbm
10,rare_cluster,platt,val,3000,0.522,0.6531800693308782,1.3990903553844352,0.17540956808026795,0.1686867732217468,0.3619233268356075,0.18566666666666667,0.513,,gbm
10,rare_cluster,beta,pre,1500,0.5353333333333333,0.5870497117271992,1.027343758093991,0.026690032481250257,0.022977955758606748,0.2832618025751073,0.088,0.31066666666666665,0.514342895263509,gbm
10,rare_cluster,beta,post,3000,0.48833333333333334,0.632505833556609,1.1530058782797965,0.0704038532847682,0.07040385328476816,0.34963579604578565,0.112,0.32033333333333336,0.4814938312770924,gbm
10,rare_cluster,beta,val,3000,0.522,0.600098962824309,1.0733927552062241,0.0399379413178725,0.04282905201563741,0.28431372549019607,0.087,0.306,,gbm
10,rare_cluster,isotonic,pre,1500,0.5353333333333333,0.5868906526358326,1.0274201708110755,0.020608102143483114,0.029606892619732244,0.27205882352941174,0.074,0.272,0.514342895263509,gbm
10,rare_cluster,isotonic,post,3000,0.48833333333333334,0.6329876128163239,1.1544724036773453,0.07269123109401729,0.0726912310940172,0.324582338902148,0.09066666666666667,0.2793333333333333,0.4814938312770924,gbm
10,rare_cluster,isotonic,val,3000,0.522,0.6004149647860438,1.0739368960348172,0.04170489380343842,0.040214311295774956,0.2749691738594328,0.07433333333333333,0.2703333333333333,,gbm
10,rare_cluster,bayes_bin,pre,1500,0.5353333333333333,0.5881418979585157,1.029855625602461,0.020651601081339555,0.035031564325255345,0.25595238095238093,0.05733333333333333,0.224,0.514342895263509,gbm
10,rare_cluster,bayes_bin,post,3000,0.48833333333333334,0.633614461685364,1.154176125990896,0.0701610149084095,0.0701610149084095,0.3100671140939597,0.077,0.24833333333333332,0.4814938312770924,gbm
10,rare_cluster,bayes_bin,val,3000,0.522,0.601230613742411,1.075477297099333,0.046593342672846365,0.04996161765408089,0.24709302325581395,0.056666666666666664,0.22933333333333333,,gbm
11,none,raw,pre,1500,0.5966666666666667,0.5175413041434666,0.8831181603654721,0.029368171378795577,0.035474500655868046,0.24149108589951376,0.09933333333333333,0.41133333333333333,0.352234823215477,lr
11,none,raw,post,3000,0.5633333333333334,0.5405913745112725,0.9159011892263922,0.01505869231887285,0.016660966785289374,0.2600349040139616,0.09933333333333333,0.382,0.36812270756918974,lr
11,none,raw,val,3000,0.5686666666666667,0.5322051720177159,0.9051398282331209,0.014705890408061594,0.01889542334418463,0.253955037468776,0.10166666666666667,0.4003333333333333,,lr
11,none,temperature,pre,1500,0.5966666666666667,0.517492032870868,0.8831189885928338,0.028444829171794892,0.0353756632402827,0.24437299035369775,0.10133333333333333,0.4146666666666667,0.352234823215477,lr
11,none,temperature,post,3000,0.5633333333333334,0.5405828807895505,0.9159559456498224,0.01531594341606587,0.016677267931894297,0.26,0.09966666666666667,0.38333333333333336,0.36812270756918974,lr
11,none,temperature,val,3000,0.5686666666666667,0.5321859754455814,0.9051900664820686,0.014249309018057061,0.01837646191202415,0.2547559966914806,0.10266666666666667,0.403,,lr
11,none,platt,pre,1500,0.5966666666666667,0.5175971219658952,0.8835789641761427,0.0320723911873388,0.038794878889374176,0.24401913875598086,0.102,0.418,0.352234823215477,lr
11,none,platt,post,3000,0.5633333333333334,0.5403084425297257,0.915673029020589,0.01619856792461179,0.015375568701280817,0.26019080659150046,0.1,0.38433333333333336,0.36812270756918974,lr
11,none,platt,val,3000,0.5686666666666667,0.5315965746113586,0.904643436302508,0.01871309646019136,0.016536457603461303,0.25474031327287716,0.103,0.4043333333333333,,lr
11,none,beta,pre,1500,0.5966666666666667,0.5178271157668408,0.8841609644357165,0.032044409918428406,0.03889050802959791,0.2441860465116279,0.098,0.4013333333333333,0.352234823215477,lr
11,none,beta,post,3000,0.5633333333333334,0.5404231634259177,0.9156980614210011,0.018492919230363766,0.015584966529321275,0.2556053811659193,0.095,0.37166666666666665,0.36812270756918974,lr
11,none,beta,val,3000,0.5686666666666667,0.5318053222517433,0.9050176158008741,0.019261400760032993,0.018011180963033183,0.24743150684931506,0.09633333333333334,0.3893333333333333,,lr
11,none,isotonic,pre,1500,0.5966666666666667,0.5189674641420349,0.8860271956599506,0.03723566811775813,0.03720078207757639,0.24483306836248012,0.10266666666666667,0.41933333333333334,0.352234823215477,lr
11,none,isotonic,post,3000,0.5633333333333334,0.5415258961384206,0.9174355035651649,0.020172665627278215,0.027661564689919767,0.2596732588134136,0.10066666666666667,0.38766666666666666,0.36812270756918974,lr
11,none,isotonic,val,3000,0.5686666666666667,0.5320900520674742,0.9055358050119524,0.021353508611683798,0.01935045480750654,0.2547092547092547,0.10366666666666667,0.407,,lr
11,none,bayes_bin,pre,1500,0.5966666666666667,0.51891717607568,0.8850919568399986,0.04530230744428316,0.044225129869039814,0.19959266802443992,0.06533333333333333,0.3273333333333333,0.352234823215477,lr
11,none,bayes_bin,post,3000,0.5633333333333334,0.5420395718364872,0.9185677656563618,0.02468724183312989,0.023845841413320065,0.22722159730033745,0.06733333333333333,0.29633333333333334,0.36812270756918974,lr
11,none,bayes_bin,val,3000,0.5686666666666667,0.5326450823420597,0.9067857019280903,0.016470374906443517,0.02025515060559174,0.22093023255813954,0.06966666666666667,0.31533333333333335,,lr
11,vol_jump,raw,pre,1500,0.5966666666666667,0.5175413041434666,0.8831181603654721,0.029368171378795577,0.035474500655868046,0.24149108589951376,0.09933333333333333,0.41133333333333333,0.352234823215477,lr
11,vol_jump,raw,post,3000,0.5053333333333333,0.6397323025736963,1.1316387305130235,0.060324561251576085,0.06172921347433341,0.38219895287958117,0.146,0.382,0.36812270756918974,lr
11,vol_jump,raw,val,3000,0.5686666666666667,0.5322051720177159,0.9051398282331209,0.014705890408061594,0.01889542334418463,0.253955037468776,0.10166666666666667,0.4003333333333333,,lr
11,vol_jump,temperature,pre,1500,0.5966666666666667,0.517492032870868,0.8831189885928338,0.028444829171794892,0.0353756632402827,0.24437299035369775,0.10133333333333333,0.4146666666666667,0.352234823215477,lr
11,vol_jump,temperature,post,3000,0.5053333333333333,0.6399268694694022,1.1325691807367735,0.06032769204034826,0.06171793863679628,0.38173913043478264,0.14633333333333334,0.38333333333333336,0.36812270756918974,lr
11,vol_jump,temperature,val,3000,0.5686666666666667,0.5321859754455814,0.9051900664820686,0.014249309018057061,0.01837646191202415,0.2547559966914806,0.10266666666666667,0.403,,lr
11,vol_jump,platt,pre,1500,0.5966666666666667,0.5175971219658952,0.8835789641761427,0.0320723911873388,0.038794878889374176,0.24401913875598086,0.102,0.418,0.352234823215477,lr
11,vol_jump,platt,post,3000,0.5053333333333333,0.6412201505888026,1.1369916073985056,0.06271652879153294,0.06479740483798853,0.38161318300086733,0.14666666666666667,0.38433333333333336,0.36812270756918974,lr
11,vol_jump,platt,val,3000,0.5686666666666667,0.5315965746113586,0.904643436302508,0.01871309646019136,0.016536457603461303,0.25474031327287716,0.103,0.4043333333333333,,lr
11,vol_jump,beta,pre,1500,0.5966666666666667,0.5178271157668408,0.8841609644357165,0.032044409918428406,0.03889050802959791,0.2441860465116279,0.098,0.4013333333333333,0.352234823215477,lr
11,vol_jump,beta,post,3000,0.5053333333333333,0.6418344362389606,1.138935002945981,0.06544930298633768,0.06554071971133413,0.3820627802690583,0.142,0.37166666666666665,0.36812270756918974,lr
11,vol_jump,beta,val,3000,0.5686666666666667,0.5318053222517433,0.9050176158008741,0.019261400760032993,0.018011180963033183,0.24743150684931506,0.09633333333333334,0.3893333333333333,,lr
11,vol_jump,isotonic,pre,1500,0.5966666666666667,0.5189674641420349,0.8860271956599506,0.03723566811775813,0.03720078207757639,0.24483306836248012,0.10266666666666667,0.41933333333333334,0.352234823215477,lr
11,vol_jump,isotonic,post,3000,0.5053333333333333,0.6431390481382042,1.1424110343087737,0.06329694129446445,0.06537440241548256,0.38091143594153054,0.14766666666666667,0.38766666666666666,0.36812270756918974,lr
11,vol_jump,isotonic,val,3000,0.5686666666666667,0.5320900520674742,0.9055358050119524,0.021353508611683798,0.01935045480750654,0.2547092547092547,0.10366666666666667,0.407,,lr
11,vol_jump,bayes_bin,pre,1500,0.5966666666666667,0.51891717607568,0.8850919568399986,0.04530230744428316,0.044225129869039814,0.19959266802443992,0.06533333333333333,0.3273333333333333,0.352234823215477,lr
11,vol_jump,bayes_bin,post,3000,0.5053333333333333,0.6408385181242524,1.1341432868248427,0.057186359321396894,0.06307841389636817,0.35883014623172105,0.10633333333333334,0.29633333333333334,0.36812270756918974,lr
11,vol_jump,bayes_bin,val,3000,0.5686666666666667,0.5326450823420597,0.9067857019280903,0.016470374906443517,0.02025515060559174,0.22093023255813954,0.06966666666666667,0.31533333333333335,,lr
11,regime_transition,raw,pre,1500,0.5966666666666667,0.5175413041434666,0.8831181603654721,0.029368171378795577,0.035474500655868046,0.24149108589951376,0.09933333333333333,0.41133333333333333,0.352234823215477,lr
11,regime_transition,raw,post,3000,0.36666666666666664,0.7717312550567768,1.3523145432463,0.1967966114926714,0.19924767283288863,0.6178010471204188,0.236,0.382,0.36812270756918974,lr
11,regime_transition,raw,val,3000,0.5686666666666667,0.5322051720177159,0.9051398282331209,0.014705890408061594,0.01889542334418463,0.253955037468776,0.10166666666666667,0.4003333333333333,,lr
11,regime_transition,temperature,pre,1500,0.5966666666666667,0.517492032870868,0.8831189885928338,0.028444829171794892,0.0353756632402827,0.24437299035369775,0.10133333333333333,0.4146666666666667,0.352234823215477,lr
11,regime_transition,temperature,post,3000,0.36666666666666664,0.7723066182463574,1.3541407320602765,0.1975095828748583,0.19993563463546696,0.6165217391304347,0.23633333333333334,0.38333333333333336,0.36812270756918974,lr
11,regime_transition,temperature,val,3000,0.5686666666666667,0.5321859754455814,0.9051900664820686,0.014249309018057061,0.01837646191202415,0.2547559966914806,0.10266666666666667,0.403,,lr
11,regime_transition,platt,pre,1500,0.5966666666666667,0.5175971219658952,0.8835789641761427,0.0320723911873388,0.038794878889374176,0.24401913875598086,0.102,0.418,0.352234823215477,lr
11,regime_transition,platt,post,3000,0.36666666666666664,0.7758732958114094,1.3668461828191643,0.19392082418229004,0.1948024878437603,0.616652211621856,0.237,0.38433333333333336,0.36812270756918974,lr
11,regime_transition,platt,val,3000,0.5686666666666667,0.5315965746113586,0.904643436302508,0.01871309646019136,0.016536457603461303,0.25474031327287716,0.103,0.4043333333333333,,lr
11,regime_transition,beta,pre,1500,0.5966666666666667,0.5178271157668408,0.8841609644357165,0.032044409918428406,0.03889050802959791,0.2441860465116279,0.098,0.4013333333333333,0.352234823215477,lr
11,regime_transition,beta,post,3000,0.36666666666666664,0.7756179365209864,1.3706937017298375,0.19260707952854075,0.19497664798263467,0.6179372197309417,0.22966666666666666,0.37166666666666665,0.36812270756918974,lr
11,regime_transition,beta,val,3000,0.5686666666666667,0.5318053222517433,0.9050176158008741,0.019261400760032993,0.018011180963033183,0.24743150684931506,0.09633333333333334,0.3893333333333333,,lr
11,regime_transition,isotonic,pre,1500,0.5966666666666667,0.5189674641420349,0.8860271956599506,0.03723566811775813,0.03720078207757639,0.24483306836248012,0.10266666666666667,0.41933333333333334,0.352234823215477,lr
11,regime_transition,isotonic,post,3000,0.36666666666666664,0.7780522480412778,1.377102128159553,0.19469324039158173,0.20052634245540252,0.6165090283748925,0.239,0.38766666666666666,0.36812270756918974,lr
11,regime_transition,isotonic,val,3000,0.5686666666666667,0.5320900520674742,0.9055358050119524,0.021353508611683798,0.01935045480750654,0.2547092547092547,0.10366666666666667,0.407,,lr
11,regime_transition,bayes_bin,pre,1500,0.5966666666666667,0.51891717607568,0.8850919568399986,0.04530230744428316,0.044225129869039814,0.19959266802443992,0.06533333333333333,0.3273333333333333,0.352234823215477,lr
11,regime_transition,bayes_bin,post,3000,0.36666666666666664,0.7734856265687793,1.354546604078113,0.1945747976896376,0.19644257685344207,0.608548931383577,0.18033333333333335,0.29633333333333334,0.36812270756918974,lr
11,regime_transition,bayes_bin,val,3000,0.5686666666666667,0.5326450823420597,0.9067857019280903,0.016470374906443517,0.02025515060559174,0.22093023255813954,0.06966666666666667,0.31533333333333335,,lr
11,feature_shift,raw,pre,1500,0.5966666666666667,0.5175413041434666,0.8831181603654721,0.029368171378795577,0.035474500655868046,0.24149108589951376,0.09933333333333333,0.41133333333333333,0.352234823215477,lr
11,feature_shift,raw,post,3000,0.4656666666666667,0.6829315475334606,1.1706092422050303,0.19493644354862058,0.19493644354862058,0.46338736724427054,0.2763333333333333,0.5963333333333334,0.24908302767589197,lr
11,feature_shift,raw,val,3000,0.5686666666666667,0.5322051720177159,0.9051398282331209,0.014705890408061594,0.01889542334418463,0.253955037468776,0.10166666666666667,0.4003333333333333,,lr
11,feature_shift,temperature,pre,1500,0.5966666666666667,0.517492032870868,0.8831189885928338,0.028444829171794892,0.0353756632402827,0.24437299035369775,0.10133333333333333,0.4146666666666667,0.352234823215477,lr
11,feature_shift,temperature,post,3000,0.4656666666666667,0.6835495017751984,1.1722645707174624,0.19577451136574098,0.195774511365741,0.46372767857142855,0.277,0.5973333333333334,0.24908302767589197,lr
11,feature_shift,temperature,val,3000,0.5686666666666667,0.5321859754455814,0.9051900664820686,0.014249309018057061,0.01837646191202415,0.2547559966914806,0.10266666666666667,0.403,,lr
11,feature_shift,platt,pre,1500,0.5966666666666667,0.5175971219658952,0.8835789641761427,0.0320723911873388,0.038794878889374176,0.24401913875598086,0.102,0.418,0.352234823215477,lr
11,feature_shift,platt,post,3000,0.4656666666666667,0.6902059488097417,1.1915803712996766,0.19960880439070863,0.19960880439070855,0.46466332776850305,0.2783333333333333,0.599,0.24908302767589197,lr
11,feature_shift,platt,val,3000,0.5686666666666667,0.5315965746113586,0.904643436302508,0.01871309646019136,0.016536457603461303,0.25474031327287716,0.103,0.4043333333333333,,lr
11,feature_shift,beta,pre,1500,0.5966666666666667,0.5178271157668408,0.8841609644357165,0.032044409918428406,0.03889050802959791,0.2441860465116279,0.098,0.4013333333333333,0.352234823215477,lr
11,feature_shift,beta,post,3000,0.4656666666666667,0.6906372433865867,1.199080355014745,0.19997692227193578,0.19997692227193584,0.4616695059625213,0.271,0.587,0.24908302767589197,lr
11,feature_shift,beta,val,3000,0.5686666666666667,0.5318053222517433,0.9050176158008741,0.019261400760032993,0.018011180963033183,0.24743150684931506,0.09633333333333334,0.3893333333333333,,lr
11,feature_shift,isotonic,pre,1500,0.5966666666666667,0.5189674641420349,0.8860271956599506,0.03723566811775813,0.03720078207757639,0.24483306836248012,0.10266666666666667,0.41933333333333334,0.352234823215477,lr
11,feature_shift,isotonic,post,3000,0.4656666666666667,0.6935269147864938,1.2066052899836264,0.2026070368055437,0.20260703680554376,0.4653355518580144,0.2796666666666667,0.601,0.24908302767589197,lr
11,feature_shift,isotonic,val,3000,0.5686666666666667,0.5320900520674742,0.9055358050119524,0.021353508611683798,0.01935045480750654,0.2547092547092547,0.10366666666666667,0.407,,lr
11,feature_shift,bayes_bin,pre,1500,0.5966666666666667,0.51891717607568,0.8850919568399986,0.04530230744428316,0.044225129869039814,0.19959266802443992,0.06533333333333333,0.3273333333333333,0.352234823215477,lr
11,feature_shift,bayes_bin,post,3000,0.4656666666666667,0.6875200166912124,1.1747716313458954,0.19172019772305837,0.19172019772305837,0.44071020925808496,0.23166666666666666,0.5256666666666666,0.24908302767589197,lr
11,feature_shift,bayes_bin,val,3000,0.5686666666666667,0.5326450823420597,0.9067857019280903,0.016470374906443517,0.02025515060559174,0.22093023255813954,0.06966666666666667,0.31533333333333335,,lr
11,missing_features,raw,pre,1500,0.5966666666666667,0.5175413041434666,0.8831181603654721,0.029368171378795577,0.035474500655868046,0.24149108589951376,0.09933333333333333,0.41133333333333333,0.352234823215477,lr
11,missing_features,raw,post,3000,0.483,0.6071733551655576,1.0186843188920947,0.024530261323863965,0.028349663102559534,0.31145251396648044,0.07433333333333333,0.23866666666666667,0.5318439479826609,lr
11,missing_features,raw,val,3000,0.5686666666666667,0.5322051720177159,0.9051398282331209,0.014705890408061594,0.01889542334418463,0.253955037468776,0.10166666666666667,0.4003333333333333,,lr
11,missing_features,temperature,pre,1500,0.5966666666666667,0.517492032870868,0.8831189885928338,0.028444829171794892,0.0353756632402827,0.24437299035369775,0.10133333333333333,0.4146666666666667,0.352234823215477,lr
11,missing_features,temperature,post,3000,0.483,0.6072406728656294,1.01889131141502,0.02449233422228061,0.02886180708339443,0.31197771587743733,0.07466666666666667,0.23933333333333334,0.5318439479826609,lr
11,missing_features,temperature,val,3000,0.5686666666666667,0.5321859754455814,0.9051900664820686,0.014249309018057061,0.01837646191202415,0.2547559966914806,0.10266666666666667,0.403,,lr
11,missing_features,platt,pre,1500,0.5966666666666667,0.5175971219658952,0.8835789641761427,0.0320723911873388,0.038794878889374176,0.24401913875598086,0.102,0.418,0.352234823215477,lr
11,missing_features,platt,post,3000,0.483,0.6074041407620201,1.0190369794466587,0.02020416673037085,0.024412146690066625,0.31163434903047094,0.075,0.24066666666666667,0.5318439479826609,lr
11,missing_features,platt,val,3000,0.5686666666666667,0.5315965746113586,0.904643436302508,0.01871309646019136,0.016536457603461303,0.25474031327287716,0.103,0.4043333333333333,,lr
11,missing_features,beta,pre,1500,0.5966666666666667,0.5178271157668408,0.8841609644357165,0.032044409918428406,0.03889050802959791,0.2441860465116279,0.098,0.4013333333333333,0.352234823215477,lr
11,missing_features,beta,post,3000,0.483,0.6073384065937133,1.0188617929646033,0.02221800232851938,0.024303722634599345,0.3071324599708879,0.07033333333333333,0.229,0.5318439479826609,lr
11,missing_features,beta,val,3000,0.5686666666666667,0.5318053222517433,0.9050176158008741,0.019261400760032993,0.018011180963033183,0.24743150684931506,0.09633333333333334,0.3893333333333333,,lr
11,missing_features,isotonic,pre,1500,0.5966666666666667,0.5189674641420349,0.8860271956599506,0.03723566811775813,0.03720078207757639,0.24483306836248012,0.10266666666666667,0.41933333333333334,0.352234823215477,lr
11,missing_features,isotonic,post,3000,0.483,0.6076643664375241,1.0197119408245,0.027773008419274818,0.025753675173723265,0.31020408163265306,0.076,0.245,0.5318439479826609,lr
11,missing_features,isotonic,val,3000,0.5686666666666667,0.5320900520674742,0.9055358050119524,0.021353508611683798,0.01935045480750654,0.2547092547092547,0.10366666666666667,0.407,,lr
11,missing_features,bayes_bin,pre,1500,0.5966666666666667,0.51891717607568,0.8850919568399986,0.04530230744428316,0.044225129869039814,0.19959266802443992,0.06533333333333333,0.3273333333333333,0.352234823215477,lr
11,missing_features,bayes_bin,post,3000,0.483,0.6075032938994895,1.0196263825786118,0.019266248893383717,0.024640877418319832,0.2813688212927757,0.04933333333333333,0.17533333333333334,0.5318439479826609,lr
11,missing_features,bayes_bin,val,3000,0.5686666666666667,0.5326450823420597,0.9067857019280903,0.016470374906443517,0.02025515060559174,0.22093023255813954,0.06966666666666667,0.31533333333333335,,lr
11,stale_features,raw,pre,1500,0.5966666666666667,0.5175413041434666,0.8831181603654721,0.029368171378795577,0.035474500655868046,0.24149108589951376,0.09933333333333333,0.41133333333333333,0.352234823215477,lr
11,stale_features,raw,post,3000,0.4063333333333333,0.7282278926690906,1.2656122213968977,0.16327937660605224,0.16327937660605218,0.5340314136125655,0.204,0.382,0.1193731243747916,lr
11,stale_features,raw,val,3000,0.5686666666666667,0.5322051720177159,0.9051398282331209,0.014705890408061594,0.01889542334418463,0.253955037468776,0.10166666666666667,0.4003333333333333,,lr
11,stale_features,temperature,pre,1500,0.5966666666666667,0.517492032870868,0.8831189885928338,0.028444829171794892,0.0353756632402827,0.24437299035369775,0.10133333333333333,0.4146666666666667,0.352234823215477,lr
11,stale_features,temperature,post,3000,0.4063333333333333,0.7287158416767618,1.267135590492654,0.16398794344567952,0.16398794344567955,0.5338541666666666,0.205,0.384,0.1193731243747916,lr
11,stale_features,temperature,val,3000,0.5686666666666667,0.5321859754455814,0.9051900664820686,0.014249309018057061,0.01837646191202415,0.2547559966914806,0.10266666666666667,0.403,,lr
11,stale_features,platt,pre,1500,0.5966666666666667,0.5175971219658952,0.8835789641761427,0.0320723911873388,0.038794878889374176,0.24401913875598086,0.102,0.418,0.352234823215477,lr
11,stale_features,platt,post,3000,0.4063333333333333,0.7324608359126196,1.279163306616589,0.1608462854024097,0.1608462854024097,0.5342584562012143,0.20533333333333334,0.38433333333333336,0.1193731243747916,lr
11,stale_features,platt,val,3000,0.5686666666666667,0.5315965746113586,0.904643436302508,0.01871309646019136,0.016536457603461303,0.25474031327287716,0.103,0.4043333333333333,,lr
11,stale_features,beta,pre,1500,0.5966666666666667,0.5178271157668408,0.8841609644357165,0.032044409918428406,0.03889050802959791,0.2441860465116279,0.098,0.4013333333333333,0.352234823215477,lr
11,stale_features,beta,post,3000,0.4063333333333333,0.7324535174808285,1.2832619059711883,0.15983194534303727,0.15983194534303735,0.5370036101083032,0.19833333333333333,0.36933333333333335,0.1193731243747916,lr
11,stale_features,beta,val,3000,0.5686666666666667,0.5318053222517433,0.9050176158008741,0.019261400760032993,0.018011180963033183,0.24743150684931506,0.09633333333333334,0.3893333333333333,,lr
11,stale_features,isotonic,pre,1500,0.5966666666666667,0.5189674641420349,0.8860271956599506,0.03723566811775813,0.03720078207757639,0.24483306836248012,0.10266666666666667,0.41933333333333334,0.352234823215477,lr
11,stale_features,isotonic,post,3000,0.4063333333333333,0.7337936491394601,1.289316764042548,0.1616315673537309,0.16177916999069164,0.533161068044789,0.20633333333333334,0.387,0.1193731243747916,lr
11,stale_features,isotonic,val,3000,0.5686666666666667,0.5320900520674742,0.9055358050119524,0.021353508611683798,0.01935045480750654,0.2547092547092547,0.10366666666666667,0.407,,lr
11,stale_features,bayes_bin,pre,1500,0.5966666666666667,0.51891717607568,0.8850919568399986,0.04530230744428316,0.044225129869039814,0.19959266802443992,0.06533333333333333,0.3273333333333333,0.352234823215477,lr
11,stale_features,bayes_bin,post,3000,0.4063333333333333,0.7296778884165105,1.266274070796506,0.16019521896023564,0.16019521896023559,0.5242290748898678,0.15866666666666668,0.30266666666666664,0.1193731243747916,lr
11,stale_features,bayes_bin,val,3000,0.5686666666666667,0.5326450823420597,0.9067857019280903,0.016470374906443517,0.02025515060559174,0.22093023255813954,0.06966666666666667,0.31533333333333335,,lr
11,venue_change,raw,pre,1500,0.5966666666666667,0.5175413041434666,0.8831181603654721,0.029368171378795577,0.035474500655868046,0.24149108589951376,0.09933333333333333,0.41133333333333333,0.352234823215477,lr
11,venue_change,raw,post,3000,0.47433333333333333,0.6489986826367012,1.1078575842213347,0.1157274916457203,0.11572749164572033,0.42205882352941176,0.19133333333333333,0.4533333333333333,0.460486828942981,lr
11,venue_change,raw,val,3000,0.5686666666666667,0.5322051720177159,0.9051398282331209,0.014705890408061594,0.01889542334418463,0.253955037468776,0.10166666666666667,0.4003333333333333,,lr
11,venue_change,temperature,pre,1500,0.5966666666666667,0.517492032870868,0.8831189885928338,0.028444829171794892,0.0353756632402827,0.24437299035369775,0.10133333333333333,0.4146666666666667,0.352234823215477,lr
11,venue_change,temperature,post,3000,0.47433333333333333,0.6493465539097002,1.1088207523808515,0.11649913668392918,0.11649913668392924,0.4233576642335766,0.19333333333333333,0.45666666666666667,0.460486828942981,lr
11,venue_change,temperature,val,3000,0.5686666666666667,0.5321859754455814,0.9051900664820686,0.014249309018057061,0.01837646191202415,0.2547559966914806,0.10266666666666667,0.403,,lr
11,venue_change,platt,pre,1500,0.5966666666666667,0.5175971219658952,0.8835789641761427,0.0320723911873388,0.038794878889374176,0.24401913875598086,0.102,0.418,0.352234823215477,lr
11,venue_change,platt,post,3000,0.47433333333333333,0.6520185459205419,1.116435081849238,0.1152229459381933,0.1152229459381933,0.42316096139839765,0.19366666666666665,0.45766666666666667,0.460486828942981,lr
11,venue_change,platt,val,3000,0.5686666666666667,0.5315965746113586,0.904643436302508,0.01871309646019136,0.016536457603461303,0.25474031327287716,0.103,0.4043333333333333,,lr
11,venue_change,beta,pre,1500,0.5966666666666667,0.5178271157668408,0.8841609644357165,0.032044409918428406,0.03889050802959791,0.2441860465116279,0.098,0.4013333333333333,0.352234823215477,lr
11,venue_change,beta,post,3000,0.47433333333333333,0.6518489114026588,1.1181342192024755,0.11414596229341753,0.11414596229341756,0.420377358490566,0.18566666666666667,0.44166666666666665,0.460486828942981,lr
11,venue_change,beta,val,3000,0.5686666666666667,0.5318053222517433,0.9050176158008741,0.019261400760032993,0.018011180963033183,0.24743150684931506,0.09633333333333334,0.3893333333333333,,lr
11,venue_change,isotonic,pre,1500,0.5966666666666667,0.5189674641420349,0.8860271956599506,0.03723566811775813,0.03720078207757639,0.24483306836248012,0.10266666666666667,0.41933333333333334,0.352234823215477,lr
11,venue_change,isotonic,post,3000,0.47433333333333333,0.6540313008526224,1.1243260479437567,0.1163263299930046,0.11883725668004633,0.42774982027318476,0.19833333333333333,0.46366666666666667,0.460486828942981,lr
11,venue_change,isotonic,val,3000,0.5686666666666667,0.5320900520674742,0.9055358050119524,0.021353508611683798,0.01935045480750654,0.2547092547092547,0.10366666666666667,0.407,,lr
11,venue_change,bayes_bin,pre,1500,0.5966666666666667,0.51891717607568,0.8850919568399986,0.04530230744428316,0.044225129869039814,0.19959266802443992,0.06533333333333333,0.3273333333333333,0.352234823215477,lr
11,venue_change,bayes_bin,post,3000,0.47433333333333333,0.652659342232256,1.1147849675333037,0.11504144266601352,0.11773236183711626,0.40555555555555556,0.146,0.36,0.460486828942981,lr
11,venue_change,bayes_bin,val,3000,0.5686666666666667,0.5326450823420597,0.9067857019280903,0.016470374906443517,0.02025515060559174,0.22093023255813954,0.06966666666666667,0.31533333333333335,,lr
11,rare_cluster,raw,pre,1500,0.5966666666666667,0.5175413041434666,0.8831181603654721,0.029368171378795577,0.035474500655868046,0.24149108589951376,0.09933333333333333,0.41133333333333333,0.352234823215477,lr
11,rare_cluster,raw,post,3000,0.5303333333333333,0.5822350264451379,1.001876795220734,0.03687228035482718,0.03712602017949681,0.32707087959009395,0.12766666666666668,0.3903333333333333,0.37245748582860955,lr
11,rare_cluster,raw,val,3000,0.5686666666666667,0.5322051720177159,0.9051398282331209,0.014705890408061594,0.01889542334418463,0.253955037468776,0.10166666666666667,0.4003333333333333,,lr
11,rare_cluster,temperature,pre,1500,0.5966666666666667,0.517492032870868,0.8831189885928338,0.028444829171794892,0.0353756632402827,0.24437299035369775,0.10133333333333333,0.4146666666666667,0.352234823215477,lr
11,rare_cluster,temperature,post,3000,0.5303333333333333,0.5823311591745787,1.002297924048375,0.03759365204021921,0.037821583435445574,0.32680851063829786,0.128,0.39166666666666666,0.37245748582860955,lr
11,rare_cluster,temperature,val,3000,0.5686666666666667,0.5321859754455814,0.9051900664820686,0.014249309018057061,0.01837646191202415,0.2547559966914806,0.10266666666666667,0.403,,lr
11,rare_cluster,platt,pre,1500,0.5966666666666667,0.5175971219658952,0.8835789641761427,0.0320723911873388,0.038794878889374176,0.24401913875598086,0.102,0.418,0.352234823215477,lr
11,rare_cluster,platt,post,3000,0.5303333333333333,0.5828658733752339,1.0050457232067267,0.0400570323714351,0.041001033335106504,0.3265479219677693,0.12833333333333333,0.393,0.37245748582860955,lr
11,rare_cluster,platt,val,3000,0.5686666666666667,0.5315965746113586,0.904643436302508,0.01871309646019136,0.016536457603461303,0.25474031327287716,0.103,0.4043333333333333,,lr
11,rare_cluster,beta,pre,1500,0.5966666666666667,0.5178271157668408,0.8841609644357165,0.032044409918428406,0.03889050802959791,0.2441860465116279,0.098,0.4013333333333333,0.352234823215477,lr
11,rare_cluster,beta,post,3000,0.5303333333333333,0.5828678761451566,1.0059662093888406,0.03654847494589199,0.038261024815167126,0.3233743409490334,0.12266666666666666,0.37933333333333336,0.37245748582860955,lr
11,rare_cluster,beta,val,3000,0.5686666666666667,0.5318053222517433,0.9050176158008741,0.019261400760032993,0.018011180963033183,0.24743150684931506,0.09633333333333334,0.3893333333333333,,lr
11,rare_cluster,isotonic,pre,1500,0.5966666666666667,0.5189674641420349,0.8860271956599506,0.03723566811775813,0.03720078207757639,0.24483306836248012,0.10266666666666667,0.41933333333333334,0.352234823215477,lr
11,rare_cluster,isotonic,post,3000,0.5303333333333333,0.5842528248121196,1.008605913142886,0.040402448146029626,0.04495036158136174,0.3265993265993266,0.12933333333333333,0.396,0.37245748582860955,lr
11,rare_cluster,isotonic,val,3000,0.5686666666666667,0.5320900520674742,0.9055358050119524,0.021353508611683798,0.01935045480750654,0.2547092547092547,0.10366666666666667,0.407,,lr
11,rare_cluster,bayes_bin,pre,1500,0.5966666666666667,0.51891717607568,0.8850919568399986,0.04530230744428316,0.044225129869039814,0.19959266802443992,0.06533333333333333,0.3273333333333333,0.352234823215477,lr
11,rare_cluster,bayes_bin,post,3000,0.5303333333333333,0.5841082206434314,1.0049102558652705,0.043830107357786606,0.045617765751963024,0.29747530186608123,0.09033333333333333,0.30366666666666664,0.37245748582860955,lr
11,rare_cluster,bayes_bin,val,3000,0.5686666666666667,0.5326450823420597,0.9067857019280903,0.016470374906443517,0.02025515060559174,0.22093023255813954,0.06966666666666667,0.31533333333333335,,lr
11,none,raw,pre,1500,0.528,0.6698717388901204,1.343613436089106,0.24525024114579008,0.24525024114579008,0.41602728047740833,0.3253333333333333,0.782,0.47098065376917947,gbm
11,none,raw,post,3000,0.5103333333333333,0.7069256099465515,1.39865640560056,0.260695649786389,0.260695649786389,0.4497170222028733,0.3443333333333333,0.7656666666666667,0.4964988329443148,gbm
11,none,raw,val,3000,0.528,0.680527213740903,1.3516777467821977,0.24740337575771199,0.24591975241541675,0.4312633832976445,0.33566666666666667,0.7783333333333333,,gbm
11,none,temperature,pre,1500,0.528,0.5727085204510618,0.9650571687929856,0.03801802803755894,0.03896243282167268,0.2604166666666667,0.06666666666666667,0.256,0.47098065376917947,gbm
11,none,temperature,post,3000,0.5103333333333333,0.5878565751187191,0.9843357973098835,0.022728917683587518,0.023310890665986805,0.28720626631853785,0.07333333333333333,0.25533333333333336,0.4964988329443148,gbm
11,none,temperature,val,3000,0.528,0.5763075621586653,0.9681135653568369,0.031227344694972996,0.024071796595740855,0.29403973509933773,0.074,0.25166666666666665,,gbm
11,none,platt,pre,1500,0.528,0.6342547307270732,1.360685228364293,0.1351853811586168,0.13518538115861684,0.3414285714285714,0.15933333333333333,0.4666666666666667,0.47098065376917947,gbm
11,none,platt,post,3000,0.5103333333333333,0.6706530218677195,1.41734035504435,0.16331186957153002,0.1623547436874442,0.3888888888888889,0.18433333333333332,0.474,0.4964988329443148,gbm
11,none,platt,val,3000,0.528,0.644420014559934,1.36988149014348,0.1497922668942232,0.1461384653732674,0.3590462833099579,0.17066666666666666,0.47533333333333333,,gbm
11,none,beta,pre,1500,0.528,0.5981741206240194,1.0776746062673441,0.03581505846422383,0.04066867371826587,0.26463104325699743,0.06933333333333333,0.262,0.47098065376917947,gbm
11,none,beta,post,3000,0.5103333333333333,0.6084822819813599,1.085857649920238,0.031403979352605714,0.037311766057623263,0.31047865459249674,0.08,0.25766666666666665,0.4964988329443148,gbm
11,none,beta,val,3000,0.528,0.5993472893040096,1.0697834287739496,0.028592111385402862,0.0279436372583827,0.2845953002610966,0.07266666666666667,0.25533333333333336,,gbm
11,none,isotonic,pre,1500,0.528,0.5979618224127395,1.077828531191647,0.038041042676230714,0.02945756323273891,0.2617801047120419,0.06666666666666667,0.25466666666666665,0.47098065376917947,gbm
11,none,isotonic,post,3000,0.5103333333333333,0.6095429910898632,1.0878735055445607,0.032809720108251006,0.03200941922680698,0.30319148936170215,0.076,0.25066666666666665,0.4964988329443148,gbm
11,none,isotonic,val,3000,0.528,0.6006788712219501,1.0718758840575369,0.03132423248681894,0.035785478953958595,0.2853297442799462,0.07066666666666667,0.24766666666666667,,gbm
11,none,bayes_bin,pre,1500,0.528,0.5985737195684937,1.078372001689631,0.03803592389450935,0.03725844525857351,0.2676767676767677,0.07066666666666667,0.264,0.47098065376917947,gbm
11,none,bayes_bin,post,3000,0.5103333333333333,0.6109560022940638,1.0904889682206769,0.03042043708205508,0.032593712427623156,0.3128205128205128,0.08133333333333333,0.26,0.4964988329443148,gbm
11,none,bayes_bin,val,3000,0.528,0.6001745576309201,1.0712852807328608,0.035163103392318255,0.03673493426457457,0.28552971576227393,0.07366666666666667,0.258,,gbm
11,vol_jump,raw,pre,1500,0.528,0.6698717388901204,1.343613436089106,0.24525024114579008,0.24525024114579008,0.41602728047740833,0.3253333333333333,0.782,0.47098065376917947,gbm
11,vol_jump,raw,post,3000,0.443,0.8231174228507574,1.8183715868513723,0.3280289831197223,0.32802898311972234,0.5211144971702221,0.399,0.7656666666666667,0.4964988329443148,gbm
11,vol_jump,raw,val,3000,0.528,0.680527213740903,1.3516777467821977,0.24740337575771199,0.24591975241541675,0.4312633832976445,0.33566666666666667,0.7783333333333333,,gbm
11,vol_jump,temperature,pre,1500,0.528,0.5727085204510618,0.9650571687929856,0.03801802803755894,0.03896243282167268,0.2604166666666667,0.06666666666666667,0.256,0.47098065376917947,gbm
11,vol_jump,temperature,post,3000,0.443,0.65469120815294,1.104065488074565,0.0825428761040008,0.0825428761040008,0.391644908616188,0.1,0.25533333333333336,0.4964988329443148,gbm
11,vol_jump,temperature,val,3000,0.528,0.5763075621586653,0.9681135653568369,0.031227344694972996,0.024071796595740855,0.29403973509933773,0.074,0.25166666666666665,,gbm
11,vol_jump,platt,pre,1500,0.528,0.6342547307270732,1.360685228364293,0.1351853811586168,0.13518538115861684,0.3414285714285714,0.15933333333333333,0.4666666666666667,0.47098065376917947,gbm
11,vol_jump,platt,post,3000,0.443,0.7789836732377368,1.8584196536777733,0.22157125683447487,0.22157125683447482,0.4711673699015471,0.22333333333333333,0.474,0.4964988329443148,gbm
11,vol_jump,platt,val,3000,0.528,0.644420014559934,1.36988149014348,0.1497922668942232,0.1461384653732674,0.3590462833099579,0.17066666666666666,0.47533333333333333,,gbm
11,vol_jump,beta,pre,1500,0.528,0.5981741206240194,1.0776746062673441,0.03581505846422383,0.04066867371826587,0.26463104325699743,0.06933333333333333,0.262,0.47098065376917947,gbm
11,vol_jump,beta,post,3000,0.443,0.700714956464764,1.3656415989931239,0.0935559290328853,0.09355592903288529,0.4087968952134541,0.10533333333333333,0.25766666666666665,0.4964988329443148,gbm
11,vol_jump,beta,val,3000,0.528,0.5993472893040096,1.0697834287739496,0.028592111385402862,0.0279436372583827,0.2845953002610966,0.07266666666666667,0.25533333333333336,,gbm
11,vol_jump,isotonic,pre,1500,0.528,0.5979618224127395,1.077828531191647,0.038041042676230714,0.02945756323273891,0.2617801047120419,0.06666666666666667,0.25466666666666665,0.47098065376917947,gbm
11,vol_jump,isotonic,post,3000,0.443,0.702073447797453,1.3705974714260136,0.09586702202066484,0.09586702202066488,0.4002659574468085,0.10033333333333333,0.25066666666666665,0.4964988329443148,gbm
11,vol_jump,isotonic,val,3000,0.528,0.6006788712219501,1.0718758840575369,0.03132423248681894,0.035785478953958595,0.2853297442799462,0.07066666666666667,0.24766666666666667,,gbm
11,vol_jump,bayes_bin,pre,1500,0.528,0.5985737195684937,1.078372001689631,0.03803592389450935,0.03725844525857351,0.2676767676767677,0.07066666666666667,0.264,0.47098065376917947,gbm
11,vol_jump,bayes_bin,post,3000,0.443,0.7028950365572401,1.3684470428577804,0.09355738012671119,0.09355738012671119,0.4115384615384615,0.107,0.26,0.4964988329443148,gbm
11,vol_jump,bayes_bin,val,3000,0.528,0.6001745576309201,1.0712852807328608,0.035163103392318255,0.03673493426457457,0.28552971576227393,0.07366666666666667,0.258,,gbm
11,regime_transition,raw,pre,1500,0.528,0.6698717388901204,1.343613436089106,0.24525024114579008,0.24525024114579008,0.41602728047740833,0.3253333333333333,0.782,0.47098065376917947,gbm
11,regime_transition,raw,post,3000,0.352,0.9833325803007803,2.227522544546648,0.4190289831197223,0.4190289831197223,0.6491075315629081,0.497,0.7656666666666667,0.4964988329443148,gbm
11,regime_transition,raw,val,3000,0.528,0.680527213740903,1.3516777467821977,0.24740337575771199,0.24591975241541675,0.4312633832976445,0.33566666666666667,0.7783333333333333,,gbm
11,regime_transition,temperature,pre,1500,0.528,0.5727085204510618,0.9650571687929856,0.03801802803755894,0.03896243282167268,0.2604166666666667,0.06666666666666667,0.256,0.47098065376917947,gbm
11,regime_transition,temperature,post,3000,0.352,0.7346844441882313,1.2207815846783114,0.1735428761040008,0.1735428761040008,0.6109660574412533,0.156,0.25533333333333336,0.4964988329443148,gbm
11,regime_transition,temperature,val,3000,0.528,0.5763075621586653,0.9681135653568369,0.031227344694972996,0.024071796595740855,0.29403973509933773,0.074,0.25166666666666665,,gbm
11,regime_transition,platt,pre,1500,0.528,0.6342547307270732,1.360685228364293,0.1351853811586168,0.13518538115861684,0.3414285714285714,0.15933333333333333,0.4666666666666667,0.47098065376917947,gbm
11,regime_transition,platt,post,3000,0.352,0.9189832881250244,2.3595221452405046,0.31257125683447484,0.31668807702077756,0.6385372714486639,0.30266666666666664,0.474,0.4964988329443148,gbm
11,regime_transition,platt,val,3000,0.528,0.644420014559934,1.36988149014348,0.1497922668942232,0.1461384653732674,0.3590462833099579,0.17066666666666666,0.47533333333333333,,gbm
11,regime_transition,beta,pre,1500,0.528,0.5981741206240194,1.0776746062673441,0.03581505846422383,0.04066867371826587,0.26463104325699743,0.06933333333333333,0.262,0.47098065376917947,gbm
11,regime_transition,beta,post,3000,0.352,0.774595467497288,1.5039820632600118,0.18455592903288529,0.18455592903288526,0.6222509702457956,0.16033333333333333,0.25766666666666665,0.4964988329443148,gbm
11,regime_transition,beta,val,3000,0.528,0.5993472893040096,1.0697834287739496,0.028592111385402862,0.0279436372583827,0.2845953002610966,0.07266666666666667,0.25533333333333336,,gbm
11,regime_transition,isotonic,pre,1500,0.528,0.5979618224127395,1.077828531191647,0.038041042676230714,0.02945756323273891,0.2617801047120419,0.06666666666666667,0.25466666666666665,0.47098065376917947,gbm
11,regime_transition,isotonic,post,3000,0.352,0.77694703560051,1.5111058321025475,0.18686702202066485,0.18739901755041513,0.6183510638297872,0.155,0.25066666666666665,0.4964988329443148,gbm
11,regime_transition,isotonic,val,3000,0.528,0.6006788712219501,1.0718758840575369,0.03132423248681894,0.035785478953958595,0.2853297442799462,0.07066666666666667,0.24766666666666667,,gbm
11,regime_transition,bayes_bin,pre,1500,0.528,0.5985737195684937,1.078372001689631,0.03803592389450935,0.03725844525857351,0.2676767676767677,0.07066666666666667,0.264,0.47098065376917947,gbm
11,regime_transition,bayes_bin,post,3000,0.352,0.7742583880698933,1.499939284102417,0.1845573801267112,0.1845573801267112,0.6230769230769231,0.162,0.26,0.4964988329443148,gbm
11,regime_transition,bayes_bin,val,3000,0.528,0.6001745576309201,1.0712852807328608,0.035163103392318255,0.03673493426457457,0.28552971576227393,0.07366666666666667,0.258,,gbm
11,feature_shift,raw,pre,1500,0.528,0.6698717388901204,1.343613436089106,0.24525024114579008,0.24525024114579008,0.41602728047740833,0.3253333333333333,0.782,0.47098065376917947,gbm
11,feature_shift,raw,post,3000,0.411,0.9491107461863341,2.27310903350798,0.42260533759244534,0.42226050462437437,0.5767133956386293,0.49366666666666664,0.856,0.37879293097699235,gbm
11,feature_shift,raw,val,3000,0.528,0.680527213740903,1.3516777467821977,0.24740337575771199,0.24591975241541675,0.4312633832976445,0.33566666666666667,0.7783333333333333,,gbm
11,feature_shift,temperature,pre,1500,0.528,0.5727085204510618,0.9650571687929856,0.03801802803755894,0.03896243282167268,0.2604166666666667,0.06666666666666667,0.256,0.47098065376917947,gbm
11,feature_shift,temperature,post,3000,0.411,0.6976351570605545,1.1646830683016605,0.16625694585338477,0.1662569458533848,0.4950083194675541,0.19833333333333333,0.40066666666666667,0.37879293097699235,gbm
11,feature_shift,temperature,val,3000,0.528,0.5763075621586653,0.9681135653568369,0.031227344694972996,0.024071796595740855,0.29403973509933773,0.074,0.25166666666666665,,gbm
11,feature_shift,platt,pre,1500,0.528,0.6342547307270732,1.360685228364293,0.1351853811586168,0.13518538115861684,0.3414285714285714,0.15933333333333333,0.4666666666666667,0.47098065376917947,gbm
11,feature_shift,platt,post,3000,0.411,0.8976396969068874,2.5195416213153314,0.3418092749509064,0.3418092749509063,0.5440940673436665,0.3393333333333333,0.6236666666666667,0.37879293097699235,gbm
11,feature_shift,platt,val,3000,0.528,0.644420014559934,1.36988149014348,0.1497922668942232,0.1461384653732674,0.3590462833099579,0.17066666666666666,0.47533333333333333,,gbm
11,feature_shift,beta,pre,1500,0.528,0.5981741206240194,1.0776746062673441,0.03581505846422383,0.04066867371826587,0.26463104325699743,0.06933333333333333,0.262,0.47098065376917947,gbm
11,feature_shift,beta,post,3000,0.411,0.7405745285978806,1.4542529727972833,0.17931423814830855,0.17931423814830852,0.4928989139515455,0.19666666666666666,0.399,0.37879293097699235,gbm
11,feature_shift,beta,val,3000,0.528,0.5993472893040096,1.0697834287739496,0.028592111385402862,0.0279436372583827,0.2845953002610966,0.07266666666666667,0.25533333333333336,,gbm
11,feature_shift,isotonic,pre,1500,0.528,0.5979618224127395,1.077828531191647,0.038041042676230714,0.02945756323273891,0.2617801047120419,0.06666666666666667,0.25466666666666665,0.47098065376917947,gbm
11,feature_shift,isotonic,post,3000,0.411,0.7433101258062367,1.462285560530665,0.18109656856745057,0.18109656856745054,0.4919148936170213,0.19266666666666668,0.39166666666666666,0.37879293097699235,gbm
11,feature_shift,isotonic,val,3000,0.528,0.6006788712219501,1.0718758840575369,0.03132423248681894,0.035785478953958595,0.2853297442799462,0.07066666666666667,0.24766666666666667,,gbm
11,feature_shift,bayes_bin,pre,1500,0.528,0.5985737195684937,1.078372001689631,0.03803592389450935,0.03725844525857351,0.2676767676767677,0.07066666666666667,0.264,0.47098065376917947,gbm
11,feature_shift,bayes_bin,post,3000,0.411,0.7408367529324902,1.4487049152011933,0.17526639413409253,0.1752663941340925,0.49504950495049505,0.2,0.404,0.37879293097699235,gbm
11,feature_shift,bayes_bin,val,3000,0.528,0.6001745576309201,1.0712852807328608,0.035163103392318255,0.03673493426457457,0.28552971576227393,0.07366666666666667,0.258,,gbm
11,missing_features,raw,pre,1500,0.528,0.6698717388901204,1.343613436089106,0.24525024114579008,0.24525024114579008,0.41602728047740833,0.3253333333333333,0.782,0.47098065376917947,gbm
11,missing_features,raw,post,3000,0.4573333333333333,0.7919449998935527,1.587171097251546,0.3006857998431597,0.3006857998431597,0.5153949129852744,0.385,0.747,0.5918639546515505,gbm
11,missing_features,raw,val,3000,0.528,0.680527213740903,1.3516777467821977,0.24740337575771199,0.24591975241541675,0.4312633832976445,0.33566666666666667,0.7783333333333333,,gbm
11,missing_features,temperature,pre,1500,0.528,0.5727085204510618,0.9650571687929856,0.03801802803755894,0.03896243282167268,0.2604166666666667,0.06666666666666667,0.256,0.47098065376917947,gbm
11,missing_features,temperature,post,3000,0.4573333333333333,0.6350338081869767,1.0575553557020079,0.05415933688075467,0.058131793735387044,0.38153846153846155,0.08266666666666667,0.21666666666666667,0.5918639546515505,gbm
11,missing_features,temperature,val,3000,0.528,0.5763075621586653,0.9681135653568369,0.031227344694972996,0.024071796595740855,0.29403973509933773,0.074,0.25166666666666665,,gbm
11,missing_features,platt,pre,1500,0.528,0.6342547307270732,1.360685228364293,0.1351853811586168,0.13518538115861684,0.3414285714285714,0.15933333333333333,0.4666666666666667,0.47098065376917947,gbm
11,missing_features,platt,post,3000,0.4573333333333333,0.7419847959426106,1.5927647852259967,0.18720056359929585,0.18853039723629003,0.45919881305637983,0.20633333333333334,0.4493333333333333,0.5918639546515505,gbm
11,missing_features,platt,val,3000,0.528,0.644420014559934,1.36988149014348,0.1497922668942232,0.1461384653732674,0.3590462833099579,0.17066666666666666,0.47533333333333333,,gbm
11,missing_features,beta,pre,1500,0.528,0.5981741206240194,1.0776746062673441,0.03581505846422383,0.04066867371826587,0.26463104325699743,0.06933333333333333,0.262,0.47098065376917947,gbm
11,missing_features,beta,post,3000,0.4573333333333333,0.6644780931776524,1.200106008762888,0.06545028901588984,0.06545028901588988,0.40238450074515647,0.09,0.22366666666666668,0.5918639546515505,gbm
11,missing_features,beta,val,3000,0.528,0.5993472893040096,1.0697834287739496,0.028592111385402862,0.0279436372583827,0.2845953002610966,0.07266666666666667,0.25533333333333336,,gbm
11,missing_features,isotonic,pre,1500,0.528,0.5979618224127395,1.077828531191647,0.038041042676230714,0.02945756323273891,0.2617801047120419,0.06666666666666667,0.25466666666666665,0.47098065376917947,gbm
11,missing_features,isotonic,post,3000,0.4573333333333333,0.666677625405556,1.2039725703525552,0.06775287301017519,0.06787202238656072,0.39477726574500765,0.08566666666666667,0.217,0.5918639546515505,gbm
11,missing_features,isotonic,val,3000,0.528,0.6006788712219501,1.0718758840575369,0.03132423248681894,0.035785478953958595,0.2853297442799462,0.07066666666666667,0.24766666666666667,,gbm
11,missing_features,bayes_bin,pre,1500,0.528,0.5985737195684937,1.078372001689631,0.03803592389450935,0.03725844525857351,0.2676767676767677,0.07066666666666667,0.264,0.47098065376917947,gbm
11,missing_features,bayes_bin,post,3000,0.4573333333333333,0.6667004081433892,1.2035940193002945,0.0671190595019949,0.06711905950199488,0.40353460972017674,0.09133333333333334,0.22633333333333333,0.5918639546515505,gbm
11,missing_features,bayes_bin,val,3000,0.528,0.6001745576309201,1.0712852807328608,0.035163103392318255,0.03673493426457457,0.28552971576227393,0.07366666666666667,0.258,,gbm
11,stale_features,raw,pre,1500,0.528,0.6698717388901204,1.343613436089106,0.24525024114579008,0.24525024114579008,0.41602728047740833,0.3253333333333333,0.782,0.47098065376917947,gbm
11,stale_features,raw,post,3000,0.37666666666666665,0.9344923860520048,2.1114056512693162,0.39897226028344746,0.3989722602834474,0.5949421345906558,0.46266666666666667,0.7776666666666666,0.34711570523507834,gbm
11,stale_features,raw,val,3000,0.528,0.680527213740903,1.3516777467821977,0.24740337575771199,0.24591975241541675,0.4312633832976445,0.33566666666666667,0.7783333333333333,,gbm
11,stale_features,temperature,pre,1500,0.528,0.5727085204510618,0.9650571687929856,0.03801802803755894,0.03896243282167268,0.2604166666666667,0.06666666666666667,0.256,0.47098065376917947,gbm
11,stale_features,temperature,post,3000,0.37666666666666665,0.7066070540392999,1.1791755750798727,0.1552550433844256,0.1552550433844256,0.50187265917603,0.134,0.267,0.34711570523507834,gbm
11,stale_features,temperature,val,3000,0.528,0.5763075621586653,0.9681135653568369,0.031227344694972996,0.024071796595740855,0.29403973509933773,0.074,0.25166666666666665,,gbm
11,stale_features,platt,pre,1500,0.528,0.6342547307270732,1.360685228364293,0.1351853811586168,0.13518538115861684,0.3414285714285714,0.15933333333333333,0.4666666666666667,0.47098065376917947,gbm
11,stale_features,platt,post,3000,0.37666666666666665,0.8730435532948321,2.2259367382733166,0.29328734828370573,0.29328734828370573,0.5730180806675939,0.27466666666666667,0.47933333333333333,0.34711570523507834,gbm
11,stale_features,platt,val,3000,0.528,0.644420014559934,1.36988149014348,0.1497922668942232,0.1461384653732674,0.3590462833099579,0.17066666666666666,0.47533333333333333,,gbm
11,stale_features,beta,pre,1500,0.528,0.5981741206240194,1.0776746062673441,0.03581505846422383,0.04066867371826587,0.26463104325699743,0.06933333333333333,0.262,0.47098065376917947,gbm
11,stale_features,beta,post,3000,0.37666666666666665,0.7520910165088683,1.4610865501694212,0.16649463634140155,0.16649463634140155,0.5169491525423728,0.14233333333333334,0.2753333333333333,0.34711570523507834,gbm
11,stale_features,beta,val,3000,0.528,0.5993472893040096,1.0697834287739496,0.028592111385402862,0.0279436372583827,0.2845953002610966,0.07266666666666667,0.25533333333333336,,gbm
11,stale_features,isotonic,pre,1500,0.528,0.5979618224127395,1.077828531191647,0.038041042676230714,0.02945756323273891,0.2617801047120419,0.06666666666666667,0.25466666666666665,0.47098065376917947,gbm
11,stale_features,isotonic,post,3000,0.37666666666666665,0.7538283028019106,1.4682900489746675,0.16922628447834678,0.1692262844783468,0.51125,0.13633333333333333,0.26666666666666666,0.34711570523507834,gbm
11,stale_features,isotonic,val,3000,0.528,0.6006788712219501,1.0718758840575369,0.03132423248681894,0.035785478953958595,0.2853297442799462,0.07066666666666667,0.24766666666666667,,gbm
11,stale_features,bayes_bin,pre,1500,0.528,0.5985737195684937,1.078372001689631,0.03803592389450935,0.03725844525857351,0.2676767676767677,0.07066666666666667,0.264,0.47098065376917947,gbm
11,stale_features,bayes_bin,post,3000,0.37666666666666665,0.7510768179816257,1.4552670278410071,0.1657038133919999,0.16570381339199988,0.5178571428571429,0.145,0.28,0.34711570523507834,gbm
11,stale_features,bayes_bin,val,3000,0.528,0.6001745576309201,1.0712852807328608,0.035163103392318255,0.03673493426457457,0.28552971576227393,0.07366666666666667,0.258,,gbm
11,venue_change,raw,pre,1500,0.528,0.6698717388901204,1.343613436089106,0.24525024114579008,0.24525024114579008,0.41602728047740833,0.3253333333333333,0.782,0.47098065376917947,gbm
11,venue_change,raw,post,3000,0.44533333333333336,0.8521327873174882,1.852897690762378,0.34447733497129573,0.3441667427200298,0.5384615384615384,0.43166666666666664,0.8016666666666666,0.5621873957985996,gbm
11,venue_change,raw,val,3000,0.528,0.680527213740903,1.3516777467821977,0.24740337575771199,0.24591975241541675,0.4312633832976445,0.33566666666666667,0.7783333333333333,,gbm
11,venue_change,temperature,pre,1500,0.528,0.5727085204510618,0.9650571687929856,0.03801802803755894,0.03896243282167268,0.2604166666666667,0.06666666666666667,0.256,0.47098065376917947,gbm
11,venue_change,temperature,post,3000,0.44533333333333336,0.6591526028552949,1.0972576754161503,0.09474096785866694,0.09579415691052406,0.44588235294117645,0.12633333333333333,0.2833333333333333,0.5621873957985996,gbm
11,venue_change,temperature,val,3000,0.528,0.5763075621586653,0.9681135653568369,0.031227344694972996,0.024071796595740855,0.29403973509933773,0.074,0.25166666666666665,,gbm
11,venue_change,platt,pre,1500,0.528,0.6342547307270732,1.360685228364293,0.1351853811586168,0.13518538115861684,0.3414285714285714,0.15933333333333333,0.4666666666666667,0.47098065376917947,gbm
11,venue_change,platt,post,3000,0.44533333333333336,0.8048286222234301,1.9516931359299712,0.24837409208218372,0.24655419451237376,0.4970873786407767,0.256,0.515,0.5621873957985996,gbm
11,venue_change,platt,val,3000,0.528,0.644420014559934,1.36988149014348,0.1497922668942232,0.1461384653732674,0.3590462833099579,0.17066666666666666,0.47533333333333333,,gbm
11,venue_change,beta,pre,1500,0.528,0.5981741206240194,1.0776746062673441,0.03581505846422383,0.04066867371826587,0.26463104325699743,0.06933333333333333,0.262,0.47098065376917947,gbm
11,venue_change,beta,post,3000,0.44533333333333336,0.6979654606795429,1.3030163243650592,0.10727411449074009,0.10282235562772266,0.45892018779342725,0.13033333333333333,0.284,0.5621873957985996,gbm
11,venue_change,beta,val,3000,0.528,0.5993472893040096,1.0697834287739496,0.028592111385402862,0.0279436372583827,0.2845953002610966,0.07266666666666667,0.25533333333333336,,gbm
11,venue_change,isotonic,pre,1500,0.528,0.5979618224127395,1.077828531191647,0.038041042676230714,0.02945756323273891,0.2617801047120419,0.06666666666666667,0.25466666666666665,0.47098065376917947,gbm
11,venue_change,isotonic,post,3000,0.44533333333333336,0.7002596479722712,1.3079773843359914,0.1075103569955405,0.10988312822995239,0.45704057279236276,0.12766666666666668,0.2793333333333333,0.5621873957985996,gbm
11,venue_change,isotonic,val,3000,0.528,0.6006788712219501,1.0718758840575369,0.03132423248681894,0.035785478953958595,0.2853297442799462,0.07066666666666667,0.24766666666666667,,gbm
11,venue_change,bayes_bin,pre,1500,0.528,0.5985737195684937,1.078372001689631,0.03803592389450935,0.03725844525857351,0.2676767676767677,0.07066666666666667,0.264,0.47098065376917947,gbm
11,venue_change,bayes_bin,post,3000,0.44533333333333336,0.7000207333822152,1.3042515917758115,0.10387427340547153,0.10232996503168947,0.46403712296983757,0.13333333333333333,0.28733333333333333,0.5621873957985996,gbm
11,venue_change,bayes_bin,val,3000,0.528,0.6001745576309201,1.0712852807328608,0.035163103392318255,0.03673493426457457,0.28552971576227393,0.07366666666666667,0.258,,gbm
11,rare_cluster,raw,pre,1500,0.528,0.6698717388901204,1.343613436089106,0.24525024114579008,0.24525024114579008,0.41602728047740833,0.3253333333333333,0.782,0.47098065376917947,gbm
11,rare_cluster,raw,post,3000,0.481,0.7577451608505811,1.546016628618274,0.29273690055972557,0.29273690055972557,0.48467846353042726,0.37433333333333335,0.7723333333333333,0.5031677225741914,gbm
11,rare_cluster,raw,val,3000,0.528,0.680527213740903,1.3516777467821977,0.24740337575771199,0.24591975241541675,0.4312633832976445,0.33566666666666667,0.7783333333333333,,gbm
11,rare_cluster,temperature,pre,1500,0.528,0.5727085204510618,0.9650571687929856,0.03801802803755894,0.03896243282167268,0.2604166666666667,0.06666666666666667,0.256,0.47098065376917947,gbm
11,rare_cluster,temperature,post,3000,0.481,0.6130352728785036,1.0246270620271494,0.049486357628716456,0.046000176823763506,0.3423076923076923,0.089,0.26,0.5031677225741914,gbm
11,rare_cluster,temperature,val,3000,0.528,0.5763075621586653,0.9681135653568369,0.031227344694972996,0.024071796595740855,0.29403973509933773,0.074,0.25166666666666665,,gbm
11,rare_cluster,platt,pre,1500,0.528,0.6342547307270732,1.360685228364293,0.1351853811586168,0.13518538115861684,0.3414285714285714,0.15933333333333333,0.4666666666666667,0.47098065376917947,gbm
11,rare_cluster,platt,post,3000,0.481,0.7152983681888052,1.5817063377076808,0.1886089780897951,0.19044401526248467,0.4313588850174216,0.20633333333333334,0.47833333333333333,0.5031677225741914,gbm
11,rare_cluster,platt,val,3000,0.528,0.644420014559934,1.36988149014348,0.1497922668942232,0.1461384653732674,0.3590462833099579,0.17066666666666666,0.47533333333333333,,gbm
11,rare_cluster,beta,pre,1500,0.528,0.5981741206240194,1.0776746062673441,0.03581505846422383,0.04066867371826587,0.26463104325699743,0.06933333333333333,0.262,0.47098065376917947,gbm
11,rare_cluster,beta,post,3000,0.481,0.6380908952791191,1.1575219628801692,0.0570355877070575,0.05703558770705752,0.36283185840707965,0.09566666666666666,0.26366666666666666,0.5031677225741914,gbm
11,rare_cluster,beta,val,3000,0.528,0.5993472893040096,1.0697834287739496,0.028592111385402862,0.0279436372583827,0.2845953002610966,0.07266666666666667,0.25533333333333336,,gbm
11,rare_cluster,isotonic,pre,1500,0.528,0.5979618224127395,1.077828531191647,0.038041042676230714,0.02945756323273891,0.2617801047120419,0.06666666666666667,0.25466666666666665,0.47098065376917947,gbm
11,rare_cluster,isotonic,post,3000,0.481,0.6390453044514395,1.1601407379417021,0.060322635868731204,0.059558999505094815,0.35667963683527887,0.09166666666666666,0.257,0.5031677225741914,gbm
11,rare_cluster,isotonic,val,3000,0.528,0.6006788712219501,1.0718758840575369,0.03132423248681894,0.035785478953958595,0.2853297442799462,0.07066666666666667,0.24766666666666667,,gbm
11,rare_cluster,bayes_bin,pre,1500,0.528,0.5985737195684937,1.078372001689631,0.03803592389450935,0.03725844525857351,0.2676767676767677,0.07066666666666667,0.264,0.47098065376917947,gbm
11,rare_cluster,bayes_bin,post,3000,0.481,0.6400738727944763,1.1610378287536156,0.057196303401918336,0.05719630340191835,0.36386449184441655,0.09666666666666666,0.26566666666666666,0.5031677225741914,gbm
11,rare_cluster,bayes_bin,val,3000,0.528,0.6001745576309201,1.0712852807328608,0.035163103392318255,0.03673493426457457,0.28552971576227393,0.07366666666666667,0.258,,gbm
