base,seed,scenario,method,phase,bin,n,conf,acc
lr,0,none,raw,pre,3,266,0.3706911038351456,0.33458646616541354
lr,0,none,raw,pre,4,345,0.44515852668969375,0.4666666666666667
lr,0,none,raw,pre,5,307,0.5497326763976101,0.5700325732899023
lr,0,none,raw,pre,6,267,0.6467107455625185,0.6779026217228464
lr,0,none,raw,pre,7,200,0.7469211728606555,0.755
lr,0,none,raw,pre,8,105,0.8453566019291162,0.9047619047619048
lr,0,none,raw,pre,9,10,0.9233172486460985,1.0
lr,0,none,raw,post,3,571,0.37150414599817755,0.4028021015761821
lr,0,none,raw,post,4,690,0.44909734962362197,0.43768115942028984
lr,0,none,raw,post,5,606,0.5481647508058104,0.5594059405940595
lr,0,none,raw,post,6,506,0.6473054931534794,0.6600790513833992
lr,0,none,raw,post,7,367,0.7452321499363279,0.7411444141689373
lr,0,none,raw,post,8,206,0.8407668381986703,0.8446601941747572
lr,0,none,raw,post,9,54,0.9236334687722296,0.9629629629629629
lr,0,none,temperature,pre,3,253,0.372054599249658,0.3359683794466403
lr,0,none,temperature,pre,4,326,0.4465298207048567,0.4601226993865031
lr,0,none,temperature,pre,5,284,0.5502422542518937,0.5422535211267606
lr,0,none,temperature,pre,6,273,0.6475765953672156,0.663003663003663
lr,0,none,temperature,pre,7,205,0.7460010858174727,0.7560975609756098
lr,0,none,temperature,pre,8,143,0.8468207380090135,0.8461538461538461
lr,0,none,temperature,pre,9,16,0.9252994024013301,1.0
lr,0,none,temperature,post,3,520,0.3716647585204226,0.38846153846153847
lr,0,none,temperature,post,4,665,0.4482236055126575,0.43759398496240604
lr,0,none,temperature,post,5,584,0.5484661366331605,0.547945205479452
lr,0,none,temperature,post,6,497,0.6469847944015199,0.635814889336016
lr,0,none,temperature,post,7,404,0.7448224436328507,0.7227722772277227
lr,0,none,temperature,post,8,259,0.8441250978984505,0.8262548262548263
lr,0,none,temperature,post,9,71,0.9299455832629799,0.9577464788732394
lr,0,none,platt,pre,3,322,0.36413856496219027,0.36645962732919257
lr,0,none,platt,pre,4,283,0.44513802537474445,0.45229681978798586
lr,0,none,platt,pre,5,263,0.5491715914771733,0.5551330798479087
lr,0,none,platt,pre,6,256,0.6484575179778423,0.671875
lr,0,none,platt,pre,7,199,0.7490599013323922,0.7437185929648241
lr,0,none,platt,pre,8,141,0.8478273198950911,0.8226950354609929
lr,0,none,platt,pre,9,36,0.9211977072533348,0.9444444444444444
lr,0,none,platt,post,3,659,0.36301379657746136,0.4006069802731411
lr,0,none,platt,post,4,595,0.448903014574925,0.4436974789915966
lr,0,none,platt,post,5,525,0.5485454745860766,0.5523809523809524
lr,0,none,platt,post,6,457,0.6469602456755159,0.6433260393873085
lr,0,none,platt,post,7,396,0.7464692466747964,0.702020202020202
lr,0,none,platt,post,8,266,0.8457429702073794,0.8270676691729323
lr,0,none,platt,post,9,102,0.9318117481225977,0.9117647058823529
lr,0,none,beta,pre,3,251,0.3853418266527978,0.3386454183266932
lr,0,none,beta,pre,4,427,0.4432954014320116,0.4637002341920375
lr,0,none,beta,pre,5,271,0.5488381546454775,0.6162361623616236
lr,0,none,beta,pre,6,198,0.6458649077387998,0.6464646464646465
lr,0,none,beta,pre,7,163,0.7497918997531466,0.754601226993865
lr,0,none,beta,pre,8,107,0.85066912833431,0.7757009345794392
lr,0,none,beta,pre,9,83,0.9374485695362956,0.9397590361445783
lr,0,none,beta,post,3,513,0.38505919814731393,0.3898635477582846
lr,0,none,beta,post,4,870,0.44361428544485676,0.4528735632183908
lr,0,none,beta,post,5,544,0.5457846580325869,0.5680147058823529
lr,0,none,beta,post,6,372,0.6466353459843659,0.6586021505376344
lr,0,none,beta,post,7,304,0.7481471302271056,0.7302631578947368
lr,0,none,beta,post,8,222,0.8517082895917223,0.7792792792792793
lr,0,none,beta,post,9,175,0.9481136690281434,0.9142857142857143
lr,0,none,isotonic,pre,3,183,0.3605465579877598,0.3224043715846995
lr,0,none,isotonic,pre,4,519,0.43396784575917785,0.45664739884393063
lr,0,none,isotonic,pre,5,266,0.5867843060774672,0.6203007518796992
lr,0,none,isotonic,pre,6,233,0.6750669673448231,0.6695278969957081
lr,0,none,isotonic,pre,7,151,0.7437624972847126,0.7615894039735099
lr,0,none,isotonic,pre,8,27,0.8407580074258076,0.7037037037037037
lr,0,none,isotonic,pre,9,121,0.9610513802186346,0.9173553719008265
lr,0,none,isotonic,post,3,374,0.35860521558385755,0.38235294117647056
lr,0,none,isotonic,post,4,1084,0.43505901659933377,0.4603321033210332
lr,0,none,isotonic,post,5,507,0.5865444233169999,0.5680473372781065
lr,0,none,isotonic,post,6,451,0.6748305368766162,0.6784922394678492
lr,0,none,isotonic,post,7,276,0.7449196876116733,0.7246376811594203
lr,0,none,isotonic,post,8,38,0.8409429305434779,0.868421052631579
lr,0,none,isotonic,post,9,270,0.960353583960581,0.8666666666666667
lr,0,none,bayes_bin,pre,3,307,0.38488815767048923,0.38762214983713356
lr,0,none,bayes_bin,pre,4,442,0.4522613069402515,0.4638009049773756
lr,0,none,bayes_bin,pre,5,94,0.598089237970672,0.6702127659574468
lr,0,none,bayes_bin,pre,6,298,0.6437811456498013,0.62751677852349
lr,0,none,bayes_bin,pre,7,182,0.7369027273528815,0.7582417582417582
lr,0,none,bayes_bin,pre,8,177,0.8742844090256238,0.847457627118644
lr,0,none,bayes_bin,post,3,569,0.3838939911892304,0.38488576449912126
lr,0,none,bayes_bin,post,4,980,0.452042797963571,0.48367346938775513
lr,0,none,bayes_bin,post,5,173,0.5980892379706721,0.5838150289017341
lr,0,none,bayes_bin,post,6,559,0.6432021622335276,0.6189624329159212
lr,0,none,bayes_bin,post,7,351,0.7368211880659831,0.7122507122507122
lr,0,none,bayes_bin,post,8,368,0.8744496850173837,0.8505434782608695
lr,0,vol_jump,raw,pre,3,266,0.3706911038351456,0.33458646616541354
lr,0,vol_jump,raw,pre,4,345,0.44515852668969375,0.4666666666666667
lr,0,vol_jump,raw,pre,5,307,0.5497326763976101,0.5700325732899023
lr,0,vol_jump,raw,pre,6,267,0.6467107455625185,0.6779026217228464
lr,0,vol_jump,raw,pre,7,200,0.7469211728606555,0.755
lr,0,vol_jump,raw,pre,8,105,0.8453566019291162,0.9047619047619048
lr,0,vol_jump,raw,pre,9,10,0.9233172486460985,1.0
lr,0,vol_jump,raw,post,3,571,0.37150414599817755,0.37828371278458844
lr,0,vol_jump,raw,post,4,690,0.44909734962362197,0.4492753623188406
lr,0,vol_jump,raw,post,5,606,0.5481647508058104,0.5247524752475248
lr,0,vol_jump,raw,post,6,506,0.6473054931534794,0.567193675889328
lr,0,vol_jump,raw,post,7,367,0.7452321499363279,0.5831062670299727
lr,0,vol_jump,raw,post,8,206,0.8407668381986703,0.6553398058252428
lr,0,vol_jump,raw,post,9,54,0.9236334687722296,0.7222222222222222
lr,0,vol_jump,temperature,pre,3,253,0.372054599249658,0.3359683794466403
lr,0,vol_jump,temperature,pre,4,326,0.4465298207048567,0.4601226993865031
lr,0,vol_jump,temperature,pre,5,284,0.5502422542518937,0.5422535211267606
lr,0,vol_jump,temperature,pre,6,273,0.6475765953672156,0.663003663003663
lr,0,vol_jump,temperature,pre,7,205,0.7460010858174727,0.7560975609756098
lr,0,vol_jump,temperature,pre,8,143,0.8468207380090135,0.8461538461538461
lr,0,vol_jump,temperature,pre,9,16,0.9252994024013301,1.0
lr,0,vol_jump,temperature,post,3,520,0.3716647585204226,0.36153846153846153
lr,0,vol_jump,temperature,post,4,665,0.4482236055126575,0.4481203007518797
lr,0,vol_jump,temperature,post,5,584,0.5484661366331605,0.5273972602739726
lr,0,vol_jump,temperature,post,6,497,0.6469847944015199,0.5573440643863179
lr,0,vol_jump,temperature,post,7,404,0.7448224436328507,0.5594059405940595
lr,0,vol_jump,temperature,post,8,259,0.8441250978984505,0.6602316602316602
lr,0,vol_jump,temperature,post,9,71,0.9299455832629799,0.7183098591549296
lr,0,vol_jump,platt,pre,3,322,0.36413856496219027,0.36645962732919257
lr,0,vol_jump,platt,pre,4,283,0.44513802537474445,0.45229681978798586
lr,0,vol_jump,platt,pre,5,263,0.5491715914771733,0.5551330798479087
lr,0,vol_jump,platt,pre,6,256,0.6484575179778423,0.671875
lr,0,vol_jump,platt,pre,7,199,0.7490599013323922,0.7437185929648241
lr,0,vol_jump,platt,pre,8,141,0.8478273198950911,0.8226950354609929
lr,0,vol_jump,platt,pre,9,36,0.9211977072533348,0.9444444444444444
lr,0,vol_jump,platt,post,3,659,0.36301379657746136,0.38543247344461307
lr,0,vol_jump,platt,post,4,595,0.448903014574925,0.44873949579831934
lr,0,vol_jump,platt,post,5,525,0.5485454745860766,0.5295238095238095
lr,0,vol_jump,platt,post,6,457,0.6469602456755159,0.5645514223194749
lr,0,vol_jump,platt,post,7,396,0.7464692466747964,0.5404040404040404
lr,0,vol_jump,platt,post,8,266,0.8457429702073794,0.6691729323308271
lr,0,vol_jump,platt,post,9,102,0.9318117481225977,0.6862745098039216
lr,0,vol_jump,beta,pre,3,251,0.3853418266527978,0.3386454183266932
lr,0,vol_jump,beta,pre,4,427,0.4432954014320116,0.4637002341920375
lr,0,vol_jump,beta,pre,5,271,0.5488381546454775,0.6162361623616236
lr,0,vol_jump,beta,pre,6,198,0.6458649077387998,0.6464646464646465
lr,0,vol_jump,beta,pre,7,163,0.7497918997531466,0.754601226993865
lr,0,vol_jump,beta,pre,8,107,0.85066912833431,0.7757009345794392
lr,0,vol_jump,beta,pre,9,83,0.9374485695362956,0.9397590361445783
lr,0,vol_jump,beta,post,3,513,0.38505919814731393,0.36062378167641324
lr,0,vol_jump,beta,post,4,870,0.44361428544485676,0.46206896551724136
lr,0,vol_jump,beta,post,5,544,0.5457846580325869,0.5275735294117647
lr,0,vol_jump,beta,post,6,372,0.6466353459843659,0.5672043010752689
lr,0,vol_jump,beta,post,7,304,0.7481471302271056,0.5657894736842105
lr,0,vol_jump,beta,post,8,222,0.8517082895917223,0.6351351351351351
lr,0,vol_jump,beta,post,9,175,0.9481136690281434,0.6914285714285714
lr,0,vol_jump,isotonic,pre,3,183,0.3605465579877598,0.3224043715846995
lr,0,vol_jump,isotonic,pre,4,519,0.43396784575917785,0.45664739884393063
lr,0,vol_jump,isotonic,pre,5,266,0.5867843060774672,0.6203007518796992
lr,0,vol_jump,isotonic,pre,6,233,0.6750669673448231,0.6695278969957081
lr,0,vol_jump,isotonic,pre,7,151,0.7437624972847126,0.7615894039735099
lr,0,vol_jump,isotonic,pre,8,27,0.8407580074258076,0.7037037037037037
lr,0,vol_jump,isotonic,pre,9,121,0.9610513802186346,0.9173553719008265
lr,0,vol_jump,isotonic,post,3,374,0.35860521558385755,0.3342245989304813
lr,0,vol_jump,isotonic,post,4,1084,0.43505901659933377,0.4677121771217712
lr,0,vol_jump,isotonic,post,5,507,0.5865444233169999,0.5266272189349113
lr,0,vol_jump,isotonic,post,6,451,0.6748305368766162,0.5764966740576497
lr,0,vol_jump,isotonic,post,7,276,0.7449196876116733,0.5398550724637681
lr,0,vol_jump,isotonic,post,8,38,0.8409429305434779,0.7894736842105263
lr,0,vol_jump,isotonic,post,9,270,0.960353583960581,0.6703703703703704
lr,0,vol_jump,bayes_bin,pre,3,307,0.38488815767048923,0.38762214983713356
lr,0,vol_jump,bayes_bin,pre,4,442,0.4522613069402515,0.4638009049773756
lr,0,vol_jump,bayes_bin,pre,5,94,0.598089237970672,0.6702127659574468
lr,0,vol_jump,bayes_bin,pre,6,298,0.6437811456498013,0.62751677852349
lr,0,vol_jump,bayes_bin,pre,7,182,0.7369027273528815,0.7582417582417582
lr,0,vol_jump,bayes_bin,pre,8,177,0.8742844090256238,0.847457627118644
lr,0,vol_jump,bayes_bin,post,3,569,0.3838939911892304,0.35676625659050965
lr,0,vol_jump,bayes_bin,post,4,980,0.452042797963571,0.48775510204081635
lr,0,vol_jump,bayes_bin,post,5,173,0.5980892379706721,0.5144508670520231
lr,0,vol_jump,bayes_bin,post,6,559,0.6432021622335276,0.552772808586762
lr,0,vol_jump,bayes_bin,post,7,351,0.7368211880659831,0.5470085470085471
lr,0,vol_jump,bayes_bin,post,8,368,0.8744496850173837,0.6739130434782609
lr,0,regime_transition,raw,pre,3,266,0.3706911038351456,0.33458646616541354
lr,0,regime_transition,raw,pre,4,345,0.44515852668969375,0.4666666666666667
lr,0,regime_transition,raw,pre,5,307,0.5497326763976101,0.5700325732899023
lr,0,regime_transition,raw,pre,6,267,0.6467107455625185,0.6779026217228464
lr,0,regime_transition,raw,pre,7,200,0.7469211728606555,0.755
lr,0,regime_transition,raw,pre,8,105,0.8453566019291162,0.9047619047619048
lr,0,regime_transition,raw,pre,9,10,0.9233172486460985,1.0
lr,0,regime_transition,raw,post,3,571,0.37150414599817755,0.3222416812609457
lr,0,regime_transition,raw,post,4,690,0.44909734962362197,0.3521739130434783
lr,0,regime_transition,raw,post,5,606,0.5481647508058104,0.3795379537953795
lr,0,regime_transition,raw,post,6,506,0.6473054931534794,0.38537549407114624
lr,0,regime_transition,raw,post,7,367,0.7452321499363279,0.3978201634877384
lr,0,regime_transition,raw,post,8,206,0.8407668381986703,0.39805825242718446
lr,0,regime_transition,raw,post,9,54,0.9236334687722296,0.46296296296296297
lr,0,regime_transition,temperature,pre,3,253,0.372054599249658,0.3359683794466403
lr,0,regime_transition,temperature,pre,4,326,0.4465298207048567,0.4601226993865031
lr,0,regime_transition,temperature,pre,5,284,0.5502422542518937,0.5422535211267606
lr,0,regime_transition,temperature,pre,6,273,0.6475765953672156,0.663003663003663
lr,0,regime_transition,temperature,pre,7,205,0.7460010858174727,0.7560975609756098
lr,0,regime_transition,temperature,pre,8,143,0.8468207380090135,0.8461538461538461
lr,0,regime_transition,temperature,pre,9,16,0.9252994024013301,1.0
lr,0,regime_transition,temperature,post,3,520,0.3716647585204226,0.3230769230769231
lr,0,regime_transition,temperature,post,4,665,0.4482236055126575,0.34887218045112783
lr,0,regime_transition,temperature,post,5,584,0.5484661366331605,0.3767123287671233
lr,0,regime_transition,temperature,post,6,497,0.6469847944015199,0.386317907444668
lr,0,regime_transition,temperature,post,7,404,0.7448224436328507,0.3886138613861386
lr,0,regime_transition,temperature,post,8,259,0.8441250978984505,0.3938223938223938
lr,0,regime_transition,temperature,post,9,71,0.9299455832629799,0.4788732394366197
lr,0,regime_transition,platt,pre,3,322,0.36413856496219027,0.36645962732919257
lr,0,regime_transition,platt,pre,4,283,0.44513802537474445,0.45229681978798586
lr,0,regime_transition,platt,pre,5,263,0.5491715914771733,0.5551330798479087
lr,0,regime_transition,platt,pre,6,256,0.6484575179778423,0.671875
lr,0,regime_transition,platt,pre,7,199,0.7490599013323922,0.7437185929648241
lr,0,regime_transition,platt,pre,8,141,0.8478273198950911,0.8226950354609929
lr,0,regime_transition,platt,pre,9,36,0.9211977072533348,0.9444444444444444
lr,0,regime_transition,platt,post,3,659,0.36301379657746136,0.3353566009104704
lr,0,regime_transition,platt,post,4,595,0.448903014574925,0.33949579831932775
lr,0,regime_transition,platt,post,5,525,0.5485454745860766,0.379047619047619
lr,0,regime_transition,platt,post,6,457,0.6469602456755159,0.387308533916849
lr,0,regime_transition,platt,post,7,396,0.7464692466747964,0.37626262626262624
lr,0,regime_transition,platt,post,8,266,0.8457429702073794,0.424812030075188
lr,0,regime_transition,platt,post,9,102,0.9318117481225977,0.43137254901960786
lr,0,regime_transition,beta,pre,3,251,0.3853418266527978,0.3386454183266932
lr,0,regime_transition,beta,pre,4,427,0.4432954014320116,0.4637002341920375
lr,0,regime_transition,beta,pre,5,271,0.5488381546454775,0.6162361623616236
lr,0,regime_transition,beta,pre,6,198,0.6458649077387998,0.6464646464646465
lr,0,regime_transition,beta,pre,7,163,0.7497918997531466,0.754601226993865
lr,0,regime_transition,beta,pre,8,107,0.85066912833431,0.7757009345794392
lr,0,regime_transition,beta,pre,9,83,0.9374485695362956,0.9397590361445783
lr,0,regime_transition,beta,post,3,513,0.38505919814731393,0.3255360623781676
lr,0,regime_transition,beta,post,4,870,0.44361428544485676,0.3505747126436782
lr,0,regime_transition,beta,post,5,544,0.5457846580325869,0.375
lr,0,regime_transition,beta,post,6,372,0.6466353459843659,0.3951612903225806
lr,0,regime_transition,beta,post,7,304,0.7481471302271056,0.3848684210526316
lr,0,regime_transition,beta,post,8,222,0.8517082895917223,0.3963963963963964
lr,0,regime_transition,beta,post,9,175,0.9481136690281434,0.44
lr,0,regime_transition,isotonic,pre,3,183,0.3605465579877598,0.3224043715846995
lr,0,regime_transition,isotonic,pre,4,519,0.43396784575917785,0.45664739884393063
lr,0,regime_transition,isotonic,pre,5,266,0.5867843060774672,0.6203007518796992
lr,0,regime_transition,isotonic,pre,6,233,0.6750669673448231,0.6695278969957081
lr,0,regime_transition,isotonic,pre,7,151,0.7437624972847126,0.7615894039735099
lr,0,regime_transition,isotonic,pre,8,27,0.8407580074258076,0.7037037037037037
lr,0,regime_transition,isotonic,pre,9,121,0.9610513802186346,0.9173553719008265
lr,0,regime_transition,isotonic,post,3,374,0.35860521558385755,0.32620320855614976
lr,0,regime_transition,isotonic,post,4,1084,0.43505901659933377,0.35239852398523985
lr,0,regime_transition,isotonic,post,5,507,0.5865444233169999,0.3609467455621302
lr,0,regime_transition,isotonic,post,6,451,0.6748305368766162,0.4124168514412417
lr,0,regime_transition,isotonic,post,7,276,0.7449196876116733,0.38768115942028986
lr,0,regime_transition,isotonic,post,8,38,0.8409429305434779,0.34210526315789475
lr,0,regime_transition,isotonic,post,9,270,0.960353583960581,0.4148148148148148
lr,0,regime_transition,bayes_bin,pre,3,307,0.38488815767048923,0.38762214983713356
lr,0,regime_transition,bayes_bin,pre,4,442,0.4522613069402515,0.4638009049773756
lr,0,regime_transition,bayes_bin,pre,5,94,0.598089237970672,0.6702127659574468
lr,0,regime_transition,bayes_bin,pre,6,298,0.6437811456498013,0.62751677852349
lr,0,regime_transition,bayes_bin,pre,7,182,0.7369027273528815,0.7582417582417582
lr,0,regime_transition,bayes_bin,pre,8,177,0.8742844090256238,0.847457627118644
lr,0,regime_transition,bayes_bin,post,3,569,0.3838939911892304,0.3427065026362039
lr,0,regime_transition,bayes_bin,post,4,980,0.452042797963571,0.3520408163265306
lr,0,regime_transition,bayes_bin,post,5,173,0.5980892379706721,0.34104046242774566
lr,0,regime_transition,bayes_bin,post,6,559,0.6432021622335276,0.3881932021466905
lr,0,regime_transition,bayes_bin,post,7,351,0.7368211880659831,0.37606837606837606
lr,0,regime_transition,bayes_bin,post,8,368,0.8744496850173837,0.4266304347826087
lr,0,feature_shift,raw,pre,3,266,0.3706911038351456,0.33458646616541354
lr,0,feature_shift,raw,pre,4,345,0.44515852668969375,0.4666666666666667
lr,0,feature_shift,raw,pre,5,307,0.5497326763976101,0.5700325732899023
lr,0,feature_shift,raw,pre,6,267,0.6467107455625185,0.6779026217228464
lr,0,feature_shift,raw,pre,7,200,0.7469211728606555,0.755
lr,0,feature_shift,raw,pre,8,105,0.8453566019291162,0.9047619047619048
lr,0,feature_shift,raw,pre,9,10,0.9233172486460985,1.0
lr,0,feature_shift,raw,post,3,212,0.3764831709350247,0.3160377358490566
lr,0,feature_shift,raw,post,4,541,0.4489262699485003,0.32717190388170053
lr,0,feature_shift,raw,post,5,393,0.5482005438247334,0.356234096692112
lr,0,feature_shift,raw,post,6,429,0.6522903390269805,0.40559440559440557
lr,0,feature_shift,raw,post,7,495,0.7496581545600024,0.47474747474747475
lr,0,feature_shift,raw,post,8,560,0.8521212227991459,0.6107142857142858
lr,0,feature_shift,raw,post,9,370,0.9396330711263077,0.772972972972973
lr,0,feature_shift,temperature,pre,3,253,0.372054599249658,0.3359683794466403
lr,0,feature_shift,temperature,pre,4,326,0.4465298207048567,0.4601226993865031
lr,0,feature_shift,temperature,pre,5,284,0.5502422542518937,0.5422535211267606
lr,0,feature_shift,temperature,pre,6,273,0.6475765953672156,0.663003663003663
lr,0,feature_shift,temperature,pre,7,205,0.7460010858174727,0.7560975609756098
lr,0,feature_shift,temperature,pre,8,143,0.8468207380090135,0.8461538461538461
lr,0,feature_shift,temperature,pre,9,16,0.9252994024013301,1.0
lr,0,feature_shift,temperature,post,3,188,0.3768419725474888,0.31382978723404253
lr,0,feature_shift,temperature,post,4,515,0.44993016589922347,0.32038834951456313
lr,0,feature_shift,temperature,post,5,375,0.5474648462414525,0.3546666666666667
lr,0,feature_shift,temperature,post,6,401,0.6521401890628121,0.3915211970074813
lr,0,feature_shift,temperature,post,7,479,0.750440851606758,0.4613778705636743
lr,0,feature_shift,temperature,post,8,556,0.8514951110157095,0.579136690647482
lr,0,feature_shift,temperature,post,9,486,0.9408881616609894,0.7489711934156379
lr,0,feature_shift,platt,pre,3,322,0.36413856496219027,0.36645962732919257
lr,0,feature_shift,platt,pre,4,283,0.44513802537474445,0.45229681978798586
lr,0,feature_shift,platt,pre,5,263,0.5491715914771733,0.5551330798479087
lr,0,feature_shift,platt,pre,6,256,0.6484575179778423,0.671875
lr,0,feature_shift,platt,pre,7,199,0.7490599013323922,0.7437185929648241
lr,0,feature_shift,platt,pre,8,141,0.8478273198950911,0.8226950354609929
lr,0,feature_shift,platt,pre,9,36,0.9211977072533348,0.9444444444444444
lr,0,feature_shift,platt,post,3,275,0.3700211145513807,0.3236363636363636
lr,0,feature_shift,platt,post,4,469,0.4478814869717989,0.326226012793177
lr,0,feature_shift,platt,post,5,342,0.547599553230559,0.34210526315789475
lr,0,feature_shift,platt,post,6,361,0.6524594599906333,0.40443213296398894
lr,0,feature_shift,platt,post,7,447,0.7511675451458415,0.4272930648769575
lr,0,feature_shift,platt,post,8,528,0.8518650939175284,0.5625
lr,0,feature_shift,platt,post,9,578,0.944548040844284,0.740484429065744
lr,0,feature_shift,beta,pre,3,251,0.3853418266527978,0.3386454183266932
lr,0,feature_shift,beta,pre,4,427,0.4432954014320116,0.4637002341920375
lr,0,feature_shift,beta,pre,5,271,0.5488381546454775,0.6162361623616236
lr,0,feature_shift,beta,pre,6,198,0.6458649077387998,0.6464646464646465
lr,0,feature_shift,beta,pre,7,163,0.7497918997531466,0.754601226993865
lr,0,feature_shift,beta,pre,8,107,0.85066912833431,0.7757009345794392
lr,0,feature_shift,beta,pre,9,83,0.9374485695362956,0.9397590361445783
lr,0,feature_shift,beta,post,3,188,0.3878790056517265,0.31382978723404253
lr,0,feature_shift,beta,post,4,664,0.4453046959145076,0.3253012048192771
lr,0,feature_shift,beta,post,5,335,0.5492215965591127,0.3880597014925373
lr,0,feature_shift,beta,post,6,316,0.6518088924476101,0.3860759493670886
lr,0,feature_shift,beta,post,7,341,0.7508491665103488,0.4222873900293255
lr,0,feature_shift,beta,post,8,376,0.8523002545625814,0.5398936170212766
lr,0,feature_shift,beta,post,9,780,0.96196835237755,0.7012820512820512
lr,0,feature_shift,isotonic,pre,3,183,0.3605465579877598,0.3224043715846995
lr,0,feature_shift,isotonic,pre,4,519,0.43396784575917785,0.45664739884393063
lr,0,feature_shift,isotonic,pre,5,266,0.5867843060774672,0.6203007518796992
lr,0,feature_shift,isotonic,pre,6,233,0.6750669673448231,0.6695278969957081
lr,0,feature_shift,isotonic,pre,7,151,0.7437624972847126,0.7615894039735099
lr,0,feature_shift,isotonic,pre,8,27,0.8407580074258076,0.7037037037037037
lr,0,feature_shift,isotonic,pre,9,121,0.9610513802186346,0.9173553719008265
lr,0,feature_shift,isotonic,post,3,114,0.36359973293414916,0.30701754385964913
lr,0,feature_shift,isotonic,post,4,777,0.4362823631070878,0.3281853281853282
lr,0,feature_shift,isotonic,post,5,320,0.5873361528918135,0.371875
lr,0,feature_shift,isotonic,post,6,402,0.6766879598394734,0.40298507462686567
lr,0,feature_shift,isotonic,post,7,378,0.7483629003469752,0.4656084656084656
lr,0,feature_shift,isotonic,post,8,67,0.8394831151769407,0.6268656716417911
lr,0,feature_shift,isotonic,post,9,942,0.967905592660936,0.6709129511677282
lr,0,feature_shift,bayes_bin,pre,3,307,0.38488815767048923,0.38762214983713356
lr,0,feature_shift,bayes_bin,pre,4,442,0.4522613069402515,0.4638009049773756
lr,0,feature_shift,bayes_bin,pre,5,94,0.598089237970672,0.6702127659574468
lr,0,feature_shift,bayes_bin,pre,6,298,0.6437811456498013,0.62751677852349
lr,0,feature_shift,bayes_bin,pre,7,182,0.7369027273528815,0.7582417582417582
lr,0,feature_shift,bayes_bin,pre,8,177,0.8742844090256238,0.847457627118644
lr,0,feature_shift,bayes_bin,post,3,247,0.38662406220957857,0.29959514170040485
lr,0,feature_shift,bayes_bin,post,4,695,0.4518478324840971,0.3338129496402878
lr,0,feature_shift,bayes_bin,post,5,125,0.5980892379706721,0.448
lr,0,feature_shift,bayes_bin,post,6,420,0.6479234985488654,0.36904761904761907
lr,0,feature_shift,bayes_bin,post,7,407,0.7375527167463966,0.4398034398034398
lr,0,feature_shift,bayes_bin,post,8,1106,0.8825644339964396,0.6555153707052441
gbm,0,none,raw,pre,3,21,0.3814372832181318,0.38095238095238093
gbm,0,none,raw,pre,4,116,0.45950928883503367,0.3793103448275862
gbm,0,none,raw,pre,5,211,0.5535085340972025,0.4075829383886256
gbm,0,none,raw,pre,6,196,0.6463551936326677,0.4336734693877551
gbm,0,none,raw,pre,7,219,0.7505887478544928,0.4977168949771689
gbm,0,none,raw,pre,8,257,0.8524976387282498,0.4980544747081712
gbm,0,none,raw,pre,9,480,0.9619064341529433,0.7
gbm,0,none,raw,post,3,44,0.3760236681078492,0.45454545454545453
gbm,0,none,raw,post,4,254,0.4582904033216164,0.3228346456692913
gbm,0,none,raw,post,5,416,0.5484889046330744,0.3942307692307692
gbm,0,none,raw,post,6,417,0.6486353999084012,0.4244604316546763
gbm,0,none,raw,post,7,424,0.7520655207375136,0.45990566037735847
gbm,0,none,raw,post,8,514,0.8516201645146553,0.5252918287937743
gbm,0,none,raw,post,9,931,0.9615613755708701,0.6509129967776585
gbm,0,none,temperature,pre,3,191,0.3765654269846775,0.4083769633507853
gbm,0,none,temperature,pre,4,570,0.4479762763805158,0.4263157894736842
gbm,0,none,temperature,pre,5,382,0.5420565807888323,0.5575916230366492
gbm,0,none,temperature,pre,6,229,0.646966179975634,0.7161572052401747
gbm,0,none,temperature,pre,7,96,0.7424205567777413,0.7395833333333334
gbm,0,none,temperature,pre,8,31,0.8323139747012562,0.8387096774193549
gbm,0,none,temperature,pre,9,1,0.9174643442875151,1.0
gbm,0,none,temperature,post,3,407,0.37497018166565654,0.36117936117936117
gbm,0,none,temperature,post,4,1162,0.44841483365438733,0.42168674698795183
gbm,0,none,temperature,post,5,740,0.5444907576889328,0.5351351351351351
gbm,0,none,temperature,post,6,433,0.6457368862008678,0.6443418013856813
gbm,0,none,temperature,post,7,194,0.7432067664586859,0.7731958762886598
gbm,0,none,temperature,post,8,63,0.8390780064039525,0.8095238095238095
gbm,0,none,temperature,post,9,1,0.9370713405797271,1.0
gbm,0,none,platt,pre,3,223,0.3692111799656512,0.4170403587443946
gbm,0,none,platt,pre,4,615,0.4596024419307672,0.44227642276422763
gbm,0,none,platt,pre,5,100,0.5431370959752213,0.52
gbm,0,none,platt,pre,6,76,0.6493668795480438,0.5131578947368421
gbm,0,none,platt,pre,7,81,0.7488618117446546,0.6049382716049383
gbm,0,none,platt,pre,8,103,0.852849141927706,0.6310679611650486
gbm,0,none,platt,pre,9,302,0.969871641844332,0.7483443708609272
gbm,0,none,platt,post,3,481,0.3683516535623232,0.3991683991683992
gbm,0,none,platt,post,4,1247,0.4610080159395602,0.42742582197273454
gbm,0,none,platt,post,5,172,0.5405869489256023,0.5116279069767442
gbm,0,none,platt,post,6,161,0.6472332679972141,0.5652173913043478
gbm,0,none,platt,post,7,163,0.7525614226601299,0.5153374233128835
gbm,0,none,platt,post,8,192,0.851620921088949,0.5833333333333334
gbm,0,none,platt,post,9,584,0.9695289331595697,0.708904109589041
gbm,0,none,beta,pre,3,44,0.3956605219694818,0.4318181818181818
gbm,0,none,beta,pre,4,767,0.4596657914255112,0.43415906127770537
gbm,0,none,beta,pre,5,331,0.5427631013665987,0.5498489425981873
gbm,0,none,beta,pre,6,186,0.6468698059173291,0.6989247311827957
gbm,0,none,beta,pre,7,111,0.7458704651562833,0.7657657657657657
gbm,0,none,beta,pre,8,53,0.8425229981047436,0.7735849056603774
gbm,0,none,beta,pre,9,8,0.9255281257409784,0.75
gbm,0,none,beta,post,3,103,0.39566067319530535,0.3592233009708738
gbm,0,none,beta,post,4,1562,0.4603390477751833,0.4206145966709347
gbm,0,none,beta,post,5,651,0.5432965539703133,0.533026113671275
gbm,0,none,beta,post,6,355,0.6475524523717516,0.6535211267605634
gbm,0,none,beta,post,7,209,0.7475025855297048,0.6746411483253588
gbm,0,none,beta,post,8,98,0.8431062412997931,0.8367346938775511
gbm,0,none,beta,post,9,22,0.9219946846514023,0.8181818181818182
gbm,0,none,isotonic,pre,3,73,0.378151537734587,0.4246575342465753
gbm,0,none,isotonic,pre,4,824,0.4687642268918501,0.44538834951456313
gbm,0,none,isotonic,pre,5,261,0.5435296726784493,0.5593869731800766
gbm,0,none,isotonic,pre,6,152,0.646165215888239,0.6973684210526315
gbm,0,none,isotonic,pre,7,115,0.756339402823844,0.782608695652174
gbm,0,none,isotonic,pre,8,41,0.8219168670559945,0.6829268292682927
gbm,0,none,isotonic,pre,9,34,0.9176158889133769,0.8235294117647058
gbm,0,none,isotonic,post,3,186,0.3781433593989044,0.3602150537634409
gbm,0,none,isotonic,post,4,1652,0.4691460523677292,0.4322033898305085
gbm,0,none,isotonic,post,5,503,0.5436473932396844,0.5506958250497018
gbm,0,none,isotonic,post,6,288,0.64605602100913,0.65625
gbm,0,none,isotonic,post,7,229,0.7579854788905651,0.6462882096069869
gbm,0,none,isotonic,post,8,70,0.822836578778598,0.8571428571428571
gbm,0,none,isotonic,post,9,72,0.9183925993968752,0.8194444444444444
gbm,0,none,bayes_bin,pre,3,78,0.3899402352525513,0.4358974358974359
gbm,0,none,bayes_bin,pre,4,759,0.46766627616453893,0.4453227931488801
gbm,0,none,bayes_bin,pre,5,289,0.5194709842126586,0.5294117647058824
gbm,0,none,bayes_bin,pre,6,207,0.6742462990509652,0.6908212560386473
gbm,0,none,bayes_bin,pre,7,167,0.771743149931256,0.7664670658682635
gbm,0,none,bayes_bin,post,3,191,0.3897546833830061,0.36649214659685864
gbm,0,none,bayes_bin,post,4,1515,0.46812880524874984,0.42574257425742573
gbm,0,none,bayes_bin,post,5,578,0.5190722438463846,0.527681660899654
gbm,0,none,bayes_bin,post,6,393,0.6742749002905466,0.648854961832061
gbm,0,none,bayes_bin,post,7,323,0.7719541478141627,0.739938080495356
gbm,0,vol_jump,raw,pre,3,21,0.3814372832181318,0.38095238095238093
gbm,0,vol_jump,raw,pre,4,116,0.45950928883503367,0.3793103448275862
gbm,0,vol_jump,raw,pre,5,211,0.5535085340972025,0.4075829383886256
gbm,0,vol_jump,raw,pre,6,196,0.6463551936326677,0.4336734693877551
gbm,0,vol_jump,raw,pre,7,219,0.7505887478544928,0.4977168949771689
gbm,0,vol_jump,raw,pre,8,257,0.8524976387282498,0.4980544747081712
gbm,0,vol_jump,raw,pre,9,480,0.9619064341529433,0.7
gbm,0,vol_jump,raw,post,3,44,0.3760236681078492,0.5
gbm,0,vol_jump,raw,post,4,254,0.4582904033216164,0.3110236220472441
gbm,0,vol_jump,raw,post,5,416,0.5484889046330744,0.37259615384615385
gbm,0,vol_jump,raw,post,6,417,0.6486353999084012,0.37410071942446044
gbm,0,vol_jump,raw,post,7,424,0.7520655207375136,0.3867924528301887
gbm,0,vol_jump,raw,post,8,514,0.8516201645146553,0.46303501945525294
gbm,0,vol_jump,raw,post,9,931,0.9615613755708701,0.5316863587540279
gbm,0,vol_jump,temperature,pre,3,191,0.3765654269846775,0.4083769633507853
gbm,0,vol_jump,temperature,pre,4,570,0.4479762763805158,0.4263157894736842
gbm,0,vol_jump,temperature,pre,5,382,0.5420565807888323,0.5575916230366492
gbm,0,vol_jump,temperature,pre,6,229,0.646966179975634,0.7161572052401747
gbm,0,vol_jump,temperature,pre,7,96,0.7424205567777413,0.7395833333333334
gbm,0,vol_jump,temperature,pre,8,31,0.8323139747012562,0.8387096774193549
gbm,0,vol_jump,temperature,pre,9,1,0.9174643442875151,1.0
gbm,0,vol_jump,temperature,post,3,407,0.37497018166565654,0.36363636363636365
gbm,0,vol_jump,temperature,post,4,1162,0.44841483365438733,0.37521514629948366
gbm,0,vol_jump,temperature,post,5,740,0.5444907576889328,0.4594594594594595
gbm,0,vol_jump,temperature,post,6,433,0.6457368862008678,0.5242494226327945
gbm,0,vol_jump,temperature,post,7,194,0.7432067664586859,0.6134020618556701
gbm,0,vol_jump,temperature,post,8,63,0.8390780064039525,0.6190476190476191
gbm,0,vol_jump,temperature,post,9,1,0.9370713405797271,0.0
gbm,0,vol_jump,platt,pre,3,223,0.3692111799656512,0.4170403587443946
gbm,0,vol_jump,platt,pre,4,615,0.4596024419307672,0.44227642276422763
gbm,0,vol_jump,platt,pre,5,100,0.5431370959752213,0.52
gbm,0,vol_jump,platt,pre,6,76,0.6493668795480438,0.5131578947368421
gbm,0,vol_jump,platt,pre,7,81,0.7488618117446546,0.6049382716049383
gbm,0,vol_jump,platt,pre,8,103,0.852849141927706,0.6310679611650486
gbm,0,vol_jump,platt,pre,9,302,0.969871641844332,0.7483443708609272
gbm,0,vol_jump,platt,post,3,481,0.3683516535623232,0.367983367983368
gbm,0,vol_jump,platt,post,4,1247,0.4610080159395602,0.3825180433039294
gbm,0,vol_jump,platt,post,5,172,0.5405869489256023,0.4418604651162791
gbm,0,vol_jump,platt,post,6,161,0.6472332679972141,0.5031055900621118
gbm,0,vol_jump,platt,post,7,163,0.7525614226601299,0.44171779141104295
gbm,0,vol_jump,platt,post,8,192,0.851620921088949,0.4583333333333333
gbm,0,vol_jump,platt,post,9,584,0.9695289331595697,0.5787671232876712
gbm,0,vol_jump,beta,pre,3,44,0.3956605219694818,0.4318181818181818
gbm,0,vol_jump,beta,pre,4,767,0.4596657914255112,0.43415906127770537
gbm,0,vol_jump,beta,pre,5,331,0.5427631013665987,0.5498489425981873
gbm,0,vol_jump,beta,pre,6,186,0.6468698059173291,0.6989247311827957
gbm,0,vol_jump,beta,pre,7,111,0.7458704651562833,0.7657657657657657
gbm,0,vol_jump,beta,pre,8,53,0.8425229981047436,0.7735849056603774
gbm,0,vol_jump,beta,pre,9,8,0.9255281257409784,0.75
gbm,0,vol_jump,beta,post,3,103,0.39566067319530535,0.3786407766990291
gbm,0,vol_jump,beta,post,4,1562,0.4603390477751833,0.37516005121638923
gbm,0,vol_jump,beta,post,5,651,0.5432965539703133,0.46390168970814133
gbm,0,vol_jump,beta,post,6,355,0.6475524523717516,0.5380281690140845
gbm,0,vol_jump,beta,post,7,209,0.7475025855297048,0.5406698564593302
gbm,0,vol_jump,beta,post,8,98,0.8431062412997931,0.6530612244897959
gbm,0,vol_jump,beta,post,9,22,0.9219946846514023,0.6363636363636364
gbm,0,vol_jump,isotonic,pre,3,73,0.378151537734587,0.4246575342465753
gbm,0,vol_jump,isotonic,pre,4,824,0.4687642268918501,0.44538834951456313
gbm,0,vol_jump,isotonic,pre,5,261,0.5435296726784493,0.5593869731800766
gbm,0,vol_jump,isotonic,pre,6,152,0.646165215888239,0.6973684210526315
gbm,0,vol_jump,isotonic,pre,7,115,0.756339402823844,0.782608695652174
gbm,0,vol_jump,isotonic,pre,8,41,0.8219168670559945,0.6829268292682927
gbm,0,vol_jump,isotonic,pre,9,34,0.9176158889133769,0.8235294117647058
gbm,0,vol_jump,isotonic,post,3,186,0.3781433593989044,0.3548387096774194
gbm,0,vol_jump,isotonic,post,4,1652,0.4691460523677292,0.38680387409200967
gbm,0,vol_jump,isotonic,post,5,503,0.5436473932396844,0.46322067594433397
gbm,0,vol_jump,isotonic,post,6,288,0.64605602100913,0.5520833333333334
gbm,0,vol_jump,isotonic,post,7,229,0.7579854788905651,0.5152838427947598
gbm,0,vol_jump,isotonic,post,8,70,0.822836578778598,0.7142857142857143
gbm,0,vol_jump,isotonic,post,9,72,0.9183925993968752,0.6111111111111112
gbm,0,vol_jump,bayes_bin,pre,3,78,0.3899402352525513,0.4358974358974359
gbm,0,vol_jump,bayes_bin,pre,4,759,0.46766627616453893,0.4453227931488801
gbm,0,vol_jump,bayes_bin,pre,5,289,0.5194709842126586,0.5294117647058824
gbm,0,vol_jump,bayes_bin,pre,6,207,0.6742462990509652,0.6908212560386473
gbm,0,vol_jump,bayes_bin,pre,7,167,0.771743149931256,0.7664670658682635
gbm,0,vol_jump,bayes_bin,post,3,191,0.3897546833830061,0.36649214659685864
gbm,0,vol_jump,bayes_bin,post,4,1515,0.46812880524874984,0.3795379537953795
gbm,0,vol_jump,bayes_bin,post,5,578,0.5190722438463846,0.45674740484429066
gbm,0,vol_jump,bayes_bin,post,6,393,0.6742749002905466,0.5368956743002544
gbm,0,vol_jump,bayes_bin,post,7,323,0.7719541478141627,0.5851393188854489
gbm,0,regime_transition,raw,pre,3,21,0.3814372832181318,0.38095238095238093
gbm,0,regime_transition,raw,pre,4,116,0.45950928883503367,0.3793103448275862
gbm,0,regime_transition,raw,pre,5,211,0.5535085340972025,0.4075829383886256
gbm,0,regime_transition,raw,pre,6,196,0.6463551936326677,0.4336734693877551
gbm,0,regime_transition,raw,pre,7,219,0.7505887478544928,0.4977168949771689
gbm,0,regime_transition,raw,pre,8,257,0.8524976387282498,0.4980544747081712
gbm,0,regime_transition,raw,pre,9,480,0.9619064341529433,0.7
gbm,0,regime_transition,raw,post,3,44,0.3760236681078492,0.4318181818181818
gbm,0,regime_transition,raw,post,4,254,0.4582904033216164,0.30708661417322836
gbm,0,regime_transition,raw,post,5,416,0.5484889046330744,0.36538461538461536
gbm,0,regime_transition,raw,post,6,417,0.6486353999084012,0.3501199040767386
gbm,0,regime_transition,raw,post,7,424,0.7520655207375136,0.33726415094339623
gbm,0,regime_transition,raw,post,8,514,0.8516201645146553,0.38910505836575876
gbm,0,regime_transition,raw,post,9,931,0.9615613755708701,0.3716433941997852
gbm,0,regime_transition,temperature,pre,3,191,0.3765654269846775,0.4083769633507853
gbm,0,regime_transition,temperature,pre,4,570,0.4479762763805158,0.4263157894736842
gbm,0,regime_transition,temperature,pre,5,382,0.5420565807888323,0.5575916230366492
gbm,0,regime_transition,temperature,pre,6,229,0.646966179975634,0.7161572052401747
gbm,0,regime_transition,temperature,pre,7,96,0.7424205567777413,0.7395833333333334
gbm,0,regime_transition,temperature,pre,8,31,0.8323139747012562,0.8387096774193549
gbm,0,regime_transition,temperature,pre,9,1,0.9174643442875151,1.0
gbm,0,regime_transition,temperature,post,3,407,0.37497018166565654,0.32923832923832924
gbm,0,regime_transition,temperature,post,4,1162,0.44841483365438733,0.35542168674698793
gbm,0,regime_transition,temperature,post,5,740,0.5444907576889328,0.37432432432432433
gbm,0,regime_transition,temperature,post,6,433,0.6457368862008678,0.3533487297921478
gbm,0,regime_transition,temperature,post,7,194,0.7432067664586859,0.41237113402061853
gbm,0,regime_transition,temperature,post,8,63,0.8390780064039525,0.42857142857142855
gbm,0,regime_transition,temperature,post,9,1,0.9370713405797271,0.0
gbm,0,regime_transition,platt,pre,3,223,0.3692111799656512,0.4170403587443946
gbm,0,regime_transition,platt,pre,4,615,0.4596024419307672,0.44227642276422763
gbm,0,regime_transition,platt,pre,5,100,0.5431370959752213,0.52
gbm,0,regime_transition,platt,pre,6,76,0.6493668795480438,0.5131578947368421
gbm,0,regime_transition,platt,pre,7,81,0.7488618117446546,0.6049382716049383
gbm,0,regime_transition,platt,pre,8,103,0.852849141927706,0.6310679611650486
gbm,0,regime_transition,platt,pre,9,302,0.969871641844332,0.7483443708609272
gbm,0,regime_transition,platt,post,3,481,0.3683516535623232,0.33471933471933474
gbm,0,regime_transition,platt,post,4,1247,0.4610080159395602,0.35525260625501204
gbm,0,regime_transition,platt,post,5,172,0.5405869489256023,0.38953488372093026
gbm,0,regime_transition,platt,post,6,161,0.6472332679972141,0.40993788819875776
gbm,0,regime_transition,platt,post,7,163,0.7525614226601299,0.3496932515337423
gbm,0,regime_transition,platt,post,8,192,0.851620921088949,0.3072916666666667
gbm,0,regime_transition,platt,post,9,584,0.9695289331595697,0.3955479452054795
gbm,0,regime_transition,beta,pre,3,44,0.3956605219694818,0.4318181818181818
gbm,0,regime_transition,beta,pre,4,767,0.4596657914255112,0.43415906127770537
gbm,0,regime_transition,beta,pre,5,331,0.5427631013665987,0.5498489425981873
gbm,0,regime_transition,beta,pre,6,186,0.6468698059173291,0.6989247311827957
gbm,0,regime_transition,beta,pre,7,111,0.7458704651562833,0.7657657657657657
gbm,0,regime_transition,beta,pre,8,53,0.8425229981047436,0.7735849056603774
gbm,0,regime_transition,beta,pre,9,8,0.9255281257409784,0.75
gbm,0,regime_transition,beta,post,3,103,0.39566067319530535,0.36893203883495146
gbm,0,regime_transition,beta,post,4,1562,0.4603390477751833,0.34827144686299616
gbm,0,regime_transition,beta,post,5,651,0.5432965539703133,0.36251920122887865
gbm,0,regime_transition,beta,post,6,355,0.6475524523717516,0.37746478873239436
gbm,0,regime_transition,beta,post,7,209,0.7475025855297048,0.37320574162679426
gbm,0,regime_transition,beta,post,8,98,0.8431062412997931,0.46938775510204084
gbm,0,regime_transition,beta,post,9,22,0.9219946846514023,0.36363636363636365
gbm,0,regime_transition,isotonic,pre,3,73,0.378151537734587,0.4246575342465753
gbm,0,regime_transition,isotonic,pre,4,824,0.4687642268918501,0.44538834951456313
gbm,0,regime_transition,isotonic,pre,5,261,0.5435296726784493,0.5593869731800766
gbm,0,regime_transition,isotonic,pre,6,152,0.646165215888239,0.6973684210526315
gbm,0,regime_transition,isotonic,pre,7,115,0.756339402823844,0.782608695652174
gbm,0,regime_transition,isotonic,pre,8,41,0.8219168670559945,0.6829268292682927
gbm,0,regime_transition,isotonic,pre,9,34,0.9176158889133769,0.8235294117647058
gbm,0,regime_transition,isotonic,post,3,186,0.3781433593989044,0.3548387096774194
gbm,0,regime_transition,isotonic,post,4,1652,0.4691460523677292,0.35411622276029053
gbm,0,regime_transition,isotonic,post,5,503,0.5436473932396844,0.34592445328031807
gbm,0,regime_transition,isotonic,post,6,288,0.64605602100913,0.3854166666666667
gbm,0,regime_transition,isotonic,post,7,229,0.7579854788905651,0.37554585152838427
gbm,0,regime_transition,isotonic,post,8,70,0.822836578778598,0.42857142857142855
gbm,0,regime_transition,isotonic,post,9,72,0.9183925993968752,0.4444444444444444
gbm,0,regime_transition,bayes_bin,pre,3,78,0.3899402352525513,0.4358974358974359
gbm,0,regime_transition,bayes_bin,pre,4,759,0.46766627616453893,0.4453227931488801
gbm,0,regime_transition,bayes_bin,pre,5,289,0.5194709842126586,0.5294117647058824
gbm,0,regime_transition,bayes_bin,pre,6,207,0.6742462990509652,0.6908212560386473
gbm,0,regime_transition,bayes_bin,pre,7,167,0.771743149931256,0.7664670658682635
gbm,0,regime_transition,bayes_bin,post,3,191,0.3897546833830061,0.36649214659685864
gbm,0,regime_transition,bayes_bin,post,4,1515,0.46812880524874984,0.35181518151815183
gbm,0,regime_transition,bayes_bin,post,5,578,0.5190722438463846,0.35813148788927335
gbm,0,regime_transition,bayes_bin,post,6,393,0.6742749002905466,0.37150127226463103
gbm,0,regime_transition,bayes_bin,post,7,323,0.7719541478141627,0.39628482972136225
gbm,0,feature_shift,raw,pre,3,21,0.3814372832181318,0.38095238095238093
gbm,0,feature_shift,raw,pre,4,116,0.45950928883503367,0.3793103448275862
gbm,0,feature_shift,raw,pre,5,211,0.5535085340972025,0.4075829383886256
gbm,0,feature_shift,raw,pre,6,196,0.6463551936326677,0.4336734693877551
gbm,0,feature_shift,raw,pre,7,219,0.7505887478544928,0.4977168949771689
gbm,0,feature_shift,raw,pre,8,257,0.8524976387282498,0.4980544747081712
gbm,0,feature_shift,raw,pre,9,480,0.9619064341529433,0.7
gbm,0,feature_shift,raw,post,3,19,0.38150335182177725,0.3157894736842105
gbm,0,feature_shift,raw,post,4,136,0.4646140181858886,0.3088235294117647
gbm,0,feature_shift,raw,post,5,326,0.5507124392496521,0.40797546012269936
gbm,0,feature_shift,raw,post,6,314,0.6487658119988592,0.39171974522292996
gbm,0,feature_shift,raw,post,7,377,0.7516870922349371,0.3713527851458886
gbm,0,feature_shift,raw,post,8,475,0.8552278422604609,0.391578947368421
gbm,0,feature_shift,raw,post,9,1353,0.9693142589184355,0.4279379157427938
gbm,0,feature_shift,temperature,pre,3,191,0.3765654269846775,0.4083769633507853
gbm,0,feature_shift,temperature,pre,4,570,0.4479762763805158,0.4263157894736842
gbm,0,feature_shift,temperature,pre,5,382,0.5420565807888323,0.5575916230366492
gbm,0,feature_shift,temperature,pre,6,229,0.646966179975634,0.7161572052401747
gbm,0,feature_shift,temperature,pre,7,96,0.7424205567777413,0.7395833333333334
gbm,0,feature_shift,temperature,pre,8,31,0.8323139747012562,0.8387096774193549
gbm,0,feature_shift,temperature,pre,9,1,0.9174643442875151,1.0
gbm,0,feature_shift,temperature,post,3,222,0.377782707560736,0.30180180180180183
gbm,0,feature_shift,temperature,post,4,896,0.4532266308120794,0.39732142857142855
gbm,0,feature_shift,temperature,post,5,772,0.5481170429234312,0.38471502590673573
gbm,0,feature_shift,temperature,post,6,577,0.6464628944670264,0.4506065857885615
gbm,0,feature_shift,temperature,post,7,354,0.7485680265556268,0.423728813559322
gbm,0,feature_shift,temperature,post,8,158,0.8403512955125002,0.41139240506329117
gbm,0,feature_shift,temperature,post,9,21,0.921801730864576,0.6666666666666666
gbm,0,feature_shift,platt,pre,3,223,0.3692111799656512,0.4170403587443946
gbm,0,feature_shift,platt,pre,4,615,0.4596024419307672,0.44227642276422763
gbm,0,feature_shift,platt,pre,5,100,0.5431370959752213,0.52
gbm,0,feature_shift,platt,pre,6,76,0.6493668795480438,0.5131578947368421
gbm,0,feature_shift,platt,pre,7,81,0.7488618117446546,0.6049382716049383
gbm,0,feature_shift,platt,pre,8,103,0.852849141927706,0.6310679611650486
gbm,0,feature_shift,platt,pre,9,302,0.969871641844332,0.7483443708609272
gbm,0,feature_shift,platt,post,3,248,0.36783893236916176,0.3629032258064516
gbm,0,feature_shift,platt,post,4,1042,0.46678812502735806,0.3714011516314779
gbm,0,feature_shift,platt,post,5,176,0.5380907270203026,0.42613636363636365
gbm,0,feature_shift,platt,post,6,174,0.6498359952092566,0.43103448275862066
gbm,0,feature_shift,platt,post,7,166,0.7538260591228609,0.3795180722891566
gbm,0,feature_shift,platt,post,8,230,0.8552646941127885,0.43043478260869567
gbm,0,feature_shift,platt,post,9,964,0.976867483294988,0.43568464730290457
gbm,0,feature_shift,beta,pre,3,44,0.3956605219694818,0.4318181818181818
gbm,0,feature_shift,beta,pre,4,767,0.4596657914255112,0.43415906127770537
gbm,0,feature_shift,beta,pre,5,331,0.5427631013665987,0.5498489425981873
gbm,0,feature_shift,beta,pre,6,186,0.6468698059173291,0.6989247311827957
gbm,0,feature_shift,beta,pre,7,111,0.7458704651562833,0.7657657657657657
gbm,0,feature_shift,beta,pre,8,53,0.8425229981047436,0.7735849056603774
gbm,0,feature_shift,beta,pre,9,8,0.9255281257409784,0.75
gbm,0,feature_shift,beta,post,3,37,0.395516413459893,0.3783783783783784
gbm,0,feature_shift,beta,post,4,1198,0.4667015227101433,0.3722871452420701
gbm,0,feature_shift,beta,post,5,662,0.5433086824455712,0.4003021148036254
gbm,0,feature_shift,beta,post,6,446,0.6466294837669109,0.4663677130044843
gbm,0,feature_shift,beta,post,7,318,0.7450098101945032,0.41823899371069184
gbm,0,feature_shift,beta,post,8,253,0.8444405786432657,0.4031620553359684
gbm,0,feature_shift,beta,post,9,86,0.9314846172021061,0.47674418604651164
gbm,0,feature_shift,isotonic,pre,3,73,0.378151537734587,0.4246575342465753
gbm,0,feature_shift,isotonic,pre,4,824,0.4687642268918501,0.44538834951456313
gbm,0,feature_shift,isotonic,pre,5,261,0.5435296726784493,0.5593869731800766
gbm,0,feature_shift,isotonic,pre,6,152,0.646165215888239,0.6973684210526315
gbm,0,feature_shift,isotonic,pre,7,115,0.756339402823844,0.782608695652174
gbm,0,feature_shift,isotonic,pre,8,41,0.8219168670559945,0.6829268292682927
gbm,0,feature_shift,isotonic,pre,9,34,0.9176158889133769,0.8235294117647058
gbm,0,feature_shift,isotonic,post,3,81,0.3831257508296923,0.35802469135802467
gbm,0,feature_shift,isotonic,post,4,1293,0.47369949480526535,0.37973704563031707
gbm,0,feature_shift,isotonic,post,5,554,0.5412311923942249,0.3916967509025271
gbm,0,feature_shift,isotonic,post,6,366,0.6459180556269479,0.4726775956284153
gbm,0,feature_shift,isotonic,post,7,333,0.7593815283939804,0.43243243243243246
gbm,0,feature_shift,isotonic,post,8,159,0.8259190362299585,0.389937106918239
gbm,0,feature_shift,isotonic,post,9,214,0.9186487092352154,0.43457943925233644
gbm,0,feature_shift,bayes_bin,pre,3,78,0.3899402352525513,0.4358974358974359
gbm,0,feature_shift,bayes_bin,pre,4,759,0.46766627616453893,0.4453227931488801
gbm,0,feature_shift,bayes_bin,pre,5,289,0.5194709842126586,0.5294117647058824
gbm,0,feature_shift,bayes_bin,pre,6,207,0.6742462990509652,0.6908212560386473
gbm,0,feature_shift,bayes_bin,pre,7,167,0.771743149931256,0.7664670658682635
gbm,0,feature_shift,bayes_bin,post,3,89,0.3894038832474073,0.3707865168539326
gbm,0,feature_shift,bayes_bin,post,4,1175,0.47302449657002177,0.3880851063829787
gbm,0,feature_shift,bayes_bin,post,5,605,0.5193708699312856,0.36363636363636365
gbm,0,feature_shift,bayes_bin,post,6,485,0.67425508243636,0.47010309278350515
gbm,0,feature_shift,bayes_bin,post,7,646,0.7734269729416147,0.42105263157894735
lr,1,none,raw,pre,3,251,0.3760624555873274,0.4342629482071713
lr,1,none,raw,pre,4,351,0.446872813085495,0.46438746438746437
lr,1,none,raw,pre,5,261,0.5492743234186787,0.5593869731800766
lr,1,none,raw,pre,6,261,0.6473098640736806,0.6245210727969349
lr,1,none,raw,pre,7,204,0.7505265910450177,0.7450980392156863
lr,1,none,raw,pre,8,128,0.8464825605245928,0.828125
lr,1,none,raw,pre,9,44,0.9300243724317226,0.7727272727272727
lr,1,none,raw,post,3,470,0.3768510891668467,0.37446808510638296
lr,1,none,raw,post,4,716,0.44682723096919374,0.4245810055865922
lr,1,none,raw,post,5,568,0.5479225882594922,0.5369718309859155
lr,1,none,raw,post,6,451,0.6490916180014281,0.7006651884700665
lr,1,none,raw,post,7,410,0.7497755770879737,0.7560975609756098
lr,1,none,raw,post,8,293,0.8466842105892212,0.8771331058020477
lr,1,none,raw,post,9,92,0.9284297724468813,0.9130434782608695
lr,1,none,temperature,pre,3,231,0.376404717049256,0.4329004329004329
lr,1,none,temperature,pre,4,347,0.44654617319440865,0.4610951008645533
lr,1,none,temperature,pre,5,255,0.5498400122135447,0.5490196078431373
lr,1,none,temperature,pre,6,252,0.648634831730113,0.6111111111111112
lr,1,none,temperature,pre,7,211,0.7498094499528805,0.7203791469194313
lr,1,none,temperature,pre,8,143,0.8444520279238119,0.8111888111888111
lr,1,none,temperature,pre,9,61,0.9304710106350225,0.8360655737704918
lr,1,none,temperature,post,3,429,0.37712073824304054,0.37995337995337997
lr,1,none,temperature,post,4,698,0.4457321484637165,0.4140401146131805
lr,1,none,temperature,post,5,563,0.5481074785406947,0.5293072824156305
lr,1,none,temperature,post,6,444,0.648893157209558,0.6621621621621622
lr,1,none,temperature,post,7,418,0.7501361087061408,0.7488038277511961
lr,1,none,temperature,post,8,320,0.8460463766793517,0.878125
lr,1,none,temperature,post,9,128,0.9293562601781089,0.890625
lr,1,none,platt,pre,3,242,0.3753309285773151,0.43388429752066116
lr,1,none,platt,pre,4,337,0.4466026790125399,0.4629080118694362
lr,1,none,platt,pre,5,254,0.549437039977324,0.547244094488189
lr,1,none,platt,pre,6,251,0.648984094520837,0.6095617529880478
lr,1,none,platt,pre,7,210,0.7505160016604372,0.719047619047619
lr,1,none,platt,pre,8,144,0.8451876918846862,0.8125
lr,1,none,platt,pre,9,62,0.9313011094281402,0.8387096774193549
lr,1,none,platt,post,3,452,0.37610533307643534,0.37610619469026546
lr,1,none,platt,post,4,687,0.44652645719661105,0.42066957787481807
lr,1,none,platt,post,5,555,0.5488860758270838,0.5261261261261261
lr,1,none,platt,post,6,437,0.6494354912183626,0.665903890160183
lr,1,none,platt,post,7,417,0.7507291904090109,0.7482014388489209
lr,1,none,platt,post,8,318,0.8462512860079707,0.8742138364779874
lr,1,none,platt,post,9,134,0.9294584583353329,0.8955223880597015
lr,1,none,beta,pre,3,292,0.3686678625388471,0.4349315068493151
lr,1,none,beta,pre,4,270,0.44937737557227353,0.45555555555555555
lr,1,none,beta,pre,5,233,0.5496497256116291,0.5536480686695279
lr,1,none,beta,pre,6,261,0.6516380472782707,0.6053639846743295
lr,1,none,beta,pre,7,238,0.751858436878219,0.7016806722689075
lr,1,none,beta,pre,8,171,0.8462260897906951,0.8245614035087719
lr,1,none,beta,pre,9,35,0.9258787709695572,0.8
lr,1,none,beta,post,3,525,0.36816277418797777,0.36952380952380953
lr,1,none,beta,post,4,567,0.4453148838987707,0.43209876543209874
lr,1,none,beta,post,5,513,0.5474326770571939,0.49317738791423
lr,1,none,beta,post,6,464,0.6484947376367759,0.6551724137931034
lr,1,none,beta,post,7,477,0.7510539669363521,0.7463312368972747
lr,1,none,beta,post,8,374,0.8458272969840249,0.8770053475935828
lr,1,none,beta,post,9,80,0.9211571111762655,0.9
lr,1,none,isotonic,pre,3,306,0.3663630886766145,0.4411764705882353
lr,1,none,isotonic,pre,4,260,0.4382572133304037,0.4576923076923077
lr,1,none,isotonic,pre,5,227,0.5412262156448202,0.5418502202643172
lr,1,none,isotonic,pre,6,232,0.6529488590911003,0.6077586206896551
lr,1,none,isotonic,pre,7,230,0.7529426961418099,0.6739130434782609
lr,1,none,isotonic,pre,8,229,0.845754227986926,0.8165938864628821
lr,1,none,isotonic,pre,9,16,0.965,0.8125
lr,1,none,isotonic,post,3,562,0.3662892181554366,0.3701067615658363
lr,1,none,isotonic,post,4,535,0.4359388986447394,0.4336448598130841
lr,1,none,isotonic,post,5,496,0.5411918168142874,0.49798387096774194
lr,1,none,isotonic,post,6,432,0.6503539353024753,0.6412037037037037
lr,1,none,isotonic,post,7,434,0.7527052190049377,0.7373271889400922
lr,1,none,isotonic,post,8,514,0.8464553030714843,0.8599221789883269
lr,1,none,isotonic,post,9,27,0.9631250916124108,0.9629629629629629
lr,1,none,bayes_bin,pre,3,292,0.38109563013153575,0.4349315068493151
lr,1,none,bayes_bin,pre,4,274,0.4367865607482941,0.4635036496350365
lr,1,none,bayes_bin,pre,5,181,0.5429004426007636,0.5138121546961326
lr,1,none,bayes_bin,pre,6,297,0.6413003969963462,0.6195286195286195
lr,1,none,bayes_bin,pre,7,187,0.7439602394278556,0.6470588235294118
lr,1,none,bayes_bin,pre,8,269,0.8362506827488313,0.8215613382899628
lr,1,none,bayes_bin,post,3,525,0.38007071817563465,0.36952380952380953
lr,1,none,bayes_bin,post,4,580,0.43357357327231616,0.42931034482758623
lr,1,none,bayes_bin,post,5,399,0.5428804669135764,0.49373433583959897
lr,1,none,bayes_bin,post,6,547,0.6382803932151353,0.6270566727605119
lr,1,none,bayes_bin,post,7,368,0.7452429581197443,0.7527173913043478
lr,1,none,bayes_bin,post,8,581,0.8361450798371874,0.846815834767642
lr,1,vol_jump,raw,pre,3,251,0.3760624555873274,0.4342629482071713
lr,1,vol_jump,raw,pre,4,351,0.446872813085495,0.46438746438746437
lr,1,vol_jump,raw,pre,5,261,0.5492743234186787,0.5593869731800766
lr,1,vol_jump,raw,pre,6,261,0.6473098640736806,0.6245210727969349
lr,1,vol_jump,raw,pre,7,204,0.7505265910450177,0.7450980392156863
lr,1,vol_jump,raw,pre,8,128,0.8464825605245928,0.828125
lr,1,vol_jump,raw,pre,9,44,0.9300243724317226,0.7727272727272727
lr,1,vol_jump,raw,post,3,470,0.3768510891668467,0.29148936170212764
lr,1,vol_jump,raw,post,4,716,0.44682723096919374,0.4134078212290503
lr,1,vol_jump,raw,post,5,568,0.5479225882594922,0.49119718309859156
lr,1,vol_jump,raw,post,6,451,0.6490916180014281,0.6164079822616408
lr,1,vol_jump,raw,post,7,410,0.7497755770879737,0.6024390243902439
lr,1,vol_jump,raw,post,8,293,0.8466842105892212,0.7064846416382252
lr,1,vol_jump,raw,post,9,92,0.9284297724468813,0.7717391304347826
lr,1,vol_jump,temperature,pre,3,231,0.376404717049256,0.4329004329004329
lr,1,vol_jump,temperature,pre,4,347,0.44654617319440865,0.4610951008645533
lr,1,vol_jump,temperature,pre,5,255,0.5498400122135447,0.5490196078431373
lr,1,vol_jump,temperature,pre,6,252,0.648634831730113,0.6111111111111112
lr,1,vol_jump,temperature,pre,7,211,0.7498094499528805,0.7203791469194313
lr,1,vol_jump,temperature,pre,8,143,0.8444520279238119,0.8111888111888111
lr,1,vol_jump,temperature,pre,9,61,0.9304710106350225,0.8360655737704918
lr,1,vol_jump,temperature,post,3,429,0.37712073824304054,0.28438228438228436
lr,1,vol_jump,temperature,post,4,698,0.4457321484637165,0.4054441260744986
lr,1,vol_jump,temperature,post,5,563,0.5481074785406947,0.4866785079928952
lr,1,vol_jump,temperature,post,6,444,0.648893157209558,0.5878378378378378
lr,1,vol_jump,temperature,post,7,418,0.7501361087061408,0.6220095693779905
lr,1,vol_jump,temperature,post,8,320,0.8460463766793517,0.690625
lr,1,vol_jump,temperature,post,9,128,0.9293562601781089,0.734375
lr,1,vol_jump,platt,pre,3,242,0.3753309285773151,0.43388429752066116
lr,1,vol_jump,platt,pre,4,337,0.4466026790125399,0.4629080118694362
lr,1,vol_jump,platt,pre,5,254,0.549437039977324,0.547244094488189
lr,1,vol_jump,platt,pre,6,251,0.648984094520837,0.6095617529880478
lr,1,vol_jump,platt,pre,7,210,0.7505160016604372,0.719047619047619
lr,1,vol_jump,platt,pre,8,144,0.8451876918846862,0.8125
lr,1,vol_jump,platt,pre,9,62,0.9313011094281402,0.8387096774193549
lr,1,vol_jump,platt,post,3,452,0.37610533307643534,0.2853982300884956
lr,1,vol_jump,platt,post,4,687,0.44652645719661105,0.4119359534206696
lr,1,vol_jump,platt,post,5,555,0.5488860758270838,0.4828828828828829
lr,1,vol_jump,platt,post,6,437,0.6494354912183626,0.5926773455377574
lr,1,vol_jump,platt,post,7,417,0.7507291904090109,0.6187050359712231
lr,1,vol_jump,platt,post,8,318,0.8462512860079707,0.6886792452830188
lr,1,vol_jump,platt,post,9,134,0.9294584583353329,0.7388059701492538
lr,1,vol_jump,beta,pre,3,292,0.3686678625388471,0.4349315068493151
lr,1,vol_jump,beta,pre,4,270,0.44937737557227353,0.45555555555555555
lr,1,vol_jump,beta,pre,5,233,0.5496497256116291,0.5536480686695279
lr,1,vol_jump,beta,pre,6,261,0.6516380472782707,0.6053639846743295
lr,1,vol_jump,beta,pre,7,238,0.751858436878219,0.7016806722689075
lr,1,vol_jump,beta,pre,8,171,0.8462260897906951,0.8245614035087719
lr,1,vol_jump,beta,pre,9,35,0.9258787709695572,0.8
lr,1,vol_jump,beta,post,3,525,0.36816277418797777,0.29714285714285715
lr,1,vol_jump,beta,post,4,567,0.4453148838987707,0.41622574955908287
lr,1,vol_jump,beta,post,5,513,0.5474326770571939,0.45419103313840153
lr,1,vol_jump,beta,post,6,464,0.6484947376367759,0.5905172413793104
lr,1,vol_jump,beta,post,7,477,0.7510539669363521,0.6205450733752621
lr,1,vol_jump,beta,post,8,374,0.8458272969840249,0.6898395721925134
lr,1,vol_jump,beta,post,9,80,0.9211571111762655,0.775
lr,1,vol_jump,isotonic,pre,3,306,0.3663630886766145,0.4411764705882353
lr,1,vol_jump,isotonic,pre,4,260,0.4382572133304037,0.4576923076923077
lr,1,vol_jump,isotonic,pre,5,227,0.5412262156448202,0.5418502202643172
lr,1,vol_jump,isotonic,pre,6,232,0.6529488590911003,0.6077586206896551
lr,1,vol_jump,isotonic,pre,7,230,0.7529426961418099,0.6739130434782609
lr,1,vol_jump,isotonic,pre,8,229,0.845754227986926,0.8165938864628821
lr,1,vol_jump,isotonic,pre,9,16,0.965,0.8125
lr,1,vol_jump,isotonic,post,3,562,0.3662892181554366,0.297153024911032
lr,1,vol_jump,isotonic,post,4,535,0.4359388986447394,0.4224299065420561
lr,1,vol_jump,isotonic,post,5,496,0.5411918168142874,0.4596774193548387
lr,1,vol_jump,isotonic,post,6,432,0.6503539353024753,0.5833333333333334
lr,1,vol_jump,isotonic,post,7,434,0.7527052190049377,0.6082949308755761
lr,1,vol_jump,isotonic,post,8,514,0.8464553030714843,0.6926070038910506
lr,1,vol_jump,isotonic,post,9,27,0.9631250916124108,0.8148148148148148
lr,1,vol_jump,bayes_bin,pre,3,292,0.38109563013153575,0.4349315068493151
lr,1,vol_jump,bayes_bin,pre,4,274,0.4367865607482941,0.4635036496350365
lr,1,vol_jump,bayes_bin,pre,5,181,0.5429004426007636,0.5138121546961326
lr,1,vol_jump,bayes_bin,pre,6,297,0.6413003969963462,0.6195286195286195
lr,1,vol_jump,bayes_bin,pre,7,187,0.7439602394278556,0.6470588235294118
lr,1,vol_jump,bayes_bin,pre,8,269,0.8362506827488313,0.8215613382899628
lr,1,vol_jump,bayes_bin,post,3,525,0.38007071817563465,0.29714285714285715
lr,1,vol_jump,bayes_bin,post,4,580,0.43357357327231616,0.41379310344827586
lr,1,vol_jump,bayes_bin,post,5,399,0.5428804669135764,0.46616541353383456
lr,1,vol_jump,bayes_bin,post,6,547,0.6382803932151353,0.5594149908592322
lr,1,vol_jump,bayes_bin,post,7,368,0.7452429581197443,0.625
lr,1,vol_jump,bayes_bin,post,8,581,0.8361450798371874,0.6833046471600689
lr,1,regime_transition,raw,pre,3,251,0.3760624555873274,0.4342629482071713
lr,1,regime_transition,raw,pre,4,351,0.446872813085495,0.46438746438746437
lr,1,regime_transition,raw,pre,5,261,0.5492743234186787,0.5593869731800766
lr,1,regime_transition,raw,pre,6,261,0.6473098640736806,0.6245210727969349
lr,1,regime_transition,raw,pre,7,204,0.7505265910450177,0.7450980392156863
lr,1,regime_transition,raw,pre,8,128,0.8464825605245928,0.828125
lr,1,regime_transition,raw,pre,9,44,0.9300243724317226,0.7727272727272727
lr,1,regime_transition,raw,post,3,470,0.3768510891668467,0.3276595744680851
lr,1,regime_transition,raw,post,4,716,0.44682723096919374,0.3268156424581006
lr,1,regime_transition,raw,post,5,568,0.5479225882594922,0.3538732394366197
lr,1,regime_transition,raw,post,6,451,0.6490916180014281,0.34811529933481156
lr,1,regime_transition,raw,post,7,410,0.7497755770879737,0.37317073170731707
lr,1,regime_transition,raw,post,8,293,0.8466842105892212,0.44368600682593856
lr,1,regime_transition,raw,post,9,92,0.9284297724468813,0.3804347826086957
lr,1,regime_transition,temperature,pre,3,231,0.376404717049256,0.4329004329004329
lr,1,regime_transition,temperature,pre,4,347,0.44654617319440865,0.4610951008645533
lr,1,regime_transition,temperature,pre,5,255,0.5498400122135447,0.5490196078431373
lr,1,regime_transition,temperature,pre,6,252,0.648634831730113,0.6111111111111112
lr,1,regime_transition,temperature,pre,7,211,0.7498094499528805,0.7203791469194313
lr,1,regime_transition,temperature,pre,8,143,0.8444520279238119,0.8111888111888111
lr,1,regime_transition,temperature,pre,9,61,0.9304710106350225,0.8360655737704918
lr,1,regime_transition,temperature,post,3,429,0.37712073824304054,0.3333333333333333
lr,1,regime_transition,temperature,post,4,698,0.4457321484637165,0.3237822349570201
lr,1,regime_transition,temperature,post,5,563,0.5481074785406947,0.34991119005328597
lr,1,regime_transition,temperature,post,6,444,0.648893157209558,0.34234234234234234
lr,1,regime_transition,temperature,post,7,418,0.7501361087061408,0.37320574162679426
lr,1,regime_transition,temperature,post,8,320,0.8460463766793517,0.434375
lr,1,regime_transition,temperature,post,9,128,0.9293562601781089,0.3984375
lr,1,regime_transition,platt,pre,3,242,0.3753309285773151,0.43388429752066116
lr,1,regime_transition,platt,pre,4,337,0.4466026790125399,0.4629080118694362
lr,1,regime_transition,platt,pre,5,254,0.549437039977324,0.547244094488189
lr,1,regime_transition,platt,pre,6,251,0.648984094520837,0.6095617529880478
lr,1,regime_transition,platt,pre,7,210,0.7505160016604372,0.719047619047619
lr,1,regime_transition,platt,pre,8,144,0.8451876918846862,0.8125
lr,1,regime_transition,platt,pre,9,62,0.9313011094281402,0.8387096774193549
lr,1,regime_transition,platt,post,3,452,0.37610533307643534,0.33185840707964603
lr,1,regime_transition,platt,post,4,687,0.44652645719661105,0.3260553129548763
lr,1,regime_transition,platt,post,5,555,0.5488860758270838,0.34774774774774775
lr,1,regime_transition,platt,post,6,437,0.6494354912183626,0.34553775743707094
lr,1,regime_transition,platt,post,7,417,0.7507291904090109,0.37170263788968827
lr,1,regime_transition,platt,post,8,318,0.8462512860079707,0.4276729559748428
lr,1,regime_transition,platt,post,9,134,0.9294584583353329,0.41044776119402987
lr,1,regime_transition,beta,pre,3,292,0.3686678625388471,0.4349315068493151
lr,1,regime_transition,beta,pre,4,270,0.44937737557227353,0.45555555555555555
lr,1,regime_transition,beta,pre,5,233,0.5496497256116291,0.5536480686695279
lr,1,regime_transition,beta,pre,6,261,0.6516380472782707,0.6053639846743295
lr,1,regime_transition,beta,pre,7,238,0.751858436878219,0.7016806722689075
lr,1,regime_transition,beta,pre,8,171,0.8462260897906951,0.8245614035087719
lr,1,regime_transition,beta,pre,9,35,0.9258787709695572,0.8
lr,1,regime_transition,beta,post,3,525,0.36816277418797777,0.3219047619047619
lr,1,regime_transition,beta,post,4,567,0.4453148838987707,0.3350970017636684
lr,1,regime_transition,beta,post,5,513,0.5474326770571939,0.33723196881091616
lr,1,regime_transition,beta,post,6,464,0.6484947376367759,0.3426724137931034
lr,1,regime_transition,beta,post,7,477,0.7510539669363521,0.38155136268343814
lr,1,regime_transition,beta,post,8,374,0.8458272969840249,0.4197860962566845
lr,1,regime_transition,beta,post,9,80,0.9211571111762655,0.425
lr,1,regime_transition,isotonic,pre,3,306,0.3663630886766145,0.4411764705882353
lr,1,regime_transition,isotonic,pre,4,260,0.4382572133304037,0.4576923076923077
lr,1,regime_transition,isotonic,pre,5,227,0.5412262156448202,0.5418502202643172
lr,1,regime_transition,isotonic,pre,6,232,0.6529488590911003,0.6077586206896551
lr,1,regime_transition,isotonic,pre,7,230,0.7529426961418099,0.6739130434782609
lr,1,regime_transition,isotonic,pre,8,229,0.845754227986926,0.8165938864628821
lr,1,regime_transition,isotonic,pre,9,16,0.965,0.8125
lr,1,regime_transition,isotonic,post,3,562,0.3662892181554366,0.3220640569395018
lr,1,regime_transition,isotonic,post,4,535,0.4359388986447394,0.33457943925233646
lr,1,regime_transition,isotonic,post,5,496,0.5411918168142874,0.34475806451612906
lr,1,regime_transition,isotonic,post,6,432,0.6503539353024753,0.3449074074074074
lr,1,regime_transition,isotonic,post,7,434,0.7527052190049377,0.37327188940092165
lr,1,regime_transition,isotonic,post,8,514,0.8464553030714843,0.41050583657587547
lr,1,regime_transition,isotonic,post,9,27,0.9631250916124108,0.4074074074074074
lr,1,regime_transition,bayes_bin,pre,3,292,0.38109563013153575,0.4349315068493151
lr,1,regime_transition,bayes_bin,pre,4,274,0.4367865607482941,0.4635036496350365
lr,1,regime_transition,bayes_bin,pre,5,181,0.5429004426007636,0.5138121546961326
lr,1,regime_transition,bayes_bin,pre,6,297,0.6413003969963462,0.6195286195286195
lr,1,regime_transition,bayes_bin,pre,7,187,0.7439602394278556,0.6470588235294118
lr,1,regime_transition,bayes_bin,pre,8,269,0.8362506827488313,0.8215613382899628
lr,1,regime_transition,bayes_bin,post,3,525,0.38007071817563465,0.3219047619047619
lr,1,regime_transition,bayes_bin,post,4,580,0.43357357327231616,0.33275862068965517
lr,1,regime_transition,bayes_bin,post,5,399,0.5428804669135764,0.3458646616541353
lr,1,regime_transition,bayes_bin,post,6,547,0.6382803932151353,0.34186471663619744
lr,1,regime_transition,bayes_bin,post,7,368,0.7452429581197443,0.391304347826087
lr,1,regime_transition,bayes_bin,post,8,581,0.8361450798371874,0.4010327022375215
lr,1,feature_shift,raw,pre,3,251,0.3760624555873274,0.4342629482071713
lr,1,feature_shift,raw,pre,4,351,0.446872813085495,0.46438746438746437
lr,1,feature_shift,raw,pre,5,261,0.5492743234186787,0.5593869731800766
lr,1,feature_shift,raw,pre,6,261,0.6473098640736806,0.6245210727969349
lr,1,feature_shift,raw,pre,7,204,0.7505265910450177,0.7450980392156863
lr,1,feature_shift,raw,pre,8,128,0.8464825605245928,0.828125
lr,1,feature_shift,raw,pre,9,44,0.9300243724317226,0.7727272727272727
lr,1,feature_shift,raw,post,3,103,0.3781764167712137,0.33980582524271846
lr,1,feature_shift,raw,post,4,296,0.45244088553169665,0.38175675675675674
lr,1,feature_shift,raw,post,5,317,0.5519593411111725,0.40063091482649843
lr,1,feature_shift,raw,post,6,362,0.6495443891292225,0.35359116022099446
lr,1,feature_shift,raw,post,7,443,0.7513474875665118,0.39503386004514673
lr,1,feature_shift,raw,post,8,524,0.8543101866679925,0.36450381679389315
lr,1,feature_shift,raw,post,9,955,0.9562355272144031,0.6680628272251309
lr,1,feature_shift,temperature,pre,3,231,0.376404717049256,0.4329004329004329
lr,1,feature_shift,temperature,pre,4,347,0.44654617319440865,0.4610951008645533
lr,1,feature_shift,temperature,pre,5,255,0.5498400122135447,0.5490196078431373
lr,1,feature_shift,temperature,pre,6,252,0.648634831730113,0.6111111111111112
lr,1,feature_shift,temperature,pre,7,211,0.7498094499528805,0.7203791469194313
lr,1,feature_shift,temperature,pre,8,143,0.8444520279238119,0.8111888111888111
lr,1,feature_shift,temperature,pre,9,61,0.9304710106350225,0.8360655737704918
lr,1,feature_shift,temperature,post,3,91,0.37786940024684046,0.34065934065934067
lr,1,feature_shift,temperature,post,4,280,0.45198049509293625,0.39285714285714285
lr,1,feature_shift,temperature,post,5,292,0.5503434309761983,0.3904109589041096
lr,1,feature_shift,temperature,post,6,364,0.6509853355837624,0.3626373626373626
lr,1,feature_shift,temperature,post,7,402,0.7522205722693941,0.3681592039800995
lr,1,feature_shift,temperature,post,8,519,0.8524472879649091,0.36416184971098264
lr,1,feature_shift,temperature,post,9,1052,0.9582668059359075,0.6492395437262357
lr,1,feature_shift,platt,pre,3,242,0.3753309285773151,0.43388429752066116
lr,1,feature_shift,platt,pre,4,337,0.4466026790125399,0.4629080118694362
lr,1,feature_shift,platt,pre,5,254,0.549437039977324,0.547244094488189
lr,1,feature_shift,platt,pre,6,251,0.648984094520837,0.6095617529880478
lr,1,feature_shift,platt,pre,7,210,0.7505160016604372,0.719047619047619
lr,1,feature_shift,platt,pre,8,144,0.8451876918846862,0.8125
lr,1,feature_shift,platt,pre,9,62,0.9313011094281402,0.8387096774193549
lr,1,feature_shift,platt,post,3,99,0.3775417982229157,0.35353535353535354
lr,1,feature_shift,platt,post,4,277,0.4527954365127252,0.38267148014440433
lr,1,feature_shift,platt,post,5,291,0.5509147803033659,0.3951890034364261
lr,1,feature_shift,platt,post,6,361,0.6512876439726979,0.3628808864265928
lr,1,feature_shift,platt,post,7,402,0.7527937712640633,0.3706467661691542
lr,1,feature_shift,platt,post,8,514,0.8529043597907483,0.35992217898832685
lr,1,feature_shift,platt,post,9,1056,0.9585543576382308,0.6496212121212122
lr,1,feature_shift,beta,pre,3,292,0.3686678625388471,0.4349315068493151
lr,1,feature_shift,beta,pre,4,270,0.44937737557227353,0.45555555555555555
lr,1,feature_shift,beta,pre,5,233,0.5496497256116291,0.5536480686695279
lr,1,feature_shift,beta,pre,6,261,0.6516380472782707,0.6053639846743295
lr,1,feature_shift,beta,pre,7,238,0.751858436878219,0.7016806722689075
lr,1,feature_shift,beta,pre,8,171,0.8462260897906951,0.8245614035087719
lr,1,feature_shift,beta,pre,9,35,0.9258787709695572,0.8
lr,1,feature_shift,beta,post,3,125,0.3714361731121236,0.352
lr,1,feature_shift,beta,post,4,229,0.4528090483173692,0.3930131004366812
lr,1,feature_shift,beta,post,5,270,0.551305343519516,0.3814814814814815
lr,1,feature_shift,beta,post,6,349,0.6530784544287483,0.37822349570200575
lr,1,feature_shift,beta,post,7,456,0.7532028575071005,0.36403508771929827
lr,1,feature_shift,beta,post,8,656,0.8540614871886187,0.39176829268292684
lr,1,feature_shift,beta,post,9,915,0.9460347914584445,0.6721311475409836
lr,1,feature_shift,isotonic,pre,3,306,0.3663630886766145,0.4411764705882353
lr,1,feature_shift,isotonic,pre,4,260,0.4382572133304037,0.4576923076923077
lr,1,feature_shift,isotonic,pre,5,227,0.5412262156448202,0.5418502202643172
lr,1,feature_shift,isotonic,pre,6,232,0.6529488590911003,0.6077586206896551
lr,1,feature_shift,isotonic,pre,7,230,0.7529426961418099,0.6739130434782609
lr,1,feature_shift,isotonic,pre,8,229,0.845754227986926,0.8165938864628821
lr,1,feature_shift,isotonic,pre,9,16,0.965,0.8125
lr,1,feature_shift,isotonic,post,3,136,0.3680643868305593,0.35294117647058826
lr,1,feature_shift,isotonic,post,4,222,0.44117372006208444,0.3963963963963964
lr,1,feature_shift,isotonic,post,5,259,0.540999857947881,0.38996138996138996
lr,1,feature_shift,isotonic,post,6,303,0.6519300780866074,0.36633663366336633
lr,1,feature_shift,isotonic,post,7,415,0.7523306912428657,0.3686746987951807
lr,1,feature_shift,isotonic,post,8,995,0.8603001883822701,0.42512562814070354
lr,1,feature_shift,isotonic,post,9,670,0.9746492746603392,0.7208955223880597
lr,1,feature_shift,bayes_bin,pre,3,292,0.38109563013153575,0.4349315068493151
lr,1,feature_shift,bayes_bin,pre,4,274,0.4367865607482941,0.4635036496350365
lr,1,feature_shift,bayes_bin,pre,5,181,0.5429004426007636,0.5138121546961326
lr,1,feature_shift,bayes_bin,pre,6,297,0.6413003969963462,0.6195286195286195
lr,1,feature_shift,bayes_bin,pre,7,187,0.7439602394278556,0.6470588235294118
lr,1,feature_shift,bayes_bin,pre,8,269,0.8362506827488313,0.8215613382899628
lr,1,feature_shift,bayes_bin,post,3,125,0.3792839586953155,0.352
lr,1,feature_shift,bayes_bin,post,4,236,0.43847090794462684,0.3940677966101695
lr,1,feature_shift,bayes_bin,post,5,204,0.542935470960953,0.35784313725490197
lr,1,feature_shift,bayes_bin,post,6,389,0.6428990859617008,0.39331619537275064
lr,1,feature_shift,bayes_bin,post,7,349,0.7485677116607086,0.3638968481375358
lr,1,feature_shift,bayes_bin,post,8,1697,0.8516953503357404,0.5403653506187389
gbm,1,none,raw,pre,3,24,0.3799975082242135,0.4583333333333333
gbm,1,none,raw,pre,4,106,0.46054489346770683,0.44339622641509435
gbm,1,none,raw,pre,5,216,0.5488587352097473,0.3888888888888889
gbm,1,none,raw,pre,6,173,0.6478072626220246,0.3930635838150289
gbm,1,none,raw,pre,7,181,0.7492676755911153,0.44751381215469616
gbm,1,none,raw,pre,8,244,0.8521682295024046,0.4918032786885246
gbm,1,none,raw,pre,9,556,0.9647491909431088,0.6870503597122302
gbm,1,none,raw,post,3,36,0.3797184100185108,0.3055555555555556
gbm,1,none,raw,post,4,221,0.45927648655708464,0.3438914027149321
gbm,1,none,raw,post,5,402,0.552312233919418,0.4577114427860697
gbm,1,none,raw,post,6,395,0.6511271202380443,0.44556962025316454
gbm,1,none,raw,post,7,375,0.7534348236354405,0.4666666666666667
gbm,1,none,raw,post,8,468,0.8505473165193703,0.5405982905982906
gbm,1,none,raw,post,9,1103,0.9662025077511548,0.699909338168631
gbm,1,none,temperature,pre,3,173,0.37602702149930417,0.3988439306358382
gbm,1,none,temperature,pre,4,496,0.4485160737465139,0.4153225806451613
gbm,1,none,temperature,pre,5,375,0.5450682783791573,0.5093333333333333
gbm,1,none,temperature,pre,6,244,0.6439771067839493,0.6721311475409836
gbm,1,none,temperature,pre,7,145,0.7432621077768484,0.7517241379310344
gbm,1,none,temperature,pre,8,58,0.8401212847416903,0.8103448275862069
gbm,1,none,temperature,pre,9,9,0.9214031145830014,0.7777777777777778
gbm,1,none,temperature,post,3,334,0.3757607511454327,0.3502994011976048
gbm,1,none,temperature,post,4,1039,0.4489515063789149,0.4504331087584216
gbm,1,none,temperature,post,5,716,0.5468710133904416,0.5558659217877095
gbm,1,none,temperature,post,6,490,0.6452462189188318,0.6653061224489796
gbm,1,none,temperature,post,7,277,0.747047983443935,0.7725631768953068
gbm,1,none,temperature,post,8,130,0.8409540952139644,0.8615384615384616
gbm,1,none,temperature,post,9,14,0.9223500461533406,0.8571428571428571
gbm,1,none,platt,pre,3,155,0.36412070270898383,0.33548387096774196
gbm,1,none,platt,pre,4,500,0.4621866546758757,0.436
gbm,1,none,platt,pre,5,59,0.5415433059774846,0.4915254237288136
gbm,1,none,platt,pre,6,71,0.6459147534898558,0.4084507042253521
gbm,1,none,platt,pre,7,82,0.7555451196615989,0.524390243902439
gbm,1,none,platt,pre,8,97,0.8489419495732641,0.5154639175257731
gbm,1,none,platt,pre,9,536,0.9787776313838576,0.6940298507462687
gbm,1,none,platt,post,3,360,0.3663886974685872,0.35555555555555557
gbm,1,none,platt,post,4,945,0.4597794793243355,0.4582010582010582
gbm,1,none,platt,post,5,170,0.5468995939132036,0.5058823529411764
gbm,1,none,platt,post,6,130,0.652466454376419,0.5230769230769231
gbm,1,none,platt,post,7,155,0.7522838037877508,0.5548387096774193
gbm,1,none,platt,post,8,179,0.8536745002960722,0.5363128491620112
gbm,1,none,platt,post,9,1061,0.9808481736641945,0.706880301602262
gbm,1,none,beta,pre,3,108,0.3737625810165203,0.35185185185185186
gbm,1,none,beta,pre,4,670,0.46436146727921357,0.42388059701492536
gbm,1,none,beta,pre,5,287,0.5440406150204049,0.5505226480836237
gbm,1,none,beta,pre,6,203,0.6475954611336733,0.6847290640394089
gbm,1,none,beta,pre,7,121,0.7493896422000338,0.6942148760330579
gbm,1,none,beta,pre,8,83,0.8438553035365226,0.7951807228915663
gbm,1,none,beta,pre,9,28,0.9295186125515028,0.8571428571428571
gbm,1,none,beta,post,3,239,0.37497803464633594,0.34309623430962344
gbm,1,none,beta,post,4,1349,0.46263778540917716,0.4625648628613788
gbm,1,none,beta,post,5,529,0.5442552181156396,0.5614366729678639
gbm,1,none,beta,post,6,399,0.6461199594287113,0.6541353383458647
gbm,1,none,beta,post,7,247,0.7460716999206383,0.7530364372469636
gbm,1,none,beta,post,8,175,0.8440189896639922,0.8228571428571428
gbm,1,none,beta,post,9,62,0.9287355041946994,0.8548387096774194
gbm,1,none,isotonic,pre,3,103,0.375494109675891,0.33980582524271846
gbm,1,none,isotonic,pre,4,676,0.4620121749544821,0.4245562130177515
gbm,1,none,isotonic,pre,5,311,0.5465284861099249,0.5594855305466238
gbm,1,none,isotonic,pre,6,199,0.6633461586227175,0.6984924623115578
gbm,1,none,isotonic,pre,7,99,0.7853282359775866,0.6767676767676768
gbm,1,none,isotonic,pre,8,105,0.8673317899673576,0.8095238095238095
gbm,1,none,isotonic,pre,9,7,0.9575021818231525,0.8571428571428571
gbm,1,none,isotonic,post,3,230,0.37683882274217756,0.34782608695652173
gbm,1,none,isotonic,post,4,1358,0.45956917734155434,0.46097201767304863
gbm,1,none,isotonic,post,5,585,0.5468863500867324,0.5675213675213675
gbm,1,none,isotonic,post,6,394,0.6638611858635377,0.6675126903553299
gbm,1,none,isotonic,post,7,196,0.7864640752859945,0.7602040816326531
gbm,1,none,isotonic,post,8,221,0.868466042592506,0.832579185520362
gbm,1,none,isotonic,post,9,16,0.9537013174578663,0.8125
gbm,1,none,bayes_bin,pre,3,115,0.379259640289271,0.3391304347826087
gbm,1,none,bayes_bin,pre,4,607,0.46044128122154987,0.42833607907743
gbm,1,none,bayes_bin,pre,5,409,0.5436492630666073,0.5330073349633252
gbm,1,none,bayes_bin,pre,7,200,0.7262430058888117,0.715
gbm,1,none,bayes_bin,pre,8,169,0.8176024479829166,0.7869822485207101
gbm,1,none,bayes_bin,post,3,257,0.3801294670381861,0.3463035019455253
gbm,1,none,bayes_bin,post,4,1220,0.45828848643291464,0.45819672131147543
gbm,1,none,bayes_bin,post,5,772,0.544423960128829,0.5660621761658031
gbm,1,none,bayes_bin,post,7,408,0.7252764911706437,0.6985294117647058
gbm,1,none,bayes_bin,post,8,343,0.8191685258328792,0.8075801749271136
gbm,1,vol_jump,raw,pre,3,24,0.3799975082242135,0.4583333333333333
gbm,1,vol_jump,raw,pre,4,106,0.46054489346770683,0.44339622641509435
gbm,1,vol_jump,raw,pre,5,216,0.5488587352097473,0.3888888888888889
gbm,1,vol_jump,raw,pre,6,173,0.6478072626220246,0.3930635838150289
gbm,1,vol_jump,raw,pre,7,181,0.7492676755911153,0.44751381215469616
gbm,1,vol_jump,raw,pre,8,244,0.8521682295024046,0.4918032786885246
gbm,1,vol_jump,raw,pre,9,556,0.9647491909431088,0.6870503597122302
gbm,1,vol_jump,raw,post,3,36,0.3797184100185108,0.3055555555555556
gbm,1,vol_jump,raw,post,4,221,0.45927648655708464,0.3167420814479638
gbm,1,vol_jump,raw,post,5,402,0.552312233919418,0.40298507462686567
gbm,1,vol_jump,raw,post,6,395,0.6511271202380443,0.389873417721519
gbm,1,vol_jump,raw,post,7,375,0.7534348236354405,0.39466666666666667
gbm,1,vol_jump,raw,post,8,468,0.8505473165193703,0.46794871794871795
gbm,1,vol_jump,raw,post,9,1103,0.9662025077511548,0.5956482320942883
gbm,1,vol_jump,temperature,pre,3,173,0.37602702149930417,0.3988439306358382
gbm,1,vol_jump,temperature,pre,4,496,0.4485160737465139,0.4153225806451613
gbm,1,vol_jump,temperature,pre,5,375,0.5450682783791573,0.5093333333333333
gbm,1,vol_jump,temperature,pre,6,244,0.6439771067839493,0.6721311475409836
gbm,1,vol_jump,temperature,pre,7,145,0.7432621077768484,0.7517241379310344
gbm,1,vol_jump,temperature,pre,8,58,0.8401212847416903,0.8103448275862069
gbm,1,vol_jump,temperature,pre,9,9,0.9214031145830014,0.7777777777777778
gbm,1,vol_jump,temperature,post,3,334,0.3757607511454327,0.3263473053892216
gbm,1,vol_jump,temperature,post,4,1039,0.4489515063789149,0.39364773820981713
gbm,1,vol_jump,temperature,post,5,716,0.5468710133904416,0.4650837988826816
gbm,1,vol_jump,temperature,post,6,490,0.6452462189188318,0.6122448979591837
gbm,1,vol_jump,temperature,post,7,277,0.747047983443935,0.6209386281588448
gbm,1,vol_jump,temperature,post,8,130,0.8409540952139644,0.6615384615384615
gbm,1,vol_jump,temperature,post,9,14,0.9223500461533406,0.8571428571428571
gbm,1,vol_jump,platt,pre,3,155,0.36412070270898383,0.33548387096774196
gbm,1,vol_jump,platt,pre,4,500,0.4621866546758757,0.436
gbm,1,vol_jump,platt,pre,5,59,0.5415433059774846,0.4915254237288136
gbm,1,vol_jump,platt,pre,6,71,0.6459147534898558,0.4084507042253521
gbm,1,vol_jump,platt,pre,7,82,0.7555451196615989,0.524390243902439
gbm,1,vol_jump,platt,pre,8,97,0.8489419495732641,0.5154639175257731
gbm,1,vol_jump,platt,pre,9,536,0.9787776313838576,0.6940298507462687
gbm,1,vol_jump,platt,post,3,360,0.3663886974685872,0.32222222222222224
gbm,1,vol_jump,platt,post,4,945,0.4597794793243355,0.4031746031746032
gbm,1,vol_jump,platt,post,5,170,0.5468995939132036,0.4
gbm,1,vol_jump,platt,post,6,130,0.652466454376419,0.45384615384615384
gbm,1,vol_jump,platt,post,7,155,0.7522838037877508,0.45806451612903226
gbm,1,vol_jump,platt,post,8,179,0.8536745002960722,0.4748603351955307
gbm,1,vol_jump,platt,post,9,1061,0.9808481736641945,0.6041470311027333
gbm,1,vol_jump,beta,pre,3,108,0.3737625810165203,0.35185185185185186
gbm,1,vol_jump,beta,pre,4,670,0.46436146727921357,0.42388059701492536
gbm,1,vol_jump,beta,pre,5,287,0.5440406150204049,0.5505226480836237
gbm,1,vol_jump,beta,pre,6,203,0.6475954611336733,0.6847290640394089
gbm,1,vol_jump,beta,pre,7,121,0.7493896422000338,0.6942148760330579
gbm,1,vol_jump,beta,pre,8,83,0.8438553035365226,0.7951807228915663
gbm,1,vol_jump,beta,pre,9,28,0.9295186125515028,0.8571428571428571
gbm,1,vol_jump,beta,post,3,239,0.37497803464633594,0.3263598326359833
gbm,1,vol_jump,beta,post,4,1349,0.46263778540917716,0.3995552260934025
gbm,1,vol_jump,beta,post,5,529,0.5442552181156396,0.4820415879017013
gbm,1,vol_jump,beta,post,6,399,0.6461199594287113,0.5964912280701754
gbm,1,vol_jump,beta,post,7,247,0.7460716999206383,0.6153846153846154
gbm,1,vol_jump,beta,post,8,175,0.8440189896639922,0.6342857142857142
gbm,1,vol_jump,beta,post,9,62,0.9287355041946994,0.7741935483870968
gbm,1,vol_jump,isotonic,pre,3,103,0.375494109675891,0.33980582524271846
gbm,1,vol_jump,isotonic,pre,4,676,0.4620121749544821,0.4245562130177515
gbm,1,vol_jump,isotonic,pre,5,311,0.5465284861099249,0.5594855305466238
gbm,1,vol_jump,isotonic,pre,6,199,0.6633461586227175,0.6984924623115578
gbm,1,vol_jump,isotonic,pre,7,99,0.7853282359775866,0.6767676767676768
gbm,1,vol_jump,isotonic,pre,8,105,0.8673317899673576,0.8095238095238095
gbm,1,vol_jump,isotonic,pre,9,7,0.9575021818231525,0.8571428571428571
gbm,1,vol_jump,isotonic,post,3,230,0.37683882274217756,0.33043478260869563
gbm,1,vol_jump,isotonic,post,4,1358,0.45956917734155434,0.39837997054491897
gbm,1,vol_jump,isotonic,post,5,585,0.5468863500867324,0.4888888888888889
gbm,1,vol_jump,isotonic,post,6,394,0.6638611858635377,0.6065989847715736
gbm,1,vol_jump,isotonic,post,7,196,0.7864640752859945,0.6122448979591837
gbm,1,vol_jump,isotonic,post,8,221,0.868466042592506,0.665158371040724
gbm,1,vol_jump,isotonic,post,9,16,0.9537013174578663,0.75
gbm,1,vol_jump,bayes_bin,pre,3,115,0.379259640289271,0.3391304347826087
gbm,1,vol_jump,bayes_bin,pre,4,607,0.46044128122154987,0.42833607907743
gbm,1,vol_jump,bayes_bin,pre,5,409,0.5436492630666073,0.5330073349633252
gbm,1,vol_jump,bayes_bin,pre,7,200,0.7262430058888117,0.715
gbm,1,vol_jump,bayes_bin,pre,8,169,0.8176024479829166,0.7869822485207101
gbm,1,vol_jump,bayes_bin,post,3,257,0.3801294670381861,0.32684824902723736
gbm,1,vol_jump,bayes_bin,post,4,1220,0.45828848643291464,0.3950819672131147
gbm,1,vol_jump,bayes_bin,post,5,772,0.544423960128829,0.4896373056994819
gbm,1,vol_jump,bayes_bin,post,7,408,0.7252764911706437,0.6225490196078431
gbm,1,vol_jump,bayes_bin,post,8,343,0.8191685258328792,0.6501457725947521
gbm,1,regime_transition,raw,pre,3,24,0.3799975082242135,0.4583333333333333
gbm,1,regime_transition,raw,pre,4,106,0.46054489346770683,0.44339622641509435
gbm,1,regime_transition,raw,pre,5,216,0.5488587352097473,0.3888888888888889
gbm,1,regime_transition,raw,pre,6,173,0.6478072626220246,0.3930635838150289
gbm,1,regime_transition,raw,pre,7,181,0.7492676755911153,0.44751381215469616
gbm,1,regime_transition,raw,pre,8,244,0.8521682295024046,0.4918032786885246
gbm,1,regime_transition,raw,pre,9,556,0.9647491909431088,0.6870503597122302
gbm,1,regime_transition,raw,post,3,36,0.3797184100185108,0.2777777777777778
gbm,1,regime_transition,raw,post,4,221,0.45927648655708464,0.3031674208144796
gbm,1,regime_transition,raw,post,5,402,0.552312233919418,0.3805970149253731
gbm,1,regime_transition,raw,post,6,395,0.6511271202380443,0.3493670886075949
gbm,1,regime_transition,raw,post,7,375,0.7534348236354405,0.3333333333333333
gbm,1,regime_transition,raw,post,8,468,0.8505473165193703,0.3525641025641026
gbm,1,regime_transition,raw,post,9,1103,0.9662025077511548,0.37805983680870353
gbm,1,regime_transition,temperature,pre,3,173,0.37602702149930417,0.3988439306358382
gbm,1,regime_transition,temperature,pre,4,496,0.4485160737465139,0.4153225806451613
gbm,1,regime_transition,temperature,pre,5,375,0.5450682783791573,0.5093333333333333
gbm,1,regime_transition,temperature,pre,6,244,0.6439771067839493,0.6721311475409836
gbm,1,regime_transition,temperature,pre,7,145,0.7432621077768484,0.7517241379310344
gbm,1,regime_transition,temperature,pre,8,58,0.8401212847416903,0.8103448275862069
gbm,1,regime_transition,temperature,pre,9,9,0.9214031145830014,0.7777777777777778
gbm,1,regime_transition,temperature,post,3,334,0.3757607511454327,0.33532934131736525
gbm,1,regime_transition,temperature,post,4,1039,0.4489515063789149,0.35226179018286813
gbm,1,regime_transition,temperature,post,5,716,0.5468710133904416,0.3365921787709497
gbm,1,regime_transition,temperature,post,6,490,0.6452462189188318,0.39183673469387753
gbm,1,regime_transition,temperature,post,7,277,0.747047983443935,0.4007220216606498
gbm,1,regime_transition,temperature,post,8,130,0.8409540952139644,0.36153846153846153
gbm,1,regime_transition,temperature,post,9,14,0.9223500461533406,0.42857142857142855
gbm,1,regime_transition,platt,pre,3,155,0.36412070270898383,0.33548387096774196
gbm,1,regime_transition,platt,pre,4,500,0.4621866546758757,0.436
gbm,1,regime_transition,platt,pre,5,59,0.5415433059774846,0.4915254237288136
gbm,1,regime_transition,platt,pre,6,71,0.6459147534898558,0.4084507042253521
gbm,1,regime_transition,platt,pre,7,82,0.7555451196615989,0.524390243902439
gbm,1,regime_transition,platt,pre,8,97,0.8489419495732641,0.5154639175257731
gbm,1,regime_transition,platt,pre,9,536,0.9787776313838576,0.6940298507462687
gbm,1,regime_transition,platt,post,3,360,0.3663886974685872,0.3388888888888889
gbm,1,regime_transition,platt,post,4,945,0.4597794793243355,0.3513227513227513
gbm,1,regime_transition,platt,post,5,170,0.5468995939132036,0.32941176470588235
gbm,1,regime_transition,platt,post,6,130,0.652466454376419,0.36153846153846153
gbm,1,regime_transition,platt,post,7,155,0.7522838037877508,0.3548387096774194
gbm,1,regime_transition,platt,post,8,179,0.8536745002960722,0.31843575418994413
gbm,1,regime_transition,platt,post,9,1061,0.9808481736641945,0.3826578699340245
gbm,1,regime_transition,beta,pre,3,108,0.3737625810165203,0.35185185185185186
gbm,1,regime_transition,beta,pre,4,670,0.46436146727921357,0.42388059701492536
gbm,1,regime_transition,beta,pre,5,287,0.5440406150204049,0.5505226480836237
gbm,1,regime_transition,beta,pre,6,203,0.6475954611336733,0.6847290640394089
gbm,1,regime_transition,beta,pre,7,121,0.7493896422000338,0.6942148760330579
gbm,1,regime_transition,beta,pre,8,83,0.8438553035365226,0.7951807228915663
gbm,1,regime_transition,beta,pre,9,28,0.9295186125515028,0.8571428571428571
gbm,1,regime_transition,beta,post,3,239,0.37497803464633594,0.3263598326359833
gbm,1,regime_transition,beta,post,4,1349,0.46263778540917716,0.3506300963676798
gbm,1,regime_transition,beta,post,5,529,0.5442552181156396,0.34026465028355385
gbm,1,regime_transition,beta,post,6,399,0.6461199594287113,0.39097744360902253
gbm,1,regime_transition,beta,post,7,247,0.7460716999206383,0.41295546558704455
gbm,1,regime_transition,beta,post,8,175,0.8440189896639922,0.3485714285714286
gbm,1,regime_transition,beta,post,9,62,0.9287355041946994,0.4032258064516129
gbm,1,regime_transition,isotonic,pre,3,103,0.375494109675891,0.33980582524271846
gbm,1,regime_transition,isotonic,pre,4,676,0.4620121749544821,0.4245562130177515
gbm,1,regime_transition,isotonic,pre,5,311,0.5465284861099249,0.5594855305466238
gbm,1,regime_transition,isotonic,pre,6,199,0.6633461586227175,0.6984924623115578
gbm,1,regime_transition,isotonic,pre,7,99,0.7853282359775866,0.6767676767676768
gbm,1,regime_transition,isotonic,pre,8,105,0.8673317899673576,0.8095238095238095
gbm,1,regime_transition,isotonic,pre,9,7,0.9575021818231525,0.8571428571428571
gbm,1,regime_transition,isotonic,post,3,230,0.37683882274217756,0.33043478260869563
gbm,1,regime_transition,isotonic,post,4,1358,0.45956917734155434,0.34977908689248893
gbm,1,regime_transition,isotonic,post,5,585,0.5468863500867324,0.3401709401709402
gbm,1,regime_transition,isotonic,post,6,394,0.6638611858635377,0.4010152284263959
gbm,1,regime_transition,isotonic,post,7,196,0.7864640752859945,0.413265306122449
gbm,1,regime_transition,isotonic,post,8,221,0.868466042592506,0.3665158371040724
gbm,1,regime_transition,isotonic,post,9,16,0.9537013174578663,0.3125
gbm,1,regime_transition,bayes_bin,pre,3,115,0.379259640289271,0.3391304347826087
gbm,1,regime_transition,bayes_bin,pre,4,607,0.46044128122154987,0.42833607907743
gbm,1,regime_transition,bayes_bin,pre,5,409,0.5436492630666073,0.5330073349633252
gbm,1,regime_transition,bayes_bin,pre,7,200,0.7262430058888117,0.715
gbm,1,regime_transition,bayes_bin,pre,8,169,0.8176024479829166,0.7869822485207101
gbm,1,regime_transition,bayes_bin,post,3,257,0.3801294670381861,0.33852140077821014
gbm,1,regime_transition,bayes_bin,post,4,1220,0.45828848643291464,0.34918032786885245
gbm,1,regime_transition,bayes_bin,post,5,772,0.544423960128829,0.35103626943005184
gbm,1,regime_transition,bayes_bin,post,7,408,0.7252764911706437,0.38480392156862747
gbm,1,regime_transition,bayes_bin,post,8,343,0.8191685258328792,0.39067055393586003
gbm,1,feature_shift,raw,pre,3,24,0.3799975082242135,0.4583333333333333
gbm,1,feature_shift,raw,pre,4,106,0.46054489346770683,0.44339622641509435
gbm,1,feature_shift,raw,pre,5,216,0.5488587352097473,0.3888888888888889
gbm,1,feature_shift,raw,pre,6,173,0.6478072626220246,0.3930635838150289
gbm,1,feature_shift,raw,pre,7,181,0.7492676755911153,0.44751381215469616
gbm,1,feature_shift,raw,pre,8,244,0.8521682295024046,0.4918032786885246
gbm,1,feature_shift,raw,pre,9,556,0.9647491909431088,0.6870503597122302
gbm,1,feature_shift,raw,post,3,15,0.38203334260545635,0.06666666666666667
gbm,1,feature_shift,raw,post,4,125,0.46790387127597466,0.304
gbm,1,feature_shift,raw,post,5,284,0.5518213214291698,0.3380281690140845
gbm,1,feature_shift,raw,post,6,320,0.650627784568407,0.321875
gbm,1,feature_shift,raw,post,7,381,0.7490386156040615,0.33858267716535434
gbm,1,feature_shift,raw,post,8,451,0.8534129551805404,0.4035476718403548
gbm,1,feature_shift,raw,post,9,1424,0.9691731020965073,0.4571629213483146
gbm,1,feature_shift,temperature,pre,3,173,0.37602702149930417,0.3988439306358382
gbm,1,feature_shift,temperature,pre,4,496,0.4485160737465139,0.4153225806451613
gbm,1,feature_shift,temperature,pre,5,375,0.5450682783791573,0.5093333333333333
gbm,1,feature_shift,temperature,pre,6,244,0.6439771067839493,0.6721311475409836
gbm,1,feature_shift,temperature,pre,7,145,0.7432621077768484,0.7517241379310344
gbm,1,feature_shift,temperature,pre,8,58,0.8401212847416903,0.8103448275862069
gbm,1,feature_shift,temperature,pre,9,9,0.9214031145830014,0.7777777777777778
gbm,1,feature_shift,temperature,post,3,167,0.3782727533978273,0.2994011976047904
gbm,1,feature_shift,temperature,post,4,821,0.4553484305707734,0.33617539585870887
gbm,1,feature_shift,temperature,post,5,812,0.5480876284719344,0.3657635467980296
gbm,1,feature_shift,temperature,post,6,571,0.646356553930732,0.4133099824868651
gbm,1,feature_shift,temperature,post,7,373,0.7466092447208503,0.46380697050938335
gbm,1,feature_shift,temperature,post,8,219,0.8372025873013793,0.6255707762557078
gbm,1,feature_shift,temperature,post,9,37,0.9239877732251519,0.8378378378378378
gbm,1,feature_shift,platt,pre,3,155,0.36412070270898383,0.33548387096774196
gbm,1,feature_shift,platt,pre,4,500,0.4621866546758757,0.436
gbm,1,feature_shift,platt,pre,5,59,0.5415433059774846,0.4915254237288136
gbm,1,feature_shift,platt,pre,6,71,0.6459147534898558,0.4084507042253521
gbm,1,feature_shift,platt,pre,7,82,0.7555451196615989,0.524390243902439
gbm,1,feature_shift,platt,pre,8,97,0.8489419495732641,0.5154639175257731
gbm,1,feature_shift,platt,pre,9,536,0.9787776313838576,0.6940298507462687
gbm,1,feature_shift,platt,post,3,176,0.36914133655328424,0.29545454545454547
gbm,1,feature_shift,platt,post,4,834,0.4715031816756056,0.3213429256594724
gbm,1,feature_shift,platt,post,5,148,0.541410495597998,0.42567567567567566
gbm,1,feature_shift,platt,post,6,127,0.6525907943050158,0.4015748031496063
gbm,1,feature_shift,platt,post,7,132,0.7526540894458241,0.3939393939393939
gbm,1,feature_shift,platt,post,8,216,0.8541377250255153,0.3888888888888889
gbm,1,feature_shift,platt,post,9,1367,0.9828863507414812,0.46086320409656184
gbm,1,feature_shift,beta,pre,3,108,0.3737625810165203,0.35185185185185186
gbm,1,feature_shift,beta,pre,4,670,0.46436146727921357,0.42388059701492536
gbm,1,feature_shift,beta,pre,5,287,0.5440406150204049,0.5505226480836237
gbm,1,feature_shift,beta,pre,6,203,0.6475954611336733,0.6847290640394089
gbm,1,feature_shift,beta,pre,7,121,0.7493896422000338,0.6942148760330579
gbm,1,feature_shift,beta,pre,8,83,0.8438553035365226,0.7951807228915663
gbm,1,feature_shift,beta,pre,9,28,0.9295186125515028,0.8571428571428571
gbm,1,feature_shift,beta,post,3,118,0.37751409449729256,0.3135593220338983
gbm,1,feature_shift,beta,post,4,1132,0.4729022634270147,0.33568904593639576
gbm,1,feature_shift,beta,post,5,583,0.5448932064380764,0.37221269296740994
gbm,1,feature_shift,beta,post,6,459,0.646758743930981,0.39651416122004357
gbm,1,feature_shift,beta,post,7,319,0.7493653776866973,0.4952978056426332
gbm,1,feature_shift,beta,post,8,289,0.8499566273041189,0.5294117647058824
gbm,1,feature_shift,beta,post,9,100,0.9365189988001912,0.73
gbm,1,feature_shift,isotonic,pre,3,103,0.375494109675891,0.33980582524271846
gbm,1,feature_shift,isotonic,pre,4,676,0.4620121749544821,0.4245562130177515
gbm,1,feature_shift,isotonic,pre,5,311,0.5465284861099249,0.5594855305466238
gbm,1,feature_shift,isotonic,pre,6,199,0.6633461586227175,0.6984924623115578
gbm,1,feature_shift,isotonic,pre,7,99,0.7853282359775866,0.6767676767676768
gbm,1,feature_shift,isotonic,pre,8,105,0.8673317899673576,0.8095238095238095
gbm,1,feature_shift,isotonic,pre,9,7,0.9575021818231525,0.8571428571428571
gbm,1,feature_shift,isotonic,post,3,115,0.3799357934912886,0.3130434782608696
gbm,1,feature_shift,isotonic,post,4,1135,0.47064937523722145,0.3356828193832599
gbm,1,feature_shift,isotonic,post,5,636,0.5470339154166517,0.3710691823899371
gbm,1,feature_shift,isotonic,post,6,459,0.6626204701072788,0.4117647058823529
gbm,1,feature_shift,isotonic,post,7,263,0.7867005786286664,0.49429657794676807
gbm,1,feature_shift,isotonic,post,8,349,0.8709274839859688,0.5501432664756447
gbm,1,feature_shift,isotonic,post,9,43,0.9579409503548909,0.8372093023255814
gbm,1,feature_shift,bayes_bin,pre,3,115,0.379259640289271,0.3391304347826087
gbm,1,feature_shift,bayes_bin,pre,4,607,0.46044128122154987,0.42833607907743
gbm,1,feature_shift,bayes_bin,pre,5,409,0.5436492630666073,0.5330073349633252
gbm,1,feature_shift,bayes_bin,pre,7,200,0.7262430058888117,0.715
gbm,1,feature_shift,bayes_bin,pre,8,169,0.8176024479829166,0.7869822485207101
gbm,1,feature_shift,bayes_bin,post,3,126,0.38110303005275736,0.3253968253968254
gbm,1,feature_shift,bayes_bin,post,4,1018,0.46930777354298425,0.32612966601178783
gbm,1,feature_shift,bayes_bin,post,5,840,0.5454079783900432,0.3880952380952381
gbm,1,feature_shift,bayes_bin,post,7,474,0.7255606380394597,0.41139240506329117
gbm,1,feature_shift,bayes_bin,post,8,542,0.8203448256658323,0.5645756457564576
lr,2,none,raw,pre,3,275,0.37117597857254486,0.4109090909090909
lr,2,none,raw,pre,4,338,0.4474843318931456,0.4467455621301775
lr,2,none,raw,pre,5,299,0.5475775535277829,0.5317725752508361
lr,2,none,raw,pre,6,251,0.649069343646138,0.6932270916334662
lr,2,none,raw,pre,7,205,0.7503075017048467,0.775609756097561
lr,2,none,raw,pre,8,111,0.8449995668962437,0.8648648648648649
lr,2,none,raw,pre,9,21,0.9185342207350092,0.9047619047619048
lr,2,none,raw,post,3,504,0.3730588221727315,0.35714285714285715
lr,2,none,raw,post,4,723,0.44660627790344604,0.46749654218533887
lr,2,none,raw,post,5,598,0.5476937885784757,0.5585284280936454
lr,2,none,raw,post,6,477,0.6472139688639091,0.6645702306079665
lr,2,none,raw,post,7,404,0.7508878497585545,0.8267326732673267
lr,2,none,raw,post,8,239,0.8432016142323009,0.899581589958159
lr,2,none,raw,post,9,55,0.9275521931962263,0.9454545454545454
lr,2,none,temperature,pre,3,270,0.3711086749863503,0.4111111111111111
lr,2,none,temperature,pre,4,340,0.4476958386907791,0.4441176470588235
lr,2,none,temperature,pre,5,293,0.547968943390091,0.5426621160409556
lr,2,none,temperature,pre,6,253,0.6492075093388944,0.6679841897233202
lr,2,none,temperature,pre,7,211,0.7520361957503106,0.7819905213270142
lr,2,none,temperature,pre,8,111,0.8474180768044304,0.8648648648648649
lr,2,none,temperature,pre,9,22,0.9201485996283906,0.9090909090909091
lr,2,none,temperature,post,3,492,0.372893985058902,0.3556910569105691
lr,2,none,temperature,post,4,722,0.4462278130369594,0.46398891966759004
lr,2,none,temperature,post,5,601,0.5482497943772346,0.5574043261231281
lr,2,none,temperature,post,6,468,0.6473657649095518,0.6623931623931624
lr,2,none,temperature,post,7,406,0.7500672925155754,0.8226600985221675
lr,2,none,temperature,post,8,249,0.8419240143898331,0.891566265060241
lr,2,none,temperature,post,9,62,0.9266652006472799,0.9516129032258065
lr,2,none,platt,pre,3,374,0.36346532915631324,0.4037433155080214
lr,2,none,platt,pre,4,262,0.45027287012985767,0.48091603053435117
lr,2,none,platt,pre,5,247,0.5475334435120244,0.5384615384615384
lr,2,none,platt,pre,6,218,0.6499367953089648,0.6559633027522935
lr,2,none,platt,pre,7,188,0.7494731713143491,0.7606382978723404
lr,2,none,platt,pre,8,150,0.8403064922413935,0.8
lr,2,none,platt,pre,9,61,0.9263604373849759,0.9016393442622951
lr,2,none,platt,post,3,708,0.36490142255652297,0.3700564971751412
lr,2,none,platt,post,4,564,0.44826909554282596,0.49113475177304966
lr,2,none,platt,post,5,498,0.5481206543942941,0.572289156626506
lr,2,none,platt,post,6,425,0.6491928316684203,0.6329411764705882
lr,2,none,platt,post,7,351,0.7493081718424617,0.7692307692307693
lr,2,none,platt,post,8,328,0.8440166733178258,0.8810975609756098
lr,2,none,platt,post,9,126,0.9337165982763129,0.9365079365079365
lr,2,none,beta,pre,3,374,0.36278619119975786,0.4037433155080214
lr,2,none,beta,pre,4,255,0.44985508987376216,0.47843137254901963
lr,2,none,beta,pre,5,249,0.5484456074840243,0.5301204819277109
lr,2,none,beta,pre,6,217,0.6507521217603375,0.663594470046083
lr,2,none,beta,pre,7,196,0.7495040921911871,0.7602040816326531
lr,2,none,beta,pre,8,155,0.8411268774419818,0.8
lr,2,none,beta,pre,9,54,0.9243323500128745,0.9074074074074074
lr,2,none,beta,post,3,713,0.36439285803290183,0.3688639551192146
lr,2,none,beta,post,4,546,0.44839714287191734,0.4926739926739927
lr,2,none,beta,post,5,494,0.5483815026025041,0.5708502024291497
lr,2,none,beta,post,6,427,0.6488243625828105,0.6252927400468384
lr,2,none,beta,post,7,369,0.748748843460219,0.7696476964769647
lr,2,none,beta,post,8,335,0.8435435659143483,0.8835820895522388
lr,2,none,beta,post,9,116,0.931329007742393,0.9396551724137931
lr,2,none,isotonic,pre,3,337,0.3592778764843823,0.39762611275964393
lr,2,none,isotonic,pre,4,212,0.4184807630091363,0.45754716981132076
lr,2,none,isotonic,pre,5,410,0.5647471324370591,0.5463414634146342
lr,2,none,isotonic,pre,6,151,0.6621801156683317,0.6821192052980133
lr,2,none,isotonic,pre,7,118,0.7184999652543831,0.7966101694915254
lr,2,none,isotonic,pre,8,248,0.850501435520011,0.7943548387096774
lr,2,none,isotonic,pre,9,24,0.9536352657004832,0.9166666666666666
lr,2,none,isotonic,post,3,640,0.36111654745950084,0.3765625
lr,2,none,isotonic,post,4,475,0.4187601758485003,0.45473684210526316
lr,2,none,isotonic,post,5,800,0.5646323463996139,0.56375
lr,2,none,isotonic,post,6,300,0.6631737890799182,0.6666666666666666
lr,2,none,isotonic,post,7,232,0.7231110607837635,0.7456896551724138
lr,2,none,isotonic,post,8,484,0.8515384307676915,0.8760330578512396
lr,2,none,isotonic,post,9,69,0.9558002193458914,0.9420289855072463
lr,2,none,bayes_bin,pre,3,381,0.3624799965475228,0.4015748031496063
lr,2,none,bayes_bin,pre,4,157,0.4379729333553127,0.4585987261146497
lr,2,none,bayes_bin,pre,5,400,0.5543420840538709,0.545
lr,2,none,bayes_bin,pre,6,179,0.6369976685485701,0.664804469273743
lr,2,none,bayes_bin,pre,7,203,0.7845933106367474,0.7733990147783252
lr,2,none,bayes_bin,pre,8,180,0.8598793736439597,0.8444444444444444
lr,2,none,bayes_bin,post,3,732,0.36406723465222635,0.3729508196721312
lr,2,none,bayes_bin,post,4,360,0.43703630301484586,0.4722222222222222
lr,2,none,bayes_bin,post,5,768,0.5546381180818704,0.56640625
lr,2,none,bayes_bin,post,6,368,0.6368063555058073,0.6413043478260869
lr,2,none,bayes_bin,post,7,369,0.783609618967662,0.7994579945799458
lr,2,none,bayes_bin,post,8,403,0.8597803243005627,0.8957816377171216
lr,2,vol_jump,raw,pre,3,275,0.37117597857254486,0.4109090909090909
lr,2,vol_jump,raw,pre,4,338,0.4474843318931456,0.4467455621301775
lr,2,vol_jump,raw,pre,5,299,0.5475775535277829,0.5317725752508361
lr,2,vol_jump,raw,pre,6,251,0.649069343646138,0.6932270916334662
lr,2,vol_jump,raw,pre,7,205,0.7503075017048467,0.775609756097561
lr,2,vol_jump,raw,pre,8,111,0.8449995668962437,0.8648648648648649
lr,2,vol_jump,raw,pre,9,21,0.9185342207350092,0.9047619047619048
lr,2,vol_jump,raw,post,3,504,0.3730588221727315,0.30158730158730157
lr,2,vol_jump,raw,post,4,723,0.44660627790344604,0.46749654218533887
lr,2,vol_jump,raw,post,5,598,0.5476937885784757,0.5133779264214047
lr,2,vol_jump,raw,post,6,477,0.6472139688639091,0.5786163522012578
lr,2,vol_jump,raw,post,7,404,0.7508878497585545,0.6386138613861386
lr,2,vol_jump,raw,post,8,239,0.8432016142323009,0.6736401673640168
lr,2,vol_jump,raw,post,9,55,0.9275521931962263,0.8545454545454545
lr,2,vol_jump,temperature,pre,3,270,0.3711086749863503,0.4111111111111111
lr,2,vol_jump,temperature,pre,4,340,0.4476958386907791,0.4441176470588235
lr,2,vol_jump,temperature,pre,5,293,0.547968943390091,0.5426621160409556
lr,2,vol_jump,temperature,pre,6,253,0.6492075093388944,0.6679841897233202
lr,2,vol_jump,temperature,pre,7,211,0.7520361957503106,0.7819905213270142
lr,2,vol_jump,temperature,pre,8,111,0.8474180768044304,0.8648648648648649
lr,2,vol_jump,temperature,pre,9,22,0.9201485996283906,0.9090909090909091
lr,2,vol_jump,temperature,post,3,492,0.372893985058902,0.3008130081300813
lr,2,vol_jump,temperature,post,4,722,0.4462278130369594,0.46537396121883656
lr,2,vol_jump,temperature,post,5,601,0.5482497943772346,0.5124792013311148
lr,2,vol_jump,temperature,post,6,468,0.6473657649095518,0.5726495726495726
lr,2,vol_jump,temperature,post,7,406,0.7500672925155754,0.6403940886699507
lr,2,vol_jump,temperature,post,8,249,0.8419240143898331,0.6666666666666666
lr,2,vol_jump,temperature,post,9,62,0.9266652006472799,0.8548387096774194
lr,2,vol_jump,platt,pre,3,374,0.36346532915631324,0.4037433155080214
lr,2,vol_jump,platt,pre,4,262,0.45027287012985767,0.48091603053435117
lr,2,vol_jump,platt,pre,5,247,0.5475334435120244,0.5384615384615384
lr,2,vol_jump,platt,pre,6,218,0.6499367953089648,0.6559633027522935
lr,2,vol_jump,platt,pre,7,188,0.7494731713143491,0.7606382978723404
lr,2,vol_jump,platt,pre,8,150,0.8403064922413935,0.8
lr,2,vol_jump,platt,pre,9,61,0.9263604373849759,0.9016393442622951
lr,2,vol_jump,platt,post,3,708,0.36490142255652297,0.3305084745762712
lr,2,vol_jump,platt,post,4,564,0.44826909554282596,0.49113475177304966
lr,2,vol_jump,platt,post,5,498,0.5481206543942941,0.5301204819277109
lr,2,vol_jump,platt,post,6,425,0.6491928316684203,0.5529411764705883
lr,2,vol_jump,platt,post,7,351,0.7493081718424617,0.6153846153846154
lr,2,vol_jump,platt,post,8,328,0.8440166733178258,0.6707317073170732
lr,2,vol_jump,platt,post,9,126,0.9337165982763129,0.7380952380952381
lr,2,vol_jump,beta,pre,3,374,0.36278619119975786,0.4037433155080214
lr,2,vol_jump,beta,pre,4,255,0.44985508987376216,0.47843137254901963
lr,2,vol_jump,beta,pre,5,249,0.5484456074840243,0.5301204819277109
lr,2,vol_jump,beta,pre,6,217,0.6507521217603375,0.663594470046083
lr,2,vol_jump,beta,pre,7,196,0.7495040921911871,0.7602040816326531
lr,2,vol_jump,beta,pre,8,155,0.8411268774419818,0.8
lr,2,vol_jump,beta,pre,9,54,0.9243323500128745,0.9074074074074074
lr,2,vol_jump,beta,post,3,713,0.36439285803290183,0.32959326788218796
lr,2,vol_jump,beta,post,4,546,0.44839714287191734,0.4926739926739927
lr,2,vol_jump,beta,post,5,494,0.5483815026025041,0.5303643724696356
lr,2,vol_jump,beta,post,6,427,0.6488243625828105,0.550351288056206
lr,2,vol_jump,beta,post,7,369,0.748748843460219,0.6124661246612466
lr,2,vol_jump,beta,post,8,335,0.8435435659143483,0.6686567164179105
lr,2,vol_jump,beta,post,9,116,0.931329007742393,0.7586206896551724
lr,2,vol_jump,isotonic,pre,3,337,0.3592778764843823,0.39762611275964393
lr,2,vol_jump,isotonic,pre,4,212,0.4184807630091363,0.45754716981132076
lr,2,vol_jump,isotonic,pre,5,410,0.5647471324370591,0.5463414634146342
lr,2,vol_jump,isotonic,pre,6,151,0.6621801156683317,0.6821192052980133
lr,2,vol_jump,isotonic,pre,7,118,0.7184999652543831,0.7966101694915254
lr,2,vol_jump,isotonic,pre,8,248,0.850501435520011,0.7943548387096774
lr,2,vol_jump,isotonic,pre,9,24,0.9536352657004832,0.9166666666666666
lr,2,vol_jump,isotonic,post,3,640,0.36111654745950084,0.3296875
lr,2,vol_jump,isotonic,post,4,475,0.4187601758485003,0.4610526315789474
lr,2,vol_jump,isotonic,post,5,800,0.5646323463996139,0.52375
lr,2,vol_jump,isotonic,post,6,300,0.6631737890799182,0.5766666666666667
lr,2,vol_jump,isotonic,post,7,232,0.7231110607837635,0.6206896551724138
lr,2,vol_jump,isotonic,post,8,484,0.8515384307676915,0.6508264462809917
lr,2,vol_jump,isotonic,post,9,69,0.9558002193458914,0.8405797101449275
lr,2,vol_jump,bayes_bin,pre,3,381,0.3624799965475228,0.4015748031496063
lr,2,vol_jump,bayes_bin,pre,4,157,0.4379729333553127,0.4585987261146497
lr,2,vol_jump,bayes_bin,pre,5,400,0.5543420840538709,0.545
lr,2,vol_jump,bayes_bin,pre,6,179,0.6369976685485701,0.664804469273743
lr,2,vol_jump,bayes_bin,pre,7,203,0.7845933106367474,0.7733990147783252
lr,2,vol_jump,bayes_bin,pre,8,180,0.8598793736439597,0.8444444444444444
lr,2,vol_jump,bayes_bin,post,3,732,0.36406723465222635,0.3360655737704918
lr,2,vol_jump,bayes_bin,post,4,360,0.43703630301484586,0.475
lr,2,vol_jump,bayes_bin,post,5,768,0.5546381180818704,0.5260416666666666
lr,2,vol_jump,bayes_bin,post,6,368,0.6368063555058073,0.5597826086956522
lr,2,vol_jump,bayes_bin,post,7,369,0.783609618967662,0.6205962059620597
lr,2,vol_jump,bayes_bin,post,8,403,0.8597803243005627,0.7022332506203474
lr,2,regime_transition,raw,pre,3,275,0.37117597857254486,0.4109090909090909
lr,2,regime_transition,raw,pre,4,338,0.4474843318931456,0.4467455621301775
lr,2,regime_transition,raw,pre,5,299,0.5475775535277829,0.5317725752508361
lr,2,regime_transition,raw,pre,6,251,0.649069343646138,0.6932270916334662
lr,2,regime_transition,raw,pre,7,205,0.7503075017048467,0.775609756097561
lr,2,regime_transition,raw,pre,8,111,0.8449995668962437,0.8648648648648649
lr,2,regime_transition,raw,pre,9,21,0.9185342207350092,0.9047619047619048
lr,2,regime_transition,raw,post,3,504,0.3730588221727315,0.3551587301587302
lr,2,regime_transition,raw,post,4,723,0.44660627790344604,0.367911479944675
lr,2,regime_transition,raw,post,5,598,0.5476937885784757,0.3795986622073579
lr,2,regime_transition,raw,post,6,477,0.6472139688639091,0.3584905660377358
lr,2,regime_transition,raw,post,7,404,0.7508878497585545,0.3935643564356436
lr,2,regime_transition,raw,post,8,239,0.8432016142323009,0.3305439330543933
lr,2,regime_transition,raw,post,9,55,0.9275521931962263,0.32727272727272727
lr,2,regime_transition,temperature,pre,3,270,0.3711086749863503,0.4111111111111111
lr,2,regime_transition,temperature,pre,4,340,0.4476958386907791,0.4441176470588235
lr,2,regime_transition,temperature,pre,5,293,0.547968943390091,0.5426621160409556
lr,2,regime_transition,temperature,pre,6,253,0.6492075093388944,0.6679841897233202
lr,2,regime_transition,temperature,pre,7,211,0.7520361957503106,0.7819905213270142
lr,2,regime_transition,temperature,pre,8,111,0.8474180768044304,0.8648648648648649
lr,2,regime_transition,temperature,pre,9,22,0.9201485996283906,0.9090909090909091
lr,2,regime_transition,temperature,post,3,492,0.372893985058902,0.35365853658536583
lr,2,regime_transition,temperature,post,4,722,0.4462278130369594,0.3698060941828255
lr,2,regime_transition,temperature,post,5,601,0.5482497943772346,0.3793677204658902
lr,2,regime_transition,temperature,post,6,468,0.6473657649095518,0.358974358974359
lr,2,regime_transition,temperature,post,7,406,0.7500672925155754,0.3916256157635468
lr,2,regime_transition,temperature,post,8,249,0.8419240143898331,0.3333333333333333
lr,2,regime_transition,temperature,post,9,62,0.9266652006472799,0.3225806451612903
lr,2,regime_transition,platt,pre,3,374,0.36346532915631324,0.4037433155080214
lr,2,regime_transition,platt,pre,4,262,0.45027287012985767,0.48091603053435117
lr,2,regime_transition,platt,pre,5,247,0.5475334435120244,0.5384615384615384
lr,2,regime_transition,platt,pre,6,218,0.6499367953089648,0.6559633027522935
lr,2,regime_transition,platt,pre,7,188,0.7494731713143491,0.7606382978723404
lr,2,regime_transition,platt,pre,8,150,0.8403064922413935,0.8
lr,2,regime_transition,platt,pre,9,61,0.9263604373849759,0.9016393442622951
lr,2,regime_transition,platt,post,3,708,0.36490142255652297,0.3418079096045198
lr,2,regime_transition,platt,post,4,564,0.44826909554282596,0.38475177304964536
lr,2,regime_transition,platt,post,5,498,0.5481206543942941,0.3855421686746988
lr,2,regime_transition,platt,post,6,425,0.6491928316684203,0.36470588235294116
lr,2,regime_transition,platt,post,7,351,0.7493081718424617,0.39886039886039887
lr,2,regime_transition,platt,post,8,328,0.8440166733178258,0.3384146341463415
lr,2,regime_transition,platt,post,9,126,0.9337165982763129,0.3333333333333333
lr,2,regime_transition,beta,pre,3,374,0.36278619119975786,0.4037433155080214
lr,2,regime_transition,beta,pre,4,255,0.44985508987376216,0.47843137254901963
lr,2,regime_transition,beta,pre,5,249,0.5484456074840243,0.5301204819277109
lr,2,regime_transition,beta,pre,6,217,0.6507521217603375,0.663594470046083
lr,2,regime_transition,beta,pre,7,196,0.7495040921911871,0.7602040816326531
lr,2,regime_transition,beta,pre,8,155,0.8411268774419818,0.8
lr,2,regime_transition,beta,pre,9,54,0.9243323500128745,0.9074074074074074
lr,2,regime_transition,beta,post,3,713,0.36439285803290183,0.34221598877980364
lr,2,regime_transition,beta,post,4,546,0.44839714287191734,0.38644688644688646
lr,2,regime_transition,beta,post,5,494,0.5483815026025041,0.38461538461538464
lr,2,regime_transition,beta,post,6,427,0.6488243625828105,0.36768149882903983
lr,2,regime_transition,beta,post,7,369,0.748748843460219,0.39295392953929537
lr,2,regime_transition,beta,post,8,335,0.8435435659143483,0.3373134328358209
lr,2,regime_transition,beta,post,9,116,0.931329007742393,0.33620689655172414
lr,2,regime_transition,isotonic,pre,3,337,0.3592778764843823,0.39762611275964393
lr,2,regime_transition,isotonic,pre,4,212,0.4184807630091363,0.45754716981132076
lr,2,regime_transition,isotonic,pre,5,410,0.5647471324370591,0.5463414634146342
lr,2,regime_transition,isotonic,pre,6,151,0.6621801156683317,0.6821192052980133
lr,2,regime_transition,isotonic,pre,7,118,0.7184999652543831,0.7966101694915254
lr,2,regime_transition,isotonic,pre,8,248,0.850501435520011,0.7943548387096774
lr,2,regime_transition,isotonic,pre,9,24,0.9536352657004832,0.9166666666666666
lr,2,regime_transition,isotonic,post,3,640,0.36111654745950084,0.353125
lr,2,regime_transition,isotonic,post,4,475,0.4187601758485003,0.3684210526315789
lr,2,regime_transition,isotonic,post,5,800,0.5646323463996139,0.38
lr,2,regime_transition,isotonic,post,6,300,0.6631737890799182,0.35
lr,2,regime_transition,isotonic,post,7,232,0.7231110607837635,0.4267241379310345
lr,2,regime_transition,isotonic,post,8,484,0.8515384307676915,0.34710743801652894
lr,2,regime_transition,isotonic,post,9,69,0.9558002193458914,0.3188405797101449
lr,2,regime_transition,bayes_bin,pre,3,381,0.3624799965475228,0.4015748031496063
lr,2,regime_transition,bayes_bin,pre,4,157,0.4379729333553127,0.4585987261146497
lr,2,regime_transition,bayes_bin,pre,5,400,0.5543420840538709,0.545
lr,2,regime_transition,bayes_bin,pre,6,179,0.6369976685485701,0.664804469273743
lr,2,regime_transition,bayes_bin,pre,7,203,0.7845933106367474,0.7733990147783252
lr,2,regime_transition,bayes_bin,pre,8,180,0.8598793736439597,0.8444444444444444
lr,2,regime_transition,bayes_bin,post,3,732,0.36406723465222635,0.34562841530054644
lr,2,regime_transition,bayes_bin,post,4,360,0.43703630301484586,0.37222222222222223
lr,2,regime_transition,bayes_bin,post,5,768,0.5546381180818704,0.39453125
lr,2,regime_transition,bayes_bin,post,6,368,0.6368063555058073,0.33967391304347827
lr,2,regime_transition,bayes_bin,post,7,369,0.783609618967662,0.4010840108401084
lr,2,regime_transition,bayes_bin,post,8,403,0.8597803243005627,0.337468982630273
lr,2,feature_shift,raw,pre,3,275,0.37117597857254486,0.4109090909090909
lr,2,feature_shift,raw,pre,4,338,0.4474843318931456,0.4467455621301775
lr,2,feature_shift,raw,pre,5,299,0.5475775535277829,0.5317725752508361
lr,2,feature_shift,raw,pre,6,251,0.649069343646138,0.6932270916334662
lr,2,feature_shift,raw,pre,7,205,0.7503075017048467,0.775609756097561
lr,2,feature_shift,raw,pre,8,111,0.8449995668962437,0.8648648648648649
lr,2,feature_shift,raw,pre,9,21,0.9185342207350092,0.9047619047619048
lr,2,feature_shift,raw,post,3,180,0.3770129324539485,0.3388888888888889
lr,2,feature_shift,raw,post,4,583,0.45159829942252866,0.34991423670668953
lr,2,feature_shift,raw,post,5,455,0.5484906598185395,0.36923076923076925
lr,2,feature_shift,raw,post,6,426,0.6513797352160011,0.3826291079812207
lr,2,feature_shift,raw,post,7,416,0.750550330619029,0.47596153846153844
lr,2,feature_shift,raw,post,8,498,0.8503649215148246,0.5622489959839357
lr,2,feature_shift,raw,post,9,442,0.9435487497552465,0.8280542986425339
lr,2,feature_shift,temperature,pre,3,270,0.3711086749863503,0.4111111111111111
lr,2,feature_shift,temperature,pre,4,340,0.4476958386907791,0.4441176470588235
lr,2,feature_shift,temperature,pre,5,293,0.547968943390091,0.5426621160409556
lr,2,feature_shift,temperature,pre,6,253,0.6492075093388944,0.6679841897233202
lr,2,feature_shift,temperature,pre,7,211,0.7520361957503106,0.7819905213270142
lr,2,feature_shift,temperature,pre,8,111,0.8474180768044304,0.8648648648648649
lr,2,feature_shift,temperature,pre,9,22,0.9201485996283906,0.9090909090909091
lr,2,feature_shift,temperature,post,3,176,0.377025148657448,0.3409090909090909
lr,2,feature_shift,temperature,post,4,573,0.45140334249624675,0.3507853403141361
lr,2,feature_shift,temperature,post,5,456,0.5478651968912457,0.36622807017543857
lr,2,feature_shift,temperature,post,6,426,0.6515343393843828,0.38028169014084506
lr,2,feature_shift,temperature,post,7,411,0.7504400572702935,0.46958637469586373
lr,2,feature_shift,temperature,post,8,507,0.8510067104320495,0.5581854043392505
lr,2,feature_shift,temperature,post,9,451,0.9446224394240552,0.8292682926829268
lr,2,feature_shift,platt,pre,3,374,0.36346532915631324,0.4037433155080214
lr,2,feature_shift,platt,pre,4,262,0.45027287012985767,0.48091603053435117
lr,2,feature_shift,platt,pre,5,247,0.5475334435120244,0.5384615384615384
lr,2,feature_shift,platt,pre,6,218,0.6499367953089648,0.6559633027522935
lr,2,feature_shift,platt,pre,7,188,0.7494731713143491,0.7606382978723404
lr,2,feature_shift,platt,pre,8,150,0.8403064922413935,0.8
lr,2,feature_shift,platt,pre,9,61,0.9263604373849759,0.9016393442622951
lr,2,feature_shift,platt,post,3,272,0.369069373916407,0.3860294117647059
lr,2,feature_shift,platt,post,4,517,0.44591065222643467,0.32688588007736946
lr,2,feature_shift,platt,post,5,384,0.5475878201252778,0.359375
lr,2,feature_shift,platt,post,6,350,0.651174538853493,0.38285714285714284
lr,2,feature_shift,platt,post,7,385,0.7505403001129398,0.45454545454545453
lr,2,feature_shift,platt,post,8,458,0.8535803242679968,0.5218340611353712
lr,2,feature_shift,platt,post,9,634,0.9511830252639322,0.7570977917981072
lr,2,feature_shift,beta,pre,3,374,0.36278619119975786,0.4037433155080214
lr,2,feature_shift,beta,pre,4,255,0.44985508987376216,0.47843137254901963
lr,2,feature_shift,beta,pre,5,249,0.5484456074840243,0.5301204819277109
lr,2,feature_shift,beta,pre,6,217,0.6507521217603375,0.663594470046083
lr,2,feature_shift,beta,pre,7,196,0.7495040921911871,0.7602040816326531
lr,2,feature_shift,beta,pre,8,155,0.8411268774419818,0.8
lr,2,feature_shift,beta,pre,9,54,0.9243323500128745,0.9074074074074074
lr,2,feature_shift,beta,post,3,277,0.3688237466200876,0.3862815884476534
lr,2,feature_shift,beta,post,4,505,0.4464237154752914,0.32673267326732675
lr,2,feature_shift,beta,post,5,380,0.5485282025284809,0.35526315789473684
lr,2,feature_shift,beta,post,6,348,0.6510866664360428,0.3879310344827586
lr,2,feature_shift,beta,post,7,399,0.7500116652249076,0.45112781954887216
lr,2,feature_shift,beta,post,8,487,0.8536648740973588,0.5277207392197125
lr,2,feature_shift,beta,post,9,604,0.9489922639142042,0.7632450331125827
lr,2,feature_shift,isotonic,pre,3,337,0.3592778764843823,0.39762611275964393
lr,2,feature_shift,isotonic,pre,4,212,0.4184807630091363,0.45754716981132076
lr,2,feature_shift,isotonic,pre,5,410,0.5647471324370591,0.5463414634146342
lr,2,feature_shift,isotonic,pre,6,151,0.6621801156683317,0.6821192052980133
lr,2,feature_shift,isotonic,pre,7,118,0.7184999652543831,0.7966101694915254
lr,2,feature_shift,isotonic,pre,8,248,0.850501435520011,0.7943548387096774
lr,2,feature_shift,isotonic,pre,9,24,0.9536352657004832,0.9166666666666666
lr,2,feature_shift,isotonic,post,3,241,0.3648815711407922,0.36929460580912865
lr,2,feature_shift,isotonic,post,4,431,0.4220140003544726,0.3225058004640371
lr,2,feature_shift,isotonic,post,5,608,0.5661979217838272,0.3782894736842105
lr,2,feature_shift,isotonic,post,6,267,0.6639079748938986,0.36704119850187267
lr,2,feature_shift,isotonic,post,7,234,0.7206843447630877,0.46153846153846156
lr,2,feature_shift,isotonic,post,8,742,0.8639586747983408,0.5175202156334232
lr,2,feature_shift,isotonic,post,9,477,0.9662350488252911,0.8218029350104822
lr,2,feature_shift,bayes_bin,pre,3,381,0.3624799965475228,0.4015748031496063
lr,2,feature_shift,bayes_bin,pre,4,157,0.4379729333553127,0.4585987261146497
lr,2,feature_shift,bayes_bin,pre,5,400,0.5543420840538709,0.545
lr,2,feature_shift,bayes_bin,pre,6,179,0.6369976685485701,0.664804469273743
lr,2,feature_shift,bayes_bin,pre,7,203,0.7845933106367474,0.7733990147783252
lr,2,feature_shift,bayes_bin,pre,8,180,0.8598793736439597,0.8444444444444444
lr,2,feature_shift,bayes_bin,post,3,292,0.3688936295540833,0.3904109589041096
lr,2,feature_shift,bayes_bin,post,4,356,0.43756307263068056,0.29775280898876405
lr,2,feature_shift,bayes_bin,post,5,592,0.5536362558087622,0.38175675675675674
lr,2,feature_shift,bayes_bin,post,6,319,0.6369381470162992,0.3510971786833856
lr,2,feature_shift,bayes_bin,post,7,401,0.7846461168214051,0.456359102244389
lr,2,feature_shift,bayes_bin,post,8,1040,0.8656719232641589,0.6721153846153847
gbm,2,none,raw,pre,3,29,0.378174955851825,0.27586206896551724
gbm,2,none,raw,pre,4,111,0.45942256857134367,0.2882882882882883
gbm,2,none,raw,pre,5,196,0.5501500465332535,0.37244897959183676
gbm,2,none,raw,pre,6,214,0.6509938596861891,0.4439252336448598
gbm,2,none,raw,pre,7,212,0.7498117314180045,0.39622641509433965
gbm,2,none,raw,pre,8,276,0.8532405786810969,0.5108695652173914
gbm,2,none,raw,pre,9,462,0.9615968808367085,0.6926406926406926
gbm,2,none,raw,post,3,36,0.37745521267066623,0.3333333333333333
gbm,2,none,raw,post,4,236,0.46401391177586865,0.3305084745762712
gbm,2,none,raw,post,5,421,0.550566198556729,0.4156769596199525
gbm,2,none,raw,post,6,387,0.6500369089487832,0.46770025839793283
gbm,2,none,raw,post,7,440,0.7524080018312691,0.47954545454545455
gbm,2,none,raw,post,8,491,0.8521362450481048,0.49490835030549896
gbm,2,none,raw,post,9,989,0.9621007588462067,0.6855409504550051
gbm,2,none,temperature,pre,3,185,0.3738413137743733,0.33513513513513515
gbm,2,none,temperature,pre,4,572,0.4496819441276741,0.3951048951048951
gbm,2,none,temperature,pre,5,402,0.545618410642281,0.5497512437810945
gbm,2,none,temperature,pre,6,207,0.6450718215949187,0.6714975845410628
gbm,2,none,temperature,pre,7,107,0.7463484609392135,0.7663551401869159
gbm,2,none,temperature,pre,8,26,0.8331854345463834,0.8461538461538461
gbm,2,none,temperature,pre,9,1,0.9090685874473216,1.0
gbm,2,none,temperature,post,3,363,0.3771104930863352,0.3608815426997245
gbm,2,none,temperature,post,4,1113,0.44841543346748863,0.4393530997304582
gbm,2,none,temperature,post,5,770,0.5445472573427709,0.5168831168831168
gbm,2,none,temperature,post,6,460,0.6447379323918119,0.6847826086956522
gbm,2,none,temperature,post,7,238,0.7405411051806555,0.8277310924369747
gbm,2,none,temperature,post,8,56,0.833130268629273,0.8571428571428571
gbm,2,none,platt,pre,3,221,0.3699873125645439,0.34841628959276016
gbm,2,none,platt,pre,4,629,0.4612022312201042,0.4069952305246423
gbm,2,none,platt,pre,5,97,0.5455590680593351,0.4845360824742268
gbm,2,none,platt,pre,6,85,0.6539051285855391,0.5647058823529412
gbm,2,none,platt,pre,7,69,0.7458542980751972,0.6376811594202898
gbm,2,none,platt,pre,8,99,0.854041926886828,0.6161616161616161
gbm,2,none,platt,pre,9,300,0.970904008048119,0.7333333333333333
gbm,2,none,platt,post,3,436,0.3671307904152909,0.38073394495412843
gbm,2,none,platt,post,4,1252,0.462897136068436,0.4536741214057508
gbm,2,none,platt,post,5,162,0.5462969815338898,0.5308641975308642
gbm,2,none,platt,post,6,145,0.6435031204450932,0.47586206896551725
gbm,2,none,platt,post,7,145,0.7522097738234275,0.5517241379310345
gbm,2,none,platt,post,8,218,0.854325582355885,0.6146788990825688
gbm,2,none,platt,post,9,642,0.9719041172585913,0.7398753894080997
gbm,2,none,beta,pre,3,127,0.3804824348026099,0.2992125984251969
gbm,2,none,beta,pre,4,736,0.4623225677853351,0.40353260869565216
gbm,2,none,beta,pre,5,291,0.541733954127308,0.5876288659793815
gbm,2,none,beta,pre,6,166,0.6465976176909558,0.6686746987951807
gbm,2,none,beta,pre,7,98,0.7462732189501736,0.7551020408163265
gbm,2,none,beta,pre,8,69,0.8404188354922896,0.7101449275362319
gbm,2,none,beta,pre,9,13,0.9210668476061987,1.0
gbm,2,none,beta,post,3,240,0.3815321646288108,0.3375
gbm,2,none,beta,post,4,1470,0.46359202895169044,0.4496598639455782
gbm,2,none,beta,post,5,536,0.5438702225762121,0.5410447761194029
gbm,2,none,beta,post,6,372,0.6478941896098157,0.6612903225806451
gbm,2,none,beta,post,7,232,0.7459399940037805,0.7413793103448276
gbm,2,none,beta,post,8,132,0.8447610838042036,0.8484848484848485
gbm,2,none,beta,post,9,18,0.9297872573914258,0.8888888888888888
gbm,2,none,isotonic,pre,3,96,0.3813876670749583,0.28125
gbm,2,none,isotonic,pre,4,846,0.46303832946505896,0.41371158392434987
gbm,2,none,isotonic,pre,5,217,0.5505908656924351,0.6082949308755761
gbm,2,none,isotonic,pre,6,121,0.639261635156739,0.6694214876033058
gbm,2,none,isotonic,pre,7,115,0.7354946936011814,0.7304347826086957
gbm,2,none,isotonic,pre,8,99,0.8500434971726836,0.7373737373737373
gbm,2,none,isotonic,pre,9,6,0.9800000000000001,1.0
gbm,2,none,isotonic,post,3,174,0.3809811920957664,0.3390804597701149
gbm,2,none,isotonic,post,4,1678,0.4634440383539018,0.4511323003575685
gbm,2,none,isotonic,post,5,411,0.5523404619196887,0.5498783454987834
gbm,2,none,isotonic,post,6,259,0.6395443938956038,0.6486486486486487
gbm,2,none,isotonic,post,7,279,0.7356661858413318,0.7204301075268817
gbm,2,none,isotonic,post,8,187,0.8500928741453005,0.839572192513369
gbm,2,none,isotonic,post,9,12,0.9800000000000001,0.8333333333333334
gbm,2,none,bayes_bin,pre,3,124,0.38579742514189164,0.28225806451612906
gbm,2,none,bayes_bin,pre,4,818,0.4648844149433489,0.4180929095354523
gbm,2,none,bayes_bin,pre,5,190,0.5412454737314936,0.6105263157894737
gbm,2,none,bayes_bin,pre,6,184,0.6719570549930548,0.657608695652174
gbm,2,none,bayes_bin,pre,7,184,0.7676590914087092,0.7554347826086957
gbm,2,none,bayes_bin,post,3,225,0.3866488596996568,0.32
gbm,2,none,bayes_bin,post,4,1627,0.46513363918400535,0.45728334357713585
gbm,2,none,bayes_bin,post,5,358,0.5429492877070994,0.547486033519553
gbm,2,none,bayes_bin,post,6,405,0.6731149672076383,0.6493827160493827
gbm,2,none,bayes_bin,post,7,385,0.7650439639351955,0.787012987012987
gbm,2,vol_jump,raw,pre,3,29,0.378174955851825,0.27586206896551724
gbm,2,vol_jump,raw,pre,4,111,0.45942256857134367,0.2882882882882883
gbm,2,vol_jump,raw,pre,5,196,0.5501500465332535,0.37244897959183676
gbm,2,vol_jump,raw,pre,6,214,0.6509938596861891,0.4439252336448598
gbm,2,vol_jump,raw,pre,7,212,0.7498117314180045,0.39622641509433965
gbm,2,vol_jump,raw,pre,8,276,0.8532405786810969,0.5108695652173914
gbm,2,vol_jump,raw,pre,9,462,0.9615968808367085,0.6926406926406926
gbm,2,vol_jump,raw,post,3,36,0.37745521267066623,0.3611111111111111
gbm,2,vol_jump,raw,post,4,236,0.46401391177586865,0.3135593220338983
gbm,2,vol_jump,raw,post,5,421,0.550566198556729,0.37292161520190026
gbm,2,vol_jump,raw,post,6,387,0.6500369089487832,0.3850129198966408
gbm,2,vol_jump,raw,post,7,440,0.7524080018312691,0.42727272727272725
gbm,2,vol_jump,raw,post,8,491,0.8521362450481048,0.4134419551934827
gbm,2,vol_jump,raw,post,9,989,0.9621007588462067,0.564206268958544
gbm,2,vol_jump,temperature,pre,3,185,0.3738413137743733,0.33513513513513515
gbm,2,vol_jump,temperature,pre,4,572,0.4496819441276741,0.3951048951048951
gbm,2,vol_jump,temperature,pre,5,402,0.545618410642281,0.5497512437810945
gbm,2,vol_jump,temperature,pre,6,207,0.6450718215949187,0.6714975845410628
gbm,2,vol_jump,temperature,pre,7,107,0.7463484609392135,0.7663551401869159
gbm,2,vol_jump,temperature,pre,8,26,0.8331854345463834,0.8461538461538461
gbm,2,vol_jump,temperature,pre,9,1,0.9090685874473216,1.0
gbm,2,vol_jump,temperature,post,3,363,0.3771104930863352,0.33608815426997246
gbm,2,vol_jump,temperature,post,4,1113,0.44841543346748863,0.38544474393531
gbm,2,vol_jump,temperature,post,5,770,0.5445472573427709,0.42597402597402595
gbm,2,vol_jump,temperature,post,6,460,0.6447379323918119,0.5782608695652174
gbm,2,vol_jump,temperature,post,7,238,0.7405411051806555,0.6470588235294118
gbm,2,vol_jump,temperature,post,8,56,0.833130268629273,0.7678571428571429
gbm,2,vol_jump,platt,pre,3,221,0.3699873125645439,0.34841628959276016
gbm,2,vol_jump,platt,pre,4,629,0.4612022312201042,0.4069952305246423
gbm,2,vol_jump,platt,pre,5,97,0.5455590680593351,0.4845360824742268
gbm,2,vol_jump,platt,pre,6,85,0.6539051285855391,0.5647058823529412
gbm,2,vol_jump,platt,pre,7,69,0.7458542980751972,0.6376811594202898
gbm,2,vol_jump,platt,pre,8,99,0.854041926886828,0.6161616161616161
gbm,2,vol_jump,platt,pre,9,300,0.970904008048119,0.7333333333333333
gbm,2,vol_jump,platt,post,3,436,0.3671307904152909,0.36009174311926606
gbm,2,vol_jump,platt,post,4,1252,0.462897136068436,0.3985623003194888
gbm,2,vol_jump,platt,post,5,162,0.5462969815338898,0.4074074074074074
gbm,2,vol_jump,platt,post,6,145,0.6435031204450932,0.36551724137931035
gbm,2,vol_jump,platt,post,7,145,0.7522097738234275,0.4206896551724138
gbm,2,vol_jump,platt,post,8,218,0.854325582355885,0.518348623853211
gbm,2,vol_jump,platt,post,9,642,0.9719041172585913,0.6121495327102804
gbm,2,vol_jump,beta,pre,3,127,0.3804824348026099,0.2992125984251969
gbm,2,vol_jump,beta,pre,4,736,0.4623225677853351,0.40353260869565216
gbm,2,vol_jump,beta,pre,5,291,0.541733954127308,0.5876288659793815
gbm,2,vol_jump,beta,pre,6,166,0.6465976176909558,0.6686746987951807
gbm,2,vol_jump,beta,pre,7,98,0.7462732189501736,0.7551020408163265
gbm,2,vol_jump,beta,pre,8,69,0.8404188354922896,0.7101449275362319
gbm,2,vol_jump,beta,pre,9,13,0.9210668476061987,1.0
gbm,2,vol_jump,beta,post,3,240,0.3815321646288108,0.32083333333333336
gbm,2,vol_jump,beta,post,4,1470,0.46359202895169044,0.39727891156462586
gbm,2,vol_jump,beta,post,5,536,0.5438702225762121,0.4253731343283582
gbm,2,vol_jump,beta,post,6,372,0.6478941896098157,0.553763440860215
gbm,2,vol_jump,beta,post,7,232,0.7459399940037805,0.5775862068965517
gbm,2,vol_jump,beta,post,8,132,0.8447610838042036,0.75
gbm,2,vol_jump,beta,post,9,18,0.9297872573914258,0.7777777777777778
gbm,2,vol_jump,isotonic,pre,3,96,0.3813876670749583,0.28125
gbm,2,vol_jump,isotonic,pre,4,846,0.46303832946505896,0.41371158392434987
gbm,2,vol_jump,isotonic,pre,5,217,0.5505908656924351,0.6082949308755761
gbm,2,vol_jump,isotonic,pre,6,121,0.639261635156739,0.6694214876033058
gbm,2,vol_jump,isotonic,pre,7,115,0.7354946936011814,0.7304347826086957
gbm,2,vol_jump,isotonic,pre,8,99,0.8500434971726836,0.7373737373737373
gbm,2,vol_jump,isotonic,pre,9,6,0.9800000000000001,1.0
gbm,2,vol_jump,isotonic,post,3,174,0.3809811920957664,0.3505747126436782
gbm,2,vol_jump,isotonic,post,4,1678,0.4634440383539018,0.3933253873659118
gbm,2,vol_jump,isotonic,post,5,411,0.5523404619196887,0.4257907542579075
gbm,2,vol_jump,isotonic,post,6,259,0.6395443938956038,0.5521235521235521
gbm,2,vol_jump,isotonic,post,7,279,0.7356661858413318,0.5734767025089605
gbm,2,vol_jump,isotonic,post,8,187,0.8500928741453005,0.7165775401069518
gbm,2,vol_jump,isotonic,post,9,12,0.9800000000000001,0.75
gbm,2,vol_jump,bayes_bin,pre,3,124,0.38579742514189164,0.28225806451612906
gbm,2,vol_jump,bayes_bin,pre,4,818,0.4648844149433489,0.4180929095354523
gbm,2,vol_jump,bayes_bin,pre,5,190,0.5412454737314936,0.6105263157894737
gbm,2,vol_jump,bayes_bin,pre,6,184,0.6719570549930548,0.657608695652174
gbm,2,vol_jump,bayes_bin,pre,7,184,0.7676590914087092,0.7554347826086957
gbm,2,vol_jump,bayes_bin,post,3,225,0.3866488596996568,0.3377777777777778
gbm,2,vol_jump,bayes_bin,post,4,1627,0.46513363918400535,0.39643515673017826
gbm,2,vol_jump,bayes_bin,post,5,358,0.5429492877070994,0.42178770949720673
gbm,2,vol_jump,bayes_bin,post,6,405,0.6731149672076383,0.5456790123456791
gbm,2,vol_jump,bayes_bin,post,7,385,0.7650439639351955,0.6467532467532467
gbm,2,regime_transition,raw,pre,3,29,0.378174955851825,0.27586206896551724
gbm,2,regime_transition,raw,pre,4,111,0.45942256857134367,0.2882882882882883
gbm,2,regime_transition,raw,pre,5,196,0.5501500465332535,0.37244897959183676
gbm,2,regime_transition,raw,pre,6,214,0.6509938596861891,0.4439252336448598
gbm,2,regime_transition,raw,pre,7,212,0.7498117314180045,0.39622641509433965
gbm,2,regime_transition,raw,pre,8,276,0.8532405786810969,0.5108695652173914
gbm,2,regime_transition,raw,pre,9,462,0.9615968808367085,0.6926406926406926
gbm,2,regime_transition,raw,post,3,36,0.37745521267066623,0.3333333333333333
gbm,2,regime_transition,raw,post,4,236,0.46401391177586865,0.3305084745762712
gbm,2,regime_transition,raw,post,5,421,0.550566198556729,0.35629453681710216
gbm,2,regime_transition,raw,post,6,387,0.6500369089487832,0.3462532299741602
gbm,2,regime_transition,raw,post,7,440,0.7524080018312691,0.3522727272727273
gbm,2,regime_transition,raw,post,8,491,0.8521362450481048,0.34012219959266804
gbm,2,regime_transition,raw,post,9,989,0.9621007588462067,0.3316481294236603
gbm,2,regime_transition,temperature,pre,3,185,0.3738413137743733,0.33513513513513515
gbm,2,regime_transition,temperature,pre,4,572,0.4496819441276741,0.3951048951048951
gbm,2,regime_transition,temperature,pre,5,402,0.545618410642281,0.5497512437810945
gbm,2,regime_transition,temperature,pre,6,207,0.6450718215949187,0.6714975845410628
gbm,2,regime_transition,temperature,pre,7,107,0.7463484609392135,0.7663551401869159
gbm,2,regime_transition,temperature,pre,8,26,0.8331854345463834,0.8461538461538461
gbm,2,regime_transition,temperature,pre,9,1,0.9090685874473216,1.0
gbm,2,regime_transition,temperature,post,3,363,0.3771104930863352,0.3415977961432507
gbm,2,regime_transition,temperature,post,4,1113,0.44841543346748863,0.3468104222821204
gbm,2,regime_transition,temperature,post,5,770,0.5445472573427709,0.34025974025974026
gbm,2,regime_transition,temperature,post,6,460,0.6447379323918119,0.31956521739130433
gbm,2,regime_transition,temperature,post,7,238,0.7405411051806555,0.3487394957983193
gbm,2,regime_transition,temperature,post,8,56,0.833130268629273,0.39285714285714285
gbm,2,regime_transition,platt,pre,3,221,0.3699873125645439,0.34841628959276016
gbm,2,regime_transition,platt,pre,4,629,0.4612022312201042,0.4069952305246423
gbm,2,regime_transition,platt,pre,5,97,0.5455590680593351,0.4845360824742268
gbm,2,regime_transition,platt,pre,6,85,0.6539051285855391,0.5647058823529412
gbm,2,regime_transition,platt,pre,7,69,0.7458542980751972,0.6376811594202898
gbm,2,regime_transition,platt,pre,8,99,0.854041926886828,0.6161616161616161
gbm,2,regime_transition,platt,pre,9,300,0.970904008048119,0.7333333333333333
gbm,2,regime_transition,platt,post,3,436,0.3671307904152909,0.3577981651376147
gbm,2,regime_transition,platt,post,4,1252,0.462897136068436,0.33386581469648563
gbm,2,regime_transition,platt,post,5,162,0.5462969815338898,0.3765432098765432
gbm,2,regime_transition,platt,post,6,145,0.6435031204450932,0.3724137931034483
gbm,2,regime_transition,platt,post,7,145,0.7522097738234275,0.3103448275862069
gbm,2,regime_transition,platt,post,8,218,0.854325582355885,0.3486238532110092
gbm,2,regime_transition,platt,post,9,642,0.9719041172585913,0.3333333333333333
gbm,2,regime_transition,beta,pre,3,127,0.3804824348026099,0.2992125984251969
gbm,2,regime_transition,beta,pre,4,736,0.4623225677853351,0.40353260869565216
gbm,2,regime_transition,beta,pre,5,291,0.541733954127308,0.5876288659793815
gbm,2,regime_transition,beta,pre,6,166,0.6465976176909558,0.6686746987951807
gbm,2,regime_transition,beta,pre,7,98,0.7462732189501736,0.7551020408163265
gbm,2,regime_transition,beta,pre,8,69,0.8404188354922896,0.7101449275362319
gbm,2,regime_transition,beta,pre,9,13,0.9210668476061987,1.0
gbm,2,regime_transition,beta,post,3,240,0.3815321646288108,0.3416666666666667
gbm,2,regime_transition,beta,post,4,1470,0.46359202895169044,0.33945578231292517
gbm,2,regime_transition,beta,post,5,536,0.5438702225762121,0.3582089552238806
gbm,2,regime_transition,beta,post,6,372,0.6478941896098157,0.30376344086021506
gbm,2,regime_transition,beta,post,7,232,0.7459399940037805,0.3146551724137931
gbm,2,regime_transition,beta,post,8,132,0.8447610838042036,0.4318181818181818
gbm,2,regime_transition,beta,post,9,18,0.9297872573914258,0.4444444444444444
gbm,2,regime_transition,isotonic,pre,3,96,0.3813876670749583,0.28125
gbm,2,regime_transition,isotonic,pre,4,846,0.46303832946505896,0.41371158392434987
gbm,2,regime_transition,isotonic,pre,5,217,0.5505908656924351,0.6082949308755761
gbm,2,regime_transition,isotonic,pre,6,121,0.639261635156739,0.6694214876033058
gbm,2,regime_transition,isotonic,pre,7,115,0.7354946936011814,0.7304347826086957
gbm,2,regime_transition,isotonic,pre,8,99,0.8500434971726836,0.7373737373737373
gbm,2,regime_transition,isotonic,pre,9,6,0.9800000000000001,1.0
gbm,2,regime_transition,isotonic,post,3,174,0.3809811920957664,0.3563218390804598
gbm,2,regime_transition,isotonic,post,4,1678,0.4634440383539018,0.3426698450536353
gbm,2,regime_transition,isotonic,post,5,411,0.5523404619196887,0.34793187347931875
gbm,2,regime_transition,isotonic,post,6,259,0.6395443938956038,0.30115830115830117
gbm,2,regime_transition,isotonic,post,7,279,0.7356661858413318,0.30824372759856633
gbm,2,regime_transition,isotonic,post,8,187,0.8500928741453005,0.39572192513368987
gbm,2,regime_transition,isotonic,post,9,12,0.9800000000000001,0.5
gbm,2,regime_transition,bayes_bin,pre,3,124,0.38579742514189164,0.28225806451612906
gbm,2,regime_transition,bayes_bin,pre,4,818,0.4648844149433489,0.4180929095354523
gbm,2,regime_transition,bayes_bin,pre,5,190,0.5412454737314936,0.6105263157894737
gbm,2,regime_transition,bayes_bin,pre,6,184,0.6719570549930548,0.657608695652174
gbm,2,regime_transition,bayes_bin,pre,7,184,0.7676590914087092,0.7554347826086957
gbm,2,regime_transition,bayes_bin,post,3,225,0.3866488596996568,0.3422222222222222
gbm,2,regime_transition,bayes_bin,post,4,1627,0.46513363918400535,0.3441917639827904
gbm,2,regime_transition,bayes_bin,post,5,358,0.5429492877070994,0.34916201117318435
gbm,2,regime_transition,bayes_bin,post,6,405,0.6731149672076383,0.3037037037037037
gbm,2,regime_transition,bayes_bin,post,7,385,0.7650439639351955,0.36103896103896105
gbm,2,feature_shift,raw,pre,3,29,0.378174955851825,0.27586206896551724
gbm,2,feature_shift,raw,pre,4,111,0.45942256857134367,0.2882882882882883
gbm,2,feature_shift,raw,pre,5,196,0.5501500465332535,0.37244897959183676
gbm,2,feature_shift,raw,pre,6,214,0.6509938596861891,0.4439252336448598
gbm,2,feature_shift,raw,pre,7,212,0.7498117314180045,0.39622641509433965
gbm,2,feature_shift,raw,pre,8,276,0.8532405786810969,0.5108695652173914
gbm,2,feature_shift,raw,pre,9,462,0.9615968808367085,0.6926406926406926
gbm,2,feature_shift,raw,post,3,23,0.37722322092397714,0.391304347826087
gbm,2,feature_shift,raw,post,4,147,0.4633532425353281,0.3197278911564626
gbm,2,feature_shift,raw,post,5,372,0.5485749059568245,0.3736559139784946
gbm,2,feature_shift,raw,post,6,427,0.6517392060693717,0.40749414519906324
gbm,2,feature_shift,raw,post,7,434,0.752143618840944,0.3847926267281106
gbm,2,feature_shift,raw,post,8,510,0.8522481521713934,0.4176470588235294
gbm,2,feature_shift,raw,post,9,1087,0.9627309340173003,0.49586016559337626
gbm,2,feature_shift,temperature,pre,3,185,0.3738413137743733,0.33513513513513515
gbm,2,feature_shift,temperature,pre,4,572,0.4496819441276741,0.3951048951048951
gbm,2,feature_shift,temperature,pre,5,402,0.545618410642281,0.5497512437810945
gbm,2,feature_shift,temperature,pre,6,207,0.6450718215949187,0.6714975845410628
gbm,2,feature_shift,temperature,pre,7,107,0.7463484609392135,0.7663551401869159
gbm,2,feature_shift,temperature,pre,8,26,0.8331854345463834,0.8461538461538461
gbm,2,feature_shift,temperature,pre,9,1,0.9090685874473216,1.0
gbm,2,feature_shift,temperature,post,3,240,0.37789155580827605,0.3125
gbm,2,feature_shift,temperature,post,4,1113,0.45228003545293793,0.3890386343216532
gbm,2,feature_shift,temperature,post,5,841,0.548088539530567,0.41973840665873957
gbm,2,feature_shift,temperature,post,6,465,0.6463809103661722,0.47956989247311826
gbm,2,feature_shift,temperature,post,7,271,0.7402366999378074,0.5793357933579336
gbm,2,feature_shift,temperature,post,8,66,0.8411462708191583,0.6666666666666666
gbm,2,feature_shift,temperature,post,9,4,0.9078564920362361,0.75
gbm,2,feature_shift,platt,pre,3,221,0.3699873125645439,0.34841628959276016
gbm,2,feature_shift,platt,pre,4,629,0.4612022312201042,0.4069952305246423
gbm,2,feature_shift,platt,pre,5,97,0.5455590680593351,0.4845360824742268
gbm,2,feature_shift,platt,pre,6,85,0.6539051285855391,0.5647058823529412
gbm,2,feature_shift,platt,pre,7,69,0.7458542980751972,0.6376811594202898
gbm,2,feature_shift,platt,pre,8,99,0.854041926886828,0.6161616161616161
gbm,2,feature_shift,platt,pre,9,300,0.970904008048119,0.7333333333333333
gbm,2,feature_shift,platt,post,3,340,0.36890344761791183,0.3764705882352941
gbm,2,feature_shift,platt,post,4,1234,0.4665035333072571,0.38087520259319285
gbm,2,feature_shift,platt,post,5,178,0.5423160058617046,0.47752808988764045
gbm,2,feature_shift,platt,post,6,142,0.6500501457252683,0.4225352112676056
gbm,2,feature_shift,platt,post,7,181,0.7512340237705996,0.430939226519337
gbm,2,feature_shift,platt,post,8,212,0.8561135570740972,0.37735849056603776
gbm,2,feature_shift,platt,post,9,713,0.9737597062570434,0.5427769985974754
gbm,2,feature_shift,beta,pre,3,127,0.3804824348026099,0.2992125984251969
gbm,2,feature_shift,beta,pre,4,736,0.4623225677853351,0.40353260869565216
gbm,2,feature_shift,beta,pre,5,291,0.541733954127308,0.5876288659793815
gbm,2,feature_shift,beta,pre,6,166,0.6465976176909558,0.6686746987951807
gbm,2,feature_shift,beta,pre,7,98,0.7462732189501736,0.7551020408163265
gbm,2,feature_shift,beta,pre,8,69,0.8404188354922896,0.7101449275362319
gbm,2,feature_shift,beta,pre,9,13,0.9210668476061987,1.0
gbm,2,feature_shift,beta,post,3,149,0.3818955248167447,0.38926174496644295
gbm,2,feature_shift,beta,post,4,1449,0.4667980011229055,0.3802622498274672
gbm,2,feature_shift,beta,post,5,577,0.5437494570253206,0.43674176776429807
gbm,2,feature_shift,beta,post,6,367,0.6459736143440149,0.44141689373297005
gbm,2,feature_shift,beta,post,7,266,0.7480805853018775,0.5300751879699248
gbm,2,feature_shift,beta,post,8,144,0.8388136522002017,0.625
gbm,2,feature_shift,beta,post,9,48,0.9273998473436121,0.7083333333333334
gbm,2,feature_shift,isotonic,pre,3,96,0.3813876670749583,0.28125
gbm,2,feature_shift,isotonic,pre,4,846,0.46303832946505896,0.41371158392434987
gbm,2,feature_shift,isotonic,pre,5,217,0.5505908656924351,0.6082949308755761
gbm,2,feature_shift,isotonic,pre,6,121,0.639261635156739,0.6694214876033058
gbm,2,feature_shift,isotonic,pre,7,115,0.7354946936011814,0.7304347826086957
gbm,2,feature_shift,isotonic,pre,8,99,0.8500434971726836,0.7373737373737373
gbm,2,feature_shift,isotonic,pre,9,6,0.9800000000000001,1.0
gbm,2,feature_shift,isotonic,post,3,102,0.38291333726191734,0.4019607843137255
gbm,2,feature_shift,isotonic,post,4,1641,0.4668301709974373,0.38939670932358317
gbm,2,feature_shift,isotonic,post,5,444,0.5534372673991597,0.4189189189189189
gbm,2,feature_shift,isotonic,post,6,278,0.6407601073390401,0.43884892086330934
gbm,2,feature_shift,isotonic,post,7,275,0.7355497368695157,0.52
gbm,2,feature_shift,isotonic,post,8,234,0.8511697840103304,0.5811965811965812
gbm,2,feature_shift,isotonic,post,9,26,0.98,0.8076923076923077
gbm,2,feature_shift,bayes_bin,pre,3,124,0.38579742514189164,0.28225806451612906
gbm,2,feature_shift,bayes_bin,pre,4,818,0.4648844149433489,0.4180929095354523
gbm,2,feature_shift,bayes_bin,pre,5,190,0.5412454737314936,0.6105263157894737
gbm,2,feature_shift,bayes_bin,pre,6,184,0.6719570549930548,0.657608695652174
gbm,2,feature_shift,bayes_bin,pre,7,184,0.7676590914087092,0.7554347826086957
gbm,2,feature_shift,bayes_bin,post,3,137,0.3865118522205642,0.40145985401459855
gbm,2,feature_shift,bayes_bin,post,4,1606,0.46809162699068646,0.3891656288916563
gbm,2,feature_shift,bayes_bin,post,5,396,0.5427262224678198,0.4116161616161616
gbm,2,feature_shift,bayes_bin,post,6,399,0.6725005809296055,0.44862155388471175
gbm,2,feature_shift,bayes_bin,post,7,462,0.7671175340075627,0.5757575757575758
