brier,logloss,ece,ece_pos,fcr,fcc,tag,base,cal,part,chunk
0.20611139571548476,0.6012931643001115,0.03089177527534071,0.03192875183623917,0.039,0.16981132075471697,synthetic,LR,raw,val,
0.20202020540289278,0.5908555988209575,0.018532794194356737,0.01836574968494631,0.03916666666666667,0.16117969821673525,synthetic,LR,raw,held,
0.20610518973400227,0.601320470461832,0.02523188872108397,0.030364244105795576,0.03866666666666667,0.1710914454277286,synthetic,LR,platt,val,
0.20200478522767565,0.5907618773648173,0.02005206615400278,0.017659630774859294,0.0385,0.1612002791346825,synthetic,LR,platt,held,
0.20606994052031952,0.6011009367319977,0.03055072069349543,0.03130618717209091,0.03833333333333333,0.17087667161961367,synthetic,LR,temperature,val,
0.20198892895530934,0.5907076549308783,0.017734937410821904,0.018099040057532743,0.0385,0.15997229916897507,synthetic,LR,temperature,held,
0.2060994108881514,0.6011116109943822,0.02768066971429447,0.029374834738683023,0.03833333333333333,0.17011834319526628,synthetic,LR,beta,val,
0.20211998039456786,0.5910705016566195,0.01862184102660333,0.022290974953357023,0.03866666666666667,0.1603317208016586,synthetic,LR,beta,held,
0.20659196329590798,0.6043445698791517,0.036782290864428,0.03466513290567083,0.048,0.17733990147783252,synthetic,LR,isotonic,val,
0.20277348379947652,0.5941164403867825,0.02396869703664989,0.024577968545227456,0.04633333333333333,0.16736905478627334,synthetic,LR,isotonic,held,
0.20602529245104817,0.5998860030933658,0.027468258763391425,0.02933620299732429,0.044,0.1774193548387097,synthetic,LR,bayes_bin,val,
0.2024773861466148,0.5920757732331458,0.026357889246027316,0.020436979743733517,0.041833333333333333,0.16351791530944626,synthetic,LR,bayes_bin,held,
0.20696873724633952,0.6019406955374028,0.028339795888953873,0.026697384820971448,0.027,0.17880794701986755,synthetic,GNB,raw,val,
0.20238632319656544,0.5907661529432021,0.01906679292033308,0.013959488301026632,0.024166666666666666,0.14299802761341224,synthetic,GNB,raw,held,
0.20722549742663265,0.6037178015230987,0.0313025092286302,0.02878815840482264,0.04133333333333333,0.18262150220913106,synthetic,GNB,platt,val,
0.2024357252793831,0.5914455786775159,0.019512786549211594,0.016420296635696236,0.03666666666666667,0.1558073654390935,synthetic,GNB,platt,held,
0.2071987144068299,0.6035792580730739,0.02845635528540052,0.02735254437342011,0.03966666666666667,0.17734724292101342,synthetic,GNB,temperature,val,
0.20240369818939966,0.5914209536795352,0.021088334994712965,0.01421926764876763,0.035833333333333335,0.15205091937765206,synthetic,GNB,temperature,held,
0.20719509286232118,0.6036179042115403,0.030684037227686724,0.02804298213229035,0.03933333333333333,0.17585692995529062,synthetic,GNB,beta,val,
0.2024939904351698,0.5916576399673695,0.01824449936359752,0.01748159576065577,0.036,0.15384615384615385,synthetic,GNB,beta,held,
0.207982182962131,0.6062154679947512,0.0378144642241104,0.03731817715877852,0.045,0.18218623481781376,synthetic,GNB,isotonic,val,
0.20328736630055091,0.5939653848841566,0.028773249133956735,0.022398685127601795,0.0405,0.16018457481872117,synthetic,GNB,isotonic,held,
0.20762470858687276,0.6042264245381528,0.03161389615686638,0.0319504772096551,0.057,0.19213483146067414,synthetic,GNB,bayes_bin,val,
0.20325172925191312,0.5933157969592611,0.01955214397415427,0.024366751696319584,0.0545,0.1772357723577236,synthetic,GNB,bayes_bin,held,
0.22304439035884857,0.6834042200380063,0.1320332038227986,0.13428251505146133,0.12366666666666666,0.22484848484848485,synthetic,HGB,raw,val,
0.21635429949251533,0.6620096787494781,0.11793438816219606,0.11535159419130299,0.12366666666666666,0.22403381642512077,synthetic,HGB,raw,held,
0.20408229078230428,0.5925272553675306,0.02782869111358551,0.03184799005138963,0.03233333333333333,0.13434903047091412,synthetic,HGB,platt,val,
0.1997504710486984,0.5809553899877683,0.02156445851072279,0.02640452046700005,0.03216666666666667,0.12756113681427628,synthetic,HGB,platt,held,
0.20405009609638655,0.5923691398121861,0.030510917287599006,0.03293635647184695,0.033666666666666664,0.13854595336076816,synthetic,HGB,temperature,val,
0.1995472540172264,0.5806701547685723,0.018909648585878448,0.023380676389746075,0.03266666666666666,0.129973474801061,synthetic,HGB,temperature,held,
0.2040795609730212,0.5925105549898252,0.028648879913408573,0.03179945084246944,0.032,0.13389121338912133,synthetic,HGB,beta,val,
0.19975892466433068,0.5809893342714595,0.021017260289843766,0.026571129978134274,0.03216666666666667,0.12781456953642384,synthetic,HGB,beta,held,
0.2042043481990431,0.5950828927181262,0.026776781921706776,0.03057682201253551,0.03166666666666667,0.1361031518624642,synthetic,HGB,isotonic,val,
0.20001388058579733,0.582699845016313,0.027452735545924756,0.030048506432478386,0.0305,0.12432065217391304,synthetic,HGB,isotonic,held,
0.2042714405192459,0.5953007706893727,0.026135889918603508,0.03515019521558741,0.023,0.12190812720848057,synthetic,HGB,bayes_bin,val,
0.19993270158840534,0.5830953879987039,0.02288831653194654,0.028243964995558864,0.021666666666666667,0.10526315789473684,synthetic,HGB,bayes_bin,held,
0.17839176765157883,0.5292974200424436,0.014438458623676034,0.011034808939807945,0.04,0.11059907834101383,synthetic,ORACLE,true_p,held,
0.1976034016271567,0.5810114082689157,0.02634030122346762,0.037134367034970424,0.030333333333333334,0.14021571648690292,synthetic,LR,raw,val,
0.20404786576493295,0.5944080852051875,0.02222161289245029,0.021960599122855026,0.03666666666666667,0.15748031496062992,synthetic,LR,raw,held,
0.1981449894103245,0.5821902268759201,0.02425045527681648,0.042534527253303554,0.028333333333333332,0.14143094841930118,synthetic,LR,platt,val,
0.20390437179082035,0.5939110244108641,0.020570404979091923,0.019238210978238655,0.03333333333333333,0.1554001554001554,synthetic,LR,platt,held,
0.19773345917677995,0.5811525168903029,0.027975738864594757,0.03958401654594533,0.027333333333333334,0.13851351351351351,synthetic,LR,temperature,val,
0.20390791361661423,0.5938768334202089,0.02009709074760966,0.019742620761537894,0.03266666666666666,0.153125,synthetic,LR,temperature,held,
0.19822249066842476,0.5816057516986151,0.023893694800055938,0.04299795401667803,0.027333333333333334,0.13758389261744966,synthetic,LR,beta,val,
0.20392232990828238,0.5937200578655556,0.016767576724676585,0.01917727548669429,0.0325,0.1522248243559719,synthetic,LR,beta,held,
0.19903390273896848,0.5840760986246261,0.02697601371411974,0.04295813805722264,0.03833333333333333,0.15519568151147098,synthetic,LR,isotonic,val,
0.2046119909969124,0.5963800278163907,0.024486844315163608,0.02598404317685175,0.04466666666666667,0.16983523447401774,synthetic,LR,isotonic,held,
0.1986560675356306,0.5820886118368744,0.04009689808868388,0.04597056690431087,0.023333333333333334,0.12612612612612611,synthetic,LR,bayes_bin,val,
0.20475888812982548,0.5960832993414165,0.0250789526992079,0.01975861996325929,0.031,0.15656565656565657,synthetic,LR,bayes_bin,held,
0.19862745558304137,0.5829691011267049,0.03402760113344448,0.04775637840671928,0.02,0.13157894736842105,synthetic,GNB,raw,val,
0.20405711663236,0.5941456776738488,0.017180778868550732,0.016338319241236413,0.0245,0.14134615384615384,synthetic,GNB,raw,held,
0.19865336120314958,0.5831730120140745,0.02811110851015323,0.045496912082327375,0.028666666666666667,0.1455160744500846,synthetic,GNB,platt,val,
0.20410271836419921,0.5943926468662853,0.021917253338698657,0.017976245215170505,0.03333333333333333,0.15313935681470137,synthetic,GNB,platt,held,
0.19798087145228468,0.5815601221239155,0.026944871881435684,0.04043519462555866,0.02666666666666667,0.13675213675213677,synthetic,GNB,temperature,val,
0.2040603593990655,0.5943525922811878,0.01651693544904713,0.017193169606040413,0.033166666666666664,0.15343099460292983,synthetic,GNB,temperature,held,
0.19865457624338986,0.5832123363576273,0.03091305356987348,0.04553406151723046,0.028666666666666667,0.14576271186440679,synthetic,GNB,beta,val,
0.20409643175617964,0.5943804513964349,0.020839612539692184,0.017907233532771915,0.0335,0.15390505359877488,synthetic,GNB,beta,held,
0.19914577281755086,0.5868773475294483,0.03751946857340576,0.03953877874379757,0.042333333333333334,0.1638709677419355,synthetic,GNB,isotonic,val,
0.20446174490524693,0.5957571320664081,0.027495102182195558,0.023188049874183568,0.046,0.1683953630262355,synthetic,GNB,isotonic,held,
0.19869910510467545,0.5831738674056076,0.041299015719178246,0.04403000405229974,0.03933333333333333,0.16076294277929154,synthetic,GNB,bayes_bin,val,
0.20487518536721613,0.5964900641574955,0.019062254802329905,0.01762182373097477,0.042166666666666665,0.17305061559507523,synthetic,GNB,bayes_bin,held,
0.21780529252371372,0.6542314997088247,0.1159308061003954,0.11631495678963304,0.118,0.22138836772983114,synthetic,HGB,raw,val,
0.2142535109474094,0.647675637659114,0.1082934912041953,0.10835132104834262,0.117,0.21801242236024845,synthetic,HGB,raw,held,
0.2022731836822642,0.5878155961303856,0.016502310280198256,0.033158029008851425,0.024666666666666667,0.12374581939799331,synthetic,HGB,platt,val,
0.2000435958951101,0.5831828642032418,0.015009581961439205,0.013794465489520666,0.026,0.12652068126520682,synthetic,HGB,platt,held,
0.20195916326605917,0.587094487831689,0.020101078479577216,0.029754599110728117,0.024,0.11900826446280992,synthetic,HGB,temperature,val,
0.2000447231256728,0.5832051337912947,0.015343580724689006,0.013270591464214393,0.025833333333333333,0.1264274061990212,synthetic,HGB,temperature,held,
0.20223825040499527,0.5877688469465377,0.01533656747530418,0.03320304648829209,0.025666666666666667,0.12748344370860928,synthetic,HGB,beta,val,
0.20003145153656726,0.5831361342524198,0.01978986162671675,0.013474179586763755,0.025333333333333333,0.1237785016286645,synthetic,HGB,beta,held,
0.20286594401718108,0.5896078210663608,0.03183191228898765,0.0374296992498843,0.030333333333333334,0.1352154531946508,synthetic,HGB,isotonic,val,
0.20140651633989456,0.5869617889519027,0.01847728820922852,0.023000422676214334,0.031166666666666665,0.13309608540925266,synthetic,HGB,isotonic,held,
0.20320039683767657,0.5906689056413298,0.03219363345237692,0.03535491919491638,0.030666666666666665,0.13199426111908177,synthetic,HGB,bayes_bin,val,
0.20139433715207125,0.5868994008809781,0.026913433322468167,0.019956772392773162,0.03266666666666666,0.13573407202216067,synthetic,HGB,bayes_bin,held,
0.18237554985321686,0.5372593831420003,0.016908238020210305,0.015013566150591828,0.03966666666666667,0.11531007751937984,synthetic,ORACLE,true_p,held,
0.20148809042061017,0.5906324890289112,0.031491798632017724,0.04069314218393193,0.033666666666666664,0.1711864406779661,synthetic,LR,raw,val,
0.20006960449272287,0.5860384813200001,0.015110574416446367,0.024377600501749818,0.030833333333333334,0.14859437751004015,synthetic,LR,raw,held,
0.20138698920394676,0.5900108000721698,0.03747947962984518,0.03883739477832183,0.025,0.17006802721088435,synthetic,LR,platt,val,
0.20022587792131746,0.5863686674178678,0.024536005755968624,0.025998082373198547,0.0215,0.13738019169329074,synthetic,LR,platt,held,
0.2019765639752021,0.591281752684435,0.034398901175284775,0.043516747634323734,0.02266666666666667,0.1552511415525114,synthetic,LR,temperature,val,
0.20051136977742529,0.5869122601342806,0.023696090665465012,0.02927467427911812,0.0215,0.1365079365079365,synthetic,LR,temperature,held,
0.2012758483662591,0.5898958832115699,0.03862092505086912,0.03821099402858336,0.02266666666666667,0.15632183908045977,synthetic,LR,beta,val,
0.2001485340502051,0.5860829637163975,0.024738658004147047,0.02577559670753944,0.0215,0.13665254237288135,synthetic,LR,beta,held,
0.20071154300107596,0.5889931470078194,0.032431909246030954,0.02411231399493741,0.04766666666666667,0.17208182912154033,synthetic,LR,isotonic,val,
0.20102502438134756,0.5890458929264508,0.021908342723455803,0.020883984139634788,0.04716666666666667,0.17182756527018822,synthetic,LR,isotonic,held,
0.20070668247920487,0.5882963694293398,0.025851921847517254,0.028951241771321443,0.03133333333333333,0.17216117216117216,synthetic,LR,bayes_bin,val,
0.20103497177112667,0.5882920200571666,0.032282799490827394,0.024777063470362754,0.028,0.15774647887323945,synthetic,LR,bayes_bin,held,
0.2028349079377399,0.5927518367684416,0.038832309523997834,0.043581958460966436,0.018666666666666668,0.14177215189873418,synthetic,GNB,raw,val,
0.20181185788246153,0.5901179276555951,0.025621090270874905,0.029005400153139765,0.0195,0.1376470588235294,synthetic,GNB,raw,held,
0.20189658037029842,0.5907534877920704,0.044179438205154326,0.03379612535674797,0.022333333333333334,0.15056179775280898,synthetic,GNB,platt,val,
0.20124799918761005,0.5889580255075422,0.023438252897204092,0.020529319485263223,0.02266666666666667,0.1440677966101695,synthetic,GNB,platt,held,
0.20255986086496516,0.592143813565208,0.03536717099498164,0.040322595470099615,0.021,0.140625,synthetic,GNB,temperature,val,
0.20155739175106463,0.5895330273600501,0.022461567164757907,0.025336198041398014,0.023333333333333334,0.14909478168264112,synthetic,GNB,temperature,held,
0.20168779323904773,0.5905436436311181,0.0350432785298164,0.03225249925925553,0.021,0.1403118040089087,synthetic,GNB,beta,val,
0.20112460202211915,0.5885692606786066,0.02308240444395532,0.019171208362180704,0.022833333333333334,0.14528101802757157,synthetic,GNB,beta,held,
0.20155959382401442,0.5902081761811969,0.02803694098714677,0.02477195338353177,0.03866666666666667,0.16524216524216523,synthetic,GNB,isotonic,val,
0.20173359274488356,0.5905393870139971,0.02013899582264326,0.026261124504709684,0.04066666666666666,0.17304964539007092,synthetic,GNB,isotonic,held,
0.2026254461105146,0.592318712094686,0.046533252452138,0.040867042889076145,0.018666666666666668,0.1497326203208556,synthetic,GNB,bayes_bin,val,
0.20208580759352857,0.5907544502877086,0.029962809187277624,0.028011646097790135,0.019666666666666666,0.1514762516046213,synthetic,GNB,bayes_bin,held,
0.22444938338584158,0.67349698914087,0.12876701539611918,0.12791102672525245,0.117,0.23137771918259722,synthetic,HGB,raw,val,
0.21786954044301243,0.6590112943045339,0.12035403683723511,0.11922640014717659,0.11816666666666667,0.22302610883925764,synthetic,HGB,raw,held,
0.2059444340489331,0.5963259421724431,0.03351404166459722,0.029855408748777044,0.016,0.10367170626349892,synthetic,HGB,platt,val,
0.20153609318466564,0.5863002072173207,0.02171473388481774,0.023503394074642785,0.017666666666666667,0.103515625,synthetic,HGB,platt,held,
0.20631616247397233,0.5970741074520395,0.027895667657662677,0.033951936309276294,0.015333333333333332,0.09913793103448276,synthetic,HGB,temperature,val,
0.20167258093813983,0.5865548041991954,0.02863879813945516,0.02541068971954541,0.018,0.10344827586206896,synthetic,HGB,temperature,held,
0.2060448376553587,0.5966065320882038,0.03133024402186506,0.0305762797642674,0.016,0.10434782608695652,synthetic,HGB,beta,val,
0.20159785345313777,0.5864763381725902,0.02286968031640891,0.024266176243082353,0.017333333333333333,0.10216110019646366,synthetic,HGB,beta,held,
0.20672015439685598,0.5981922369681738,0.03204221762436372,0.034759683440762176,0.021333333333333333,0.11678832116788321,synthetic,HGB,isotonic,val,
0.2022027892515059,0.587875954337908,0.022114634706472118,0.022285773285370642,0.023,0.11557788944723618,synthetic,HGB,isotonic,held,
0.207074506257789,0.5987186405931242,0.04334778251546083,0.04263427119456316,0.027666666666666666,0.12537764350453173,synthetic,HGB,bayes_bin,val,
0.20287481910231298,0.5898003185219197,0.02321080719294998,0.02073003895915157,0.0315,0.13253856942496495,synthetic,HGB,bayes_bin,held,
0.1808148319464627,0.5322660271569308,0.022694166786385132,0.02227031365850353,0.029333333333333333,0.09492988133764833,synthetic,ORACLE,true_p,held,
0.19988039505616984,0.5862562003851599,0.020180712748899956,0.020945736475805832,0.03333333333333333,0.14705882352941177,synthetic,LR,raw,val,
0.19907804754723132,0.5842670208079972,0.02092582890987074,0.020723313293383915,0.030833333333333334,0.14955537590945836,synthetic,LR,raw,held,
0.20030681292531688,0.5871630732708705,0.023714209993104734,0.02333000054638474,0.03133333333333333,0.14641744548286603,synthetic,LR,platt,val,
0.199343245842929,0.5849250717222537,0.02318066728161516,0.024296553938836493,0.0295,0.15180102915951973,synthetic,LR,platt,held,
0.19990261991918173,0.586095115285023,0.02210497109302285,0.02227702752311558,0.030666666666666665,0.14442700156985872,synthetic,LR,temperature,val,
0.19916959444919433,0.5843523888162965,0.024152951351962028,0.02293865932604967,0.027833333333333335,0.1445887445887446,synthetic,LR,temperature,held,
0.2006824562608084,0.5872764958294424,0.02056765013449626,0.03328950611448331,0.030666666666666665,0.1476725521669342,synthetic,LR,beta,val,
0.19948536198521197,0.5844380409344078,0.02166603986153732,0.025881984268188465,0.028333333333333332,0.15030946065428824,synthetic,LR,beta,held,
0.2013746691227038,0.5888096685428647,0.03410916815605264,0.031217609949649127,0.048666666666666664,0.16898148148148148,synthetic,LR,isotonic,val,
0.20020410806764224,0.5862262188419931,0.033278884823230485,0.028290305810545143,0.04516666666666667,0.1657492354740061,synthetic,LR,isotonic,held,
0.20218852441953086,0.5902431999093672,0.022981491761162782,0.036855050050388916,0.04666666666666667,0.1701093560145808,synthetic,LR,bayes_bin,val,
0.20026109073736487,0.5859907495043062,0.02439259560198486,0.026787557992121354,0.041666666666666664,0.16108247422680413,synthetic,LR,bayes_bin,held,
0.20089080500132497,0.5886103671814858,0.02296579722149209,0.0247658802588711,0.030666666666666665,0.15593220338983052,synthetic,GNB,raw,val,
0.19976254491006437,0.5856648565496265,0.0228435784082066,0.02153282546301065,0.02666666666666667,0.14925373134328357,synthetic,GNB,raw,held,
0.20122555616948534,0.5896898972712361,0.029192235910524195,0.03033206946168878,0.034333333333333334,0.1606864274570983,synthetic,GNB,platt,val,
0.19988923850781334,0.5861243735413646,0.022524572586396292,0.020748257863380856,0.030333333333333334,0.1546304163126593,synthetic,GNB,platt,held,
0.20084837622557014,0.5886985143352196,0.021754756030934297,0.02416936325241143,0.03333333333333333,0.16025641025641027,synthetic,GNB,temperature,val,
0.19965362564847458,0.5854933700404376,0.02073647174155335,0.019416329059951925,0.028,0.14685314685314685,synthetic,GNB,temperature,held,
0.20141733731044753,0.5895859277483607,0.025982811579275705,0.03325734843024688,0.03266666666666666,0.1583198707592892,synthetic,GNB,beta,val,
0.20006814352245805,0.5861023325705271,0.020549711474314565,0.02626278273141031,0.027666666666666666,0.14690265486725665,synthetic,GNB,beta,held,
0.20207794990366718,0.5907764868087797,0.03951116948802674,0.033487071019416365,0.05266666666666667,0.17772778402699663,synthetic,GNB,isotonic,val,
0.1998446464162549,0.5851896210801657,0.021323821649098535,0.021202109666603092,0.04516666666666667,0.16044997039668443,synthetic,GNB,isotonic,held,
0.20250647905263705,0.5911122358054463,0.0266750354537588,0.0346909786939167,0.048666666666666664,0.17464114832535885,synthetic,GNB,bayes_bin,val,
0.20092381279789834,0.5878773284584595,0.03399355930961985,0.020618119244932655,0.0425,0.16200762388818296,synthetic,GNB,bayes_bin,held,
0.21575650901275983,0.6583404329218514,0.11793429790954767,0.11800618132958625,0.12466666666666666,0.22435512897420515,synthetic,HGB,raw,val,
0.21533112819089786,0.6500960831311012,0.11821572506451747,0.11819820450433463,0.119,0.21656050955414013,synthetic,HGB,raw,held,
0.19934834738885643,0.5805919799976831,0.02106938201845298,0.03107870614286448,0.03,0.12396694214876033,synthetic,HGB,platt,val,
0.19901439638410906,0.5791467337630584,0.0233458654925563,0.02608681318483895,0.0265,0.11597374179431072,synthetic,HGB,platt,held,
0.19874137711317674,0.5790604190488756,0.026844189764880254,0.02273550085035027,0.029666666666666668,0.12378303198887343,synthetic,HGB,temperature,val,
0.19887973836031309,0.578877691946132,0.019011189228530945,0.018721298995607906,0.02666666666666667,0.12066365007541478,synthetic,HGB,temperature,held,
0.19936092517362758,0.5805485714023518,0.02340800665217328,0.030688332983257474,0.029333333333333333,0.12054794520547946,synthetic,HGB,beta,val,
0.19903105978933983,0.5791785309326263,0.020612815186749355,0.026628111507989133,0.0265,0.11682586333578251,synthetic,HGB,beta,held,
0.19965202533538923,0.5831588315833349,0.026840170854918122,0.030099864120185813,0.044333333333333336,0.145993413830955,synthetic,HGB,isotonic,val,
0.19975550377004417,0.5813800127967056,0.021307110315233174,0.02227823751470148,0.03916666666666667,0.13575967648757944,synthetic,HGB,isotonic,held,
0.20007836192580009,0.5831366900281814,0.03278117523148002,0.030547785036168437,0.04466666666666667,0.1462882096069869,synthetic,HGB,bayes_bin,val,
0.20006123876779264,0.5817646422004333,0.03104945862134081,0.03351840046214176,0.03933333333333333,0.13571017826336976,synthetic,HGB,bayes_bin,held,
0.17989371769192894,0.5303512832911268,0.021663675628491717,0.017472883838863352,0.0325,0.09764646970455683,synthetic,ORACLE,true_p,held,
0.20072862955257997,0.5865102869850974,0.025699485203805408,0.03148330206777731,0.02666666666666667,0.1362862010221465,synthetic,LR,raw,val,
0.20501143302888636,0.5979432648028454,0.022530116572640358,0.024842783506258015,0.035,0.17558528428093645,synthetic,LR,raw,held,
0.20094144692510243,0.5870082803672673,0.029839489073791622,0.03527118481151772,0.020666666666666667,0.12015503875968993,synthetic,LR,platt,val,
0.20505862488767496,0.5976965658282302,0.023783077956890435,0.02391755707267077,0.029333333333333333,0.166351606805293,synthetic,LR,platt,held,
0.20086377387693108,0.586835393492932,0.025956030257227168,0.03353380138346152,0.020666666666666667,0.12085769980506822,synthetic,LR,temperature,val,
0.20503461385221672,0.5976779134954238,0.022694096651395292,0.023867471297980947,0.028666666666666667,0.16380952380952382,synthetic,LR,temperature,held,
0.201189420842247,0.5876824909774396,0.027225947336170273,0.036868233272996175,0.02266666666666667,0.13385826771653545,synthetic,LR,beta,val,
0.20542774055044546,0.598858352491799,0.02480417722997959,0.02823754146605897,0.03,0.17357762777242045,synthetic,LR,beta,held,
0.20310646558585374,0.5926822003219335,0.03301782841915985,0.037610487246847214,0.028666666666666667,0.14333333333333334,synthetic,LR,isotonic,val,
0.2060839203523329,0.6000306981091582,0.03868544329312216,0.02921886301106947,0.035333333333333335,0.17434210526315788,synthetic,LR,isotonic,held,
0.20349968130446144,0.5932099235941354,0.04325055064156687,0.034653065964454624,0.02666666666666667,0.13513513513513514,synthetic,LR,bayes_bin,val,
0.206674181045293,0.6012618753100737,0.028053313819076654,0.028439648123499254,0.035,0.1721311475409836,synthetic,LR,bayes_bin,held,
0.2012028006182699,0.5876638428047741,0.03258449728775788,0.030298862709893747,0.023,0.1311787072243346,synthetic,GNB,raw,val,
0.20523799669652001,0.5981646584394263,0.024122126758144333,0.021949934542674566,0.030833333333333334,0.1689497716894977,synthetic,GNB,raw,held,
0.20128670589486913,0.5878691140708252,0.03778139784959705,0.031905089191925425,0.021,0.12450592885375494,synthetic,GNB,platt,val,
0.20526358953282958,0.598141184757458,0.022896729266387153,0.02273051311555901,0.028666666666666667,0.16427889207258833,synthetic,GNB,platt,held,
0.20125680348987976,0.5877966698120553,0.03311799894757819,0.03125804148381184,0.020666666666666667,0.12350597609561753,synthetic,GNB,temperature,val,
0.20525624844242493,0.5981310079770822,0.023435768067100127,0.022468778075903223,0.028666666666666667,0.16318785578747627,synthetic,GNB,temperature,held,
0.2015203864770433,0.5886438942399107,0.02739755827178832,0.030568964954508355,0.022,0.13279678068410464,synthetic,GNB,beta,val,
0.20565714792098816,0.5994280197176902,0.025690955715408584,0.028488769030103916,0.0305,0.17296786389413987,synthetic,GNB,beta,held,
0.20241771098147707,0.5909312999675801,0.04493607509740427,0.039447368734269045,0.027,0.13989637305699482,synthetic,GNB,isotonic,val,
0.20611544961524403,0.6001761703878344,0.022142843542031256,0.023893253153300244,0.036833333333333336,0.1895368782161235,synthetic,GNB,isotonic,held,
0.20282838263534056,0.5920397683344495,0.03571475686299988,0.04177125574437247,0.05333333333333334,0.17448200654307525,synthetic,GNB,bayes_bin,val,
0.2062145308636024,0.600710657110126,0.024507726426844664,0.034081792341650825,0.060833333333333336,0.2017689331122167,synthetic,GNB,bayes_bin,held,
0.21430923513194103,0.6467559912282262,0.11187654450622056,0.1174198477395164,0.104,0.20813875917278185,synthetic,HGB,raw,val,
0.21857693056425384,0.6696544993122368,0.11392228568152209,0.11357568683614783,0.113,0.22295297599473857,synthetic,HGB,raw,held,
0.19973048789132122,0.580567526921668,0.01730618389273814,0.027006669602163406,0.02033333333333333,0.10338983050847457,synthetic,HGB,platt,val,
0.20364502040470983,0.5919181305550425,0.018430513471189416,0.018645903190809925,0.022833333333333334,0.1229802513464991,synthetic,HGB,platt,held,
0.1998302906173116,0.5807920281427013,0.02290251487313412,0.027386321433651783,0.019666666666666666,0.10154905335628227,synthetic,HGB,temperature,val,
0.20369304515613604,0.5920720450310348,0.016345704409678065,0.020159852991034986,0.022833333333333334,0.12309074573225516,synthetic,HGB,temperature,held,
0.19985692445825567,0.5808056652850672,0.02187488969519811,0.027007410442182404,0.021666666666666667,0.1079734219269103,synthetic,HGB,beta,val,
0.20358719604230535,0.5915520515985857,0.015278375606649953,0.016179362493355734,0.023,0.12244897959183673,synthetic,HGB,beta,held,
0.19986441720935813,0.5804846337002456,0.021791625452772478,0.025948379690774053,0.026333333333333334,0.11432706222865413,synthetic,HGB,isotonic,val,
0.20400574514273406,0.5933816437866661,0.019497067487934668,0.01770976705951118,0.028,0.13033359193173003,synthetic,HGB,isotonic,held,
0.20015788957560707,0.5821205945721367,0.02418331250151357,0.02328138279033818,0.02033333333333333,0.10535405872193437,synthetic,HGB,bayes_bin,val,
0.20405551730595237,0.5935693800526798,0.02067589823559948,0.017577232923094967,0.022833333333333334,0.12232142857142857,synthetic,HGB,bayes_bin,held,
0.1831897064928362,0.5406153491249222,0.018684889711914652,0.015597238660685941,0.041166666666666664,0.12060546875,synthetic,ORACLE,true_p,held,
0.2001995992075199,0.5875987013039946,0.028780859602249742,0.030047848354280926,0.034,0.16062992125984252,synthetic,LR,raw,val,
0.20397295831305656,0.5960083679350966,0.014893409848693837,0.020284764823200144,0.0345,0.16707021791767554,synthetic,LR,raw,held,
0.1999168849403418,0.5871377739588614,0.025427314249280943,0.027208126981513613,0.034666666666666665,0.15757575757575756,synthetic,LR,platt,val,
0.20398672002127172,0.5961713656566402,0.018106222142693182,0.019839310549985435,0.03783333333333333,0.17421335379892555,synthetic,LR,platt,held,
0.20018790328818054,0.5877497359919089,0.027835750433294965,0.029815719495621628,0.034333333333333334,0.15653495440729484,synthetic,LR,temperature,val,
0.20400672363263872,0.5962750477628582,0.015001810324064276,0.02083021086682858,0.0365,0.1687211093990755,synthetic,LR,temperature,held,
0.1999548984949414,0.5872557805097052,0.02969000190908096,0.02866132086317802,0.034666666666666665,0.15877862595419848,synthetic,LR,beta,val,
0.20393375711860207,0.5959936019713371,0.020051118261866445,0.020105732251578,0.038,0.17484662576687116,synthetic,LR,beta,held,
0.19999236690294273,0.5861886826390248,0.026013503588917533,0.03127259617448294,0.03333333333333333,0.1564945226917058,synthetic,LR,isotonic,val,
0.20429040254623063,0.5967307266198182,0.019490392524654274,0.024154211392044007,0.034166666666666665,0.1646586345381526,synthetic,LR,isotonic,held,
0.20071215635777462,0.5879074940679311,0.029741248246694347,0.02999871062281736,0.029666666666666668,0.15213675213675212,synthetic,LR,bayes_bin,val,
0.2048041812319981,0.5976535045188535,0.028504614075761166,0.025658349586507617,0.03283333333333333,0.171602787456446,synthetic,LR,bayes_bin,held,
0.20138412806851436,0.5898156408320645,0.03265336727157652,0.03313222807365768,0.024666666666666667,0.15513626834381553,synthetic,GNB,raw,val,
0.20524063204136483,0.5987068302576387,0.01972896507620852,0.02286266946833846,0.026833333333333334,0.16701244813278007,synthetic,GNB,raw,held,
0.200642939409532,0.5888836225347487,0.02020673611043136,0.027227957438446086,0.035666666666666666,0.1646153846153846,synthetic,GNB,platt,val,
0.20511559940479007,0.5992987860788226,0.021632940825180073,0.017410446702092804,0.037333333333333336,0.17404817404817405,synthetic,GNB,platt,held,
0.20100930231026443,0.5896559007163114,0.027051556095405698,0.030371922437476565,0.034666666666666665,0.16124031007751938,synthetic,GNB,temperature,val,
0.2051739555329929,0.5994511872489071,0.014644095322386138,0.018935874562284002,0.036166666666666666,0.1700626959247649,synthetic,GNB,temperature,held,
0.20064356888140128,0.5888809925845885,0.02053578471322057,0.027217923826982786,0.035666666666666666,0.16411042944785276,synthetic,GNB,beta,val,
0.2051172978562766,0.5993128686315635,0.022460611217633132,0.017363862876028584,0.037,0.17276264591439688,synthetic,GNB,beta,held,
0.20136531775457245,0.589547913614663,0.02658058747175561,0.024454908665901665,0.06833333333333333,0.18963922294172064,synthetic,GNB,isotonic,val,
0.2059624773773606,0.6007218254421642,0.025912032977475293,0.028135840539572514,0.073,0.20091743119266056,synthetic,GNB,isotonic,held,
0.20206082805118994,0.59093122215162,0.030045910815956353,0.03533465989056138,0.04066666666666666,0.16804407713498623,synthetic,GNB,bayes_bin,val,
0.20566440955813997,0.5993500825094163,0.02800894578597421,0.023422927715937444,0.043166666666666666,0.17631041524846836,synthetic,GNB,bayes_bin,held,
0.21800385114618742,0.6599835565962184,0.1204152374048342,0.12010652402727977,0.123,0.22693726937269373,synthetic,HGB,raw,val,
0.2188684544755945,0.6632157885755234,0.1250942259417071,0.12346990207758683,0.11483333333333333,0.21612296110414053,synthetic,HGB,raw,held,
0.20100536582422204,0.5838879744373412,0.027409702181921628,0.02576675035501802,0.023333333333333334,0.10670731707317073,synthetic,HGB,platt,val,
0.20205115498680395,0.5869072523954195,0.02380366121612643,0.01827550486300577,0.028166666666666666,0.1282245827010622,synthetic,HGB,platt,held,
0.20093701730622668,0.5836987907253816,0.026012934623978183,0.02502703717834394,0.023333333333333334,0.10703363914373089,synthetic,HGB,temperature,val,
0.2020781781763501,0.5869397169876034,0.022452847706933086,0.017685027066392914,0.028166666666666666,0.1281273692191054,synthetic,HGB,temperature,held,
0.20099173504349557,0.583545094969126,0.02500510326029274,0.025857773348767352,0.023666666666666666,0.1083969465648855,synthetic,HGB,beta,val,
0.20194996317775424,0.5865450326138687,0.021404885731570115,0.01742177116949973,0.027666666666666666,0.1263318112633181,synthetic,HGB,beta,held,
0.20156512126099949,0.584720552763606,0.02372895727579143,0.030872348496241257,0.025,0.11210762331838565,synthetic,HGB,isotonic,val,
0.20296723688808238,0.5903357219837914,0.02499130583649556,0.0295108295598765,0.029833333333333333,0.13239644970414202,synthetic,HGB,isotonic,held,
0.20298391998515358,0.5883790440163295,0.04790953439519374,0.033378875501159075,0.03133333333333333,0.12824010914051842,synthetic,HGB,bayes_bin,val,
0.20472552212786074,0.5939660173401429,0.03859649471656065,0.030918336955306068,0.033166666666666664,0.13705234159779614,synthetic,HGB,bayes_bin,held,
0.18465233888962712,0.5435974222358118,0.015891702292939406,0.018906040614520225,0.033166666666666664,0.1045717288491855,synthetic,ORACLE,true_p,held,
0.20027775030347106,0.5872737387034116,0.03887219068125582,0.0356932318154269,0.03933333333333333,0.1688125894134478,synthetic,LR,raw,val,
0.2040054322485001,0.5967654455349811,0.022403050803035493,0.027480809967947842,0.042333333333333334,0.17614424410540916,synthetic,LR,raw,held,
0.200276941072127,0.5870254006063084,0.037597998788420225,0.03637891964932452,0.035333333333333335,0.1618320610687023,synthetic,LR,platt,val,
0.20389474257612097,0.5961194374954494,0.02094506467094515,0.025087467634127596,0.03866666666666667,0.17326362957430919,synthetic,LR,platt,held,
0.2002724339472215,0.5870215919830266,0.037596751856225276,0.03627335776097969,0.035666666666666666,0.1633587786259542,synthetic,LR,temperature,val,
0.20388582131330807,0.5961070024335766,0.021353505544646056,0.024942275875331713,0.0385,0.17303370786516853,synthetic,LR,temperature,held,
0.1998377351846809,0.5860756182421698,0.03330413580767571,0.02691174439484468,0.035,0.16304347826086957,synthetic,LR,beta,val,
0.2031992201374726,0.5943666848663195,0.016135816845585082,0.013959903906689813,0.037333333333333336,0.1693121693121693,synthetic,LR,beta,held,
0.19942131151251358,0.5847391698890855,0.029959673635915028,0.027306758346338406,0.027333333333333334,0.15327102803738318,synthetic,LR,isotonic,val,
0.20412771641630226,0.5960805323117614,0.03667405663497622,0.02880628781704099,0.03183333333333333,0.16977777777777778,synthetic,LR,isotonic,held,
0.19991656330815066,0.5860437190165169,0.025542710399103614,0.033321349422546734,0.03866666666666667,0.1710914454277286,synthetic,LR,bayes_bin,val,
0.20500403451739646,0.5979969123322973,0.030389278962192987,0.03402953696817821,0.041666666666666664,0.17780938833570412,synthetic,LR,bayes_bin,held,
0.20130179138812543,0.5895032520032653,0.03898051734321506,0.04069189664312691,0.024333333333333332,0.16367713004484305,synthetic,GNB,raw,val,
0.20453169276155897,0.5972464430297086,0.025594980607209387,0.03490032751568026,0.025833333333333333,0.16793066088840736,synthetic,GNB,raw,held,
0.20067751045525745,0.5886722730810289,0.03549043700016112,0.03499411999510323,0.038,0.17592592592592593,synthetic,GNB,platt,val,
0.20437110805341174,0.597964152575211,0.020093928725287605,0.03293720557748004,0.03833333333333333,0.17463933181473046,synthetic,GNB,platt,held,
0.20067125383747633,0.5886735127522629,0.03550970416508383,0.03480076069157667,0.038,0.1753846153846154,synthetic,GNB,temperature,val,
0.20435391811505307,0.5979444131825316,0.02053352566880761,0.032628778563998644,0.03833333333333333,0.17437452615617893,synthetic,GNB,temperature,held,
0.20006274797243412,0.5872336824938434,0.028825417455811346,0.028887330890236696,0.035,0.16666666666666666,synthetic,GNB,beta,val,
0.20340451826568257,0.5953863274021357,0.019945350777716534,0.02298507301848827,0.03666666666666667,0.17041053446940357,synthetic,GNB,beta,held,
0.20031911092489554,0.5884941545956612,0.023837640712446397,0.023764363164594942,0.025666666666666667,0.15009746588693956,synthetic,GNB,isotonic,val,
0.20427925023245,0.597668972194939,0.02473297777495561,0.029073631956444693,0.029,0.16292134831460675,synthetic,GNB,isotonic,held,
0.20032921588709196,0.5879746545213718,0.02566538863615977,0.022567225007592024,0.042,0.17897727272727273,synthetic,GNB,bayes_bin,val,
0.20476198133853882,0.5985441661387726,0.028688791199670896,0.024190037942639506,0.04466666666666667,0.1850828729281768,synthetic,GNB,bayes_bin,held,
0.22390314722765936,0.6829775556070502,0.12919248702858577,0.13068338214689118,0.12933333333333333,0.23745410036719705,synthetic,HGB,raw,val,
0.22305229034188567,0.6792329860792988,0.12960053714492684,0.1288866666132401,0.12983333333333333,0.23735527117611213,synthetic,HGB,raw,held,
0.20548309234789372,0.5952565071619775,0.036710221987491236,0.045166944248004735,0.04,0.1556420233463035,synthetic,HGB,platt,val,
0.20474484421866687,0.5940054283387619,0.029967946871255098,0.03684596111687831,0.03816666666666667,0.1472668810289389,synthetic,HGB,platt,held,
0.20551191637939306,0.5953171196366736,0.03393682002499975,0.04640590723508384,0.04,0.15645371577574968,synthetic,HGB,temperature,val,
0.20490990134617057,0.5942977528190279,0.03380995781645687,0.03921905448483863,0.0385,0.14817190506735087,synthetic,HGB,temperature,held,
0.20543440055741735,0.5952881543362238,0.04318246360830051,0.0447869266003336,0.03933333333333333,0.1544502617801047,synthetic,HGB,beta,val,
0.2046121225141,0.5936276228944843,0.030844992901438897,0.03497677976328103,0.038,0.1468126207340631,synthetic,HGB,beta,held,
0.2063253345412575,0.5979653334965206,0.03727479488628505,0.037606842107912215,0.041666666666666664,0.15723270440251572,synthetic,HGB,isotonic,val,
0.20521496503753928,0.5957206407689907,0.03314879591678718,0.0376479070020426,0.03983333333333333,0.149375,synthetic,HGB,isotonic,held,
0.20685441544753003,0.6006207821167656,0.04257684815875526,0.03879924835254546,0.05333333333333334,0.17057569296375266,synthetic,HGB,bayes_bin,val,
0.20576827899383632,0.5962622650611858,0.038851236138072134,0.0387156390303664,0.052,0.16578108395324123,synthetic,HGB,bayes_bin,held,
0.18467618795902402,0.5443235746020945,0.0125535770369614,0.013798931758856572,0.037,0.1106679960119641,synthetic,ORACLE,true_p,held,
0.19985980101001063,0.5883615312058531,0.03352851523680724,0.03411903264241784,0.03166666666666667,0.1660839160839161,synthetic,LR,raw,val,
0.20135954893830824,0.5899522933388033,0.027787073679552098,0.03152881825649651,0.0295,0.1551270815074496,synthetic,LR,raw,held,
0.19955102294877383,0.5884591112247449,0.02840272152797474,0.03032010033239858,0.03833333333333333,0.16862170087976538,synthetic,LR,platt,val,
0.2012160989613292,0.5899494965789194,0.024837719368424625,0.02921874971215445,0.03666666666666667,0.16034985422740525,synthetic,LR,platt,held,
0.19961849278809507,0.5888342468908995,0.030268783595947705,0.0331101489973331,0.03966666666666667,0.17246376811594202,synthetic,LR,temperature,val,
0.2012751950968715,0.5903987180214396,0.026032307532160976,0.029320154774008796,0.0375,0.16210374639769454,synthetic,LR,temperature,held,
0.1990055693020821,0.587585355695621,0.02920460933267508,0.023473729398821447,0.037,0.1661676646706587,synthetic,LR,beta,val,
0.2006459665245659,0.5883696307222249,0.022399770307647407,0.02114182344765077,0.034833333333333334,0.15726109857035364,synthetic,LR,beta,held,
0.19958702402328057,0.5886773795766886,0.037392128397899224,0.0347174474633302,0.05,0.17084282460136674,synthetic,LR,isotonic,val,
0.20104497228135051,0.5888509174425584,0.023471788995586593,0.02137858705733773,0.04883333333333333,0.17174677608440797,synthetic,LR,isotonic,held,
0.1987213901691385,0.5846446102816485,0.03023766115559139,0.02917163583716973,0.042,0.16890080428954424,synthetic,LR,bayes_bin,val,
0.201919567435557,0.5899912136112013,0.02639319116382651,0.028179932890759655,0.03933333333333333,0.16131237183868763,synthetic,LR,bayes_bin,held,
0.20066764865413017,0.5902036413030866,0.04995317373196391,0.044447161496625,0.023333333333333334,0.170316301703163,synthetic,GNB,raw,val,
0.20268303509901814,0.5934164164667823,0.03510258614078814,0.039579227459866445,0.020833333333333332,0.15644555694618273,synthetic,GNB,raw,held,
0.1991358317736415,0.5886329666982263,0.0307708263694504,0.03647393933232243,0.03933333333333333,0.17151162790697674,synthetic,GNB,platt,val,
0.20168142153121163,0.5923528978167506,0.021452949912029114,0.028277369004055024,0.0405,0.17711370262390672,synthetic,GNB,platt,held,
0.19926625817326124,0.5892178821735752,0.03834230213340227,0.03918224097395179,0.038,0.16593886462882096,synthetic,GNB,temperature,val,
0.20181154667951068,0.5930407969067378,0.026055096168220018,0.027262056882099397,0.04066666666666666,0.17732558139534885,synthetic,GNB,temperature,held,
0.19845976955005365,0.5876802110272503,0.03337260720319595,0.024639953919704676,0.038,0.16593886462882096,synthetic,GNB,beta,val,
0.2010745707059636,0.5909925643243467,0.017051148428131786,0.02094522532448956,0.0365,0.16114790286975716,synthetic,GNB,beta,held,
0.19848022532499437,0.585270612159755,0.024740899594873335,0.02625007722865442,0.05266666666666667,0.17516629711751663,synthetic,GNB,isotonic,val,
0.20185486149942755,0.5915601143184381,0.021865526518303362,0.02292539386816514,0.05466666666666667,0.1840628507295174,synthetic,GNB,isotonic,held,
0.1994148338078833,0.5858784166814216,0.0392867431831978,0.031300888184151734,0.05266666666666667,0.17458563535911603,synthetic,GNB,bayes_bin,val,
0.20198127043977943,0.5909361647963436,0.026047573178096674,0.029012239868798046,0.0545,0.18217270194986074,synthetic,GNB,bayes_bin,held,
0.21689974379716376,0.6540925291471551,0.11961221336512258,0.12156833819033602,0.11,0.20872865275142316,synthetic,HGB,raw,val,
0.21765660416308896,0.6557824852274895,0.11545863151528911,0.11371479544269064,0.1135,0.2196774193548387,synthetic,HGB,raw,held,
0.20162802882740363,0.585868315973117,0.031048165890673402,0.02844136840683964,0.032,0.1322314049586777,synthetic,HGB,platt,val,
0.20267461057605685,0.5880146173196898,0.024747630604980045,0.025789750805652285,0.03233333333333333,0.13671599718111346,synthetic,HGB,platt,held,
0.20154184485903326,0.5857608945972084,0.026414425876575564,0.027737405066202543,0.03266666666666666,0.13480055020632736,synthetic,HGB,temperature,val,
0.20264979990952883,0.5879793031487204,0.02032334992032378,0.02442439720908758,0.033,0.14002828854314003,synthetic,HGB,temperature,held,
0.20160158761545308,0.5855139188790774,0.027963249750407947,0.02886526553165821,0.03233333333333333,0.13623595505617977,synthetic,HGB,beta,val,
0.20277465420560842,0.5881844591292106,0.019425222241747055,0.02356947322564186,0.031,0.133428981348637,synthetic,HGB,beta,held,
0.20273187992252617,0.5906433669819062,0.03549535860823819,0.03294465235882073,0.03,0.13138686131386862,synthetic,HGB,isotonic,val,
0.2033062927987935,0.590518995425222,0.02731190649209398,0.025705540164815584,0.029166666666666667,0.13177710843373494,synthetic,HGB,isotonic,held,
0.20337013370326545,0.5909979474850153,0.04094364978330984,0.02894840417318064,0.026,0.1266233766233766,synthetic,HGB,bayes_bin,val,
0.20378557496721578,0.5916138404160938,0.022330628414612145,0.023583182160132096,0.024333333333333332,0.11977030352748154,synthetic,HGB,bayes_bin,held,
0.18246098128567148,0.5375678875386952,0.016587288222833504,0.022472105647367322,0.034833333333333334,0.10408366533864542,synthetic,ORACLE,true_p,held,
0.20228343551704628,0.5911570523558459,0.027425456152237238,0.026515305885247923,0.029666666666666668,0.14262820512820512,synthetic,LR,raw,val,
0.2023893595123054,0.5932330612787963,0.026847251624161985,0.022752657075852924,0.0415,0.1755994358251058,synthetic,LR,raw,held,
0.20282843776274148,0.5918921403710762,0.042251155148068674,0.03463917418745518,0.024,0.1381957773512476,synthetic,LR,platt,val,
0.20279362588883917,0.5933628096703292,0.02443253997564666,0.029268732341034484,0.03216666666666667,0.16481639624252775,synthetic,LR,platt,held,
0.20244282040784303,0.5912224804283422,0.02766630745880199,0.030934755425396077,0.02266666666666667,0.13076923076923078,synthetic,LR,temperature,val,
0.20234921635524655,0.5923430841390903,0.028107268628529615,0.023014579952867133,0.03283333333333333,0.16582491582491582,synthetic,LR,temperature,held,
0.20293089909989998,0.592195516238843,0.03317040247323946,0.03530256396360862,0.024,0.13636363636363635,synthetic,LR,beta,val,
0.2028562457595128,0.5933693832465314,0.026993626209274608,0.030523347694806014,0.03333333333333333,0.16863406408094436,synthetic,LR,beta,held,
0.20351908347368272,0.5934433534578731,0.03423640650541377,0.03061936798071541,0.023,0.13555992141453832,synthetic,LR,isotonic,val,
0.2036455221716912,0.5948877985210115,0.03927566103291149,0.03112775864387105,0.0315,0.16449086161879894,synthetic,LR,isotonic,held,
0.20315744108137676,0.5927806423670053,0.03241486069813458,0.02922393346661845,0.024,0.13533834586466165,synthetic,LR,bayes_bin,val,
0.203925030396466,0.5954442072157028,0.026137585540799903,0.0323638047679536,0.035,0.17100977198697068,synthetic,LR,bayes_bin,held,
0.20301780176547868,0.5929172962858749,0.04127931063837338,0.03627014925323504,0.018333333333333333,0.1282051282051282,synthetic,GNB,raw,val,
0.20249189077788815,0.5923414767660653,0.02572310357712685,0.02953793441142848,0.028,0.16699801192842942,synthetic,GNB,raw,held,
0.20307219162330048,0.5928917984155953,0.041847760616664655,0.03483528977477179,0.023666666666666666,0.13813229571984437,synthetic,GNB,platt,val,
0.2027633911522829,0.593198191067753,0.025713347748926835,0.03188615838754196,0.03283333333333333,0.16540722082283796,synthetic,GNB,platt,held,
0.20265160770261184,0.5921781383275369,0.04066899997940293,0.032336540382100765,0.024,0.13766730401529637,synthetic,GNB,temperature,val,
0.20227205190834763,0.5921471021290421,0.023303807360774358,0.02579368739225982,0.034166666666666665,0.17197986577181207,synthetic,GNB,temperature,held,
0.20303301181409808,0.5927698644965317,0.04121579735331986,0.0346355271636769,0.023666666666666666,0.13840155945419103,synthetic,GNB,beta,val,
0.20273547638005418,0.59317679251266,0.02439233593033333,0.031265788591887674,0.03233333333333333,0.16398985629754861,synthetic,GNB,beta,held,
0.2030374594215493,0.5925796058081514,0.027431057744245858,0.023972356325169024,0.021,0.13725490196078433,synthetic,GNB,isotonic,val,
0.2033275845610235,0.5945050818076417,0.03201222950205242,0.0339942455281116,0.029666666666666668,0.166510757717493,synthetic,GNB,isotonic,held,
0.20265005568429606,0.5914094083198523,0.019651929989857108,0.024837672385108027,0.023333333333333334,0.13257575757575757,synthetic,GNB,bayes_bin,val,
0.2037540649437461,0.5953006459170435,0.03705103943129151,0.03348197984768897,0.034333333333333334,0.17038875103391232,synthetic,GNB,bayes_bin,held,
0.20911215543498968,0.627760549746503,0.10279537754045832,0.10313217104108073,0.10933333333333334,0.20733249051833122,synthetic,HGB,raw,val,
0.21127699741302058,0.6417984685117065,0.10730444382982794,0.10808699180034016,0.11066666666666666,0.20653188180404355,synthetic,HGB,raw,held,
0.19673342771105687,0.5739216541885761,0.02032870454914967,0.02410590156093209,0.025,0.11078286558345643,synthetic,HGB,platt,val,
0.1978541778369151,0.5776833992579821,0.02377542097366074,0.024530326045027136,0.030333333333333334,0.1262135922330097,synthetic,HGB,platt,held,
0.19646979144921836,0.5732569428775645,0.023575690009786158,0.0211984749824454,0.024,0.1085972850678733,synthetic,HGB,temperature,val,
0.19752452253580918,0.5769222980729728,0.01836878657968177,0.02122566954802545,0.0315,0.13007570543702685,synthetic,HGB,temperature,held,
0.196721141283816,0.5740293019420424,0.017317610652946014,0.024374046559289486,0.024666666666666667,0.11044776119402985,synthetic,HGB,beta,val,
0.19783677923437176,0.5777145951938218,0.02093786071681724,0.023644147337389548,0.029666666666666668,0.1245626312106368,synthetic,HGB,beta,held,
0.1973964899270418,0.5758376271022997,0.026081495787562633,0.03529394893220013,0.025333333333333333,0.11209439528023599,synthetic,HGB,isotonic,val,
0.1986054293868311,0.5797663872060977,0.018466844144083058,0.02656302334756305,0.03266666666666666,0.13270142180094788,synthetic,HGB,isotonic,held,
0.19750944264055173,0.5763332710854546,0.03217033824721555,0.03093108681412391,0.03,0.12113055181695828,synthetic,HGB,bayes_bin,val,
0.19884853201808278,0.5805267676776039,0.0279460407151313,0.029254407400645357,0.03666666666666667,0.13613861386138615,synthetic,HGB,bayes_bin,held,
0.17949602050302177,0.532375464236577,0.023209425326528775,0.01982552911575373,0.035333333333333335,0.10241545893719807,synthetic,ORACLE,true_p,held,
0.19721358775943243,0.5804703903843964,0.03128353525077672,0.03172998056027403,0.028666666666666667,0.14098360655737704,synthetic,LR,raw,val,
0.19775075388715316,0.581437334517189,0.0282714205955391,0.028037933958963247,0.030333333333333334,0.15542271562766866,synthetic,LR,raw,held,
0.197094830361459,0.5803160102062983,0.02822198101106582,0.029353471022614708,0.030666666666666665,0.14603174603174604,synthetic,LR,platt,val,
0.197653670920961,0.581323429146398,0.026919300092511502,0.02632143852051263,0.03166666666666667,0.15522875816993464,synthetic,LR,platt,held,
0.1971311953174038,0.5803670763632913,0.03101232540590242,0.030180216693919237,0.031,0.1473851030110935,synthetic,LR,temperature,val,
0.1976575928303689,0.5812925617874518,0.026603862172729257,0.026046614236496193,0.03133333333333333,0.1533442088091354,synthetic,LR,temperature,held,
0.19689423215046167,0.579368964564222,0.024500629222334057,0.025796243853308407,0.03233333333333333,0.15085536547433903,synthetic,LR,beta,val,
0.19741615107325228,0.5803007673282877,0.024187653344357074,0.02456245035610227,0.0305,0.1497545008183306,synthetic,LR,beta,held,
0.19698064658898837,0.5802342028928364,0.0250244399748517,0.03122216146471008,0.03866666666666667,0.1582537517053206,synthetic,LR,isotonic,val,
0.197500234118046,0.5808321369242174,0.01756961985714802,0.02488960253454278,0.035166666666666666,0.15245664739884393,synthetic,LR,isotonic,held,
0.19788109519340094,0.5815957341347336,0.028281653713574297,0.024211878524476097,0.033666666666666664,0.15419847328244274,synthetic,LR,bayes_bin,val,
0.19763222524035762,0.5806939516371721,0.02126368117099589,0.024261301822402263,0.031166666666666665,0.15129449838187703,synthetic,LR,bayes_bin,held,
0.19779123599097473,0.5820420125852109,0.03681782053106488,0.04890718010717531,0.024666666666666667,0.14538310412573674,synthetic,GNB,raw,val,
0.19868624720684658,0.5839758290130962,0.03900464853129622,0.04024811560360701,0.024333333333333332,0.1500513874614594,synthetic,GNB,raw,held,
0.1972004347467248,0.5810690627669632,0.03060854400368299,0.04287955828862915,0.030666666666666665,0.1500815660685155,synthetic,GNB,platt,val,
0.19810884397633446,0.583033649706691,0.033655698858563565,0.03400308970134366,0.03233333333333333,0.1611295681063123,synthetic,GNB,platt,held,
0.19726259228646556,0.5811323601238161,0.031651795575381954,0.04345777236400302,0.031,0.15121951219512195,synthetic,GNB,temperature,val,
0.19812489073095318,0.5829814255579685,0.03048279787375414,0.034589932207331926,0.032,0.15933609958506223,synthetic,GNB,temperature,held,
0.19654424987205932,0.5782981588359154,0.026154085898875773,0.03348744382981323,0.032,0.15118110236220472,synthetic,GNB,beta,val,
0.19737727053492404,0.5800414198551432,0.02262006031018202,0.026180639899405278,0.029166666666666667,0.14693534844668346,synthetic,GNB,beta,held,
0.1972707131599944,0.5808980946480522,0.037658778754823215,0.034713247870101986,0.037333333333333336,0.15555555555555556,synthetic,GNB,isotonic,val,
0.19781823234431856,0.5815676593214818,0.016053777784699394,0.01649039089377122,0.034333333333333334,0.15547169811320755,synthetic,GNB,isotonic,held,
0.19659909845206092,0.57864395659159,0.027843076926081043,0.031303985476239,0.03233333333333333,0.15132605304212168,synthetic,GNB,bayes_bin,val,
0.19765643367867325,0.5808010427438326,0.017986161029246862,0.030422723396390548,0.031166666666666665,0.15203252032520326,synthetic,GNB,bayes_bin,held,
0.21120642465338643,0.6447995951866163,0.11025302742351138,0.11369888501205054,0.11466666666666667,0.21433021806853583,synthetic,HGB,raw,val,
0.21648717662026165,0.6525637998036502,0.11295892729644841,0.11534105897778592,0.114,0.21832109798914778,synthetic,HGB,raw,held,
0.19764977146626203,0.5781811238713022,0.026559061078198335,0.026129277414354467,0.027,0.12180451127819548,synthetic,HGB,platt,val,
0.20094385830340625,0.5842015800152426,0.02021479087530005,0.024727043865823445,0.026833333333333334,0.12215477996965099,synthetic,HGB,platt,held,
0.1977015849964489,0.5782877892204898,0.030870048497411887,0.027295323475711952,0.02666666666666667,0.12139605462822459,synthetic,HGB,temperature,val,
0.20094813240935083,0.5841731855048827,0.02431774613927721,0.024267068975527013,0.02666666666666667,0.12195121951219512,synthetic,HGB,temperature,held,
0.19758555914979614,0.5783209657584042,0.025622611448556536,0.02385612414045066,0.025666666666666667,0.11578947368421053,synthetic,HGB,beta,val,
0.20081806431658614,0.5834672820149212,0.025140179706176675,0.022474577176758024,0.024833333333333332,0.1164972634870993,synthetic,HGB,beta,held,
0.1984625037233035,0.5821856111648867,0.033358000453027156,0.03165891801663742,0.03,0.12048192771084337,synthetic,HGB,isotonic,val,
0.20151090954379575,0.5864665846449841,0.0272232298143307,0.02886224747360085,0.03133333333333333,0.12745762711864406,synthetic,HGB,isotonic,held,
0.1992477640966231,0.5828987605026036,0.03201882764915189,0.030067742189595525,0.024333333333333332,0.11624203821656051,synthetic,HGB,bayes_bin,val,
0.20207488618108702,0.5868090079767379,0.032987843239163074,0.03707690487073907,0.024166666666666666,0.11731391585760517,synthetic,HGB,bayes_bin,held,
0.17987964333625728,0.5301195048984608,0.012156127583595645,0.017784537889671447,0.0295,0.09114315139031925,synthetic,ORACLE,true_p,held,
0.2029980515646074,0.5957205318801839,0.024233836453801134,0.03850671255497564,0.03833333333333333,0.17424242424242425,synthetic,LR,raw,val,
0.20443505775243873,0.5983139177338274,0.020339252504256316,0.020846006317259958,0.03716666666666667,0.16766917293233083,synthetic,LR,raw,held,
0.20313426628181416,0.5954537830417597,0.026519554706617713,0.04132663238101798,0.034666666666666665,0.16720257234726688,synthetic,LR,platt,val,
0.20453197587594035,0.5981567353588328,0.017556806466649696,0.023267804368661507,0.035833333333333335,0.16929133858267717,synthetic,LR,platt,held,
0.20299667066703272,0.5953785005768486,0.02520539459897648,0.039738868193478515,0.035666666666666666,0.1720257234726688,synthetic,LR,temperature,val,
0.20438831754978243,0.5979070048093379,0.020319857070906357,0.020222571402144184,0.035,0.1661392405063291,synthetic,LR,temperature,held,
0.2022395272302132,0.5930354254520407,0.02519171220148694,0.03335223334242274,0.034333333333333334,0.16666666666666666,synthetic,LR,beta,val,
0.20430582467031044,0.5979548388840483,0.01960891530972845,0.02047632723335613,0.035833333333333335,0.1696921862667719,synthetic,LR,beta,held,
0.20230690068604365,0.5922911075115127,0.02225932301336263,0.029278819962435955,0.027666666666666666,0.14981949458483754,synthetic,LR,isotonic,val,
0.2059025446050999,0.6011241937371531,0.03787015464470224,0.03826128668653417,0.03166666666666667,0.1682905225863596,synthetic,LR,isotonic,held,
0.20361962066104497,0.5935620019270968,0.02961667430737363,0.030053535483085248,0.03233333333333333,0.15875613747954173,synthetic,LR,bayes_bin,val,
0.20644712773728546,0.6008684976734946,0.04085842110755166,0.03853219029780523,0.03833333333333333,0.1777434312210201,synthetic,LR,bayes_bin,held,
0.20412272371887794,0.5971705423206731,0.035887343810288005,0.04794191168491322,0.025333333333333333,0.168141592920354,synthetic,GNB,raw,val,
0.20452111618610314,0.5976460985672656,0.029433154864299718,0.03358375257359639,0.0225,0.16033254156769597,synthetic,GNB,raw,held,
0.20369968470005848,0.5973548295245739,0.02905124695305445,0.04147716927524361,0.036333333333333336,0.1719242902208202,synthetic,GNB,platt,val,
0.20413763412479324,0.597787259150357,0.020970107797376764,0.02362781532220843,0.035,0.16600790513833993,synthetic,GNB,platt,held,
0.20357758244769153,0.5973605727261471,0.027903735577591758,0.04012023755079147,0.037,0.17535545023696683,synthetic,GNB,temperature,val,
0.20404044308506486,0.5977047423668421,0.017366875127125217,0.02176493530294975,0.035166666666666666,0.1679936305732484,synthetic,GNB,temperature,held,
0.20237295160116575,0.5922942596852079,0.021608640500206312,0.030782409528413168,0.03333333333333333,0.1597444089456869,synthetic,GNB,beta,val,
0.20371802586215176,0.596018515381752,0.01923878304937411,0.02120107569900691,0.036166666666666666,0.16692307692307692,synthetic,GNB,beta,held,
0.20361851671184628,0.5965451493153135,0.028611767719366174,0.0330877444993464,0.041,0.16689280868385345,synthetic,GNB,isotonic,val,
0.20562186334597307,0.6018243330699216,0.03247638107527833,0.036667407287863656,0.0495,0.19001919385796545,synthetic,GNB,isotonic,held,
0.20333159421581076,0.593371848777326,0.02974014341729659,0.0303057426967024,0.03133333333333333,0.1558872305140962,synthetic,GNB,bayes_bin,val,
0.20540453493396157,0.5988877524294854,0.027379396927558773,0.03246582876181839,0.038,0.1795275590551181,synthetic,GNB,bayes_bin,held,
0.21873780204273582,0.6650168242130118,0.12292910141614556,0.12167118750147579,0.12333333333333334,0.2313946216385241,synthetic,HGB,raw,val,
0.22319720965667586,0.6778389563370467,0.1306496809068658,0.13089304799367701,0.13016666666666668,0.23292573814494483,synthetic,HGB,raw,held,
0.20160640663603394,0.5860246999166568,0.03739742012070173,0.031202018293902546,0.025,0.11645962732919254,synthetic,HGB,platt,val,
0.20354483432640305,0.5900489590633313,0.02171335292521232,0.023983239494636665,0.027,0.12153038259564891,synthetic,HGB,platt,held,
0.2018262545441978,0.5863414794287297,0.034420095089741795,0.03140456564045109,0.024666666666666667,0.11455108359133127,synthetic,HGB,temperature,val,
0.20357440801749271,0.5899898597603098,0.023791769178572546,0.02437752398369336,0.027666666666666666,0.12434456928838951,synthetic,HGB,temperature,held,
0.201488319408364,0.5855225819970107,0.04022229794982022,0.030005102604635316,0.025,0.11467889908256881,synthetic,HGB,beta,val,
0.20347548552191255,0.5897613903122251,0.02246708077519829,0.022575245215382757,0.027666666666666666,0.12351190476190477,synthetic,HGB,beta,held,
0.20246424733279278,0.5886703116828446,0.03460304356521033,0.042722245835410996,0.026,0.11659192825112108,synthetic,HGB,isotonic,val,
0.20448530620864275,0.5934696255203051,0.02930457770606304,0.02676763130919852,0.029166666666666667,0.12626262626262627,synthetic,HGB,isotonic,held,
0.20348551952291646,0.591759218831106,0.03973132669921748,0.03334453751190161,0.023666666666666666,0.11563517915309446,synthetic,HGB,bayes_bin,val,
0.20539224292360087,0.5958522941890199,0.03526825096606467,0.032831517373969825,0.030166666666666668,0.14240755310778913,synthetic,HGB,bayes_bin,held,
0.18488384167627775,0.5429276377548122,0.026938293223276653,0.01907209397791617,0.03233333333333333,0.10093652445369407,synthetic,ORACLE,true_p,held,
0.2006522423586729,0.5887319462358411,0.03661878993343239,0.03412719401948232,0.034666666666666665,0.16747181964573268,synthetic,LR,raw,val,
0.2032062292807616,0.5937114377076453,0.02477025361601606,0.023465794987206887,0.03283333333333333,0.15925626515763944,synthetic,LR,raw,held,
0.200764820878318,0.5887202489730292,0.030460493376146265,0.033536271518865936,0.03333333333333333,0.1592356687898089,synthetic,LR,platt,val,
0.203142355476906,0.5936140934213155,0.024996051540453132,0.02133069941222342,0.0325,0.15637530072173217,synthetic,LR,platt,held,
0.20065424372588814,0.5887213027277851,0.036714960902664594,0.03420925723790318,0.034333333333333334,0.16639741518578352,synthetic,LR,temperature,val,
0.2032043237505763,0.5936931075680486,0.02475449318444671,0.02343272329133307,0.03283333333333333,0.15964343598055106,synthetic,LR,temperature,held,
0.20035986792664084,0.58754782765626,0.032415988100331986,0.0292071623671219,0.03266666666666666,0.15960912052117263,synthetic,LR,beta,val,
0.20328483798054042,0.5943265959348423,0.02707778843544227,0.023262268946269118,0.033166666666666664,0.15907274180655476,synthetic,LR,beta,held,
0.20051643176902378,0.5872712603941579,0.029739247832268736,0.03045320006331016,0.028333333333333332,0.15711645101663585,synthetic,LR,isotonic,val,
0.203669365071716,0.5951573690751558,0.021464916837358287,0.027561777487198347,0.025666666666666667,0.14338919925512103,synthetic,LR,isotonic,held,
0.20079240214811767,0.5870569405880975,0.02894094022000074,0.029545924866928565,0.029,0.15535714285714286,synthetic,LR,bayes_bin,val,
0.20357717087344182,0.594119763054801,0.02390460291274589,0.028478123184261493,0.027666666666666666,0.14781834372217276,synthetic,LR,bayes_bin,held,
0.2020593132774638,0.5921315039294925,0.026346428471505687,0.03466524133082833,0.028333333333333332,0.1574074074074074,synthetic,GNB,raw,val,
0.20377780736940762,0.5947116757174672,0.026761048857953284,0.024199644592295174,0.026166666666666668,0.14853358561967833,synthetic,GNB,raw,held,
0.20203175235860282,0.5922514509843023,0.025902562827984574,0.03314644992147165,0.033,0.16282894736842105,synthetic,GNB,platt,val,
0.20371305035482848,0.5948307908678163,0.02346368681230471,0.025653373560546325,0.0325,0.1595744680851064,synthetic,GNB,platt,held,
0.20194324625552743,0.5922820363198898,0.022213643804570714,0.03179859832773826,0.033,0.16390728476821192,synthetic,GNB,temperature,val,
0.203752694371279,0.5949325724858281,0.026790805885299744,0.02413454550902909,0.033166666666666664,0.16244897959183674,synthetic,GNB,temperature,held,
0.20099730716462516,0.5890876175694689,0.023024674219993803,0.023612096129593165,0.030333333333333334,0.1566265060240964,synthetic,GNB,beta,val,
0.20401617605297034,0.5962312822975947,0.024798343073888215,0.027683620599522306,0.03133333333333333,0.15864978902953586,synthetic,GNB,beta,held,
0.20124458169199413,0.588747553250009,0.02024485397562813,0.02069754833701072,0.027,0.15,synthetic,GNB,isotonic,val,
0.20423969011699714,0.5963100981707761,0.02150438846920818,0.029281135735079504,0.03133333333333333,0.16549295774647887,synthetic,GNB,isotonic,held,
0.2012464566622954,0.5884559642075058,0.023608058657100674,0.02548120766245499,0.018666666666666668,0.14,synthetic,GNB,bayes_bin,val,
0.20469331268284827,0.5970614710223895,0.030442499744104463,0.03138613217439928,0.020166666666666666,0.14319526627218934,synthetic,GNB,bayes_bin,held,
0.21397220343259377,0.6577556361408828,0.12576301539039322,0.121988189080758,0.12166666666666667,0.2144535840188014,synthetic,HGB,raw,val,
0.2170422210654278,0.6633278211934677,0.12235977885326382,0.12334570626892773,0.122,0.2185727082711257,synthetic,HGB,raw,held,
0.19742254454362865,0.5762667437774021,0.025208618556433287,0.02436363682397198,0.041666666666666664,0.14534883720930233,synthetic,HGB,platt,val,
0.19947872064906827,0.5809586139463329,0.025845774155194165,0.02574251843042165,0.0375,0.13529765484064943,synthetic,HGB,platt,held,
0.1973732139867089,0.5761486341522833,0.03473043415626553,0.025053159570309923,0.04033333333333333,0.1415204678362573,synthetic,HGB,temperature,val,
0.19956225310791983,0.5811305142239936,0.025748613385372363,0.02513237884452253,0.03716666666666667,0.13498789346246973,synthetic,HGB,temperature,held,
0.19741910060674217,0.576312569492767,0.0267324494523305,0.02455516826807015,0.042,0.14634146341463414,synthetic,HGB,beta,val,
0.19947859297640264,0.5809333443298316,0.02530443268577118,0.02570760355611103,0.037333333333333336,0.1350210970464135,synthetic,HGB,beta,held,
0.19765037308117459,0.5777859799114828,0.03188905005499259,0.03280648995130885,0.04066666666666666,0.14403778040141677,synthetic,HGB,isotonic,val,
0.19931011098626356,0.5814558177705045,0.021136284429623314,0.02154493549609074,0.03666666666666667,0.13390139987827146,synthetic,HGB,isotonic,held,
0.1986960423774387,0.5803861532444333,0.03615300967877678,0.03191756340490252,0.045,0.1511758118701008,synthetic,HGB,bayes_bin,val,
0.19950340050275808,0.5822540030501118,0.02454641086856355,0.02697118285658118,0.04033333333333333,0.1400462962962963,synthetic,HGB,bayes_bin,held,
0.18136338676798705,0.5353190345411906,0.015243427179088881,0.013761533699150674,0.035333333333333335,0.10397253555664542,synthetic,ORACLE,true_p,held,
0.20481223935743273,0.5987469618442569,0.028725847980240776,0.02563536473550618,0.03666666666666667,0.17160686427457097,synthetic,LR,raw,val,
0.19733522433168127,0.5786596491440715,0.021993629847716915,0.018438337476354177,0.030833333333333334,0.1410060975609756,synthetic,LR,raw,held,
0.20468617807075426,0.5976891054349074,0.02871567331202786,0.025846836728700924,0.032,0.1708185053380783,synthetic,LR,platt,val,
0.19734080634595674,0.5787587702837351,0.028178999065839195,0.019987575267639734,0.023,0.12534059945504086,synthetic,LR,platt,held,
0.20479222522240775,0.5980294991712871,0.030283165843881004,0.026359455605754898,0.03233333333333333,0.17446043165467626,synthetic,LR,temperature,val,
0.19759038012359004,0.5792926031048513,0.024979455278755076,0.02454549674761653,0.023333333333333334,0.12832263978001834,synthetic,LR,temperature,held,
0.20450175275299412,0.5976319361393738,0.025529235727279526,0.023616957521774957,0.029,0.16081330868761554,synthetic,LR,beta,val,
0.19780072255731965,0.5803157048663805,0.0219070611046139,0.028291361501230017,0.0225,0.1267605633802817,synthetic,LR,beta,held,
0.20490458983890714,0.5980739117662613,0.02533864907350665,0.032648900857727266,0.037333333333333336,0.16208393632416787,synthetic,LR,isotonic,val,
0.19893614308999455,0.5827083352536149,0.02818882150235828,0.03295274649271006,0.03283333333333333,0.14327272727272727,synthetic,LR,isotonic,held,
0.204927505003367,0.5968851249064053,0.02792682281904484,0.02593307801333797,0.041666666666666664,0.16666666666666666,synthetic,LR,bayes_bin,val,
0.20033507817872495,0.5858277194796682,0.04410086349447253,0.03425818634819944,0.036333333333333336,0.14446653412856197,synthetic,LR,bayes_bin,held,
0.20474487524799376,0.5978133593787812,0.025153128673880882,0.026305559593892913,0.027,0.16463414634146342,synthetic,GNB,raw,val,
0.19806648489635578,0.5805512915844474,0.021191458652759863,0.026112621162512197,0.019833333333333335,0.11758893280632411,synthetic,GNB,raw,held,
0.20464173836516025,0.5974325949369886,0.02859185057853271,0.02519924937909038,0.027333333333333334,0.16015625,synthetic,GNB,platt,val,
0.19780666428133561,0.579900328096059,0.019796856761842476,0.023128400117690334,0.021166666666666667,0.12270531400966184,synthetic,GNB,platt,held,
0.20471904604832597,0.5977999531521979,0.024529986270795553,0.025912774967159286,0.028,0.16535433070866143,synthetic,GNB,temperature,val,
0.19801142127583776,0.5804082502634447,0.02042636415341593,0.025379608417998856,0.020666666666666667,0.12027158098933075,synthetic,GNB,temperature,held,
0.20404647129253703,0.5958558708100959,0.02245874253670974,0.01893540810541888,0.028333333333333332,0.1650485436893204,synthetic,GNB,beta,val,
0.1982657268503471,0.581310026775037,0.02077427842429535,0.030810124826964245,0.021,0.12562313060817548,synthetic,GNB,beta,held,
0.2050078462787018,0.5980874571198189,0.024822892372949268,0.02424280155665157,0.034666666666666665,0.16049382716049382,synthetic,GNB,isotonic,val,
0.1996865934259932,0.5846009406421828,0.03635508904760163,0.031597104822530385,0.029166666666666667,0.13844936708860758,synthetic,GNB,isotonic,held,
0.20563167782734107,0.5980699865812591,0.03708976657652004,0.03704479812375475,0.03233333333333333,0.16033057851239668,synthetic,GNB,bayes_bin,val,
0.20106715457843405,0.5872922055746367,0.04350940727007793,0.034397279486129695,0.026333333333333334,0.1358555460017197,synthetic,GNB,bayes_bin,held,
0.2216171734300671,0.6732399719301425,0.1294820405495924,0.13052244966946644,0.12133333333333333,0.22073984232868404,synthetic,HGB,raw,val,
0.21550626041942778,0.6489724414457153,0.11644813937264624,0.11650275475506681,0.11766666666666667,0.2167638931532085,synthetic,HGB,raw,held,
0.2026259358077445,0.5881417890699507,0.0357996089420172,0.029484132140433467,0.028666666666666667,0.1259150805270864,synthetic,HGB,platt,val,
0.1993369936432825,0.5802675201343417,0.020030562173940964,0.015384514062389072,0.0235,0.10964230171073094,synthetic,HGB,platt,held,
0.20272375931513034,0.5884446028446724,0.02523519741610527,0.03336610340305016,0.028666666666666667,0.1246376811594203,synthetic,HGB,temperature,val,
0.19949649562332036,0.5805873515726052,0.019604462305527193,0.01898403662838789,0.023833333333333335,0.11068111455108359,synthetic,HGB,temperature,held,
0.20254962076245991,0.588020250667379,0.03132387169060479,0.02990647417836617,0.029666666666666668,0.13069016152716592,synthetic,HGB,beta,val,
0.19943261885011015,0.5806028312245911,0.019514742983869664,0.017636608785079125,0.024166666666666666,0.1123160340821069,synthetic,HGB,beta,held,
0.2025947431149096,0.5885861408540896,0.03317092030977059,0.028157228202576854,0.03266666666666666,0.1308411214953271,synthetic,HGB,isotonic,val,
0.20007067250013605,0.5816542603561999,0.0190905326319911,0.017003408233997607,0.028666666666666667,0.12285714285714286,synthetic,HGB,isotonic,held,
0.20345336358140267,0.5908457720331727,0.03356720177228237,0.038102348067537706,0.029666666666666668,0.13928012519561817,synthetic,HGB,bayes_bin,val,
0.2006415026666128,0.5836212693327695,0.021434476758130677,0.025060880585770814,0.023166666666666665,0.12235915492957747,synthetic,HGB,bayes_bin,held,
0.17914291884559672,0.5300128644842668,0.012270395462765109,0.013652176010568583,0.03816666666666667,0.10761278195488722,synthetic,ORACLE,true_p,held,
0.19355252986586974,0.570182682601371,0.022879345961726846,0.020184162360736033,0.031,0.13043478260869565,synthetic,LR,raw,val,
0.20413380422460364,0.5962147994160986,0.020040165408432894,0.016982173696775467,0.035,0.168,synthetic,LR,raw,held,
0.19371073482017528,0.570541496510532,0.025373872364552158,0.021959764735831333,0.030666666666666665,0.13372093023255813,synthetic,LR,platt,val,
0.204244108941853,0.5964287908309095,0.025622640585125256,0.018500311994764547,0.034833333333333334,0.17315658657829328,synthetic,LR,platt,held,
0.19359940683728158,0.5702674948810498,0.023689256091674576,0.02043979648389977,0.03,0.12987012987012986,synthetic,LR,temperature,val,
0.20411379550342804,0.5960488909212261,0.01968254433058972,0.01678008543778709,0.033166666666666664,0.16541978387364922,synthetic,LR,temperature,held,
0.19373473883410838,0.5710850167319865,0.024138111449811588,0.025844688696463825,0.031,0.13596491228070176,synthetic,LR,beta,val,
0.20439854097196314,0.5971480076624943,0.023365126966745725,0.020399761706619994,0.033666666666666664,0.16763485477178422,synthetic,LR,beta,held,
0.19456563799020896,0.5727605201855869,0.02975346568244467,0.031013838584257207,0.051,0.17037861915367483,synthetic,LR,isotonic,val,
0.20530529755370908,0.5990558216377319,0.02665864114638452,0.02881345371048402,0.0575,0.2034198113207547,synthetic,LR,isotonic,held,
0.19590065154305786,0.5758795190690025,0.03760749480589348,0.04073281045727449,0.039,0.1473551637279597,synthetic,LR,bayes_bin,val,
0.2056644934989938,0.5992257648284259,0.022661128012639233,0.03170366493632728,0.043,0.18143459915611815,synthetic,LR,bayes_bin,held,
0.1941703478219669,0.5720428923779104,0.03378465524240287,0.03196913626261738,0.023666666666666666,0.12369337979094076,synthetic,GNB,raw,val,
0.2040813384393063,0.5957092538070539,0.025280477266093646,0.02255312690965588,0.025,0.15212981744421908,synthetic,GNB,raw,held,
0.19383285043120668,0.5713305094783966,0.02820447084887769,0.027607932907502658,0.030333333333333334,0.13541666666666666,synthetic,GNB,platt,val,
0.2040758093696905,0.5961664981730277,0.02332660644428152,0.022589606231613664,0.03283333333333333,0.164578111946533,synthetic,GNB,platt,held,
0.1937111657291789,0.5710339331364508,0.02934595398409271,0.02763478022175868,0.029666666666666668,0.13088235294117648,synthetic,GNB,temperature,val,
0.20396891965406885,0.5958835124671017,0.024912014785985998,0.021602153429828505,0.03333333333333333,0.16835016835016836,synthetic,GNB,temperature,held,
0.193839813274415,0.5716804302691103,0.03286667589334941,0.02994539749265545,0.031,0.13757396449704143,synthetic,GNB,beta,val,
0.20414795744754322,0.5965115347579378,0.0236134011462298,0.02393181667442942,0.03333333333333333,0.16611295681063123,synthetic,GNB,beta,held,
0.19479684105922715,0.5741921600811647,0.029098872058482245,0.04034954166937323,0.05266666666666667,0.1759465478841871,synthetic,GNB,isotonic,val,
0.2046982173002526,0.5979203860284147,0.023767585596847912,0.026223516418513657,0.05433333333333333,0.19951040391676866,synthetic,GNB,isotonic,held,
0.19515523619955522,0.5745504148927474,0.02698194222769984,0.0345465751811469,0.04133333333333333,0.15270935960591134,synthetic,GNB,bayes_bin,val,
0.20466400179356142,0.5971112324055899,0.02358611549057394,0.025978507218128187,0.041833333333333333,0.18175235336712528,synthetic,GNB,bayes_bin,held,
0.20747509603665867,0.6325877764712732,0.10972928798947408,0.11234387947792172,0.10633333333333334,0.19368548876745598,synthetic,HGB,raw,val,
0.21649191792818068,0.6604101596080665,0.11545872114260115,0.11459726793559287,0.115,0.2155576382380506,synthetic,HGB,raw,held,
0.19331629641116713,0.565500123821643,0.030947562002279782,0.033777601658420045,0.029333333333333333,0.11369509043927649,synthetic,HGB,platt,val,
0.20150772877059958,0.5867787127913938,0.017420575412575433,0.01978965308602083,0.03233333333333333,0.13946800862688713,synthetic,HGB,platt,held,
0.19322277054291725,0.5651962236787837,0.02963048819744351,0.033197978547844655,0.028333333333333332,0.1093951093951094,synthetic,HGB,temperature,val,
0.20143043349892129,0.5865363771245314,0.014384667021165776,0.01739320591524574,0.03183333333333333,0.13711414213926776,synthetic,HGB,temperature,held,
0.19330314067544752,0.5650054940548843,0.031106026778572403,0.03130752953890631,0.028333333333333332,0.10841836734693877,synthetic,HGB,beta,val,
0.20147813181199012,0.5865382950288888,0.018330156209582976,0.018534551417010797,0.03183333333333333,0.13681948424068768,synthetic,HGB,beta,held,
0.19441567009871838,0.567814560492464,0.036620767815077095,0.03430543874731691,0.03666666666666667,0.1354679802955665,synthetic,HGB,isotonic,val,
0.20221356799267728,0.5896066753530287,0.01975411109516723,0.022144853469035317,0.037333333333333336,0.15165876777251186,synthetic,HGB,isotonic,held,
0.19457976807252755,0.5681893711246812,0.030549751375308968,0.02615156437289651,0.029333333333333333,0.11578947368421053,synthetic,HGB,bayes_bin,val,
0.20247283891683432,0.5896702996139088,0.024402313037198763,0.02261937934213304,0.030333333333333334,0.13491475166790215,synthetic,HGB,bayes_bin,held,
0.18435278373463784,0.5427321678070457,0.017609073849036986,0.015252432824509646,0.038,0.11497730711043873,synthetic,ORACLE,true_p,held,
0.19440716853697632,0.572593724687724,0.023877224794783065,0.03400733816860988,0.031,0.13556851311953352,synthetic,LR,raw,val,
0.20029416293919122,0.5876713643263771,0.024281132835536616,0.028712937554387294,0.035,0.16342412451361868,synthetic,LR,raw,held,
0.19448517463712225,0.572992891736573,0.03351821589054139,0.035114472720149226,0.026,0.1291390728476821,synthetic,LR,platt,val,
0.2004176824670305,0.5876897614369149,0.02863522489893005,0.029440654607200096,0.031,0.1637323943661972,synthetic,LR,platt,held,
0.19469957950801858,0.5731961469868001,0.029186443928611683,0.03619853182059054,0.026,0.12828947368421054,synthetic,LR,temperature,val,
0.2004637644940934,0.5876700241760091,0.027545271623798637,0.029854629018416155,0.03,0.1618705035971223,synthetic,LR,temperature,held,
0.19389022926680702,0.5712367732039907,0.030662021622890303,0.030179315741190205,0.026,0.1291390728476821,synthetic,LR,beta,val,
0.20024104641416188,0.5871812199841276,0.024813285766791125,0.02698678727041727,0.029166666666666667,0.15751575157515751,synthetic,LR,beta,held,
0.19634377756213067,0.5784662633985396,0.042928692263879874,0.04427159490054873,0.020666666666666667,0.11720226843100189,synthetic,LR,isotonic,val,
0.20118995890648195,0.5888886845285025,0.0336991459579993,0.03178598667340989,0.024166666666666666,0.15104166666666666,synthetic,LR,isotonic,held,
0.1987646567323585,0.5821577837600324,0.04605152125342405,0.04502867627656213,0.044333333333333336,0.170076726342711,synthetic,LR,bayes_bin,val,
0.20303216284424336,0.5929686547996055,0.03824261831908369,0.03446848176106155,0.050333333333333334,0.19933993399339933,synthetic,LR,bayes_bin,held,
0.19551437000101773,0.5760783996418922,0.040095036932045004,0.04893430027952829,0.023666666666666666,0.13345864661654136,synthetic,GNB,raw,val,
0.2009454265036347,0.5887452250054034,0.030344600913943674,0.03609220673463313,0.024333333333333332,0.1540084388185654,synthetic,GNB,raw,held,
0.19490005403585686,0.5750927930461358,0.03399472992075839,0.04438690542190627,0.027333333333333334,0.13969335604770017,synthetic,GNB,platt,val,
0.20058022811708595,0.5882874905381739,0.027683733328869208,0.0324787061883536,0.029166666666666667,0.1604032997250229,synthetic,GNB,platt,held,
0.19515700779585193,0.5752921426711095,0.03581005441068779,0.046235102389705865,0.026333333333333334,0.1359724612736661,synthetic,GNB,temperature,val,
0.20069443474888085,0.5883195987833131,0.026755416195919746,0.03435472299044442,0.029,0.1614100185528757,synthetic,GNB,temperature,held,
0.1936188734717463,0.5711760149535139,0.03240230893121081,0.03063647808686922,0.026,0.1306532663316583,synthetic,GNB,beta,val,
0.20005072764941928,0.5865751082927221,0.0297177910545454,0.024791771015267538,0.0265,0.14695009242144177,synthetic,GNB,beta,held,
0.1949548599672576,0.5757106091490218,0.03586042669540479,0.03326844394474813,0.033,0.14022662889518414,synthetic,GNB,isotonic,val,
0.20075489512310318,0.5882846012112121,0.027641422032967346,0.02736678044756784,0.03216666666666667,0.1548956661316212,synthetic,GNB,isotonic,held,
0.19531285722713387,0.5752467489560901,0.04231181952278959,0.041875752595583855,0.028333333333333332,0.13980263157894737,synthetic,GNB,bayes_bin,val,
0.20111553661706458,0.5886106555480201,0.028590938880126104,0.029012687936272735,0.0325,0.16483516483516483,synthetic,GNB,bayes_bin,held,
0.21513860262270199,0.6474185107138247,0.12306988046121795,0.12176257783084592,0.11533333333333333,0.2114914425427873,synthetic,HGB,raw,val,
0.21707983916503992,0.660514473825056,0.11071675104779216,0.11218919979193437,0.11666666666666667,0.22435897435897437,synthetic,HGB,raw,held,
0.1981823201830933,0.5769721307768928,0.03684241148033651,0.029859226270626607,0.018,0.09278350515463918,synthetic,HGB,platt,val,
0.20227176699029564,0.5888862674310819,0.023744559166231992,0.02142908879049614,0.021,0.12244897959183673,synthetic,HGB,platt,held,
0.1982608902338853,0.5770722914298372,0.03354573947852465,0.02829221151952779,0.017333333333333333,0.09012131715771231,synthetic,HGB,temperature,val,
0.20235916099902973,0.5889641876440954,0.019245708391615875,0.022536663752778765,0.02033333333333333,0.11984282907662082,synthetic,HGB,temperature,held,
0.19810934743197497,0.5769064105421897,0.0350079556836108,0.029062008652414942,0.01633333333333333,0.08703374777975133,synthetic,HGB,beta,val,
0.20224568710090082,0.5880698378929259,0.016926476341977827,0.020939839349071798,0.019666666666666666,0.12114989733059549,synthetic,HGB,beta,held,
0.19887881116417486,0.5786133352289292,0.029135405849886775,0.026553067958631455,0.030333333333333334,0.11772315653298836,synthetic,HGB,isotonic,val,
0.20207388607719676,0.5878026232432183,0.02353885785959565,0.016821824493183014,0.0325,0.1356050069541029,synthetic,HGB,isotonic,held,
0.19936364452770772,0.5808933191309563,0.02417985093330616,0.030143748112778708,0.023,0.101620029455081,synthetic,HGB,bayes_bin,val,
0.20272240195650598,0.5890497553344646,0.016622494033049176,0.01629614491092633,0.026,0.12611156022635409,synthetic,HGB,bayes_bin,held,
0.18272404011400506,0.5388101853280659,0.014319452389268487,0.012844202226011741,0.03383333333333333,0.10639412997903563,synthetic,ORACLE,true_p,held,
0.1926185854240828,0.5698259137134977,0.02846870007234393,0.03495312090528435,0.038,0.14690721649484537,synthetic,LR,raw,val,
0.2006989601574859,0.5894373538463605,0.02152478123023517,0.02160416367578606,0.03383333333333333,0.15984251968503937,synthetic,LR,raw,held,
0.19293781242386324,0.570040432118729,0.02572429833987675,0.036303791355717735,0.03166666666666667,0.1355206847360913,synthetic,LR,platt,val,
0.200676002735854,0.5889433155080964,0.02370774467974704,0.02135652779078501,0.028833333333333332,0.15202108963093147,synthetic,LR,platt,held,
0.19275703641042624,0.5698969158070886,0.03073160394164453,0.03505285241212195,0.03333333333333333,0.14064697609001406,synthetic,LR,temperature,val,
0.2008043220989076,0.5893260162847279,0.024255978999806655,0.023426595698000905,0.030166666666666668,0.15752828546562228,synthetic,LR,temperature,held,
0.19246440956851163,0.5687283552728879,0.030873586807605238,0.03258019638325027,0.03,0.13157894736842105,synthetic,LR,beta,val,
0.2006189626348408,0.588546924252698,0.027048099263798392,0.023061552889478525,0.028833333333333332,0.1577028258887876,synthetic,LR,beta,held,
0.19264052789898703,0.5695658307643551,0.028321467054689128,0.030236446650449413,0.03266666666666666,0.13592233009708737,synthetic,LR,isotonic,val,
0.20059910415960477,0.588723378407022,0.017256479563161415,0.017585515954145564,0.03216666666666667,0.16164154103852596,synthetic,LR,isotonic,held,
0.19333965153677726,0.5708738687261796,0.0361775738737958,0.02901973238804148,0.035666666666666666,0.13986928104575164,synthetic,LR,bayes_bin,val,
0.2010130041831296,0.588603300590012,0.02245675110684179,0.01941891396901384,0.035666666666666666,0.16563467492260062,synthetic,LR,bayes_bin,held,
0.19321384511500428,0.5710628616603226,0.04659692219235256,0.043228163475901936,0.025666666666666667,0.1320754716981132,synthetic,GNB,raw,val,
0.20141014782113908,0.5907006960689102,0.037626553791426556,0.0381648272163449,0.023333333333333334,0.15730337078651685,synthetic,GNB,raw,held,
0.1927306214254101,0.569825348145117,0.031344870955246656,0.03804051205917152,0.029666666666666668,0.12861271676300579,synthetic,GNB,platt,val,
0.20063459633355182,0.5893863321160797,0.030455811460071903,0.031202511421939427,0.030666666666666665,0.16112084063047286,synthetic,GNB,platt,held,
0.1925321902481594,0.569755626025968,0.037869704517259656,0.03794450164716838,0.03,0.13043478260869565,synthetic,GNB,temperature,val,
0.20083578671939434,0.5899778378162065,0.027672037678770495,0.02955266363147208,0.030833333333333334,0.16017316017316016,synthetic,GNB,temperature,held,
0.1921955100460988,0.5682269333742797,0.030851422399919504,0.031875421918707375,0.030333333333333334,0.1324599708879185,synthetic,GNB,beta,val,
0.20055060813560044,0.5887543990016261,0.028881045844047225,0.029831533015233787,0.0305,0.16427289048473967,synthetic,GNB,beta,held,
0.19289070144164452,0.5709298453331386,0.037055090720779574,0.026882741902352604,0.056666666666666664,0.1710261569416499,synthetic,GNB,isotonic,val,
0.20051912003685682,0.5891253181725523,0.013440425939429644,0.018939810808459294,0.051833333333333335,0.18337264150943397,synthetic,GNB,isotonic,held,
0.19361244617233841,0.571564418494959,0.035544150569782294,0.0302949455592444,0.045,0.16544117647058823,synthetic,GNB,bayes_bin,val,
0.20164860406814797,0.5905215325965399,0.030673703055617063,0.025115592219032375,0.042166666666666665,0.18240807498197548,synthetic,GNB,bayes_bin,held,
0.21188286474227236,0.6486939510284068,0.11647369629133487,0.12010874192384687,0.11733333333333333,0.21090473337327742,synthetic,HGB,raw,val,
0.21796626381784873,0.6591270819946228,0.11644110838219832,0.11602667355570104,0.116,0.22343499197431782,synthetic,HGB,raw,held,
0.1961308877423872,0.5721983718598341,0.02556730750522584,0.03236972644904755,0.028,0.11634349030470914,synthetic,HGB,platt,val,
0.20254556374281402,0.588426359295445,0.017337782826508427,0.015671440073885747,0.020833333333333332,0.10993843447669305,synthetic,HGB,platt,held,
0.1957897731580757,0.5715941587972879,0.022599328118756853,0.029007874518453998,0.026,0.10803324099722991,synthetic,HGB,temperature,val,
0.20255370167336317,0.5885847979572884,0.017350746447266377,0.017074998792900076,0.021166666666666667,0.11091703056768559,synthetic,HGB,temperature,held,
0.1959488030619378,0.5719133563655365,0.02261757451953716,0.03034227497398146,0.029333333333333333,0.12137931034482759,synthetic,HGB,beta,val,
0.20246202167296717,0.588158858705117,0.020806045111794694,0.013990629876516801,0.021,0.11361587015329125,synthetic,HGB,beta,held,
0.19715232798120427,0.5741580504405867,0.027583176583085206,0.03622350265661507,0.019333333333333334,0.1001727115716753,synthetic,HGB,isotonic,val,
0.20387355510045865,0.5927358569706384,0.017880957732265217,0.028764701872301516,0.014666666666666666,0.10377358490566038,synthetic,HGB,isotonic,held,
0.19745870435172627,0.5766755805543283,0.03277382138869163,0.03875503920272939,0.014666666666666666,0.08576998050682261,synthetic,HGB,bayes_bin,val,
0.20369657211233005,0.5922236170638109,0.027055721051778153,0.02509109607259155,0.011833333333333333,0.09568733153638814,synthetic,HGB,bayes_bin,held,
0.1828405544152424,0.5389041497305314,0.021632558141144412,0.017758591777582045,0.0325,0.1056338028169014,synthetic,ORACLE,true_p,held,
0.191304891443115,0.5654155572525763,0.020047154902407466,0.02657298860907616,0.033666666666666664,0.1377899045020464,synthetic,LR,raw,val,
0.20294986238941426,0.5947188268316462,0.022358288739733334,0.017555007275125045,0.0395,0.16952789699570817,synthetic,LR,raw,held,
0.19126179625564396,0.5652527058938618,0.034561427457726904,0.022625647045008034,0.028666666666666667,0.13050075872534142,synthetic,LR,platt,val,
0.20314442006531364,0.5946010821710924,0.020837576792787273,0.022203510855755906,0.03383333333333333,0.16072842438638163,synthetic,LR,platt,held,
0.19159287135701206,0.566094169622349,0.025604889984856057,0.02990014927443239,0.027,0.125,synthetic,LR,temperature,val,
0.20289382323191005,0.5940022332574143,0.022007945298509142,0.017013408272056104,0.03216666666666667,0.15652879156528793,synthetic,LR,temperature,held,
0.19127051650719637,0.5653202772818835,0.03755344888606488,0.02276911201453654,0.028,0.1278538812785388,synthetic,LR,beta,val,
0.20317156716934948,0.5946343433471908,0.02285834938727036,0.022719658079413587,0.03383333333333333,0.16123907863383638,synthetic,LR,beta,held,
0.19167005946974663,0.5667745797188443,0.02591577747841462,0.028328794817744113,0.035666666666666666,0.13561470215462612,synthetic,LR,isotonic,val,
0.20310288493861917,0.5940391451971729,0.022480469624539822,0.022262234210482554,0.042,0.17050067658998647,synthetic,LR,isotonic,held,
0.19188269775477465,0.5669043479225432,0.02638744515853503,0.026545875939487186,0.035333333333333335,0.1341772151898734,synthetic,LR,bayes_bin,val,
0.20325347419201725,0.593563078050693,0.023581920980710352,0.02370608579876638,0.042,0.17073170731707318,synthetic,LR,bayes_bin,held,
0.19309922099841711,0.5701172037621368,0.04680084621675613,0.054387346864557116,0.015666666666666666,0.10609480812641084,synthetic,GNB,raw,val,
0.2041159632954487,0.5959235244688805,0.03048401134457246,0.02428468395088136,0.021666666666666667,0.15384615384615385,synthetic,GNB,raw,held,
0.19132722394445273,0.5655362261059232,0.029312126877659567,0.038578830223185645,0.025666666666666667,0.12106918238993711,synthetic,GNB,platt,val,
0.20392344350915487,0.5961973827156157,0.02487866778986035,0.024256686311526065,0.03233333333333333,0.15901639344262294,synthetic,GNB,platt,held,
0.19172487239390743,0.5664869821037923,0.03263031690829078,0.04078557511688725,0.027,0.12796208530805686,synthetic,GNB,temperature,val,
0.20369843364255508,0.5956279502108829,0.023481990676397283,0.016400816690851902,0.03166666666666667,0.15676567656765678,synthetic,GNB,temperature,held,
0.1913294245696398,0.565652817758261,0.028308516901250615,0.03941767409362704,0.026333333333333334,0.1234375,synthetic,GNB,beta,val,
0.20397612034971485,0.5962376706237104,0.024883083231495667,0.02528052286163228,0.03266666666666666,0.16052416052416052,synthetic,GNB,beta,held,
0.19176089986328107,0.5669687406106809,0.017121084696945114,0.025725550370337455,0.037333333333333336,0.13947696139476962,synthetic,GNB,isotonic,val,
0.20406542280231868,0.5963455359195967,0.0228794475955093,0.026426188297552434,0.04416666666666667,0.17538054268696227,synthetic,GNB,isotonic,held,
0.19154772359664207,0.5662638997939419,0.02654317825874947,0.026290451991591017,0.036,0.13399503722084366,synthetic,GNB,bayes_bin,val,
0.20402463853580352,0.5951094910893127,0.01918277323849403,0.023927732932483316,0.041833333333333333,0.16644562334217505,synthetic,GNB,bayes_bin,held,
0.2062051609424268,0.6266848999733485,0.10881016736854235,0.10753531151781963,0.10566666666666667,0.19329268292682927,synthetic,HGB,raw,val,
0.22049050795471048,0.6594514732386504,0.1244982088023775,0.12603024597614743,0.11416666666666667,0.2190598017268948,synthetic,HGB,raw,held,
0.1931839421355403,0.5664290793110586,0.034360451222449524,0.02694007233009429,0.026333333333333334,0.10646900269541779,synthetic,HGB,platt,val,
0.20291549878321188,0.5871678765120708,0.034590459506149314,0.03247673698328181,0.027333333333333334,0.11875452570601014,synthetic,HGB,platt,held,
0.19322880178970392,0.5665877041060189,0.033348552253799506,0.026852069100060112,0.027,0.1091644204851752,synthetic,HGB,temperature,val,
0.2028154428568702,0.5869674694202793,0.031531073892130154,0.031559273760065766,0.027166666666666665,0.11803041274438812,synthetic,HGB,temperature,held,
0.1931402646159451,0.5662341617495469,0.0371220193284339,0.026349094638500707,0.025666666666666667,0.10476190476190476,synthetic,HGB,beta,val,
0.20286528313116017,0.5870730507274738,0.031015747526615598,0.031691316404904926,0.027666666666666666,0.12002892263195951,synthetic,HGB,beta,held,
0.19399653189866073,0.5688891472449515,0.025322176259175485,0.024032140620299285,0.025666666666666667,0.10198675496688742,synthetic,HGB,isotonic,val,
0.2036308538012602,0.5893563243640892,0.02691675796335958,0.02461765541666583,0.0295,0.12456016889514426,synthetic,HGB,isotonic,held,
0.19376935277477492,0.5675467108750554,0.029426034187252145,0.029060923958601156,0.028666666666666667,0.10941475826972011,synthetic,HGB,bayes_bin,val,
0.20414394140141462,0.5910619762188315,0.034945028356372386,0.035455035923992746,0.03166666666666667,0.1320361362056984,synthetic,HGB,bayes_bin,held,
0.1796507298095011,0.5299804841039557,0.012047803964394173,0.01617815244212765,0.033,0.09816559246405553,synthetic,ORACLE,true_p,held,
0.19081162852176337,0.563692331443663,0.04338127089069347,0.044474569159415334,0.017666666666666667,0.1001890359168242,synthetic,LR,raw,val,
0.2009519681326009,0.5882485393953156,0.019706326355594817,0.034297598017119985,0.0285,0.14908456843940715,synthetic,LR,raw,held,
0.19050792134945113,0.5632825849298502,0.04480169959265139,0.04173670637706238,0.019666666666666666,0.10865561694290976,synthetic,LR,platt,val,
0.2005238839518905,0.5876138788383615,0.020332668263210577,0.030565087259504096,0.029,0.14560669456066946,synthetic,LR,platt,held,
0.1906584253921048,0.5632701793955532,0.04143297255959191,0.04298046966833967,0.018666666666666668,0.10313075506445672,synthetic,LR,temperature,val,
0.20091965613035498,0.5882342957234025,0.019479619468314995,0.033670534980874994,0.029333333333333333,0.1494057724957555,synthetic,LR,temperature,held,
0.19012600455346718,0.5617289894559446,0.03772991926875165,0.0379230901086592,0.018666666666666668,0.10237659963436929,synthetic,LR,beta,val,
0.20022852266557264,0.5865894375808847,0.01999257239661159,0.026500867015754628,0.029833333333333333,0.14954051796157058,synthetic,LR,beta,held,
0.19015720127198446,0.5622870179904641,0.0362966897551306,0.033388155131354784,0.020666666666666667,0.10689655172413794,synthetic,LR,isotonic,val,
0.20116909027652397,0.5890718114593404,0.02534939331562803,0.028382833660225766,0.0315,0.14928909952606634,synthetic,LR,isotonic,held,
0.19109469110522773,0.5651657645786874,0.03983912117629605,0.0381116894070707,0.03,0.1272984441301273,synthetic,LR,bayes_bin,val,
0.20113520151841788,0.588572446863484,0.020002250010252,0.026087434215226385,0.04133333333333333,0.16369636963696368,synthetic,LR,bayes_bin,held,
0.19292182200955024,0.5695551923144695,0.06026565980170654,0.06304142630938901,0.011333333333333334,0.08900523560209424,synthetic,GNB,raw,val,
0.20128253856289605,0.5890521393113523,0.031204787040809593,0.03895032369501084,0.018833333333333334,0.13763702801461633,synthetic,GNB,raw,held,
0.1908682795368539,0.5645201730118088,0.04835520138629524,0.04604928877938227,0.02033333333333333,0.11423220973782772,synthetic,GNB,platt,val,
0.20009185119410966,0.586905268415813,0.020741126982536308,0.02356409887097013,0.029333333333333333,0.14953271028037382,synthetic,GNB,platt,held,
0.1910585102197055,0.5645550783223008,0.043105069362811624,0.046595825687863364,0.019666666666666666,0.11007462686567164,synthetic,GNB,temperature,val,
0.2005001381304098,0.5875192307815835,0.02317691798306197,0.0267683614680706,0.028,0.14457831325301204,synthetic,GNB,temperature,held,
0.1903057909207417,0.5622353165891856,0.04740030144928985,0.04150555333361834,0.02,0.10909090909090909,synthetic,GNB,beta,val,
0.19973069772922422,0.5853797557691233,0.02099518404227004,0.01714599115395781,0.028833333333333332,0.14574557708508845,synthetic,GNB,beta,held,
0.18965264126241999,0.5612796997574732,0.040232662290150344,0.036370525735874695,0.03233333333333333,0.12216624685138538,synthetic,GNB,isotonic,val,
0.20024712192734204,0.5873672595477746,0.017277440702129027,0.013905909546088613,0.04766666666666667,0.1701368233194527,synthetic,GNB,isotonic,held,
0.19099891405672945,0.5650423858267067,0.04541743109844868,0.03752996418511882,0.029333333333333333,0.12324929971988796,synthetic,GNB,bayes_bin,val,
0.20054686703339616,0.5872636043923185,0.02705072090763125,0.02660131347902755,0.042166666666666665,0.1659016393442623,synthetic,GNB,bayes_bin,held,
0.20683205121803858,0.6242597899943088,0.10434062250612518,0.10404991578493133,0.11666666666666667,0.20995800839832032,synthetic,HGB,raw,val,
0.21839154536587155,0.6587597055480554,0.11915372980825241,0.12065235612332911,0.12383333333333334,0.22631739262869327,synthetic,HGB,raw,held,
0.1934670976557239,0.566649561286156,0.018230503404990866,0.019847841181554856,0.023333333333333334,0.10542168674698796,synthetic,HGB,platt,val,
0.20112033996346096,0.5849261145860366,0.020610591934643548,0.022506293969673706,0.027666666666666666,0.1254724111866969,synthetic,HGB,platt,held,
0.19380801357949856,0.5672424446415334,0.02489502861356497,0.02756325952824101,0.020666666666666667,0.09841269841269841,synthetic,HGB,temperature,val,
0.2015175690115181,0.5853962204770105,0.020399815488207167,0.02658682463214682,0.025,0.11867088607594936,synthetic,HGB,temperature,held,
0.19355224720795752,0.5663246388506137,0.02167866744157708,0.023110483679804547,0.022333333333333334,0.10551181102362205,synthetic,HGB,beta,val,
0.2008983352748671,0.5838676251441262,0.020126562965040166,0.015015107108040531,0.027,0.12626656274356976,synthetic,HGB,beta,held,
0.19421624547261354,0.5676480008804312,0.02303922791946746,0.024043962343412016,0.035666666666666666,0.13064713064713065,synthetic,HGB,isotonic,val,
0.2014997037268322,0.5853016281145949,0.022491066184388724,0.021036396121981233,0.037,0.13927227101631118,synthetic,HGB,isotonic,held,
0.19490103838785156,0.5705239527155385,0.02415079192710051,0.027230119284039348,0.043666666666666666,0.1380400421496312,synthetic,HGB,bayes_bin,val,
0.20275598889022467,0.5888782690354979,0.027686667802058293,0.02826321146500354,0.049,0.1587473002159827,synthetic,HGB,bayes_bin,held,
0.1840058907775428,0.5403456262541296,0.010351449270889556,0.014090036931028005,0.035666666666666666,0.10775427995971802,synthetic,ORACLE,true_p,held,
0.19699820789350672,0.580391769614687,0.02563686690347562,0.027459919109551457,0.037,0.15481171548117154,synthetic,LR,raw,val,
0.2004342377285008,0.5894968717351118,0.026552801793248655,0.03455808907560555,0.03783333333333333,0.1547375596455351,synthetic,LR,raw,held,
0.197042375039883,0.5802806822493315,0.030902381328765525,0.02901327637488294,0.034666666666666665,0.14942528735632185,synthetic,LR,platt,val,
0.20036408241752895,0.5890018563101095,0.02487735325065059,0.03486667112510873,0.037,0.15578947368421053,synthetic,LR,platt,held,
0.19701378568123884,0.5802911772543294,0.026275746219892974,0.02785485755007671,0.034,0.1476121562952243,synthetic,LR,temperature,val,
0.20040396503516544,0.5892125082039716,0.025758474698259766,0.03492345632250972,0.03716666666666667,0.15649122807017543,synthetic,LR,temperature,held,
0.19648052013540193,0.5781502776456955,0.028183480630136128,0.02544250380756549,0.034,0.14613180515759314,synthetic,LR,beta,val,
0.19955233046709414,0.5851520499426596,0.0211262768688608,0.021482893029556405,0.037333333333333336,0.1568627450980392,synthetic,LR,beta,held,
0.1976214575771246,0.583524150262691,0.025577144242545955,0.02657637634656506,0.038,0.15552523874488403,synthetic,LR,isotonic,val,
0.20020898838709605,0.5895454912427486,0.02616144828392456,0.03139690582881738,0.03983333333333333,0.15943962641761175,synthetic,LR,isotonic,held,
0.19742234640294837,0.5806355686788922,0.02754652187250543,0.021341050748009065,0.03966666666666667,0.15514993481095177,synthetic,LR,bayes_bin,val,
0.20019863388496692,0.5859208033863377,0.028802561474012726,0.028630544910297935,0.041833333333333333,0.1600765306122449,synthetic,LR,bayes_bin,held,
0.19921554776680334,0.58499389440349,0.04338472072382796,0.041768197432356706,0.023666666666666666,0.15570175438596492,synthetic,GNB,raw,val,
0.2022040523231383,0.5925940717540205,0.03425540815168425,0.04095648697992115,0.026,0.1574167507568113,synthetic,GNB,raw,held,
0.1984445001535926,0.5837552082990278,0.024743779262452022,0.027231842700755668,0.035,0.15578635014836795,synthetic,GNB,platt,val,
0.2017613283466929,0.5927460306009592,0.026139143388033595,0.033929822607268484,0.035333333333333335,0.15295815295815296,synthetic,GNB,platt,held,
0.19840128353654082,0.5838032233013634,0.034067791547295306,0.028048408742767525,0.035,0.15648286140089418,synthetic,GNB,temperature,val,
0.20184436623499608,0.5931406843720405,0.026827670327598366,0.03492170167303651,0.036,0.1567489114658926,synthetic,GNB,temperature,held,
0.1977730286036161,0.581224923387214,0.02755034703144505,0.021607565147066,0.033666666666666664,0.15256797583081572,synthetic,GNB,beta,val,
0.20096051655042016,0.5888421476652173,0.0224578414355368,0.025341127650492738,0.034666666666666665,0.15327929255711129,synthetic,GNB,beta,held,
0.19830295391567654,0.5847951289703743,0.027846950672906677,0.023743792356901574,0.03,0.14950166112956811,synthetic,GNB,isotonic,val,
0.20143191753245523,0.5914899113300514,0.02950947182807106,0.026150664848542844,0.030333333333333334,0.14796747967479676,synthetic,GNB,isotonic,held,
0.19831278112497155,0.5823706127096228,0.021326854615347026,0.02130464933793908,0.044333333333333336,0.17095115681233933,synthetic,GNB,bayes_bin,val,
0.20181208593107408,0.5900550569996807,0.023000992756344242,0.02417772239426879,0.0465,0.17275541795665636,synthetic,GNB,bayes_bin,held,
0.21415590289476896,0.6585529346809388,0.11435257429843407,0.11862008585901643,0.121,0.21867469879518073,synthetic,HGB,raw,val,
0.2176501106570861,0.6656220549733237,0.12315481220731343,0.1221855223431149,0.12283333333333334,0.22299546142208776,synthetic,HGB,raw,held,
0.198374137469952,0.5800105714088241,0.03133758093478035,0.0353127280650844,0.03166666666666667,0.13249651324965134,synthetic,HGB,platt,val,
0.2002535990063447,0.5824483882131365,0.018304809333076096,0.021761127306838934,0.03,0.12613875262789068,synthetic,HGB,platt,held,
0.1983671368132417,0.5800616524913949,0.027396638181872695,0.03472714791325779,0.032,0.13389121338912133,synthetic,HGB,temperature,val,
0.20028229940992068,0.5825662087897098,0.019916606866493443,0.02241228071862436,0.030666666666666665,0.1289418360196216,synthetic,HGB,temperature,held,
0.19806177777080328,0.5788570815028661,0.03352482634732765,0.030673052502746635,0.029,0.12464183381088825,synthetic,HGB,beta,val,
0.2001501090269137,0.5819194056727759,0.024326740057445423,0.01999516140728956,0.029666666666666668,0.12491228070175439,synthetic,HGB,beta,held,
0.19903696103189913,0.5832770622727128,0.032879194433235163,0.03269516830069124,0.031,0.13154172560113153,synthetic,HGB,isotonic,val,
0.20055775900400769,0.58376597382703,0.02358046657319371,0.026601659378108284,0.029833333333333333,0.1268603827072998,synthetic,HGB,isotonic,held,
0.1985925396482549,0.5803823876271286,0.035013605739685406,0.03952240268027244,0.044,0.14505494505494507,synthetic,HGB,bayes_bin,val,
0.20139026364997092,0.5860814349008683,0.029790245772633436,0.027238565574183297,0.048666666666666664,0.157073695535234,synthetic,HGB,bayes_bin,held,
0.18125607742558478,0.5350219776591486,0.016729340111172813,0.014508061185909077,0.036333333333333336,0.10541586073500966,synthetic,ORACLE,true_p,held,
0.19648243571645682,0.5776652041504614,0.029177719928689626,0.032011115071449804,0.028333333333333332,0.14049586776859505,synthetic,LR,raw,val,
0.20137529011014954,0.5881974652317217,0.017846463816556062,0.016512167068877565,0.031,0.15060728744939272,synthetic,LR,raw,held,
0.1966896688315324,0.577952224491418,0.028710991574356217,0.03186767461537126,0.028666666666666667,0.1402936378466558,synthetic,LR,platt,val,
0.20147228662171823,0.588358324166464,0.021907659504566038,0.019094322061630607,0.0325,0.15270164447924825,synthetic,LR,platt,held,
0.19645146994114984,0.5776069173383027,0.028625629354778585,0.03167590574056314,0.029,0.14169381107491857,synthetic,LR,temperature,val,
0.20137313018736433,0.5882110638078729,0.017642483865990752,0.016624602825843326,0.03183333333333333,0.1524341580207502,synthetic,LR,temperature,held,
0.19622162652835803,0.576627441712181,0.024593436362384705,0.027216476605776654,0.030666666666666665,0.14743589743589744,synthetic,LR,beta,val,
0.20133858183119024,0.5882985080013535,0.013061265918538536,0.018387400437608212,0.03183333333333333,0.14749034749034748,synthetic,LR,beta,held,
0.19654016661531204,0.5777848308521444,0.026399261242999565,0.020498345962482727,0.027333333333333334,0.1423611111111111,synthetic,LR,isotonic,val,
0.20230874047795044,0.5912329255800455,0.02126846957011856,0.02335982801398845,0.027666666666666666,0.1438474870017331,synthetic,LR,isotonic,held,
0.19639225540353566,0.5774770675896447,0.02651967006585112,0.03391076780310635,0.04033333333333333,0.15942028985507245,synthetic,LR,bayes_bin,val,
0.202046574713144,0.5894500505459965,0.020598716081074858,0.024543601858688303,0.04083333333333333,0.15765765765765766,synthetic,LR,bayes_bin,held,
0.19725558225588888,0.5797764723477148,0.05040838353403843,0.04750272981570328,0.019333333333333334,0.13063063063063063,synthetic,GNB,raw,val,
0.20185126957169022,0.5895609246514706,0.02834064891047578,0.02593622137903352,0.023,0.14790996784565916,synthetic,GNB,raw,held,
0.1965803363748727,0.5779516367466869,0.03164685893592352,0.038459509831632245,0.028666666666666667,0.1396103896103896,synthetic,GNB,platt,val,
0.20151561859859327,0.5887513842697251,0.013285970994123566,0.02263340489150494,0.03166666666666667,0.1521216973578863,synthetic,GNB,platt,held,
0.19630184316720967,0.5776376873809849,0.04105347210067899,0.03830200275512225,0.029,0.14262295081967213,synthetic,GNB,temperature,val,
0.2014479753786147,0.5887762547547213,0.02357615098611905,0.019895025794487844,0.03183333333333333,0.154281098546042,synthetic,GNB,temperature,held,
0.19563117387731138,0.5749729153277017,0.027878160675678332,0.028111249934134355,0.03,0.144,synthetic,GNB,beta,val,
0.20118959847473158,0.5881649185872286,0.019212813674003234,0.016043062766648474,0.032,0.14803392444101773,synthetic,GNB,beta,held,
0.1965515567400327,0.5774522100501569,0.0242424711765676,0.031403230271644815,0.04833333333333333,0.16880093131548313,synthetic,GNB,isotonic,val,
0.20177624064748245,0.5892606393971797,0.021177835270049235,0.018440336869185524,0.049166666666666664,0.1673284174702212,synthetic,GNB,isotonic,held,
0.19742564002209917,0.5802113680146624,0.02799161264210894,0.04217911208592347,0.032,0.1536,synthetic,GNB,bayes_bin,val,
0.20252620938280938,0.5908687379539164,0.022742929039139756,0.019881657332789383,0.03383333333333333,0.1557943207981581,synthetic,GNB,bayes_bin,held,
0.2086705204762312,0.6279670242663113,0.11165359391578816,0.11215244300938321,0.10666666666666667,0.2013845185651353,synthetic,HGB,raw,val,
0.22057561338612852,0.663062742533272,0.12155696454550355,0.11966155723495994,0.11833333333333333,0.22561169367651732,synthetic,HGB,raw,held,
0.19556633410144877,0.5710623298897395,0.027968569752128337,0.02899583072181559,0.027333333333333334,0.11849710982658959,synthetic,HGB,platt,val,
0.20325552271696176,0.5883071929262257,0.02395395511613,0.02596529607460304,0.02666666666666667,0.11721611721611722,synthetic,HGB,platt,held,
0.19556174225701473,0.5710530824296279,0.02730160940996615,0.028910380418131917,0.027333333333333334,0.11849710982658959,synthetic,HGB,temperature,val,
0.20325333712446425,0.5883037293264735,0.024285166777366928,0.025884504066920343,0.0265,0.11656891495601172,synthetic,HGB,temperature,held,
0.195545698606624,0.5709764454436158,0.0270385520626528,0.028962336579141185,0.028,0.12051649928263988,synthetic,HGB,beta,val,
0.20323603653997627,0.588253576179463,0.023608885021280883,0.025354815759293974,0.026333333333333334,0.11575091575091576,synthetic,HGB,beta,held,
0.19606081299452588,0.5720056920197226,0.017954956284330737,0.027320895379602823,0.034333333333333334,0.1273176761433869,synthetic,HGB,isotonic,val,
0.20428118228829098,0.590901537320722,0.02571652200690944,0.027892397441829267,0.036833333333333336,0.13847117794486216,synthetic,HGB,isotonic,held,
0.19636988888540532,0.5736189828948856,0.02168413925446431,0.027540542634352794,0.03833333333333333,0.1402439024390244,synthetic,HGB,bayes_bin,val,
0.20454988563884777,0.5920441349548929,0.030047920583238637,0.03434275999643797,0.03766666666666667,0.1383108935128519,synthetic,HGB,bayes_bin,held,
0.182603996737647,0.5371936757632007,0.01982294168958573,0.015314578619994666,0.035,0.1079136690647482,synthetic,ORACLE,true_p,held,
0.1679070939821308,0.5145074477366901,0.12786363750888402,0.17013521707550688,0.003777777777777778,0.031078610603290677,elec2,LR,raw,val,-1.0
0.17767106939537422,0.5249279784357153,0.09959240866000577,0.1490696780851643,0.010565705480959718,0.03896103896103896,elec2,LR,raw,held,0.0
0.17911810820680402,0.5292639640785356,0.1321529404525335,0.18413066093500322,0.005061619718309859,0.02261553588987217,elec2,LR,raw,held,1.0
0.19287813189997619,0.5628136017009956,0.1244071150699981,0.15139356101396598,0.015184859154929578,0.062106210621062106,elec2,LR,raw,held,2.0
0.20006005538837873,0.5864048758954007,0.11960919473552951,0.13174822367715464,0.02266725352112676,0.08933217692974849,elec2,LR,raw,held,3.0
0.16038838101161149,0.49751588377419614,0.049442703650219993,0.11612924305611375,0.018265845070422535,0.06031976744186047,elec2,LR,raw,held,4.0
0.15932482162395334,0.49151318913103903,0.09227689702076428,0.14387636407766313,0.008362676056338027,0.042458100558659215,elec2,LR,raw,held,5.0
0.14290087841714572,0.4438931213853622,0.014706761665379098,0.07171391161586262,0.044444444444444446,0.08714596949891068,elec2,LR,platt,val,-1.0
0.20727423148632226,0.6258142734555331,0.17304401714352038,0.19911863773827213,0.1701518820162888,0.21454343602553427,elec2,LR,platt,held,0.0
0.20570330045180305,0.6061666397307077,0.16837612996874787,0.20921897722667165,0.1681338028169014,0.2165532879818594,elec2,LR,platt,held,1.0
0.2327213532344252,0.7030745428377998,0.21184658381638793,0.2337323782194577,0.1932218309859155,0.2422737306843267,elec2,LR,platt,held,2.0
0.24846533207724264,0.7757940343075178,0.23178879900911287,0.23990974896097272,0.23789612676056338,0.2790397521941146,elec2,LR,platt,held,3.0
0.1608714355990964,0.5393316479000018,0.077933162494583,0.13791339936290933,0.10717429577464789,0.1518079800498753,elec2,LR,platt,held,4.0
0.14730076062710706,0.46297998668730567,0.05402922368587504,0.08991595074530638,0.07482394366197183,0.11280690112806901,elec2,LR,platt,held,5.0
0.14850954949471704,0.45733976950476163,0.026494956627173896,0.08985112223539073,0.05377777777777778,0.10004133939644481,elec2,LR,temperature,val,-1.0
0.21572666845097804,0.6560252073898318,0.1869261176171011,0.21257320500783755,0.18886198547215496,0.23076923076923078,elec2,LR,temperature,held,0.0
0.2159099404416289,0.6387905930866284,0.19055927873805864,0.2236607336550423,0.18463908450704225,0.23221699418765568,elec2,LR,temperature,held,1.0
0.24281972940068922,0.7384309014503241,0.22967917635450127,0.24705823668686028,0.21720950704225353,0.2617342879872713,elec2,LR,temperature,held,2.0
0.2569463840768998,0.8081303258820333,0.24593579447589445,0.25008607348910394,0.2579225352112676,0.2943983923637277,elec2,LR,temperature,held,3.0
0.16780054553188542,0.5598650082850214,0.09043750379284242,0.1540837521830327,0.11245598591549295,0.15928927680798005,elec2,LR,temperature,held,4.0
0.15277408269039414,0.47815337866279095,0.06308013689130904,0.10870905823980466,0.07922535211267606,0.11834319526627218,elec2,LR,temperature,held,5.0
0.14452340202931796,0.44566027125880747,0.01774422387881868,0.07176928616087791,0.04555555555555556,0.08847647820457488,elec2,LR,beta,val,-1.0
0.2069753061248439,0.6129839055426882,0.17109964883166592,0.19421573911168302,0.17191283292978207,0.21544827586206897,elec2,LR,beta,held,0.0
0.20652273083483402,0.6030873479040569,0.17189227819829112,0.20569120501916563,0.16967429577464788,0.2172442941673711,elec2,LR,beta,held,1.0
0.23273698066665954,0.689503462049078,0.20973385703953912,0.22785962620539446,0.19476232394366197,0.24333241682705525,elec2,LR,beta,held,2.0
0.2473160733902464,0.7628708463391153,0.22737016020622208,0.2334967641738551,0.24075704225352113,0.2809450436569081,elec2,LR,beta,held,3.0
0.16145083050271117,0.532890127529751,0.079477370270799,0.13714754011782468,0.10805457746478873,0.15210656753407684,elec2,LR,beta,held,4.0
0.14834379736880965,0.46394100178467407,0.05611431840621902,0.08890824422321804,0.07482394366197183,0.11180532719500165,elec2,LR,beta,held,5.0
0.14646140069545927,0.45149227021007715,0.05531731770687491,0.0824472383823961,0.08066666666666666,0.12035809018567639,elec2,LR,isotonic,val,-1.0
0.21123458769347503,0.6173252905380687,0.17439570906547575,0.19049671020236536,0.22298040942108738,0.2538210974693059,elec2,LR,isotonic,held,0.0
0.2117014106562499,0.6099121123028214,0.17715432233711442,0.20683301687159608,0.21764964788732394,0.25320020481310807,elec2,LR,isotonic,held,1.0
0.23951121728818997,0.6918999167562555,0.2126353535453526,0.22666389362464662,0.2662852112676056,0.29664133366021084,elec2,LR,isotonic,held,2.0
0.2495298478297264,0.7294982569754627,0.2254987097145722,0.2287578143989274,0.2929137323943662,0.3151041666666667,elec2,LR,isotonic,held,3.0
0.1630403241452736,0.5056978954761088,0.09595080123127442,0.1288527888249808,0.13358274647887325,0.16993281075027997,elec2,LR,isotonic,held,4.0
0.15331838567042236,0.4687349528434469,0.06933136466460503,0.08480079434175272,0.11179577464788733,0.1437871497311067,elec2,LR,isotonic,held,5.0
0.14625488493501831,0.45113132869656825,0.06287695680974476,0.07816931811540351,0.0768888888888889,0.12136092599088039,elec2,LR,bayes_bin,val,-1.0
0.2084424085231609,0.6071259663538661,0.1705423195324727,0.18500002549052033,0.21857803213735416,0.25325172149961744,elec2,LR,bayes_bin,held,0.0
0.20895253687537085,0.6010717637116169,0.17947576509034505,0.20466572182629877,0.21522887323943662,0.2542901716068643,elec2,LR,bayes_bin,held,1.0
0.23649673915356098,0.680157499329908,0.20406855045468458,0.2185550198450305,0.26298415492957744,0.29506172839506173,elec2,LR,bayes_bin,held,2.0
0.24612161610877917,0.7143804839922926,0.2159232148633474,0.21846548714843153,0.2893926056338028,0.3145933014354067,elec2,LR,bayes_bin,held,3.0
0.16147641653359002,0.49808808920574993,0.09721936861175355,0.12108985306149954,0.12984154929577466,0.1713124274099884,elec2,LR,bayes_bin,held,4.0
0.15258677489151581,0.4678044087323631,0.06703963827804506,0.08378281875744062,0.10387323943661972,0.1401841401841402,elec2,LR,bayes_bin,held,5.0
0.15841478668703596,0.509966213548751,0.06272363191353669,0.1054207535438575,0.08555555555555555,0.13221153846153846,elec2,GNB,raw,val,-1.0
0.1627348867108641,0.49956285377384724,0.06652375653790046,0.10358027453677231,0.07329958177415805,0.12383785793975456,elec2,GNB,raw,held,0.0
0.17621540598389032,0.533102292206711,0.10631409672821066,0.1580326314199587,0.078125,0.12642450142450143,elec2,GNB,raw,held,1.0
0.2105022282144978,0.7385562749572715,0.13193571065070123,0.1609794031708751,0.09859154929577464,0.17862838915470494,elec2,GNB,raw,held,2.0
0.2187742405090757,0.7143033431272277,0.14930255739431525,0.1672612754682161,0.11729753521126761,0.20715118538670813,elec2,GNB,raw,held,3.0
0.16082071998789366,0.6675296203277822,0.06517321243302959,0.07096478128844697,0.09375,0.14353099730458221,elec2,GNB,raw,held,4.0
0.1575393000429818,0.5147332512324314,0.08569370060173818,0.10072107376418392,0.09815140845070422,0.13506965475469412,elec2,GNB,raw,held,5.0
0.15040546743787625,0.4651047738382163,0.06613528831779457,0.06897042040187935,0.03177777777777778,0.0859375,elec2,GNB,platt,val,-1.0
0.15336574981460716,0.4703537685029214,0.07231320592967391,0.0827466082856126,0.02289236187541272,0.06619987269255251,elec2,GNB,platt,held,0.0
0.15189851075930055,0.4695131630998755,0.07091102552500057,0.10720270311085152,0.01914612676056338,0.05838926174496644,elec2,GNB,platt,held,1.0
0.18631784989533534,0.6110552975933061,0.054032270836030884,0.0785381840950483,0.03851232394366197,0.1287711552612215,elec2,GNB,platt,held,2.0
0.19339650358462504,0.5958843671533087,0.0585290884027025,0.0638325085378811,0.04335387323943662,0.14603409933283915,elec2,GNB,platt,held,3.0
0.16168612294045256,0.5774845044076133,0.04980117014961424,0.07248033251208627,0.05193661971830986,0.11200759373516848,elec2,GNB,platt,held,4.0
0.14501898632752405,0.45478108956377294,0.039205160338390034,0.05896671972144587,0.042473591549295774,0.09265482477196352,elec2,GNB,platt,held,5.0
0.1562337980272087,0.47865869799773697,0.046298411166797185,0.08283864895051268,0.034888888888888886,0.09555690809494827,elec2,GNB,temperature,val,-1.0
0.15884959240546262,0.4798373281895634,0.04920614768457911,0.09069041911008402,0.02773497688751926,0.07787391841779975,elec2,GNB,temperature,held,0.0
0.16587402938459775,0.4964329114148602,0.0704234798473502,0.12869873557039702,0.027068661971830985,0.07611386138613861,elec2,GNB,temperature,held,1.0
0.19627165996214482,0.6195762133308301,0.07088704238806483,0.10588182600931298,0.0448943661971831,0.13991769547325103,elec2,GNB,temperature,held,2.0
0.20064740802555353,0.6038976059593022,0.07153632331218822,0.09349707618707691,0.05215669014084507,0.1577896138482024,elec2,GNB,temperature,held,3.0
0.16020905399218496,0.5536548887972111,0.05852351883725754,0.06830098408237512,0.05215669014084507,0.11969696969696969,elec2,GNB,temperature,held,4.0
0.15011636997392555,0.46484476587324036,0.045526141437343334,0.08698072780977506,0.045994718309859156,0.10135790494665374,elec2,GNB,temperature,held,5.0
0.15052396097302223,0.4657896513096953,0.0710209486343482,0.07233150112766151,0.03177777777777778,0.08532219570405727,elec2,GNB,beta,val,-1.0
0.15307815628582427,0.4679470684705621,0.07594156298833307,0.08013365095212156,0.023332599603786044,0.06717363751584284,elec2,GNB,beta,held,0.0
0.15051124198341295,0.46459976510093537,0.07646782325288774,0.10356431435473606,0.020026408450704226,0.06038487060384871,elec2,GNB,beta,held,1.0
0.18579315166808477,0.5980442242438372,0.061711707922654284,0.07381266864084471,0.03917253521126761,0.13030746705710103,elec2,GNB,beta,held,2.0
0.19305678187843556,0.5890473280577193,0.06112175163379675,0.06276156289444243,0.04423415492957746,0.1479028697571744,elec2,GNB,beta,held,3.0
0.1623149058949645,0.5603684067394448,0.0463767852638477,0.07373818585178016,0.0528169014084507,0.11363636363636363,elec2,GNB,beta,held,4.0
0.14494601848071642,0.4524292528191458,0.037582483688736575,0.05757123992491704,0.04379401408450704,0.09512428298279159,elec2,GNB,beta,held,5.0
0.14495755825164736,0.4514845318935761,0.032238812411468816,0.03548242405745831,0.028,0.07636363636363637,elec2,GNB,isotonic,val,-1.0
0.1476834479924864,0.4567542731914205,0.04925629445018149,0.054796998110018154,0.01848998459167951,0.05894736842105263,elec2,GNB,isotonic,held,0.0
0.1496798241936865,0.4613433267948837,0.09081611704964437,0.1028450709119894,0.009463028169014084,0.03399209486166008,elec2,GNB,isotonic,held,1.0
0.18449787523301558,0.5564622225166906,0.05428862284824419,0.06674289912951228,0.027068661971830985,0.10190555095277548,elec2,GNB,isotonic,held,2.0
0.1921976816450046,0.5689498348115686,0.0602244131831457,0.06286555267490437,0.03191021126760563,0.12697022767075306,elec2,GNB,isotonic,held,3.0
0.15944100039148199,0.5071116663366965,0.049780971939842836,0.06219689822206862,0.06382042253521127,0.1287172658677319,elec2,GNB,isotonic,held,4.0
0.14467296214102837,0.4468131171333307,0.03174973915796389,0.04007369040422346,0.03873239436619718,0.08635917566241413,elec2,GNB,isotonic,held,5.0
0.14542861007529598,0.45245164976174856,0.03546975011702169,0.037402680388639496,0.04533333333333334,0.09659090909090909,elec2,GNB,bayes_bin,val,-1.0
0.14804730051147708,0.45760143957893556,0.05537779781606888,0.05466218567930496,0.030816640986132512,0.07713498622589532,elec2,GNB,bayes_bin,held,0.0
0.1517418210760728,0.46545075571290356,0.09300095797135263,0.10344912008264505,0.02266725352112676,0.06175059952038369,elec2,GNB,bayes_bin,held,1.0
0.18595091821696944,0.5565230299895334,0.07019209901839035,0.06961801188001489,0.04225352112676056,0.12614980289093297,elec2,GNB,bayes_bin,held,2.0
0.19305557769052037,0.5696553558463888,0.06686092858722192,0.07247801665599604,0.0488556338028169,0.14653465346534653,elec2,GNB,bayes_bin,held,3.0
0.15934687580982326,0.5020908828454521,0.05126461952639398,0.05955716278649875,0.07702464788732394,0.13768686073957515,elec2,GNB,bayes_bin,held,4.0
0.144598873339628,0.4458405470324932,0.03791653057233516,0.04886381299905731,0.05457746478873239,0.10172272354388844,elec2,GNB,bayes_bin,held,5.0
0.12717140102217997,0.4119976676603258,0.029159782438823462,0.04409389847713368,0.076,0.10707576706324358,elec2,HGB,raw,val,-1.0
0.17414499517794726,0.609511683885502,0.09571939900250613,0.11386119499206868,0.12304644508034339,0.16949666464523955,elec2,HGB,raw,held,0.0
0.17881651327293904,0.6519590609151096,0.12903247599462467,0.1571954428571578,0.13908450704225353,0.17570197386711148,elec2,HGB,raw,held,1.0
0.18882195009649244,0.6734547090628082,0.14817797428702595,0.18907472304646156,0.14744718309859156,0.18621456364647027,elec2,HGB,raw,held,2.0
0.20860539245004453,0.7348580462378147,0.17017211118799003,0.19487539109401,0.167693661971831,0.21386472074094864,elec2,HGB,raw,held,3.0
0.13981199797631685,0.4738594203800903,0.05937045221165986,0.0645436659304848,0.08956866197183098,0.12270123605667772,elec2,HGB,raw,held,4.0
0.1275864936024675,0.425641831241863,0.04227191101353132,0.041403289680579256,0.07790492957746478,0.10529446757882213,elec2,HGB,raw,held,5.0
0.12719473249194946,0.40691014183853147,0.038506008601154725,0.04298346696567992,0.04488888888888889,0.08319604612850082,elec2,HGB,platt,val,-1.0
0.17163098043797623,0.5481849652484977,0.059173089219814706,0.10404075674064814,0.0959718247853841,0.15785662563359884,elec2,HGB,platt,held,0.0
0.17512943884894924,0.5658983953899747,0.09888248048598215,0.15532073260724505,0.11971830985915492,0.16790123456790124,elec2,HGB,platt,held,1.0
0.18427619702923442,0.5830132539626199,0.12696752757473861,0.17815812884136234,0.12433978873239436,0.17267726161369193,elec2,HGB,platt,held,2.0
0.2004025681046383,0.6259805763779485,0.1451937833058434,0.17988896505514407,0.1386443661971831,0.19462465245597776,elec2,HGB,platt,held,3.0
0.13963331975699567,0.44466470234079425,0.030215576468259956,0.0654008007135288,0.06205985915492958,0.10398230088495575,elec2,HGB,platt,held,4.0
0.12786581283216997,0.410810302329354,0.02206063951998798,0.04417753394378293,0.05391725352112676,0.08867173362287369,elec2,HGB,platt,held,5.0
0.12846139025480277,0.4093926764327694,0.04003183467932554,0.046760230784533834,0.03955555555555555,0.07679033649698015,elec2,HGB,temperature,val,-1.0
0.1666930829813467,0.5293750587875098,0.04750165346173576,0.08007719775912947,0.08936825885978428,0.15194610778443113,elec2,HGB,temperature,held,0.0
0.1674694872669911,0.5361513233600109,0.08246177490221625,0.13578922682264608,0.10959507042253522,0.15680100755667506,elec2,HGB,temperature,held,1.0
0.17444729351647395,0.5487708109844377,0.10362929418651957,0.15879210295750434,0.11223591549295775,0.16017587939698494,elec2,HGB,temperature,held,2.0
0.19099133490882797,0.5919567108858071,0.12512754893449293,0.1617573770205194,0.12544014084507044,0.1818761965539247,elec2,HGB,temperature,held,3.0
0.13662531739416084,0.4349332501614852,0.02538662274687057,0.043055204660673294,0.05787852112676056,0.0970479704797048,elec2,HGB,temperature,held,4.0
0.12621212877478538,0.4050445832161312,0.02381299278168429,0.025210204330116743,0.04907570422535211,0.08156547183613752,elec2,HGB,temperature,held,5.0
0.12685603879012225,0.4050390422030732,0.03523270003119883,0.040080442122865725,0.04555555555555556,0.08276140492531288,elec2,HGB,beta,val,-1.0
0.17290531615408836,0.5377811032583827,0.06187468766366498,0.10361936303387177,0.09685230024213075,0.15753669889008234,elec2,HGB,beta,held,0.0
0.17611740424136987,0.5488232794804703,0.10103793519463115,0.15152274118732695,0.12059859154929578,0.16809815950920245,elec2,HGB,beta,held,1.0
0.1865069759821832,0.5705619587772522,0.1267421904213885,0.174518079665743,0.1269806338028169,0.17495451788963007,elec2,HGB,beta,held,2.0
0.20209726918411264,0.6138473898896416,0.14977842009690687,0.17793385481101454,0.14106514084507044,0.19638480392156862,elec2,HGB,beta,held,3.0
0.1408360351309306,0.444208426393513,0.030472368640388808,0.0667979056612472,0.0644806338028169,0.10642934980021794,elec2,HGB,beta,held,4.0
0.12851363682246406,0.4092702954958854,0.016514946636206396,0.04341239259276504,0.05545774647887324,0.08942512420156139,elec2,HGB,beta,held,5.0
0.1265217021132322,0.40540776491183006,0.03037330924465848,0.037096811758720684,0.043333333333333335,0.08169250104733976,elec2,HGB,isotonic,val,-1.0
0.17415365233169477,0.5372212646169539,0.07181687308590386,0.10061165612738297,0.08804754567466432,0.1477650535648319,elec2,HGB,isotonic,held,0.0
0.17750136975669123,0.5480127779242914,0.10930074916578256,0.14974200708188198,0.10607394366197183,0.15152467777428483,elec2,HGB,isotonic,held,1.0
0.1888301685667466,0.5727322122322495,0.1380563081957309,0.17338036273858248,0.10959507042253522,0.1561618062088429,elec2,HGB,isotonic,held,2.0
0.20455393320638013,0.6129157146843378,0.15835205427558346,0.17786636616985677,0.12389964788732394,0.17969996808171082,elec2,HGB,isotonic,held,3.0
0.14170002649859664,0.44346157959293986,0.03451538741553999,0.06265963280061687,0.06073943661971831,0.0979765708200213,elec2,HGB,isotonic,held,4.0
0.12941839102326094,0.41049629183497305,0.0295563630236209,0.047336221991941735,0.04995598591549296,0.08171346292296616,elec2,HGB,isotonic,held,5.0
0.1266398767865664,0.4049887179560156,0.03335938708571727,0.03471600916806872,0.044222222222222225,0.08099308099308099,elec2,HGB,bayes_bin,val,-1.0
0.17422484183522804,0.5430648851245302,0.08174465741155679,0.1008695947313513,0.09399075500770417,0.1538184438040346,elec2,HGB,bayes_bin,held,0.0
0.1771513085974962,0.5539054669215605,0.13259113229801986,0.14967121891092625,0.11597711267605634,0.16195451751690226,elec2,HGB,bayes_bin,held,1.0
0.18822023834292395,0.5764769395851329,0.153632064217779,0.17386509357252342,0.11949823943661972,0.16651333946642136,elec2,HGB,bayes_bin,held,2.0
0.20385685161465833,0.6149168746257299,0.16602180586683887,0.17749394707996066,0.13358274647887325,0.18915550015581178,elec2,HGB,bayes_bin,held,3.0
0.14101406304621703,0.44286609165080304,0.045951999503741923,0.06130680090404896,0.0625,0.10219503418495862,elec2,HGB,bayes_bin,held,4.0
0.12912782105578655,0.41175927762136943,0.03131410161370278,0.04973396788557859,0.05369718309859155,0.08628005657708628,elec2,HGB,bayes_bin,held,5.0
0.047531321225060895,0.2100529577826499,0.044606709765499734,0.0342401202385579,0.04504504504504504,0.045871559633027525,breast_cancer,LR,raw,val,
0.047056850030764125,0.21024532550126845,0.028361839767916085,0.030565393153107502,0.04,0.04145077720207254,breast_cancer,LR,raw,held,
0.04645517562059459,0.14674741437485914,0.02487357918966941,0.023057851265123285,0.04504504504504504,0.04854368932038835,breast_cancer,LR,platt,val,
0.041522253517048434,0.12991696337553202,0.03612165022492597,0.010918710895359753,0.02,0.0213903743315508,breast_cancer,LR,platt,held,
0.04334839424437361,0.1425369986097234,0.017957545494003684,0.01664480929997385,0.02702702702702703,0.0297029702970297,breast_cancer,LR,temperature,val,
0.044070798155312174,0.1465495302117133,0.02954757848603188,0.03526675385092116,0.03,0.03314917127071823,breast_cancer,LR,temperature,held,
0.0463092128357746,0.1463850097138865,0.02459522671543117,0.023057122172047403,0.04504504504504504,0.04854368932038835,breast_cancer,LR,beta,val,
0.04137961066713605,0.12941309491781833,0.0357175884864635,0.010674808202990792,0.02,0.0213903743315508,breast_cancer,LR,beta,held,
0.0617533369624655,0.19468639805293203,0.05037809336437507,0.04654658517930997,0.018018018018018018,0.021505376344086023,breast_cancer,LR,isotonic,val,
0.04392693678581065,0.14839324262954165,0.037313162559638915,0.03395014433090097,0.01,0.012048192771084338,breast_cancer,LR,isotonic,held,
0.05442349898457918,0.1748399115585925,0.028994160025363733,0.028992239627443368,0.02702702702702703,0.03409090909090909,breast_cancer,LR,bayes_bin,val,
0.045889070021501145,0.15200681604594052,0.0250870907090733,0.022785871748324558,0.015,0.018404907975460124,breast_cancer,LR,bayes_bin,held,
0.053304611877576624,0.5745892738390199,0.04930616560617275,0.037737771557091744,0.04504504504504504,0.046296296296296294,breast_cancer,GNB,raw,val,
0.07720214803506803,0.7245676593778088,0.07451052490647846,0.07381495551560546,0.075,0.07614213197969544,breast_cancer,GNB,raw,held,
0.054983407219064584,0.20229407443523448,0.04400276945440151,0.03790859348854909,0.04504504504504504,0.047619047619047616,breast_cancer,GNB,platt,val,
0.06556216176568057,0.23948741952126185,0.06031616633016874,0.0596640774815562,0.065,0.06666666666666667,breast_cancer,GNB,platt,held,
0.0533901572306649,0.2132634656058633,0.04098579755715635,0.03835148707227981,0.04504504504504504,0.047619047619047616,breast_cancer,GNB,temperature,val,
0.06593478703629606,0.24818859681493344,0.05991104067630764,0.06308519181007684,0.06,0.06217616580310881,breast_cancer,GNB,temperature,held,
0.054459115305916975,0.20026116269337382,0.04249959581816749,0.036740931465843306,0.04504504504504504,0.047619047619047616,breast_cancer,GNB,beta,val,
0.06544083621667823,0.2388770390715074,0.05979838733264771,0.05967238166663156,0.065,0.06666666666666667,breast_cancer,GNB,beta,held,
0.059010220911640245,0.21843395473147983,0.047690945302281365,0.04877202638336246,0.04504504504504504,0.049019607843137254,breast_cancer,GNB,isotonic,val,
0.05727400236446154,0.21968252241756442,0.03790608195709817,0.03609391804290179,0.04,0.04371584699453552,breast_cancer,GNB,isotonic,held,
0.05668168792728533,0.1792343371379102,0.01940752711328548,0.030853881045169583,0.07207207207207207,0.07207207207207207,breast_cancer,GNB,bayes_bin,val,
0.062272521374196324,0.3088228706745276,0.024736649460639158,0.026529202404123514,0.075,0.075,breast_cancer,GNB,bayes_bin,held,
0.034473819739461134,0.20928777617798744,0.03064716762030726,0.03558820428873351,0.02702702702702703,0.027777777777777776,breast_cancer,HGB,raw,val,
0.04795724140633279,0.2489251577768576,0.04075962875913143,0.048352981023953176,0.045,0.046153846153846156,breast_cancer,HGB,raw,held,
0.03418228341404505,0.13086197309829983,0.018549912608710584,0.013798115005524136,0.018018018018018018,0.020202020202020204,breast_cancer,HGB,platt,val,
0.040737023264497664,0.13978761776086007,0.016189660211215817,0.024943646260084523,0.025,0.0273224043715847,breast_cancer,HGB,platt,held,
0.03436415755353387,0.13113809020300035,0.0178600472859848,0.015190193554614487,0.018018018018018018,0.02,breast_cancer,HGB,temperature,val,
0.041095732406866065,0.14041258136314996,0.016315952826094816,0.026107575562460062,0.025,0.0273224043715847,breast_cancer,HGB,temperature,held,
0.030583267402987446,0.12517397813574593,0.05269651203309998,0.010122916634022424,0.018018018018018018,0.019801980198019802,breast_cancer,HGB,beta,val,
0.03636900777477881,0.1338435538244666,0.014793618722604429,0.026524940194215377,0.03,0.03225806451612903,breast_cancer,HGB,beta,held,
0.03467420259408749,0.14234090696669993,0.020341643138709044,0.030289671298405478,0.018018018018018018,0.019801980198019802,breast_cancer,HGB,isotonic,val,
0.0377258053748727,0.14724107947675213,0.02406905544922187,0.030956830473247137,0.02,0.02247191011235955,breast_cancer,HGB,isotonic,held,
0.05554389383593512,0.18925769328955433,0.026606779962774683,0.03460123910609898,0.009009009009009009,0.012987012987012988,breast_cancer,HGB,bayes_bin,val,
0.06485273502070178,0.21411647076757132,0.03537943192070068,0.0315518049698403,0.015,0.02097902097902098,breast_cancer,HGB,bayes_bin,held,
0.018879092865163084,0.06483343385258963,0.0038656893021123038,0.012659306941508,0.0,0.0,breast_cancer,LR,raw,val,
0.034763408364276854,0.10686583746833021,0.023395229755906403,0.013327361999795551,0.03,0.031413612565445025,breast_cancer,LR,raw,held,
0.028641874556063537,0.0979169452654427,0.009824243391559828,0.04601606903795011,0.018018018018018018,0.0196078431372549,breast_cancer,LR,platt,val,
0.03530972556878788,0.11633406998077442,0.017194450431225604,0.02636923035363542,0.015,0.016216216216216217,breast_cancer,LR,platt,held,
0.021994099930080564,0.08520560020860835,0.026352007605843338,0.03245297671129093,0.0,0.0,breast_cancer,LR,temperature,val,
0.032892709921916674,0.10701586658493438,0.020301239714088076,0.013370124013031904,0.02,0.021739130434782608,breast_cancer,LR,temperature,held,
0.03037740511780369,0.101544102817694,0.010042824038292111,0.0455453363476558,0.018018018018018018,0.0196078431372549,breast_cancer,LR,beta,val,
0.03554628146316649,0.11320898240561725,0.022749510482617818,0.027623966079727363,0.015,0.016216216216216217,breast_cancer,LR,beta,held,
0.03352423851627575,0.11011233741291884,0.023557797512563476,0.05170684895048119,0.0,0.0,breast_cancer,LR,isotonic,val,
0.0415751557171241,0.1504823546485298,0.03809951796111564,0.03309951796111559,0.02,0.021505376344086023,breast_cancer,LR,isotonic,held,
0.04880919445978462,0.14459707473488476,0.021598725410194575,0.01650560658928375,0.0,0.0,breast_cancer,LR,bayes_bin,val,
0.04287400654892815,0.13460009976573847,0.03194425292073102,0.014827457099015201,0.0,0.0,breast_cancer,LR,bayes_bin,held,
0.050321634015554936,0.35450514943504097,0.051508936425890224,0.0344271299814881,0.04504504504504504,0.045454545454545456,breast_cancer,GNB,raw,val,
0.0591187414954494,0.5533490301419952,0.057548445071026175,0.039943950631895264,0.06,0.06030150753768844,breast_cancer,GNB,raw,held,
0.032733738814843316,0.12832420735526934,0.0325485550701788,0.0465379192244904,0.02702702702702703,0.028037383177570093,breast_cancer,GNB,platt,val,
0.04917486352576799,0.18674739702714113,0.03279805757408552,0.017979262115306236,0.04,0.042105263157894736,breast_cancer,GNB,platt,held,
0.038513120941457375,0.13857681033218902,0.056359120549820715,0.057551858642484854,0.02702702702702703,0.02830188679245283,breast_cancer,GNB,temperature,val,
0.04997638657074262,0.18633016668367233,0.04488787669193802,0.031454747776489,0.05,0.05154639175257732,breast_cancer,GNB,temperature,held,
0.02703240299505017,0.11040071587469374,0.0321224007161231,0.03490865829072964,0.018018018018018018,0.018867924528301886,breast_cancer,GNB,beta,val,
0.04960771408691074,0.18602995436675174,0.04565205187082989,0.027141811805893486,0.035,0.037037037037037035,breast_cancer,GNB,beta,held,
0.0265844464472522,0.10456111150407803,0.022308208139778286,0.027496603344388117,0.018018018018018018,0.018867924528301886,breast_cancer,GNB,isotonic,val,
0.04591016739076499,0.16033864165404502,0.037880507227326686,0.02704294554591003,0.04,0.042105263157894736,breast_cancer,GNB,isotonic,held,
0.04222840275564387,0.13908355678840326,0.027832622229043084,0.034736738467631235,0.0,0.0,breast_cancer,GNB,bayes_bin,val,
0.05451915415350871,0.17418663872931325,0.01970853296686234,0.034042642549412236,0.015,0.018867924528301886,breast_cancer,GNB,bayes_bin,held,
0.025334548170875357,0.10208095887173406,0.027024222679773703,0.031710147604897085,0.018018018018018018,0.01834862385321101,breast_cancer,HGB,raw,val,
0.0361941387026439,0.2031644576647647,0.028826353496760618,0.022793846581035324,0.035,0.03553299492385787,breast_cancer,HGB,raw,held,
0.009800759068271528,0.04822116728187529,0.028764331129420014,0.025041847645855056,0.0,0.0,breast_cancer,HGB,platt,val,
0.03211311234875766,0.11692892982851422,0.025189964070399043,0.023066814019974378,0.02,0.02127659574468085,breast_cancer,HGB,platt,held,
0.020449459530054327,0.07674735049749833,0.018638565403054343,0.0475034565615953,0.009009009009009009,0.009433962264150943,breast_cancer,HGB,temperature,val,
0.0325742813775488,0.11957374233769097,0.025898249861892108,0.03338162395110596,0.015,0.01639344262295082,breast_cancer,HGB,temperature,held,
0.010024919566728706,0.04889540131677152,0.02901481395224156,0.025732550699846195,0.0,0.0,breast_cancer,HGB,beta,val,
0.03192760306533992,0.11776746952430855,0.02512025613183294,0.022685758398726736,0.02,0.02127659574468085,breast_cancer,HGB,beta,held,
0.011673414817265929,0.06149835749626353,0.03315193316168707,0.03815927121940797,0.0,0.0,breast_cancer,HGB,isotonic,val,
0.033488479358243305,0.12684132437567824,0.03457801416290036,0.028721436569158224,0.02,0.021621621621621623,breast_cancer,HGB,isotonic,held,
0.030453459947019444,0.10373070680651524,0.029526544095779407,0.029526544095779355,0.0,0.0,breast_cancer,HGB,bayes_bin,val,
0.05603924331780604,0.1762325916365064,0.021934691043538464,0.019566174581337498,0.01,0.013245033112582781,breast_cancer,HGB,bayes_bin,held,
0.024230578051122043,0.07646179037295907,0.009524091112940003,0.02005140944080408,0.009009009009009009,0.009900990099009901,breast_cancer,LR,raw,val,
0.04740353683254812,0.1548305847079904,0.028777395887169446,0.036758070327510786,0.03,0.03278688524590164,breast_cancer,LR,raw,held,
0.023713786592940298,0.07935325088274424,0.00869972590732602,0.014211084125775653,0.0,0.0,breast_cancer,LR,platt,val,
0.04265337590228355,0.1313623922865891,0.021080675956682116,0.021452638553233507,0.025,0.027624309392265192,breast_cancer,LR,platt,held,
0.025889438305384947,0.08742705432609826,0.023620810828433706,0.02786358117319684,0.0,0.0,breast_cancer,LR,temperature,val,
0.045131184964715805,0.14027540806760666,0.016888239535166823,0.028965980668548042,0.02,0.0223463687150838,breast_cancer,LR,temperature,held,
0.022744731533022873,0.07509562310511313,0.009806297750034089,0.0030727581518017323,0.0,0.0,breast_cancer,LR,beta,val,
0.04468375582667907,0.14917769238499134,0.025278939025436778,0.040264501622042086,0.03,0.03296703296703297,breast_cancer,LR,beta,held,
0.031332530591281396,0.10182290587617499,0.03718599872108209,0.029618431153514552,0.0,0.0,breast_cancer,LR,isotonic,val,
0.05384125568654863,0.19005890242635345,0.049658629924062496,0.049658629924062545,0.025,0.027624309392265192,breast_cancer,LR,isotonic,held,
0.03561432880235563,0.11175260894575328,0.014962560711678284,0.015253107645410293,0.04504504504504504,0.04504504504504504,breast_cancer,LR,bayes_bin,val,
0.06331137842337531,0.22060918691370376,0.03596884426480392,0.036174873953082706,0.075,0.075,breast_cancer,LR,bayes_bin,held,
0.024276004887042815,0.09547049481610419,0.020626443382004322,0.004953156625566903,0.02702702702702703,0.02727272727272727,breast_cancer,GNB,raw,val,
0.041463570729960875,0.378814066134493,0.0370965479052319,0.042542711876346756,0.035,0.03571428571428571,breast_cancer,GNB,raw,held,
0.018349061972792576,0.08234614119951772,0.028430824795188485,0.03542077678006165,0.0,0.0,breast_cancer,GNB,platt,val,
0.038065108004432704,0.15005491915273914,0.032527084776057494,0.0393197873541576,0.03,0.031578947368421054,breast_cancer,GNB,platt,held,
0.018340744071095566,0.08234270385505943,0.028456224948450848,0.03531253899690067,0.0,0.0,breast_cancer,GNB,temperature,val,
0.038020642732307756,0.14990862538097333,0.031350691677426094,0.03916459695256625,0.03,0.031578947368421054,breast_cancer,GNB,temperature,held,
0.018364213394864725,0.0838136704569137,0.03375363444558545,0.030511930442754243,0.009009009009009009,0.009523809523809525,breast_cancer,GNB,beta,val,
0.03726521151539994,0.14806219332147652,0.05104599371229419,0.03148611781934564,0.025,0.02617801047120419,breast_cancer,GNB,beta,held,
0.022223476925979636,0.0903561139943566,0.046114534660692506,0.028096516642674575,0.0,0.0,breast_cancer,GNB,isotonic,val,
0.038290317499332475,0.14819220531306082,0.03871324938013878,0.03285869551521523,0.025,0.028089887640449437,breast_cancer,GNB,isotonic,held,
0.028307851898264264,0.09374019221518196,0.010220094099397607,0.010220094099397559,0.0,0.0,breast_cancer,GNB,bayes_bin,val,
0.04841589728147506,0.17880594198036134,0.044762846766044515,0.042771369639366404,0.025,0.031446540880503145,breast_cancer,GNB,bayes_bin,held,
0.007525323365862608,0.02337332805367514,0.004710080143885639,0.009459670474220116,0.009009009009009009,0.009009009009009009,breast_cancer,HGB,raw,val,
0.02844922245694586,0.20240275231096155,0.02106454333952122,0.02522230224297233,0.02,0.02072538860103627,breast_cancer,HGB,raw,held,
0.0075353319684265,0.03494574249364838,0.01619392201398112,0.016831370862159876,0.0,0.0,breast_cancer,HGB,platt,val,
0.0283216603805556,0.11531198112230939,0.016081605774935795,0.02074563071618403,0.02,0.02127659574468085,breast_cancer,HGB,platt,held,
0.0077076819280708616,0.03534531133530839,0.016192923738091093,0.017378695294421695,0.0,0.0,breast_cancer,HGB,temperature,val,
0.0284913270545878,0.11612149455372077,0.016051642577392288,0.021824445165263093,0.02,0.02127659574468085,breast_cancer,HGB,temperature,held,
0.007688923394452025,0.03483460103609988,0.013190567757591285,0.01738109227399605,0.0,0.0,breast_cancer,HGB,beta,val,
0.028594260811881142,0.10880783978649705,0.020575898704492595,0.020371686464223816,0.02,0.020942408376963352,breast_cancer,HGB,beta,held,
0.011124800864681102,0.05811882560157799,0.017056539046333127,0.0352471932573991,0.009009009009009009,0.00909090909090909,breast_cancer,HGB,isotonic,val,
0.029213056916769807,0.11748318036037574,0.026531633703837994,0.02556989455638291,0.02,0.021052631578947368,breast_cancer,HGB,isotonic,held,
0.015384993817629712,0.06961531607351194,0.0376369948261468,0.04137354603068181,0.009009009009009009,0.010309278350515464,breast_cancer,HGB,bayes_bin,val,
0.03263727811141609,0.1777894868009041,0.03115828596030461,0.03770218942944309,0.02,0.023529411764705882,breast_cancer,HGB,bayes_bin,held,
0.05083522439418617,0.30765824379082946,0.04905747833686144,0.02488587481309698,0.04504504504504504,0.046296296296296294,breast_cancer,LR,raw,val,
0.045946718466095146,0.2824186991700587,0.03515051780736944,0.040233804820820465,0.04,0.041237113402061855,breast_cancer,LR,raw,held,
0.04940173220178395,0.17927102474615808,0.013005524495336662,0.04592052336046018,0.036036036036036036,0.039603960396039604,breast_cancer,LR,platt,val,
0.044071135209589475,0.16504670315731595,0.03769775607680314,0.034289619967547494,0.025,0.028735632183908046,breast_cancer,LR,platt,held,
0.04478266767874934,0.1669982876190566,0.014288609573362162,0.023332618690674593,0.018018018018018018,0.020202020202020204,breast_cancer,LR,temperature,val,
0.044172530109973886,0.16414506142396065,0.039643304291653254,0.02516209218612548,0.03,0.0335195530726257,breast_cancer,LR,temperature,held,
0.05179797135768303,0.24656301521125268,0.026870237234776558,0.04420405970035147,0.04504504504504504,0.04716981132075472,breast_cancer,LR,beta,val,
0.040898660803680806,0.22608569651723293,0.03217209145162193,0.027370683754478806,0.03,0.032432432432432434,breast_cancer,LR,beta,held,
0.05706927298035185,0.2367688273302906,0.060606562212515785,0.05713541006570623,0.04504504504504504,0.05319148936170213,breast_cancer,LR,isotonic,val,
0.04238576883438802,0.16821274815451862,0.04481240397339681,0.050812403973396814,0.02,0.023952095808383235,breast_cancer,LR,isotonic,held,
0.048142867534698965,0.2581433979383438,0.02535709043319345,0.019161430728409052,0.018018018018018018,0.020833333333333332,breast_cancer,LR,bayes_bin,val,
0.06008192658880642,0.2034284323698423,0.043173116994596895,0.03774625893597161,0.025,0.030303030303030304,breast_cancer,LR,bayes_bin,held,
0.0481540018263197,0.4182595698418945,0.05024029041775478,0.03225319935793249,0.04504504504504504,0.045454545454545456,breast_cancer,GNB,raw,val,
0.053536676216686806,0.508339939151552,0.051739297474599336,0.02602787334626946,0.055,0.05527638190954774,breast_cancer,GNB,raw,held,
0.036206875222493884,0.18630910491549213,0.03075880779360036,0.03237790496076351,0.02702702702702703,0.02830188679245283,breast_cancer,GNB,platt,val,
0.0505723598395545,0.19962677872357554,0.03841582911767346,0.03754213338172388,0.04,0.04145077720207254,breast_cancer,GNB,platt,held,
0.03975779880396705,0.1515385931131792,0.03587669657492212,0.028688100867915275,0.036036036036036036,0.037037037037037035,breast_cancer,GNB,temperature,val,
0.04659017956385693,0.17762953077498866,0.04042659986854334,0.029904885000613342,0.045,0.04639175257731959,breast_cancer,GNB,temperature,held,
0.03626763312928035,0.1593231506793967,0.036515799258898356,0.0356409422370364,0.02702702702702703,0.02830188679245283,breast_cancer,GNB,beta,val,
0.05281344428348984,0.20610859021107114,0.040538012027267784,0.04681601295983608,0.05,0.05128205128205128,breast_cancer,GNB,beta,held,
0.0462110924314802,0.17789687083897712,0.026578253169079566,0.04303528663437044,0.02702702702702703,0.028846153846153848,breast_cancer,GNB,isotonic,val,
0.05533059679304208,0.20174257611700366,0.05057253783389359,0.05237630213605699,0.03,0.03225806451612903,breast_cancer,GNB,isotonic,held,
0.05244039062533189,0.24837514723699097,0.02522208106325355,0.02522206304523545,0.009009009009009009,0.011111111111111112,breast_cancer,GNB,bayes_bin,val,
0.06759556945403059,0.4110060365627863,0.04047266664782036,0.03285434998586523,0.02,0.025,breast_cancer,GNB,bayes_bin,held,
0.03701573490154483,0.2765535604710955,0.03899255124436004,0.04116563746522601,0.036036036036036036,0.03636363636363636,breast_cancer,HGB,raw,val,
0.040388732676039096,0.24647264981123904,0.04039122937543077,0.02528381683755349,0.03,0.03076923076923077,breast_cancer,HGB,raw,held,
0.025949173421809087,0.11000778035028648,0.02855620721293427,0.03575390367958326,0.009009009009009009,0.009615384615384616,breast_cancer,HGB,platt,val,
0.028831308415585212,0.12182554569255485,0.03416655647948056,0.027265245490520024,0.02,0.021164021164021163,breast_cancer,HGB,platt,held,
0.032552332029313506,0.13169826954981956,0.026921389515184836,0.05667528120771815,0.02702702702702703,0.02830188679245283,breast_cancer,HGB,temperature,val,
0.03392230028838963,0.12582023858330005,0.039812060724866954,0.04034096908636864,0.025,0.02617801047120419,breast_cancer,HGB,temperature,held,
0.026864062510549604,0.11679981457951837,0.0306585285310596,0.03598089171947483,0.009009009009009009,0.009708737864077669,breast_cancer,HGB,beta,val,
0.029451623888546285,0.12113670568251955,0.025851743851099316,0.04046788005872299,0.025,0.026041666666666668,breast_cancer,HGB,beta,held,
0.03838476243270643,0.14019421590707656,0.03396251857500662,0.05306450845202036,0.009009009009009009,0.009708737864077669,breast_cancer,HGB,isotonic,val,
0.04051000202395006,0.14137192554482275,0.046229870129870065,0.04936753246753243,0.025,0.026041666666666668,breast_cancer,HGB,isotonic,held,
0.05280629288720103,0.15925505008545618,0.027138612149090652,0.037837241701708525,0.009009009009009009,0.010752688172043012,breast_cancer,HGB,bayes_bin,val,
0.05470455662394867,0.1681843276882873,0.027289376557049702,0.046804111302624386,0.01,0.012269938650306749,breast_cancer,HGB,bayes_bin,held,
0.04609159683768454,0.1885552340310327,0.0364200039143854,0.012863020806828107,0.02702702702702703,0.02830188679245283,breast_cancer,LR,raw,val,
0.04717875990387072,0.2086086258368608,0.022486043015789603,0.026792836921023716,0.04,0.042328042328042326,breast_cancer,LR,raw,held,
0.04658651055804808,0.17437811802728242,0.03554936336938994,0.015148374501785038,0.02702702702702703,0.0297029702970297,breast_cancer,LR,platt,val,
0.04720572539005275,0.19540252385811072,0.02795413414140865,0.028489044826439772,0.035,0.03763440860215054,breast_cancer,LR,platt,held,
0.044832844891469895,0.17184641529870576,0.030690717313818016,0.010210604179072068,0.018018018018018018,0.019417475728155338,breast_cancer,LR,temperature,val,
0.046495590885106214,0.1885576730625808,0.022990416940980283,0.023047558746713336,0.035,0.0374331550802139,breast_cancer,LR,temperature,held,
0.05352012172396833,0.1875187394860382,0.04294592345281641,0.014132558162537898,0.05405405405405406,0.05504587155963303,breast_cancer,LR,beta,val,
0.04879585624378878,0.3029982753606612,0.035949872757942924,0.03385869654584987,0.045,0.046632124352331605,breast_cancer,LR,beta,held,
0.05803848712110307,0.23149452235874296,0.05595935718185769,0.045508906731407284,0.06306306306306306,0.06306306306306306,breast_cancer,LR,isotonic,val,
0.05055902386120703,0.20830051065413446,0.0434803358805295,0.04288033588052947,0.05,0.050761421319796954,breast_cancer,LR,isotonic,held,
0.071438666577383,0.2184262772782167,0.04399342381613221,0.022589136312047377,0.018018018018018018,0.022727272727272728,breast_cancer,LR,bayes_bin,val,
0.053382413011121184,0.20667356015659488,0.027683952720657042,0.02948458734536696,0.015,0.01818181818181818,breast_cancer,LR,bayes_bin,held,
0.05420464527100836,0.4228580239407397,0.056457554218594434,0.02065360172619559,0.05405405405405406,0.05454545454545454,breast_cancer,GNB,raw,val,
0.08396801045130385,0.7192328569476268,0.08624141565723731,0.03183261143436264,0.085,0.08542713567839195,breast_cancer,GNB,raw,held,
0.04347457787661337,0.16158545420669188,0.045665260403066565,0.024537447487097193,0.036036036036036036,0.0380952380952381,breast_cancer,GNB,platt,val,
0.06636385573063484,0.2354902662642224,0.0727464200607125,0.03302270559373449,0.055,0.05789473684210526,breast_cancer,GNB,platt,held,
0.04364533128637201,0.16177838900274613,0.04631111183907992,0.023840266311991293,0.036036036036036036,0.0380952380952381,breast_cancer,GNB,temperature,val,
0.06626218065288941,0.2351783179379265,0.07297154021722393,0.03368847401001511,0.055,0.05789473684210526,breast_cancer,GNB,temperature,held,
0.05059423704421617,0.1796064343685479,0.05285949630278422,0.014662592587396779,0.05405405405405406,0.05504587155963303,breast_cancer,GNB,beta,val,
0.06554925372136362,0.24748533791562188,0.058092586407558135,0.04754577320056961,0.065,0.06735751295336788,breast_cancer,GNB,beta,held,
0.04052808966594986,0.15000415747821727,0.047559223176570325,0.016350553552087328,0.018018018018018018,0.019417475728155338,breast_cancer,GNB,isotonic,val,
0.058245545198871304,0.2245865625021475,0.057537113053211186,0.04814880081862834,0.045,0.047872340425531915,breast_cancer,GNB,isotonic,held,
0.06018808373199238,0.2109243751824003,0.03818139597819454,0.039871565998115546,0.07207207207207207,0.07207207207207207,breast_cancer,GNB,bayes_bin,val,
0.06469187595340066,0.2307194190628305,0.03328196436778584,0.03391697842581172,0.075,0.075,breast_cancer,GNB,bayes_bin,held,
0.019716490958059718,0.05786576094857329,0.007980520983469824,0.000990174703185557,0.009009009009009009,0.009433962264150943,breast_cancer,HGB,raw,val,
0.05108135543828316,0.34731865726798716,0.04854528141430303,0.03965662467603384,0.045,0.046153846153846156,breast_cancer,HGB,raw,held,
0.01946469672733793,0.06565094901056201,0.0051377729159499475,0.013240477542138529,0.0,0.0,breast_cancer,HGB,platt,val,
0.047698269806765975,0.18127519335653147,0.040333928827935905,0.038302702199167406,0.04,0.041884816753926704,breast_cancer,HGB,platt,held,
0.01900483895821469,0.0637015181652226,0.01316510018102997,0.012386664531356196,0.0,0.0,breast_cancer,HGB,temperature,val,
0.04668934992166054,0.18116386890561686,0.03648460148304847,0.03533118179946468,0.04,0.04145077720207254,breast_cancer,HGB,temperature,held,
0.019343375289925583,0.06515213517817403,0.00873105544474145,0.014266090575090748,0.0,0.0,breast_cancer,HGB,beta,val,
0.04708363772272582,0.1852681829864416,0.033785419476752114,0.03458710608655473,0.045,0.04639175257731959,breast_cancer,HGB,beta,held,
0.01941515119933195,0.07813946347449664,0.01934408253650159,0.030002756496901706,0.0,0.0,breast_cancer,HGB,isotonic,val,
0.04772562051299723,0.18253352684593907,0.030739026849505635,0.043413287948894375,0.045,0.04639175257731959,breast_cancer,HGB,isotonic,held,
0.0386685912448593,0.11727292433667397,0.020152889672840634,0.0224080225112293,0.0,0.0,breast_cancer,HGB,bayes_bin,val,
0.059339956074355375,0.24499669950763397,0.03703041467187344,0.03483989940258822,0.025,0.029585798816568046,breast_cancer,HGB,bayes_bin,held,
0.03400697277393238,0.1609390879732053,0.003949268252756693,0.030949651434565486,0.02702702702702703,0.02857142857142857,breast_cancer,LR,raw,val,
0.034224131621328306,0.12132008499445748,0.028745181533364503,0.028856579497782368,0.03,0.031088082901554404,breast_cancer,LR,raw,held,
0.03806586765530784,0.1356935389999985,0.0373648563855868,0.04416227213336762,0.009009009009009009,0.010638297872340425,breast_cancer,LR,platt,val,
0.03287961026957849,0.12122546762446468,0.0314934361028434,0.05365475384786516,0.005,0.005813953488372093,breast_cancer,LR,platt,held,
0.03666238710928602,0.13301999623425662,0.05386514589667902,0.03867047530574757,0.018018018018018018,0.020618556701030927,breast_cancer,LR,temperature,val,
0.03144215197463999,0.11867183184782376,0.0417761162110416,0.049526144900456495,0.0,0.0,breast_cancer,LR,temperature,held,
0.035115096950337085,0.13006293126325966,0.027360561445391045,0.03744046222791528,0.02702702702702703,0.030303030303030304,breast_cancer,LR,beta,val,
0.02926196963625344,0.1131391269887677,0.042494324223371696,0.04679855822449787,0.005,0.005649717514124294,breast_cancer,LR,beta,held,
0.043047543493397775,0.15557597604148138,0.05525893627342905,0.05889292709058986,0.009009009009009009,0.010638297872340425,breast_cancer,LR,isotonic,val,
0.03234491729043599,0.12137368768611495,0.05418116196208678,0.05392131945126352,0.005,0.005747126436781609,breast_cancer,LR,isotonic,held,
0.07539939622370777,0.2222138183828625,0.04737413077708379,0.04860850084633221,0.0,0.0,breast_cancer,LR,bayes_bin,val,
0.06189683233797409,0.18769769310903064,0.0348166320977394,0.029504192086710804,0.0,0.0,breast_cancer,LR,bayes_bin,held,
0.043850249237204306,0.4297538026857741,0.03776312726553278,0.026879709746423612,0.04504504504504504,0.045871559633027525,breast_cancer,GNB,raw,val,
0.03802948886166427,0.1961635729723708,0.03790909484390458,0.02237048941541456,0.04,0.04040404040404041,breast_cancer,GNB,raw,held,
0.038467251141510284,0.1585191915050563,0.020704938424184728,0.018394256625846282,0.02702702702702703,0.02857142857142857,breast_cancer,GNB,platt,val,
0.027315996721338394,0.10610143105115068,0.03519974986034254,0.03075110194102612,0.01,0.010752688172043012,breast_cancer,GNB,platt,held,
0.039958130905028824,0.1588966763673202,0.020198813910121096,0.02171987747844846,0.036036036036036036,0.037383177570093455,breast_cancer,GNB,temperature,val,
0.0289223315066796,0.10995946726875314,0.048974512326117985,0.037926899263983724,0.015,0.016042780748663103,breast_cancer,GNB,temperature,held,
0.03869277497989245,0.15451214515381448,0.020780755211270645,0.024911545523214323,0.02702702702702703,0.02857142857142857,breast_cancer,GNB,beta,val,
0.027598532116895585,0.10611561873835117,0.02829377868696759,0.038211716754397204,0.01,0.0106951871657754,breast_cancer,GNB,beta,held,
0.04064824824824824,0.16303452103871097,0.02948948948948943,0.03081081081081079,0.04504504504504504,0.04504504504504504,breast_cancer,GNB,isotonic,val,
0.029221816634692324,0.10676694792275217,0.033734404799947326,0.027538381480619333,0.03,0.030927835051546393,breast_cancer,GNB,isotonic,held,
0.05202372883735678,0.16313310740916415,0.011666654236460709,0.01768438251934642,0.009009009009009009,0.011235955056179775,breast_cancer,GNB,bayes_bin,val,
0.04569720358725448,0.1502493337325485,0.04684639084022248,0.04019598883272639,0.0,0.0,breast_cancer,GNB,bayes_bin,held,
0.03644199274566142,0.23028833140655997,0.031635467184059435,0.014601873101255632,0.036036036036036036,0.03636363636363636,breast_cancer,HGB,raw,val,
0.03682653217639757,0.171817107926001,0.03480865104653098,0.010265889273562008,0.035,0.03535353535353535,breast_cancer,HGB,raw,held,
0.032033101978472256,0.12473898963267185,0.023273740864338713,0.03197157849821901,0.02702702702702703,0.028846153846153848,breast_cancer,HGB,platt,val,
0.02706781075134905,0.10610516297327026,0.02514070345630676,0.03129860803022393,0.015,0.015957446808510637,breast_cancer,HGB,platt,held,
0.030261825844539573,0.11892767124335495,0.02147697251950593,0.019926868134227324,0.009009009009009009,0.009523809523809525,breast_cancer,HGB,temperature,val,
0.028357797113594266,0.10587833938300577,0.032153070532417366,0.03360362805572539,0.015,0.016129032258064516,breast_cancer,HGB,temperature,held,
0.03238550417523965,0.12685113366390124,0.02469779727147994,0.032500849848176555,0.02702702702702703,0.02857142857142857,breast_cancer,HGB,beta,val,
0.02765641932160057,0.11011097965616791,0.01887281393065129,0.029908507615807357,0.015,0.015873015873015872,breast_cancer,HGB,beta,held,
0.034565855950497396,0.1484716661370263,0.04376284949430949,0.03502415427727393,0.036036036036036036,0.036036036036036036,breast_cancer,HGB,isotonic,val,
0.03003540325406877,0.12972676109336173,0.04149989194013737,0.03288020211374851,0.03,0.030456852791878174,breast_cancer,HGB,isotonic,held,
0.057448657241354464,0.18740960220040181,0.01855776559750136,0.016296609002071506,0.009009009009009009,0.011494252873563218,breast_cancer,HGB,bayes_bin,val,
0.04441788949214878,0.14354236198391832,0.029235053195535283,0.04232925010347206,0.0,0.0,breast_cancer,HGB,bayes_bin,held,
0.03795358215646058,0.12771649652436678,0.015813138080291066,0.02569550245904912,0.036036036036036036,0.0380952380952381,breast_cancer,LR,raw,val,
0.03407851501115229,0.11137334543828167,0.02154597174206784,0.03518735370131768,0.015,0.016853932584269662,breast_cancer,LR,raw,held,
0.03861457286265608,0.1612743516972865,0.021346850174062917,0.035783097271231135,0.036036036036036036,0.037037037037037035,breast_cancer,LR,platt,val,
0.03261293217266041,0.10899062704075582,0.013616863424442368,0.017958027044871865,0.025,0.02631578947368421,breast_cancer,LR,platt,held,
0.04008973356649287,0.1720416085083087,0.02959580402444918,0.0402119341071229,0.036036036036036036,0.037037037037037035,breast_cancer,LR,temperature,val,
0.035735436123026564,0.1231885382997058,0.02081203463224935,0.024568774758528072,0.025,0.02631578947368421,breast_cancer,LR,temperature,held,
0.039294761469477836,0.17686686538930754,0.030422761701888113,0.038977218179546885,0.036036036036036036,0.037037037037037035,breast_cancer,LR,beta,val,
0.03467523936926101,0.11428372060174703,0.023138288887138515,0.023659254665129255,0.025,0.02617801047120419,breast_cancer,LR,beta,held,
0.047232432432432414,0.19273994417039378,0.035495495495495556,0.03621621621621622,0.05405405405405406,0.05405405405405406,breast_cancer,LR,isotonic,val,
0.04101301586855419,0.15507412053503392,0.03999027857159074,0.04631703718859869,0.05,0.050505050505050504,breast_cancer,LR,isotonic,held,
0.04809979552438806,0.17340366281058117,0.010067632067574935,0.05189569505579268,0.05405405405405406,0.05405405405405406,breast_cancer,LR,bayes_bin,val,
0.05589632676903525,0.18013488692584706,0.028292413554823845,0.027291669301465905,0.07,0.07,breast_cancer,LR,bayes_bin,held,
0.064400546146102,0.5376631731535495,0.05605918473484888,0.059222429853690056,0.06306306306306306,0.06422018348623854,breast_cancer,GNB,raw,val,
0.05700696817675909,0.4723427003703721,0.05406208513180387,0.047655116484311894,0.055,0.05555555555555555,breast_cancer,GNB,raw,held,
0.05898872765782094,0.2008667113254598,0.0542135130346278,0.044580144357529584,0.06306306306306306,0.06481481481481481,breast_cancer,GNB,platt,val,
0.047063482688223024,0.17538545780511705,0.04198254401136681,0.035052556944696396,0.045,0.046632124352331605,breast_cancer,GNB,platt,held,
0.05747343985876008,0.2051671941767138,0.04283750669999478,0.05242599357113098,0.05405405405405406,0.05714285714285714,breast_cancer,GNB,temperature,val,
0.04807216504986439,0.18138391250010621,0.041108580699088015,0.03835273778701781,0.035,0.03684210526315789,breast_cancer,GNB,temperature,held,
0.057304566971956024,0.19418252139636716,0.03497210244073944,0.04572015868826246,0.06306306306306306,0.06542056074766354,breast_cancer,GNB,beta,val,
0.047962282092749726,0.19070547765439955,0.03819846699070151,0.03684885460529988,0.04,0.041884816753926704,breast_cancer,GNB,beta,held,
0.05982264113141922,0.2267325356263413,0.03373352861111759,0.04740349856059825,0.05405405405405406,0.05714285714285714,breast_cancer,GNB,isotonic,val,
0.044889232000454825,0.1729446482409376,0.028669175634277223,0.04366917563427723,0.03,0.031914893617021274,breast_cancer,GNB,isotonic,held,
0.06223181298501398,0.3764554545073968,0.039967126462027755,0.043037536198500696,0.07207207207207207,0.07207207207207207,breast_cancer,GNB,bayes_bin,val,
0.05738256854569976,0.27610128392334693,0.03437459044363352,0.039472706819819126,0.07,0.07,breast_cancer,GNB,bayes_bin,held,
0.04695240153581093,0.1556181689544124,0.038157729377875184,0.05487461754727103,0.036036036036036036,0.038461538461538464,breast_cancer,HGB,raw,val,
0.0466279168544293,0.28713950657222925,0.04748306554067563,0.047482599172009546,0.04,0.04081632653061224,breast_cancer,HGB,raw,held,
0.031905230393176255,0.18491040478214757,0.025449844045911576,0.03178399952929549,0.02702702702702703,0.027522935779816515,breast_cancer,HGB,platt,val,
0.03483153718974202,0.22356026822519381,0.021710010789353328,0.022278941192701344,0.03,0.031088082901554404,breast_cancer,HGB,platt,held,
0.040080193757614895,0.12450941589287084,0.020548412211583957,0.030643408870212874,0.018018018018018018,0.020202020202020204,breast_cancer,HGB,temperature,val,
0.041217649457982036,0.15009973326344825,0.03507367631064659,0.03485264152076979,0.04,0.041025641025641026,breast_cancer,HGB,temperature,held,
0.031919913397354324,0.3898417159585838,0.029174796050951926,0.03675648411265747,0.02702702702702703,0.02727272727272727,breast_cancer,HGB,beta,val,
0.03384753749169045,0.2696876244060796,0.021716222721513145,0.026755826073843327,0.03,0.030927835051546393,breast_cancer,HGB,beta,held,
0.035708108108108094,0.1641050756097346,0.020720720720720762,0.04054054054054058,0.036036036036036036,0.036036036036036036,breast_cancer,HGB,isotonic,val,
0.03320940429167852,0.1427983218518709,0.024577301244982686,0.023777301244982684,0.035,0.035175879396984924,breast_cancer,HGB,isotonic,held,
0.03631577272136913,0.1570149695432062,0.03759912362822367,0.04145198290232244,0.036036036036036036,0.036036036036036036,breast_cancer,HGB,bayes_bin,val,
0.036539492852784544,0.18421941329833202,0.01968414657077534,0.03061582910515151,0.04,0.04,breast_cancer,HGB,bayes_bin,held,
0.03224864133448865,0.11490699661295604,0.009145101684292962,0.045090239837450585,0.02702702702702703,0.028037383177570093,breast_cancer,LR,raw,val,
0.031675229906661884,0.1133105223498898,0.02267295425102521,0.02009170276931755,0.02,0.020833333333333332,breast_cancer,LR,raw,held,
0.026679517671164877,0.09960198498460664,0.04106865994264704,0.0323800788042338,0.009009009009009009,0.010101010101010102,breast_cancer,LR,platt,val,
0.028461036232797336,0.1001050916456813,0.014728016703097348,0.0249726126076336,0.01,0.01092896174863388,breast_cancer,LR,platt,held,
0.03413085412769681,0.12034442886082548,0.031154788899681613,0.05691797065303819,0.009009009009009009,0.010752688172043012,breast_cancer,LR,temperature,val,
0.031148618660491945,0.1104009593999623,0.017231297144409498,0.03717961493541495,0.015,0.016666666666666666,breast_cancer,LR,temperature,held,
0.02774612788340822,0.10241768630428409,0.032013541771134586,0.03201354177113471,0.0,0.0,breast_cancer,LR,beta,val,
0.02826000784439348,0.09871792989435024,0.020606054959103923,0.022088417419421476,0.01,0.01092896174863388,breast_cancer,LR,beta,held,
0.031088438340233625,0.12342485828333137,0.05706046487698325,0.04792041573693408,0.018018018018018018,0.020833333333333332,breast_cancer,LR,isotonic,val,
0.03318217384151913,0.12076248607531859,0.02012663006293314,0.03527596733966416,0.015,0.016853932584269662,breast_cancer,LR,isotonic,held,
0.03968003255346817,0.1362288150987665,0.040913848104356665,0.03535602540001931,0.0,0.0,breast_cancer,LR,bayes_bin,val,
0.03416096448265289,0.11637204950272384,0.03688558962920845,0.03688558962920837,0.005,0.006024096385542169,breast_cancer,LR,bayes_bin,held,
0.04534481418130094,0.35990289928902863,0.04119103154398955,0.030636568464583482,0.04504504504504504,0.045454545454545456,breast_cancer,GNB,raw,val,
0.06635157451378494,0.5069195764635609,0.06777081615676905,0.04075255488937556,0.07,0.07,breast_cancer,GNB,raw,held,
0.0352257445144893,0.13986783973770664,0.05886250719970468,0.026710883075861107,0.018018018018018018,0.018867924528301886,breast_cancer,GNB,platt,val,
0.04927172611711621,0.18035649518173308,0.0685928061763646,0.04725334552908482,0.035,0.037037037037037035,breast_cancer,GNB,platt,held,
0.036266488163212554,0.14679919239037806,0.04196782105271118,0.037169351392221966,0.02702702702702703,0.028037383177570093,breast_cancer,GNB,temperature,val,
0.04833601613669874,0.18202858990589513,0.07217858162328752,0.04979172793877554,0.03,0.03208556149732621,breast_cancer,GNB,temperature,held,
0.03773375166315202,0.14685565968045156,0.059343561184746194,0.03580730841240362,0.02702702702702703,0.028037383177570093,breast_cancer,GNB,beta,val,
0.04650610826741639,0.16941594350880249,0.059125774287674966,0.0566590630114143,0.04,0.041884816753926704,breast_cancer,GNB,beta,held,
0.022156091299930982,0.08658743269564224,0.024351869730840733,0.041233715854744724,0.0,0.0,breast_cancer,GNB,isotonic,val,
0.04798460265410899,0.17891946976837958,0.026500185914069975,0.03103664358765459,0.025,0.027472527472527472,breast_cancer,GNB,isotonic,held,
0.03969367681373968,0.12581465263036318,0.017485956425726708,0.019738310877073853,0.0,0.0,breast_cancer,GNB,bayes_bin,val,
0.045381565744709,0.2547010329938767,0.01781903846257523,0.026365310562708764,0.015,0.017964071856287425,breast_cancer,GNB,bayes_bin,held,
0.0164067522746707,0.05874089158979878,0.012835628945342842,0.0192624577255468,0.018018018018018018,0.018018018018018018,breast_cancer,HGB,raw,val,
0.049298043646573364,0.24802848879498604,0.04679145371640235,0.03467015746241025,0.05,0.050505050505050504,breast_cancer,HGB,raw,held,
0.01903225313310037,0.08885572669497759,0.04848298609051282,0.03565443832221375,0.0,0.0,breast_cancer,HGB,platt,val,
0.03839736160634339,0.13537129080498456,0.026891185619750197,0.03774287601918109,0.015,0.016666666666666666,breast_cancer,HGB,platt,held,
0.018924603599012657,0.08864620093028576,0.04855539012297868,0.03584133503718298,0.0,0.0,breast_cancer,HGB,temperature,val,
0.038392622970818635,0.13543914608652277,0.026936262024184882,0.0376275322274386,0.01,0.0111731843575419,breast_cancer,HGB,temperature,held,
0.01604706282406639,0.08116379017045895,0.04525893887527461,0.035490304135771936,0.0,0.0,breast_cancer,HGB,beta,val,
0.039193522568813956,0.13616786303308342,0.04250442265015768,0.034336375909984604,0.025,0.02702702702702703,breast_cancer,HGB,beta,held,
0.028752700907194603,0.1112575601830037,0.05543614585271657,0.06387575855463559,0.0,0.0,breast_cancer,HGB,isotonic,val,
0.03856861868077424,0.12986515199856866,0.0272171333440914,0.027730361916812978,0.005,0.006172839506172839,breast_cancer,HGB,isotonic,held,
0.04062939974605657,0.13867633524545878,0.049506731892447205,0.04302792177021075,0.0,0.0,breast_cancer,HGB,bayes_bin,val,
0.04935308254183599,0.15605594549161725,0.0305126861546709,0.02736630710288106,0.02,0.024096385542168676,breast_cancer,HGB,bayes_bin,held,
0.03291093035115049,0.09650060653313763,0.022202715997247043,0.02428213951037677,0.018018018018018018,0.01904761904761905,breast_cancer,LR,raw,val,
0.05063672371477931,0.15979589134700833,0.04062071581572666,0.045715990736316145,0.03,0.03278688524590164,breast_cancer,LR,raw,held,
0.032372557423245435,0.10978257643839272,0.01484978147877348,0.02437746842806672,0.02702702702702703,0.029411764705882353,breast_cancer,LR,platt,val,
0.045224402827723297,0.138300723649152,0.03382121873975441,0.030193038721760993,0.02,0.022727272727272728,breast_cancer,LR,platt,held,
0.03157015495448462,0.10717348569188971,0.015201560115172723,0.02125162187943823,0.0,0.0,breast_cancer,LR,temperature,val,
0.04674663513385701,0.14701351781418726,0.03674808536438185,0.04198976370273514,0.02,0.022988505747126436,breast_cancer,LR,temperature,held,
0.03273119825271983,0.11083852323150209,0.023457408584574346,0.02584695984388017,0.02702702702702703,0.029411764705882353,breast_cancer,LR,beta,val,
0.04467003360618965,0.13616990326178197,0.026034642763478565,0.033760259505454825,0.015,0.017241379310344827,breast_cancer,LR,beta,held,
0.03279727058033409,0.10735681210776638,0.027432845769851732,0.024189602526608518,0.018018018018018018,0.0196078431372549,breast_cancer,LR,isotonic,val,
0.050026529350237936,0.17395964615640622,0.0328818247033834,0.03482358308397836,0.015,0.017341040462427744,breast_cancer,LR,isotonic,held,
0.04992959245641414,0.16916361608651256,0.023139725361094463,0.038883176207717016,0.02702702702702703,0.03571428571428571,breast_cancer,LR,bayes_bin,val,
0.057514104520435226,0.18068363585362185,0.027911638685236138,0.02865981433327344,0.035,0.04242424242424243,breast_cancer,LR,bayes_bin,held,
0.04733141927769542,0.27310129371564523,0.04750232638613083,0.01841010546307171,0.036036036036036036,0.037383177570093455,breast_cancer,GNB,raw,val,
0.06437190696069622,0.49964648088455016,0.06425122942736293,0.0412671452834394,0.06,0.06091370558375635,breast_cancer,GNB,raw,held,
0.037396019729013456,0.13637436542783388,0.03830537790679745,0.022955939393640275,0.018018018018018018,0.0196078431372549,breast_cancer,GNB,platt,val,
0.05111357684041435,0.18104657069344587,0.0495108551443418,0.03864997692934243,0.04,0.041884816753926704,breast_cancer,GNB,platt,held,
0.03721165662690259,0.13661593593875324,0.03585499434193807,0.022914008755046112,0.018018018018018018,0.0196078431372549,breast_cancer,GNB,temperature,val,
0.05071344457268903,0.17924772642402143,0.055577464013584675,0.0363610460669388,0.04,0.042105263157894736,breast_cancer,GNB,temperature,held,
0.03934012897938489,0.13528579766915108,0.050030039965394,0.014382796560955473,0.018018018018018018,0.019230769230769232,breast_cancer,GNB,beta,val,
0.050658184391707654,0.18316494400805475,0.05629384292061015,0.029517935346019618,0.04,0.0425531914893617,breast_cancer,GNB,beta,held,
0.03699227963709344,0.13100033231985772,0.030499393894695692,0.01672497332967145,0.009009009009009009,0.01020408163265306,breast_cancer,GNB,isotonic,val,
0.046644753146069695,0.16496776625565437,0.03263632769965592,0.030392987207237262,0.02,0.022222222222222223,breast_cancer,GNB,isotonic,held,
0.0403140441276986,0.13678685537357452,0.03480926609477988,0.0549382355224184,0.0,0.0,breast_cancer,GNB,bayes_bin,val,
0.051614297049180156,0.16811062183741568,0.03216021493412919,0.03278595594668623,0.025,0.03048780487804878,breast_cancer,GNB,bayes_bin,held,
0.04329157478171228,0.20509778529411068,0.03494619813785893,0.03493072184526171,0.036036036036036036,0.037383177570093455,breast_cancer,HGB,raw,val,
0.03414907581557023,0.2002594207537653,0.03210836742957618,0.02093110062978844,0.03,0.030456852791878174,breast_cancer,HGB,raw,held,
0.03755579715081747,0.11412014713618014,0.02566623423742834,0.011099964736220597,0.018018018018018018,0.0196078431372549,breast_cancer,HGB,platt,val,
0.03450627333975506,0.13142508515810752,0.024746679513202068,0.03228282873985772,0.02,0.020942408376963352,breast_cancer,HGB,platt,held,
0.040434315148097186,0.13076211019877834,0.016929114618179388,0.03709159903328453,0.02702702702702703,0.0297029702970297,breast_cancer,HGB,temperature,val,
0.03128390227289827,0.1137091376520176,0.017790659318447224,0.016320193176715785,0.02,0.021164021164021163,breast_cancer,HGB,temperature,held,
0.044343551337373,0.1356610567070166,0.04226154823656554,0.00925205559930098,0.036036036036036036,0.03773584905660377,breast_cancer,HGB,beta,val,
0.038432613879542665,0.13509402094522505,0.03334144509656769,0.03524453478887011,0.03,0.031088082901554404,breast_cancer,HGB,beta,held,
0.05343625280086021,0.19003818335800643,0.04180566606112449,0.014599888344346609,0.06306306306306306,0.06363636363636363,breast_cancer,HGB,isotonic,val,
0.04012357979555226,0.15097723788258421,0.03157425748841136,0.0322550645817688,0.045,0.04568527918781726,breast_cancer,HGB,isotonic,held,
0.04349779792116154,0.13897126276582183,0.003976400732031161,0.01386418209892356,0.009009009009009009,0.011363636363636364,breast_cancer,HGB,bayes_bin,val,
0.037814078651238994,0.1326662850882743,0.024751694314222607,0.03233877776792143,0.03,0.03428571428571429,breast_cancer,HGB,bayes_bin,held,
0.04999632755531799,0.31164306151206445,0.04341738352288297,0.012567939717998512,0.04504504504504504,0.04672897196261682,breast_cancer,LR,raw,val,
0.03865056850121114,0.15845645269887146,0.02228139521639066,0.033541941233078194,0.03,0.031914893617021274,breast_cancer,LR,raw,held,
0.04452357485688295,0.16787981515322067,0.020771336878936612,0.02026548828765398,0.036036036036036036,0.0380952380952381,breast_cancer,LR,platt,val,
0.03817807864419237,0.12964538409191614,0.019782843211965814,0.03748693837293856,0.01,0.011627906976744186,breast_cancer,LR,platt,held,
0.044552408355750674,0.16778546521697213,0.02082971116883136,0.020478241137431245,0.036036036036036036,0.0380952380952381,breast_cancer,LR,temperature,val,
0.03801140013487611,0.129260678397839,0.019751178014264948,0.037083899825865456,0.01,0.011627906976744186,breast_cancer,LR,temperature,held,
0.04883349396101344,0.23423698047856256,0.030346832109162735,0.022247760733887484,0.04504504504504504,0.04672897196261682,breast_cancer,LR,beta,val,
0.03429052110685312,0.1337921803383947,0.014870203189130904,0.028346377529673825,0.02,0.02185792349726776,breast_cancer,LR,beta,held,
0.05298868643680143,0.20038082144948638,0.040778433235174896,0.028165820622562256,0.06306306306306306,0.06306306306306306,breast_cancer,LR,isotonic,val,
0.03739113801387192,0.15067530102205107,0.03264735868194565,0.03837263800869111,0.035,0.03571428571428571,breast_cancer,LR,isotonic,held,
0.058631039092495243,0.26498496553884937,0.0349888222062866,0.04032279303501939,0.02702702702702703,0.034482758620689655,breast_cancer,LR,bayes_bin,val,
0.06006504244189791,0.17868850464951322,0.02213245759429014,0.028780002132514963,0.005,0.006493506493506494,breast_cancer,LR,bayes_bin,held,
0.04833855261976806,0.35990572741206067,0.04663408873361475,0.04726918510961777,0.05405405405405406,0.05454545454545454,breast_cancer,GNB,raw,val,
0.061305779772412645,0.48521137648014984,0.05799228287139381,0.036098694310034984,0.06,0.06091370558375635,breast_cancer,GNB,raw,held,
0.03804923607839353,0.1351010238341897,0.04275542580949666,0.02235998421233441,0.036036036036036036,0.037037037037037035,breast_cancer,GNB,platt,val,
0.05139048093131337,0.2679507651582758,0.04445916062723434,0.05647780571370799,0.035,0.0374331550802139,breast_cancer,GNB,platt,held,
0.03967298657547398,0.15307008883569628,0.03612271263286878,0.0570219805702025,0.02702702702702703,0.02912621359223301,breast_cancer,GNB,temperature,val,
0.04848152534946977,0.1785186372510998,0.05794656042327879,0.044723665681132854,0.03,0.03208556149732621,breast_cancer,GNB,temperature,held,
0.038637972024337365,0.13957522753761992,0.043790799753350665,0.023313740928895717,0.036036036036036036,0.037037037037037035,breast_cancer,GNB,beta,val,
0.05195496047988181,0.4006762759184768,0.05371770968824009,0.05779746435403809,0.035,0.0374331550802139,breast_cancer,GNB,beta,held,
0.03981613424059467,0.15799566702846815,0.030242570672649332,0.019387918728716046,0.036036036036036036,0.037037037037037035,breast_cancer,GNB,isotonic,val,
0.05357263364153284,0.22009744647886847,0.03695700289076349,0.055643597269818386,0.04,0.042328042328042326,breast_cancer,GNB,isotonic,held,
0.05841170896887315,0.17897990530679223,0.04487361264303099,0.0554954871557096,0.009009009009009009,0.012048192771084338,breast_cancer,GNB,bayes_bin,val,
0.05783298591143961,0.17195056397946337,0.0233787375572419,0.026752607663142153,0.0,0.0,breast_cancer,GNB,bayes_bin,held,
0.03714711862710398,0.2633180845466443,0.03731848012100527,0.026590526232274522,0.036036036036036036,0.03636363636363636,breast_cancer,HGB,raw,val,
0.036968301276031595,0.24145509553185052,0.025493272879109408,0.032964456490173794,0.03,0.031088082901554404,breast_cancer,HGB,raw,held,
0.036523819567847685,0.1403182984538095,0.027327107187287036,0.034660076891279916,0.02702702702702703,0.028037383177570093,breast_cancer,HGB,platt,val,
0.06528566043266214,0.2556712581899687,0.042238116443430306,0.08195581567556826,0.05,0.053763440860215055,breast_cancer,HGB,platt,held,
0.03316971773198016,0.13419391884987267,0.022241205640655383,0.04586314962124241,0.018018018018018018,0.0196078431372549,breast_cancer,HGB,temperature,val,
0.036021599649898074,0.1387724504653382,0.031778016151883776,0.03655030223849824,0.02,0.02197802197802198,breast_cancer,HGB,temperature,held,
0.038569868775505244,0.14386332361774756,0.03698093137953956,0.03577615627270066,0.02702702702702703,0.028037383177570093,breast_cancer,HGB,beta,val,
0.06919842102629778,0.2502089172473499,0.05258509026300101,0.08522300813512806,0.05,0.053763440860215055,breast_cancer,HGB,beta,held,
0.04713372201813316,0.17104690274285358,0.0444766405899781,0.044877809966767115,0.05405405405405406,0.05454545454545454,breast_cancer,HGB,isotonic,val,
0.07533841028440516,0.2510307096440025,0.06128434804462531,0.08403120818276946,0.085,0.08762886597938144,breast_cancer,HGB,isotonic,held,
0.053512840934976075,0.2496924318157831,0.028059517509769885,0.026933394885889812,0.018018018018018018,0.022222222222222223,breast_cancer,HGB,bayes_bin,val,
0.07077868965018248,0.24663745432098216,0.0386482158728722,0.042784325757978796,0.01,0.012987012987012988,breast_cancer,HGB,bayes_bin,held,
0.04639948664432362,0.14298554419929096,0.023452433948974123,0.0664082932509842,0.02702702702702703,0.0297029702970297,breast_cancer,LR,raw,val,
0.054358208043778715,0.162228945415496,0.05057929284201371,0.04710685877877287,0.045,0.0481283422459893,breast_cancer,LR,raw,held,
0.03670088780978972,0.1176955186206083,0.010493046926909774,0.054700861674924266,0.009009009009009009,0.010416666666666666,breast_cancer,LR,platt,val,
0.0464236210673522,0.13809209002007766,0.02875921555403287,0.03643768210430223,0.02,0.0223463687150838,breast_cancer,LR,platt,held,
0.0449570909634634,0.1398286038312956,0.020135869308688256,0.07008248573306931,0.02702702702702703,0.030303030303030304,breast_cancer,LR,temperature,val,
0.05076216233848612,0.1498352898176274,0.04539316520947722,0.037980005506526665,0.03,0.03333333333333333,breast_cancer,LR,temperature,held,
0.03701895275279046,0.11813273085292689,0.010628632415541676,0.054805761090232705,0.009009009009009009,0.010416666666666666,breast_cancer,LR,beta,val,
0.046438575501769906,0.1379675394993628,0.02831629988541116,0.03630554361819483,0.02,0.0223463687150838,breast_cancer,LR,beta,held,
0.03213348825520999,0.11614940927540948,0.023737101732162938,0.057223859228797885,0.009009009009009009,0.010752688172043012,breast_cancer,LR,isotonic,val,
0.04625153534810036,0.15382369012518912,0.04048871585020127,0.041155382516867955,0.015,0.017241379310344827,breast_cancer,LR,isotonic,held,
0.06317834180572861,0.1890592915669238,0.04819765645056147,0.055889594863251325,0.0,0.0,breast_cancer,LR,bayes_bin,val,
0.05905032878456197,0.1820902796503515,0.014717754824322082,0.01896369896973943,0.015,0.01910828025477707,breast_cancer,LR,bayes_bin,held,
0.04696234832536714,0.4376204069273384,0.049428325917122776,0.020885195473093268,0.04504504504504504,0.045454545454545456,breast_cancer,GNB,raw,val,
0.0654993754866728,0.5307079191194255,0.05980381928770003,0.05641710143190472,0.065,0.06598984771573604,breast_cancer,GNB,raw,held,
0.04119959698754602,0.1876353736699042,0.0334722109433483,0.027640081017922206,0.04504504504504504,0.046296296296296294,breast_cancer,GNB,platt,val,
0.05276066786865112,0.21679769644924066,0.04211064613597833,0.04091838160488575,0.04,0.043010752688172046,breast_cancer,GNB,platt,held,
0.04103077369136786,0.16490786500445823,0.0418247067872663,0.016575626454517288,0.036036036036036036,0.037037037037037035,breast_cancer,GNB,temperature,val,
0.05507403242607155,0.2056719959086788,0.04761288326475442,0.048793754398911225,0.04,0.043010752688172046,breast_cancer,GNB,temperature,held,
0.041865683478560525,0.227627236427091,0.0358499533403699,0.02903312216152513,0.04504504504504504,0.045871559633027525,breast_cancer,GNB,beta,val,
0.0533159483612644,0.25038279627228127,0.04886884709282164,0.040107821182745626,0.04,0.0427807486631016,breast_cancer,GNB,beta,held,
0.04232241900253085,0.17730076564468286,0.031034214094677985,0.03074184768138375,0.04504504504504504,0.045454545454545456,breast_cancer,GNB,isotonic,val,
0.05659975470721784,0.20945245577857574,0.04956106610998644,0.034168910396849064,0.055,0.05670103092783505,breast_cancer,GNB,isotonic,held,
0.04279248316040675,0.1393847476641432,0.011338940633706994,0.011338940633706919,0.009009009009009009,0.01098901098901099,breast_cancer,GNB,bayes_bin,val,
0.05782251968645852,0.1802323805385814,0.019208149848374087,0.022150565762067316,0.015,0.01935483870967742,breast_cancer,GNB,bayes_bin,held,
0.029421162779911008,0.11213038983924688,0.026705981838871642,0.030057030712787123,0.02702702702702703,0.02727272727272727,breast_cancer,HGB,raw,val,
0.03683214710390153,0.24556569147868146,0.0393388369172102,0.03411886108845587,0.03,0.03076923076923077,breast_cancer,HGB,raw,held,
0.025744369976409855,0.0835114734922197,0.009539807498299127,0.020990584548971184,0.018018018018018018,0.019417475728155338,breast_cancer,HGB,platt,val,
0.03369781441446439,0.13938363418559008,0.02374899223305349,0.027668311947851222,0.03,0.031088082901554404,breast_cancer,HGB,platt,held,
0.02598819748517459,0.08417759036642433,0.009578510192685477,0.021741394525324698,0.018018018018018018,0.019417475728155338,breast_cancer,HGB,temperature,val,
0.033879079040867795,0.13979599833365966,0.028873919415767717,0.027948330874457743,0.03,0.031088082901554404,breast_cancer,HGB,temperature,held,
0.026929564238287032,0.08660203210375943,0.01079613042881078,0.01896708390419087,0.018018018018018018,0.019417475728155338,breast_cancer,HGB,beta,val,
0.03447045540941126,0.16289337506414672,0.03446533168091498,0.03154626650577077,0.03,0.031088082901554404,breast_cancer,HGB,beta,held,
0.028512201875805936,0.12213560255953403,0.030527622226876994,0.021362843698412737,0.018018018018018018,0.01904761904761905,breast_cancer,HGB,isotonic,val,
0.03096395980086867,0.1276826153328536,0.03579193357877403,0.04077145578185533,0.02,0.02072538860103627,breast_cancer,HGB,isotonic,held,
0.03302796569379941,0.1146868829315687,0.019264267534089066,0.016810343219486525,0.009009009009009009,0.010869565217391304,breast_cancer,HGB,bayes_bin,val,
0.040783860380402756,0.19021473761656155,0.03459765923728926,0.03057422279512098,0.015,0.018292682926829267,breast_cancer,HGB,bayes_bin,held,
0.027103923285073606,0.08641874565306486,0.01430044517973631,0.02634319079410141,0.009009009009009009,0.01,breast_cancer,LR,raw,val,
0.036034035880249296,0.15676707295976286,0.01505154540227568,0.022866155535034693,0.035,0.03664921465968586,breast_cancer,LR,raw,held,
0.024779332896402863,0.07719827709543839,0.002331697497701333,0.0129819394227939,0.009009009009009009,0.009615384615384616,breast_cancer,LR,platt,val,
0.0365434294351318,0.1750104136871226,0.021486133344245883,0.021060550122448896,0.035,0.03608247422680412,breast_cancer,LR,platt,held,
0.026558676264043818,0.08378244620766638,0.007332003679355321,0.02297358731759144,0.009009009009009009,0.009900990099009901,breast_cancer,LR,temperature,val,
0.03663770360324904,0.17832412062794345,0.020613231964268133,0.02486150121679711,0.035,0.035897435897435895,breast_cancer,LR,temperature,held,
0.024823929253168984,0.07717607345090208,0.004992449792738454,0.014332236712079,0.009009009009009009,0.009708737864077669,breast_cancer,LR,beta,val,
0.036635518999754146,0.19351299803925098,0.0208808159419154,0.022725225351022334,0.035,0.03608247422680412,breast_cancer,LR,beta,held,
0.028172910587946763,0.09788490304349258,0.02672874265805588,0.036733024377793175,0.009009009009009009,0.01,breast_cancer,LR,isotonic,val,
0.04113892186108073,0.17140631957068433,0.028302060082591896,0.037912545125881165,0.035,0.03664921465968586,breast_cancer,LR,isotonic,held,
0.032669568358604385,0.10037940311872105,0.014131226088260314,0.020926121878030602,0.0,0.0,breast_cancer,LR,bayes_bin,val,
0.04525221962845396,0.19212226346879654,0.03224305632930021,0.026173342123738782,0.025,0.029585798816568046,breast_cancer,LR,bayes_bin,held,
0.05219679431476316,0.4036215561658258,0.05274398407068486,0.019028992561223007,0.05405405405405406,0.05405405405405406,breast_cancer,GNB,raw,val,
0.07095589461574098,0.6676547357537679,0.07221780950109341,0.04411763659630315,0.07,0.07035175879396985,breast_cancer,GNB,raw,held,
0.04013273090172272,0.14829057195430342,0.044933506540410825,0.02193337234449579,0.036036036036036036,0.037383177570093455,breast_cancer,GNB,platt,val,
0.05846590124258102,0.21550522504566133,0.06780185657534019,0.03884430773738921,0.055,0.05670103092783505,breast_cancer,GNB,platt,held,
0.0401108902335262,0.14821034624197968,0.04479979597473982,0.022018183514840778,0.036036036036036036,0.037383177570093455,breast_cancer,GNB,temperature,val,
0.058523689355789166,0.21558465249816552,0.0678200059154079,0.03894594218574127,0.055,0.05670103092783505,breast_cancer,GNB,temperature,held,
0.040280135533206834,0.14801458824959832,0.044045819652980815,0.020478684513327038,0.02702702702702703,0.02830188679245283,breast_cancer,GNB,beta,val,
0.05794025122785799,0.21376257126338394,0.062080010625176985,0.03780882627891737,0.05,0.05181347150259067,breast_cancer,GNB,beta,held,
0.04356645523192426,0.16368678820082314,0.035254675461587066,0.023368391784999366,0.036036036036036036,0.037383177570093455,breast_cancer,GNB,isotonic,val,
0.054157647358598765,0.20104820996062847,0.05224289351241005,0.03211199859516371,0.045,0.046632124352331605,breast_cancer,GNB,isotonic,held,
0.03772177314421313,0.12692536047637987,0.013641128041282443,0.012514936184891195,0.009009009009009009,0.010869565217391304,breast_cancer,GNB,bayes_bin,val,
0.0551147514492274,0.2368759360562965,0.04733840385552496,0.042338142013148214,0.035,0.041666666666666664,breast_cancer,GNB,bayes_bin,held,
0.04708334043418811,0.213766255774784,0.04393205965884981,0.018131458802184343,0.04504504504504504,0.045871559633027525,breast_cancer,HGB,raw,val,
0.048048133352998956,0.31754676486435607,0.04125028194587406,0.0343722724973841,0.045,0.04591836734693878,breast_cancer,HGB,raw,held,
0.041879645107288296,0.14585171259365712,0.030152078052262794,0.00907492889204386,0.036036036036036036,0.037037037037037035,breast_cancer,HGB,platt,val,
0.046013944872843354,0.21049864834222787,0.034588285415373926,0.030791226895701334,0.04,0.042105263157894736,breast_cancer,HGB,platt,held,
0.04284916271419015,0.14707146340268293,0.03745757294377093,0.018712039043662,0.036036036036036036,0.037383177570093455,breast_cancer,HGB,temperature,val,
0.04509995281296652,0.21683712880823522,0.03217623924482729,0.03189315079483128,0.03,0.031746031746031744,breast_cancer,HGB,temperature,held,
0.042106432311282214,0.14741640900937508,0.03010696144153295,0.008296460336828319,0.036036036036036036,0.037383177570093455,breast_cancer,HGB,beta,val,
0.04558472792534362,0.19843900991187852,0.0355052386566935,0.02866615972987157,0.04,0.041884816753926704,breast_cancer,HGB,beta,held,
0.04610328703210226,0.1889871541083768,0.045185022119049484,0.02464448157850893,0.036036036036036036,0.037383177570093455,breast_cancer,HGB,isotonic,val,
0.04313781322894952,0.16906627285792525,0.02969245277075573,0.03277860522624722,0.03,0.03208556149732621,breast_cancer,HGB,isotonic,held,
0.042602274526648,0.2324953647275041,0.0329938875498258,0.03299383349577167,0.018018018018018018,0.022727272727272728,breast_cancer,HGB,bayes_bin,val,
0.06416731098087852,0.35447813986294135,0.031072649578903298,0.031035810446876932,0.025,0.032467532467532464,breast_cancer,HGB,bayes_bin,held,
0.0247199481319087,0.0879231848752501,0.01003916429724783,0.023203769588259652,0.009009009009009009,0.009523809523809525,breast_cancer,LR,raw,val,
0.04349540451689953,0.1657299412291526,0.03501889108745618,0.0315083116032855,0.03,0.031578947368421054,breast_cancer,LR,raw,held,
0.028652720173018502,0.10584660116172558,0.022887207853571175,0.04287999127934897,0.009009009009009009,0.01,breast_cancer,LR,platt,val,
0.04414537452059764,0.15270711656962255,0.030182712928393876,0.03520211746739093,0.02,0.0223463687150838,breast_cancer,LR,platt,held,
0.026656671314686183,0.09992467556932617,0.023172931069775606,0.03451870865982354,0.009009009009009009,0.01,breast_cancer,LR,temperature,val,
0.042594639305811734,0.14790842283532465,0.029704511837269132,0.027172684214149267,0.02,0.022727272727272728,breast_cancer,LR,temperature,held,
0.03295310826650902,0.11211457904849038,0.012521376035231277,0.04431799569208753,0.009009009009009009,0.009900990099009901,breast_cancer,LR,beta,val,
0.0483068338591778,0.1599351830133726,0.03994458243048215,0.043243676031399385,0.025,0.0273224043715847,breast_cancer,LR,beta,held,
0.040494969014605364,0.14065024946619897,0.04130640391603323,0.042747845357474626,0.009009009009009009,0.01020408163265306,breast_cancer,LR,isotonic,val,
0.053816606547577826,0.19215048201703006,0.06708927418045271,0.05028258760889953,0.02,0.022988505747126436,breast_cancer,LR,isotonic,held,
0.05274837555788538,0.15579233594979483,0.03201364346238471,0.02672354823232192,0.0,0.0,breast_cancer,LR,bayes_bin,val,
0.06239053367711869,0.18550391085020698,0.01937733589811148,0.022889345312242376,0.01,0.013071895424836602,breast_cancer,LR,bayes_bin,held,
0.027032371071002547,0.12853458479062024,0.023617502582068656,0.0063937797951886055,0.02702702702702703,0.02727272727272727,breast_cancer,GNB,raw,val,
0.0817649058704027,0.634353022513204,0.08601967719647016,0.04200523659142032,0.08,0.08121827411167512,breast_cancer,GNB,raw,held,
0.02021014821251195,0.09449504476681278,0.03613740369638758,0.046995455735552624,0.0,0.0,breast_cancer,GNB,platt,val,
0.06067995338647169,0.21646568385056006,0.06914261480969787,0.04139927332499464,0.035,0.03804347826086957,breast_cancer,GNB,platt,held,
0.020308698692068406,0.09494141887842387,0.03737646924367293,0.04857123598143103,0.0,0.0,breast_cancer,GNB,temperature,val,
0.060891536312430945,0.21526325832564258,0.07001357070154796,0.03897849331729353,0.04,0.043010752688172046,breast_cancer,GNB,temperature,held,
0.021324745927337862,0.09770959284224394,0.036389514581100256,0.05329459193978696,0.009009009009009009,0.009433962264150943,breast_cancer,GNB,beta,val,
0.06426319355376593,0.23017615281019446,0.07291507562858453,0.05064876812202682,0.045,0.047619047619047616,breast_cancer,GNB,beta,held,
0.026924799121535174,0.11622387149307913,0.049277995495744235,0.045454242253419194,0.009009009009009009,0.01020408163265306,breast_cancer,GNB,isotonic,val,
0.06130285345876667,0.2302043026078461,0.05521437001788107,0.04184564414915525,0.035,0.04046242774566474,breast_cancer,GNB,isotonic,held,
0.03621546227521516,0.13219974321305966,0.028219672189194155,0.02384410070289556,0.0,0.0,breast_cancer,GNB,bayes_bin,val,
0.05869107473408807,0.18792691367979006,0.02260784210993039,0.03932070603378255,0.005,0.006666666666666667,breast_cancer,GNB,bayes_bin,held,
0.027443187204666354,0.12073516367528772,0.018759609662671418,0.012675223248198003,0.02702702702702703,0.027522935779816515,breast_cancer,HGB,raw,val,
0.0605123396229064,0.28239711150975955,0.054666046335117485,0.0412320473484304,0.045,0.047872340425531915,breast_cancer,HGB,raw,held,
0.02733240443048699,0.09533215246009133,0.019013857298617157,0.033731098913890895,0.009009009009009009,0.009523809523809525,breast_cancer,HGB,platt,val,
0.050299719303528674,0.17858259534993337,0.029138018079733877,0.044052407199879566,0.035,0.03804347826086957,breast_cancer,HGB,platt,held,
0.023041328741549696,0.08118734023190384,0.013337335538105802,0.014140722175510096,0.018018018018018018,0.018867924528301886,breast_cancer,HGB,temperature,val,
0.047626649670347805,0.15520719810369712,0.03999459288518112,0.02635812841772808,0.02,0.022598870056497175,breast_cancer,HGB,temperature,held,
0.027467656123886595,0.09529048231936052,0.019175026135727986,0.03390146505864713,0.009009009009009009,0.009523809523809525,breast_cancer,HGB,beta,val,
0.050305902106224314,0.1779620064947368,0.029447033288468587,0.04444729777651549,0.035,0.03783783783783784,breast_cancer,HGB,beta,held,
0.027193593355245585,0.10849093409824864,0.03367060142285668,0.02754447529673057,0.009009009009009009,0.01,breast_cancer,HGB,isotonic,val,
0.048181633583814026,0.17846505528184245,0.024114071967268582,0.028385793189793784,0.025,0.028409090909090908,breast_cancer,HGB,isotonic,held,
0.038529156599782045,0.1141044517059287,0.020510293248888003,0.028399422614431343,0.0,0.0,breast_cancer,HGB,bayes_bin,val,
0.04706676256723957,0.1981606375038387,0.014354036388394728,0.014979474502377122,0.005,0.006211180124223602,breast_cancer,HGB,bayes_bin,held,
0.04101997705606819,0.15288163408471564,0.01619488677836811,0.03624492845953415,0.036036036036036036,0.038461538461538464,breast_cancer,LR,raw,val,
0.035921315919260684,0.12493136238251398,0.021637417785574455,0.027184298141085913,0.035,0.035897435897435895,breast_cancer,LR,raw,held,
0.03861906315021035,0.12587072636210692,0.0207084760844851,0.02338007211348685,0.018018018018018018,0.02,breast_cancer,LR,platt,val,
0.031418950812362303,0.10652840009425332,0.019011467514112576,0.0297539958444386,0.01,0.011363636363636364,breast_cancer,LR,platt,held,
0.03767353175099284,0.12437211162666054,0.02086274721038143,0.01933740539258237,0.018018018018018018,0.020202020202020204,breast_cancer,LR,temperature,val,
0.03198193193581717,0.10766009602112968,0.017999837208474558,0.030962125526897616,0.01,0.011235955056179775,breast_cancer,LR,temperature,held,
0.036225645085569344,0.12116422264204779,0.01881538324566284,0.022005765270344476,0.018018018018018018,0.02,breast_cancer,LR,beta,val,
0.03284233631135207,0.11019591760689891,0.023126251180789967,0.03262175963048443,0.01,0.011111111111111112,breast_cancer,LR,beta,held,
0.042322072474157334,0.14283310808459498,0.04690641311545883,0.03963064621462408,0.018018018018018018,0.019801980198019802,breast_cancer,LR,isotonic,val,
0.03285736118411082,0.11866083235909049,0.027492222774134715,0.03894676822868021,0.02,0.021505376344086023,breast_cancer,LR,isotonic,held,
0.054964540913933206,0.17369622322478342,0.029032890578802935,0.03892045898839649,0.018018018018018018,0.021052631578947368,breast_cancer,LR,bayes_bin,val,
0.03719393438522681,0.12846158844329195,0.018415236418707185,0.027022660751426272,0.015,0.017142857142857144,breast_cancer,LR,bayes_bin,held,
0.07262274781555628,0.8196802163223393,0.06763981094168657,0.03838928612444642,0.07207207207207207,0.07272727272727272,breast_cancer,GNB,raw,val,
0.04884537046384332,0.35054581893876163,0.050741467517735006,0.041652838269584616,0.05,0.05025125628140704,breast_cancer,GNB,raw,held,
0.0674111470929537,0.2972114719544158,0.05284878235237374,0.05528799577915899,0.05405405405405406,0.05660377358490566,breast_cancer,GNB,platt,val,
0.03434656990001575,0.1435841171472687,0.04354397899726024,0.045132074524756254,0.025,0.026737967914438502,breast_cancer,GNB,platt,held,
0.06519033702104267,0.24569703488919636,0.028719952840396513,0.022879710878259338,0.05405405405405406,0.05660377358490566,breast_cancer,GNB,temperature,val,
0.03713163093804616,0.14914382296904435,0.05639969740757703,0.05676748459172159,0.02,0.02127659574468085,breast_cancer,GNB,temperature,held,
0.06930585559453495,0.2720159766712437,0.038495760070857414,0.05048105826874308,0.07207207207207207,0.07339449541284404,breast_cancer,GNB,beta,val,
0.03666582014627303,0.1443747505304164,0.04511420016091769,0.05370949812324635,0.02,0.021164021164021163,breast_cancer,GNB,beta,held,
0.07099704172148993,0.2562961634381383,0.03605706611852621,0.06747627683855026,0.06306306306306306,0.06796116504854369,breast_cancer,GNB,isotonic,val,
0.03920844083938252,0.13455127276318332,0.04020061504809271,0.05246010393507617,0.01,0.011049723756906077,breast_cancer,GNB,isotonic,held,
0.0781121607969602,0.2336107025181702,0.01617388614236673,0.029250414466321987,0.018018018018018018,0.024390243902439025,breast_cancer,GNB,bayes_bin,val,
0.04821500239530175,0.14501591300803005,0.016770406849417326,0.013230773523909252,0.0,0.0,breast_cancer,GNB,bayes_bin,held,
0.05531489976629556,0.49631356273606664,0.057450425227832315,0.03257206764937271,0.05405405405405406,0.05454545454545454,breast_cancer,HGB,raw,val,
0.07887741306001539,0.5840864837958685,0.07922209563970822,0.05029088637877797,0.08,0.08,breast_cancer,HGB,raw,held,
0.04859859329819696,0.19003183225697098,0.03502274719226685,0.030608153915166234,0.04504504504504504,0.046296296296296294,breast_cancer,HGB,platt,val,
0.059595403743167734,0.20333233057286063,0.07632189835367882,0.056941981208376916,0.055,0.057291666666666664,breast_cancer,HGB,platt,held,
0.04876028846427272,0.19096699719797933,0.03168574036826338,0.03306411296602156,0.04504504504504504,0.04672897196261682,breast_cancer,HGB,temperature,val,
0.059881620246223635,0.2055632775547437,0.07826733200628423,0.05831193801127858,0.065,0.06701030927835051,breast_cancer,HGB,temperature,held,
0.048180092305816644,0.19166209362454656,0.02909460353251209,0.03760809954808317,0.04504504504504504,0.04716981132075472,breast_cancer,HGB,beta,val,
0.05878499219637852,0.20276199750814583,0.07696239069623656,0.0594315315498741,0.06,0.06217616580310881,breast_cancer,HGB,beta,held,
0.057829691390322055,0.21418410054019174,0.046864366995113343,0.03857607870682504,0.02702702702702703,0.031578947368421054,breast_cancer,HGB,isotonic,val,
0.03934940886054056,0.13786541008274433,0.01832338638996948,0.020222068155485017,0.01,0.011494252873563218,breast_cancer,HGB,isotonic,held,
0.06707741383977145,0.3077067073607798,0.03919684255215417,0.032447388596871976,0.018018018018018018,0.022727272727272728,breast_cancer,HGB,bayes_bin,val,
0.051098840277125926,0.17360125443392313,0.02242814268373371,0.020163275105243038,0.015,0.018404907975460124,breast_cancer,HGB,bayes_bin,held,
0.04862692582987261,0.16052429539572605,0.02783503922718065,0.02728648539091841,0.036036036036036036,0.0392156862745098,breast_cancer,LR,raw,val,
0.048224476669154,0.16320882215392266,0.027699269983324434,0.02320004342430035,0.04,0.0425531914893617,breast_cancer,LR,raw,held,
0.04888480130678122,0.16425167184176276,0.027761023229337548,0.028521428012119897,0.036036036036036036,0.0392156862745098,breast_cancer,LR,platt,val,
0.04860242856968493,0.1665701314226458,0.032516165597822784,0.024449101721754084,0.04,0.0425531914893617,breast_cancer,LR,platt,held,
0.04883672659768427,0.1627968666359374,0.028435525247443326,0.02805743062062055,0.036036036036036036,0.0392156862745098,breast_cancer,LR,temperature,val,
0.048454313914897164,0.16534839729709946,0.028797765430265767,0.024159704646688644,0.04,0.0425531914893617,breast_cancer,LR,temperature,held,
0.051113408703174164,0.2161078055118053,0.034510310978032664,0.028905342005850324,0.04504504504504504,0.047619047619047616,breast_cancer,LR,beta,val,
0.05032994164358544,0.20834935721219408,0.038152729499985674,0.025709364987253926,0.04,0.042328042328042326,breast_cancer,LR,beta,held,
0.05240253331166066,0.19843535642971855,0.04631745716644016,0.05926812841914535,0.06306306306306306,0.06306306306306306,breast_cancer,LR,isotonic,val,
0.055238617104866085,0.2100553511487943,0.03983855180334628,0.050135967772140654,0.06,0.06060606060606061,breast_cancer,LR,isotonic,held,
0.05295667947294691,0.1669563946653494,0.020077277434892325,0.012458979154697843,0.018018018018018018,0.021505376344086023,breast_cancer,LR,bayes_bin,val,
0.049315071217215775,0.15955915293835354,0.018116851850606075,0.011967780751239105,0.02,0.023255813953488372,breast_cancer,LR,bayes_bin,held,
0.038875846401103704,0.3188773562419226,0.0407643134352172,0.024331515589953074,0.036036036036036036,0.03636363636363636,breast_cancer,GNB,raw,val,
0.08378709225136108,0.6731673398659219,0.08529427704159051,0.05948679439838721,0.085,0.08542713567839195,breast_cancer,GNB,raw,held,
0.03176365732152519,0.1230305468090693,0.04686998018386975,0.019126747746737817,0.02702702702702703,0.027777777777777776,breast_cancer,GNB,platt,val,
0.0648735188710299,0.22429271381517998,0.07432529402329255,0.049097842595658116,0.045,0.047872340425531915,breast_cancer,GNB,platt,held,
0.03201974797168039,0.1241326048018847,0.03706915840667846,0.02132577107999803,0.02702702702702703,0.027777777777777776,breast_cancer,GNB,temperature,val,
0.06500547115997701,0.22620512875313495,0.06991355594535058,0.05059007220020802,0.05,0.05291005291005291,breast_cancer,GNB,temperature,held,
0.03524733674542918,0.12835835984822752,0.044139205581224805,0.01837337503791703,0.02702702702702703,0.027777777777777776,breast_cancer,GNB,beta,val,
0.06409501697181083,0.22641763369742585,0.05577171006414058,0.04973982388659962,0.065,0.06735751295336788,breast_cancer,GNB,beta,held,
0.03742835409071193,0.13801213190352854,0.039362080628605745,0.02030228962399957,0.036036036036036036,0.03669724770642202,breast_cancer,GNB,isotonic,val,
0.06749092912460039,0.23786840290703828,0.06497644604738845,0.06134376630882638,0.08,0.08080808080808081,breast_cancer,GNB,isotonic,held,
0.038884816091611894,0.14152920751205741,0.012667778198108758,0.010026001084525804,0.018018018018018018,0.020833333333333332,breast_cancer,GNB,bayes_bin,val,
0.05715895695471247,0.24784191820713658,0.04261961141049028,0.038776223714006686,0.03,0.033707865168539325,breast_cancer,GNB,bayes_bin,held,
0.03457930842627452,0.15836923778175058,0.028962273343744797,0.014074162774939294,0.036036036036036036,0.03636363636363636,breast_cancer,HGB,raw,val,
0.040372780849226395,0.22835627655474916,0.03923760443837641,0.0397189963669916,0.035,0.03608247422680412,breast_cancer,HGB,raw,held,
0.03462526357842032,0.11219044459208215,0.03232117547103094,0.023074558975966566,0.02702702702702703,0.028037383177570093,breast_cancer,HGB,platt,val,
0.03318553562446767,0.1448034874586784,0.019719906866725482,0.02037866209788711,0.03,0.031413612565445025,breast_cancer,HGB,platt,held,
0.02988296674110603,0.09365079975986737,0.015287993475049708,0.009460718947301916,0.02702702702702703,0.02830188679245283,breast_cancer,HGB,temperature,val,
0.0362664521165387,0.13059596360897976,0.023493288988463798,0.029482490027455684,0.02,0.0213903743315508,breast_cancer,HGB,temperature,held,
0.04463927607580379,0.15622765441743622,0.04925393340332294,0.03144801018713293,0.04504504504504504,0.045871559633027525,breast_cancer,HGB,beta,val,
0.035458106324772996,0.14390165744021882,0.03158586285191166,0.028408697180771214,0.035,0.03553299492385787,breast_cancer,HGB,beta,held,
0.049354910466021557,0.1865486513728206,0.05431431431431427,0.05143143143143139,0.05405405405405406,0.05405405405405406,breast_cancer,HGB,isotonic,val,
0.0354061188216624,0.14984131571264572,0.03444252757754521,0.037531251292880714,0.035,0.03553299492385787,breast_cancer,HGB,isotonic,held,
0.03152281236570082,0.1113417550538316,0.017230862745388684,0.006682141672986993,0.036036036036036036,0.036036036036036036,breast_cancer,HGB,bayes_bin,val,
0.0456870246743348,0.1513646022283802,0.026636114272776543,0.019075529354102675,0.055,0.055,breast_cancer,HGB,bayes_bin,held,
0.037127024101568144,0.11840655692805814,0.021108710453404258,0.02382019511415439,0.02702702702702703,0.028846153846153848,breast_cancer,LR,raw,val,
0.037322253060301486,0.12012381012245399,0.015498975508338122,0.024497068209255367,0.025,0.026737967914438502,breast_cancer,LR,raw,held,
0.039275983146940814,0.1259636019668849,0.010623254432812479,0.03440802733850699,0.036036036036036036,0.038461538461538464,breast_cancer,LR,platt,val,
0.03973853878858269,0.1257432451560483,0.017175561484794433,0.030767962386640344,0.03,0.03225806451612903,breast_cancer,LR,platt,held,
0.03649825004614283,0.11664591062385012,0.017698203056248734,0.02568617236680057,0.018018018018018018,0.0196078431372549,breast_cancer,LR,temperature,val,
0.03659535245759448,0.1170077695963845,0.012708327664038266,0.02368522404122756,0.025,0.02702702702702703,breast_cancer,LR,temperature,held,
0.04336479043331811,0.13183464580506343,0.03128368347229361,0.036108361474082994,0.036036036036036036,0.038461538461538464,breast_cancer,LR,beta,val,
0.04530189094419008,0.13880066022613335,0.0369893068591541,0.03379191848647301,0.04,0.042105263157894736,breast_cancer,LR,beta,held,
0.0435290489610534,0.1369356483943598,0.033919764630676905,0.03964072304081282,0.018018018018018018,0.020618556701030927,breast_cancer,LR,isotonic,val,
0.04653615460773344,0.15625886188073296,0.03811239451662203,0.04302396426705919,0.02,0.0223463687150838,breast_cancer,LR,isotonic,held,
0.051216524917889666,0.1552763754610157,0.020051875428482135,0.02924282615168462,0.009009009009009009,0.01098901098901099,breast_cancer,LR,bayes_bin,val,
0.055502229357173236,0.17287476106719063,0.020744713230102636,0.04329110926334838,0.015,0.018404907975460124,breast_cancer,LR,bayes_bin,held,
0.03869661924956681,0.26050222928565026,0.032972835161266874,0.012182101502827301,0.02702702702702703,0.02830188679245283,breast_cancer,GNB,raw,val,
0.03193958412299294,0.32871678047174824,0.02903577115534913,0.03527176636062403,0.03,0.030303030303030304,breast_cancer,GNB,raw,held,
0.033733533000140536,0.1352211842570086,0.0323435248339465,0.035803564527698326,0.018018018018018018,0.0196078431372549,breast_cancer,GNB,platt,val,
0.031320218471490364,0.1383616825016127,0.040055642831228776,0.03760829632200291,0.02,0.02127659574468085,breast_cancer,GNB,platt,held,
0.03345687896074359,0.13328372807251002,0.025093138166531085,0.02974346109447469,0.018018018018018018,0.019230769230769232,breast_cancer,GNB,temperature,val,
0.032144757460700786,0.13905415792961098,0.03284917431194931,0.03869610773937732,0.02,0.02127659574468085,breast_cancer,GNB,temperature,held,
0.037692157748346056,0.14029035726253622,0.03170342100620664,0.04733316491058574,0.018018018018018018,0.0196078431372549,breast_cancer,GNB,beta,val,
0.030315847732458163,0.1328261585003031,0.03286387235088543,0.024286119675563374,0.02,0.020833333333333332,breast_cancer,GNB,beta,held,
0.04494607221729658,0.15754582787328295,0.023812333455965465,0.05329191364828151,0.009009009009009009,0.010416666666666666,breast_cancer,GNB,isotonic,val,
0.04114648553544756,0.1586780266155052,0.031207869685428238,0.03956522665478089,0.02,0.022099447513812154,breast_cancer,GNB,isotonic,held,
0.05270181077603752,0.1497009844658563,0.034298684151666634,0.03486165807185018,0.0,0.0,breast_cancer,GNB,bayes_bin,val,
0.043013790226974075,0.1409253785779488,0.020930043524115045,0.023952593025750812,0.01,0.012121212121212121,breast_cancer,GNB,bayes_bin,held,
0.05168154789436443,0.288938613936692,0.04586013495143842,0.04801324562820451,0.05405405405405406,0.05454545454545454,breast_cancer,HGB,raw,val,
0.033061360515363326,0.1685734687338382,0.026641336117795192,0.03718070046327334,0.03,0.030456852791878174,breast_cancer,HGB,raw,held,
0.03891298981795879,0.12605156576829699,0.039898263080840705,0.045016919938099975,0.02702702702702703,0.02857142857142857,breast_cancer,HGB,platt,val,
0.024926281519433328,0.0957722437846254,0.024649710180829437,0.02769828234726612,0.01,0.010752688172043012,breast_cancer,HGB,platt,held,
0.04202694379100859,0.1389710583644075,0.031836617339724205,0.05294563915693872,0.02702702702702703,0.028846153846153848,breast_cancer,HGB,temperature,val,
0.027121693408757048,0.09960035523993825,0.024195211624319913,0.03255036436345634,0.01,0.0106951871657754,breast_cancer,HGB,temperature,held,
0.03879367268279913,0.12593738480530073,0.03989107144115553,0.04471459642918878,0.02702702702702703,0.02857142857142857,breast_cancer,HGB,beta,val,
0.024559006303794914,0.09462853682455843,0.01981174023886247,0.027245187940966507,0.01,0.0106951871657754,breast_cancer,HGB,beta,held,
0.04038237711171477,0.1434780314607759,0.022253719853677616,0.0559678978124528,0.009009009009009009,0.010101010101010102,breast_cancer,HGB,isotonic,val,
0.028358377609206196,0.10866975923507939,0.03733705654965957,0.04391904950092516,0.01,0.010810810810810811,breast_cancer,HGB,isotonic,held,
0.051690078217993506,0.1503002345525986,0.03472470232272415,0.041135050252027454,0.07207207207207207,0.07207207207207207,breast_cancer,HGB,bayes_bin,val,
0.05109865744892726,0.21464920353705863,0.017794453088264373,0.04433454819045608,0.065,0.065,breast_cancer,HGB,bayes_bin,held,
0.04269289591611899,0.1541888831456722,0.022182235872542137,0.03848187027183195,0.04504504504504504,0.047619047619047616,breast_cancer,LR,raw,val,
0.03495264047232169,0.14121071593049397,0.021089453618914164,0.02193686476932383,0.025,0.02631578947368421,breast_cancer,LR,raw,held,
0.044569682198671245,0.15733996450480534,0.01638358256954653,0.039170318028211984,0.036036036036036036,0.03773584905660377,breast_cancer,LR,platt,val,
0.035948379252264934,0.14100909918111276,0.01776934403965405,0.022936760246257588,0.025,0.026595744680851064,breast_cancer,LR,platt,held,
0.041908161613434906,0.14345493829604797,0.01858624084026028,0.03451790506439192,0.04504504504504504,0.047619047619047616,breast_cancer,LR,temperature,val,
0.03453243113098802,0.13196780397155763,0.01609584541165449,0.01916934725588038,0.025,0.026455026455026454,breast_cancer,LR,temperature,held,
0.04592314501318524,0.21774023488706762,0.021647004676382597,0.04301902270052518,0.04504504504504504,0.04672897196261682,breast_cancer,LR,beta,val,
0.037321434413376965,0.1803505356250316,0.021932812877922495,0.026999878339516115,0.03,0.03125,breast_cancer,LR,beta,held,
0.04565587615921014,0.19542205743959504,0.03723430475842043,0.03795502547914114,0.04504504504504504,0.04672897196261682,breast_cancer,LR,isotonic,val,
0.04091089837664276,0.16077106740703268,0.029965077502634854,0.03584998139782045,0.04,0.041237113402061855,breast_cancer,LR,isotonic,held,
0.06164242879982908,0.19152751835754436,0.007115562409345155,0.021961267265949717,0.018018018018018018,0.023255813953488372,breast_cancer,LR,bayes_bin,val,
0.04619939525836485,0.17959540600886498,0.022067997415004228,0.02483440250265204,0.015,0.018292682926829267,breast_cancer,LR,bayes_bin,held,
0.06507840620307041,0.47956975472928787,0.06366387855393768,0.0714648227241557,0.07207207207207207,0.07272727272727272,breast_cancer,GNB,raw,val,
0.04451810697990733,0.33654754094937134,0.04419744489754608,0.027548806114589878,0.045,0.04522613065326633,breast_cancer,GNB,raw,held,
0.06186254618749902,0.308539622519863,0.061652559418163305,0.07047430389371187,0.05405405405405406,0.056074766355140186,breast_cancer,GNB,platt,val,
0.038690964419647214,0.16987927346604928,0.034121055938354336,0.016251049491572477,0.03,0.030927835051546393,breast_cancer,GNB,platt,held,
0.05529889276242916,0.23951453829687627,0.05117086935394535,0.0631548257032293,0.036036036036036036,0.0380952380952381,breast_cancer,GNB,temperature,val,
0.039455638009591926,0.16931149866631626,0.035223039710277286,0.026995432203835552,0.035,0.03626943005181347,breast_cancer,GNB,temperature,held,
0.06366940434545297,0.28285327329506976,0.05556000846588902,0.07057013974366559,0.05405405405405406,0.056074766355140186,breast_cancer,GNB,beta,val,
0.03924797628692832,0.20326203086896955,0.041688494373961424,0.018825030176176073,0.03,0.03076923076923077,breast_cancer,GNB,beta,held,
0.05875675675675675,0.2213748127310529,0.05819819819819823,0.05747747747747748,0.07207207207207207,0.07207207207207207,breast_cancer,GNB,isotonic,val,
0.03895660341290934,0.15710672204036663,0.03651281874673066,0.02910636276809024,0.045,0.04522613065326633,breast_cancer,GNB,isotonic,held,
0.0567712433586995,0.2495467122005163,0.020478764949464677,0.027301210022187272,0.009009009009009009,0.012048192771084338,breast_cancer,GNB,bayes_bin,val,
0.050937809082410836,0.33039413332566075,0.02482280830305241,0.02376334804768387,0.02,0.024242424242424242,breast_cancer,GNB,bayes_bin,held,
0.057342192719593184,0.33971330358056084,0.050688170740764864,0.04353495691723993,0.05405405405405406,0.05555555555555555,breast_cancer,HGB,raw,val,
0.019100158391964214,0.14568788915148254,0.017093763379655968,0.014925575491228662,0.015,0.015463917525773196,breast_cancer,HGB,raw,held,
0.05594591254901984,0.19094992721162377,0.04277124227207165,0.056875726533651035,0.05405405405405406,0.05714285714285714,breast_cancer,HGB,platt,val,
0.022370909371603017,0.08937762113308086,0.02118127247032251,0.01859529947057855,0.015,0.015957446808510637,breast_cancer,HGB,platt,held,
0.04772617844182822,0.16359322822643885,0.028566906590229937,0.04412034933504359,0.036036036036036036,0.038461538461538464,breast_cancer,HGB,temperature,val,
0.021738581275815655,0.09082320262193441,0.03286316205622712,0.014377075815087972,0.015,0.015706806282722512,breast_cancer,HGB,temperature,held,
0.056133043226643954,0.21235837537332608,0.0421832879805616,0.05957338556254945,0.05405405405405406,0.05714285714285714,breast_cancer,HGB,beta,val,
0.020950184634982695,0.08475697813705058,0.01915686150423972,0.015942186524787055,0.015,0.015873015873015872,breast_cancer,HGB,beta,held,
0.05958848108012964,0.24239271315056524,0.022095940606778296,0.06931952783036546,0.05405405405405406,0.05714285714285714,breast_cancer,HGB,isotonic,val,
0.023333386008836308,0.09761932845565574,0.03738746332786424,0.03210652889820982,0.01,0.01092896174863388,breast_cancer,HGB,isotonic,held,
0.06980617642168749,0.21059774913319507,0.011898230859759643,0.019507280783473947,0.009009009009009009,0.0125,breast_cancer,HGB,bayes_bin,val,
0.054808126101437364,0.22457712437674665,0.020338989555047423,0.03736393462868497,0.01,0.013071895424836602,breast_cancer,HGB,bayes_bin,held,
0.030601224174366493,0.09277312572468091,0.01323387924337467,0.027111204678083232,0.009009009009009009,0.009900990099009901,breast_cancer,LR,raw,val,
0.041312220194846906,0.15450967982927943,0.02462550266774499,0.03444168974537469,0.025,0.026595744680851064,breast_cancer,LR,raw,held,
0.041349719758239686,0.13223293322376894,0.03532903308187953,0.06136422831148578,0.0,0.0,breast_cancer,LR,platt,val,
0.037902062678606324,0.13295092458531235,0.03869635670009397,0.023808695494852268,0.03,0.03278688524590164,breast_cancer,LR,platt,held,
0.031777033589619676,0.11299950767773081,0.022527883313307278,0.035252251319529485,0.0,0.0,breast_cancer,LR,temperature,val,
0.040289464097378304,0.14167406892175496,0.014738680239130532,0.033628074373486694,0.025,0.027472527472527472,breast_cancer,LR,temperature,held,
0.053892745627382534,0.18790200852206246,0.05028603374973885,0.06992835158507722,0.04504504504504504,0.04672897196261682,breast_cancer,LR,beta,val,
0.03907034474586718,0.150592628107401,0.02799081464554018,0.027620733457081117,0.035,0.03626943005181347,breast_cancer,LR,beta,held,
0.06328872052077522,0.27155572852864907,0.05175404200116343,0.07333740534231936,0.06306306306306306,0.06363636363636363,breast_cancer,LR,isotonic,val,
0.0418948107515463,0.16063497502643925,0.03423586572229376,0.04156919905562703,0.04,0.04060913705583756,breast_cancer,LR,isotonic,held,
0.05409687597654966,0.1683247012708694,0.04301200126326443,0.026873756442101847,0.0,0.0,breast_cancer,LR,bayes_bin,val,
0.05145851772481521,0.18695670008338236,0.04286258015329948,0.04113514256985919,0.025,0.030303030303030304,breast_cancer,LR,bayes_bin,held,
0.07798913797272755,0.6286411266539644,0.07880276306962808,0.028364878297292825,0.08108108108108109,0.08108108108108109,breast_cancer,GNB,raw,val,
0.04881642934999368,0.3889552193125696,0.04595967216813633,0.05084620642231594,0.05,0.05025125628140704,breast_cancer,GNB,raw,held,
0.05904534792585221,0.22005955499755314,0.06742316938698063,0.04351779095191904,0.04504504504504504,0.04854368932038835,breast_cancer,GNB,platt,val,
0.03537488738738013,0.13979329690015954,0.03065492651952148,0.04391532583872626,0.025,0.02617801047120419,breast_cancer,GNB,platt,held,
0.060216138410281055,0.21242968581011132,0.06564958382049679,0.0398841360578914,0.05405405405405406,0.057692307692307696,breast_cancer,GNB,temperature,val,
0.0382340566824831,0.15032548707159962,0.04137808331893227,0.05310617014623384,0.025,0.026041666666666668,breast_cancer,GNB,temperature,held,
0.06132331020070968,0.2302548316038981,0.07196666493851922,0.04223501586550773,0.04504504504504504,0.04854368932038835,breast_cancer,GNB,beta,val,
0.03702570918232189,0.1433216882714978,0.037603009843715056,0.046628854560494884,0.025,0.026041666666666668,breast_cancer,GNB,beta,held,
0.05599926257026607,0.1978116945254416,0.022983328570851874,0.045831403587746,0.018018018018018018,0.02127659574468085,breast_cancer,GNB,isotonic,val,
0.042718114599755205,0.14816718295114314,0.042014628266806464,0.043066943905876474,0.01,0.011834319526627219,breast_cancer,GNB,isotonic,held,
0.0489471613883612,0.15716269647469425,0.01596510518690495,0.012190222401600536,0.009009009009009009,0.010869565217391304,breast_cancer,GNB,bayes_bin,val,
0.040488306114080344,0.14016814149078605,0.039953625779521974,0.044328398736043856,0.02,0.022988505747126436,breast_cancer,GNB,bayes_bin,held,
0.04403498267381606,0.1753647747254729,0.033704018930899096,0.039533913041410865,0.04504504504504504,0.046296296296296294,breast_cancer,HGB,raw,val,
0.03299316540340835,0.23240084955906057,0.029975805157169286,0.0359261844250372,0.035,0.035175879396984924,breast_cancer,HGB,raw,held,
0.03533522554971333,0.11508656489854896,0.017831665462163963,0.03438284718001662,0.009009009009009009,0.009900990099009901,breast_cancer,HGB,platt,val,
0.029035985400389132,0.11294738797386594,0.017906321564241927,0.03156527064920807,0.025,0.026041666666666668,breast_cancer,HGB,platt,held,
0.03491280078402378,0.11364512461871583,0.017665810075072307,0.03257592856628543,0.009009009009009009,0.009900990099009901,breast_cancer,HGB,temperature,val,
0.02937571699105148,0.11387552634744384,0.017736348775035563,0.032365084013613675,0.025,0.026041666666666668,breast_cancer,HGB,temperature,held,
0.03945243711697903,0.1332117335339641,0.03443755220054381,0.03142873708620299,0.02702702702702703,0.02857142857142857,breast_cancer,HGB,beta,val,
0.03403156388185175,0.14022369595827094,0.029611141280894225,0.04040894880175312,0.035,0.03553299492385787,breast_cancer,HGB,beta,held,
0.04661963912454973,0.1866463646330089,0.027756770443487757,0.04480678624887765,0.036036036036036036,0.037383177570093455,breast_cancer,HGB,isotonic,val,
0.03292315521674241,0.12799186853141561,0.048871365517161626,0.036871365517161636,0.035,0.03535353535353535,breast_cancer,HGB,isotonic,held,
0.052721781535327236,0.16879105832750668,0.019825426001245577,0.025653640034570428,0.009009009009009009,0.011235955056179775,breast_cancer,HGB,bayes_bin,val,
0.03207846168859682,0.17698227489690452,0.040150706179132495,0.04512666682873387,0.02,0.023809523809523808,breast_cancer,HGB,bayes_bin,held,
0.014426811266025925,0.05190767317986851,0.002412813372310043,0.02021828143285356,0.009009009009009009,0.009174311926605505,breast_cancer,LR,raw,val,
0.04211503441953519,0.144439401153029,0.009235536985299995,0.015668923985584636,0.03,0.03260869565217391,breast_cancer,LR,raw,held,
0.013567031374403954,0.0487724461204351,0.004460402924549777,0.016880927524298563,0.009009009009009009,0.009345794392523364,breast_cancer,LR,platt,val,
0.04118975160368168,0.14543828050623414,0.021128889174754018,0.015119607077261678,0.025,0.027777777777777776,breast_cancer,LR,platt,held,
0.014423783514498346,0.052294801662005286,0.003321629608964575,0.02064339302125065,0.009009009009009009,0.009174311926605505,breast_cancer,LR,temperature,val,
0.042076024037307695,0.1440242825455397,0.008869234274805916,0.016121554282735616,0.03,0.03278688524590164,breast_cancer,LR,temperature,held,
0.014363183561371807,0.05240763106415676,0.006770705816772497,0.021104160844491494,0.018018018018018018,0.018018018018018018,breast_cancer,LR,beta,val,
0.04356178894884843,0.17469804984819895,0.0315329397317962,0.014035281415020084,0.035,0.03684210526315789,breast_cancer,LR,beta,held,
0.015320643380254741,0.06882481953830581,0.020193637586757757,0.02176260436948403,0.018018018018018018,0.018018018018018018,breast_cancer,LR,isotonic,val,
0.048816742797233255,0.19501042044636907,0.05114031986102023,0.04588825156755114,0.055,0.05527638190954774,breast_cancer,LR,isotonic,held,
0.0179659234320622,0.07475398349362392,0.0436363226814554,0.030151046146031212,0.009009009009009009,0.01020408163265306,breast_cancer,LR,bayes_bin,val,
0.053649055703429906,0.18850291295979246,0.02425212964345498,0.023335757393973575,0.015,0.018518518518518517,breast_cancer,LR,bayes_bin,held,
0.04602652097692594,0.40275739155138846,0.04070327097236914,0.0102534817866566,0.04504504504504504,0.045454545454545456,breast_cancer,GNB,raw,val,
0.07069485026006234,0.5939715579430673,0.06842966147841496,0.06919268343508526,0.07,0.0707070707070707,breast_cancer,GNB,raw,held,
0.04443270299578461,0.1618243980038712,0.03864907722227132,0.023704354023865087,0.04504504504504504,0.045871559633027525,breast_cancer,GNB,platt,val,
0.06590798315436529,0.25480373473857904,0.060244707719158706,0.07104890950366395,0.065,0.06735751295336788,breast_cancer,GNB,platt,held,
0.042398539372908266,0.15731871536821895,0.033679060145910336,0.018767467671435854,0.04504504504504504,0.045871559633027525,breast_cancer,GNB,temperature,val,
0.062192500841407365,0.22713653715132104,0.05750188751949587,0.06278487917737989,0.06,0.06282722513089005,breast_cancer,GNB,temperature,held,
0.04291299890473424,0.14921623410156662,0.036462060455770086,0.012454276750279663,0.04504504504504504,0.045454545454545456,breast_cancer,GNB,beta,val,
0.063039405538584,0.267666456073689,0.06329109234085985,0.057560448040496856,0.055,0.05759162303664921,breast_cancer,GNB,beta,held,
0.03778134121183323,0.13558308440901987,0.0392944580252848,0.028817538241909205,0.036036036036036036,0.037037037037037035,breast_cancer,GNB,isotonic,val,
0.06181598696962654,0.2385235008782233,0.04784757941621132,0.06759810329633575,0.05,0.05263157894736842,breast_cancer,GNB,isotonic,held,
0.03096042317237082,0.10297078149354813,0.007999966630323185,0.008310897220080441,0.036036036036036036,0.036036036036036036,breast_cancer,GNB,bayes_bin,val,
0.05151190002611451,0.4356045897134531,0.03573277746638213,0.03952617971848692,0.055,0.055,breast_cancer,GNB,bayes_bin,held,
0.03165739955425942,0.11576207836475891,0.017549575349480977,0.03613370397405239,0.02702702702702703,0.028037383177570093,breast_cancer,HGB,raw,val,
0.051790655669563194,0.3069589239474895,0.04556460252245961,0.04963344674450548,0.05,0.05181347150259067,breast_cancer,HGB,raw,held,
0.01882669318130252,0.06777697901672523,0.012777552878655864,0.026998893404187714,0.0,0.0,breast_cancer,HGB,platt,val,
0.04319926335047743,0.15417566613344547,0.030059671334860906,0.020934735345302016,0.035,0.03825136612021858,breast_cancer,HGB,platt,held,
0.027887988624638572,0.09085613056185868,0.010035584273463063,0.04708891585158793,0.009009009009009009,0.00980392156862745,breast_cancer,HGB,temperature,val,
0.04732585773445036,0.1713639657647925,0.02312321438579421,0.041847887927004994,0.03,0.03314917127071823,breast_cancer,HGB,temperature,held,
0.01971135746391242,0.06969519775158449,0.01339345191658985,0.029361059245133027,0.0,0.0,breast_cancer,HGB,beta,val,
0.043144399657330475,0.1529689189284265,0.02006233200527692,0.018723895978620786,0.035,0.03825136612021858,breast_cancer,HGB,beta,held,
0.02413144139996927,0.10075314450147603,0.030438504138688587,0.02624826739031217,0.02702702702702703,0.02702702702702703,breast_cancer,HGB,isotonic,val,
0.05127601340166406,0.1955047117023876,0.04730663414171232,0.05442359841642702,0.06,0.06,breast_cancer,HGB,isotonic,held,
0.02551009614351393,0.09245768747347283,0.02828737229300542,0.02772430112385242,0.0,0.0,breast_cancer,HGB,bayes_bin,val,
0.05777984449479492,0.25609668796566376,0.022809419513680217,0.032717981359064945,0.015,0.018867924528301886,breast_cancer,HGB,bayes_bin,held,
0.04610162168742601,0.14403498394858508,0.017577605979554135,0.025641053907181362,0.018018018018018018,0.02040816326530612,breast_cancer,LR,raw,val,
0.022895006468020025,0.08119781213506037,0.014326201793771776,0.016253571713730094,0.01,0.010752688172043012,breast_cancer,LR,raw,held,
0.04653574112818217,0.14538137662595008,0.01124503029854207,0.00875194869771526,0.02702702702702703,0.03,breast_cancer,LR,platt,val,
0.022098476683306494,0.07116568651474374,0.008310475919049008,0.005485211568700464,0.01,0.010582010582010581,breast_cancer,LR,platt,held,
0.04736757208959,0.1433193363251528,0.018378971407973302,0.012472692381471407,0.018018018018018018,0.02,breast_cancer,LR,temperature,val,
0.022610794574675772,0.07464076427404573,0.004518245407809796,0.0138006764659626,0.01,0.010582010582010581,breast_cancer,LR,temperature,held,
0.04819907094254722,0.15557673488612028,0.02316380127369214,0.0076901991545918775,0.02702702702702703,0.03,breast_cancer,LR,beta,val,
0.022136830448070285,0.07139753609753369,0.011248863842424559,0.007537208641268982,0.01,0.010471204188481676,breast_cancer,LR,beta,held,
0.05798765238984425,0.2010521012260134,0.04677468437381355,0.024353517998210186,0.02702702702702703,0.030303030303030304,breast_cancer,LR,isotonic,val,
0.018751087360251894,0.07471744955798042,0.021650150350034807,0.02919753262961396,0.005,0.0053475935828877,breast_cancer,LR,isotonic,held,
0.051663849086031687,0.16135075793022957,0.03844417590085947,0.023325373529715854,0.009009009009009009,0.01098901098901099,breast_cancer,LR,bayes_bin,val,
0.03676894317453769,0.12284506408561598,0.01606679191031935,0.022487340000351547,0.005,0.006172839506172839,breast_cancer,LR,bayes_bin,held,
0.08355603942419715,0.7459763091845667,0.08553479954273506,0.050970265942133254,0.08108108108108109,0.08181818181818182,breast_cancer,GNB,raw,val,
0.04345374445943743,0.3138936565167206,0.03657878428599967,0.032617813615882105,0.045,0.04591836734693878,breast_cancer,GNB,raw,held,
0.06772605619035613,0.2517513766271034,0.05472069507893516,0.03895538601472827,0.05405405405405406,0.05660377358490566,breast_cancer,GNB,platt,val,
0.035472029488426614,0.13804478801391518,0.04302238799507601,0.032963152149352394,0.02,0.021505376344086023,breast_cancer,GNB,platt,held,
0.06716265976352781,0.24589894445267044,0.05217599393302894,0.032104228348364364,0.05405405405405406,0.05660377358490566,breast_cancer,GNB,temperature,val,
0.03621234455911835,0.13749478819584873,0.03100012355464514,0.03558469620633727,0.02,0.021505376344086023,breast_cancer,GNB,temperature,held,
0.06888463854670107,0.2588790169571757,0.04752204383232661,0.048142686071953905,0.07207207207207207,0.07547169811320754,breast_cancer,GNB,beta,val,
0.03676331929526311,0.13599167282536656,0.03255761832621143,0.027358731132301313,0.03,0.031578947368421054,breast_cancer,GNB,beta,held,
0.07364896667563312,0.28087297067430234,0.04163419481663507,0.05687493888374749,0.06306306306306306,0.06666666666666667,breast_cancer,GNB,isotonic,val,
0.03874354786915504,0.14340465571935895,0.028400487035071077,0.03186013615787813,0.025,0.026737967914438502,breast_cancer,GNB,isotonic,held,
0.0819559920783813,0.3366919085304627,0.058936724156224626,0.04553657267181439,0.018018018018018018,0.023529411764705882,breast_cancer,GNB,bayes_bin,val,
0.047307526771950895,0.14210476879276174,0.02706551712953008,0.019292828116203135,0.0,0.0,breast_cancer,GNB,bayes_bin,held,
0.02798212392979237,0.21579254571336254,0.02156862091569604,0.02403764476122728,0.02702702702702703,0.027777777777777776,breast_cancer,HGB,raw,val,
0.028160660285740192,0.14657416836081041,0.025376425675879218,0.01702241521533496,0.025,0.025380710659898477,breast_cancer,HGB,raw,held,
0.030768246645838472,0.12832903155944422,0.043479656017175995,0.020691686423592374,0.018018018018018018,0.0196078431372549,breast_cancer,HGB,platt,val,
0.025147582440874356,0.09192854438774127,0.008553082008518266,0.020601393847078618,0.01,0.0106951871657754,breast_cancer,HGB,platt,held,
0.030728970719107768,0.12796296201865712,0.043550950259455545,0.02006431868555746,0.018018018018018018,0.0196078431372549,breast_cancer,HGB,temperature,val,
0.0250606050210518,0.09158652778604438,0.0085883262208992,0.02014131470299344,0.01,0.010638297872340425,breast_cancer,HGB,temperature,held,
0.031055489590307107,0.13907691150663665,0.03199094671628675,0.01983454177481564,0.018018018018018018,0.0196078431372549,breast_cancer,HGB,beta,val,
0.024609917550690703,0.0956212738455294,0.009381207264458624,0.01951317634077582,0.01,0.010638297872340425,breast_cancer,HGB,beta,held,
0.037313658957244526,0.14748191651719875,0.03161241045757681,0.03270504319948306,0.018018018018018018,0.02,breast_cancer,HGB,isotonic,val,
0.02582535053687451,0.10497418766564212,0.021473776993843778,0.02481694898870504,0.01,0.010869565217391304,breast_cancer,HGB,isotonic,held,
0.04480948611728476,0.1531185973094218,0.02669528362953093,0.01754198069641061,0.018018018018018018,0.02127659574468085,breast_cancer,HGB,bayes_bin,val,
0.03057760558648936,0.10762682300947699,0.022856089589362836,0.02606409716472725,0.01,0.011764705882352941,breast_cancer,HGB,bayes_bin,held,
