seed,scenario,base,cal,variant,param,win,ece,brier,cwm
100,none,lr,temperature,static,,0,0.034465224449206674,0.5408980755935532,0.114
100,none,lr,temperature,static,,1,0.03674822982198223,0.48564425149445395,0.092
100,none,lr,temperature,static,,2,0.02561079832647974,0.5036776960652198,0.116
100,none,lr,temperature,static,,3,0.03240345549463954,0.5234079976018078,0.1
100,none,lr,temperature,static,,4,0.046483766540081815,0.5568854214380234,0.126
100,none,lr,temperature,static,,5,0.03072059053089559,0.519742876522142,0.112
100,none,lr,temperature,static,,6,0.039765754620350396,0.5418534475928866,0.124
100,none,lr,temperature,static,,7,0.01985960649563873,0.5352213403714843,0.112
100,none,lr,temperature,static,,8,0.04030473552937523,0.46591709150057975,0.094
100,none,lr,temperature,window,W300,0,0.03683639998007768,0.54200741915101,0.082
100,none,lr,temperature,window,W300,1,0.048885492917523726,0.4854444744757088,0.108
100,none,lr,temperature,window,W300,2,0.02476737847756727,0.5062810162104666,0.128
100,none,lr,temperature,window,W300,3,0.044173329379734075,0.5250460082734514,0.074
100,none,lr,temperature,window,W300,4,0.048540237545749786,0.5595237595058316,0.124
100,none,lr,temperature,window,W300,5,0.020796425805676356,0.5195664031517554,0.092
100,none,lr,temperature,window,W300,6,0.05111342525438123,0.5434564629971423,0.124
100,none,lr,temperature,window,W300,7,0.037761885464562044,0.5374980676175708,0.086
100,none,lr,temperature,window,W300,8,0.029877789909290537,0.46092550080054573,0.094
100,none,lr,temperature,expanding,all,0,0.037912585199777325,0.5408386676058066,0.106
100,none,lr,temperature,expanding,all,1,0.034315841723649695,0.48603316067886626,0.09
100,none,lr,temperature,expanding,all,2,0.02526583800057733,0.5038368598275751,0.116
100,none,lr,temperature,expanding,all,3,0.023858446072195623,0.5235090174636402,0.098
100,none,lr,temperature,expanding,all,4,0.046533006390336716,0.5565539866147352,0.122
100,none,lr,temperature,expanding,all,5,0.02674158802989472,0.5197285915512804,0.102
100,none,lr,temperature,expanding,all,6,0.05303853148829553,0.5415297531709302,0.108
100,none,lr,temperature,expanding,all,7,0.027343447910726484,0.5351192731400747,0.108
100,none,lr,temperature,expanding,all,8,0.04599869845411627,0.4669342835303629,0.082
100,none,lr,temperature,decay,HL150,0,0.03420778165402446,0.5413159204866118,0.086
100,none,lr,temperature,decay,HL150,1,0.031926929043650756,0.4854306120941408,0.108
100,none,lr,temperature,decay,HL150,2,0.030566819047846767,0.5044733134414399,0.122
100,none,lr,temperature,decay,HL150,3,0.035201154734001795,0.5245333591309226,0.072
100,none,lr,temperature,decay,HL150,4,0.0506816936790524,0.5591744513839562,0.114
100,none,lr,temperature,decay,HL150,5,0.014102440610199959,0.5208762882078247,0.096
100,none,lr,temperature,decay,HL150,6,0.04433431699119147,0.5426569016825488,0.128
100,none,lr,temperature,decay,HL150,7,0.0310392473398124,0.5364243246121355,0.084
100,none,lr,temperature,decay,HL150,8,0.03535302934946624,0.46267384660835886,0.09
100,none,lr,beta,static,,0,0.03649863743698329,0.5406287776541269,0.144
100,none,lr,beta,static,,1,0.051899901310227106,0.48789542834029453,0.108
100,none,lr,beta,static,,2,0.028982965347577036,0.5027608469190186,0.136
100,none,lr,beta,static,,3,0.029271664048514445,0.5244286665210778,0.122
100,none,lr,beta,static,,4,0.05427494945390293,0.5563774907341952,0.142
100,none,lr,beta,static,,5,0.03922153978266316,0.5224383191032501,0.124
100,none,lr,beta,static,,6,0.04505380261163704,0.5409973383051823,0.158
100,none,lr,beta,static,,7,0.035862531953599515,0.5356029724639629,0.134
100,none,lr,beta,static,,8,0.024331066876534715,0.4655323816706835,0.108
100,none,lr,beta,window,W300,0,0.028174279718688144,0.5429948322172622,0.086
100,none,lr,beta,window,W300,1,0.04023305315094948,0.4870440612353644,0.106
100,none,lr,beta,window,W300,2,0.03501781039548201,0.5045720280654211,0.128
100,none,lr,beta,window,W300,3,0.03461236328045712,0.5275434874267545,0.1
100,none,lr,beta,window,W300,4,0.054166547439291904,0.5597600974751514,0.124
100,none,lr,beta,window,W300,5,0.02074160998966274,0.5217643694735762,0.114
100,none,lr,beta,window,W300,6,0.05263283025374327,0.5411919482106801,0.106
100,none,lr,beta,window,W300,7,0.01967177043679135,0.5411813832429445,0.098
100,none,lr,beta,window,W300,8,0.03321345575556457,0.46456283225038764,0.072
100,none,lr,beta,expanding,all,0,0.0391222315894172,0.5409143002687657,0.122
100,none,lr,beta,expanding,all,1,0.04443138908009056,0.4862545325555749,0.102
100,none,lr,beta,expanding,all,2,0.02661485405863275,0.5032811793833951,0.124
100,none,lr,beta,expanding,all,3,0.02227369704201585,0.5236104990461042,0.11
100,none,lr,beta,expanding,all,4,0.03586560944643375,0.5561944487369858,0.132
100,none,lr,beta,expanding,all,5,0.039180523727119075,0.5205625769568575,0.12
100,none,lr,beta,expanding,all,6,0.046164328675641075,0.5413283098168127,0.134
100,none,lr,beta,expanding,all,7,0.01810695065183519,0.5351829722809479,0.122
100,none,lr,beta,expanding,all,8,0.03920466006154583,0.46641521111149986,0.094
100,none,lr,beta,decay,HL150,0,0.016261359117263844,0.5426369790611305,0.096
100,none,lr,beta,decay,HL150,1,0.04461495217117729,0.4867563602306649,0.104
100,none,lr,beta,decay,HL150,2,0.0333920542256822,0.5034211527137219,0.13
100,none,lr,beta,decay,HL150,3,0.04618546788957703,0.5261146065262212,0.102
100,none,lr,beta,decay,HL150,4,0.041504624604467216,0.5586891729341668,0.13
100,none,lr,beta,decay,HL150,5,0.031398646511345094,0.5223089727074253,0.112
100,none,lr,beta,decay,HL150,6,0.04045129660912748,0.5415907117708367,0.1
100,none,lr,beta,decay,HL150,7,0.024135819492630342,0.5387538466389054,0.096
100,none,lr,beta,decay,HL150,8,0.032316619832509594,0.46567034455639156,0.076
100,none,lr,isotonic,static,,0,0.043201293262645594,0.542182584789404,0.15
100,none,lr,isotonic,static,,1,0.04399423133317789,0.486912022876329,0.116
100,none,lr,isotonic,static,,2,0.033637406485324116,0.5027840971473871,0.146
100,none,lr,isotonic,static,,3,0.023017177311225635,0.5258252105243255,0.13
100,none,lr,isotonic,static,,4,0.04390722281812258,0.5577483958162357,0.16
100,none,lr,isotonic,static,,5,0.046471965715724595,0.5228665650740943,0.136
100,none,lr,isotonic,static,,6,0.04938875098476963,0.5416692112633021,0.168
100,none,lr,isotonic,static,,7,0.040117170921912776,0.5359981723205414,0.148
100,none,lr,isotonic,static,,8,0.024287449413758343,0.4661808741341637,0.114
100,none,lr,isotonic,window,W300,0,0.0330299736747583,0.5468879092700498,0.106
100,none,lr,isotonic,window,W300,1,0.05407966315307284,0.48904134259009796,0.134
100,none,lr,isotonic,window,W300,2,0.04632926483168248,0.5127583619012842,0.108
100,none,lr,isotonic,window,W300,3,0.02143354706153281,0.5296882452782101,0.122
100,none,lr,isotonic,window,W300,4,0.05845890280958969,0.5622239518704462,0.14
100,none,lr,isotonic,window,W300,5,0.024485981889219417,0.5276155676910261,0.154
100,none,lr,isotonic,window,W300,6,0.05551945606212786,0.5424142403267699,0.144
100,none,lr,isotonic,window,W300,7,0.028486851527520632,0.5432504605246927,0.126
100,none,lr,isotonic,window,W300,8,0.06261010073603898,0.46808578780198395,0.08
100,none,lr,isotonic,expanding,all,0,0.04715281007997825,0.5408820812702834,0.114
100,none,lr,isotonic,expanding,all,1,0.03487602898512727,0.4863030921340993,0.09
100,none,lr,isotonic,expanding,all,2,0.033326567866659884,0.5071184506564002,0.118
100,none,lr,isotonic,expanding,all,3,0.02283897963763179,0.5231206468052046,0.1
100,none,lr,isotonic,expanding,all,4,0.04657145213271564,0.5595044758189592,0.126
100,none,lr,isotonic,expanding,all,5,0.03547873517836874,0.5205847384705484,0.11
100,none,lr,isotonic,expanding,all,6,0.04391216322290845,0.541999581111502,0.124
100,none,lr,isotonic,expanding,all,7,0.030439562600700045,0.5352070248437751,0.112
100,none,lr,isotonic,expanding,all,8,0.03783469877295732,0.46720738565374975,0.092
100,none,lr,isotonic,decay,HL150,0,0.030706656898632924,0.5451730893718165,0.11
100,none,lr,isotonic,decay,HL150,1,0.04149769512244492,0.48926464914249784,0.112
100,none,lr,isotonic,decay,HL150,2,0.05714095604628926,0.511318881235385,0.114
100,none,lr,isotonic,decay,HL150,3,0.02924216043686368,0.5278090131299678,0.108
100,none,lr,isotonic,decay,HL150,4,0.03172468937247822,0.5603353927697426,0.152
100,none,lr,isotonic,decay,HL150,5,0.02225956092569195,0.5251878183331352,0.15
100,none,lr,isotonic,decay,HL150,6,0.040168937802116826,0.5448670613089066,0.114
100,none,lr,isotonic,decay,HL150,7,0.03318510243816269,0.5424250754880361,0.116
100,none,lr,isotonic,decay,HL150,8,0.03607556805479736,0.4660419823598831,0.108
100,none,gbm,temperature,static,,0,0.043362311005507276,0.5948664365817702,0.096
100,none,gbm,temperature,static,,1,0.05408011752542608,0.5325788881736223,0.068
100,none,gbm,temperature,static,,2,0.04771080167360498,0.5422364888973915,0.092
100,none,gbm,temperature,static,,3,0.05412504278133271,0.5839393676181076,0.094
100,none,gbm,temperature,static,,4,0.03801583375111214,0.5942755591023652,0.096
100,none,gbm,temperature,static,,5,0.030932810621232112,0.5732172988914245,0.084
100,none,gbm,temperature,static,,6,0.06363825813343194,0.5904112015273295,0.084
100,none,gbm,temperature,static,,7,0.030902608393925796,0.5858095020135029,0.09
100,none,gbm,temperature,static,,8,0.04520686524162178,0.5187064510198683,0.062
100,none,gbm,temperature,window,W300,0,0.02159343284772715,0.5926615139789554,0.05
100,none,gbm,temperature,window,W300,1,0.04290321878360716,0.5324131777145638,0.092
100,none,gbm,temperature,window,W300,2,0.03971350633359988,0.5435152613046276,0.126
100,none,gbm,temperature,window,W300,3,0.03703123984688319,0.5837570213428845,0.054
100,none,gbm,temperature,window,W300,4,0.02695432100746126,0.594603010741209,0.08
100,none,gbm,temperature,window,W300,5,0.022671650831528382,0.5739608921329544,0.076
100,none,gbm,temperature,window,W300,6,0.05897980174510385,0.5906704034857093,0.072
100,none,gbm,temperature,window,W300,7,0.05231313700819197,0.5867408549823647,0.066
100,none,gbm,temperature,window,W300,8,0.05250645263812158,0.5153437631805746,0.06
100,none,gbm,temperature,expanding,all,0,0.02951842615651626,0.5936683069797556,0.078
100,none,gbm,temperature,expanding,all,1,0.04814731225659797,0.5336460488439619,0.066
100,none,gbm,temperature,expanding,all,2,0.04349119192489648,0.5427375858038436,0.084
100,none,gbm,temperature,expanding,all,3,0.046274967220422465,0.5833834048710621,0.086
100,none,gbm,temperature,expanding,all,4,0.037680948455270515,0.5935069383965174,0.088
100,none,gbm,temperature,expanding,all,5,0.026590812357270174,0.5730630328186684,0.082
100,none,gbm,temperature,expanding,all,6,0.04637159146660721,0.5893605355207703,0.078
100,none,gbm,temperature,expanding,all,7,0.038188646008649296,0.5851001229546111,0.084
100,none,gbm,temperature,expanding,all,8,0.04904520866171817,0.5201768524882268,0.056
100,none,gbm,temperature,decay,HL150,0,0.027370353905207142,0.5923947623010448,0.06
100,none,gbm,temperature,decay,HL150,1,0.04365003560703174,0.532761760875144,0.088
100,none,gbm,temperature,decay,HL150,2,0.054220799212999084,0.5428148234048016,0.118
100,none,gbm,temperature,decay,HL150,3,0.026014767334547263,0.5833894100470689,0.062
100,none,gbm,temperature,decay,HL150,4,0.029506250431089655,0.5935098750975487,0.07
100,none,gbm,temperature,decay,HL150,5,0.031044307311429393,0.5747806537511129,0.076
100,none,gbm,temperature,decay,HL150,6,0.04671863252937038,0.5895113609270366,0.07
100,none,gbm,temperature,decay,HL150,7,0.04190454713733959,0.5860076416936596,0.066
100,none,gbm,temperature,decay,HL150,8,0.0509062043610625,0.516434153447056,0.056
100,none,gbm,beta,static,,0,0.05122269770249888,0.6239551177650139,0.094
100,none,gbm,beta,static,,1,0.027817313835003132,0.5484249651444975,0.076
100,none,gbm,beta,static,,2,0.05332174476985253,0.5608486438440493,0.09
100,none,gbm,beta,static,,3,0.05915969481873447,0.5994983267464726,0.1
100,none,gbm,beta,static,,4,0.06606763879487594,0.6093095265854211,0.092
100,none,gbm,beta,static,,5,0.04987127569623757,0.5832446015475086,0.088
100,none,gbm,beta,static,,6,0.05851306959125557,0.6059479281279883,0.096
100,none,gbm,beta,static,,7,0.04186942625277888,0.6073422079454026,0.09
100,none,gbm,beta,static,,8,0.025055384122023305,0.5357491585775205,0.064
100,none,gbm,beta,window,W300,0,0.021224639942613782,0.6255119859388363,0.056
100,none,gbm,beta,window,W300,1,0.04052126527465167,0.5484387985117294,0.098
100,none,gbm,beta,window,W300,2,0.047334886832905515,0.5649157959526298,0.132
100,none,gbm,beta,window,W300,3,0.042515030437810984,0.5996508770902567,0.08
100,none,gbm,beta,window,W300,4,0.03366957025019392,0.6120981424050426,0.08
100,none,gbm,beta,window,W300,5,0.044930275904015514,0.5872623541997055,0.078
100,none,gbm,beta,window,W300,6,0.03988702427454356,0.6080888051294369,0.072
100,none,gbm,beta,window,W300,7,0.017235584167503887,0.6146122578843897,0.072
100,none,gbm,beta,window,W300,8,0.048284279119766266,0.5352091494222,0.058
100,none,gbm,beta,expanding,all,0,0.033554489046625134,0.6239021499287865,0.088
100,none,gbm,beta,expanding,all,1,0.04963265960400344,0.5494989195421192,0.068
100,none,gbm,beta,expanding,all,2,0.052687996830545814,0.5622498117315129,0.084
100,none,gbm,beta,expanding,all,3,0.05904452569773033,0.5984960341571596,0.094
100,none,gbm,beta,expanding,all,4,0.06569520579016361,0.6087742961190236,0.086
100,none,gbm,beta,expanding,all,5,0.01676987078786977,0.5836784478201866,0.08
100,none,gbm,beta,expanding,all,6,0.06499607244280278,0.6058216382737092,0.084
100,none,gbm,beta,expanding,all,7,0.03252480361607023,0.6076722723672161,0.072
100,none,gbm,beta,expanding,all,8,0.034723503161434494,0.539020579158409,0.056
100,none,gbm,beta,decay,HL150,0,0.021541496423504652,0.6253581753129965,0.062
100,none,gbm,beta,decay,HL150,1,0.04068930105205075,0.5502204263424453,0.084
100,none,gbm,beta,decay,HL150,2,0.03690157724256491,0.5626352725671306,0.12
100,none,gbm,beta,decay,HL150,3,0.04433499093786293,0.5998953977794796,0.086
100,none,gbm,beta,decay,HL150,4,0.03114892754054584,0.6102755858368322,0.08
100,none,gbm,beta,decay,HL150,5,0.030071595313347126,0.5879294418130141,0.084
100,none,gbm,beta,decay,HL150,6,0.041459021316460086,0.6071584795737144,0.058
100,none,gbm,beta,decay,HL150,7,0.022454591246222934,0.6130137175132374,0.064
100,none,gbm,beta,decay,HL150,8,0.037632803406992314,0.5339084617083161,0.056
100,none,gbm,isotonic,static,,0,0.05176845411229499,0.625481223264994,0.134
100,none,gbm,isotonic,static,,1,0.058526995770011955,0.5491150337496202,0.11
100,none,gbm,isotonic,static,,2,0.04953540972137693,0.5600682950207578,0.12
100,none,gbm,isotonic,static,,3,0.06294098587042357,0.5987608306096933,0.122
100,none,gbm,isotonic,static,,4,0.04482476167480239,0.6124479740101467,0.14
100,none,gbm,isotonic,static,,5,0.05233266642680211,0.5828501222924497,0.116
100,none,gbm,isotonic,static,,6,0.07262531012643104,0.6051071942408559,0.126
100,none,gbm,isotonic,static,,7,0.0505052516543778,0.6076136280062658,0.12
100,none,gbm,isotonic,static,,8,0.026328383213084623,0.5356224424925362,0.094
100,none,gbm,isotonic,window,W300,0,0.0369096477161274,0.6293640184434235,0.056
100,none,gbm,isotonic,window,W300,1,0.05043901987771039,0.550533834669635,0.096
100,none,gbm,isotonic,window,W300,2,0.05795711023613999,0.564020801183914,0.138
100,none,gbm,isotonic,window,W300,3,0.04150499281135192,0.6010071811418991,0.076
100,none,gbm,isotonic,window,W300,4,0.06306365190929814,0.6110093289563205,0.114
100,none,gbm,isotonic,window,W300,5,0.032883353791846426,0.5862799291880932,0.12
100,none,gbm,isotonic,window,W300,6,0.05742225081053199,0.6088821855352496,0.104
100,none,gbm,isotonic,window,W300,7,0.03450740461041244,0.6155644035685771,0.06
100,none,gbm,isotonic,window,W300,8,0.04113290976663699,0.5378534343447474,0.054
100,none,gbm,isotonic,expanding,all,0,0.03316046225119753,0.6252623186133407,0.09
100,none,gbm,isotonic,expanding,all,1,0.05696949429291358,0.5483682388829845,0.074
100,none,gbm,isotonic,expanding,all,2,0.04274791850172218,0.5630431176277324,0.09
100,none,gbm,isotonic,expanding,all,3,0.05291940263700281,0.5999853722033336,0.084
100,none,gbm,isotonic,expanding,all,4,0.051327441610958605,0.6091573674723024,0.07
100,none,gbm,isotonic,expanding,all,5,0.04492075523917057,0.5842512454587596,0.088
100,none,gbm,isotonic,expanding,all,6,0.0676678791674801,0.6038140719935807,0.094
100,none,gbm,isotonic,expanding,all,7,0.038091755049515966,0.6071750848653734,0.086
100,none,gbm,isotonic,expanding,all,8,0.04023578881270945,0.5396031558370356,0.044
100,none,gbm,isotonic,decay,HL150,0,0.02407040408154509,0.6263435179418356,0.068
100,none,gbm,isotonic,decay,HL150,1,0.0406384943747696,0.552325526527484,0.076
100,none,gbm,isotonic,decay,HL150,2,0.04609282977765737,0.5628256834789785,0.094
100,none,gbm,isotonic,decay,HL150,3,0.04488883901728877,0.6024572804185636,0.07
100,none,gbm,isotonic,decay,HL150,4,0.03950321205394976,0.6117402099210099,0.102
100,none,gbm,isotonic,decay,HL150,5,0.04920605658657142,0.5884266700788021,0.122
100,none,gbm,isotonic,decay,HL150,6,0.04814825928128121,0.608124248553356,0.062
100,none,gbm,isotonic,decay,HL150,7,0.023222634978394285,0.6152068973415517,0.074
100,none,gbm,isotonic,decay,HL150,8,0.03685115083364363,0.5376693757647197,0.046
100,vol_jump,lr,temperature,static,,0,0.034465224449206674,0.5408980755935532,0.114
100,vol_jump,lr,temperature,static,,1,0.03674822982198223,0.48564425149445395,0.092
100,vol_jump,lr,temperature,static,,2,0.02561079832647974,0.5036776960652198,0.116
100,vol_jump,lr,temperature,static,,3,0.07454693056475886,0.6271631049868057,0.156
100,vol_jump,lr,temperature,static,,4,0.07607052597774595,0.6287589843758644,0.16
100,vol_jump,lr,temperature,static,,5,0.062258900047690954,0.6029602497985443,0.144
100,vol_jump,lr,temperature,static,,6,0.06513193801618104,0.6008069082464308,0.138
100,vol_jump,lr,temperature,static,,7,0.058310932705851665,0.6078134934710762,0.142
100,vol_jump,lr,temperature,static,,8,0.04505208376902899,0.5549285252928168,0.144
100,vol_jump,lr,temperature,window,W300,0,0.03683639998007768,0.54200741915101,0.082
100,vol_jump,lr,temperature,window,W300,1,0.048885492917523726,0.4854444744757088,0.108
100,vol_jump,lr,temperature,window,W300,2,0.02476737847756727,0.5062810162104666,0.128
100,vol_jump,lr,temperature,window,W300,3,0.07234331879605697,0.6193558201233031,0.058
100,vol_jump,lr,temperature,window,W300,4,0.06863404236666316,0.6195281275312038,0.044
100,vol_jump,lr,temperature,window,W300,5,0.0641585111216657,0.5959253613438229,0.026
100,vol_jump,lr,temperature,window,W300,6,0.06710572031859903,0.5988407615877273,0.03
100,vol_jump,lr,temperature,window,W300,7,0.07123299558305275,0.6034323328451573,0.028
100,vol_jump,lr,temperature,window,W300,8,0.046961371075310565,0.5532792776984242,0.068
100,vol_jump,lr,temperature,expanding,all,0,0.037912585199777325,0.5408386676058066,0.106
100,vol_jump,lr,temperature,expanding,all,1,0.034315841723649695,0.48603316067886626,0.09
100,vol_jump,lr,temperature,expanding,all,2,0.02526583800057733,0.5038368598275751,0.116
100,vol_jump,lr,temperature,expanding,all,3,0.06550327479152157,0.6240728593214233,0.148
100,vol_jump,lr,temperature,expanding,all,4,0.08354872992423146,0.6234940612293849,0.146
100,vol_jump,lr,temperature,expanding,all,5,0.04095586670836034,0.5963682572343393,0.108
100,vol_jump,lr,temperature,expanding,all,6,0.055475983993010305,0.5960215792070406,0.094
100,vol_jump,lr,temperature,expanding,all,7,0.05493408019812807,0.6003466510661628,0.104
100,vol_jump,lr,temperature,expanding,all,8,0.02050358682360454,0.5510754282980683,0.102
100,vol_jump,lr,temperature,decay,HL150,0,0.03420778165402446,0.5413159204866118,0.086
100,vol_jump,lr,temperature,decay,HL150,1,0.031926929043650756,0.4854306120941408,0.108
100,vol_jump,lr,temperature,decay,HL150,2,0.030566819047846767,0.5044733134414399,0.122
100,vol_jump,lr,temperature,decay,HL150,3,0.05210381627917815,0.6154048693616244,0.068
100,vol_jump,lr,temperature,decay,HL150,4,0.065615694701786,0.6200310432098478,0.048
100,vol_jump,lr,temperature,decay,HL150,5,0.06824011391355594,0.5971668106080754,0.03
100,vol_jump,lr,temperature,decay,HL150,6,0.06943289090564939,0.5988318357580238,0.03
100,vol_jump,lr,temperature,decay,HL150,7,0.07503472901690536,0.6027328192430039,0.024
100,vol_jump,lr,temperature,decay,HL150,8,0.0502649618891875,0.5558532914157583,0.068
100,vol_jump,lr,beta,static,,0,0.03649863743698329,0.5406287776541269,0.144
100,vol_jump,lr,beta,static,,1,0.051899901310227106,0.48789542834029453,0.108
100,vol_jump,lr,beta,static,,2,0.028982965347577036,0.5027608469190186,0.136
100,vol_jump,lr,beta,static,,3,0.09200008347300717,0.6269570413314897,0.18
100,vol_jump,lr,beta,static,,4,0.08221971250870024,0.6286280955456648,0.18
100,vol_jump,lr,beta,static,,5,0.08037342653570068,0.6038931556889332,0.16
100,vol_jump,lr,beta,static,,6,0.05376161215538238,0.5999642828558481,0.172
100,vol_jump,lr,beta,static,,7,0.06991282408366573,0.6078946553053245,0.164
100,vol_jump,lr,beta,static,,8,0.05745414438316379,0.5558528557424579,0.164
100,vol_jump,lr,beta,window,W300,0,0.028174279718688144,0.5429948322172622,0.086
100,vol_jump,lr,beta,window,W300,1,0.04023305315094948,0.4870440612353644,0.106
100,vol_jump,lr,beta,window,W300,2,0.03501781039548201,0.5045720280654211,0.128
100,vol_jump,lr,beta,window,W300,3,0.05413688551978098,0.6286474912250507,0.116
100,vol_jump,lr,beta,window,W300,4,0.05951067905992647,0.6289812466500865,0.128
100,vol_jump,lr,beta,window,W300,5,0.027703131374437445,0.6055284937089827,0.102
100,vol_jump,lr,beta,window,W300,6,0.04409921491125146,0.6032769210785125,0.102
100,vol_jump,lr,beta,window,W300,7,0.016350753216834008,0.612732810858438,0.09
100,vol_jump,lr,beta,window,W300,8,0.020923789434201156,0.5601670109133688,0.1
100,vol_jump,lr,beta,expanding,all,0,0.0391222315894172,0.5409143002687657,0.122
100,vol_jump,lr,beta,expanding,all,1,0.04443138908009056,0.4862545325555749,0.102
100,vol_jump,lr,beta,expanding,all,2,0.02661485405863275,0.5032811793833951,0.124
100,vol_jump,lr,beta,expanding,all,3,0.07444860773605527,0.6259241207907746,0.166
100,vol_jump,lr,beta,expanding,all,4,0.06594367471119028,0.6266504051851401,0.162
100,vol_jump,lr,beta,expanding,all,5,0.053358643822230885,0.6007953161295676,0.142
100,vol_jump,lr,beta,expanding,all,6,0.06159990101760738,0.6003441374228555,0.134
100,vol_jump,lr,beta,expanding,all,7,0.035618230690815156,0.6061536444291075,0.136
100,vol_jump,lr,beta,expanding,all,8,0.028573086316263256,0.5543428629746326,0.132
100,vol_jump,lr,beta,decay,HL150,0,0.016261359117263844,0.5426369790611305,0.096
100,vol_jump,lr,beta,decay,HL150,1,0.04461495217117729,0.4867563602306649,0.104
100,vol_jump,lr,beta,decay,HL150,2,0.0333920542256822,0.5034211527137219,0.13
100,vol_jump,lr,beta,decay,HL150,3,0.04632444914739789,0.6247063731378909,0.126
100,vol_jump,lr,beta,decay,HL150,4,0.053397333226800396,0.6288860599490731,0.118
100,vol_jump,lr,beta,decay,HL150,5,0.02372961617250798,0.6042645160212542,0.102
100,vol_jump,lr,beta,decay,HL150,6,0.05760562213321702,0.6047703998964359,0.098
100,vol_jump,lr,beta,decay,HL150,7,0.04176558465925623,0.6111387269148345,0.1
100,vol_jump,lr,beta,decay,HL150,8,0.02714203645454835,0.5601958231774622,0.102
100,vol_jump,lr,isotonic,static,,0,0.043201293262645594,0.542182584789404,0.15
100,vol_jump,lr,isotonic,static,,1,0.04399423133317789,0.486912022876329,0.116
100,vol_jump,lr,isotonic,static,,2,0.033637406485324116,0.5027840971473871,0.146
100,vol_jump,lr,isotonic,static,,3,0.0883125211865162,0.6268562525573976,0.188
100,vol_jump,lr,isotonic,static,,4,0.08990722281812258,0.6292152614502922,0.198
100,vol_jump,lr,isotonic,static,,5,0.07823785084113061,0.6043968878038842,0.172
100,vol_jump,lr,isotonic,static,,6,0.06258659377269798,0.6009887078966052,0.184
100,vol_jump,lr,isotonic,static,,7,0.08487596510070695,0.6079796959781829,0.18
100,vol_jump,lr,isotonic,static,,8,0.04929004578840589,0.5560414904427389,0.17
100,vol_jump,lr,isotonic,window,W300,0,0.0330299736747583,0.5468879092700498,0.106
100,vol_jump,lr,isotonic,window,W300,1,0.05407966315307284,0.48904134259009796,0.134
100,vol_jump,lr,isotonic,window,W300,2,0.04632926483168248,0.5127583619012842,0.108
100,vol_jump,lr,isotonic,window,W300,3,0.03430810979449142,0.6263333024338278,0.124
100,vol_jump,lr,isotonic,window,W300,4,0.03983891704443935,0.6298388580634098,0.12
100,vol_jump,lr,isotonic,window,W300,5,0.022100804741804495,0.6067143228058343,0.13
100,vol_jump,lr,isotonic,window,W300,6,0.04275757216881337,0.6008264514780712,0.126
100,vol_jump,lr,isotonic,window,W300,7,0.04071009872451961,0.6114377266631928,0.074
100,vol_jump,lr,isotonic,window,W300,8,0.036301044396153566,0.5651957520625239,0.078
100,vol_jump,lr,isotonic,expanding,all,0,0.04715281007997825,0.5408820812702834,0.114
100,vol_jump,lr,isotonic,expanding,all,1,0.03487602898512727,0.4863030921340993,0.09
100,vol_jump,lr,isotonic,expanding,all,2,0.033326567866659884,0.5071184506564002,0.118
100,vol_jump,lr,isotonic,expanding,all,3,0.07971913495143464,0.6260214607232891,0.156
100,vol_jump,lr,isotonic,expanding,all,4,0.07935399845141977,0.6300068420492425,0.16
100,vol_jump,lr,isotonic,expanding,all,5,0.055514180122380616,0.6008623872624689,0.142
100,vol_jump,lr,isotonic,expanding,all,6,0.04060847163909724,0.6004945352012355,0.138
100,vol_jump,lr,isotonic,expanding,all,7,0.0544967313369043,0.6054368603393293,0.142
100,vol_jump,lr,isotonic,expanding,all,8,0.04215762652830226,0.5544187106417172,0.14
100,vol_jump,lr,isotonic,decay,HL150,0,0.030706656898632924,0.5451730893718165,0.11
100,vol_jump,lr,isotonic,decay,HL150,1,0.04149769512244492,0.48926464914249784,0.112
100,vol_jump,lr,isotonic,decay,HL150,2,0.05714095604628926,0.511318881235385,0.114
100,vol_jump,lr,isotonic,decay,HL150,3,0.03925985068695286,0.6266342446839017,0.138
100,vol_jump,lr,isotonic,decay,HL150,4,0.0391189664718524,0.627350506616255,0.094
100,vol_jump,lr,isotonic,decay,HL150,5,0.041040063607027416,0.604704697520349,0.11
100,vol_jump,lr,isotonic,decay,HL150,6,0.04098341804779133,0.6032289452798343,0.09
100,vol_jump,lr,isotonic,decay,HL150,7,0.035481632862815825,0.612704972898968,0.042
100,vol_jump,lr,isotonic,decay,HL150,8,0.05404621721763941,0.5623759906247802,0.074
100,vol_jump,gbm,temperature,static,,0,0.043362311005507276,0.5948664365817702,0.096
100,vol_jump,gbm,temperature,static,,1,0.05408011752542608,0.5325788881736223,0.068
100,vol_jump,gbm,temperature,static,,2,0.04771080167360498,0.5422364888973915,0.092
100,vol_jump,gbm,temperature,static,,3,0.09283157438869571,0.648911778487223,0.122
100,vol_jump,gbm,temperature,static,,4,0.07447507107012033,0.6516697309779038,0.118
100,vol_jump,gbm,temperature,static,,5,0.07561077719498513,0.629234725101303,0.106
100,vol_jump,gbm,temperature,static,,6,0.10006535260186065,0.6422852381716861,0.098
100,vol_jump,gbm,temperature,static,,7,0.05879065340535902,0.6205224332719935,0.094
100,vol_jump,gbm,temperature,static,,8,0.028588114705233494,0.5731794184506701,0.094
100,vol_jump,gbm,temperature,window,W300,0,0.02159343284772715,0.5926615139789554,0.05
100,vol_jump,gbm,temperature,window,W300,1,0.04290321878360716,0.5324131777145638,0.092
100,vol_jump,gbm,temperature,window,W300,2,0.03971350633359988,0.5435152613046276,0.126
100,vol_jump,gbm,temperature,window,W300,3,0.014676439255900516,0.6428224596855486,0.042
100,vol_jump,gbm,temperature,window,W300,4,0.03199679122337289,0.6391783621586536,0.018
100,vol_jump,gbm,temperature,window,W300,5,0.059513431475694704,0.6221250431000517,0.018
100,vol_jump,gbm,temperature,window,W300,6,0.028610206853785437,0.6324191315378482,0.012
100,vol_jump,gbm,temperature,window,W300,7,0.06125594068454602,0.6175953193561553,0.014
100,vol_jump,gbm,temperature,window,W300,8,0.0353311033676872,0.5754366141442029,0.05
100,vol_jump,gbm,temperature,expanding,all,0,0.02951842615651626,0.5936683069797556,0.078
100,vol_jump,gbm,temperature,expanding,all,1,0.04814731225659797,0.5336460488439619,0.066
100,vol_jump,gbm,temperature,expanding,all,2,0.04349119192489648,0.5427375858038436,0.084
100,vol_jump,gbm,temperature,expanding,all,3,0.08082699231541104,0.6459857787858634,0.112
100,vol_jump,gbm,temperature,expanding,all,4,0.054933632835765134,0.6461624072064476,0.1
100,vol_jump,gbm,temperature,expanding,all,5,0.04396170535525631,0.6238534126426968,0.082
100,vol_jump,gbm,temperature,expanding,all,6,0.06827392316126542,0.633986882909481,0.068
100,vol_jump,gbm,temperature,expanding,all,7,0.04921294867352486,0.6159092229514813,0.058
100,vol_jump,gbm,temperature,expanding,all,8,0.026544242797273472,0.5729964797925788,0.062
100,vol_jump,gbm,temperature,decay,HL150,0,0.027370353905207142,0.5923947623010448,0.06
100,vol_jump,gbm,temperature,decay,HL150,1,0.04365003560703174,0.532761760875144,0.088
100,vol_jump,gbm,temperature,decay,HL150,2,0.054220799212999084,0.5428148234048016,0.118
100,vol_jump,gbm,temperature,decay,HL150,3,0.033155384016577194,0.6400166965166891,0.044
100,vol_jump,gbm,temperature,decay,HL150,4,0.032149426523137736,0.6381664782911404,0.022
100,vol_jump,gbm,temperature,decay,HL150,5,0.050791982479489184,0.6231530696245438,0.022
100,vol_jump,gbm,temperature,decay,HL150,6,0.03503255656757924,0.6304065429970821,0.012
100,vol_jump,gbm,temperature,decay,HL150,7,0.05711249374463115,0.6177405636340734,0.008
100,vol_jump,gbm,temperature,decay,HL150,8,0.03261435435121424,0.5763240347719049,0.052
100,vol_jump,gbm,beta,static,,0,0.05122269770249888,0.6239551177650139,0.094
100,vol_jump,gbm,beta,static,,1,0.027817313835003132,0.5484249651444975,0.076
100,vol_jump,gbm,beta,static,,2,0.05332174476985253,0.5608486438440493,0.09
100,vol_jump,gbm,beta,static,,3,0.10384636960789236,0.6823728322685857,0.126
100,vol_jump,gbm,beta,static,,4,0.0960676387948759,0.6861735575784406,0.114
100,vol_jump,gbm,beta,static,,5,0.08987127569623755,0.6595725443418247,0.114
100,vol_jump,gbm,beta,static,,6,0.10851306959125556,0.682998322562547,0.11
100,vol_jump,gbm,beta,static,,7,0.07123419294360846,0.6662510056981621,0.094
100,vol_jump,gbm,beta,static,,8,0.04237889109144473,0.6013141415415536,0.096
100,vol_jump,gbm,beta,window,W300,0,0.021224639942613782,0.6255119859388363,0.056
100,vol_jump,gbm,beta,window,W300,1,0.04052126527465167,0.5484387985117294,0.098
100,vol_jump,gbm,beta,window,W300,2,0.047334886832905515,0.5649157959526298,0.132
100,vol_jump,gbm,beta,window,W300,3,0.05384371703499803,0.6889653795678128,0.066
100,vol_jump,gbm,beta,window,W300,4,0.027464228424829408,0.6888758030147539,0.034
100,vol_jump,gbm,beta,window,W300,5,0.020695114887617695,0.6640241185711159,0.04
100,vol_jump,gbm,beta,window,W300,6,0.06226573023982825,0.6849527104224443,0.044
100,vol_jump,gbm,beta,window,W300,7,0.04320570540364851,0.6729551877194608,0.06
100,vol_jump,gbm,beta,window,W300,8,0.05403363553930182,0.6058090073334109,0.078
100,vol_jump,gbm,beta,expanding,all,0,0.033554489046625134,0.6239021499287865,0.088
100,vol_jump,gbm,beta,expanding,all,1,0.04963265960400344,0.5494989195421192,0.068
100,vol_jump,gbm,beta,expanding,all,2,0.052687996830545814,0.5622498117315129,0.084
100,vol_jump,gbm,beta,expanding,all,3,0.09194087376788836,0.6816329524973039,0.12
100,vol_jump,gbm,beta,expanding,all,4,0.06974052899064499,0.6844117863220361,0.102
100,vol_jump,gbm,beta,expanding,all,5,0.0605221262616215,0.6584608277560303,0.098
100,vol_jump,gbm,beta,expanding,all,6,0.09601306334879968,0.6814416499586036,0.082
100,vol_jump,gbm,beta,expanding,all,7,0.05768516311856749,0.6691120792282659,0.07
100,vol_jump,gbm,beta,expanding,all,8,0.04255165452872479,0.6049978835818429,0.068
100,vol_jump,gbm,beta,decay,HL150,0,0.021541496423504652,0.6253581753129965,0.062
100,vol_jump,gbm,beta,decay,HL150,1,0.04068930105205075,0.5502204263424453,0.084
100,vol_jump,gbm,beta,decay,HL150,2,0.03690157724256491,0.5626352725671306,0.12
100,vol_jump,gbm,beta,decay,HL150,3,0.06359402645926347,0.6863909957847181,0.074
100,vol_jump,gbm,beta,decay,HL150,4,0.04830319311731719,0.689121003890718,0.038
100,vol_jump,gbm,beta,decay,HL150,5,0.034800053562469645,0.6635900058577073,0.036
100,vol_jump,gbm,beta,decay,HL150,6,0.06463363182817815,0.6869145373586789,0.038
100,vol_jump,gbm,beta,decay,HL150,7,0.0431456777358033,0.6740395067455297,0.048
100,vol_jump,gbm,beta,decay,HL150,8,0.048337387077855766,0.606807858373213,0.078
100,vol_jump,gbm,isotonic,static,,0,0.05176845411229499,0.625481223264994,0.134
100,vol_jump,gbm,isotonic,static,,1,0.058526995770011955,0.5491150337496202,0.11
100,vol_jump,gbm,isotonic,static,,2,0.04953540972137693,0.5600682950207578,0.12
100,vol_jump,gbm,isotonic,static,,3,0.10894098587042357,0.6818000757831717,0.154
100,vol_jump,gbm,isotonic,static,,4,0.09082476167480237,0.6889551466146534,0.166
100,vol_jump,gbm,isotonic,static,,5,0.09484477899329931,0.6577412900709401,0.14
100,vol_jump,gbm,isotonic,static,,6,0.11862531012643106,0.6817919144860407,0.14
100,vol_jump,gbm,isotonic,static,,7,0.07850525165437779,0.6646208242586004,0.124
100,vol_jump,gbm,isotonic,static,,8,0.043248089954228776,0.6001761488032152,0.13
100,vol_jump,gbm,isotonic,window,W300,0,0.0369096477161274,0.6293640184434235,0.056
100,vol_jump,gbm,isotonic,window,W300,1,0.05043901987771039,0.550533834669635,0.096
100,vol_jump,gbm,isotonic,window,W300,2,0.05795711023613999,0.564020801183914,0.138
100,vol_jump,gbm,isotonic,window,W300,3,0.06391231259321559,0.6929303380358878,0.088
100,vol_jump,gbm,isotonic,window,W300,4,0.04066720536630947,0.6843234072585378,0.096
100,vol_jump,gbm,isotonic,window,W300,5,0.03855243182980072,0.6617853645127706,0.07
100,vol_jump,gbm,isotonic,window,W300,6,0.06767668341886034,0.6855803647690902,0.052
100,vol_jump,gbm,isotonic,window,W300,7,0.06376849563784771,0.6776552335785607,0.066
100,vol_jump,gbm,isotonic,window,W300,8,0.06309419672290029,0.6086143552601236,0.07
100,vol_jump,gbm,isotonic,expanding,all,0,0.03316046225119753,0.6252623186133407,0.09
100,vol_jump,gbm,isotonic,expanding,all,1,0.05696949429291358,0.5483682388829845,0.074
100,vol_jump,gbm,isotonic,expanding,all,2,0.04274791850172218,0.5630431176277324,0.09
100,vol_jump,gbm,isotonic,expanding,all,3,0.09281044617908708,0.68409514516821,0.102
100,vol_jump,gbm,isotonic,expanding,all,4,0.0712594144511425,0.6841919611446153,0.092
100,vol_jump,gbm,isotonic,expanding,all,5,0.061297893722181654,0.6597573907767701,0.098
100,vol_jump,gbm,isotonic,expanding,all,6,0.098852941717392,0.6793883647019812,0.066
100,vol_jump,gbm,isotonic,expanding,all,7,0.05500056677482986,0.6684747094919178,0.054
100,vol_jump,gbm,isotonic,expanding,all,8,0.04291696774206773,0.6049882529571706,0.062
100,vol_jump,gbm,isotonic,decay,HL150,0,0.02407040408154509,0.6263435179418356,0.068
100,vol_jump,gbm,isotonic,decay,HL150,1,0.0406384943747696,0.552325526527484,0.076
100,vol_jump,gbm,isotonic,decay,HL150,2,0.04609282977765737,0.5628256834789785,0.094
100,vol_jump,gbm,isotonic,decay,HL150,3,0.07392094897380376,0.6898842390803331,0.074
100,vol_jump,gbm,isotonic,decay,HL150,4,0.05816453987623864,0.6835016898386276,0.074
100,vol_jump,gbm,isotonic,decay,HL150,5,0.031572167273601126,0.6628166418808374,0.036
100,vol_jump,gbm,isotonic,decay,HL150,6,0.058186902179638345,0.6861504434202875,0.048
100,vol_jump,gbm,isotonic,decay,HL150,7,0.03410620040084922,0.6770587256469028,0.05
100,vol_jump,gbm,isotonic,decay,HL150,8,0.06520269736425105,0.6082498655523402,0.064
100,regime_transition,lr,temperature,static,,0,0.034465224449206674,0.5408980755935532,0.114
100,regime_transition,lr,temperature,static,,1,0.03674822982198223,0.48564425149445395,0.092
100,regime_transition,lr,temperature,static,,2,0.02561079832647974,0.5036776960652198,0.116
100,regime_transition,lr,temperature,static,,3,0.030378975117874202,0.5451499596306256,0.116
100,regime_transition,lr,temperature,static,,4,0.1368298267573117,0.6817848596621939,0.198
100,regime_transition,lr,temperature,static,,5,0.19225890004769094,0.725143129116705,0.236
100,regime_transition,lr,temperature,static,,6,0.1255298877028479,0.6885185179841284,0.2
100,regime_transition,lr,temperature,static,,7,0.16097830807367336,0.7104868415237015,0.218
100,regime_transition,lr,temperature,static,,8,0.19253688077388023,0.73727944296927,0.264
100,regime_transition,lr,temperature,window,W300,0,0.03683639998007768,0.54200741915101,0.082
100,regime_transition,lr,temperature,window,W300,1,0.048885492917523726,0.4854444744757088,0.108
100,regime_transition,lr,temperature,window,W300,2,0.02476737847756727,0.5062810162104666,0.128
100,regime_transition,lr,temperature,window,W300,3,0.034833158742511854,0.5454809207976564,0.076
100,regime_transition,lr,temperature,window,W300,4,0.09290567311253574,0.6474091795847701,0.072
100,regime_transition,lr,temperature,window,W300,5,0.014079363066669025,0.6566059660009766,0.002
100,regime_transition,lr,temperature,window,W300,6,0.04354424881202874,0.6456733044267473,0.01
100,regime_transition,lr,temperature,window,W300,7,0.02342773518276095,0.6511993329511196,0.0
100,regime_transition,lr,temperature,window,W300,8,0.054122967097731914,0.6551255548620969,0.014
100,regime_transition,lr,temperature,expanding,all,0,0.037912585199777325,0.5408386676058066,0.106
100,regime_transition,lr,temperature,expanding,all,1,0.034315841723649695,0.48603316067886626,0.09
100,regime_transition,lr,temperature,expanding,all,2,0.02526583800057733,0.5038368598275751,0.116
100,regime_transition,lr,temperature,expanding,all,3,0.022927336002651972,0.5447929278220119,0.114
100,regime_transition,lr,temperature,expanding,all,4,0.1299366199837389,0.6749605582069178,0.19
100,regime_transition,lr,temperature,expanding,all,5,0.160194786095786,0.7038743340512567,0.178
100,regime_transition,lr,temperature,expanding,all,6,0.08152036759621017,0.6681730168748586,0.136
100,regime_transition,lr,temperature,expanding,all,7,0.10533956156686626,0.677859730922411,0.144
100,regime_transition,lr,temperature,expanding,all,8,0.12391092066168546,0.692065073472403,0.17
100,regime_transition,lr,temperature,decay,HL150,0,0.03420778165402446,0.5413159204866118,0.086
100,regime_transition,lr,temperature,decay,HL150,1,0.031926929043650756,0.4854306120941408,0.108
100,regime_transition,lr,temperature,decay,HL150,2,0.030566819047846767,0.5044733134414399,0.122
100,regime_transition,lr,temperature,decay,HL150,3,0.03413258906488948,0.5457827053985157,0.078
100,regime_transition,lr,temperature,decay,HL150,4,0.08066965035329302,0.6478453407011491,0.072
100,regime_transition,lr,temperature,decay,HL150,5,0.01184079908247558,0.6564676698981414,0.002
100,regime_transition,lr,temperature,decay,HL150,6,0.04569060288758316,0.6457284339173355,0.008
100,regime_transition,lr,temperature,decay,HL150,7,0.019788288920121928,0.649864415867305,0.0
100,regime_transition,lr,temperature,decay,HL150,8,0.03255759438403688,0.6549690203994537,0.014
100,regime_transition,lr,beta,static,,0,0.03649863743698329,0.5406287776541269,0.144
100,regime_transition,lr,beta,static,,1,0.051899901310227106,0.48789542834029453,0.108
100,regime_transition,lr,beta,static,,2,0.028982965347577036,0.5027608469190186,0.136
100,regime_transition,lr,beta,static,,3,0.040000083473007195,0.5459597761577779,0.138
100,regime_transition,lr,beta,static,,4,0.12821971250870023,0.6833253504694777,0.23
100,regime_transition,lr,beta,static,,5,0.20805536609920097,0.7324086799095626,0.258
100,regime_transition,lr,beta,static,,6,0.15023447902028797,0.6899932111502094,0.236
100,regime_transition,lr,beta,static,,7,0.1807281085039724,0.715343174086014,0.244
100,regime_transition,lr,beta,static,,8,0.20930984023705776,0.7391183476763309,0.294
100,regime_transition,lr,beta,window,W300,0,0.028174279718688144,0.5429948322172622,0.086
100,regime_transition,lr,beta,window,W300,1,0.04023305315094948,0.4870440612353644,0.106
100,regime_transition,lr,beta,window,W300,2,0.03501781039548201,0.5045720280654211,0.128
100,regime_transition,lr,beta,window,W300,3,0.034313444187425594,0.549229823898897,0.106
100,regime_transition,lr,beta,window,W300,4,0.07408138143593201,0.666164431011898,0.092
100,regime_transition,lr,beta,window,W300,5,0.05164278535892652,0.676082009849178,0.006
100,regime_transition,lr,beta,window,W300,6,0.016149306892005756,0.6712094532349888,0.02
100,regime_transition,lr,beta,window,W300,7,0.03148213326750244,0.6722589695357265,0.004
100,regime_transition,lr,beta,window,W300,8,0.04777485432304978,0.6706970352011503,0.034
100,regime_transition,lr,beta,expanding,all,0,0.0391222315894172,0.5409143002687657,0.122
100,regime_transition,lr,beta,expanding,all,1,0.04443138908009056,0.4862545325555749,0.102
100,regime_transition,lr,beta,expanding,all,2,0.02661485405863275,0.5032811793833951,0.124
100,regime_transition,lr,beta,expanding,all,3,0.027650312804835826,0.5452794120001458,0.126
100,regime_transition,lr,beta,expanding,all,4,0.13202214366504664,0.679525451725686,0.202
100,regime_transition,lr,beta,expanding,all,5,0.17720308134259954,0.7147942917931003,0.22
100,regime_transition,lr,beta,expanding,all,6,0.09413024984161018,0.6767246316627096,0.166
100,regime_transition,lr,beta,expanding,all,7,0.12630671665572119,0.6904962126705374,0.18
100,regime_transition,lr,beta,expanding,all,8,0.14417318029177176,0.7019769546953907,0.202
100,regime_transition,lr,beta,decay,HL150,0,0.016261359117263844,0.5426369790611305,0.096
100,regime_transition,lr,beta,decay,HL150,1,0.04461495217117729,0.4867563602306649,0.104
100,regime_transition,lr,beta,decay,HL150,2,0.0333920542256822,0.5034211527137219,0.13
100,regime_transition,lr,beta,decay,HL150,3,0.05684774411237376,0.5481694307867772,0.112
100,regime_transition,lr,beta,decay,HL150,4,0.057220627174216734,0.665054879961078,0.104
100,regime_transition,lr,beta,decay,HL150,5,0.04589901983123878,0.6761867489992299,0.01
100,regime_transition,lr,beta,decay,HL150,6,0.051035401342460075,0.6728466134697262,0.014
100,regime_transition,lr,beta,decay,HL150,7,0.029943561622134976,0.6710350617463032,0.006
100,regime_transition,lr,beta,decay,HL150,8,0.05664247877943778,0.6709283410798667,0.032
100,regime_transition,lr,isotonic,static,,0,0.043201293262645594,0.542182584789404,0.15
100,regime_transition,lr,isotonic,static,,1,0.04399423133317789,0.486912022876329,0.116
100,regime_transition,lr,isotonic,static,,2,0.033637406485324116,0.5027840971473871,0.146
100,regime_transition,lr,isotonic,static,,3,0.037017177311225634,0.5473892489614541,0.146
100,regime_transition,lr,isotonic,static,,4,0.15650834588728318,0.6853829838410701,0.252
100,regime_transition,lr,isotonic,static,,5,0.20718790978980858,0.7338078507344946,0.276
100,regime_transition,lr,isotonic,static,,6,0.14059641263882858,0.6910470934930779,0.25
100,regime_transition,lr,isotonic,static,,7,0.1781234483791555,0.7165869193165811,0.262
100,regime_transition,lr,isotonic,static,,8,0.20617860620935038,0.7437514646942566,0.306
100,regime_transition,lr,isotonic,window,W300,0,0.0330299736747583,0.5468879092700498,0.106
100,regime_transition,lr,isotonic,window,W300,1,0.05407966315307284,0.48904134259009796,0.134
100,regime_transition,lr,isotonic,window,W300,2,0.04632926483168248,0.5127583619012842,0.108
100,regime_transition,lr,isotonic,window,W300,3,0.04149215477132229,0.5530480466486494,0.136
100,regime_transition,lr,isotonic,window,W300,4,0.06372727625205189,0.666641921319472,0.088
100,regime_transition,lr,isotonic,window,W300,5,0.050283098042877304,0.6766625599086142,0.012
100,regime_transition,lr,isotonic,window,W300,6,0.0557580799342199,0.6699293507788191,0.05
100,regime_transition,lr,isotonic,window,W300,7,0.02719537279399464,0.6752728409299716,0.016
100,regime_transition,lr,isotonic,window,W300,8,0.05196546022275191,0.6769635297694844,0.054
100,regime_transition,lr,isotonic,expanding,all,0,0.04715281007997825,0.5408820812702834,0.114
100,regime_transition,lr,isotonic,expanding,all,1,0.03487602898512727,0.4863030921340993,0.09
100,regime_transition,lr,isotonic,expanding,all,2,0.033326567866659884,0.5071184506564002,0.118
100,regime_transition,lr,isotonic,expanding,all,3,0.028939797432896285,0.5458063808554677,0.116
100,regime_transition,lr,isotonic,expanding,all,4,0.1196589920290062,0.6825798271707684,0.198
100,regime_transition,lr,isotonic,expanding,all,5,0.1773704659424102,0.7145925833404554,0.234
100,regime_transition,lr,isotonic,expanding,all,6,0.10923946751092051,0.6778347652915232,0.182
100,regime_transition,lr,isotonic,expanding,all,7,0.1284658781294161,0.6909919894809525,0.19
100,regime_transition,lr,isotonic,expanding,all,8,0.14587006725357451,0.7043958115584983,0.172
100,regime_transition,lr,isotonic,decay,HL150,0,0.030706656898632924,0.5451730893718165,0.11
100,regime_transition,lr,isotonic,decay,HL150,1,0.04149769512244492,0.48926464914249784,0.112
100,regime_transition,lr,isotonic,decay,HL150,2,0.05714095604628926,0.511318881235385,0.114
100,regime_transition,lr,isotonic,decay,HL150,3,0.024845451807682925,0.5512103772226673,0.116
100,regime_transition,lr,isotonic,decay,HL150,4,0.07545255840969993,0.6650376091095953,0.094
100,regime_transition,lr,isotonic,decay,HL150,5,0.05684877016334863,0.6778852815594036,0.014
100,regime_transition,lr,isotonic,decay,HL150,6,0.03199454888846195,0.6712982016931054,0.042
100,regime_transition,lr,isotonic,decay,HL150,7,0.02997469198780833,0.6734243981005288,0.012
100,regime_transition,lr,isotonic,decay,HL150,8,0.0526307739575739,0.6733897475340576,0.046
100,regime_transition,gbm,temperature,static,,0,0.043362311005507276,0.5948664365817702,0.096
100,regime_transition,gbm,temperature,static,,1,0.05408011752542608,0.5325788881736223,0.068
100,regime_transition,gbm,temperature,static,,2,0.04771080167360498,0.5422364888973915,0.092
100,regime_transition,gbm,temperature,static,,3,0.045176559052454116,0.5832113160463555,0.092
100,regime_transition,gbm,temperature,static,,4,0.11808286612260474,0.6819070059776964,0.142
100,regime_transition,gbm,temperature,static,,5,0.15640404804110278,0.7064988928543368,0.142
100,regime_transition,gbm,temperature,static,,6,0.1267425376268671,0.69207900163569,0.142
100,regime_transition,gbm,temperature,static,,7,0.13628522894155928,0.683747398206563,0.146
100,regime_transition,gbm,temperature,static,,8,0.12879313475837822,0.6931195179883491,0.162
100,regime_transition,gbm,temperature,window,W300,0,0.02159343284772715,0.5926615139789554,0.05
100,regime_transition,gbm,temperature,window,W300,1,0.04290321878360716,0.5324131777145638,0.092
100,regime_transition,gbm,temperature,window,W300,2,0.03971350633359988,0.5435152613046276,0.126
100,regime_transition,gbm,temperature,window,W300,3,0.04673081809616834,0.5838261605673397,0.052
100,regime_transition,gbm,temperature,window,W300,4,0.04151563735119434,0.6570699782851539,0.034
100,regime_transition,gbm,temperature,window,W300,5,0.008021709033614247,0.6601267873635891,0.0
100,regime_transition,gbm,temperature,window,W300,6,0.036867088884395556,0.6551472418210748,0.004
100,regime_transition,gbm,temperature,window,W300,7,0.019820247276930852,0.6523387214725985,0.0
100,regime_transition,gbm,temperature,window,W300,8,0.03186488265429104,0.6521704417280607,0.012
100,regime_transition,gbm,temperature,expanding,all,0,0.02951842615651626,0.5936683069797556,0.078
100,regime_transition,gbm,temperature,expanding,all,1,0.04814731225659797,0.5336460488439619,0.066
100,regime_transition,gbm,temperature,expanding,all,2,0.04349119192489648,0.5427375858038436,0.084
100,regime_transition,gbm,temperature,expanding,all,3,0.046389139775673424,0.5828702233753684,0.086
100,regime_transition,gbm,temperature,expanding,all,4,0.11027426115152675,0.6764023342639812,0.126
100,regime_transition,gbm,temperature,expanding,all,5,0.1314094232755139,0.6932550051127544,0.114
100,regime_transition,gbm,temperature,expanding,all,6,0.08147341863309074,0.6762092710458019,0.1
100,regime_transition,gbm,temperature,expanding,all,7,0.0923742737088732,0.665421735845149,0.082
100,regime_transition,gbm,temperature,expanding,all,8,0.07021981320763855,0.6687102893561673,0.104
100,regime_transition,gbm,temperature,decay,HL150,0,0.027370353905207142,0.5923947623010448,0.06
100,regime_transition,gbm,temperature,decay,HL150,1,0.04365003560703174,0.532761760875144,0.088
100,regime_transition,gbm,temperature,decay,HL150,2,0.054220799212999084,0.5428148234048016,0.118
100,regime_transition,gbm,temperature,decay,HL150,3,0.049462866044922484,0.5838564586095851,0.06
100,regime_transition,gbm,temperature,decay,HL150,4,0.04479748481868186,0.6557918114727277,0.044
100,regime_transition,gbm,temperature,decay,HL150,5,0.008853382327685516,0.6612304723676785,0.0
100,regime_transition,gbm,temperature,decay,HL150,6,0.034237269531439685,0.6548666253810197,0.002
100,regime_transition,gbm,temperature,decay,HL150,7,0.02032861949677507,0.6516033782420814,0.0
100,regime_transition,gbm,temperature,decay,HL150,8,0.03471965683678832,0.6511976738369665,0.01
100,regime_transition,gbm,beta,static,,0,0.05122269770249888,0.6239551177650139,0.094
100,regime_transition,gbm,beta,static,,1,0.027817313835003132,0.5484249651444975,0.076
100,regime_transition,gbm,beta,static,,2,0.05332174476985253,0.5608486438440493,0.09
100,regime_transition,gbm,beta,static,,3,0.0600968530670006,0.6065837281970798,0.098
100,regime_transition,gbm,beta,static,,4,0.12933840571533448,0.7112806708458121,0.14
100,regime_transition,gbm,beta,static,,5,0.17048018513981755,0.7390585382896057,0.148
100,regime_transition,gbm,beta,static,,6,0.12702296916819458,0.7317868626354,0.15
100,regime_transition,gbm,beta,static,,7,0.14923419294360846,0.7190023392918249,0.14
100,regime_transition,gbm,beta,static,,8,0.13337219618590235,0.7229471160721294,0.166
100,regime_transition,gbm,beta,window,W300,0,0.021224639942613782,0.6255119859388363,0.056
100,regime_transition,gbm,beta,window,W300,1,0.04052126527465167,0.5484387985117294,0.098
100,regime_transition,gbm,beta,window,W300,2,0.047334886832905515,0.5649157959526298,0.132
100,regime_transition,gbm,beta,window,W300,3,0.04814611055015487,0.6070634169444726,0.08
100,regime_transition,gbm,beta,window,W300,4,0.08023268323798285,0.702543726128559,0.074
100,regime_transition,gbm,beta,window,W300,5,0.06446423701366905,0.7123526490656404,0.0
100,regime_transition,gbm,beta,window,W300,6,0.04079410646408875,0.7226448881657208,0.018
100,regime_transition,gbm,beta,window,W300,7,0.07827218988700907,0.7163968319778092,0.0
100,regime_transition,gbm,beta,window,W300,8,0.03904691778334735,0.690409999169158,0.024
100,regime_transition,gbm,beta,expanding,all,0,0.033554489046625134,0.6239021499287865,0.088
100,regime_transition,gbm,beta,expanding,all,1,0.04963265960400344,0.5494989195421192,0.068
100,regime_transition,gbm,beta,expanding,all,2,0.052687996830545814,0.5622498117315129,0.084
100,regime_transition,gbm,beta,expanding,all,3,0.06183133654199058,0.6066277100509545,0.092
100,regime_transition,gbm,beta,expanding,all,4,0.11653637354926101,0.7078326441989963,0.132
100,regime_transition,gbm,beta,expanding,all,5,0.14849789238113506,0.7314091764473215,0.128
100,regime_transition,gbm,beta,expanding,all,6,0.10344575473924902,0.7241568938796038,0.108
100,regime_transition,gbm,beta,expanding,all,7,0.11463716315990774,0.7115023968985067,0.096
100,regime_transition,gbm,beta,expanding,all,8,0.09332382761067337,0.7046888048062804,0.116
100,regime_transition,gbm,beta,decay,HL150,0,0.021541496423504652,0.6253581753129965,0.062
100,regime_transition,gbm,beta,decay,HL150,1,0.04068930105205075,0.5502204263424453,0.084
100,regime_transition,gbm,beta,decay,HL150,2,0.03690157724256491,0.5626352725671306,0.12
100,regime_transition,gbm,beta,decay,HL150,3,0.05527071990162672,0.6080941865367394,0.092
100,regime_transition,gbm,beta,decay,HL150,4,0.08157439053162922,0.7001274996709154,0.078
100,regime_transition,gbm,beta,decay,HL150,5,0.06842156618788273,0.7133735458183403,0.0
100,regime_transition,gbm,beta,decay,HL150,6,0.03398041815193011,0.7214872020622785,0.008
100,regime_transition,gbm,beta,decay,HL150,7,0.0725420719998901,0.7160508281402204,0.0
100,regime_transition,gbm,beta,decay,HL150,8,0.03519325112431602,0.6908863249793972,0.016
100,regime_transition,gbm,isotonic,static,,0,0.05176845411229499,0.625481223264994,0.134
100,regime_transition,gbm,isotonic,static,,1,0.058526995770011955,0.5491150337496202,0.11
100,regime_transition,gbm,isotonic,static,,2,0.04953540972137693,0.5600682950207578,0.12
100,regime_transition,gbm,isotonic,static,,3,0.048940985870423594,0.6038652872409538,0.12
100,regime_transition,gbm,isotonic,static,,4,0.134558821713189,0.7140367373851956,0.192
100,regime_transition,gbm,isotonic,static,,5,0.1728188637223797,0.7418966886577869,0.184
100,regime_transition,gbm,isotonic,static,,6,0.13830531012643105,0.7305878480040807,0.18
100,regime_transition,gbm,isotonic,static,,7,0.15387961062873676,0.7195701038828772,0.176
100,regime_transition,gbm,isotonic,static,,8,0.13778634483207708,0.7229162444602594,0.21
100,regime_transition,gbm,isotonic,window,W300,0,0.0369096477161274,0.6293640184434235,0.056
100,regime_transition,gbm,isotonic,window,W300,1,0.05043901987771039,0.550533834669635,0.096
100,regime_transition,gbm,isotonic,window,W300,2,0.05795711023613999,0.564020801183914,0.138
100,regime_transition,gbm,isotonic,window,W300,3,0.039883966589475156,0.6080646021442374,0.106
100,regime_transition,gbm,isotonic,window,W300,4,0.09375790396749563,0.7035643743700665,0.116
100,regime_transition,gbm,isotonic,window,W300,5,0.07274333246950322,0.716389754194113,0.018
100,regime_transition,gbm,isotonic,window,W300,6,0.049372559456902575,0.7231717547588081,0.024
100,regime_transition,gbm,isotonic,window,W300,7,0.08777815123535483,0.7169543724740148,0.01
100,regime_transition,gbm,isotonic,window,W300,8,0.04851742040382616,0.7003743084401238,0.038
100,regime_transition,gbm,isotonic,expanding,all,0,0.03316046225119753,0.6252623186133407,0.09
100,regime_transition,gbm,isotonic,expanding,all,1,0.05696949429291358,0.5483682388829845,0.074
100,regime_transition,gbm,isotonic,expanding,all,2,0.04274791850172218,0.5630431176277324,0.09
100,regime_transition,gbm,isotonic,expanding,all,3,0.07035269421975811,0.6081646111310794,0.094
100,regime_transition,gbm,isotonic,expanding,all,4,0.1185402950916262,0.7087863205977872,0.122
100,regime_transition,gbm,isotonic,expanding,all,5,0.1494167805030107,0.7303599619118821,0.112
100,regime_transition,gbm,isotonic,expanding,all,6,0.10590164070455461,0.7250327893251488,0.094
100,regime_transition,gbm,isotonic,expanding,all,7,0.11603467243716675,0.7138236654480732,0.09
100,regime_transition,gbm,isotonic,expanding,all,8,0.09807970942674749,0.7081938977849181,0.122
100,regime_transition,gbm,isotonic,decay,HL150,0,0.02407040408154509,0.6263435179418356,0.068
100,regime_transition,gbm,isotonic,decay,HL150,1,0.0406384943747696,0.552325526527484,0.076
100,regime_transition,gbm,isotonic,decay,HL150,2,0.04609282977765737,0.5628256834789785,0.094
100,regime_transition,gbm,isotonic,decay,HL150,3,0.03569998761482202,0.6099893798222934,0.118
100,regime_transition,gbm,isotonic,decay,HL150,4,0.0926316333100739,0.7034044649595059,0.122
100,regime_transition,gbm,isotonic,decay,HL150,5,0.07572731038575116,0.7175341365557726,0.008
100,regime_transition,gbm,isotonic,decay,HL150,6,0.04786878895923234,0.7197162093464872,0.01
100,regime_transition,gbm,isotonic,decay,HL150,7,0.08084716119313459,0.7147113431670292,0.002
100,regime_transition,gbm,isotonic,decay,HL150,8,0.047976466912287435,0.6985614488181073,0.018
100,feature_shift,lr,temperature,static,,0,0.034465224449206674,0.5408980755935532,0.114
100,feature_shift,lr,temperature,static,,1,0.03674822982198223,0.48564425149445395,0.092
100,feature_shift,lr,temperature,static,,2,0.02561079832647974,0.5036776960652198,0.116
100,feature_shift,lr,temperature,static,,3,0.13851237532458668,0.5920769472881457,0.208
100,feature_shift,lr,temperature,static,,4,0.15918556369929904,0.6365117721432009,0.268
100,feature_shift,lr,temperature,static,,5,0.12105851225327677,0.5740165340758643,0.21
100,feature_shift,lr,temperature,static,,6,0.12208913336540272,0.5970928113003103,0.222
100,feature_shift,lr,temperature,static,,7,0.12441721556738512,0.5874588830571524,0.216
100,feature_shift,lr,temperature,static,,8,0.10547593269031408,0.5098927583979902,0.172
100,feature_shift,lr,temperature,window,W300,0,0.03683639998007768,0.54200741915101,0.082
100,feature_shift,lr,temperature,window,W300,1,0.048885492917523726,0.4854444744757088,0.108
100,feature_shift,lr,temperature,window,W300,2,0.02476737847756727,0.5062810162104666,0.128
100,feature_shift,lr,temperature,window,W300,3,0.06425995401006465,0.5665455459204488,0.112
100,feature_shift,lr,temperature,window,W300,4,0.04618506732651812,0.5941163226517246,0.094
100,feature_shift,lr,temperature,window,W300,5,0.03178919405245613,0.550862173878075,0.078
100,feature_shift,lr,temperature,window,W300,6,0.06291843319973098,0.5708845267517259,0.132
100,feature_shift,lr,temperature,window,W300,7,0.030658142554315274,0.5638846702017303,0.088
100,feature_shift,lr,temperature,window,W300,8,0.058077860419721065,0.4951610883780394,0.09
100,feature_shift,lr,temperature,expanding,all,0,0.037912585199777325,0.5408386676058066,0.106
100,feature_shift,lr,temperature,expanding,all,1,0.034315841723649695,0.48603316067886626,0.09
100,feature_shift,lr,temperature,expanding,all,2,0.02526583800057733,0.5038368598275751,0.116
100,feature_shift,lr,temperature,expanding,all,3,0.12544310333565853,0.5861563601652704,0.196
100,feature_shift,lr,temperature,expanding,all,4,0.12336479978108743,0.6214278450655609,0.226
100,feature_shift,lr,temperature,expanding,all,5,0.07654145363788005,0.5586218116663085,0.162
100,feature_shift,lr,temperature,expanding,all,6,0.06638936380108763,0.5790123549129624,0.172
100,feature_shift,lr,temperature,expanding,all,7,0.07118850796180781,0.5683980879052326,0.168
100,feature_shift,lr,temperature,expanding,all,8,0.05252063338115784,0.49764775712638254,0.126
100,feature_shift,lr,temperature,decay,HL150,0,0.03420778165402446,0.5413159204866118,0.086
100,feature_shift,lr,temperature,decay,HL150,1,0.031926929043650756,0.4854306120941408,0.108
100,feature_shift,lr,temperature,decay,HL150,2,0.030566819047846767,0.5044733134414399,0.122
100,feature_shift,lr,temperature,decay,HL150,3,0.0583952836632313,0.5666548832578117,0.122
100,feature_shift,lr,temperature,decay,HL150,4,0.0421224922402289,0.593527573233798,0.096
100,feature_shift,lr,temperature,decay,HL150,5,0.033917448401250126,0.5515254120544032,0.072
100,feature_shift,lr,temperature,decay,HL150,6,0.05608666249762891,0.5685357362412573,0.124
100,feature_shift,lr,temperature,decay,HL150,7,0.029039534842986648,0.5632996399212918,0.082
100,feature_shift,lr,temperature,decay,HL150,8,0.059290854423779904,0.49588157483974266,0.086
100,feature_shift,lr,beta,static,,0,0.03649863743698329,0.5406287776541269,0.144
100,feature_shift,lr,beta,static,,1,0.051899901310227106,0.48789542834029453,0.108
100,feature_shift,lr,beta,static,,2,0.028982965347577036,0.5027608469190186,0.136
100,feature_shift,lr,beta,static,,3,0.1456486777386624,0.5934885824863139,0.248
100,feature_shift,lr,beta,static,,4,0.15087109764675538,0.6346477262357061,0.286
100,feature_shift,lr,beta,static,,5,0.12912311077136582,0.5770191197227302,0.234
100,feature_shift,lr,beta,static,,6,0.12299303954867373,0.594777080503462,0.238
100,feature_shift,lr,beta,static,,7,0.11936327850969206,0.587055985613706,0.236
100,feature_shift,lr,beta,static,,8,0.10963165243140374,0.5138692977478169,0.186
100,feature_shift,lr,beta,window,W300,0,0.028174279718688144,0.5429948322172622,0.086
100,feature_shift,lr,beta,window,W300,1,0.04023305315094948,0.4870440612353644,0.106
100,feature_shift,lr,beta,window,W300,2,0.03501781039548201,0.5045720280654211,0.128
100,feature_shift,lr,beta,window,W300,3,0.04934476216870837,0.5690582327947366,0.154
100,feature_shift,lr,beta,window,W300,4,0.045607560645610536,0.5979517869308144,0.082
100,feature_shift,lr,beta,window,W300,5,0.022126387965498744,0.5545983407781748,0.09
100,feature_shift,lr,beta,window,W300,6,0.05608695483300598,0.5760974779328472,0.108
100,feature_shift,lr,beta,window,W300,7,0.027834311964257084,0.5706696359108308,0.106
100,feature_shift,lr,beta,window,W300,8,0.05120528021752518,0.4938126205186099,0.076
100,feature_shift,lr,beta,expanding,all,0,0.0391222315894172,0.5409143002687657,0.122
100,feature_shift,lr,beta,expanding,all,1,0.04443138908009056,0.4862545325555749,0.102
100,feature_shift,lr,beta,expanding,all,2,0.02661485405863275,0.5032811793833951,0.124
100,feature_shift,lr,beta,expanding,all,3,0.13217130830260007,0.588686413193996,0.226
100,feature_shift,lr,beta,expanding,all,4,0.13011566671700245,0.6219813144016547,0.264
100,feature_shift,lr,beta,expanding,all,5,0.08750388061337086,0.5631628555354357,0.202
100,feature_shift,lr,beta,expanding,all,6,0.08383150193527138,0.5788166839497382,0.198
100,feature_shift,lr,beta,expanding,all,7,0.0739753162523373,0.5713447123132788,0.192
100,feature_shift,lr,beta,expanding,all,8,0.06363488466020249,0.5011576620561303,0.152
100,feature_shift,lr,beta,decay,HL150,0,0.016261359117263844,0.5426369790611305,0.096
100,feature_shift,lr,beta,decay,HL150,1,0.04461495217117729,0.4867563602306649,0.104
100,feature_shift,lr,beta,decay,HL150,2,0.0333920542256822,0.5034211527137219,0.13
100,feature_shift,lr,beta,decay,HL150,3,0.06717092518107695,0.5687229606491949,0.158
100,feature_shift,lr,beta,decay,HL150,4,0.06078811931431556,0.5978211462049047,0.09
100,feature_shift,lr,beta,decay,HL150,5,0.03222444155542948,0.5543041482767024,0.07
100,feature_shift,lr,beta,decay,HL150,6,0.06304667848143239,0.5744530565467051,0.108
100,feature_shift,lr,beta,decay,HL150,7,0.038764763862740366,0.5706878759182908,0.1
100,feature_shift,lr,beta,decay,HL150,8,0.05706339755211022,0.4946867514237754,0.076
100,feature_shift,lr,isotonic,static,,0,0.043201293262645594,0.542182584789404,0.15
100,feature_shift,lr,isotonic,static,,1,0.04399423133317789,0.486912022876329,0.116
100,feature_shift,lr,isotonic,static,,2,0.033637406485324116,0.5027840971473871,0.146
100,feature_shift,lr,isotonic,static,,3,0.15108687786335578,0.5953790592422449,0.26
100,feature_shift,lr,isotonic,static,,4,0.15159936113890896,0.6383694919509064,0.292
100,feature_shift,lr,isotonic,static,,5,0.13271448307288103,0.579403606019888,0.242
100,feature_shift,lr,isotonic,static,,6,0.12913224913190777,0.5989477585116997,0.248
100,feature_shift,lr,isotonic,static,,7,0.13131334388874297,0.5910074042482406,0.248
100,feature_shift,lr,isotonic,static,,8,0.11156134078700629,0.5107886131612153,0.194
100,feature_shift,lr,isotonic,window,W300,0,0.0330299736747583,0.5468879092700498,0.106
100,feature_shift,lr,isotonic,window,W300,1,0.05407966315307284,0.48904134259009796,0.134
100,feature_shift,lr,isotonic,window,W300,2,0.04632926483168248,0.5127583619012842,0.108
100,feature_shift,lr,isotonic,window,W300,3,0.06475872565367066,0.5730317599305922,0.182
100,feature_shift,lr,isotonic,window,W300,4,0.05654115075458577,0.6022672537898693,0.066
100,feature_shift,lr,isotonic,window,W300,5,0.030910548613130855,0.5560172940236949,0.102
100,feature_shift,lr,isotonic,window,W300,6,0.04738412343505152,0.5762610691891489,0.122
100,feature_shift,lr,isotonic,window,W300,7,0.04239634947478315,0.5733136444373264,0.15
100,feature_shift,lr,isotonic,window,W300,8,0.06665969722253903,0.490920027997751,0.09
100,feature_shift,lr,isotonic,expanding,all,0,0.04715281007997825,0.5408820812702834,0.114
100,feature_shift,lr,isotonic,expanding,all,1,0.03487602898512727,0.4863030921340993,0.09
100,feature_shift,lr,isotonic,expanding,all,2,0.033326567866659884,0.5071184506564002,0.118
100,feature_shift,lr,isotonic,expanding,all,3,0.1324605201791307,0.5899739166510263,0.208
100,feature_shift,lr,isotonic,expanding,all,4,0.12998104070064823,0.6256692807198856,0.266
100,feature_shift,lr,isotonic,expanding,all,5,0.09517731007760276,0.5644309151620511,0.204
100,feature_shift,lr,isotonic,expanding,all,6,0.08135389180931314,0.5790961495463117,0.206
100,feature_shift,lr,isotonic,expanding,all,7,0.07432437324235784,0.572867252577471,0.21
100,feature_shift,lr,isotonic,expanding,all,8,0.08057374898895542,0.5006375252855866,0.17
100,feature_shift,lr,isotonic,decay,HL150,0,0.030706656898632924,0.5451730893718165,0.11
100,feature_shift,lr,isotonic,decay,HL150,1,0.04149769512244492,0.48926464914249784,0.112
100,feature_shift,lr,isotonic,decay,HL150,2,0.05714095604628926,0.511318881235385,0.114
100,feature_shift,lr,isotonic,decay,HL150,3,0.07037470416726885,0.5718592970584109,0.206
100,feature_shift,lr,isotonic,decay,HL150,4,0.05279607466952504,0.59972956224324,0.078
100,feature_shift,lr,isotonic,decay,HL150,5,0.03064319130610628,0.555578253105723,0.088
100,feature_shift,lr,isotonic,decay,HL150,6,0.051679112649226276,0.5751682547312531,0.126
100,feature_shift,lr,isotonic,decay,HL150,7,0.044601436975919735,0.5770354418626753,0.142
100,feature_shift,lr,isotonic,decay,HL150,8,0.06572599830374996,0.4908765379843356,0.09
100,feature_shift,gbm,temperature,static,,0,0.043362311005507276,0.5948664365817702,0.096
100,feature_shift,gbm,temperature,static,,1,0.05408011752542608,0.5325788881736223,0.068
100,feature_shift,gbm,temperature,static,,2,0.04771080167360498,0.5422364888973915,0.092
100,feature_shift,gbm,temperature,static,,3,0.09167285503911474,0.6293630918286258,0.164
100,feature_shift,gbm,temperature,static,,4,0.06521265656073263,0.60315304732596,0.164
100,feature_shift,gbm,temperature,static,,5,0.051685501112301066,0.5811699428868803,0.116
100,feature_shift,gbm,temperature,static,,6,0.09315862464014157,0.6493349240282154,0.188
100,feature_shift,gbm,temperature,static,,7,0.09576494656858582,0.616106617464316,0.148
100,feature_shift,gbm,temperature,static,,8,0.03713497580959162,0.5676336369201097,0.106
100,feature_shift,gbm,temperature,window,W300,0,0.02159343284772715,0.5926615139789554,0.05
100,feature_shift,gbm,temperature,window,W300,1,0.04290321878360716,0.5324131777145638,0.092
100,feature_shift,gbm,temperature,window,W300,2,0.03971350633359988,0.5435152613046276,0.126
100,feature_shift,gbm,temperature,window,W300,3,0.06362301947538346,0.6146740438167694,0.074
100,feature_shift,gbm,temperature,window,W300,4,0.04406421480614906,0.5975379419627953,0.046
100,feature_shift,gbm,temperature,window,W300,5,0.030302139310636966,0.5817858430340225,0.038
100,feature_shift,gbm,temperature,window,W300,6,0.05306999332497371,0.6323870541164455,0.07
100,feature_shift,gbm,temperature,window,W300,7,0.028631245924776123,0.6067267909705469,0.036
100,feature_shift,gbm,temperature,window,W300,8,0.044200758588789114,0.567435179738143,0.04
100,feature_shift,gbm,temperature,expanding,all,0,0.02951842615651626,0.5936683069797556,0.078
100,feature_shift,gbm,temperature,expanding,all,1,0.04814731225659797,0.5336460488439619,0.066
100,feature_shift,gbm,temperature,expanding,all,2,0.04349119192489648,0.5427375858038436,0.084
100,feature_shift,gbm,temperature,expanding,all,3,0.07920907855557517,0.6258981437712091,0.152
100,feature_shift,gbm,temperature,expanding,all,4,0.04188596990978865,0.5992859156657924,0.136
100,feature_shift,gbm,temperature,expanding,all,5,0.027125185895394446,0.5792161462516565,0.088
100,feature_shift,gbm,temperature,expanding,all,6,0.0644345992941693,0.6393322592668967,0.146
100,feature_shift,gbm,temperature,expanding,all,7,0.05184658792207719,0.6075392735861983,0.108
100,feature_shift,gbm,temperature,expanding,all,8,0.026999278594552256,0.5667263913210763,0.072
100,feature_shift,gbm,temperature,decay,HL150,0,0.027370353905207142,0.5923947623010448,0.06
100,feature_shift,gbm,temperature,decay,HL150,1,0.04365003560703174,0.532761760875144,0.088
100,feature_shift,gbm,temperature,decay,HL150,2,0.054220799212999084,0.5428148234048016,0.118
100,feature_shift,gbm,temperature,decay,HL150,3,0.05569959778466951,0.6168947967670408,0.072
100,feature_shift,gbm,temperature,decay,HL150,4,0.047620413344609834,0.597100598772225,0.044
100,feature_shift,gbm,temperature,decay,HL150,5,0.03078044701420321,0.5816550009611747,0.032
100,feature_shift,gbm,temperature,decay,HL150,6,0.06818204771602553,0.630677173810984,0.066
100,feature_shift,gbm,temperature,decay,HL150,7,0.029501099610305705,0.6067094727629067,0.034
100,feature_shift,gbm,temperature,decay,HL150,8,0.04518396046138015,0.5684417716618827,0.038
100,feature_shift,gbm,beta,static,,0,0.05122269770249888,0.6239551177650139,0.094
100,feature_shift,gbm,beta,static,,1,0.027817313835003132,0.5484249651444975,0.076
100,feature_shift,gbm,beta,static,,2,0.05332174476985253,0.5608486438440493,0.09
100,feature_shift,gbm,beta,static,,3,0.09949683775175988,0.6620885962253985,0.142
100,feature_shift,gbm,beta,static,,4,0.07363700293254355,0.6211172073006924,0.16
100,feature_shift,gbm,beta,static,,5,0.053095738635197245,0.6110272735131055,0.11
100,feature_shift,gbm,beta,static,,6,0.10630499237559309,0.682958108516706,0.17
100,feature_shift,gbm,beta,static,,7,0.10371488495980109,0.6346370624797869,0.148
100,feature_shift,gbm,beta,static,,8,0.042398936962334766,0.5927432474654706,0.112
100,feature_shift,gbm,beta,window,W300,0,0.021224639942613782,0.6255119859388363,0.056
100,feature_shift,gbm,beta,window,W300,1,0.04052126527465167,0.5484387985117294,0.098
100,feature_shift,gbm,beta,window,W300,2,0.047334886832905515,0.5649157959526298,0.132
100,feature_shift,gbm,beta,window,W300,3,0.08073728602425553,0.6580636440175293,0.098
100,feature_shift,gbm,beta,window,W300,4,0.030480420635715263,0.6260366893063299,0.056
100,feature_shift,gbm,beta,window,W300,5,0.03595075340259678,0.6187483319600848,0.068
100,feature_shift,gbm,beta,window,W300,6,0.06816896539730458,0.6799948425227981,0.1
100,feature_shift,gbm,beta,window,W300,7,0.05365208050472723,0.6354872580353795,0.036
100,feature_shift,gbm,beta,window,W300,8,0.03186586174839053,0.6001033310162676,0.052
100,feature_shift,gbm,beta,expanding,all,0,0.033554489046625134,0.6239021499287865,0.088
100,feature_shift,gbm,beta,expanding,all,1,0.04963265960400344,0.5494989195421192,0.068
100,feature_shift,gbm,beta,expanding,all,2,0.052687996830545814,0.5622498117315129,0.084
100,feature_shift,gbm,beta,expanding,all,3,0.09199293741523865,0.6614566665793802,0.132
100,feature_shift,gbm,beta,expanding,all,4,0.06152876348331633,0.6201955770783977,0.142
100,feature_shift,gbm,beta,expanding,all,5,0.04458485210042203,0.6121775675204413,0.086
100,feature_shift,gbm,beta,expanding,all,6,0.08203082614262663,0.6790839031245848,0.148
100,feature_shift,gbm,beta,expanding,all,7,0.0741914756087244,0.6302904661119048,0.112
100,feature_shift,gbm,beta,expanding,all,8,0.029223895390658075,0.5961817689231711,0.07
100,feature_shift,gbm,beta,decay,HL150,0,0.021541496423504652,0.6253581753129965,0.062
100,feature_shift,gbm,beta,decay,HL150,1,0.04068930105205075,0.5502204263424453,0.084
100,feature_shift,gbm,beta,decay,HL150,2,0.03690157724256491,0.5626352725671306,0.12
100,feature_shift,gbm,beta,decay,HL150,3,0.09249002975409225,0.6580227744437881,0.098
100,feature_shift,gbm,beta,decay,HL150,4,0.03194049350932679,0.624789101829766,0.054
100,feature_shift,gbm,beta,decay,HL150,5,0.03454662342965394,0.6202080652808303,0.056
100,feature_shift,gbm,beta,decay,HL150,6,0.0587386143958815,0.6782643238217986,0.098
100,feature_shift,gbm,beta,decay,HL150,7,0.055826806990391734,0.6339576044790959,0.038
100,feature_shift,gbm,beta,decay,HL150,8,0.04096256849921208,0.600699433508217,0.052
100,feature_shift,gbm,isotonic,static,,0,0.05176845411229499,0.625481223264994,0.134
100,feature_shift,gbm,isotonic,static,,1,0.058526995770011955,0.5491150337496202,0.11
100,feature_shift,gbm,isotonic,static,,2,0.04953540972137693,0.5600682950207578,0.12
100,feature_shift,gbm,isotonic,static,,3,0.10080078649559403,0.6636259214861978,0.18
100,feature_shift,gbm,isotonic,static,,4,0.07810469163415515,0.622356535568518,0.194
100,feature_shift,gbm,isotonic,static,,5,0.058915972970572814,0.6107336382643015,0.154
100,feature_shift,gbm,isotonic,static,,6,0.10747184676013614,0.6838798208708168,0.218
100,feature_shift,gbm,isotonic,static,,7,0.11009084533371175,0.6385703137096559,0.202
100,feature_shift,gbm,isotonic,static,,8,0.053042401326930375,0.5932493090380115,0.156
100,feature_shift,gbm,isotonic,window,W300,0,0.0369096477161274,0.6293640184434235,0.056
100,feature_shift,gbm,isotonic,window,W300,1,0.05043901987771039,0.550533834669635,0.096
100,feature_shift,gbm,isotonic,window,W300,2,0.05795711023613999,0.564020801183914,0.138
100,feature_shift,gbm,isotonic,window,W300,3,0.0780113650152636,0.6630119254906935,0.17
100,feature_shift,gbm,isotonic,window,W300,4,0.019791818260530197,0.6226407471894083,0.066
100,feature_shift,gbm,isotonic,window,W300,5,0.030914737153760096,0.6194232982237305,0.07
100,feature_shift,gbm,isotonic,window,W300,6,0.06757602439719222,0.6837833544635171,0.056
100,feature_shift,gbm,isotonic,window,W300,7,0.05053905426930227,0.6368834119244677,0.052
100,feature_shift,gbm,isotonic,window,W300,8,0.033657905420265664,0.5966363121815692,0.038
100,feature_shift,gbm,isotonic,expanding,all,0,0.03316046225119753,0.6252623186133407,0.09
100,feature_shift,gbm,isotonic,expanding,all,1,0.05696949429291358,0.5483682388829845,0.074
100,feature_shift,gbm,isotonic,expanding,all,2,0.04274791850172218,0.5630431176277324,0.09
100,feature_shift,gbm,isotonic,expanding,all,3,0.09947619373634756,0.6640284781719917,0.138
100,feature_shift,gbm,isotonic,expanding,all,4,0.06587649656074872,0.6219232293214202,0.156
100,feature_shift,gbm,isotonic,expanding,all,5,0.04573455876738417,0.6128186209587514,0.11
100,feature_shift,gbm,isotonic,expanding,all,6,0.08205954159377325,0.6800710856242383,0.138
100,feature_shift,gbm,isotonic,expanding,all,7,0.08035440471126705,0.630466528281745,0.122
100,feature_shift,gbm,isotonic,expanding,all,8,0.02978696381614206,0.5972220403444792,0.066
100,feature_shift,gbm,isotonic,decay,HL150,0,0.02407040408154509,0.6263435179418356,0.068
100,feature_shift,gbm,isotonic,decay,HL150,1,0.0406384943747696,0.552325526527484,0.076
100,feature_shift,gbm,isotonic,decay,HL150,2,0.04609282977765737,0.5628256834789785,0.094
100,feature_shift,gbm,isotonic,decay,HL150,3,0.0889434612581663,0.6663006552532886,0.14
100,feature_shift,gbm,isotonic,decay,HL150,4,0.03741951774254139,0.6240587566994179,0.056
100,feature_shift,gbm,isotonic,decay,HL150,5,0.02387531154003457,0.6208216316584971,0.064
100,feature_shift,gbm,isotonic,decay,HL150,6,0.06243226162536238,0.6811355654863234,0.07
100,feature_shift,gbm,isotonic,decay,HL150,7,0.06434768056649355,0.6359956266580044,0.042
100,feature_shift,gbm,isotonic,decay,HL150,8,0.014824805660832208,0.6002367929289307,0.044
100,missing_features,lr,temperature,static,,0,0.034465224449206674,0.5408980755935532,0.114
100,missing_features,lr,temperature,static,,1,0.03674822982198223,0.48564425149445395,0.092
100,missing_features,lr,temperature,static,,2,0.02561079832647974,0.5036776960652198,0.116
100,missing_features,lr,temperature,static,,3,0.03065432694687212,0.562600044417844,0.094
100,missing_features,lr,temperature,static,,4,0.041337627395293196,0.5898691682338889,0.11
100,missing_features,lr,temperature,static,,5,0.05458184918993672,0.5713704638262479,0.104
100,missing_features,lr,temperature,static,,6,0.03716640590820361,0.5721265495012957,0.106
100,missing_features,lr,temperature,static,,7,0.043134771798504314,0.5586986372836702,0.084
100,missing_features,lr,temperature,static,,8,0.02716796754987737,0.5211195310716086,0.08
100,missing_features,lr,temperature,window,W300,0,0.03683639998007768,0.54200741915101,0.082
100,missing_features,lr,temperature,window,W300,1,0.048885492917523726,0.4854444744757088,0.108
100,missing_features,lr,temperature,window,W300,2,0.02476737847756727,0.5062810162104666,0.128
100,missing_features,lr,temperature,window,W300,3,0.054527383158829185,0.5629122476410637,0.056
100,missing_features,lr,temperature,window,W300,4,0.04374200330936592,0.5897559391529905,0.082
100,missing_features,lr,temperature,window,W300,5,0.02917046941628916,0.5703128792943806,0.078
100,missing_features,lr,temperature,window,W300,6,0.03746302855833313,0.5731158198677722,0.096
100,missing_features,lr,temperature,window,W300,7,0.049269891701214326,0.5608586183954172,0.06
100,missing_features,lr,temperature,window,W300,8,0.027147633788286947,0.5206485847875806,0.074
100,missing_features,lr,temperature,expanding,all,0,0.037912585199777325,0.5408386676058066,0.106
100,missing_features,lr,temperature,expanding,all,1,0.034315841723649695,0.48603316067886626,0.09
100,missing_features,lr,temperature,expanding,all,2,0.02526583800057733,0.5038368598275751,0.116
100,missing_features,lr,temperature,expanding,all,3,0.033834347793479186,0.5623111831018758,0.09
100,missing_features,lr,temperature,expanding,all,4,0.04088520173285547,0.5891958854282946,0.104
100,missing_features,lr,temperature,expanding,all,5,0.04237233515480337,0.5707449504001401,0.094
100,missing_features,lr,temperature,expanding,all,6,0.03550769506896995,0.5715045150608167,0.094
100,missing_features,lr,temperature,expanding,all,7,0.03615526233972287,0.5582656114199627,0.078
100,missing_features,lr,temperature,expanding,all,8,0.03727578279330941,0.5221134204961133,0.066
100,missing_features,lr,temperature,decay,HL150,0,0.03420778165402446,0.5413159204866118,0.086
100,missing_features,lr,temperature,decay,HL150,1,0.031926929043650756,0.4854306120941408,0.108
100,missing_features,lr,temperature,decay,HL150,2,0.030566819047846767,0.5044733134414399,0.122
100,missing_features,lr,temperature,decay,HL150,3,0.04217720299741633,0.5619224495412755,0.06
100,missing_features,lr,temperature,decay,HL150,4,0.04118151306886072,0.5900185852166941,0.076
100,missing_features,lr,temperature,decay,HL150,5,0.03452950845451799,0.5709234964501176,0.08
100,missing_features,lr,temperature,decay,HL150,6,0.03844663780431153,0.5721372796164972,0.09
100,missing_features,lr,temperature,decay,HL150,7,0.05676733012226991,0.5592206611277218,0.058
100,missing_features,lr,temperature,decay,HL150,8,0.03417880937041173,0.5212982346482083,0.068
100,missing_features,lr,beta,static,,0,0.03649863743698329,0.5406287776541269,0.144
100,missing_features,lr,beta,static,,1,0.051899901310227106,0.48789542834029453,0.108
100,missing_features,lr,beta,static,,2,0.028982965347577036,0.5027608469190186,0.136
100,missing_features,lr,beta,static,,3,0.053629327893308966,0.5648393254312367,0.11
100,missing_features,lr,beta,static,,4,0.041362501353434576,0.5896816158667846,0.132
100,missing_features,lr,beta,static,,5,0.05727695753305071,0.5745679796722738,0.114
100,missing_features,lr,beta,static,,6,0.04005779448465116,0.5725223466054455,0.124
100,missing_features,lr,beta,static,,7,0.05785088111629792,0.5621074494054037,0.112
100,missing_features,lr,beta,static,,8,0.028207285125133083,0.5209462553637199,0.094
100,missing_features,lr,beta,window,W300,0,0.028174279718688144,0.5429948322172622,0.086
100,missing_features,lr,beta,window,W300,1,0.04023305315094948,0.4870440612353644,0.106
100,missing_features,lr,beta,window,W300,2,0.03501781039548201,0.5045720280654211,0.128
100,missing_features,lr,beta,window,W300,3,0.031249547335618355,0.5661723152822496,0.092
100,missing_features,lr,beta,window,W300,4,0.02396775557915844,0.5921481701150745,0.104
100,missing_features,lr,beta,window,W300,5,0.01711247593677004,0.5732670724825976,0.082
100,missing_features,lr,beta,window,W300,6,0.023826554794788943,0.5708150905072423,0.088
100,missing_features,lr,beta,window,W300,7,0.03620598653238296,0.5657559395244505,0.064
100,missing_features,lr,beta,window,W300,8,0.04131577482730621,0.5201262859040938,0.064
100,missing_features,lr,beta,expanding,all,0,0.0391222315894172,0.5409143002687657,0.122
100,missing_features,lr,beta,expanding,all,1,0.04443138908009056,0.4862545325555749,0.102
100,missing_features,lr,beta,expanding,all,2,0.02661485405863275,0.5032811793833951,0.124
100,missing_features,lr,beta,expanding,all,3,0.03440291136338814,0.5631408442671006,0.108
100,missing_features,lr,beta,expanding,all,4,0.041781129684522585,0.5894468291742628,0.112
100,missing_features,lr,beta,expanding,all,5,0.050384473525888554,0.571488417618786,0.104
100,missing_features,lr,beta,expanding,all,6,0.03921946165753993,0.5721031412233035,0.112
100,missing_features,lr,beta,expanding,all,7,0.038860772915643015,0.5588605993591602,0.086
100,missing_features,lr,beta,expanding,all,8,0.03723723122371655,0.5216519306038696,0.078
100,missing_features,lr,beta,decay,HL150,0,0.016261359117263844,0.5426369790611305,0.096
100,missing_features,lr,beta,decay,HL150,1,0.04461495217117729,0.4867563602306649,0.104
100,missing_features,lr,beta,decay,HL150,2,0.0333920542256822,0.5034211527137219,0.13
100,missing_features,lr,beta,decay,HL150,3,0.035940919992011246,0.5647035686296308,0.088
100,missing_features,lr,beta,decay,HL150,4,0.04666659817017784,0.5920412476783,0.11
100,missing_features,lr,beta,decay,HL150,5,0.013559400617856987,0.5726040032359273,0.084
100,missing_features,lr,beta,decay,HL150,6,0.036147995115296434,0.5716624295570971,0.086
100,missing_features,lr,beta,decay,HL150,7,0.02590004548714665,0.562741458764191,0.066
100,missing_features,lr,beta,decay,HL150,8,0.04763804229724766,0.5208815810071097,0.066
100,missing_features,lr,isotonic,static,,0,0.043201293262645594,0.542182584789404,0.15
100,missing_features,lr,isotonic,static,,1,0.04399423133317789,0.486912022876329,0.116
100,missing_features,lr,isotonic,static,,2,0.033637406485324116,0.5027840971473871,0.146
100,missing_features,lr,isotonic,static,,3,0.05787820501066793,0.567165930403985,0.124
100,missing_features,lr,isotonic,static,,4,0.049995489107954955,0.5884808568603025,0.142
100,missing_features,lr,isotonic,static,,5,0.0629655658420535,0.5744207133822559,0.128
100,missing_features,lr,isotonic,static,,6,0.044374302020204544,0.5714141543207599,0.13
100,missing_features,lr,isotonic,static,,7,0.05496443943523074,0.5641860795357189,0.128
100,missing_features,lr,isotonic,static,,8,0.017314651559823792,0.5207342910035133,0.1
100,missing_features,lr,isotonic,window,W300,0,0.0330299736747583,0.5468879092700498,0.106
100,missing_features,lr,isotonic,window,W300,1,0.05407966315307284,0.48904134259009796,0.134
100,missing_features,lr,isotonic,window,W300,2,0.04632926483168248,0.5127583619012842,0.108
100,missing_features,lr,isotonic,window,W300,3,0.02450498945418141,0.568734941194428,0.1
100,missing_features,lr,isotonic,window,W300,4,0.05721986806974742,0.597979914285691,0.146
100,missing_features,lr,isotonic,window,W300,5,0.020918954508175297,0.574599991044312,0.088
100,missing_features,lr,isotonic,window,W300,6,0.03822620001788885,0.5737874468475368,0.098
100,missing_features,lr,isotonic,window,W300,7,0.04304787998853986,0.5667623936615559,0.082
100,missing_features,lr,isotonic,window,W300,8,0.05224088828975948,0.5233926434757731,0.066
100,missing_features,lr,isotonic,expanding,all,0,0.04715281007997825,0.5408820812702834,0.114
100,missing_features,lr,isotonic,expanding,all,1,0.03487602898512727,0.4863030921340993,0.09
100,missing_features,lr,isotonic,expanding,all,2,0.033326567866659884,0.5071184506564002,0.118
100,missing_features,lr,isotonic,expanding,all,3,0.03829145046515399,0.5637108480338706,0.094
100,missing_features,lr,isotonic,expanding,all,4,0.04277085829433769,0.5918074152764632,0.11
100,missing_features,lr,isotonic,expanding,all,5,0.04686939819813999,0.5714523933490286,0.102
100,missing_features,lr,isotonic,expanding,all,6,0.038952649317872096,0.5732314469429823,0.106
100,missing_features,lr,isotonic,expanding,all,7,0.035412508053803256,0.5596341186519488,0.084
100,missing_features,lr,isotonic,expanding,all,8,0.026916429842321305,0.5217265970045415,0.076
100,missing_features,lr,isotonic,decay,HL150,0,0.030706656898632924,0.5451730893718165,0.11
100,missing_features,lr,isotonic,decay,HL150,1,0.04149769512244492,0.48926464914249784,0.112
100,missing_features,lr,isotonic,decay,HL150,2,0.05714095604628926,0.511318881235385,0.114
100,missing_features,lr,isotonic,decay,HL150,3,0.021055741764968407,0.5666557807606705,0.104
100,missing_features,lr,isotonic,decay,HL150,4,0.06109396963652616,0.5976123676549631,0.126
100,missing_features,lr,isotonic,decay,HL150,5,0.01513768052182707,0.5731561087272817,0.086
100,missing_features,lr,isotonic,decay,HL150,6,0.03857465952505081,0.5729182897690632,0.106
100,missing_features,lr,isotonic,decay,HL150,7,0.05657015821020406,0.5657813984495477,0.08
100,missing_features,lr,isotonic,decay,HL150,8,0.05962663325853351,0.5246269924980245,0.066
100,missing_features,gbm,temperature,static,,0,0.043362311005507276,0.5948664365817702,0.096
100,missing_features,gbm,temperature,static,,1,0.05408011752542608,0.5325788881736223,0.068
100,missing_features,gbm,temperature,static,,2,0.04771080167360498,0.5422364888973915,0.092
100,missing_features,gbm,temperature,static,,3,0.07224721526207141,0.6077082564246289,0.078
100,missing_features,gbm,temperature,static,,4,0.06215495610104095,0.6217635902722103,0.086
100,missing_features,gbm,temperature,static,,5,0.030616041364231357,0.6078336805980427,0.088
100,missing_features,gbm,temperature,static,,6,0.061743205480945834,0.6203931410198255,0.096
100,missing_features,gbm,temperature,static,,7,0.038560989874270604,0.6023187062459485,0.082
100,missing_features,gbm,temperature,static,,8,0.043929723332396156,0.5698052051035464,0.068
100,missing_features,gbm,temperature,window,W300,0,0.02159343284772715,0.5926615139789554,0.05
100,missing_features,gbm,temperature,window,W300,1,0.04290321878360716,0.5324131777145638,0.092
100,missing_features,gbm,temperature,window,W300,2,0.03971350633359988,0.5435152613046276,0.126
100,missing_features,gbm,temperature,window,W300,3,0.04906299729240056,0.6062149815542016,0.04
100,missing_features,gbm,temperature,window,W300,4,0.03551692989509645,0.6174684626792847,0.044
100,missing_features,gbm,temperature,window,W300,5,0.04286990164951401,0.6064102314285961,0.04
100,missing_features,gbm,temperature,window,W300,6,0.04109871685754523,0.6161838785832219,0.056
100,missing_features,gbm,temperature,window,W300,7,0.05452635275804862,0.6026128873369228,0.036
100,missing_features,gbm,temperature,window,W300,8,0.05674440615283264,0.5689534913573149,0.048
100,missing_features,gbm,temperature,expanding,all,0,0.02951842615651626,0.5936683069797556,0.078
100,missing_features,gbm,temperature,expanding,all,1,0.04814731225659797,0.5336460488439619,0.066
100,missing_features,gbm,temperature,expanding,all,2,0.04349119192489648,0.5427375858038436,0.084
100,missing_features,gbm,temperature,expanding,all,3,0.0724952314565269,0.6067292252121521,0.064
100,missing_features,gbm,temperature,expanding,all,4,0.05981362599531978,0.6201384002056416,0.074
100,missing_features,gbm,temperature,expanding,all,5,0.0229711081197062,0.6065159655517436,0.08
100,missing_features,gbm,temperature,expanding,all,6,0.04827845225989927,0.617844846255857,0.078
100,missing_features,gbm,temperature,expanding,all,7,0.03183039183095047,0.6009204614883025,0.066
100,missing_features,gbm,temperature,expanding,all,8,0.048528828104140886,0.5703291373886964,0.048
100,missing_features,gbm,temperature,decay,HL150,0,0.027370353905207142,0.5923947623010448,0.06
100,missing_features,gbm,temperature,decay,HL150,1,0.04365003560703174,0.532761760875144,0.088
100,missing_features,gbm,temperature,decay,HL150,2,0.054220799212999084,0.5428148234048016,0.118
100,missing_features,gbm,temperature,decay,HL150,3,0.053753186266081644,0.6052008053853528,0.044
100,missing_features,gbm,temperature,decay,HL150,4,0.032618850865696825,0.6175246109137771,0.044
100,missing_features,gbm,temperature,decay,HL150,5,0.037356102163786827,0.6066417697811773,0.044
100,missing_features,gbm,temperature,decay,HL150,6,0.0369313675821769,0.6157126499276798,0.05
100,missing_features,gbm,temperature,decay,HL150,7,0.03616695852418032,0.6021576517110846,0.03
100,missing_features,gbm,temperature,decay,HL150,8,0.06365192284034493,0.5700467502713752,0.04
100,missing_features,gbm,beta,static,,0,0.05122269770249888,0.6239551177650139,0.094
100,missing_features,gbm,beta,static,,1,0.027817313835003132,0.5484249651444975,0.076
100,missing_features,gbm,beta,static,,2,0.05332174476985253,0.5608486438440493,0.09
100,missing_features,gbm,beta,static,,3,0.08723810126851754,0.6237047406506643,0.088
100,missing_features,gbm,beta,static,,4,0.07950398978676679,0.6464333319844842,0.094
100,missing_features,gbm,beta,static,,5,0.052695093034835126,0.6294552727718117,0.092
100,missing_features,gbm,beta,static,,6,0.07632396001389201,0.6413281288014929,0.112
100,missing_features,gbm,beta,static,,7,0.04525055192797208,0.627273098332119,0.08
100,missing_features,gbm,beta,static,,8,0.032059007378152385,0.5827187140931698,0.066
100,missing_features,gbm,beta,window,W300,0,0.021224639942613782,0.6255119859388363,0.056
100,missing_features,gbm,beta,window,W300,1,0.04052126527465167,0.5484387985117294,0.098
100,missing_features,gbm,beta,window,W300,2,0.047334886832905515,0.5649157959526298,0.132
100,missing_features,gbm,beta,window,W300,3,0.042890679578107674,0.6241690452993945,0.054
100,missing_features,gbm,beta,window,W300,4,0.05694784403023088,0.6451591018028866,0.064
100,missing_features,gbm,beta,window,W300,5,0.03253547996980602,0.6325724139009534,0.044
100,missing_features,gbm,beta,window,W300,6,0.06011600859007711,0.6400530913409253,0.066
100,missing_features,gbm,beta,window,W300,7,0.023515419094504796,0.6321206215561848,0.034
100,missing_features,gbm,beta,window,W300,8,0.01805991853307333,0.587064879138565,0.044
100,missing_features,gbm,beta,expanding,all,0,0.033554489046625134,0.6239021499287865,0.088
100,missing_features,gbm,beta,expanding,all,1,0.04963265960400344,0.5494989195421192,0.068
100,missing_features,gbm,beta,expanding,all,2,0.052687996830545814,0.5622498117315129,0.084
100,missing_features,gbm,beta,expanding,all,3,0.07854496375581571,0.6220537105474707,0.076
100,missing_features,gbm,beta,expanding,all,4,0.06688402216239549,0.6452461481884989,0.08
100,missing_features,gbm,beta,expanding,all,5,0.02902787476773938,0.6297868859119693,0.084
100,missing_features,gbm,beta,expanding,all,6,0.06529860949711389,0.6394736995807703,0.098
100,missing_features,gbm,beta,expanding,all,7,0.02915440918449769,0.6268881529719292,0.064
100,missing_features,gbm,beta,expanding,all,8,0.03392569668284025,0.5856601613869163,0.05
100,missing_features,gbm,beta,decay,HL150,0,0.021541496423504652,0.6253581753129965,0.062
100,missing_features,gbm,beta,decay,HL150,1,0.04068930105205075,0.5502204263424453,0.084
100,missing_features,gbm,beta,decay,HL150,2,0.03690157724256491,0.5626352725671306,0.12
100,missing_features,gbm,beta,decay,HL150,3,0.05087890858711036,0.6226782482792519,0.056
100,missing_features,gbm,beta,decay,HL150,4,0.045128650844521195,0.6445241361209257,0.064
100,missing_features,gbm,beta,decay,HL150,5,0.038548799924991925,0.6308739272958274,0.05
100,missing_features,gbm,beta,decay,HL150,6,0.04546170851272669,0.6405203704908079,0.054
100,missing_features,gbm,beta,decay,HL150,7,0.04031346173223312,0.6311938930473133,0.04
100,missing_features,gbm,beta,decay,HL150,8,0.020622696433056788,0.5861030726722709,0.038
100,missing_features,gbm,isotonic,static,,0,0.05176845411229499,0.625481223264994,0.134
100,missing_features,gbm,isotonic,static,,1,0.058526995770011955,0.5491150337496202,0.11
100,missing_features,gbm,isotonic,static,,2,0.04953540972137693,0.5600682950207578,0.12
100,missing_features,gbm,isotonic,static,,3,0.08562966971755187,0.6255537728936719,0.122
100,missing_features,gbm,isotonic,static,,4,0.0812212759289986,0.6493385892985998,0.122
100,missing_features,gbm,isotonic,static,,5,0.045699641162259275,0.6303075222813231,0.112
100,missing_features,gbm,isotonic,static,,6,0.07675167648560124,0.6420256178003061,0.136
100,missing_features,gbm,isotonic,static,,7,0.05140785260164392,0.6279713573101099,0.108
100,missing_features,gbm,isotonic,static,,8,0.028722690379156705,0.5824224248161236,0.092
100,missing_features,gbm,isotonic,window,W300,0,0.0369096477161274,0.6293640184434235,0.056
100,missing_features,gbm,isotonic,window,W300,1,0.05043901987771039,0.550533834669635,0.096
100,missing_features,gbm,isotonic,window,W300,2,0.05795711023613999,0.564020801183914,0.138
100,missing_features,gbm,isotonic,window,W300,3,0.05023031912904927,0.6273721366002617,0.06
100,missing_features,gbm,isotonic,window,W300,4,0.054777627903702844,0.6487644488181836,0.082
100,missing_features,gbm,isotonic,window,W300,5,0.0294297840497908,0.629810856284285,0.08
100,missing_features,gbm,isotonic,window,W300,6,0.05746182510825813,0.6367348801820042,0.056
100,missing_features,gbm,isotonic,window,W300,7,0.03858306803424764,0.6367283800945349,0.038
100,missing_features,gbm,isotonic,window,W300,8,0.03393384233513144,0.5908419471006501,0.03
100,missing_features,gbm,isotonic,expanding,all,0,0.03316046225119753,0.6252623186133407,0.09
100,missing_features,gbm,isotonic,expanding,all,1,0.05696949429291358,0.5483682388829845,0.074
100,missing_features,gbm,isotonic,expanding,all,2,0.04274791850172218,0.5630431176277324,0.09
100,missing_features,gbm,isotonic,expanding,all,3,0.07074115461234289,0.6213113437258692,0.052
100,missing_features,gbm,isotonic,expanding,all,4,0.07077162153002786,0.6474740967302509,0.06
100,missing_features,gbm,isotonic,expanding,all,5,0.03452254541044906,0.6299643522258827,0.074
100,missing_features,gbm,isotonic,expanding,all,6,0.058735748425533384,0.6408766600833703,0.062
100,missing_features,gbm,isotonic,expanding,all,7,0.04930203777119679,0.6271479106374995,0.05
100,missing_features,gbm,isotonic,expanding,all,8,0.028933935599905876,0.5860873273576733,0.036
100,missing_features,gbm,isotonic,decay,HL150,0,0.02407040408154509,0.6263435179418356,0.068
100,missing_features,gbm,isotonic,decay,HL150,1,0.0406384943747696,0.552325526527484,0.076
100,missing_features,gbm,isotonic,decay,HL150,2,0.04609282977765737,0.5628256834789785,0.094
100,missing_features,gbm,isotonic,decay,HL150,3,0.05892772125269677,0.6264850205013512,0.038
100,missing_features,gbm,isotonic,decay,HL150,4,0.050994994525164025,0.6496822061412638,0.066
100,missing_features,gbm,isotonic,decay,HL150,5,0.028746625005359915,0.6308850128289354,0.064
100,missing_features,gbm,isotonic,decay,HL150,6,0.052833815879878024,0.6363128185953932,0.062
100,missing_features,gbm,isotonic,decay,HL150,7,0.040564746627869096,0.6359665206458853,0.022
100,missing_features,gbm,isotonic,decay,HL150,8,0.02578535882793256,0.5886670596292872,0.036
100,stale_features,lr,temperature,static,,0,0.034465224449206674,0.5408980755935532,0.114
100,stale_features,lr,temperature,static,,1,0.03674822982198223,0.48564425149445395,0.092
100,stale_features,lr,temperature,static,,2,0.02561079832647974,0.5036776960652198,0.116
100,stale_features,lr,temperature,static,,3,0.1385216838713384,0.6475955641240575,0.17
100,stale_features,lr,temperature,static,,4,0.1585583272125937,0.6906120152041072,0.218
100,stale_features,lr,temperature,static,,5,0.10627669166911274,0.6633941597040109,0.178
100,stale_features,lr,temperature,static,,6,0.17280542605556187,0.7127683970766079,0.23
100,stale_features,lr,temperature,static,,7,0.15398347472040833,0.7024222337694229,0.218
100,stale_features,lr,temperature,static,,8,0.11190815670293178,0.640172297899413,0.204
100,stale_features,lr,temperature,window,W300,0,0.03683639998007768,0.54200741915101,0.082
100,stale_features,lr,temperature,window,W300,1,0.048885492917523726,0.4854444744757088,0.108
100,stale_features,lr,temperature,window,W300,2,0.02476737847756727,0.5062810162104666,0.128
100,stale_features,lr,temperature,window,W300,3,0.04362001372423986,0.6232654880371095,0.06
100,stale_features,lr,temperature,window,W300,4,0.06415912082549827,0.6510228899037475,0.042
100,stale_features,lr,temperature,window,W300,5,0.04220415226696903,0.6348074689511741,0.026
100,stale_features,lr,temperature,window,W300,6,0.06496770540064026,0.6532717675180997,0.018
100,stale_features,lr,temperature,window,W300,7,0.016810971304451014,0.6488806385448147,0.002
100,stale_features,lr,temperature,window,W300,8,0.08348756120499726,0.6219413710237631,0.012
100,stale_features,lr,temperature,expanding,all,0,0.037912585199777325,0.5408386676058066,0.106
100,stale_features,lr,temperature,expanding,all,1,0.034315841723649695,0.48603316067886626,0.09
100,stale_features,lr,temperature,expanding,all,2,0.02526583800057733,0.5038368598275751,0.116
100,stale_features,lr,temperature,expanding,all,3,0.12463655102517393,0.6424030039561678,0.16
100,stale_features,lr,temperature,expanding,all,4,0.134914121846317,0.6783640067257959,0.19
100,stale_features,lr,temperature,expanding,all,5,0.06941500433493521,0.6502735925599674,0.124
100,stale_features,lr,temperature,expanding,all,6,0.12536399716309757,0.6859072730617825,0.158
100,stale_features,lr,temperature,expanding,all,7,0.09809487809838618,0.6722687610371652,0.12
100,stale_features,lr,temperature,expanding,all,8,0.061718488573864506,0.6193839885892672,0.136
100,stale_features,lr,temperature,decay,HL150,0,0.03420778165402446,0.5413159204866118,0.086
100,stale_features,lr,temperature,decay,HL150,1,0.031926929043650756,0.4854306120941408,0.108
100,stale_features,lr,temperature,decay,HL150,2,0.030566819047846767,0.5044733134414399,0.122
100,stale_features,lr,temperature,decay,HL150,3,0.04583176387262708,0.6222768209732642,0.072
100,stale_features,lr,temperature,decay,HL150,4,0.04132520485431415,0.6488271716629136,0.044
100,stale_features,lr,temperature,decay,HL150,5,0.042427450620090124,0.6350703121601032,0.024
100,stale_features,lr,temperature,decay,HL150,6,0.06962790016609391,0.6528035535422076,0.018
100,stale_features,lr,temperature,decay,HL150,7,0.021320430252327233,0.648795925295426,0.0
100,stale_features,lr,temperature,decay,HL150,8,0.07778666494667426,0.6221763603172611,0.006
100,stale_features,lr,beta,static,,0,0.03649863743698329,0.5406287776541269,0.144
100,stale_features,lr,beta,static,,1,0.051899901310227106,0.48789542834029453,0.108
100,stale_features,lr,beta,static,,2,0.028982965347577036,0.5027608469190186,0.136
100,stale_features,lr,beta,static,,3,0.15104680773736293,0.6521127408954538,0.192
100,stale_features,lr,beta,static,,4,0.17530383325121693,0.6950325357636452,0.242
100,stale_features,lr,beta,static,,5,0.11479355587255934,0.6649533836022431,0.204
100,stale_features,lr,beta,static,,6,0.1731794169409754,0.716709494566273,0.266
100,stale_features,lr,beta,static,,7,0.17075381671339002,0.7054990161258892,0.244
100,stale_features,lr,beta,static,,8,0.13392753222740403,0.6410668202746342,0.224
100,stale_features,lr,beta,window,W300,0,0.028174279718688144,0.5429948322172622,0.086
100,stale_features,lr,beta,window,W300,1,0.04023305315094948,0.4870440612353644,0.106
100,stale_features,lr,beta,window,W300,2,0.03501781039548201,0.5045720280654211,0.128
100,stale_features,lr,beta,window,W300,3,0.045596707923242684,0.6298379859248037,0.106
100,stale_features,lr,beta,window,W300,4,0.06340990126932017,0.6655425125205506,0.04
100,stale_features,lr,beta,window,W300,5,0.029939419039413766,0.6418865961596477,0.014
100,stale_features,lr,beta,window,W300,6,0.028625349432673086,0.6710536486427928,0.01
100,stale_features,lr,beta,window,W300,7,0.028774788320823703,0.6794086966609157,0.022
100,stale_features,lr,beta,window,W300,8,0.04963459765654362,0.6348729706276116,0.03
100,stale_features,lr,beta,expanding,all,0,0.0391222315894172,0.5409143002687657,0.122
100,stale_features,lr,beta,expanding,all,1,0.04443138908009056,0.4862545325555749,0.102
100,stale_features,lr,beta,expanding,all,2,0.02661485405863275,0.5032811793833951,0.124
100,stale_features,lr,beta,expanding,all,3,0.13258590171864856,0.6466582248943228,0.178
100,stale_features,lr,beta,expanding,all,4,0.14515689631804204,0.6831353024562345,0.202
100,stale_features,lr,beta,expanding,all,5,0.08791067898613422,0.653591876824272,0.146
100,stale_features,lr,beta,expanding,all,6,0.13647780039140767,0.6945698323718605,0.184
100,stale_features,lr,beta,expanding,all,7,0.11433811110205419,0.683181072269215,0.148
100,stale_features,lr,beta,expanding,all,8,0.06538861550221106,0.6257891713889983,0.164
100,stale_features,lr,beta,decay,HL150,0,0.016261359117263844,0.5426369790611305,0.096
100,stale_features,lr,beta,decay,HL150,1,0.04461495217117729,0.4867563602306649,0.104
100,stale_features,lr,beta,decay,HL150,2,0.0333920542256822,0.5034211527137219,0.13
100,stale_features,lr,beta,decay,HL150,3,0.05643437648609489,0.6288685277429377,0.1
100,stale_features,lr,beta,decay,HL150,4,0.0626552105688983,0.66270746201433,0.048
100,stale_features,lr,beta,decay,HL150,5,0.0340948901461878,0.6403619930612169,0.014
100,stale_features,lr,beta,decay,HL150,6,0.02830523657665678,0.6702738519126952,0.01
100,stale_features,lr,beta,decay,HL150,7,0.03264566702711177,0.6765240418315397,0.008
100,stale_features,lr,beta,decay,HL150,8,0.05306304372547428,0.6357229901274584,0.02
100,stale_features,lr,isotonic,static,,0,0.043201293262645594,0.542182584789404,0.15
100,stale_features,lr,isotonic,static,,1,0.04399423133317789,0.486912022876329,0.116
100,stale_features,lr,isotonic,static,,2,0.033637406485324116,0.5027840971473871,0.146
100,stale_features,lr,isotonic,static,,3,0.14836185731477425,0.6528060255695928,0.206
100,stale_features,lr,isotonic,static,,4,0.17703701792113458,0.6965036737453295,0.27
100,stale_features,lr,isotonic,static,,5,0.11441887242895857,0.6670033258375608,0.216
100,stale_features,lr,isotonic,static,,6,0.17444860565010892,0.7185946936325779,0.288
100,stale_features,lr,isotonic,static,,7,0.17122585671083929,0.7077230648134902,0.268
100,stale_features,lr,isotonic,static,,8,0.1399438090253622,0.6440952167286352,0.238
100,stale_features,lr,isotonic,window,W300,0,0.0330299736747583,0.5468879092700498,0.106
100,stale_features,lr,isotonic,window,W300,1,0.05407966315307284,0.48904134259009796,0.134
100,stale_features,lr,isotonic,window,W300,2,0.04632926483168248,0.5127583619012842,0.108
100,stale_features,lr,isotonic,window,W300,3,0.06787492529443932,0.6259984536674922,0.096
100,stale_features,lr,isotonic,window,W300,4,0.04981569027261792,0.6653940816316095,0.026
100,stale_features,lr,isotonic,window,W300,5,0.04390350783381604,0.6491372714024635,0.056
100,stale_features,lr,isotonic,window,W300,6,0.05686297858279098,0.6720873369578985,0.014
100,stale_features,lr,isotonic,window,W300,7,0.04635135602790221,0.6827971874412865,0.026
100,stale_features,lr,isotonic,window,W300,8,0.06187571117994045,0.6374603023215113,0.04
100,stale_features,lr,isotonic,expanding,all,0,0.04715281007997825,0.5408820812702834,0.114
100,stale_features,lr,isotonic,expanding,all,1,0.03487602898512727,0.4863030921340993,0.09
100,stale_features,lr,isotonic,expanding,all,2,0.033326567866659884,0.5071184506564002,0.118
100,stale_features,lr,isotonic,expanding,all,3,0.13034237671522214,0.6478695349577784,0.17
100,stale_features,lr,isotonic,expanding,all,4,0.14851056062942128,0.6854987774396,0.216
100,stale_features,lr,isotonic,expanding,all,5,0.08408854389663985,0.6555696811200413,0.172
100,stale_features,lr,isotonic,expanding,all,6,0.1369790288108383,0.6933436858077523,0.22
100,stale_features,lr,isotonic,expanding,all,7,0.1141109694653053,0.6854687563784576,0.196
100,stale_features,lr,isotonic,expanding,all,8,0.08014561338680463,0.6261756987432777,0.132
100,stale_features,lr,isotonic,decay,HL150,0,0.030706656898632924,0.5451730893718165,0.11
100,stale_features,lr,isotonic,decay,HL150,1,0.04149769512244492,0.48926464914249784,0.112
100,stale_features,lr,isotonic,decay,HL150,2,0.05714095604628926,0.511318881235385,0.114
100,stale_features,lr,isotonic,decay,HL150,3,0.07429332307457005,0.6259452688428327,0.11
100,stale_features,lr,isotonic,decay,HL150,4,0.05340565889082165,0.6653337363246462,0.022
100,stale_features,lr,isotonic,decay,HL150,5,0.05065703194046351,0.6438625201581256,0.052
100,stale_features,lr,isotonic,decay,HL150,6,0.054906002937651334,0.6725725026744368,0.024
100,stale_features,lr,isotonic,decay,HL150,7,0.0632895928109268,0.6765748508190887,0.028
100,stale_features,lr,isotonic,decay,HL150,8,0.06127377745868221,0.6384844602798108,0.044
100,stale_features,gbm,temperature,static,,0,0.043362311005507276,0.5948664365817702,0.096
100,stale_features,gbm,temperature,static,,1,0.05408011752542608,0.5325788881736223,0.068
100,stale_features,gbm,temperature,static,,2,0.04771080167360498,0.5422364888973915,0.092
100,stale_features,gbm,temperature,static,,3,0.09618474736069531,0.6484458085782678,0.114
100,stale_features,gbm,temperature,static,,4,0.13260006448175732,0.6960557515003793,0.142
100,stale_features,gbm,temperature,static,,5,0.1505976985024236,0.6977668596602404,0.152
100,stale_features,gbm,temperature,static,,6,0.12253364963436032,0.6886275497945188,0.126
100,stale_features,gbm,temperature,static,,7,0.13557274674834008,0.687393717812655,0.132
100,stale_features,gbm,temperature,static,,8,0.09013940424818426,0.6406041733037863,0.142
100,stale_features,gbm,temperature,window,W300,0,0.02159343284772715,0.5926615139789554,0.05
100,stale_features,gbm,temperature,window,W300,1,0.04290321878360716,0.5324131777145638,0.092
100,stale_features,gbm,temperature,window,W300,2,0.03971350633359988,0.5435152613046276,0.126
100,stale_features,gbm,temperature,window,W300,3,0.03639308882920755,0.6404222828663403,0.028
100,stale_features,gbm,temperature,window,W300,4,0.04272027966565572,0.6637539172301087,0.012
100,stale_features,gbm,temperature,window,W300,5,0.013813327207394338,0.6538641921468532,0.0
100,stale_features,gbm,temperature,window,W300,6,0.026619351957932674,0.6539358461572623,0.006
100,stale_features,gbm,temperature,window,W300,7,0.016776562362182116,0.6530874757072711,0.002
100,stale_features,gbm,temperature,window,W300,8,0.033922937948317175,0.6308067205552299,0.014
100,stale_features,gbm,temperature,expanding,all,0,0.02951842615651626,0.5936683069797556,0.078
100,stale_features,gbm,temperature,expanding,all,1,0.04814731225659797,0.5336460488439619,0.066
100,stale_features,gbm,temperature,expanding,all,2,0.04349119192489648,0.5427375858038436,0.084
100,stale_features,gbm,temperature,expanding,all,3,0.08695188639292986,0.6457092955630354,0.11
100,stale_features,gbm,temperature,expanding,all,4,0.11369557187881794,0.6868771680656333,0.11
100,stale_features,gbm,temperature,expanding,all,5,0.1152071975824251,0.6818425178967643,0.114
100,stale_features,gbm,temperature,expanding,all,6,0.08009925591108082,0.6714163322592669,0.088
100,stale_features,gbm,temperature,expanding,all,7,0.08966483831213443,0.6668313121058538,0.08
100,stale_features,gbm,temperature,expanding,all,8,0.03820630952565783,0.6275326465542037,0.062
100,stale_features,gbm,temperature,decay,HL150,0,0.027370353905207142,0.5923947623010448,0.06
100,stale_features,gbm,temperature,decay,HL150,1,0.04365003560703174,0.532761760875144,0.088
100,stale_features,gbm,temperature,decay,HL150,2,0.054220799212999084,0.5428148234048016,0.118
100,stale_features,gbm,temperature,decay,HL150,3,0.041327083885982156,0.6386293032781978,0.038
100,stale_features,gbm,temperature,decay,HL150,4,0.02657392230343268,0.6622236150072399,0.014
100,stale_features,gbm,temperature,decay,HL150,5,0.02018993321485061,0.6539050211922445,0.0
100,stale_features,gbm,temperature,decay,HL150,6,0.019905333993423712,0.6534540137034682,0.004
100,stale_features,gbm,temperature,decay,HL150,7,0.017953969669732638,0.6524390193763652,0.0
100,stale_features,gbm,temperature,decay,HL150,8,0.03551945825150399,0.6312821465694504,0.012
100,stale_features,gbm,beta,static,,0,0.05122269770249888,0.6239551177650139,0.094
100,stale_features,gbm,beta,static,,1,0.027817313835003132,0.5484249651444975,0.076
100,stale_features,gbm,beta,static,,2,0.05332174476985253,0.5608486438440493,0.09
100,stale_features,gbm,beta,static,,3,0.11029014265296166,0.6710564966642383,0.11
100,stale_features,gbm,beta,static,,4,0.14604121473090848,0.7288533710715985,0.146
100,stale_features,gbm,beta,static,,5,0.15790335362725788,0.7240543501698946,0.146
100,stale_features,gbm,beta,static,,6,0.12926391426118336,0.7268770661800265,0.138
100,stale_features,gbm,beta,static,,7,0.14748722113407528,0.7273106184233258,0.136
100,stale_features,gbm,beta,static,,8,0.09966842359980821,0.6671214453963801,0.134
100,stale_features,gbm,beta,window,W300,0,0.021224639942613782,0.6255119859388363,0.056
100,stale_features,gbm,beta,window,W300,1,0.04052126527465167,0.5484387985117294,0.098
100,stale_features,gbm,beta,window,W300,2,0.047334886832905515,0.5649157959526298,0.132
100,stale_features,gbm,beta,window,W300,3,0.05574478935421702,0.6711784988020975,0.042
100,stale_features,gbm,beta,window,W300,4,0.066232835232675,0.7160820630652733,0.026
100,stale_features,gbm,beta,window,W300,5,0.05665329438397437,0.6993273284365392,0.012
100,stale_features,gbm,beta,window,W300,6,0.044997545116850085,0.7135714593865423,0.002
100,stale_features,gbm,beta,window,W300,7,0.05663584294977947,0.7127469515383605,0.002
100,stale_features,gbm,beta,window,W300,8,0.018289369160302913,0.6733039675081846,0.026
100,stale_features,gbm,beta,expanding,all,0,0.033554489046625134,0.6239021499287865,0.088
100,stale_features,gbm,beta,expanding,all,1,0.04963265960400344,0.5494989195421192,0.068
100,stale_features,gbm,beta,expanding,all,2,0.052687996830545814,0.5622498117315129,0.084
100,stale_features,gbm,beta,expanding,all,3,0.09705864708517419,0.6692364600082652,0.098
100,stale_features,gbm,beta,expanding,all,4,0.1268859217469098,0.7238387928259459,0.106
100,stale_features,gbm,beta,expanding,all,5,0.12999449455421422,0.713638942436917,0.12
100,stale_features,gbm,beta,expanding,all,6,0.09810866354061662,0.7179579888720669,0.09
100,stale_features,gbm,beta,expanding,all,7,0.1088236193494464,0.7149392792375108,0.092
100,stale_features,gbm,beta,expanding,all,8,0.06073515549555222,0.6623208036323633,0.07
100,stale_features,gbm,beta,decay,HL150,0,0.021541496423504652,0.6253581753129965,0.062
100,stale_features,gbm,beta,decay,HL150,1,0.04068930105205075,0.5502204263424453,0.084
100,stale_features,gbm,beta,decay,HL150,2,0.03690157724256491,0.5626352725671306,0.12
100,stale_features,gbm,beta,decay,HL150,3,0.06168178216089739,0.6692324333498044,0.056
100,stale_features,gbm,beta,decay,HL150,4,0.06876360386300402,0.7142985628774837,0.034
100,stale_features,gbm,beta,decay,HL150,5,0.057721856116373385,0.7002247186856848,0.016
100,stale_features,gbm,beta,decay,HL150,6,0.044255697328626074,0.7119806592810933,0.002
100,stale_features,gbm,beta,decay,HL150,7,0.05497488043967711,0.7125915168902097,0.002
100,stale_features,gbm,beta,decay,HL150,8,0.03078318228342016,0.6743687829462506,0.028
100,stale_features,gbm,isotonic,static,,0,0.05176845411229499,0.625481223264994,0.134
100,stale_features,gbm,isotonic,static,,1,0.058526995770011955,0.5491150337496202,0.11
100,stale_features,gbm,isotonic,static,,2,0.04953540972137693,0.5600682950207578,0.12
100,stale_features,gbm,isotonic,static,,3,0.11270913749809251,0.6704370079201604,0.146
100,stale_features,gbm,isotonic,static,,4,0.15085759647880898,0.7316188470344521,0.188
100,stale_features,gbm,isotonic,static,,5,0.16321628620254425,0.7253783702946001,0.184
100,stale_features,gbm,isotonic,static,,6,0.13298546143986956,0.7289674757617131,0.176
100,stale_features,gbm,isotonic,static,,7,0.15171590188480197,0.7297150158613477,0.19
100,stale_features,gbm,isotonic,static,,8,0.10337176308873805,0.6677911609347634,0.168
100,stale_features,gbm,isotonic,window,W300,0,0.0369096477161274,0.6293640184434235,0.056
100,stale_features,gbm,isotonic,window,W300,1,0.05043901987771039,0.550533834669635,0.096
100,stale_features,gbm,isotonic,window,W300,2,0.05795711023613999,0.564020801183914,0.138
100,stale_features,gbm,isotonic,window,W300,3,0.06719158009811683,0.6696439741787195,0.042
100,stale_features,gbm,isotonic,window,W300,4,0.07560068789491295,0.7176687341158889,0.052
100,stale_features,gbm,isotonic,window,W300,5,0.0761705949937733,0.6976748265520866,0.024
100,stale_features,gbm,isotonic,window,W300,6,0.054306175083061764,0.716054031895893,0.022
100,stale_features,gbm,isotonic,window,W300,7,0.06598247436598648,0.7130500167927906,0.018
100,stale_features,gbm,isotonic,window,W300,8,0.058106732133634306,0.6670738185767268,0.038
100,stale_features,gbm,isotonic,expanding,all,0,0.03316046225119753,0.6252623186133407,0.09
100,stale_features,gbm,isotonic,expanding,all,1,0.05696949429291358,0.5483682388829845,0.074
100,stale_features,gbm,isotonic,expanding,all,2,0.04274791850172218,0.5630431176277324,0.09
100,stale_features,gbm,isotonic,expanding,all,3,0.0983410010205367,0.6690448006890753,0.076
100,stale_features,gbm,isotonic,expanding,all,4,0.12722082425575104,0.7251003189766647,0.094
100,stale_features,gbm,isotonic,expanding,all,5,0.1321643284374862,0.7192256168382256,0.122
100,stale_features,gbm,isotonic,expanding,all,6,0.10056229366023758,0.7189181729047657,0.092
100,stale_features,gbm,isotonic,expanding,all,7,0.11007562402747781,0.7160206791999643,0.094
100,stale_features,gbm,isotonic,expanding,all,8,0.06413445028998267,0.6613872511205007,0.086
100,stale_features,gbm,isotonic,decay,HL150,0,0.02407040408154509,0.6263435179418356,0.068
100,stale_features,gbm,isotonic,decay,HL150,1,0.0406384943747696,0.552325526527484,0.076
100,stale_features,gbm,isotonic,decay,HL150,2,0.04609282977765737,0.5628256834789785,0.094
100,stale_features,gbm,isotonic,decay,HL150,3,0.07989375916376064,0.6693405370004809,0.046
100,stale_features,gbm,isotonic,decay,HL150,4,0.07458935003003359,0.7169027402181423,0.042
100,stale_features,gbm,isotonic,decay,HL150,5,0.07605210477736707,0.7050152924690531,0.022
100,stale_features,gbm,isotonic,decay,HL150,6,0.0560005569809597,0.714213369884609,0.024
100,stale_features,gbm,isotonic,decay,HL150,7,0.06205632755234548,0.7111252144518786,0.018
100,stale_features,gbm,isotonic,decay,HL150,8,0.060524110443756,0.6701626319907322,0.046
100,venue_change,lr,temperature,static,,0,0.034465224449206674,0.5408980755935532,0.114
100,venue_change,lr,temperature,static,,1,0.03674822982198223,0.48564425149445395,0.092
100,venue_change,lr,temperature,static,,2,0.02561079832647974,0.5036776960652198,0.116
100,venue_change,lr,temperature,static,,3,0.03882938648362506,0.562252409766699,0.142
100,venue_change,lr,temperature,static,,4,0.07198722872009075,0.6095771725323886,0.152
100,venue_change,lr,temperature,static,,5,0.0774101692068008,0.5877438640342579,0.15
100,venue_change,lr,temperature,static,,6,0.08094047891267867,0.5991042926447248,0.158
100,venue_change,lr,temperature,static,,7,0.03450193764730221,0.5718696296559758,0.13
100,venue_change,lr,temperature,static,,8,0.03860369004043772,0.5034138036904704,0.108
100,venue_change,lr,temperature,window,W300,0,0.03683639998007768,0.54200741915101,0.082
100,venue_change,lr,temperature,window,W300,1,0.048885492917523726,0.4854444744757088,0.108
100,venue_change,lr,temperature,window,W300,2,0.02476737847756727,0.5062810162104666,0.128
100,venue_change,lr,temperature,window,W300,3,0.03308867975523783,0.5606861357563813,0.082
100,venue_change,lr,temperature,window,W300,4,0.031140176927185324,0.6041557867159766,0.094
100,venue_change,lr,temperature,window,W300,5,0.03309555305039548,0.5795361447310334,0.058
100,venue_change,lr,temperature,window,W300,6,0.028988390999026167,0.5899762180341768,0.104
100,venue_change,lr,temperature,window,W300,7,0.04877349943667635,0.57391894466044,0.056
100,venue_change,lr,temperature,window,W300,8,0.03791536653290223,0.502646502131487,0.086
100,venue_change,lr,temperature,expanding,all,0,0.037912585199777325,0.5408386676058066,0.106
100,venue_change,lr,temperature,expanding,all,1,0.034315841723649695,0.48603316067886626,0.09
100,venue_change,lr,temperature,expanding,all,2,0.02526583800057733,0.5038368598275751,0.116
100,venue_change,lr,temperature,expanding,all,3,0.034439613113278644,0.5614555125306628,0.132
100,venue_change,lr,temperature,expanding,all,4,0.060290047507159994,0.6065088646369494,0.136
100,venue_change,lr,temperature,expanding,all,5,0.06954035078901603,0.5831980800579911,0.12
100,venue_change,lr,temperature,expanding,all,6,0.05978991313076092,0.5939731133756964,0.132
100,venue_change,lr,temperature,expanding,all,7,0.024201285220208448,0.5698477247009626,0.104
100,venue_change,lr,temperature,expanding,all,8,0.031393770969547,0.5047401629105123,0.082
100,venue_change,lr,temperature,decay,HL150,0,0.03420778165402446,0.5413159204866118,0.086
100,venue_change,lr,temperature,decay,HL150,1,0.031926929043650756,0.4854306120941408,0.108
100,venue_change,lr,temperature,decay,HL150,2,0.030566819047846767,0.5044733134414399,0.122
100,venue_change,lr,temperature,decay,HL150,3,0.04899806125593008,0.5605041446806445,0.086
100,venue_change,lr,temperature,decay,HL150,4,0.023672331680735202,0.6014562914516689,0.092
100,venue_change,lr,temperature,decay,HL150,5,0.035289775658494886,0.579004794535361,0.056
100,venue_change,lr,temperature,decay,HL150,6,0.03923714182732428,0.5890559618274426,0.096
100,venue_change,lr,temperature,decay,HL150,7,0.05773404947659112,0.5723633862514762,0.06
100,venue_change,lr,temperature,decay,HL150,8,0.03582519015077689,0.5036671649612376,0.082
100,venue_change,lr,beta,static,,0,0.03649863743698329,0.5406287776541269,0.144
100,venue_change,lr,beta,static,,1,0.051899901310227106,0.48789542834029453,0.108
100,venue_change,lr,beta,static,,2,0.028982965347577036,0.5027608469190186,0.136
100,venue_change,lr,beta,static,,3,0.0534517086595351,0.5636883403585293,0.162
100,venue_change,lr,beta,static,,4,0.08754981044264037,0.6109368180563133,0.18
100,venue_change,lr,beta,static,,5,0.09496526624665788,0.593222694172057,0.176
100,venue_change,lr,beta,static,,6,0.0968408727997518,0.602103817765163,0.168
100,venue_change,lr,beta,static,,7,0.0489691386135913,0.5730071798604354,0.154
100,venue_change,lr,beta,static,,8,0.03305764023373285,0.505104861056504,0.12
100,venue_change,lr,beta,window,W300,0,0.028174279718688144,0.5429948322172622,0.086
100,venue_change,lr,beta,window,W300,1,0.04023305315094948,0.4870440612353644,0.106
100,venue_change,lr,beta,window,W300,2,0.03501781039548201,0.5045720280654211,0.128
100,venue_change,lr,beta,window,W300,3,0.014116766852219876,0.562385580725502,0.124
100,venue_change,lr,beta,window,W300,4,0.04169865217354345,0.6095070539661224,0.09
100,venue_change,lr,beta,window,W300,5,0.053137801958953394,0.5855728723744803,0.074
100,venue_change,lr,beta,window,W300,6,0.06160268818693366,0.591349163818267,0.094
100,venue_change,lr,beta,window,W300,7,0.022632220163593328,0.5810882566914167,0.09
100,venue_change,lr,beta,window,W300,8,0.04740797369003788,0.5028102542023307,0.078
100,venue_change,lr,beta,expanding,all,0,0.0391222315894172,0.5409143002687657,0.122
100,venue_change,lr,beta,expanding,all,1,0.04443138908009056,0.4862545325555749,0.102
100,venue_change,lr,beta,expanding,all,2,0.02661485405863275,0.5032811793833951,0.124
100,venue_change,lr,beta,expanding,all,3,0.04378175390809076,0.5625466403260327,0.156
100,venue_change,lr,beta,expanding,all,4,0.06927768660115843,0.6085160118278816,0.156
100,venue_change,lr,beta,expanding,all,5,0.07140069877378571,0.5866944433221907,0.148
100,venue_change,lr,beta,expanding,all,6,0.06692309614628107,0.5951112537437102,0.15
100,venue_change,lr,beta,expanding,all,7,0.020084181487834467,0.5710674223799067,0.112
100,venue_change,lr,beta,expanding,all,8,0.03274825070474549,0.5043747745879268,0.09
100,venue_change,lr,beta,decay,HL150,0,0.016261359117263844,0.5426369790611305,0.096
100,venue_change,lr,beta,decay,HL150,1,0.04461495217117729,0.4867563602306649,0.104
100,venue_change,lr,beta,decay,HL150,2,0.0333920542256822,0.5034211527137219,0.13
100,venue_change,lr,beta,decay,HL150,3,0.032409872879105225,0.5611673863908723,0.122
100,venue_change,lr,beta,decay,HL150,4,0.029020123521771517,0.6069947870338978,0.092
100,venue_change,lr,beta,decay,HL150,5,0.033406115876000106,0.5821809743584468,0.066
100,venue_change,lr,beta,decay,HL150,6,0.060623860587523094,0.5906571901161741,0.09
100,venue_change,lr,beta,decay,HL150,7,0.02567228222457099,0.5780290870455649,0.076
100,venue_change,lr,beta,decay,HL150,8,0.047489164122439656,0.5051155311765549,0.078
100,venue_change,lr,isotonic,static,,0,0.043201293262645594,0.542182584789404,0.15
100,venue_change,lr,isotonic,static,,1,0.04399423133317789,0.486912022876329,0.116
100,venue_change,lr,isotonic,static,,2,0.033637406485324116,0.5027840971473871,0.146
100,venue_change,lr,isotonic,static,,3,0.058746265481991376,0.5635770695601163,0.166
100,venue_change,lr,isotonic,static,,4,0.08719956207470637,0.6119226793001326,0.188
100,venue_change,lr,isotonic,static,,5,0.09406572006668616,0.5922139578734595,0.186
100,venue_change,lr,isotonic,static,,6,0.09799302859060834,0.602764604587073,0.188
100,venue_change,lr,isotonic,static,,7,0.053176528715201114,0.5750966024775946,0.176
100,venue_change,lr,isotonic,static,,8,0.042897474504755145,0.5048221799040722,0.126
100,venue_change,lr,isotonic,window,W300,0,0.0330299736747583,0.5468879092700498,0.106
100,venue_change,lr,isotonic,window,W300,1,0.05407966315307284,0.48904134259009796,0.134
100,venue_change,lr,isotonic,window,W300,2,0.04632926483168248,0.5127583619012842,0.108
100,venue_change,lr,isotonic,window,W300,3,0.02895249660054613,0.5622833955950223,0.114
100,venue_change,lr,isotonic,window,W300,4,0.04864077766283621,0.6099135405309235,0.074
100,venue_change,lr,isotonic,window,W300,5,0.04101572602450483,0.5795950267270671,0.078
100,venue_change,lr,isotonic,window,W300,6,0.047687913360727925,0.5915238620230842,0.078
100,venue_change,lr,isotonic,window,W300,7,0.02764051456589606,0.5798998443532482,0.132
100,venue_change,lr,isotonic,window,W300,8,0.03421448154679411,0.5106012003361051,0.054
100,venue_change,lr,isotonic,expanding,all,0,0.04715281007997825,0.5408820812702834,0.114
100,venue_change,lr,isotonic,expanding,all,1,0.03487602898512727,0.4863030921340993,0.09
100,venue_change,lr,isotonic,expanding,all,2,0.033326567866659884,0.5071184506564002,0.118
100,venue_change,lr,isotonic,expanding,all,3,0.05117840980976564,0.5634473779394968,0.142
100,venue_change,lr,isotonic,expanding,all,4,0.0706027746924743,0.6094688270712466,0.15
100,venue_change,lr,isotonic,expanding,all,5,0.0726110509677111,0.5850399429024944,0.142
100,venue_change,lr,isotonic,expanding,all,6,0.07011764289041371,0.6009086829674583,0.152
100,venue_change,lr,isotonic,expanding,all,7,0.030795020708100657,0.5728023995966626,0.122
100,venue_change,lr,isotonic,expanding,all,8,0.026663372494062483,0.504170049796922,0.092
100,venue_change,lr,isotonic,decay,HL150,0,0.030706656898632924,0.5451730893718165,0.11
100,venue_change,lr,isotonic,decay,HL150,1,0.04149769512244492,0.48926464914249784,0.112
100,venue_change,lr,isotonic,decay,HL150,2,0.05714095604628926,0.511318881235385,0.114
100,venue_change,lr,isotonic,decay,HL150,3,0.026216096154542224,0.5618286634916219,0.108
100,venue_change,lr,isotonic,decay,HL150,4,0.02678715113181411,0.6083520813993599,0.072
100,venue_change,lr,isotonic,decay,HL150,5,0.0359780615193751,0.5794474846563779,0.072
100,venue_change,lr,isotonic,decay,HL150,6,0.04755777697926615,0.593326314100097,0.06
100,venue_change,lr,isotonic,decay,HL150,7,0.03592057529562377,0.578972320908356,0.11
100,venue_change,lr,isotonic,decay,HL150,8,0.06139637235875122,0.5115219086711507,0.074
100,venue_change,gbm,temperature,static,,0,0.043362311005507276,0.5948664365817702,0.096
100,venue_change,gbm,temperature,static,,1,0.05408011752542608,0.5325788881736223,0.068
100,venue_change,gbm,temperature,static,,2,0.04771080167360498,0.5422364888973915,0.092
100,venue_change,gbm,temperature,static,,3,0.06862816743761542,0.6184823177198047,0.098
100,venue_change,gbm,temperature,static,,4,0.05172657634943432,0.6213455925085904,0.1
100,venue_change,gbm,temperature,static,,5,0.07040106538803527,0.6111664155000547,0.108
100,venue_change,gbm,temperature,static,,6,0.07282953734753987,0.617775835827476,0.116
100,venue_change,gbm,temperature,static,,7,0.06473413132362661,0.6092947563147012,0.116
100,venue_change,gbm,temperature,static,,8,0.035333511329478325,0.543416003550261,0.086
100,venue_change,gbm,temperature,window,W300,0,0.02159343284772715,0.5926615139789554,0.05
100,venue_change,gbm,temperature,window,W300,1,0.04290321878360716,0.5324131777145638,0.092
100,venue_change,gbm,temperature,window,W300,2,0.03971350633359988,0.5435152613046276,0.126
100,venue_change,gbm,temperature,window,W300,3,0.037129229136155226,0.6139685076290456,0.038
100,venue_change,gbm,temperature,window,W300,4,0.016608149697893756,0.6177573871360393,0.048
100,venue_change,gbm,temperature,window,W300,5,0.022203539534487685,0.6071172954798361,0.064
100,venue_change,gbm,temperature,window,W300,6,0.04494274589229425,0.6138981407521387,0.068
100,venue_change,gbm,temperature,window,W300,7,0.0664484301955999,0.6094656415773365,0.038
100,venue_change,gbm,temperature,window,W300,8,0.05158218772924529,0.5431664233563631,0.066
100,venue_change,gbm,temperature,expanding,all,0,0.02951842615651626,0.5936683069797556,0.078
100,venue_change,gbm,temperature,expanding,all,1,0.04814731225659797,0.5336460488439619,0.066
100,venue_change,gbm,temperature,expanding,all,2,0.04349119192489648,0.5427375858038436,0.084
100,venue_change,gbm,temperature,expanding,all,3,0.05894825533154635,0.6169761004431875,0.084
100,venue_change,gbm,temperature,expanding,all,4,0.03972161918103167,0.6188468060333915,0.088
100,venue_change,gbm,temperature,expanding,all,5,0.057313469179302926,0.6080832525673916,0.096
100,venue_change,gbm,temperature,expanding,all,6,0.050094893039440064,0.6147686996524194,0.094
100,venue_change,gbm,temperature,expanding,all,7,0.044376723873367926,0.6062759172909286,0.086
100,venue_change,gbm,temperature,expanding,all,8,0.0591408681322792,0.5457329227598174,0.054
100,venue_change,gbm,temperature,decay,HL150,0,0.027370353905207142,0.5923947623010448,0.06
100,venue_change,gbm,temperature,decay,HL150,1,0.04365003560703174,0.532761760875144,0.088
100,venue_change,gbm,temperature,decay,HL150,2,0.054220799212999084,0.5428148234048016,0.118
100,venue_change,gbm,temperature,decay,HL150,3,0.04100557985961099,0.6143540455723826,0.044
100,venue_change,gbm,temperature,decay,HL150,4,0.012522385395938931,0.6158143672366545,0.046
100,venue_change,gbm,temperature,decay,HL150,5,0.029582903684058953,0.6057607789363114,0.054
100,venue_change,gbm,temperature,decay,HL150,6,0.047859495399082345,0.613298793948995,0.066
100,venue_change,gbm,temperature,decay,HL150,7,0.05924664710857642,0.6066783899483278,0.038
100,venue_change,gbm,temperature,decay,HL150,8,0.05093921849301341,0.5446238232652261,0.062
100,venue_change,gbm,beta,static,,0,0.05122269770249888,0.6239551177650139,0.094
100,venue_change,gbm,beta,static,,1,0.027817313835003132,0.5484249651444975,0.076
100,venue_change,gbm,beta,static,,2,0.05332174476985253,0.5608486438440493,0.09
100,venue_change,gbm,beta,static,,3,0.08743957501608839,0.641034476760927,0.092
100,venue_change,gbm,beta,static,,4,0.06440028619445386,0.6502653302814184,0.104
100,venue_change,gbm,beta,static,,5,0.08427289847782965,0.628888045402625,0.112
100,venue_change,gbm,beta,static,,6,0.054466512771806155,0.6324457188083168,0.114
100,venue_change,gbm,beta,static,,7,0.09840560166329394,0.6295961832709073,0.13
100,venue_change,gbm,beta,static,,8,0.027145310564782907,0.5646578927904183,0.082
100,venue_change,gbm,beta,window,W300,0,0.021224639942613782,0.6255119859388363,0.056
100,venue_change,gbm,beta,window,W300,1,0.04052126527465167,0.5484387985117294,0.098
100,venue_change,gbm,beta,window,W300,2,0.047334886832905515,0.5649157959526298,0.132
100,venue_change,gbm,beta,window,W300,3,0.05786204218918325,0.6433781942456042,0.05
100,venue_change,gbm,beta,window,W300,4,0.057971367208692205,0.654540953855115,0.042
100,venue_change,gbm,beta,window,W300,5,0.03477624514711321,0.6287981803029188,0.048
100,venue_change,gbm,beta,window,W300,6,0.049783952485664924,0.6321459028695058,0.06
100,venue_change,gbm,beta,window,W300,7,0.03842981186194024,0.6380667744884242,0.056
100,venue_change,gbm,beta,window,W300,8,0.03812175281877004,0.5669941843135619,0.072
100,venue_change,gbm,beta,expanding,all,0,0.033554489046625134,0.6239021499287865,0.088
100,venue_change,gbm,beta,expanding,all,1,0.04963265960400344,0.5494989195421192,0.068
100,venue_change,gbm,beta,expanding,all,2,0.052687996830545814,0.5622498117315129,0.084
100,venue_change,gbm,beta,expanding,all,3,0.08089114821154357,0.6397518225403158,0.086
100,venue_change,gbm,beta,expanding,all,4,0.0637780343322617,0.6494378200052108,0.09
100,venue_change,gbm,beta,expanding,all,5,0.0667587118987844,0.6267591857263172,0.088
100,venue_change,gbm,beta,expanding,all,6,0.05214696641355158,0.6309696127596892,0.096
100,venue_change,gbm,beta,expanding,all,7,0.053270016891871816,0.6283430123230482,0.09
100,venue_change,gbm,beta,expanding,all,8,0.048251475486912665,0.569900164243576,0.058
100,venue_change,gbm,beta,decay,HL150,0,0.021541496423504652,0.6253581753129965,0.062
100,venue_change,gbm,beta,decay,HL150,1,0.04068930105205075,0.5502204263424453,0.084
100,venue_change,gbm,beta,decay,HL150,2,0.03690157724256491,0.5626352725671306,0.12
100,venue_change,gbm,beta,decay,HL150,3,0.05040697349105194,0.642561667279455,0.06
100,venue_change,gbm,beta,decay,HL150,4,0.02673862721734186,0.6519013466159265,0.042
100,venue_change,gbm,beta,decay,HL150,5,0.047319975671703,0.6279846087144212,0.05
100,venue_change,gbm,beta,decay,HL150,6,0.046122132748701986,0.632265365952592,0.054
100,venue_change,gbm,beta,decay,HL150,7,0.049563264019882765,0.6356254283187436,0.048
100,venue_change,gbm,beta,decay,HL150,8,0.03211457255267265,0.5698727914320748,0.07
100,venue_change,gbm,isotonic,static,,0,0.05176845411229499,0.625481223264994,0.134
100,venue_change,gbm,isotonic,static,,1,0.058526995770011955,0.5491150337496202,0.11
100,venue_change,gbm,isotonic,static,,2,0.04953540972137693,0.5600682950207578,0.12
100,venue_change,gbm,isotonic,static,,3,0.08344858653605754,0.6422498588525465,0.132
100,venue_change,gbm,isotonic,static,,4,0.07319736748486061,0.6505096163537067,0.132
100,venue_change,gbm,isotonic,static,,5,0.08569229426625985,0.6290606637748591,0.146
100,venue_change,gbm,isotonic,static,,6,0.06923169081968725,0.6332559472188733,0.154
100,venue_change,gbm,isotonic,static,,7,0.09599436827429751,0.6294707547675639,0.156
100,venue_change,gbm,isotonic,static,,8,0.025240250972041973,0.5634727719463588,0.11
100,venue_change,gbm,isotonic,window,W300,0,0.0369096477161274,0.6293640184434235,0.056
100,venue_change,gbm,isotonic,window,W300,1,0.05043901987771039,0.550533834669635,0.096
100,venue_change,gbm,isotonic,window,W300,2,0.05795711023613999,0.564020801183914,0.138
100,venue_change,gbm,isotonic,window,W300,3,0.06743884781865293,0.6430329368530229,0.102
100,venue_change,gbm,isotonic,window,W300,4,0.08201833150470124,0.655002673148951,0.05
100,venue_change,gbm,isotonic,window,W300,5,0.047760720860784166,0.6287879317368805,0.044
100,venue_change,gbm,isotonic,window,W300,6,0.0662161103340362,0.6358999361474462,0.056
100,venue_change,gbm,isotonic,window,W300,7,0.049471530802886424,0.6345679530418364,0.02
100,venue_change,gbm,isotonic,window,W300,8,0.04229485562774115,0.5720353285620292,0.078
100,venue_change,gbm,isotonic,expanding,all,0,0.03316046225119753,0.6252623186133407,0.09
100,venue_change,gbm,isotonic,expanding,all,1,0.05696949429291358,0.5483682388829845,0.074
100,venue_change,gbm,isotonic,expanding,all,2,0.04274791850172218,0.5630431176277324,0.09
100,venue_change,gbm,isotonic,expanding,all,3,0.07473009518032595,0.6413239173102641,0.062
100,venue_change,gbm,isotonic,expanding,all,4,0.07356384993875144,0.6533922821319031,0.072
100,venue_change,gbm,isotonic,expanding,all,5,0.07815840420055918,0.627643743986023,0.07
100,venue_change,gbm,isotonic,expanding,all,6,0.04840991658849966,0.6323117752304924,0.086
100,venue_change,gbm,isotonic,expanding,all,7,0.05204801961726071,0.6299635174932438,0.07
100,venue_change,gbm,isotonic,expanding,all,8,0.05186019999113934,0.5693842663470599,0.048
100,venue_change,gbm,isotonic,decay,HL150,0,0.02407040408154509,0.6263435179418356,0.068
100,venue_change,gbm,isotonic,decay,HL150,1,0.0406384943747696,0.552325526527484,0.076
100,venue_change,gbm,isotonic,decay,HL150,2,0.04609282977765737,0.5628256834789785,0.094
100,venue_change,gbm,isotonic,decay,HL150,3,0.06562362929888865,0.6428773397760696,0.096
100,venue_change,gbm,isotonic,decay,HL150,4,0.035528217912507515,0.6499949130834961,0.054
100,venue_change,gbm,isotonic,decay,HL150,5,0.03811629183274958,0.6267178401675481,0.04
100,venue_change,gbm,isotonic,decay,HL150,6,0.05386011076051993,0.6346257914912451,0.058
100,venue_change,gbm,isotonic,decay,HL150,7,0.05643861319333009,0.6324613186446009,0.028
100,venue_change,gbm,isotonic,decay,HL150,8,0.03005587330435559,0.5741557201689406,0.062
100,rare_cluster,lr,temperature,static,,0,0.034465224449206674,0.5408980755935532,0.114
100,rare_cluster,lr,temperature,static,,1,0.03674822982198223,0.48564425149445395,0.092
100,rare_cluster,lr,temperature,static,,2,0.02561079832647974,0.5036776960652198,0.116
100,rare_cluster,lr,temperature,static,,3,0.04382727698605096,0.5553361170470738,0.12
100,rare_cluster,lr,temperature,static,,4,0.055007473090360165,0.5842184775595826,0.148
100,rare_cluster,lr,temperature,static,,5,0.03467721080942462,0.5462460016059122,0.13
100,rare_cluster,lr,temperature,static,,6,0.050655928811550614,0.563496501636765,0.14
100,rare_cluster,lr,temperature,static,,7,0.04467729365856612,0.5742388896981118,0.14
100,rare_cluster,lr,temperature,static,,8,0.02523668423150839,0.48385512656802226,0.102
100,rare_cluster,lr,temperature,window,W300,0,0.03683639998007768,0.54200741915101,0.082
100,rare_cluster,lr,temperature,window,W300,1,0.048885492917523726,0.4854444744757088,0.108
100,rare_cluster,lr,temperature,window,W300,2,0.02476737847756727,0.5062810162104666,0.128
100,rare_cluster,lr,temperature,window,W300,3,0.04463804956597819,0.5575875080725254,0.076
100,rare_cluster,lr,temperature,window,W300,4,0.045314807493803344,0.5815358221183671,0.098
100,rare_cluster,lr,temperature,window,W300,5,0.032696268147458664,0.5458327220509025,0.084
100,rare_cluster,lr,temperature,window,W300,6,0.04183076380095048,0.561472090638889,0.104
100,rare_cluster,lr,temperature,window,W300,7,0.054795474973227724,0.5726308888063464,0.068
100,rare_cluster,lr,temperature,window,W300,8,0.0492818923742779,0.4807087755993275,0.078
100,rare_cluster,lr,temperature,expanding,all,0,0.037912585199777325,0.5408386676058066,0.106
100,rare_cluster,lr,temperature,expanding,all,1,0.034315841723649695,0.48603316067886626,0.09
100,rare_cluster,lr,temperature,expanding,all,2,0.02526583800057733,0.5038368598275751,0.116
100,rare_cluster,lr,temperature,expanding,all,3,0.04323577103909376,0.55497729890055,0.118
100,rare_cluster,lr,temperature,expanding,all,4,0.046496921391551066,0.5824441900722397,0.138
100,rare_cluster,lr,temperature,expanding,all,5,0.037493757679286845,0.5451215134778958,0.116
100,rare_cluster,lr,temperature,expanding,all,6,0.04783679840912787,0.5613842356540736,0.116
100,rare_cluster,lr,temperature,expanding,all,7,0.028307680168083053,0.5713852493594986,0.126
100,rare_cluster,lr,temperature,expanding,all,8,0.05604660854861423,0.48610075435505795,0.076
100,rare_cluster,lr,temperature,decay,HL150,0,0.03420778165402446,0.5413159204866118,0.086
100,rare_cluster,lr,temperature,decay,HL150,1,0.031926929043650756,0.4854306120941408,0.108
100,rare_cluster,lr,temperature,decay,HL150,2,0.030566819047846767,0.5044733134414399,0.122
100,rare_cluster,lr,temperature,decay,HL150,3,0.041403220254360176,0.5564926469348113,0.082
100,rare_cluster,lr,temperature,decay,HL150,4,0.047035854829151416,0.5819025451030769,0.1
100,rare_cluster,lr,temperature,decay,HL150,5,0.0341484033096436,0.5470867883866068,0.08
100,rare_cluster,lr,temperature,decay,HL150,6,0.040034885714915786,0.5613557332409271,0.098
100,rare_cluster,lr,temperature,decay,HL150,7,0.030292199773120455,0.5716766971037389,0.076
100,rare_cluster,lr,temperature,decay,HL150,8,0.045679367784676954,0.48263406690822863,0.074
100,rare_cluster,lr,beta,static,,0,0.03649863743698329,0.5406287776541269,0.144
100,rare_cluster,lr,beta,static,,1,0.051899901310227106,0.48789542834029453,0.108
100,rare_cluster,lr,beta,static,,2,0.028982965347577036,0.5027608469190186,0.136
100,rare_cluster,lr,beta,static,,3,0.049142623919353104,0.5563262033710791,0.144
100,rare_cluster,lr,beta,static,,4,0.06579923534513289,0.5841654557336596,0.164
100,rare_cluster,lr,beta,static,,5,0.050092357196376065,0.5486319979149723,0.142
100,rare_cluster,lr,beta,static,,6,0.05072194810784056,0.5631532335411968,0.172
100,rare_cluster,lr,beta,static,,7,0.061661433091357555,0.5755449164808162,0.166
100,rare_cluster,lr,beta,static,,8,0.01887590876312863,0.4837504620988109,0.116
100,rare_cluster,lr,beta,window,W300,0,0.028174279718688144,0.5429948322172622,0.086
100,rare_cluster,lr,beta,window,W300,1,0.04023305315094948,0.4870440612353644,0.106
100,rare_cluster,lr,beta,window,W300,2,0.03501781039548201,0.5045720280654211,0.128
100,rare_cluster,lr,beta,window,W300,3,0.030603359813244354,0.5586430478730625,0.114
100,rare_cluster,lr,beta,window,W300,4,0.05507470467058703,0.5844125491018053,0.14
100,rare_cluster,lr,beta,window,W300,5,0.026337421972992946,0.5485580198763985,0.118
100,rare_cluster,lr,beta,window,W300,6,0.04073476915547452,0.560108348069461,0.108
100,rare_cluster,lr,beta,window,W300,7,0.01804071680318232,0.5775123065039265,0.092
100,rare_cluster,lr,beta,window,W300,8,0.03932164501717229,0.4830842965133958,0.074
100,rare_cluster,lr,beta,expanding,all,0,0.0391222315894172,0.5409143002687657,0.122
100,rare_cluster,lr,beta,expanding,all,1,0.04443138908009056,0.4862545325555749,0.102
100,rare_cluster,lr,beta,expanding,all,2,0.02661485405863275,0.5032811793833951,0.124
100,rare_cluster,lr,beta,expanding,all,3,0.03702287140626117,0.5553066405021857,0.13
100,rare_cluster,lr,beta,expanding,all,4,0.045988195194090524,0.5827656799382177,0.154
100,rare_cluster,lr,beta,expanding,all,5,0.04419978242083877,0.5462937443867936,0.138
100,rare_cluster,lr,beta,expanding,all,6,0.05394439450349035,0.5615630392885953,0.148
100,rare_cluster,lr,beta,expanding,all,7,0.036198721069680334,0.5725575299748785,0.144
100,rare_cluster,lr,beta,expanding,all,8,0.03734894742374978,0.4858123047855555,0.102
100,rare_cluster,lr,beta,decay,HL150,0,0.016261359117263844,0.5426369790611305,0.096
100,rare_cluster,lr,beta,decay,HL150,1,0.04461495217117729,0.4867563602306649,0.104
100,rare_cluster,lr,beta,decay,HL150,2,0.0333920542256822,0.5034211527137219,0.13
100,rare_cluster,lr,beta,decay,HL150,3,0.04537845848348159,0.5564228278339678,0.112
100,rare_cluster,lr,beta,decay,HL150,4,0.03976666349665603,0.5828193988016683,0.136
100,rare_cluster,lr,beta,decay,HL150,5,0.02772378169265445,0.5491361639843856,0.12
100,rare_cluster,lr,beta,decay,HL150,6,0.04250342343314483,0.5607190445562403,0.106
100,rare_cluster,lr,beta,decay,HL150,7,0.020086238053955863,0.575109891801033,0.094
100,rare_cluster,lr,beta,decay,HL150,8,0.04101742762526062,0.48526975315051507,0.074
100,rare_cluster,lr,isotonic,static,,0,0.043201293262645594,0.542182584789404,0.15
100,rare_cluster,lr,isotonic,static,,1,0.04399423133317789,0.486912022876329,0.116
100,rare_cluster,lr,isotonic,static,,2,0.033637406485324116,0.5027840971473871,0.146
100,rare_cluster,lr,isotonic,static,,3,0.048032869387300565,0.5585462169453026,0.152
100,rare_cluster,lr,isotonic,static,,4,0.062060541342840385,0.5859803235939665,0.182
100,rare_cluster,lr,isotonic,static,,5,0.057278565458928135,0.5492771529101403,0.158
100,rare_cluster,lr,isotonic,static,,6,0.05733595713099388,0.5635350162823515,0.184
100,rare_cluster,lr,isotonic,static,,7,0.07040672510091749,0.5768291567795076,0.18
100,rare_cluster,lr,isotonic,static,,8,0.01647636908768278,0.4845346890979761,0.124
100,rare_cluster,lr,isotonic,window,W300,0,0.0330299736747583,0.5468879092700498,0.106
100,rare_cluster,lr,isotonic,window,W300,1,0.05407966315307284,0.48904134259009796,0.134
100,rare_cluster,lr,isotonic,window,W300,2,0.04632926483168248,0.5127583619012842,0.108
100,rare_cluster,lr,isotonic,window,W300,3,0.03000637388297837,0.5609100751582955,0.134
100,rare_cluster,lr,isotonic,window,W300,4,0.03316305014182582,0.5874090896981554,0.154
100,rare_cluster,lr,isotonic,window,W300,5,0.02766819072377002,0.5501374229233473,0.136
100,rare_cluster,lr,isotonic,window,W300,6,0.04126855447365619,0.5622675687467545,0.106
100,rare_cluster,lr,isotonic,window,W300,7,0.022050408765691136,0.5805007162795977,0.092
100,rare_cluster,lr,isotonic,window,W300,8,0.05218783515413203,0.48590364611791254,0.074
100,rare_cluster,lr,isotonic,expanding,all,0,0.04715281007997825,0.5408820812702834,0.114
100,rare_cluster,lr,isotonic,expanding,all,1,0.03487602898512727,0.4863030921340993,0.09
100,rare_cluster,lr,isotonic,expanding,all,2,0.033326567866659884,0.5071184506564002,0.118
100,rare_cluster,lr,isotonic,expanding,all,3,0.038529566113876854,0.555603165050285,0.12
100,rare_cluster,lr,isotonic,expanding,all,4,0.058717186353964085,0.5861134249128015,0.148
100,rare_cluster,lr,isotonic,expanding,all,5,0.032330689697345594,0.5458280420885516,0.128
100,rare_cluster,lr,isotonic,expanding,all,6,0.047295580540772056,0.5632721408233131,0.14
100,rare_cluster,lr,isotonic,expanding,all,7,0.03655867347564185,0.5731571163788103,0.14
100,rare_cluster,lr,isotonic,expanding,all,8,0.03616511574205186,0.48585053051582805,0.094
100,rare_cluster,lr,isotonic,decay,HL150,0,0.030706656898632924,0.5451730893718165,0.11
100,rare_cluster,lr,isotonic,decay,HL150,1,0.04149769512244492,0.48926464914249784,0.112
100,rare_cluster,lr,isotonic,decay,HL150,2,0.05714095604628926,0.511318881235385,0.114
100,rare_cluster,lr,isotonic,decay,HL150,3,0.037176591861644445,0.5590546263435194,0.122
100,rare_cluster,lr,isotonic,decay,HL150,4,0.0332650016629596,0.5852821679642267,0.156
100,rare_cluster,lr,isotonic,decay,HL150,5,0.03594885534982152,0.5497272629723577,0.148
100,rare_cluster,lr,isotonic,decay,HL150,6,0.0354772764041392,0.5627764487191949,0.1
100,rare_cluster,lr,isotonic,decay,HL150,7,0.02679770218287878,0.5784096439859246,0.106
100,rare_cluster,lr,isotonic,decay,HL150,8,0.06017743262266181,0.484066086684596,0.076
100,rare_cluster,gbm,temperature,static,,0,0.043362311005507276,0.5948664365817702,0.096
100,rare_cluster,gbm,temperature,static,,1,0.05408011752542608,0.5325788881736223,0.068
100,rare_cluster,gbm,temperature,static,,2,0.04771080167360498,0.5422364888973915,0.092
100,rare_cluster,gbm,temperature,static,,3,0.06620029177506467,0.5991083794876734,0.1
100,rare_cluster,gbm,temperature,static,,4,0.04439506782519628,0.6082815177982133,0.1
100,rare_cluster,gbm,temperature,static,,5,0.038315204746015574,0.582704263024525,0.092
100,rare_cluster,gbm,temperature,static,,6,0.07366568927251615,0.6032618486177359,0.094
100,rare_cluster,gbm,temperature,static,,7,0.04865061511167969,0.605431336988172,0.106
100,rare_cluster,gbm,temperature,static,,8,0.0382187343351182,0.5322552569977674,0.066
100,rare_cluster,gbm,temperature,window,W300,0,0.02159343284772715,0.5926615139789554,0.05
100,rare_cluster,gbm,temperature,window,W300,1,0.04290321878360716,0.5324131777145638,0.092
100,rare_cluster,gbm,temperature,window,W300,2,0.03971350633359988,0.5435152613046276,0.126
100,rare_cluster,gbm,temperature,window,W300,3,0.03555296995485042,0.5975728387819874,0.052
100,rare_cluster,gbm,temperature,window,W300,4,0.01805278177614836,0.6061161901943956,0.06
100,rare_cluster,gbm,temperature,window,W300,5,0.03470576472534647,0.5829676363737207,0.074
100,rare_cluster,gbm,temperature,window,W300,6,0.04713996935934617,0.600958397232425,0.062
100,rare_cluster,gbm,temperature,window,W300,7,0.03823019210947234,0.6037184991422329,0.052
100,rare_cluster,gbm,temperature,window,W300,8,0.035989087361758626,0.5314214370258766,0.054
100,rare_cluster,gbm,temperature,expanding,all,0,0.02951842615651626,0.5936683069797556,0.078
100,rare_cluster,gbm,temperature,expanding,all,1,0.04814731225659797,0.5336460488439619,0.066
100,rare_cluster,gbm,temperature,expanding,all,2,0.04349119192489648,0.5427375858038436,0.084
100,rare_cluster,gbm,temperature,expanding,all,3,0.05804739042443782,0.5981785427734461,0.09
100,rare_cluster,gbm,temperature,expanding,all,4,0.03125480860474736,0.6068220157215662,0.09
100,rare_cluster,gbm,temperature,expanding,all,5,0.03260590470804326,0.5821020066383757,0.086
100,rare_cluster,gbm,temperature,expanding,all,6,0.06238122024773747,0.6009553133727561,0.082
100,rare_cluster,gbm,temperature,expanding,all,7,0.05348830495142322,0.6030147952241666,0.088
100,rare_cluster,gbm,temperature,expanding,all,8,0.03582766935464955,0.5339703060861235,0.056
100,rare_cluster,gbm,temperature,decay,HL150,0,0.027370353905207142,0.5923947623010448,0.06
100,rare_cluster,gbm,temperature,decay,HL150,1,0.04365003560703174,0.532761760875144,0.088
100,rare_cluster,gbm,temperature,decay,HL150,2,0.054220799212999084,0.5428148234048016,0.118
100,rare_cluster,gbm,temperature,decay,HL150,3,0.025507151575311488,0.5973893295247722,0.056
100,rare_cluster,gbm,temperature,decay,HL150,4,0.03677238758947875,0.6055702563381123,0.058
100,rare_cluster,gbm,temperature,decay,HL150,5,0.03601326281516296,0.58334842578641,0.072
100,rare_cluster,gbm,temperature,decay,HL150,6,0.04670219379259698,0.5998045350605126,0.062
100,rare_cluster,gbm,temperature,decay,HL150,7,0.031808769958370134,0.602079595248883,0.046
100,rare_cluster,gbm,temperature,decay,HL150,8,0.03832850493261357,0.5323394918804094,0.05
100,rare_cluster,gbm,beta,static,,0,0.05122269770249888,0.6239551177650139,0.094
100,rare_cluster,gbm,beta,static,,1,0.027817313835003132,0.5484249651444975,0.076
100,rare_cluster,gbm,beta,static,,2,0.05332174476985253,0.5608486438440493,0.09
100,rare_cluster,gbm,beta,static,,3,0.07199908582398049,0.6176838047187797,0.104
100,rare_cluster,gbm,beta,static,,4,0.07116300522692445,0.6257405247148617,0.096
100,rare_cluster,gbm,beta,static,,5,0.0552792699531334,0.5941831888387518,0.096
100,rare_cluster,gbm,beta,static,,6,0.0743080606090125,0.621044258841835,0.104
100,rare_cluster,gbm,beta,static,,7,0.0555967600825384,0.6329327165744122,0.102
100,rare_cluster,gbm,beta,static,,8,0.031027019762602477,0.5506438540351065,0.07
100,rare_cluster,gbm,beta,window,W300,0,0.021224639942613782,0.6255119859388363,0.056
100,rare_cluster,gbm,beta,window,W300,1,0.04052126527465167,0.5484387985117294,0.098
100,rare_cluster,gbm,beta,window,W300,2,0.047334886832905515,0.5649157959526298,0.132
100,rare_cluster,gbm,beta,window,W300,3,0.04801122840482876,0.6174847575682875,0.068
100,rare_cluster,gbm,beta,window,W300,4,0.04027681193847488,0.6272319781893445,0.066
100,rare_cluster,gbm,beta,window,W300,5,0.04522346363021737,0.5981828603370332,0.064
100,rare_cluster,gbm,beta,window,W300,6,0.054900120296564894,0.621926480951643,0.068
100,rare_cluster,gbm,beta,window,W300,7,0.017891410074282063,0.6402910896821304,0.062
100,rare_cluster,gbm,beta,window,W300,8,0.06769621322004095,0.5521576876943061,0.056
100,rare_cluster,gbm,beta,expanding,all,0,0.033554489046625134,0.6239021499287865,0.088
100,rare_cluster,gbm,beta,expanding,all,1,0.04963265960400344,0.5494989195421192,0.068
100,rare_cluster,gbm,beta,expanding,all,2,0.052687996830545814,0.5622498117315129,0.084
100,rare_cluster,gbm,beta,expanding,all,3,0.06072362737661716,0.6162556059454201,0.096
100,rare_cluster,gbm,beta,expanding,all,4,0.06340963723470008,0.6252409670658223,0.088
100,rare_cluster,gbm,beta,expanding,all,5,0.025962804658506578,0.5946276679368124,0.086
100,rare_cluster,gbm,beta,expanding,all,6,0.0862927105807328,0.6201795083353036,0.09
100,rare_cluster,gbm,beta,expanding,all,7,0.04254275757388415,0.6325063369950897,0.078
100,rare_cluster,gbm,beta,expanding,all,8,0.03868967873124489,0.5541569208266658,0.056
100,rare_cluster,gbm,beta,decay,HL150,0,0.021541496423504652,0.6253581753129965,0.062
100,rare_cluster,gbm,beta,decay,HL150,1,0.04068930105205075,0.5502204263424453,0.084
100,rare_cluster,gbm,beta,decay,HL150,2,0.03690157724256491,0.5626352725671306,0.12
100,rare_cluster,gbm,beta,decay,HL150,3,0.04958527687289381,0.6175517947421998,0.082
100,rare_cluster,gbm,beta,decay,HL150,4,0.03176708832062644,0.6261738665173131,0.056
100,rare_cluster,gbm,beta,decay,HL150,5,0.042030580573746944,0.598565172009526,0.066
100,rare_cluster,gbm,beta,decay,HL150,6,0.050604424617768276,0.621130330646872,0.058
100,rare_cluster,gbm,beta,decay,HL150,7,0.020937613818189666,0.6370745806106105,0.048
100,rare_cluster,gbm,beta,decay,HL150,8,0.05798047056400406,0.5511813044616934,0.052
100,rare_cluster,gbm,isotonic,static,,0,0.05176845411229499,0.625481223264994,0.134
100,rare_cluster,gbm,isotonic,static,,1,0.058526995770011955,0.5491150337496202,0.11
100,rare_cluster,gbm,isotonic,static,,2,0.04953540972137693,0.5600682950207578,0.12
100,rare_cluster,gbm,isotonic,static,,3,0.07542951356969121,0.6172912164719535,0.126
100,rare_cluster,gbm,isotonic,static,,4,0.0565035138095209,0.6284698318571336,0.144
100,rare_cluster,gbm,isotonic,static,,5,0.06515068181100171,0.5942631513394754,0.128
100,rare_cluster,gbm,isotonic,static,,6,0.0886552290519983,0.6201387690376337,0.134
100,rare_cluster,gbm,isotonic,static,,7,0.06311437359871896,0.6330082540985591,0.136
100,rare_cluster,gbm,isotonic,static,,8,0.026743620789411615,0.5507418145302643,0.102
100,rare_cluster,gbm,isotonic,window,W300,0,0.0369096477161274,0.6293640184434235,0.056
100,rare_cluster,gbm,isotonic,window,W300,1,0.05043901987771039,0.550533834669635,0.096
100,rare_cluster,gbm,isotonic,window,W300,2,0.05795711023613999,0.564020801183914,0.138
100,rare_cluster,gbm,isotonic,window,W300,3,0.048338147879294475,0.6196417113762921,0.062
100,rare_cluster,gbm,isotonic,window,W300,4,0.04442347536241177,0.6265609066857429,0.088
100,rare_cluster,gbm,isotonic,window,W300,5,0.05228863388295031,0.5954215762178251,0.102
100,rare_cluster,gbm,isotonic,window,W300,6,0.057951148718954563,0.6228643498683776,0.076
100,rare_cluster,gbm,isotonic,window,W300,7,0.01798224932770371,0.638342735539431,0.048
100,rare_cluster,gbm,isotonic,window,W300,8,0.025008581406613693,0.5518523224441615,0.05
100,rare_cluster,gbm,isotonic,expanding,all,0,0.03316046225119753,0.6252623186133407,0.09
100,rare_cluster,gbm,isotonic,expanding,all,1,0.05696949429291358,0.5483682388829845,0.074
100,rare_cluster,gbm,isotonic,expanding,all,2,0.04274791850172218,0.5630431176277324,0.09
100,rare_cluster,gbm,isotonic,expanding,all,3,0.06135227579723199,0.6175011687770738,0.086
100,rare_cluster,gbm,isotonic,expanding,all,4,0.04384272483222301,0.6262767561494454,0.074
100,rare_cluster,gbm,isotonic,expanding,all,5,0.0572371334425413,0.5953039120227461,0.096
100,rare_cluster,gbm,isotonic,expanding,all,6,0.0827650004902163,0.6185129472940047,0.084
100,rare_cluster,gbm,isotonic,expanding,all,7,0.0466249424926942,0.631428915810373,0.06
100,rare_cluster,gbm,isotonic,expanding,all,8,0.033637395764182974,0.5546512195100395,0.042
100,rare_cluster,gbm,isotonic,decay,HL150,0,0.02407040408154509,0.6263435179418356,0.068
100,rare_cluster,gbm,isotonic,decay,HL150,1,0.0406384943747696,0.552325526527484,0.076
100,rare_cluster,gbm,isotonic,decay,HL150,2,0.04609282977765737,0.5628256834789785,0.094
100,rare_cluster,gbm,isotonic,decay,HL150,3,0.05198887424712621,0.6207951059479434,0.064
100,rare_cluster,gbm,isotonic,decay,HL150,4,0.040413496540133716,0.6280589929934167,0.09
100,rare_cluster,gbm,isotonic,decay,HL150,5,0.04937154158681421,0.5964458603787294,0.122
100,rare_cluster,gbm,isotonic,decay,HL150,6,0.05466526953442642,0.6228228490480876,0.044
100,rare_cluster,gbm,isotonic,decay,HL150,7,0.021573402162583768,0.6367269333687893,0.022
100,rare_cluster,gbm,isotonic,decay,HL150,8,0.030266444352909542,0.553433725043663,0.046
101,none,lr,temperature,static,,0,0.037841182045116134,0.5031213091000573,0.09
101,none,lr,temperature,static,,1,0.05619926213937226,0.5427279208638475,0.128
101,none,lr,temperature,static,,2,0.033839877224953775,0.5351039880118696,0.094
101,none,lr,temperature,static,,3,0.0446382012108949,0.5594959085559685,0.142
101,none,lr,temperature,static,,4,0.06324550370111866,0.5472575808540088,0.118
101,none,lr,temperature,static,,5,0.06849343498360602,0.5546191327516004,0.114
101,none,lr,temperature,static,,6,0.03891544033704119,0.4998111470514726,0.088
101,none,lr,temperature,static,,7,0.044693583715323795,0.5532544532734567,0.09
101,none,lr,temperature,static,,8,0.039917937893936356,0.5331328836897656,0.116
101,none,lr,temperature,window,W300,0,0.03717893637217173,0.5039965246891371,0.114
101,none,lr,temperature,window,W300,1,0.04564818353956519,0.5441898730189477,0.126
101,none,lr,temperature,window,W300,2,0.023149240530462627,0.5361210968819246,0.08
101,none,lr,temperature,window,W300,3,0.04905336923287209,0.561545559322145,0.136
101,none,lr,temperature,window,W300,4,0.03474360394924955,0.5498782327577747,0.088
101,none,lr,temperature,window,W300,5,0.036519910741918404,0.5545962415191669,0.094
101,none,lr,temperature,window,W300,6,0.04721370361142751,0.499887847336646,0.088
101,none,lr,temperature,window,W300,7,0.05623787208871944,0.5572614421236485,0.1
101,none,lr,temperature,window,W300,8,0.0524658624450902,0.5326354522176763,0.104
101,none,lr,temperature,expanding,all,0,0.04216209041685548,0.5040706729130403,0.088
101,none,lr,temperature,expanding,all,1,0.05712642469583464,0.542254794797519,0.12
101,none,lr,temperature,expanding,all,2,0.025893051237478946,0.535475025427128,0.088
101,none,lr,temperature,expanding,all,3,0.047801667329829836,0.5584942399189284,0.122
101,none,lr,temperature,expanding,all,4,0.05022573666787082,0.5470076419705255,0.11
101,none,lr,temperature,expanding,all,5,0.05295131606621778,0.5542524290777064,0.1
101,none,lr,temperature,expanding,all,6,0.049103253260928736,0.5009885857723585,0.076
101,none,lr,temperature,expanding,all,7,0.06015650095704556,0.5536847975622393,0.082
101,none,lr,temperature,expanding,all,8,0.04325138252931487,0.5330079204228714,0.114
101,none,lr,temperature,decay,HL150,0,0.028353556015803125,0.5033011096815152,0.112
101,none,lr,temperature,decay,HL150,1,0.050395710357007364,0.5445876250313693,0.13
101,none,lr,temperature,decay,HL150,2,0.027284305536422856,0.5352565185363102,0.08
101,none,lr,temperature,decay,HL150,3,0.04649122139521048,0.5608212512539781,0.14
101,none,lr,temperature,decay,HL150,4,0.04251518455038439,0.5492478271705884,0.094
101,none,lr,temperature,decay,HL150,5,0.0520001998285576,0.5544087994185258,0.094
101,none,lr,temperature,decay,HL150,6,0.0464359667810515,0.4996437057316616,0.086
101,none,lr,temperature,decay,HL150,7,0.061865453504290714,0.5547831044684685,0.092
101,none,lr,temperature,decay,HL150,8,0.03982584989724527,0.5327609721928184,0.104
101,none,lr,beta,static,,0,0.03217863746094089,0.5026346319887095,0.096
101,none,lr,beta,static,,1,0.046302889450900865,0.5434375149759008,0.132
101,none,lr,beta,static,,2,0.03977430522617309,0.5355134928143799,0.098
101,none,lr,beta,static,,3,0.051686535561349514,0.5607864133532401,0.144
101,none,lr,beta,static,,4,0.0620193838425765,0.5479310974120375,0.12
101,none,lr,beta,static,,5,0.05980978131350824,0.5548424799827463,0.114
101,none,lr,beta,static,,6,0.03410684980329136,0.49966757693807606,0.088
101,none,lr,beta,static,,7,0.05730428217054768,0.5529449958957924,0.092
101,none,lr,beta,static,,8,0.04696393091893003,0.5327169809490393,0.118
101,none,lr,beta,window,W300,0,0.04343912060940843,0.509509246282872,0.098
101,none,lr,beta,window,W300,1,0.048071090099280796,0.549747862558672,0.138
101,none,lr,beta,window,W300,2,0.03174047866201763,0.5365292217871973,0.076
101,none,lr,beta,window,W300,3,0.026281201660950777,0.5590639705792319,0.11
101,none,lr,beta,window,W300,4,0.03018246171554129,0.5486201525909472,0.088
101,none,lr,beta,window,W300,5,0.04602670526532719,0.5569232796851407,0.104
101,none,lr,beta,window,W300,6,0.04670076170390365,0.5000376006815794,0.09
101,none,lr,beta,window,W300,7,0.029958782471644838,0.5596661885112263,0.124
101,none,lr,beta,window,W300,8,0.03876482438632536,0.5369257399582695,0.14
101,none,lr,beta,expanding,all,0,0.04653463729455876,0.5047301669395776,0.088
101,none,lr,beta,expanding,all,1,0.051497825935186856,0.5426013108876288,0.124
101,none,lr,beta,expanding,all,2,0.02225327161066025,0.535224910979729,0.092
101,none,lr,beta,expanding,all,3,0.043919288986941134,0.5582672725150873,0.124
101,none,lr,beta,expanding,all,4,0.04066149317996782,0.5465713193568433,0.11
101,none,lr,beta,expanding,all,5,0.05123700720926572,0.5543371834621698,0.1
101,none,lr,beta,expanding,all,6,0.050011772710910854,0.5006894837252825,0.076
101,none,lr,beta,expanding,all,7,0.058370691038847164,0.5542706843046258,0.084
101,none,lr,beta,expanding,all,8,0.03558564315352094,0.5334776340001467,0.114
101,none,lr,beta,decay,HL150,0,0.029537699928677736,0.5070665852201995,0.098
101,none,lr,beta,decay,HL150,1,0.04026154603014723,0.5484781577978117,0.134
101,none,lr,beta,decay,HL150,2,0.040801164090123465,0.5366715488995449,0.074
101,none,lr,beta,decay,HL150,3,0.02635383305681516,0.5589311641039233,0.11
101,none,lr,beta,decay,HL150,4,0.02826383033944811,0.5478686676182615,0.092
101,none,lr,beta,decay,HL150,5,0.03185307354259477,0.5570870731912434,0.1
101,none,lr,beta,decay,HL150,6,0.045463179802558415,0.49883859346468074,0.092
101,none,lr,beta,decay,HL150,7,0.0356361320257537,0.5570960528835951,0.118
101,none,lr,beta,decay,HL150,8,0.04434231730776412,0.5351536375040647,0.136
101,none,lr,isotonic,static,,0,0.045915559140239474,0.5033120750178002,0.104
101,none,lr,isotonic,static,,1,0.05455298501631468,0.5442431093472377,0.146
101,none,lr,isotonic,static,,2,0.05483449041144799,0.5348177144389026,0.102
101,none,lr,isotonic,static,,3,0.0510379209852643,0.5625646550342699,0.162
101,none,lr,isotonic,static,,4,0.05478193702686563,0.5492776513067301,0.134
101,none,lr,isotonic,static,,5,0.035742247664780145,0.5576800380134667,0.126
101,none,lr,isotonic,static,,6,0.04373454136222148,0.5029419979201283,0.106
101,none,lr,isotonic,static,,7,0.04457739378127155,0.5538810561642624,0.106
101,none,lr,isotonic,static,,8,0.04062732563893762,0.5348136462154078,0.132
101,none,lr,isotonic,window,W300,0,0.06003197638240179,0.5121959070230018,0.114
101,none,lr,isotonic,window,W300,1,0.05888865240398899,0.5517371967717176,0.13
101,none,lr,isotonic,window,W300,2,0.041094941511049504,0.5366931468834705,0.1
101,none,lr,isotonic,window,W300,3,0.04602629013832087,0.560518600573877,0.138
101,none,lr,isotonic,window,W300,4,0.05083521134080228,0.5469324272115036,0.056
101,none,lr,isotonic,window,W300,5,0.04739290574566118,0.556975507820855,0.116
101,none,lr,isotonic,window,W300,6,0.06290487432119561,0.5023420431219229,0.102
101,none,lr,isotonic,window,W300,7,0.048953962651714325,0.5604381128248398,0.112
101,none,lr,isotonic,window,W300,8,0.043427817024652114,0.5395843987937533,0.154
101,none,lr,isotonic,expanding,all,0,0.05629353151929739,0.5062390019992001,0.086
101,none,lr,isotonic,expanding,all,1,0.03841082950299215,0.5428356958129147,0.11
101,none,lr,isotonic,expanding,all,2,0.043896113354593924,0.5335139610883837,0.096
101,none,lr,isotonic,expanding,all,3,0.051811192154132955,0.5592117372943797,0.15
101,none,lr,isotonic,expanding,all,4,0.0372509365933269,0.5451621173344445,0.106
101,none,lr,isotonic,expanding,all,5,0.04186842928017104,0.5531835376502904,0.088
101,none,lr,isotonic,expanding,all,6,0.041502182531157256,0.5015515168301313,0.062
101,none,lr,isotonic,expanding,all,7,0.04500820373802684,0.5568681349307504,0.07
101,none,lr,isotonic,expanding,all,8,0.029087569186937626,0.5327180564748754,0.088
101,none,lr,isotonic,decay,HL150,0,0.03733463789923874,0.5098148084126103,0.116
101,none,lr,isotonic,decay,HL150,1,0.04650289134355251,0.5517326067801267,0.158
101,none,lr,isotonic,decay,HL150,2,0.046877743549130935,0.5371326179924124,0.102
101,none,lr,isotonic,decay,HL150,3,0.03254396356600928,0.5598744512349183,0.118
101,none,lr,isotonic,decay,HL150,4,0.033287948828840404,0.5479465690792852,0.05
101,none,lr,isotonic,decay,HL150,5,0.04770956220019516,0.5577127253449319,0.094
101,none,lr,isotonic,decay,HL150,6,0.044862685107987944,0.498494738187104,0.104
101,none,lr,isotonic,decay,HL150,7,0.04000960130039234,0.5554674924946915,0.098
101,none,lr,isotonic,decay,HL150,8,0.039074111490313285,0.539440610759086,0.14
101,none,gbm,temperature,static,,0,0.01599752789789194,0.56367055441624,0.074
101,none,gbm,temperature,static,,1,0.08137635341653571,0.5949369441818108,0.092
101,none,gbm,temperature,static,,2,0.023494762057296288,0.5897790605437105,0.08
101,none,gbm,temperature,static,,3,0.053696483793090534,0.5925172646004023,0.082
101,none,gbm,temperature,static,,4,0.04928589410002633,0.5729542957847609,0.08
101,none,gbm,temperature,static,,5,0.06695975869800823,0.589715221482945,0.064
101,none,gbm,temperature,static,,6,0.021186262717483927,0.5685719308285884,0.07
101,none,gbm,temperature,static,,7,0.042549888691670514,0.5958726150488065,0.066
101,none,gbm,temperature,static,,8,0.07381490165993493,0.5776380015611698,0.07
101,none,gbm,temperature,window,W300,0,0.01688650291597701,0.5644347043564815,0.076
101,none,gbm,temperature,window,W300,1,0.0784879041748786,0.5977463703772807,0.082
101,none,gbm,temperature,window,W300,2,0.030914856280329295,0.5902572817284968,0.05
101,none,gbm,temperature,window,W300,3,0.03787675753736635,0.5912693896709025,0.086
101,none,gbm,temperature,window,W300,4,0.04917083249435373,0.5767581685955747,0.04
101,none,gbm,temperature,window,W300,5,0.041843135302110625,0.5895838624328171,0.076
101,none,gbm,temperature,window,W300,6,0.02544340594602016,0.5688533558874102,0.062
101,none,gbm,temperature,window,W300,7,0.04227395068146102,0.5969885666041387,0.062
101,none,gbm,temperature,window,W300,8,0.07759879434407983,0.5782794021626722,0.058
101,none,gbm,temperature,expanding,all,0,0.015226233914999302,0.5641253230217592,0.056
101,none,gbm,temperature,expanding,all,1,0.06243661530246734,0.5937932170028835,0.086
101,none,gbm,temperature,expanding,all,2,0.024285290935824908,0.5894531802390675,0.068
101,none,gbm,temperature,expanding,all,3,0.040677097860432214,0.5915598372094043,0.072
101,none,gbm,temperature,expanding,all,4,0.026844562043956296,0.5736254407941991,0.064
101,none,gbm,temperature,expanding,all,5,0.03568584508858286,0.5893087033750555,0.06
101,none,gbm,temperature,expanding,all,6,0.03052108928020726,0.5692880840001522,0.054
101,none,gbm,temperature,expanding,all,7,0.03243084582251799,0.5957505706045984,0.054
101,none,gbm,temperature,expanding,all,8,0.07665786502336111,0.5773742908554459,0.06
101,none,gbm,temperature,decay,HL150,0,0.019048855027086427,0.5641573689682555,0.082
101,none,gbm,temperature,decay,HL150,1,0.0858922890190521,0.5966769214697796,0.09
101,none,gbm,temperature,decay,HL150,2,0.02841460607948941,0.589961733276195,0.05
101,none,gbm,temperature,decay,HL150,3,0.047015532331299355,0.5919053434333489,0.072
101,none,gbm,temperature,decay,HL150,4,0.04404899275432886,0.574545895947979,0.044
101,none,gbm,temperature,decay,HL150,5,0.04203916794820545,0.5898065661101001,0.064
101,none,gbm,temperature,decay,HL150,6,0.03230876227540719,0.5686562286678076,0.068
101,none,gbm,temperature,decay,HL150,7,0.029971899553614297,0.5959106061722192,0.064
101,none,gbm,temperature,decay,HL150,8,0.062428486439815224,0.5780372063185409,0.062
101,none,gbm,beta,static,,0,0.032040647521305594,0.5755725026142634,0.08
101,none,gbm,beta,static,,1,0.09528199575085172,0.6035155946785894,0.1
101,none,gbm,beta,static,,2,0.019271223095977376,0.6162968370920042,0.086
101,none,gbm,beta,static,,3,0.04253247552276361,0.6128835209489857,0.086
101,none,gbm,beta,static,,4,0.034529312566378784,0.5938124348506624,0.082
101,none,gbm,beta,static,,5,0.05014433748404836,0.612693115788676,0.084
101,none,gbm,beta,static,,6,0.025177986815369383,0.5947973755881324,0.064
101,none,gbm,beta,static,,7,0.03546717555071855,0.6123278977967226,0.082
101,none,gbm,beta,static,,8,0.06662634819200898,0.5938768652532881,0.074
101,none,gbm,beta,window,W300,0,0.03900439103744168,0.577668811665759,0.076
101,none,gbm,beta,window,W300,1,0.08783074693854326,0.6072355546862888,0.076
101,none,gbm,beta,window,W300,2,0.025879370694559145,0.61794347785192,0.05
101,none,gbm,beta,window,W300,3,0.05188628364451729,0.6121800079084765,0.082
101,none,gbm,beta,window,W300,4,0.023781563201059605,0.5988444958477773,0.056
101,none,gbm,beta,window,W300,5,0.04654918242443064,0.6133519415707257,0.112
101,none,gbm,beta,window,W300,6,0.0336084885557676,0.595972327856122,0.068
101,none,gbm,beta,window,W300,7,0.036229157278941944,0.6177038687899865,0.082
101,none,gbm,beta,window,W300,8,0.0801201208022123,0.6007314256623159,0.058
101,none,gbm,beta,expanding,all,0,0.020634959684651826,0.5763226916624508,0.064
101,none,gbm,beta,expanding,all,1,0.09281018328592024,0.6024433687848268,0.086
101,none,gbm,beta,expanding,all,2,0.020036993169857194,0.6175126527127143,0.066
101,none,gbm,beta,expanding,all,3,0.05673129139591513,0.6127791296707176,0.074
101,none,gbm,beta,expanding,all,4,0.020206192005881717,0.5975956966869556,0.054
101,none,gbm,beta,expanding,all,5,0.04904888819646595,0.6137009011240249,0.054
101,none,gbm,beta,expanding,all,6,0.03208844429917684,0.5974033411650713,0.046
101,none,gbm,beta,expanding,all,7,0.019722444883027806,0.613380348062835,0.054
101,none,gbm,beta,expanding,all,8,0.0653977266248219,0.5949163469385521,0.062
101,none,gbm,beta,decay,HL150,0,0.014306505744382282,0.5771319679229371,0.078
101,none,gbm,beta,decay,HL150,1,0.10437573535934352,0.6057847134293731,0.074
101,none,gbm,beta,decay,HL150,2,0.01584818978406792,0.6175246122010706,0.05
101,none,gbm,beta,decay,HL150,3,0.055173893530407254,0.6128427175939607,0.078
101,none,gbm,beta,decay,HL150,4,0.020021121513970026,0.596783317430933,0.054
101,none,gbm,beta,decay,HL150,5,0.05165476921169126,0.6128484678165402,0.098
101,none,gbm,beta,decay,HL150,6,0.02795773779064012,0.5943426050935281,0.062
101,none,gbm,beta,decay,HL150,7,0.028181507356629935,0.6154524727597255,0.082
101,none,gbm,beta,decay,HL150,8,0.08595655311723033,0.5989104039400662,0.06
101,none,gbm,isotonic,static,,0,0.02529561604040745,0.577124321370711,0.072
101,none,gbm,isotonic,static,,1,0.10281913375005051,0.6042076496822497,0.092
101,none,gbm,isotonic,static,,2,0.03858634338008789,0.6164194536328536,0.076
101,none,gbm,isotonic,static,,3,0.0458753683248983,0.6160102901015106,0.076
101,none,gbm,isotonic,static,,4,0.04548522661937083,0.593552953329319,0.076
101,none,gbm,isotonic,static,,5,0.05094936298436634,0.61419751056818,0.07
101,none,gbm,isotonic,static,,6,0.017078737865453046,0.5952041932229286,0.052
101,none,gbm,isotonic,static,,7,0.044550393826754,0.6124973631980968,0.062
101,none,gbm,isotonic,static,,8,0.07175856876418003,0.5949523187908757,0.068
101,none,gbm,isotonic,window,W300,0,0.02252021883807161,0.5783690263396243,0.076
101,none,gbm,isotonic,window,W300,1,0.11050059720445962,0.6118881616626529,0.088
101,none,gbm,isotonic,window,W300,2,0.04107480730219698,0.6233979188668837,0.052
101,none,gbm,isotonic,window,W300,3,0.060811273341479045,0.615438327773038,0.126
101,none,gbm,isotonic,window,W300,4,0.0405515773294971,0.5997095096403874,0.07
101,none,gbm,isotonic,window,W300,5,0.05132580618448438,0.6134926572416686,0.132
101,none,gbm,isotonic,window,W300,6,0.04221065717746811,0.6031750264551758,0.062
101,none,gbm,isotonic,window,W300,7,0.042679784079055996,0.618855422968948,0.102
101,none,gbm,isotonic,window,W300,8,0.06607198136978155,0.601208429863986,0.064
101,none,gbm,isotonic,expanding,all,0,0.015907114798893666,0.5763205101299572,0.086
101,none,gbm,isotonic,expanding,all,1,0.09370753712853538,0.6033728255367096,0.09
101,none,gbm,isotonic,expanding,all,2,0.016907335465500165,0.617157550054287,0.054
101,none,gbm,isotonic,expanding,all,3,0.03787826676470182,0.6115755458903372,0.06
101,none,gbm,isotonic,expanding,all,4,0.026123759835382558,0.5977167241896528,0.046
101,none,gbm,isotonic,expanding,all,5,0.03715732999363748,0.6131014445431041,0.048
101,none,gbm,isotonic,expanding,all,6,0.031529674332838896,0.5961755235951379,0.04
101,none,gbm,isotonic,expanding,all,7,0.026942208558289365,0.6115263012278572,0.042
101,none,gbm,isotonic,expanding,all,8,0.06615936935727852,0.5947001855457948,0.048
101,none,gbm,isotonic,decay,HL150,0,0.014881237983443322,0.5777028693601693,0.052
101,none,gbm,isotonic,decay,HL150,1,0.11046718171503035,0.6081813526856382,0.106
101,none,gbm,isotonic,decay,HL150,2,0.0344094245309162,0.6205079347644842,0.054
101,none,gbm,isotonic,decay,HL150,3,0.04785068074080173,0.614443075147111,0.112
101,none,gbm,isotonic,decay,HL150,4,0.019856735057802246,0.5986443920699515,0.068
101,none,gbm,isotonic,decay,HL150,5,0.04224257164144606,0.6144335749459613,0.116
101,none,gbm,isotonic,decay,HL150,6,0.03264167038031968,0.5988461278131988,0.068
101,none,gbm,isotonic,decay,HL150,7,0.0357073175179234,0.6158860533201096,0.08
101,none,gbm,isotonic,decay,HL150,8,0.06896894303167436,0.5996224473095431,0.062
101,vol_jump,lr,temperature,static,,0,0.037841182045116134,0.5031213091000573,0.09
101,vol_jump,lr,temperature,static,,1,0.05619926213937226,0.5427279208638475,0.128
101,vol_jump,lr,temperature,static,,2,0.033839877224953775,0.5351039880118696,0.094
101,vol_jump,lr,temperature,static,,3,0.10063820121089488,0.6455776326579121,0.186
101,vol_jump,lr,temperature,static,,4,0.09618467177444584,0.629816373362925,0.158
101,vol_jump,lr,temperature,static,,5,0.08849343498360598,0.6268046526310163,0.15
101,vol_jump,lr,temperature,static,,6,0.060972320464095266,0.5979202486125942,0.144
101,vol_jump,lr,temperature,static,,7,0.08159194809289208,0.6276620404984417,0.126
101,vol_jump,lr,temperature,static,,8,0.047525407424350304,0.5980447152901124,0.146
101,vol_jump,lr,temperature,window,W300,0,0.03717893637217173,0.5039965246891371,0.114
101,vol_jump,lr,temperature,window,W300,1,0.04564818353956519,0.5441898730189477,0.126
101,vol_jump,lr,temperature,window,W300,2,0.023149240530462627,0.5361210968819246,0.08
101,vol_jump,lr,temperature,window,W300,3,0.044064932585520154,0.6345656950295381,0.1
101,vol_jump,lr,temperature,window,W300,4,0.06076932027551789,0.6212827753167114,0.016
101,vol_jump,lr,temperature,window,W300,5,0.051926169212813296,0.6165781989505806,0.028
101,vol_jump,lr,temperature,window,W300,6,0.05384144787102884,0.5925527949052803,0.052
101,vol_jump,lr,temperature,window,W300,7,0.07349836754844054,0.623695395931457,0.052
101,vol_jump,lr,temperature,window,W300,8,0.052998458372838286,0.5931590591797299,0.042
101,vol_jump,lr,temperature,expanding,all,0,0.04216209041685548,0.5040706729130403,0.088
101,vol_jump,lr,temperature,expanding,all,1,0.05712642469583464,0.542254794797519,0.12
101,vol_jump,lr,temperature,expanding,all,2,0.025893051237478946,0.535475025427128,0.088
101,vol_jump,lr,temperature,expanding,all,3,0.0869429009326938,0.6404136668815333,0.162
101,vol_jump,lr,temperature,expanding,all,4,0.0580068930128229,0.623404676644426,0.13
101,vol_jump,lr,temperature,expanding,all,5,0.045010051005839685,0.6196041014483662,0.1
101,vol_jump,lr,temperature,expanding,all,6,0.0448485105236614,0.591321696548893,0.096
101,vol_jump,lr,temperature,expanding,all,7,0.07442600460460083,0.6203745795260094,0.088
101,vol_jump,lr,temperature,expanding,all,8,0.04356688861326297,0.5914332122189603,0.09
101,vol_jump,lr,temperature,decay,HL150,0,0.028353556015803125,0.5033011096815152,0.112
101,vol_jump,lr,temperature,decay,HL150,1,0.050395710357007364,0.5445876250313693,0.13
101,vol_jump,lr,temperature,decay,HL150,2,0.027284305536422856,0.5352565185363102,0.08
101,vol_jump,lr,temperature,decay,HL150,3,0.04272682203553094,0.632461658658623,0.1
101,vol_jump,lr,temperature,decay,HL150,4,0.056186853437435534,0.6199851951810529,0.022
101,vol_jump,lr,temperature,decay,HL150,5,0.04481449053256036,0.6179373599556973,0.034
101,vol_jump,lr,temperature,decay,HL150,6,0.0679203113884887,0.5926017930833651,0.048
101,vol_jump,lr,temperature,decay,HL150,7,0.0609682901837195,0.6202397713741277,0.044
101,vol_jump,lr,temperature,decay,HL150,8,0.05685312963199374,0.5940262508509663,0.038
101,vol_jump,lr,beta,static,,0,0.03217863746094089,0.5026346319887095,0.096
101,vol_jump,lr,beta,static,,1,0.046302889450900865,0.5434375149759008,0.132
101,vol_jump,lr,beta,static,,2,0.03977430522617309,0.5355134928143799,0.098
101,vol_jump,lr,beta,static,,3,0.10768653556134954,0.6470003672951747,0.188
101,vol_jump,lr,beta,static,,4,0.10388218569618844,0.6306696708803146,0.16
101,vol_jump,lr,beta,static,,5,0.08770446508913164,0.627159517955139,0.15
101,vol_jump,lr,beta,static,,6,0.06821780511502552,0.5988244849227803,0.144
101,vol_jump,lr,beta,static,,7,0.09440948233469079,0.6277910513230577,0.128
101,vol_jump,lr,beta,static,,8,0.056148892053388424,0.5978598107436669,0.148
101,vol_jump,lr,beta,window,W300,0,0.04343912060940843,0.509509246282872,0.098
101,vol_jump,lr,beta,window,W300,1,0.048071090099280796,0.549747862558672,0.138
101,vol_jump,lr,beta,window,W300,2,0.03174047866201763,0.5365292217871973,0.076
101,vol_jump,lr,beta,window,W300,3,0.048675608815292475,0.6398577298643426,0.096
101,vol_jump,lr,beta,window,W300,4,0.04333066056239781,0.6312796960506446,0.05
101,vol_jump,lr,beta,window,W300,5,0.028884804833394624,0.6286191771406009,0.086
101,vol_jump,lr,beta,window,W300,6,0.047005346376641194,0.5985881483356893,0.098
101,vol_jump,lr,beta,window,W300,7,0.04922010560023181,0.6332544735806885,0.126
101,vol_jump,lr,beta,window,W300,8,0.039101359390504534,0.6042186776001822,0.122
101,vol_jump,lr,beta,expanding,all,0,0.04653463729455876,0.5047301669395776,0.088
101,vol_jump,lr,beta,expanding,all,1,0.051497825935186856,0.5426013108876288,0.124
101,vol_jump,lr,beta,expanding,all,2,0.02225327161066025,0.535224910979729,0.092
101,vol_jump,lr,beta,expanding,all,3,0.08721329770726297,0.6418293760476969,0.164
101,vol_jump,lr,beta,expanding,all,4,0.06238268893992207,0.6261903759722062,0.138
101,vol_jump,lr,beta,expanding,all,5,0.0648156363004197,0.6240264503796218,0.118
101,vol_jump,lr,beta,expanding,all,6,0.03643238740075521,0.5946396803363232,0.11
101,vol_jump,lr,beta,expanding,all,7,0.06525699591569718,0.6257895194190981,0.102
101,vol_jump,lr,beta,expanding,all,8,0.04027181958619293,0.5967814183326814,0.112
101,vol_jump,lr,beta,decay,HL150,0,0.029537699928677736,0.5070665852201995,0.098
101,vol_jump,lr,beta,decay,HL150,1,0.04026154603014723,0.5484781577978117,0.134
101,vol_jump,lr,beta,decay,HL150,2,0.040801164090123465,0.5366715488995449,0.074
101,vol_jump,lr,beta,decay,HL150,3,0.07122431027290589,0.6398614977591637,0.108
101,vol_jump,lr,beta,decay,HL150,4,0.06105840305048051,0.6293267638099477,0.05
101,vol_jump,lr,beta,decay,HL150,5,0.026423520643873856,0.6291750900831041,0.084
101,vol_jump,lr,beta,decay,HL150,6,0.05695922466873282,0.5972973686386159,0.096
101,vol_jump,lr,beta,decay,HL150,7,0.0470116889675698,0.6300812829657227,0.124
101,vol_jump,lr,beta,decay,HL150,8,0.02357359904332942,0.6019535565669598,0.12
101,vol_jump,lr,isotonic,static,,0,0.045915559140239474,0.5033120750178002,0.104
101,vol_jump,lr,isotonic,static,,1,0.05455298501631468,0.5442431093472377,0.146
101,vol_jump,lr,isotonic,static,,2,0.05483449041144799,0.5348177144389026,0.102
101,vol_jump,lr,isotonic,static,,3,0.10703792098526432,0.6491840697857537,0.208
101,vol_jump,lr,isotonic,static,,4,0.0958842588791138,0.6320198430817082,0.174
101,vol_jump,lr,isotonic,static,,5,0.07399572735729114,0.6308487380032867,0.162
101,vol_jump,lr,isotonic,static,,6,0.06944348036064131,0.6029923820031231,0.164
101,vol_jump,lr,isotonic,static,,7,0.09384112690349525,0.6299572764659954,0.146
101,vol_jump,lr,isotonic,static,,8,0.06744836190960243,0.6001597765497892,0.166
101,vol_jump,lr,isotonic,window,W300,0,0.06003197638240179,0.5121959070230018,0.114
101,vol_jump,lr,isotonic,window,W300,1,0.05888865240398899,0.5517371967717176,0.13
101,vol_jump,lr,isotonic,window,W300,2,0.041094941511049504,0.5366931468834705,0.1
101,vol_jump,lr,isotonic,window,W300,3,0.06747395384591001,0.6408155437238268,0.084
101,vol_jump,lr,isotonic,window,W300,4,0.02538002277585385,0.6305153975204657,0.052
101,vol_jump,lr,isotonic,window,W300,5,0.02724290282150356,0.6273650178350075,0.084
101,vol_jump,lr,isotonic,window,W300,6,0.04424805621101442,0.6014981397827535,0.096
101,vol_jump,lr,isotonic,window,W300,7,0.025707560694677833,0.6301077487667471,0.122
101,vol_jump,lr,isotonic,window,W300,8,0.04269285542067467,0.6057787749130593,0.118
101,vol_jump,lr,isotonic,expanding,all,0,0.05629353151929739,0.5062390019992001,0.086
101,vol_jump,lr,isotonic,expanding,all,1,0.03841082950299215,0.5428356958129147,0.11
101,vol_jump,lr,isotonic,expanding,all,2,0.043896113354593924,0.5335139610883837,0.096
101,vol_jump,lr,isotonic,expanding,all,3,0.09373692739573665,0.6450411925647849,0.186
101,vol_jump,lr,isotonic,expanding,all,4,0.06295287610043998,0.6254717043928938,0.136
101,vol_jump,lr,isotonic,expanding,all,5,0.05149996732942003,0.6249934246838077,0.106
101,vol_jump,lr,isotonic,expanding,all,6,0.046456558213467586,0.596881393685264,0.096
101,vol_jump,lr,isotonic,expanding,all,7,0.04613019286145559,0.629913673721692,0.094
101,vol_jump,lr,isotonic,expanding,all,8,0.034879933028637296,0.5961427831929094,0.096
101,vol_jump,lr,isotonic,decay,HL150,0,0.03733463789923874,0.5098148084126103,0.116
101,vol_jump,lr,isotonic,decay,HL150,1,0.04650289134355251,0.5517326067801267,0.158
101,vol_jump,lr,isotonic,decay,HL150,2,0.046877743549130935,0.5371326179924124,0.102
101,vol_jump,lr,isotonic,decay,HL150,3,0.06850360149237163,0.6426449488573919,0.084
101,vol_jump,lr,isotonic,decay,HL150,4,0.042917721942961826,0.6299073160168677,0.044
101,vol_jump,lr,isotonic,decay,HL150,5,0.042756646866588637,0.6282126854988602,0.068
101,vol_jump,lr,isotonic,decay,HL150,6,0.026393186601689225,0.5978308174952893,0.086
101,vol_jump,lr,isotonic,decay,HL150,7,0.0389171698658957,0.6249930895278687,0.1
101,vol_jump,lr,isotonic,decay,HL150,8,0.041656451646764354,0.6048770153116241,0.106
101,vol_jump,gbm,temperature,static,,0,0.01599752789789194,0.56367055441624,0.074
101,vol_jump,gbm,temperature,static,,1,0.08137635341653571,0.5949369441818108,0.092
101,vol_jump,gbm,temperature,static,,2,0.023494762057296288,0.5897790605437105,0.08
101,vol_jump,gbm,temperature,static,,3,0.09915535839508198,0.6443886008168477,0.1
101,vol_jump,gbm,temperature,static,,4,0.06134015794751151,0.6319443168492612,0.104
101,vol_jump,gbm,temperature,static,,5,0.07495975869800824,0.6410099205044921,0.088
101,vol_jump,gbm,temperature,static,,6,0.06314384199557588,0.6337517725534452,0.104
101,vol_jump,gbm,temperature,static,,7,0.058870700276873994,0.6430099018956109,0.1
101,vol_jump,gbm,temperature,static,,8,0.0683130674884322,0.6193734621727349,0.092
101,vol_jump,gbm,temperature,window,W300,0,0.01688650291597701,0.5644347043564815,0.076
101,vol_jump,gbm,temperature,window,W300,1,0.0784879041748786,0.5977463703772807,0.082
101,vol_jump,gbm,temperature,window,W300,2,0.030914856280329295,0.5902572817284968,0.05
101,vol_jump,gbm,temperature,window,W300,3,0.034612922578434645,0.6347369613652325,0.05
101,vol_jump,gbm,temperature,window,W300,4,0.060081398883890476,0.629698435336019,0.012
101,vol_jump,gbm,temperature,window,W300,5,0.036568910506282214,0.6313217230709294,0.032
101,vol_jump,gbm,temperature,window,W300,6,0.021682077171779637,0.626333606170576,0.016
101,vol_jump,gbm,temperature,window,W300,7,0.041345708929631526,0.6369153876294383,0.022
101,vol_jump,gbm,temperature,window,W300,8,0.03850716394902639,0.614997459154899,0.03
101,vol_jump,gbm,temperature,expanding,all,0,0.015226233914999302,0.5641253230217592,0.056
101,vol_jump,gbm,temperature,expanding,all,1,0.06243661530246734,0.5937932170028835,0.086
101,vol_jump,gbm,temperature,expanding,all,2,0.024285290935824908,0.5894531802390675,0.068
101,vol_jump,gbm,temperature,expanding,all,3,0.07644578417527809,0.6400873598933277,0.076
101,vol_jump,gbm,temperature,expanding,all,4,0.029394649618557808,0.6279154362500592,0.068
101,vol_jump,gbm,temperature,expanding,all,5,0.033999565271983924,0.6349501009921483,0.072
101,vol_jump,gbm,temperature,expanding,all,6,0.03603822142546041,0.6275392641148493,0.052
101,vol_jump,gbm,temperature,expanding,all,7,0.030346399919113285,0.6365813475572855,0.06
101,vol_jump,gbm,temperature,expanding,all,8,0.036790927023384934,0.6144018169995056,0.056
101,vol_jump,gbm,temperature,decay,HL150,0,0.019048855027086427,0.5641573689682555,0.082
101,vol_jump,gbm,temperature,decay,HL150,1,0.0858922890190521,0.5966769214697796,0.09
101,vol_jump,gbm,temperature,decay,HL150,2,0.02841460607948941,0.589961733276195,0.05
101,vol_jump,gbm,temperature,decay,HL150,3,0.03996719451532165,0.6345776461698933,0.05
101,vol_jump,gbm,temperature,decay,HL150,4,0.04852338934800955,0.6260583478927271,0.016
101,vol_jump,gbm,temperature,decay,HL150,5,0.02134512220427338,0.6318808211897118,0.028
101,vol_jump,gbm,temperature,decay,HL150,6,0.020345700353597014,0.6262881065557713,0.02
101,vol_jump,gbm,temperature,decay,HL150,7,0.024393155931812602,0.6351359218526035,0.014
101,vol_jump,gbm,temperature,decay,HL150,8,0.04669083947574926,0.6156774743193032,0.03
101,vol_jump,gbm,beta,static,,0,0.032040647521305594,0.5755725026142634,0.08
101,vol_jump,gbm,beta,static,,1,0.09528199575085172,0.6035155946785894,0.1
101,vol_jump,gbm,beta,static,,2,0.019271223095977376,0.6162968370920042,0.086
101,vol_jump,gbm,beta,static,,3,0.09929151523313631,0.6770097975472471,0.1
101,vol_jump,gbm,beta,static,,4,0.06130975577443338,0.6772633286729155,0.108
101,vol_jump,gbm,beta,static,,5,0.0726395941672415,0.6823688070192877,0.11
101,vol_jump,gbm,beta,static,,6,0.07643072683332273,0.6655821127990583,0.098
101,vol_jump,gbm,beta,static,,7,0.05690944450089121,0.6706788640256375,0.112
101,vol_jump,gbm,beta,static,,8,0.07178573536728611,0.6510752398839453,0.094
101,vol_jump,gbm,beta,window,W300,0,0.03900439103744168,0.577668811665759,0.076
101,vol_jump,gbm,beta,window,W300,1,0.08783074693854326,0.6072355546862888,0.076
101,vol_jump,gbm,beta,window,W300,2,0.025879370694559145,0.61794347785192,0.05
101,vol_jump,gbm,beta,window,W300,3,0.07606042214848098,0.6757096650948281,0.072
101,vol_jump,gbm,beta,window,W300,4,0.03261102239989642,0.6858799991938594,0.03
101,vol_jump,gbm,beta,window,W300,5,0.052332780442502815,0.6838059611147798,0.096
101,vol_jump,gbm,beta,window,W300,6,0.033031109863849495,0.6670708153936089,0.048
101,vol_jump,gbm,beta,window,W300,7,0.023740598530715706,0.6687598556017449,0.034
101,vol_jump,gbm,beta,window,W300,8,0.06681687984067197,0.6613997545185212,0.038
101,vol_jump,gbm,beta,expanding,all,0,0.020634959684651826,0.5763226916624508,0.064
101,vol_jump,gbm,beta,expanding,all,1,0.09281018328592024,0.6024433687848268,0.086
101,vol_jump,gbm,beta,expanding,all,2,0.020036993169857194,0.6175126527127143,0.066
101,vol_jump,gbm,beta,expanding,all,3,0.0862438881394069,0.674865638599836,0.086
101,vol_jump,gbm,beta,expanding,all,4,0.04885837309773666,0.6792641399619663,0.072
101,vol_jump,gbm,beta,expanding,all,5,0.055215819722026785,0.6819167091541827,0.068
101,vol_jump,gbm,beta,expanding,all,6,0.05549134033464535,0.6645575654123962,0.064
101,vol_jump,gbm,beta,expanding,all,7,0.034822299455456215,0.6679907971474631,0.06
101,vol_jump,gbm,beta,expanding,all,8,0.0669155970342313,0.6523447439083081,0.06
101,vol_jump,gbm,beta,decay,HL150,0,0.014306505744382282,0.5771319679229371,0.078
101,vol_jump,gbm,beta,decay,HL150,1,0.10437573535934352,0.6057847134293731,0.074
101,vol_jump,gbm,beta,decay,HL150,2,0.01584818978406792,0.6175246122010706,0.05
101,vol_jump,gbm,beta,decay,HL150,3,0.07416031848937264,0.6751673560479056,0.062
101,vol_jump,gbm,beta,decay,HL150,4,0.0437550850581219,0.6838076565879385,0.034
101,vol_jump,gbm,beta,decay,HL150,5,0.042524842473230406,0.6833067573084008,0.06
101,vol_jump,gbm,beta,decay,HL150,6,0.06262820334636693,0.6675482669841555,0.036
101,vol_jump,gbm,beta,decay,HL150,7,0.020034254095507558,0.6692443094481809,0.034
101,vol_jump,gbm,beta,decay,HL150,8,0.057832075200092925,0.6609319376388264,0.038
101,vol_jump,gbm,isotonic,static,,0,0.02529561604040745,0.577124321370711,0.072
101,vol_jump,gbm,isotonic,static,,1,0.10281913375005051,0.6042076496822497,0.092
101,vol_jump,gbm,isotonic,static,,2,0.03858634338008789,0.6164194536328536,0.076
101,vol_jump,gbm,isotonic,static,,3,0.10331001104484232,0.6796740115427885,0.09
101,vol_jump,gbm,isotonic,static,,4,0.06398594887991348,0.6772393984545616,0.098
101,vol_jump,gbm,isotonic,static,,5,0.07613044607219299,0.6836732975295702,0.092
101,vol_jump,gbm,isotonic,static,,6,0.08004478140888208,0.6666699361064333,0.084
101,vol_jump,gbm,isotonic,static,,7,0.0591529672091916,0.6701008583939526,0.09
101,vol_jump,gbm,isotonic,static,,8,0.08050649554970896,0.6519749422881387,0.086
101,vol_jump,gbm,isotonic,window,W300,0,0.02252021883807161,0.5783690263396243,0.076
101,vol_jump,gbm,isotonic,window,W300,1,0.11050059720445962,0.6118881616626529,0.088
101,vol_jump,gbm,isotonic,window,W300,2,0.04107480730219698,0.6233979188668837,0.052
101,vol_jump,gbm,isotonic,window,W300,3,0.08598403326837376,0.67645397212842,0.098
101,vol_jump,gbm,isotonic,window,W300,4,0.05364778604974446,0.6907414742191624,0.032
101,vol_jump,gbm,isotonic,window,W300,5,0.06316791761363699,0.6849310146799849,0.134
101,vol_jump,gbm,isotonic,window,W300,6,0.039137125697101635,0.6686270904369702,0.064
101,vol_jump,gbm,isotonic,window,W300,7,0.034411429401317944,0.6700404615174167,0.068
101,vol_jump,gbm,isotonic,window,W300,8,0.05686251031717454,0.6595672537036349,0.064
101,vol_jump,gbm,isotonic,expanding,all,0,0.015907114798893666,0.5763205101299572,0.086
101,vol_jump,gbm,isotonic,expanding,all,1,0.09370753712853538,0.6033728255367096,0.09
101,vol_jump,gbm,isotonic,expanding,all,2,0.016907335465500165,0.617157550054287,0.054
101,vol_jump,gbm,isotonic,expanding,all,3,0.08084844497981039,0.6740557981428922,0.074
101,vol_jump,gbm,isotonic,expanding,all,4,0.061661535668125295,0.6806189584491442,0.068
101,vol_jump,gbm,isotonic,expanding,all,5,0.0621494219817148,0.6809058426757885,0.066
101,vol_jump,gbm,isotonic,expanding,all,6,0.06292772255644898,0.6646116539240984,0.066
101,vol_jump,gbm,isotonic,expanding,all,7,0.040382250252217027,0.6671352325465147,0.064
101,vol_jump,gbm,isotonic,expanding,all,8,0.06988174775158133,0.6524672607405955,0.062
101,vol_jump,gbm,isotonic,decay,HL150,0,0.014881237983443322,0.5777028693601693,0.052
101,vol_jump,gbm,isotonic,decay,HL150,1,0.11046718171503035,0.6081813526856382,0.106
101,vol_jump,gbm,isotonic,decay,HL150,2,0.0344094245309162,0.6205079347644842,0.054
101,vol_jump,gbm,isotonic,decay,HL150,3,0.09200663386795349,0.6739581609293153,0.11
101,vol_jump,gbm,isotonic,decay,HL150,4,0.03209104160846854,0.6888319692971128,0.04
101,vol_jump,gbm,isotonic,decay,HL150,5,0.04970271681721496,0.6841534272628202,0.06
101,vol_jump,gbm,isotonic,decay,HL150,6,0.04640366960584689,0.670996161686823,0.046
101,vol_jump,gbm,isotonic,decay,HL150,7,0.040671340693228426,0.6696434424722114,0.064
101,vol_jump,gbm,isotonic,decay,HL150,8,0.06239016613815392,0.6589081121043248,0.054
101,regime_transition,lr,temperature,static,,0,0.037841182045116134,0.5031213091000573,0.09
101,regime_transition,lr,temperature,static,,1,0.05619926213937226,0.5427279208638475,0.128
101,regime_transition,lr,temperature,static,,2,0.033839877224953775,0.5351039880118696,0.094
101,regime_transition,lr,temperature,static,,3,0.039133306585057946,0.5678787677510887,0.144
101,regime_transition,lr,temperature,static,,4,0.12004672977697446,0.65285845347614,0.172
101,regime_transition,lr,temperature,static,,5,0.10634478208504926,0.6616927458126213,0.17
101,regime_transition,lr,temperature,static,,6,0.13497232046409527,0.6781948588437652,0.206
101,regime_transition,lr,temperature,static,,7,0.11555310949258829,0.6692619852146597,0.162
101,regime_transition,lr,temperature,static,,8,0.18352540742435028,0.71016268474646,0.214
101,regime_transition,lr,temperature,window,W300,0,0.03717893637217173,0.5039965246891371,0.114
101,regime_transition,lr,temperature,window,W300,1,0.04564818353956519,0.5441898730189477,0.126
101,regime_transition,lr,temperature,window,W300,2,0.023149240530462627,0.5361210968819246,0.08
101,regime_transition,lr,temperature,window,W300,3,0.042427538379378765,0.5700236529052352,0.146
101,regime_transition,lr,temperature,window,W300,4,0.02777514630795772,0.6297377113088494,0.058
101,regime_transition,lr,temperature,window,W300,5,0.04165954588034702,0.6352793033808085,0.008
101,regime_transition,lr,temperature,window,W300,6,0.028093800482644902,0.6360425674360584,0.01
101,regime_transition,lr,temperature,window,W300,7,0.022555485528973705,0.6429948565038855,0.026
101,regime_transition,lr,temperature,window,W300,8,0.02976831660486104,0.6484929178190174,0.012
101,regime_transition,lr,temperature,expanding,all,0,0.04216209041685548,0.5040706729130403,0.088
101,regime_transition,lr,temperature,expanding,all,1,0.05712642469583464,0.542254794797519,0.12
101,regime_transition,lr,temperature,expanding,all,2,0.025893051237478946,0.535475025427128,0.088
101,regime_transition,lr,temperature,expanding,all,3,0.033008497304534846,0.5667897837955581,0.128
101,regime_transition,lr,temperature,expanding,all,4,0.10343270861441448,0.6466964502710706,0.16
101,regime_transition,lr,temperature,expanding,all,5,0.0682065534551771,0.6512729260657059,0.134
101,regime_transition,lr,temperature,expanding,all,6,0.09693180803478012,0.6593721937512904,0.154
101,regime_transition,lr,temperature,expanding,all,7,0.074598210840511,0.6532262581397272,0.106
101,regime_transition,lr,temperature,expanding,all,8,0.13082514939471937,0.6785371612325891,0.132
101,regime_transition,lr,temperature,decay,HL150,0,0.028353556015803125,0.5033011096815152,0.112
101,regime_transition,lr,temperature,decay,HL150,1,0.050395710357007364,0.5445876250313693,0.13
101,regime_transition,lr,temperature,decay,HL150,2,0.027284305536422856,0.5352565185363102,0.08
101,regime_transition,lr,temperature,decay,HL150,3,0.0415034873011574,0.5693439185017508,0.144
101,regime_transition,lr,temperature,decay,HL150,4,0.04076800262278411,0.6308400129787787,0.066
101,regime_transition,lr,temperature,decay,HL150,5,0.03615501090640628,0.6348157543350224,0.014
101,regime_transition,lr,temperature,decay,HL150,6,0.03207008564821942,0.635413635518624,0.012
101,regime_transition,lr,temperature,decay,HL150,7,0.018179631867400056,0.6414477345128676,0.022
101,regime_transition,lr,temperature,decay,HL150,8,0.04586707474586597,0.6493373210906687,0.02
101,regime_transition,lr,beta,static,,0,0.03217863746094089,0.5026346319887095,0.096
101,regime_transition,lr,beta,static,,1,0.046302889450900865,0.5434375149759008,0.132
101,regime_transition,lr,beta,static,,2,0.03977430522617309,0.5355134928143799,0.098
101,regime_transition,lr,beta,static,,3,0.04568653556134951,0.5689587167699061,0.146
101,regime_transition,lr,beta,static,,4,0.1252574921408939,0.655015672776958,0.174
101,regime_transition,lr,beta,static,,5,0.10890853233620476,0.6627707351707703,0.17
101,regime_transition,lr,beta,static,,6,0.14221780511502555,0.6810769759209758,0.206
101,regime_transition,lr,beta,static,,7,0.12264328425212141,0.6714621459753786,0.166
101,regime_transition,lr,beta,static,,8,0.19076586635237616,0.7133433156901644,0.218
101,regime_transition,lr,beta,window,W300,0,0.04343912060940843,0.509509246282872,0.098
101,regime_transition,lr,beta,window,W300,1,0.048071090099280796,0.549747862558672,0.138
101,regime_transition,lr,beta,window,W300,2,0.03174047866201763,0.5365292217871973,0.076
101,regime_transition,lr,beta,window,W300,3,0.047571565441835335,0.5705906430362983,0.12
101,regime_transition,lr,beta,window,W300,4,0.04426813105802497,0.6374249679542421,0.086
101,regime_transition,lr,beta,window,W300,5,0.01853100243676605,0.6518197356499531,0.026
101,regime_transition,lr,beta,window,W300,6,0.03293592716886589,0.650064402121074,0.02
101,regime_transition,lr,beta,window,W300,7,0.019774004492349413,0.6538902888832435,0.042
101,regime_transition,lr,beta,window,W300,8,0.07525133060483565,0.6742054953816263,0.04
101,regime_transition,lr,beta,expanding,all,0,0.04653463729455876,0.5047301669395776,0.088
101,regime_transition,lr,beta,expanding,all,1,0.051497825935186856,0.5426013108876288,0.124
101,regime_transition,lr,beta,expanding,all,2,0.02225327161066025,0.535224910979729,0.092
101,regime_transition,lr,beta,expanding,all,3,0.04691149887985833,0.5669617409209012,0.13
101,regime_transition,lr,beta,expanding,all,4,0.09983821626569633,0.647623534571381,0.164
101,regime_transition,lr,beta,expanding,all,5,0.07171762568698188,0.6549708900114126,0.138
101,regime_transition,lr,beta,expanding,all,6,0.10305010312055067,0.6634262679415656,0.162
101,regime_transition,lr,beta,expanding,all,7,0.08065854660941696,0.6571285275295209,0.118
101,regime_transition,lr,beta,expanding,all,8,0.1388932031383679,0.687130976073612,0.152
101,regime_transition,lr,beta,decay,HL150,0,0.029537699928677736,0.5070665852201995,0.098
101,regime_transition,lr,beta,decay,HL150,1,0.04026154603014723,0.5484781577978117,0.134
101,regime_transition,lr,beta,decay,HL150,2,0.040801164090123465,0.5366715488995449,0.074
101,regime_transition,lr,beta,decay,HL150,3,0.05779670360764451,0.5696462991170642,0.124
101,regime_transition,lr,beta,decay,HL150,4,0.050273615525148814,0.6380574656506673,0.088
101,regime_transition,lr,beta,decay,HL150,5,0.016471040440431826,0.6523181743742431,0.036
101,regime_transition,lr,beta,decay,HL150,6,0.026783648256052256,0.6475225453547515,0.024
101,regime_transition,lr,beta,decay,HL150,7,0.016714282611100792,0.6533438301913956,0.024
101,regime_transition,lr,beta,decay,HL150,8,0.07458534123131459,0.6740423448637688,0.038
101,regime_transition,lr,isotonic,static,,0,0.045915559140239474,0.5033120750178002,0.104
101,regime_transition,lr,isotonic,static,,1,0.05455298501631468,0.5442431093472377,0.146
101,regime_transition,lr,isotonic,static,,2,0.05483449041144799,0.5348177144389026,0.102
101,regime_transition,lr,isotonic,static,,3,0.055096761116665185,0.5707433886934887,0.162
101,regime_transition,lr,isotonic,static,,4,0.12105219273749232,0.6558477258177673,0.194
101,regime_transition,lr,isotonic,static,,5,0.10084011268867797,0.6657752948970506,0.188
101,regime_transition,lr,isotonic,static,,6,0.1434434803606413,0.6842317767374968,0.228
101,regime_transition,lr,isotonic,static,,7,0.12293059258426238,0.6743432522420156,0.186
101,regime_transition,lr,isotonic,static,,8,0.19173655689025798,0.7180821808899952,0.244
101,regime_transition,lr,isotonic,window,W300,0,0.06003197638240179,0.5121959070230018,0.114
101,regime_transition,lr,isotonic,window,W300,1,0.05888865240398899,0.5517371967717176,0.13
101,regime_transition,lr,isotonic,window,W300,2,0.041094941511049504,0.5366931468834705,0.1
101,regime_transition,lr,isotonic,window,W300,3,0.05740034503923685,0.5727153202742733,0.158
101,regime_transition,lr,isotonic,window,W300,4,0.053150144661818347,0.6381206068832646,0.092
101,regime_transition,lr,isotonic,window,W300,5,0.05123516098896673,0.6537942546520648,0.05
101,regime_transition,lr,isotonic,window,W300,6,0.027770083352508163,0.6526445597139973,0.036
101,regime_transition,lr,isotonic,window,W300,7,0.03154729815868997,0.6493714943112855,0.038
101,regime_transition,lr,isotonic,window,W300,8,0.06561870644104506,0.6774636681586028,0.08
101,regime_transition,lr,isotonic,expanding,all,0,0.05629353151929739,0.5062390019992001,0.086
101,regime_transition,lr,isotonic,expanding,all,1,0.03841082950299215,0.5428356958129147,0.11
101,regime_transition,lr,isotonic,expanding,all,2,0.043896113354593924,0.5335139610883837,0.096
101,regime_transition,lr,isotonic,expanding,all,3,0.05720653781907762,0.5689448339424684,0.164
101,regime_transition,lr,isotonic,expanding,all,4,0.10299503282546717,0.6483313673842731,0.164
101,regime_transition,lr,isotonic,expanding,all,5,0.09115191864019008,0.6568295302044321,0.15
101,regime_transition,lr,isotonic,expanding,all,6,0.10484078187477207,0.6671382353132335,0.162
101,regime_transition,lr,isotonic,expanding,all,7,0.07985557262554632,0.656518094373508,0.122
101,regime_transition,lr,isotonic,expanding,all,8,0.13905383958787665,0.6889128832050446,0.134
101,regime_transition,lr,isotonic,decay,HL150,0,0.03733463789923874,0.5098148084126103,0.116
101,regime_transition,lr,isotonic,decay,HL150,1,0.04650289134355251,0.5517326067801267,0.158
101,regime_transition,lr,isotonic,decay,HL150,2,0.046877743549130935,0.5371326179924124,0.102
101,regime_transition,lr,isotonic,decay,HL150,3,0.04415776774138809,0.5713453813886928,0.162
101,regime_transition,lr,isotonic,decay,HL150,4,0.06629736023294745,0.6389390313461005,0.072
101,regime_transition,lr,isotonic,decay,HL150,5,0.04298520993535456,0.6535293919513401,0.066
101,regime_transition,lr,isotonic,decay,HL150,6,0.026551768901290553,0.649084690325202,0.022
101,regime_transition,lr,isotonic,decay,HL150,7,0.02470276109131754,0.649086919661778,0.028
101,regime_transition,lr,isotonic,decay,HL150,8,0.07254037509281332,0.6765893686560521,0.076
101,regime_transition,gbm,temperature,static,,0,0.01599752789789194,0.56367055441624,0.074
101,regime_transition,gbm,temperature,static,,1,0.08137635341653571,0.5949369441818108,0.092
101,regime_transition,gbm,temperature,static,,2,0.023494762057296288,0.5897790605437105,0.08
101,regime_transition,gbm,temperature,static,,3,0.06969648379309054,0.5953065277840864,0.082
101,regime_transition,gbm,temperature,static,,4,0.08413414342887485,0.6495964761435951,0.114
101,regime_transition,gbm,temperature,static,,5,0.12093376818100747,0.6609841532114958,0.094
101,regime_transition,gbm,temperature,static,,6,0.13302813350510137,0.6918457120575008,0.136
101,regime_transition,gbm,temperature,static,,7,0.1166110097949597,0.6746771771591955,0.11
101,regime_transition,gbm,temperature,static,,8,0.16344877181182962,0.696542444534958,0.136
101,regime_transition,gbm,temperature,window,W300,0,0.01688650291597701,0.5644347043564815,0.076
101,regime_transition,gbm,temperature,window,W300,1,0.0784879041748786,0.5977463703772807,0.082
101,regime_transition,gbm,temperature,window,W300,2,0.030914856280329295,0.5902572817284968,0.05
101,regime_transition,gbm,temperature,window,W300,3,0.06503913450204994,0.5939559718076123,0.084
101,regime_transition,gbm,temperature,window,W300,4,0.032128235281091294,0.6367719343068868,0.03
101,regime_transition,gbm,temperature,window,W300,5,0.05839408031709433,0.6430283780129245,0.01
101,regime_transition,gbm,temperature,window,W300,6,0.017887228489069745,0.6558590264199144,0.002
101,regime_transition,gbm,temperature,window,W300,7,0.020984844411259466,0.6545869017281516,0.002
101,regime_transition,gbm,temperature,window,W300,8,0.05880640754987243,0.654545681039389,0.006
101,regime_transition,gbm,temperature,expanding,all,0,0.015226233914999302,0.5641253230217592,0.056
101,regime_transition,gbm,temperature,expanding,all,1,0.06243661530246734,0.5937932170028835,0.086
101,regime_transition,gbm,temperature,expanding,all,2,0.024285290935824908,0.5894531802390675,0.068
101,regime_transition,gbm,temperature,expanding,all,3,0.05185754521537137,0.5941780410089444,0.072
101,regime_transition,gbm,temperature,expanding,all,4,0.06822076240579053,0.6447649533122218,0.088
101,regime_transition,gbm,temperature,expanding,all,5,0.07501466094158464,0.6532920460064934,0.084
101,regime_transition,gbm,temperature,expanding,all,6,0.10225658425732946,0.6769664652854566,0.078
101,regime_transition,gbm,temperature,expanding,all,7,0.0808109587462873,0.6619165197569445,0.056
101,regime_transition,gbm,temperature,expanding,all,8,0.11926027456137252,0.6742985955760384,0.068
101,regime_transition,gbm,temperature,decay,HL150,0,0.019048855027086427,0.5641573689682555,0.082
101,regime_transition,gbm,temperature,decay,HL150,1,0.0858922890190521,0.5966769214697796,0.09
101,regime_transition,gbm,temperature,decay,HL150,2,0.02841460607948941,0.589961733276195,0.05
101,regime_transition,gbm,temperature,decay,HL150,3,0.06117689011257196,0.5949057724822872,0.074
101,regime_transition,gbm,temperature,decay,HL150,4,0.028994802190253487,0.6373364568225243,0.042
101,regime_transition,gbm,temperature,decay,HL150,5,0.04671945281660405,0.6424707213948162,0.018
101,regime_transition,gbm,temperature,decay,HL150,6,0.02740173087632952,0.6552234538865546,0.004
101,regime_transition,gbm,temperature,decay,HL150,7,0.011069494903924941,0.6532687405644519,0.002
101,regime_transition,gbm,temperature,decay,HL150,8,0.06115334666106051,0.6557754645809164,0.01
101,regime_transition,gbm,beta,static,,0,0.032040647521305594,0.5755725026142634,0.08
101,regime_transition,gbm,beta,static,,1,0.09528199575085172,0.6035155946785894,0.1
101,regime_transition,gbm,beta,static,,2,0.019271223095977376,0.6162968370920042,0.086
101,regime_transition,gbm,beta,static,,3,0.058532475522763604,0.611695337543915,0.082
101,regime_transition,gbm,beta,static,,4,0.09702053147911233,0.6784252897414007,0.122
101,regime_transition,gbm,beta,static,,5,0.1106395941672415,0.7005482947906401,0.118
101,regime_transition,gbm,beta,static,,6,0.14201268618858692,0.730374694348966,0.128
101,regime_transition,gbm,beta,static,,7,0.12690944450089123,0.7019310550686655,0.126
101,regime_transition,gbm,beta,static,,8,0.1757857353672861,0.73530502024628,0.136
101,regime_transition,gbm,beta,window,W300,0,0.03900439103744168,0.577668811665759,0.076
101,regime_transition,gbm,beta,window,W300,1,0.08783074693854326,0.6072355546862888,0.076
101,regime_transition,gbm,beta,window,W300,2,0.025879370694559145,0.61794347785192,0.05
101,regime_transition,gbm,beta,window,W300,3,0.06926205879546798,0.6102488587757282,0.078
101,regime_transition,gbm,beta,window,W300,4,0.05732851543994658,0.6737804513982074,0.042
101,regime_transition,gbm,beta,window,W300,5,0.0670176415372877,0.6954916175349534,0.022
101,regime_transition,gbm,beta,window,W300,6,0.05747602675815374,0.7096993965154987,0.012
101,regime_transition,gbm,beta,window,W300,7,0.051633993547797755,0.6920390272352466,0.012
101,regime_transition,gbm,beta,window,W300,8,0.11829834674348427,0.7178835745530449,0.024
101,regime_transition,gbm,beta,expanding,all,0,0.020634959684651826,0.5763226916624508,0.064
101,regime_transition,gbm,beta,expanding,all,1,0.09281018328592024,0.6024433687848268,0.086
101,regime_transition,gbm,beta,expanding,all,2,0.020036993169857194,0.6175126527127143,0.066
101,regime_transition,gbm,beta,expanding,all,3,0.05670486214363898,0.6109997300244071,0.07
101,regime_transition,gbm,beta,expanding,all,4,0.08773962060243792,0.6747129427598646,0.08
101,regime_transition,gbm,beta,expanding,all,5,0.09415420332862118,0.6969547174278456,0.08
101,regime_transition,gbm,beta,expanding,all,6,0.1145316565922421,0.7203587993272117,0.088
101,regime_transition,gbm,beta,expanding,all,7,0.09411795862570967,0.693678732814245,0.062
101,regime_transition,gbm,beta,expanding,all,8,0.13893123476737976,0.721945958238131,0.082
101,regime_transition,gbm,beta,decay,HL150,0,0.014306505744382282,0.5771319679229371,0.078
101,regime_transition,gbm,beta,decay,HL150,1,0.10437573535934352,0.6057847134293731,0.074
101,regime_transition,gbm,beta,decay,HL150,2,0.01584818978406792,0.6175246122010706,0.05
101,regime_transition,gbm,beta,decay,HL150,3,0.0651511507592659,0.6112802176942311,0.072
101,regime_transition,gbm,beta,decay,HL150,4,0.058568837320871654,0.673362125238948,0.042
101,regime_transition,gbm,beta,decay,HL150,5,0.08244312725194824,0.6940748410347116,0.03
101,regime_transition,gbm,beta,decay,HL150,6,0.05962188433322082,0.7088842070472012,0.008
101,regime_transition,gbm,beta,decay,HL150,7,0.06117619492787079,0.6928264336097677,0.012
101,regime_transition,gbm,beta,decay,HL150,8,0.11874374864843762,0.7187572251744087,0.022
101,regime_transition,gbm,isotonic,static,,0,0.02529561604040745,0.577124321370711,0.072
101,regime_transition,gbm,isotonic,static,,1,0.10281913375005051,0.6042076496822497,0.092
101,regime_transition,gbm,isotonic,static,,2,0.03858634338008789,0.6164194536328536,0.076
101,regime_transition,gbm,isotonic,static,,3,0.061875368324898296,0.6139299808188856,0.072
101,regime_transition,gbm,isotonic,static,,4,0.09984492330541284,0.6796293141503613,0.108
101,regime_transition,gbm,isotonic,static,,5,0.11413044607219303,0.7026772480171176,0.102
101,regime_transition,gbm,isotonic,static,,6,0.14482384100232223,0.7345076037020499,0.118
101,regime_transition,gbm,isotonic,static,,7,0.12915296720919162,0.7035061213565799,0.102
101,regime_transition,gbm,isotonic,static,,8,0.17929168073489418,0.7400280891995461,0.128
101,regime_transition,gbm,isotonic,window,W300,0,0.02252021883807161,0.5783690263396243,0.076
101,regime_transition,gbm,isotonic,window,W300,1,0.11050059720445962,0.6118881616626529,0.088
101,regime_transition,gbm,isotonic,window,W300,2,0.04107480730219698,0.6233979188668837,0.052
101,regime_transition,gbm,isotonic,window,W300,3,0.07324724549577907,0.6147034813331168,0.11
101,regime_transition,gbm,isotonic,window,W300,4,0.06977764562270727,0.6710139566611657,0.064
101,regime_transition,gbm,isotonic,window,W300,5,0.05519674752512613,0.6986877219634751,0.054
101,regime_transition,gbm,isotonic,window,W300,6,0.06641891859986515,0.7132959841629027,0.014
101,regime_transition,gbm,isotonic,window,W300,7,0.06165613816974752,0.694486098039946,0.038
101,regime_transition,gbm,isotonic,window,W300,8,0.10717791728214529,0.7200883708517614,0.044
101,regime_transition,gbm,isotonic,expanding,all,0,0.015907114798893666,0.5763205101299572,0.086
101,regime_transition,gbm,isotonic,expanding,all,1,0.09370753712853538,0.6033728255367096,0.09
101,regime_transition,gbm,isotonic,expanding,all,2,0.016907335465500165,0.617157550054287,0.054
101,regime_transition,gbm,isotonic,expanding,all,3,0.04543451470233736,0.6103272431474698,0.056
101,regime_transition,gbm,isotonic,expanding,all,4,0.08971305600024079,0.6755221235567677,0.076
101,regime_transition,gbm,isotonic,expanding,all,5,0.09782173816882103,0.697290400519092,0.078
101,regime_transition,gbm,isotonic,expanding,all,6,0.11804788010552862,0.7213472307917767,0.092
101,regime_transition,gbm,isotonic,expanding,all,7,0.09552054199737181,0.6944874362097236,0.064
101,regime_transition,gbm,isotonic,expanding,all,8,0.14153203065877895,0.7211603784579771,0.09
101,regime_transition,gbm,isotonic,decay,HL150,0,0.014881237983443322,0.5777028693601693,0.052
101,regime_transition,gbm,isotonic,decay,HL150,1,0.11046718171503035,0.6081813526856382,0.106
101,regime_transition,gbm,isotonic,decay,HL150,2,0.0344094245309162,0.6205079347644842,0.054
101,regime_transition,gbm,isotonic,decay,HL150,3,0.06293352039284138,0.6145810322910509,0.104
101,regime_transition,gbm,isotonic,decay,HL150,4,0.07044895797275881,0.6723756357777133,0.064
101,regime_transition,gbm,isotonic,decay,HL150,5,0.05589263433771186,0.6936653388417198,0.068
101,regime_transition,gbm,isotonic,decay,HL150,6,0.06550341944494217,0.7098472894124093,0.016
101,regime_transition,gbm,isotonic,decay,HL150,7,0.060153594808149656,0.6931975863345156,0.032
101,regime_transition,gbm,isotonic,decay,HL150,8,0.1053539688116849,0.7166759677335914,0.046
101,feature_shift,lr,temperature,static,,0,0.037841182045116134,0.5031213091000573,0.09
101,feature_shift,lr,temperature,static,,1,0.05619926213937226,0.5427279208638475,0.128
101,feature_shift,lr,temperature,static,,2,0.033839877224953775,0.5351039880118696,0.094
101,feature_shift,lr,temperature,static,,3,0.15762556712164605,0.6214066818009569,0.224
101,feature_shift,lr,temperature,static,,4,0.1345691139521825,0.6240888304048455,0.208
101,feature_shift,lr,temperature,static,,5,0.13730023300013955,0.6180949630637472,0.234
101,feature_shift,lr,temperature,static,,6,0.05052684200725828,0.5459865929126232,0.15
101,feature_shift,lr,temperature,static,,7,0.10695838953215249,0.6075692133393131,0.202
101,feature_shift,lr,temperature,static,,8,0.09909071690407142,0.5648427837864164,0.182
101,feature_shift,lr,temperature,window,W300,0,0.03717893637217173,0.5039965246891371,0.114
101,feature_shift,lr,temperature,window,W300,1,0.04564818353956519,0.5441898730189477,0.126
101,feature_shift,lr,temperature,window,W300,2,0.023149240530462627,0.5361210968819246,0.08
101,feature_shift,lr,temperature,window,W300,3,0.09383307400446501,0.6002617850240135,0.166
101,feature_shift,lr,temperature,window,W300,4,0.03648974382351646,0.5916160318370517,0.066
101,feature_shift,lr,temperature,window,W300,5,0.03911261568709754,0.5845578974643615,0.078
101,feature_shift,lr,temperature,window,W300,6,0.051540603685362014,0.5460098200806486,0.088
101,feature_shift,lr,temperature,window,W300,7,0.031039396696314475,0.5875547272287903,0.098
101,feature_shift,lr,temperature,window,W300,8,0.026586698297022582,0.5514453044294321,0.098
101,feature_shift,lr,temperature,expanding,all,0,0.04216209041685548,0.5040706729130403,0.088
101,feature_shift,lr,temperature,expanding,all,1,0.05712642469583464,0.542254794797519,0.12
101,feature_shift,lr,temperature,expanding,all,2,0.025893051237478946,0.535475025427128,0.088
101,feature_shift,lr,temperature,expanding,all,3,0.14216968510969458,0.6132050509588899,0.208
101,feature_shift,lr,temperature,expanding,all,4,0.09750489916981961,0.6100790545482289,0.172
101,feature_shift,lr,temperature,expanding,all,5,0.07966979495929993,0.5997832763709484,0.188
101,feature_shift,lr,temperature,expanding,all,6,0.026700299597395658,0.5413540055715025,0.108
101,feature_shift,lr,temperature,expanding,all,7,0.05410038929846299,0.5906751037964825,0.148
101,feature_shift,lr,temperature,expanding,all,8,0.04857825046033596,0.5514405826394373,0.132
101,feature_shift,lr,temperature,decay,HL150,0,0.028353556015803125,0.5033011096815152,0.112
101,feature_shift,lr,temperature,decay,HL150,1,0.050395710357007364,0.5445876250313693,0.13
101,feature_shift,lr,temperature,decay,HL150,2,0.027284305536422856,0.5352565185363102,0.08
101,feature_shift,lr,temperature,decay,HL150,3,0.09407598358245157,0.5983163627498683,0.164
101,feature_shift,lr,temperature,decay,HL150,4,0.0390270479922179,0.5909617139619118,0.088
101,feature_shift,lr,temperature,decay,HL150,5,0.029159571023471467,0.5847251038522713,0.076
101,feature_shift,lr,temperature,decay,HL150,6,0.056318682628711765,0.5454376354264101,0.078
101,feature_shift,lr,temperature,decay,HL150,7,0.027702560936100625,0.5863973165211471,0.098
101,feature_shift,lr,temperature,decay,HL150,8,0.029883795801549075,0.5508995422605808,0.096
101,feature_shift,lr,beta,static,,0,0.03217863746094089,0.5026346319887095,0.096
101,feature_shift,lr,beta,static,,1,0.046302889450900865,0.5434375149759008,0.132
101,feature_shift,lr,beta,static,,2,0.03977430522617309,0.5355134928143799,0.098
101,feature_shift,lr,beta,static,,3,0.16520182116338683,0.6258129668089621,0.23
101,feature_shift,lr,beta,static,,4,0.1451197256734678,0.6270887332042403,0.208
101,feature_shift,lr,beta,static,,5,0.14951940259046062,0.6206866441597118,0.24
101,feature_shift,lr,beta,static,,6,0.06261318541088005,0.5471106942738565,0.152
101,feature_shift,lr,beta,static,,7,0.11429644348450932,0.6098558058568947,0.206
101,feature_shift,lr,beta,static,,8,0.1041635546152882,0.5667438520576769,0.184
101,feature_shift,lr,beta,window,W300,0,0.04343912060940843,0.509509246282872,0.098
101,feature_shift,lr,beta,window,W300,1,0.048071090099280796,0.549747862558672,0.138
101,feature_shift,lr,beta,window,W300,2,0.03174047866201763,0.5365292217871973,0.076
101,feature_shift,lr,beta,window,W300,3,0.07570716865161681,0.5955538160255478,0.144
101,feature_shift,lr,beta,window,W300,4,0.014638450388524698,0.6000338434032131,0.082
101,feature_shift,lr,beta,window,W300,5,0.04974184574730594,0.591902110089092,0.082
101,feature_shift,lr,beta,window,W300,6,0.022803180268781677,0.5471541701797868,0.108
101,feature_shift,lr,beta,window,W300,7,0.03781052656879894,0.5988283745373618,0.12
101,feature_shift,lr,beta,window,W300,8,0.03659591560539304,0.5579037776130505,0.096
101,feature_shift,lr,beta,expanding,all,0,0.04653463729455876,0.5047301669395776,0.088
101,feature_shift,lr,beta,expanding,all,1,0.051497825935186856,0.5426013108876288,0.124
101,feature_shift,lr,beta,expanding,all,2,0.02225327161066025,0.535224910979729,0.092
101,feature_shift,lr,beta,expanding,all,3,0.1389889519954824,0.6112365102574006,0.216
101,feature_shift,lr,beta,expanding,all,4,0.09589783834175676,0.6096653245690372,0.192
101,feature_shift,lr,beta,expanding,all,5,0.0877641913860171,0.6009024383034941,0.2
101,feature_shift,lr,beta,expanding,all,6,0.017249490623728714,0.5406388792676432,0.136
101,feature_shift,lr,beta,expanding,all,7,0.06301409069127217,0.5937904056445654,0.16
101,feature_shift,lr,beta,expanding,all,8,0.05328695413075332,0.5550820507665323,0.156
101,feature_shift,lr,beta,decay,HL150,0,0.029537699928677736,0.5070665852201995,0.098
101,feature_shift,lr,beta,decay,HL150,1,0.04026154603014723,0.5484781577978117,0.134
101,feature_shift,lr,beta,decay,HL150,2,0.040801164090123465,0.5366715488995449,0.074
101,feature_shift,lr,beta,decay,HL150,3,0.07499023673419623,0.5932217333615354,0.158
101,feature_shift,lr,beta,decay,HL150,4,0.01036378042679928,0.5997315795117497,0.09
101,feature_shift,lr,beta,decay,HL150,5,0.03753936283709492,0.590904218863726,0.074
101,feature_shift,lr,beta,decay,HL150,6,0.024381261077475767,0.5462260804815091,0.104
101,feature_shift,lr,beta,decay,HL150,7,0.02887233969270848,0.595329399921485,0.12
101,feature_shift,lr,beta,decay,HL150,8,0.04115877870531071,0.556180668844048,0.1
101,feature_shift,lr,isotonic,static,,0,0.045915559140239474,0.5033120750178002,0.104
101,feature_shift,lr,isotonic,static,,1,0.05455298501631468,0.5442431093472377,0.146
101,feature_shift,lr,isotonic,static,,2,0.05483449041144799,0.5348177144389026,0.102
101,feature_shift,lr,isotonic,static,,3,0.1671344578340865,0.6303587769910383,0.246
101,feature_shift,lr,isotonic,static,,4,0.1378118117414359,0.6311757257909917,0.218
101,feature_shift,lr,isotonic,static,,5,0.14304505146866603,0.6238186256291688,0.25
101,feature_shift,lr,isotonic,static,,6,0.05956420262746592,0.5475733247761768,0.172
101,feature_shift,lr,isotonic,static,,7,0.11534364395569516,0.6127464101356177,0.218
101,feature_shift,lr,isotonic,static,,8,0.10317967654663035,0.569932919525406,0.194
101,feature_shift,lr,isotonic,window,W300,0,0.06003197638240179,0.5121959070230018,0.114
101,feature_shift,lr,isotonic,window,W300,1,0.05888865240398899,0.5517371967717176,0.13
101,feature_shift,lr,isotonic,window,W300,2,0.041094941511049504,0.5366931468834705,0.1
101,feature_shift,lr,isotonic,window,W300,3,0.08760470648762096,0.602680822020278,0.154
101,feature_shift,lr,isotonic,window,W300,4,0.0220217762241508,0.6027246930055824,0.064
101,feature_shift,lr,isotonic,window,W300,5,0.050585509135636114,0.595747081092343,0.086
101,feature_shift,lr,isotonic,window,W300,6,0.05108577448055049,0.5497878542267299,0.11
101,feature_shift,lr,isotonic,window,W300,7,0.047421375747864355,0.5997098429897869,0.142
101,feature_shift,lr,isotonic,window,W300,8,0.044329107762824185,0.5610591293905511,0.108
101,feature_shift,lr,isotonic,expanding,all,0,0.05629353151929739,0.5062390019992001,0.086
101,feature_shift,lr,isotonic,expanding,all,1,0.03841082950299215,0.5428356958129147,0.11
101,feature_shift,lr,isotonic,expanding,all,2,0.043896113354593924,0.5335139610883837,0.096
101,feature_shift,lr,isotonic,expanding,all,3,0.1401128064363706,0.6167338145033628,0.22
101,feature_shift,lr,isotonic,expanding,all,4,0.09517129419682954,0.612146408395548,0.176
101,feature_shift,lr,isotonic,expanding,all,5,0.09654739786343779,0.6022485271025119,0.194
101,feature_shift,lr,isotonic,expanding,all,6,0.015714321258397314,0.5416255771786944,0.136
101,feature_shift,lr,isotonic,expanding,all,7,0.06129174583693034,0.5950130537552052,0.162
101,feature_shift,lr,isotonic,expanding,all,8,0.05541172653862347,0.5553873106755983,0.162
101,feature_shift,lr,isotonic,decay,HL150,0,0.03733463789923874,0.5098148084126103,0.116
101,feature_shift,lr,isotonic,decay,HL150,1,0.04650289134355251,0.5517326067801267,0.158
101,feature_shift,lr,isotonic,decay,HL150,2,0.046877743549130935,0.5371326179924124,0.102
101,feature_shift,lr,isotonic,decay,HL150,3,0.09409599302366786,0.6009770038107163,0.166
101,feature_shift,lr,isotonic,decay,HL150,4,0.02063797817510665,0.5997690849053006,0.082
101,feature_shift,lr,isotonic,decay,HL150,5,0.04446742843896011,0.5931719935023532,0.096
101,feature_shift,lr,isotonic,decay,HL150,6,0.048392665940202154,0.5488752420685425,0.086
101,feature_shift,lr,isotonic,decay,HL150,7,0.03820731526273029,0.5995485763266366,0.132
101,feature_shift,lr,isotonic,decay,HL150,8,0.025158076450794195,0.5598765864466354,0.13
101,feature_shift,gbm,temperature,static,,0,0.01599752789789194,0.56367055441624,0.074
101,feature_shift,gbm,temperature,static,,1,0.08137635341653571,0.5949369441818108,0.092
101,feature_shift,gbm,temperature,static,,2,0.023494762057296288,0.5897790605437105,0.08
101,feature_shift,gbm,temperature,static,,3,0.11423845823524527,0.6309325736135816,0.156
101,feature_shift,gbm,temperature,static,,4,0.15142190942866537,0.6708049173587086,0.18
101,feature_shift,gbm,temperature,static,,5,0.11689347878115837,0.6416745278808992,0.152
101,feature_shift,gbm,temperature,static,,6,0.048544620013647684,0.5986205181575475,0.136
101,feature_shift,gbm,temperature,static,,7,0.1439152175921058,0.6580850592801628,0.164
101,feature_shift,gbm,temperature,static,,8,0.06653982777016502,0.5998360416581898,0.154
101,feature_shift,gbm,temperature,window,W300,0,0.01688650291597701,0.5644347043564815,0.076
101,feature_shift,gbm,temperature,window,W300,1,0.0784879041748786,0.5977463703772807,0.082
101,feature_shift,gbm,temperature,window,W300,2,0.030914856280329295,0.5902572817284968,0.05
101,feature_shift,gbm,temperature,window,W300,3,0.07042735854113219,0.6175396760678853,0.106
101,feature_shift,gbm,temperature,window,W300,4,0.033168479970871925,0.6403210168251678,0.004
101,feature_shift,gbm,temperature,window,W300,5,0.016964495336189798,0.6238434149552526,0.018
101,feature_shift,gbm,temperature,window,W300,6,0.0420759321560937,0.5984442995718682,0.074
101,feature_shift,gbm,temperature,window,W300,7,0.02986055975622907,0.6331786427044332,0.034
101,feature_shift,gbm,temperature,window,W300,8,0.039681191328817755,0.5960199953532683,0.046
101,feature_shift,gbm,temperature,expanding,all,0,0.015226233914999302,0.5641253230217592,0.056
101,feature_shift,gbm,temperature,expanding,all,1,0.06243661530246734,0.5937932170028835,0.086
101,feature_shift,gbm,temperature,expanding,all,2,0.024285290935824908,0.5894531802390675,0.068
101,feature_shift,gbm,temperature,expanding,all,3,0.09986057090706474,0.624691172255543,0.134
101,feature_shift,gbm,temperature,expanding,all,4,0.1196982732119414,0.657510954035351,0.128
101,feature_shift,gbm,temperature,expanding,all,5,0.08116219958214858,0.6298377711063238,0.11
101,feature_shift,gbm,temperature,expanding,all,6,0.045205003041975396,0.5947420983345036,0.078
101,feature_shift,gbm,temperature,expanding,all,7,0.09640869458221663,0.640993093948832,0.11
101,feature_shift,gbm,temperature,expanding,all,8,0.040014393091965,0.5922010759667293,0.082
101,feature_shift,gbm,temperature,decay,HL150,0,0.019048855027086427,0.5641573689682555,0.082
101,feature_shift,gbm,temperature,decay,HL150,1,0.0858922890190521,0.5966769214697796,0.09
101,feature_shift,gbm,temperature,decay,HL150,2,0.02841460607948941,0.589961733276195,0.05
101,feature_shift,gbm,temperature,decay,HL150,3,0.07023428379620314,0.6167514328939824,0.104
101,feature_shift,gbm,temperature,decay,HL150,4,0.03762373341499489,0.6391557677069288,0.018
101,feature_shift,gbm,temperature,decay,HL150,5,0.014614537317548883,0.6248730036922664,0.014
101,feature_shift,gbm,temperature,decay,HL150,6,0.02852968737581948,0.5981825727150626,0.06
101,feature_shift,gbm,temperature,decay,HL150,7,0.02397741276090242,0.6340090263106567,0.046
101,feature_shift,gbm,temperature,decay,HL150,8,0.03158943954034728,0.5946855590014192,0.042
101,feature_shift,gbm,beta,static,,0,0.032040647521305594,0.5755725026142634,0.08
101,feature_shift,gbm,beta,static,,1,0.09528199575085172,0.6035155946785894,0.1
101,feature_shift,gbm,beta,static,,2,0.019271223095977376,0.6162968370920042,0.086
101,feature_shift,gbm,beta,static,,3,0.1334149176183606,0.657449967752613,0.172
101,feature_shift,gbm,beta,static,,4,0.16675118756749038,0.7031294383150978,0.192
101,feature_shift,gbm,beta,static,,5,0.11883053009853758,0.6676242981529874,0.148
101,feature_shift,gbm,beta,static,,6,0.06169088900533547,0.6298248596251189,0.128
101,feature_shift,gbm,beta,static,,7,0.14217941926022284,0.6869178924513214,0.17
101,feature_shift,gbm,beta,static,,8,0.0779116808203147,0.6272712482363255,0.146
101,feature_shift,gbm,beta,window,W300,0,0.03900439103744168,0.577668811665759,0.076
101,feature_shift,gbm,beta,window,W300,1,0.08783074693854326,0.6072355546862888,0.076
101,feature_shift,gbm,beta,window,W300,2,0.025879370694559145,0.61794347785192,0.05
101,feature_shift,gbm,beta,window,W300,3,0.09463064043193174,0.6470404832414633,0.104
101,feature_shift,gbm,beta,window,W300,4,0.06722561742870833,0.6880424660704664,0.034
101,feature_shift,gbm,beta,window,W300,5,0.05002139622243986,0.6594049579347832,0.04
101,feature_shift,gbm,beta,window,W300,6,0.056427374393666525,0.6382563597633543,0.08
101,feature_shift,gbm,beta,window,W300,7,0.058021195452468824,0.6706184446343506,0.05
101,feature_shift,gbm,beta,window,W300,8,0.03574862215837194,0.6332986945790205,0.084
101,feature_shift,gbm,beta,expanding,all,0,0.020634959684651826,0.5763226916624508,0.064
101,feature_shift,gbm,beta,expanding,all,1,0.09281018328592024,0.6024433687848268,0.086
101,feature_shift,gbm,beta,expanding,all,2,0.020036993169857194,0.6175126527127143,0.066
101,feature_shift,gbm,beta,expanding,all,3,0.11359235376139587,0.6507431597096913,0.128
101,feature_shift,gbm,beta,expanding,all,4,0.13114759009750004,0.6931794147257963,0.13
101,feature_shift,gbm,beta,expanding,all,5,0.08539160187430545,0.6592650860623199,0.118
101,feature_shift,gbm,beta,expanding,all,6,0.048282295166663824,0.6323947558844054,0.086
101,feature_shift,gbm,beta,expanding,all,7,0.09552657555150858,0.671679320648956,0.12
101,feature_shift,gbm,beta,expanding,all,8,0.02625172994603753,0.6245818259684925,0.094
101,feature_shift,gbm,beta,decay,HL150,0,0.014306505744382282,0.5771319679229371,0.078
101,feature_shift,gbm,beta,decay,HL150,1,0.10437573535934352,0.6057847134293731,0.074
101,feature_shift,gbm,beta,decay,HL150,2,0.01584818978406792,0.6175246122010706,0.05
101,feature_shift,gbm,beta,decay,HL150,3,0.08853788328572954,0.6462880181710398,0.098
101,feature_shift,gbm,beta,decay,HL150,4,0.06584585997988776,0.6879531995080633,0.042
101,feature_shift,gbm,beta,decay,HL150,5,0.04531511659821735,0.6600650498746686,0.038
101,feature_shift,gbm,beta,decay,HL150,6,0.04949032211791799,0.6372586828971759,0.08
101,feature_shift,gbm,beta,decay,HL150,7,0.06747316930370593,0.6718816660996224,0.066
101,feature_shift,gbm,beta,decay,HL150,8,0.040123954412893216,0.6319673662701111,0.066
101,feature_shift,gbm,isotonic,static,,0,0.02529561604040745,0.577124321370711,0.072
101,feature_shift,gbm,isotonic,static,,1,0.10281913375005051,0.6042076496822497,0.092
101,feature_shift,gbm,isotonic,static,,2,0.03858634338008789,0.6164194536328536,0.076
101,feature_shift,gbm,isotonic,static,,3,0.1342205473317249,0.6556674163806636,0.152
101,feature_shift,gbm,isotonic,static,,4,0.17172501413688665,0.7065945082319164,0.18
101,feature_shift,gbm,isotonic,static,,5,0.12733487376967498,0.6678126243458091,0.144
101,feature_shift,gbm,isotonic,static,,6,0.07111077606153605,0.6301930503538851,0.122
101,feature_shift,gbm,isotonic,static,,7,0.1446988142302242,0.6870160125541488,0.156
101,feature_shift,gbm,isotonic,static,,8,0.08235482365278125,0.6267225057131268,0.136
101,feature_shift,gbm,isotonic,window,W300,0,0.02252021883807161,0.5783690263396243,0.076
101,feature_shift,gbm,isotonic,window,W300,1,0.11050059720445962,0.6118881616626529,0.088
101,feature_shift,gbm,isotonic,window,W300,2,0.04107480730219698,0.6233979188668837,0.052
101,feature_shift,gbm,isotonic,window,W300,3,0.10889293716429575,0.6511503724455284,0.14
101,feature_shift,gbm,isotonic,window,W300,4,0.053592749721246405,0.6907710539646598,0.022
101,feature_shift,gbm,isotonic,window,W300,5,0.049294621978508917,0.6613836406370194,0.05
101,feature_shift,gbm,isotonic,window,W300,6,0.057592319737149136,0.6417347653512907,0.074
101,feature_shift,gbm,isotonic,window,W300,7,0.06589527806693274,0.6716384368465887,0.044
101,feature_shift,gbm,isotonic,window,W300,8,0.027650355540303543,0.6315192203519073,0.074
101,feature_shift,gbm,isotonic,expanding,all,0,0.015907114798893666,0.5763205101299572,0.086
101,feature_shift,gbm,isotonic,expanding,all,1,0.09370753712853538,0.6033728255367096,0.09
101,feature_shift,gbm,isotonic,expanding,all,2,0.016907335465500165,0.617157550054287,0.054
101,feature_shift,gbm,isotonic,expanding,all,3,0.1153019345276315,0.653977077483677,0.124
101,feature_shift,gbm,isotonic,expanding,all,4,0.13220704589477247,0.6942070205896488,0.136
101,feature_shift,gbm,isotonic,expanding,all,5,0.08284878553437756,0.6609876493947129,0.12
101,feature_shift,gbm,isotonic,expanding,all,6,0.038575005035237815,0.6322086178342229,0.098
101,feature_shift,gbm,isotonic,expanding,all,7,0.09996559277208049,0.6708205783152578,0.132
101,feature_shift,gbm,isotonic,expanding,all,8,0.033086668223434396,0.6250233794304143,0.12
101,feature_shift,gbm,isotonic,decay,HL150,0,0.014881237983443322,0.5777028693601693,0.052
101,feature_shift,gbm,isotonic,decay,HL150,1,0.11046718171503035,0.6081813526856382,0.106
101,feature_shift,gbm,isotonic,decay,HL150,2,0.0344094245309162,0.6205079347644842,0.054
101,feature_shift,gbm,isotonic,decay,HL150,3,0.1028332392955138,0.6480093569205666,0.11
101,feature_shift,gbm,isotonic,decay,HL150,4,0.069906822333106,0.6900478987955571,0.02
101,feature_shift,gbm,isotonic,decay,HL150,5,0.04755850184340863,0.6598808397318074,0.012
101,feature_shift,gbm,isotonic,decay,HL150,6,0.05131863291642519,0.6402717464080604,0.102
101,feature_shift,gbm,isotonic,decay,HL150,7,0.06750230589546995,0.6713926208599132,0.07
101,feature_shift,gbm,isotonic,decay,HL150,8,0.03794332159325259,0.6315470076163506,0.072
101,missing_features,lr,temperature,static,,0,0.037841182045116134,0.5031213091000573,0.09
101,missing_features,lr,temperature,static,,1,0.05619926213937226,0.5427279208638475,0.128
101,missing_features,lr,temperature,static,,2,0.033839877224953775,0.5351039880118696,0.094
101,missing_features,lr,temperature,static,,3,0.044240083924986816,0.5834402203049488,0.11
101,missing_features,lr,temperature,static,,4,0.05380451494497658,0.571375517208575,0.102
101,missing_features,lr,temperature,static,,5,0.0752668101580904,0.6016784916762429,0.126
101,missing_features,lr,temperature,static,,6,0.026942343506669728,0.541002287271451,0.078
101,missing_features,lr,temperature,static,,7,0.0262004891478285,0.5918755671735757,0.074
101,missing_features,lr,temperature,static,,8,0.029620119328937277,0.5533145792071026,0.086
101,missing_features,lr,temperature,window,W300,0,0.03717893637217173,0.5039965246891371,0.114
101,missing_features,lr,temperature,window,W300,1,0.04564818353956519,0.5441898730189477,0.126
101,missing_features,lr,temperature,window,W300,2,0.023149240530462627,0.5361210968819246,0.08
101,missing_features,lr,temperature,window,W300,3,0.061461777761022664,0.5861875272709574,0.132
101,missing_features,lr,temperature,window,W300,4,0.03837329840612663,0.5737720329131583,0.072
101,missing_features,lr,temperature,window,W300,5,0.05958709396430813,0.5994737713197892,0.08
101,missing_features,lr,temperature,window,W300,6,0.06469289406867658,0.5444509860085129,0.05
101,missing_features,lr,temperature,window,W300,7,0.03255093106873739,0.5936525332272689,0.07
101,missing_features,lr,temperature,window,W300,8,0.02607234432098271,0.5538336411097425,0.066
101,missing_features,lr,temperature,expanding,all,0,0.04216209041685548,0.5040706729130403,0.088
101,missing_features,lr,temperature,expanding,all,1,0.05712642469583464,0.542254794797519,0.12
101,missing_features,lr,temperature,expanding,all,2,0.025893051237478946,0.535475025427128,0.088
101,missing_features,lr,temperature,expanding,all,3,0.03807736968373829,0.582444795780485,0.096
101,missing_features,lr,temperature,expanding,all,4,0.04262646771890546,0.5710037917723559,0.094
101,missing_features,lr,temperature,expanding,all,5,0.06079183898220159,0.6005609273220273,0.106
101,missing_features,lr,temperature,expanding,all,6,0.04108575743095047,0.5421587164347907,0.068
101,missing_features,lr,temperature,expanding,all,7,0.03300846336228523,0.5917528951951706,0.064
101,missing_features,lr,temperature,expanding,all,8,0.03437052542431564,0.5535224530227345,0.074
101,missing_features,lr,temperature,decay,HL150,0,0.028353556015803125,0.5033011096815152,0.112
101,missing_features,lr,temperature,decay,HL150,1,0.050395710357007364,0.5445876250313693,0.13
101,missing_features,lr,temperature,decay,HL150,2,0.027284305536422856,0.5352565185363102,0.08
101,missing_features,lr,temperature,decay,HL150,3,0.06468716038531931,0.5853795520971775,0.122
101,missing_features,lr,temperature,decay,HL150,4,0.05392722010476255,0.5735629275327228,0.084
101,missing_features,lr,temperature,decay,HL150,5,0.054151042760299736,0.5992601941680725,0.08
101,missing_features,lr,temperature,decay,HL150,6,0.05866495561383268,0.5446539666781492,0.048
101,missing_features,lr,temperature,decay,HL150,7,0.035092761838888736,0.5930789896850438,0.064
101,missing_features,lr,temperature,decay,HL150,8,0.03127319105620456,0.5540394971533935,0.066
101,missing_features,lr,beta,static,,0,0.03217863746094089,0.5026346319887095,0.096
101,missing_features,lr,beta,static,,1,0.046302889450900865,0.5434375149759008,0.132
101,missing_features,lr,beta,static,,2,0.03977430522617309,0.5355134928143799,0.098
101,missing_features,lr,beta,static,,3,0.04300726245146794,0.583902809192404,0.118
101,missing_features,lr,beta,static,,4,0.05803013106438246,0.571974299330426,0.104
101,missing_features,lr,beta,static,,5,0.06800773550263631,0.6015065227146384,0.126
101,missing_features,lr,beta,static,,6,0.04143474042705952,0.5406767763364064,0.08
101,missing_features,lr,beta,static,,7,0.030468033627783483,0.5913138422543639,0.074
101,missing_features,lr,beta,static,,8,0.030544620891463488,0.5531509520429352,0.09
101,missing_features,lr,beta,window,W300,0,0.04343912060940843,0.509509246282872,0.098
101,missing_features,lr,beta,window,W300,1,0.048071090099280796,0.549747862558672,0.138
101,missing_features,lr,beta,window,W300,2,0.03174047866201763,0.5365292217871973,0.076
101,missing_features,lr,beta,window,W300,3,0.04073524119392486,0.5824357799834196,0.08
101,missing_features,lr,beta,window,W300,4,0.04805681512648775,0.5734838274190737,0.076
101,missing_features,lr,beta,window,W300,5,0.04953196584124006,0.6016790827249788,0.108
101,missing_features,lr,beta,window,W300,6,0.055965868855218086,0.546160674433067,0.062
101,missing_features,lr,beta,window,W300,7,0.02544002443635787,0.5927704609965293,0.102
101,missing_features,lr,beta,window,W300,8,0.04106385028199061,0.5574432405710015,0.09
101,missing_features,lr,beta,expanding,all,0,0.04653463729455876,0.5047301669395776,0.088
101,missing_features,lr,beta,expanding,all,1,0.051497825935186856,0.5426013108876288,0.124
101,missing_features,lr,beta,expanding,all,2,0.02225327161066025,0.535224910979729,0.092
101,missing_features,lr,beta,expanding,all,3,0.038370751703538035,0.5827575746335285,0.098
101,missing_features,lr,beta,expanding,all,4,0.031173875674201813,0.5708642409414456,0.086
101,missing_features,lr,beta,expanding,all,5,0.06476989818150627,0.6013842340549161,0.11
101,missing_features,lr,beta,expanding,all,6,0.03576753724593643,0.5421395849057798,0.07
101,missing_features,lr,beta,expanding,all,7,0.03281406208076077,0.5919921379493346,0.066
101,missing_features,lr,beta,expanding,all,8,0.029976833790108466,0.5536457543732894,0.082
101,missing_features,lr,beta,decay,HL150,0,0.029537699928677736,0.5070665852201995,0.098
101,missing_features,lr,beta,decay,HL150,1,0.04026154603014723,0.5484781577978117,0.134
101,missing_features,lr,beta,decay,HL150,2,0.040801164090123465,0.5366715488995449,0.074
101,missing_features,lr,beta,decay,HL150,3,0.044892106912692346,0.5825113050360748,0.082
101,missing_features,lr,beta,decay,HL150,4,0.031793034993895644,0.5730954090250102,0.076
101,missing_features,lr,beta,decay,HL150,5,0.057369793231164916,0.6028782671335084,0.106
101,missing_features,lr,beta,decay,HL150,6,0.050348116669542385,0.5450174401837008,0.066
101,missing_features,lr,beta,decay,HL150,7,0.02197233908063585,0.5915951845749073,0.104
101,missing_features,lr,beta,decay,HL150,8,0.05171613605394189,0.5555309367268525,0.098
101,missing_features,lr,isotonic,static,,0,0.045915559140239474,0.5033120750178002,0.104
101,missing_features,lr,isotonic,static,,1,0.05455298501631468,0.5442431093472377,0.146
101,missing_features,lr,isotonic,static,,2,0.05483449041144799,0.5348177144389026,0.102
101,missing_features,lr,isotonic,static,,3,0.05021730525987925,0.5851704119928061,0.144
101,missing_features,lr,isotonic,static,,4,0.0488773406809601,0.5723970324229959,0.116
101,missing_features,lr,isotonic,static,,5,0.07104757896150049,0.6028965879488958,0.134
101,missing_features,lr,isotonic,static,,6,0.044936410335753636,0.5431858588699482,0.092
101,missing_features,lr,isotonic,static,,7,0.042194159774483056,0.5913682429139571,0.082
101,missing_features,lr,isotonic,static,,8,0.03417842251462984,0.5550914612884378,0.104
101,missing_features,lr,isotonic,window,W300,0,0.06003197638240179,0.5121959070230018,0.114
101,missing_features,lr,isotonic,window,W300,1,0.05888865240398899,0.5517371967717176,0.13
101,missing_features,lr,isotonic,window,W300,2,0.041094941511049504,0.5366931468834705,0.1
101,missing_features,lr,isotonic,window,W300,3,0.04903596878294045,0.5887807538772052,0.084
101,missing_features,lr,isotonic,window,W300,4,0.03420298641621293,0.5761685278960034,0.074
101,missing_features,lr,isotonic,window,W300,5,0.05070469891608266,0.6031639613291969,0.098
101,missing_features,lr,isotonic,window,W300,6,0.027979839404558858,0.5469428809407569,0.054
101,missing_features,lr,isotonic,window,W300,7,0.03785550639999271,0.5927060422988673,0.126
101,missing_features,lr,isotonic,window,W300,8,0.028834617780857774,0.5611132432159857,0.102
101,missing_features,lr,isotonic,expanding,all,0,0.05629353151929739,0.5062390019992001,0.086
101,missing_features,lr,isotonic,expanding,all,1,0.03841082950299215,0.5428356958129147,0.11
101,missing_features,lr,isotonic,expanding,all,2,0.043896113354593924,0.5335139610883837,0.096
101,missing_features,lr,isotonic,expanding,all,3,0.04865520227445314,0.5847968601803573,0.106
101,missing_features,lr,isotonic,expanding,all,4,0.04429155160774854,0.572305486556901,0.09
101,missing_features,lr,isotonic,expanding,all,5,0.06701780555725159,0.602428022356687,0.106
101,missing_features,lr,isotonic,expanding,all,6,0.041318441601617226,0.5430779626531971,0.064
101,missing_features,lr,isotonic,expanding,all,7,0.029746164706599684,0.5921566751206352,0.058
101,missing_features,lr,isotonic,expanding,all,8,0.023562850725775197,0.553719344074364,0.058
101,missing_features,lr,isotonic,decay,HL150,0,0.03733463789923874,0.5098148084126103,0.116
101,missing_features,lr,isotonic,decay,HL150,1,0.04650289134355251,0.5517326067801267,0.158
101,missing_features,lr,isotonic,decay,HL150,2,0.046877743549130935,0.5371326179924124,0.102
101,missing_features,lr,isotonic,decay,HL150,3,0.05347824512326592,0.5876792262734781,0.1
101,missing_features,lr,isotonic,decay,HL150,4,0.031451855730493875,0.576167311917876,0.058
101,missing_features,lr,isotonic,decay,HL150,5,0.04519706299257284,0.6033377916202546,0.07
101,missing_features,lr,isotonic,decay,HL150,6,0.019747072562014755,0.5445631362320232,0.058
101,missing_features,lr,isotonic,decay,HL150,7,0.036227017618954846,0.5927526482328769,0.12
101,missing_features,lr,isotonic,decay,HL150,8,0.036388512790597516,0.5607874720027378,0.104
101,missing_features,gbm,temperature,static,,0,0.01599752789789194,0.56367055441624,0.074
101,missing_features,gbm,temperature,static,,1,0.08137635341653571,0.5949369441818108,0.092
101,missing_features,gbm,temperature,static,,2,0.023494762057296288,0.5897790605437105,0.08
101,missing_features,gbm,temperature,static,,3,0.06092027696226057,0.6196334565606518,0.082
101,missing_features,gbm,temperature,static,,4,0.025635108692833874,0.5942170894268554,0.076
101,missing_features,gbm,temperature,static,,5,0.05243057779621719,0.6160478257176327,0.068
101,missing_features,gbm,temperature,static,,6,0.016367991711839436,0.5986475123074018,0.072
101,missing_features,gbm,temperature,static,,7,0.05931729258309098,0.6240000386234937,0.072
101,missing_features,gbm,temperature,static,,8,0.06855248335724111,0.6155651880941395,0.084
101,missing_features,gbm,temperature,window,W300,0,0.01688650291597701,0.5644347043564815,0.076
101,missing_features,gbm,temperature,window,W300,1,0.0784879041748786,0.5977463703772807,0.082
101,missing_features,gbm,temperature,window,W300,2,0.030914856280329295,0.5902572817284968,0.05
101,missing_features,gbm,temperature,window,W300,3,0.04581164840293266,0.6159766023746345,0.072
101,missing_features,gbm,temperature,window,W300,4,0.03903012316559563,0.5964705624680876,0.024
101,missing_features,gbm,temperature,window,W300,5,0.04122443874447236,0.613703548883339,0.064
101,missing_features,gbm,temperature,window,W300,6,0.032226164475494756,0.6003341925091128,0.032
101,missing_features,gbm,temperature,window,W300,7,0.027796585269394866,0.6207701700970879,0.028
101,missing_features,gbm,temperature,window,W300,8,0.04211778131461136,0.6107064963387955,0.026
101,missing_features,gbm,temperature,expanding,all,0,0.015226233914999302,0.5641253230217592,0.056
101,missing_features,gbm,temperature,expanding,all,1,0.06243661530246734,0.5937932170028835,0.086
101,missing_features,gbm,temperature,expanding,all,2,0.024285290935824908,0.5894531802390675,0.068
101,missing_features,gbm,temperature,expanding,all,3,0.051117801615095264,0.6173641812104871,0.064
101,missing_features,gbm,temperature,expanding,all,4,0.015224018230409822,0.5937900140398088,0.058
101,missing_features,gbm,temperature,expanding,all,5,0.045865065138012244,0.6141053064783917,0.056
101,missing_features,gbm,temperature,expanding,all,6,0.02183543832322855,0.5980593967723029,0.048
101,missing_features,gbm,temperature,expanding,all,7,0.034423954931083064,0.6217154477653368,0.038
101,missing_features,gbm,temperature,expanding,all,8,0.07168750614840388,0.6123198841221592,0.054
101,missing_features,gbm,temperature,decay,HL150,0,0.019048855027086427,0.5641573689682555,0.082
101,missing_features,gbm,temperature,decay,HL150,1,0.0858922890190521,0.5966769214697796,0.09
101,missing_features,gbm,temperature,decay,HL150,2,0.02841460607948941,0.589961733276195,0.05
101,missing_features,gbm,temperature,decay,HL150,3,0.042456346764060536,0.6166903363501963,0.054
101,missing_features,gbm,temperature,decay,HL150,4,0.03142127563322742,0.595101106890093,0.024
101,missing_features,gbm,temperature,decay,HL150,5,0.0365626605384589,0.6138885331991462,0.062
101,missing_features,gbm,temperature,decay,HL150,6,0.030689712220771624,0.5996713355327692,0.036
101,missing_features,gbm,temperature,decay,HL150,7,0.02615486894253239,0.6210806933869774,0.026
101,missing_features,gbm,temperature,decay,HL150,8,0.04070924115240838,0.6108982820260879,0.032
101,missing_features,gbm,beta,static,,0,0.032040647521305594,0.5755725026142634,0.08
101,missing_features,gbm,beta,static,,1,0.09528199575085172,0.6035155946785894,0.1
101,missing_features,gbm,beta,static,,2,0.019271223095977376,0.6162968370920042,0.086
101,missing_features,gbm,beta,static,,3,0.07098991951620957,0.6375325909352112,0.084
101,missing_features,gbm,beta,static,,4,0.037665523111836796,0.6153183223072328,0.078
101,missing_features,gbm,beta,static,,5,0.06615412298786186,0.6334241843278512,0.088
101,missing_features,gbm,beta,static,,6,0.026985535552694055,0.6225788756414402,0.082
101,missing_features,gbm,beta,static,,7,0.06481136250540384,0.6439932582824346,0.086
101,missing_features,gbm,beta,static,,8,0.08129483568997702,0.634015325051823,0.098
101,missing_features,gbm,beta,window,W300,0,0.03900439103744168,0.577668811665759,0.076
101,missing_features,gbm,beta,window,W300,1,0.08783074693854326,0.6072355546862888,0.076
101,missing_features,gbm,beta,window,W300,2,0.025879370694559145,0.61794347785192,0.05
101,missing_features,gbm,beta,window,W300,3,0.06628082030596316,0.636495341308287,0.068
101,missing_features,gbm,beta,window,W300,4,0.0203402715904541,0.6192397770777502,0.032
101,missing_features,gbm,beta,window,W300,5,0.055032713622834566,0.6330962060434004,0.07
101,missing_features,gbm,beta,window,W300,6,0.017048353268340755,0.626257296820718,0.052
101,missing_features,gbm,beta,window,W300,7,0.04745781674613644,0.6485832504798846,0.038
101,missing_features,gbm,beta,window,W300,8,0.06361901028105899,0.6384567469844501,0.038
101,missing_features,gbm,beta,expanding,all,0,0.020634959684651826,0.5763226916624508,0.064
101,missing_features,gbm,beta,expanding,all,1,0.09281018328592024,0.6024433687848268,0.086
101,missing_features,gbm,beta,expanding,all,2,0.020036993169857194,0.6175126527127143,0.066
101,missing_features,gbm,beta,expanding,all,3,0.05735828304556526,0.6355301854982136,0.072
101,missing_features,gbm,beta,expanding,all,4,0.01874748684483935,0.616688499794021,0.054
101,missing_features,gbm,beta,expanding,all,5,0.04688584094285665,0.6312005707163885,0.05
101,missing_features,gbm,beta,expanding,all,6,0.013223666905703278,0.6247991056008148,0.054
101,missing_features,gbm,beta,expanding,all,7,0.030907942197875304,0.64278265425937,0.046
101,missing_features,gbm,beta,expanding,all,8,0.07134977233501086,0.6321991060534182,0.054
101,missing_features,gbm,beta,decay,HL150,0,0.014306505744382282,0.5771319679229371,0.078
101,missing_features,gbm,beta,decay,HL150,1,0.10437573535934352,0.6057847134293731,0.074
101,missing_features,gbm,beta,decay,HL150,2,0.01584818978406792,0.6175246122010706,0.05
101,missing_features,gbm,beta,decay,HL150,3,0.06244061087750797,0.6384913995913362,0.062
101,missing_features,gbm,beta,decay,HL150,4,0.018954827163881995,0.6198766564138042,0.034
101,missing_features,gbm,beta,decay,HL150,5,0.051897435216302246,0.6312481881680571,0.054
101,missing_features,gbm,beta,decay,HL150,6,0.018517462584605137,0.6265682771330354,0.05
101,missing_features,gbm,beta,decay,HL150,7,0.03666389721097294,0.6470141099765764,0.038
101,missing_features,gbm,beta,decay,HL150,8,0.06954637619476542,0.6353641668163207,0.032
101,missing_features,gbm,isotonic,static,,0,0.02529561604040745,0.577124321370711,0.072
101,missing_features,gbm,isotonic,static,,1,0.10281913375005051,0.6042076496822497,0.092
101,missing_features,gbm,isotonic,static,,2,0.03858634338008789,0.6164194536328536,0.076
101,missing_features,gbm,isotonic,static,,3,0.07323758764663535,0.6410618054875725,0.08
101,missing_features,gbm,isotonic,static,,4,0.032599162186825265,0.6165734785994945,0.07
101,missing_features,gbm,isotonic,static,,5,0.0662858904392024,0.6328286622561208,0.074
101,missing_features,gbm,isotonic,static,,6,0.03168299885059731,0.6226961435522971,0.07
101,missing_features,gbm,isotonic,static,,7,0.06724115130370661,0.6437815828658396,0.07
101,missing_features,gbm,isotonic,static,,8,0.08201641504607987,0.6348318101371713,0.082
101,missing_features,gbm,isotonic,window,W300,0,0.02252021883807161,0.5783690263396243,0.076
101,missing_features,gbm,isotonic,window,W300,1,0.11050059720445962,0.6118881616626529,0.088
101,missing_features,gbm,isotonic,window,W300,2,0.04107480730219698,0.6233979188668837,0.052
101,missing_features,gbm,isotonic,window,W300,3,0.07010849802056705,0.6352631662911958,0.098
101,missing_features,gbm,isotonic,window,W300,4,0.01848636186407221,0.6176679934197827,0.032
101,missing_features,gbm,isotonic,window,W300,5,0.06517475809880656,0.6330343895662404,0.072
101,missing_features,gbm,isotonic,window,W300,6,0.023115024818118817,0.631099317270146,0.044
101,missing_features,gbm,isotonic,window,W300,7,0.04465722446044424,0.6486662170981959,0.054
101,missing_features,gbm,isotonic,window,W300,8,0.062092108609462675,0.6389455209605072,0.06
101,missing_features,gbm,isotonic,expanding,all,0,0.015907114798893666,0.5763205101299572,0.086
101,missing_features,gbm,isotonic,expanding,all,1,0.09370753712853538,0.6033728255367096,0.09
101,missing_features,gbm,isotonic,expanding,all,2,0.016907335465500165,0.617157550054287,0.054
101,missing_features,gbm,isotonic,expanding,all,3,0.05602488685087243,0.6361241607418697,0.064
101,missing_features,gbm,isotonic,expanding,all,4,0.01677027831334147,0.6150265737893535,0.042
101,missing_features,gbm,isotonic,expanding,all,5,0.0407765743619719,0.6322703655231833,0.046
101,missing_features,gbm,isotonic,expanding,all,6,0.012687445501688663,0.6248813714814794,0.046
101,missing_features,gbm,isotonic,expanding,all,7,0.031209369632809236,0.6399438100163922,0.038
101,missing_features,gbm,isotonic,expanding,all,8,0.06570764381090222,0.6315963004944439,0.05
101,missing_features,gbm,isotonic,decay,HL150,0,0.014881237983443322,0.5777028693601693,0.052
101,missing_features,gbm,isotonic,decay,HL150,1,0.11046718171503035,0.6081813526856382,0.106
101,missing_features,gbm,isotonic,decay,HL150,2,0.0344094245309162,0.6205079347644842,0.054
101,missing_features,gbm,isotonic,decay,HL150,3,0.07026981365038007,0.6360971097295952,0.096
101,missing_features,gbm,isotonic,decay,HL150,4,0.01977687454175239,0.6185466300354927,0.038
101,missing_features,gbm,isotonic,decay,HL150,5,0.057872672651762457,0.6309262870354124,0.056
101,missing_features,gbm,isotonic,decay,HL150,6,0.02164935052891019,0.6279562453801598,0.044
101,missing_features,gbm,isotonic,decay,HL150,7,0.03435340804617843,0.6453273050847511,0.05
101,missing_features,gbm,isotonic,decay,HL150,8,0.06987499847076298,0.6342388217575791,0.05
101,stale_features,lr,temperature,static,,0,0.037841182045116134,0.5031213091000573,0.09
101,stale_features,lr,temperature,static,,1,0.05619926213937226,0.5427279208638475,0.128
101,stale_features,lr,temperature,static,,2,0.033839877224953775,0.5351039880118696,0.094
101,stale_features,lr,temperature,static,,3,0.10164435582582314,0.6574064574928402,0.186
101,stale_features,lr,temperature,static,,4,0.15266294971122657,0.6923106735031025,0.186
101,stale_features,lr,temperature,static,,5,0.10904711171734477,0.6656992202055075,0.186
101,stale_features,lr,temperature,static,,6,0.14702911652828354,0.669377438603705,0.21
101,stale_features,lr,temperature,static,,7,0.13706908299072554,0.6986784426529935,0.18
101,stale_features,lr,temperature,static,,8,0.12693464851660632,0.6659415801232046,0.178
101,stale_features,lr,temperature,window,W300,0,0.03717893637217173,0.5039965246891371,0.114
101,stale_features,lr,temperature,window,W300,1,0.04564818353956519,0.5441898730189477,0.126
101,stale_features,lr,temperature,window,W300,2,0.023149240530462627,0.5361210968819246,0.08
101,stale_features,lr,temperature,window,W300,3,0.08394104954172871,0.6452055631577089,0.104
101,stale_features,lr,temperature,window,W300,4,0.04492401450509596,0.6466268980928019,0.008
101,stale_features,lr,temperature,window,W300,5,0.06084790467850968,0.6394447251416674,0.014
101,stale_features,lr,temperature,window,W300,6,0.033329524284058415,0.6322996596080503,0.024
101,stale_features,lr,temperature,window,W300,7,0.030443345598431558,0.6542357443660788,0.01
101,stale_features,lr,temperature,window,W300,8,0.09139033665659009,0.6421292800758236,0.028
101,stale_features,lr,temperature,expanding,all,0,0.04216209041685548,0.5040706729130403,0.088
101,stale_features,lr,temperature,expanding,all,1,0.05712642469583464,0.542254794797519,0.12
101,stale_features,lr,temperature,expanding,all,2,0.025893051237478946,0.535475025427128,0.088
101,stale_features,lr,temperature,expanding,all,3,0.09221945216916869,0.6520284043219781,0.174
101,stale_features,lr,temperature,expanding,all,4,0.12877039335907223,0.6777771769068153,0.162
101,stale_features,lr,temperature,expanding,all,5,0.07570013304990193,0.6525784033287553,0.118
101,stale_features,lr,temperature,expanding,all,6,0.09667347446113958,0.6476975126853493,0.13
101,stale_features,lr,temperature,expanding,all,7,0.08336122354696722,0.6729062314049199,0.094
101,stale_features,lr,temperature,expanding,all,8,0.0667284460448902,0.6435818027884278,0.118
101,stale_features,lr,temperature,decay,HL150,0,0.028353556015803125,0.5033011096815152,0.112
101,stale_features,lr,temperature,decay,HL150,1,0.050395710357007364,0.5445876250313693,0.13
101,stale_features,lr,temperature,decay,HL150,2,0.027284305536422856,0.5352565185363102,0.08
101,stale_features,lr,temperature,decay,HL150,3,0.08000042747793214,0.6423033179982333,0.106
101,stale_features,lr,temperature,decay,HL150,4,0.06733274673829788,0.6464282486052388,0.02
101,stale_features,lr,temperature,decay,HL150,5,0.06050222288527608,0.6392905054219077,0.014
101,stale_features,lr,temperature,decay,HL150,6,0.03499897943970099,0.632753222380413,0.024
101,stale_features,lr,temperature,decay,HL150,7,0.03331196363572699,0.6534390573411156,0.004
101,stale_features,lr,temperature,decay,HL150,8,0.06976513180662311,0.6398142670193747,0.016
101,stale_features,lr,beta,static,,0,0.03217863746094089,0.5026346319887095,0.096
101,stale_features,lr,beta,static,,1,0.046302889450900865,0.5434375149759008,0.132
101,stale_features,lr,beta,static,,2,0.03977430522617309,0.5355134928143799,0.098
101,stale_features,lr,beta,static,,3,0.10901832344115978,0.6594303814556803,0.194
101,stale_features,lr,beta,static,,4,0.15968143685787106,0.6949592073819417,0.192
101,stale_features,lr,beta,static,,5,0.09905549849177513,0.666983622765377,0.19
101,stale_features,lr,beta,static,,6,0.15409430216638162,0.6714339096077372,0.216
101,stale_features,lr,beta,static,,7,0.14382361456961373,0.7007954632352295,0.182
101,stale_features,lr,beta,static,,8,0.1343601079480522,0.6683260559207485,0.182
101,stale_features,lr,beta,window,W300,0,0.04343912060940843,0.509509246282872,0.098
101,stale_features,lr,beta,window,W300,1,0.048071090099280796,0.549747862558672,0.138
101,stale_features,lr,beta,window,W300,2,0.03174047866201763,0.5365292217871973,0.076
101,stale_features,lr,beta,window,W300,3,0.06466257256629607,0.6493194544259789,0.076
101,stale_features,lr,beta,window,W300,4,0.043497228202244435,0.6627533800845518,0.024
101,stale_features,lr,beta,window,W300,5,0.05169195046541281,0.6485466390769709,0.018
101,stale_features,lr,beta,window,W300,6,0.04077096756071209,0.6561810447909182,0.036
101,stale_features,lr,beta,window,W300,7,0.07220426095162515,0.678539335826559,0.016
101,stale_features,lr,beta,window,W300,8,0.06298799293858455,0.6677576448221596,0.062
101,stale_features,lr,beta,expanding,all,0,0.04653463729455876,0.5047301669395776,0.088
101,stale_features,lr,beta,expanding,all,1,0.051497825935186856,0.5426013108876288,0.124
101,stale_features,lr,beta,expanding,all,2,0.02225327161066025,0.535224910979729,0.092
101,stale_features,lr,beta,expanding,all,3,0.09646090107025448,0.6531004926706028,0.176
101,stale_features,lr,beta,expanding,all,4,0.13161684997032363,0.6813994830022184,0.168
101,stale_features,lr,beta,expanding,all,5,0.07663553373830309,0.6564593267681752,0.122
101,stale_features,lr,beta,expanding,all,6,0.10497962276702746,0.6552932342908748,0.146
101,stale_features,lr,beta,expanding,all,7,0.09335458128182296,0.6820686731144022,0.114
101,stale_features,lr,beta,expanding,all,8,0.07732330504677398,0.651581899233775,0.134
101,stale_features,lr,beta,decay,HL150,0,0.029537699928677736,0.5070665852201995,0.098
101,stale_features,lr,beta,decay,HL150,1,0.04026154603014723,0.5484781577978117,0.134
101,stale_features,lr,beta,decay,HL150,2,0.040801164090123465,0.5366715488995449,0.074
101,stale_features,lr,beta,decay,HL150,3,0.06919132324380484,0.6480225427462719,0.086
101,stale_features,lr,beta,decay,HL150,4,0.04294232096740676,0.6647105499690928,0.02
101,stale_features,lr,beta,decay,HL150,5,0.06176146588777209,0.6495637180254664,0.018
101,stale_features,lr,beta,decay,HL150,6,0.058860373655896574,0.65427801455161,0.04
101,stale_features,lr,beta,decay,HL150,7,0.067996535569617,0.6764275659366732,0.016
101,stale_features,lr,beta,decay,HL150,8,0.06561273334981663,0.6610195773491976,0.054
101,stale_features,lr,isotonic,static,,0,0.045915559140239474,0.5033120750178002,0.104
101,stale_features,lr,isotonic,static,,1,0.05455298501631468,0.5442431093472377,0.146
101,stale_features,lr,isotonic,static,,2,0.05483449041144799,0.5348177144389026,0.102
101,stale_features,lr,isotonic,static,,3,0.1071064265834443,0.6587006777368095,0.198
101,stale_features,lr,isotonic,static,,4,0.15755081469059334,0.6962150190604444,0.208
101,stale_features,lr,isotonic,static,,5,0.11148921122098934,0.6715640852514557,0.21
101,stale_features,lr,isotonic,static,,6,0.1555516125596101,0.6731356861944685,0.242
101,stale_features,lr,isotonic,static,,7,0.14341691705939189,0.703733605138483,0.21
101,stale_features,lr,isotonic,static,,8,0.13670674244549585,0.6719649723905432,0.194
101,stale_features,lr,isotonic,window,W300,0,0.06003197638240179,0.5121959070230018,0.114
101,stale_features,lr,isotonic,window,W300,1,0.05888865240398899,0.5517371967717176,0.13
101,stale_features,lr,isotonic,window,W300,2,0.041094941511049504,0.5366931468834705,0.1
101,stale_features,lr,isotonic,window,W300,3,0.07232312188739767,0.6464828620124238,0.078
101,stale_features,lr,isotonic,window,W300,4,0.07705202049243635,0.6678173897905489,0.036
101,stale_features,lr,isotonic,window,W300,5,0.08045938163191474,0.6524269222954228,0.058
101,stale_features,lr,isotonic,window,W300,6,0.06147759265366057,0.6529141920838454,0.054
101,stale_features,lr,isotonic,window,W300,7,0.07655723137715591,0.6800572516426802,0.05
101,stale_features,lr,isotonic,window,W300,8,0.045272847203732994,0.6650976446843446,0.088
101,stale_features,lr,isotonic,expanding,all,0,0.05629353151929739,0.5062390019992001,0.086
101,stale_features,lr,isotonic,expanding,all,1,0.03841082950299215,0.5428356958129147,0.11
101,stale_features,lr,isotonic,expanding,all,2,0.043896113354593924,0.5335139610883837,0.096
101,stale_features,lr,isotonic,expanding,all,3,0.0912290803030121,0.653456991122016,0.19
101,stale_features,lr,isotonic,expanding,all,4,0.1302972744218911,0.6856203831352067,0.136
101,stale_features,lr,isotonic,expanding,all,5,0.08743420362492296,0.6579167567795269,0.118
101,stale_features,lr,isotonic,expanding,all,6,0.10790799766392406,0.6589323128816703,0.118
101,stale_features,lr,isotonic,expanding,all,7,0.09305255635794608,0.6843756498817133,0.092
101,stale_features,lr,isotonic,expanding,all,8,0.0752475608074103,0.6533691004799134,0.118
101,stale_features,lr,isotonic,decay,HL150,0,0.03733463789923874,0.5098148084126103,0.116
101,stale_features,lr,isotonic,decay,HL150,1,0.04650289134355251,0.5517326067801267,0.158
101,stale_features,lr,isotonic,decay,HL150,2,0.046877743549130935,0.5371326179924124,0.102
101,stale_features,lr,isotonic,decay,HL150,3,0.07194546757391333,0.6469625171472889,0.07
101,stale_features,lr,isotonic,decay,HL150,4,0.05491155729998423,0.6640190183508902,0.04
101,stale_features,lr,isotonic,decay,HL150,5,0.051165501452712994,0.6497860902681285,0.036
101,stale_features,lr,isotonic,decay,HL150,6,0.05437491165792501,0.6530996414262724,0.05
101,stale_features,lr,isotonic,decay,HL150,7,0.0659581191269479,0.6761099367809242,0.058
101,stale_features,lr,isotonic,decay,HL150,8,0.06499255104785687,0.6571435342445424,0.086
101,stale_features,gbm,temperature,static,,0,0.01599752789789194,0.56367055441624,0.074
101,stale_features,gbm,temperature,static,,1,0.08137635341653571,0.5949369441818108,0.092
101,stale_features,gbm,temperature,static,,2,0.023494762057296288,0.5897790605437105,0.08
101,stale_features,gbm,temperature,static,,3,0.10055556672220914,0.6624120320072291,0.122
101,stale_features,gbm,temperature,static,,4,0.12706558448817654,0.6850655447396907,0.126
101,stale_features,gbm,temperature,static,,5,0.10211698678960128,0.6787592041514221,0.118
101,stale_features,gbm,temperature,static,,6,0.11251386164044724,0.67300242654508,0.122
101,stale_features,gbm,temperature,static,,7,0.1235677465218222,0.6783213904194517,0.106
101,stale_features,gbm,temperature,static,,8,0.10038976242148183,0.661988737705738,0.15
101,stale_features,gbm,temperature,window,W300,0,0.01688650291597701,0.5644347043564815,0.076
101,stale_features,gbm,temperature,window,W300,1,0.0784879041748786,0.5977463703772807,0.082
101,stale_features,gbm,temperature,window,W300,2,0.030914856280329295,0.5902572817284968,0.05
101,stale_features,gbm,temperature,window,W300,3,0.05565550361256319,0.6489091225638696,0.064
101,stale_features,gbm,temperature,window,W300,4,0.02787603210455458,0.6519895881650377,0.004
101,stale_features,gbm,temperature,window,W300,5,0.03260360923259694,0.6522961900154021,0.006
101,stale_features,gbm,temperature,window,W300,6,0.030326680993857134,0.6489462095021987,0.0
101,stale_features,gbm,temperature,window,W300,7,0.021744820529495747,0.6544494039327314,0.004
101,stale_features,gbm,temperature,window,W300,8,0.04738776827180008,0.6462822349687319,0.016
101,stale_features,gbm,temperature,expanding,all,0,0.015226233914999302,0.5641253230217592,0.056
101,stale_features,gbm,temperature,expanding,all,1,0.06243661530246734,0.5937932170028835,0.086
101,stale_features,gbm,temperature,expanding,all,2,0.024285290935824908,0.5894531802390675,0.068
101,stale_features,gbm,temperature,expanding,all,3,0.0867193973358341,0.657242040427366,0.1
101,stale_features,gbm,temperature,expanding,all,4,0.10345458218018325,0.6734675976816036,0.092
101,stale_features,gbm,temperature,expanding,all,5,0.08034799963453552,0.6657933029175445,0.068
101,stale_features,gbm,temperature,expanding,all,6,0.07172023587289852,0.657953029902509,0.062
101,stale_features,gbm,temperature,expanding,all,7,0.08176468806527316,0.6632357899563669,0.054
101,stale_features,gbm,temperature,expanding,all,8,0.049960263605312874,0.6455267122054738,0.056
101,stale_features,gbm,temperature,decay,HL150,0,0.019048855027086427,0.5641573689682555,0.082
101,stale_features,gbm,temperature,decay,HL150,1,0.0858922890190521,0.5966769214697796,0.09
101,stale_features,gbm,temperature,decay,HL150,2,0.02841460607948941,0.589961733276195,0.05
101,stale_features,gbm,temperature,decay,HL150,3,0.05452413894641821,0.6483312654715515,0.06
101,stale_features,gbm,temperature,decay,HL150,4,0.016372616321342598,0.6522221592420455,0.006
101,stale_features,gbm,temperature,decay,HL150,5,0.038321205601323294,0.6520619185123742,0.006
101,stale_features,gbm,temperature,decay,HL150,6,0.019565697449517642,0.6494524674825058,0.0
101,stale_features,gbm,temperature,decay,HL150,7,0.03100994077279179,0.6539845742147395,0.004
101,stale_features,gbm,temperature,decay,HL150,8,0.027422117340027283,0.6442943994857435,0.014
101,stale_features,gbm,beta,static,,0,0.032040647521305594,0.5755725026142634,0.08
101,stale_features,gbm,beta,static,,1,0.09528199575085172,0.6035155946785894,0.1
101,stale_features,gbm,beta,static,,2,0.019271223095977376,0.6162968370920042,0.086
101,stale_features,gbm,beta,static,,3,0.11014179101163771,0.6897037695956353,0.12
101,stale_features,gbm,beta,static,,4,0.14283632708386412,0.7263173993196346,0.134
101,stale_features,gbm,beta,static,,5,0.12612340848450027,0.7130969710539992,0.136
101,stale_features,gbm,beta,static,,6,0.12384578918498428,0.721133226881321,0.114
101,stale_features,gbm,beta,static,,7,0.1360297111570809,0.7060939625942229,0.112
101,stale_features,gbm,beta,static,,8,0.1188845233730874,0.6923478254014597,0.142
101,stale_features,gbm,beta,window,W300,0,0.03900439103744168,0.577668811665759,0.076
101,stale_features,gbm,beta,window,W300,1,0.08783074693854326,0.6072355546862888,0.076
101,stale_features,gbm,beta,window,W300,2,0.025879370694559145,0.61794347785192,0.05
101,stale_features,gbm,beta,window,W300,3,0.07887670929466895,0.6881638856300782,0.06
101,stale_features,gbm,beta,window,W300,4,0.06722073128222399,0.7115153589066147,0.008
101,stale_features,gbm,beta,window,W300,5,0.03517507053428787,0.6929164370989973,0.012
101,stale_features,gbm,beta,window,W300,6,0.03883574157624998,0.7196238950344628,0.004
101,stale_features,gbm,beta,window,W300,7,0.07145226840985472,0.6981848591862161,0.014
101,stale_features,gbm,beta,window,W300,8,0.04621160431282877,0.6855263987730305,0.028
101,stale_features,gbm,beta,expanding,all,0,0.020634959684651826,0.5763226916624508,0.064
101,stale_features,gbm,beta,expanding,all,1,0.09281018328592024,0.6024433687848268,0.086
101,stale_features,gbm,beta,expanding,all,2,0.020036993169857194,0.6175126527127143,0.066
101,stale_features,gbm,beta,expanding,all,3,0.09129218333772629,0.6863561297898942,0.088
101,stale_features,gbm,beta,expanding,all,4,0.12183299954194217,0.7185891204981628,0.092
101,stale_features,gbm,beta,expanding,all,5,0.10393188825175687,0.7031187477256919,0.074
101,stale_features,gbm,beta,expanding,all,6,0.08743860978057962,0.7144230940891878,0.07
101,stale_features,gbm,beta,expanding,all,7,0.1023046999000841,0.6982611202649666,0.062
101,stale_features,gbm,beta,expanding,all,8,0.07532761887669352,0.6816379946941652,0.066
101,stale_features,gbm,beta,decay,HL150,0,0.014306505744382282,0.5771319679229371,0.078
101,stale_features,gbm,beta,decay,HL150,1,0.10437573535934352,0.6057847134293731,0.074
101,stale_features,gbm,beta,decay,HL150,2,0.01584818978406792,0.6175246122010706,0.05
101,stale_features,gbm,beta,decay,HL150,3,0.07890535612174568,0.6863200337448108,0.062
101,stale_features,gbm,beta,decay,HL150,4,0.0932975529621513,0.7110578583811801,0.016
101,stale_features,gbm,beta,decay,HL150,5,0.06044467362627333,0.6926916045375417,0.01
101,stale_features,gbm,beta,decay,HL150,6,0.03809153218676608,0.7195297163792529,0.002
101,stale_features,gbm,beta,decay,HL150,7,0.07184583781022051,0.6986261147790647,0.006
101,stale_features,gbm,beta,decay,HL150,8,0.049532880469442785,0.6857766865711923,0.024
101,stale_features,gbm,isotonic,static,,0,0.02529561604040745,0.577124321370711,0.072
101,stale_features,gbm,isotonic,static,,1,0.10281913375005051,0.6042076496822497,0.092
101,stale_features,gbm,isotonic,static,,2,0.03858634338008789,0.6164194536328536,0.076
101,stale_features,gbm,isotonic,static,,3,0.11751176786097237,0.6924947791804256,0.1
101,stale_features,gbm,isotonic,static,,4,0.14533481088381572,0.728786451024645,0.12
101,stale_features,gbm,isotonic,static,,5,0.13479415875709674,0.7136766988716299,0.124
101,stale_features,gbm,isotonic,static,,6,0.12557768308715178,0.7220633847252954,0.104
101,stale_features,gbm,isotonic,static,,7,0.13857652879428076,0.7102257089583678,0.102
101,stale_features,gbm,isotonic,static,,8,0.12050172154254842,0.691367753527628,0.132
101,stale_features,gbm,isotonic,window,W300,0,0.02252021883807161,0.5783690263396243,0.076
101,stale_features,gbm,isotonic,window,W300,1,0.11050059720445962,0.6118881616626529,0.088
101,stale_features,gbm,isotonic,window,W300,2,0.04107480730219698,0.6233979188668837,0.052
101,stale_features,gbm,isotonic,window,W300,3,0.1073098320060394,0.6900355685383297,0.074
101,stale_features,gbm,isotonic,window,W300,4,0.08804476327821108,0.7091360571454179,0.018
101,stale_features,gbm,isotonic,window,W300,5,0.061151122423421765,0.6934893608104435,0.044
101,stale_features,gbm,isotonic,window,W300,6,0.04794359906886346,0.7152188946822122,0.014
101,stale_features,gbm,isotonic,window,W300,7,0.08188756022878024,0.7019773426455773,0.042
101,stale_features,gbm,isotonic,window,W300,8,0.06896323515079056,0.6892883579145639,0.058
101,stale_features,gbm,isotonic,expanding,all,0,0.015907114798893666,0.5763205101299572,0.086
101,stale_features,gbm,isotonic,expanding,all,1,0.09370753712853538,0.6033728255367096,0.09
101,stale_features,gbm,isotonic,expanding,all,2,0.016907335465500165,0.617157550054287,0.054
101,stale_features,gbm,isotonic,expanding,all,3,0.09337921796493104,0.6873187296797444,0.084
101,stale_features,gbm,isotonic,expanding,all,4,0.12577838027722474,0.7209619775658814,0.092
101,stale_features,gbm,isotonic,expanding,all,5,0.10725809419377075,0.7056132150066521,0.082
101,stale_features,gbm,isotonic,expanding,all,6,0.09289112898891491,0.714605262148336,0.058
101,stale_features,gbm,isotonic,expanding,all,7,0.10443161327396112,0.6989130352171212,0.058
101,stale_features,gbm,isotonic,expanding,all,8,0.07738750154034296,0.6812997793467946,0.058
101,stale_features,gbm,isotonic,decay,HL150,0,0.014881237983443322,0.5777028693601693,0.052
101,stale_features,gbm,isotonic,decay,HL150,1,0.11046718171503035,0.6081813526856382,0.106
101,stale_features,gbm,isotonic,decay,HL150,2,0.0344094245309162,0.6205079347644842,0.054
101,stale_features,gbm,isotonic,decay,HL150,3,0.09870566189297476,0.6884215079470268,0.106
101,stale_features,gbm,isotonic,decay,HL150,4,0.08382361119873974,0.7093157455203706,0.024
101,stale_features,gbm,isotonic,decay,HL150,5,0.04833407599146326,0.6922515758061207,0.038
101,stale_features,gbm,isotonic,decay,HL150,6,0.047006834613906416,0.7163572454365974,0.01
101,stale_features,gbm,isotonic,decay,HL150,7,0.07863297913942668,0.701903068916392,0.03
101,stale_features,gbm,isotonic,decay,HL150,8,0.05227331385180237,0.6874658249340139,0.036
101,venue_change,lr,temperature,static,,0,0.037841182045116134,0.5031213091000573,0.09
101,venue_change,lr,temperature,static,,1,0.05619926213937226,0.5427279208638475,0.128
101,venue_change,lr,temperature,static,,2,0.033839877224953775,0.5351039880118696,0.094
101,venue_change,lr,temperature,static,,3,0.08573247809988233,0.6048122496796569,0.172
101,venue_change,lr,temperature,static,,4,0.07246333695372924,0.5905173329792807,0.126
101,venue_change,lr,temperature,static,,5,0.06528727757786876,0.5954792570125177,0.142
101,venue_change,lr,temperature,static,,6,0.03819199212636576,0.5392446825800816,0.104
101,venue_change,lr,temperature,static,,7,0.061566751182092386,0.5889005055657736,0.11
101,venue_change,lr,temperature,static,,8,0.04075094161444531,0.5627539077225084,0.118
101,venue_change,lr,temperature,window,W300,0,0.03717893637217173,0.5039965246891371,0.114
101,venue_change,lr,temperature,window,W300,1,0.04564818353956519,0.5441898730189477,0.126
101,venue_change,lr,temperature,window,W300,2,0.023149240530462627,0.5361210968819246,0.08
101,venue_change,lr,temperature,window,W300,3,0.07241047161084434,0.6014625296501979,0.146
101,venue_change,lr,temperature,window,W300,4,0.021310817921579676,0.5857346922100775,0.058
101,venue_change,lr,temperature,window,W300,5,0.022505202831182382,0.5887554300939014,0.072
101,venue_change,lr,temperature,window,W300,6,0.04827785726510527,0.5430229631040903,0.088
101,venue_change,lr,temperature,window,W300,7,0.045639491181316126,0.5883604828353938,0.052
101,venue_change,lr,temperature,window,W300,8,0.04577919302750566,0.561031448173534,0.09
101,venue_change,lr,temperature,expanding,all,0,0.04216209041685548,0.5040706729130403,0.088
101,venue_change,lr,temperature,expanding,all,1,0.05712642469583464,0.542254794797519,0.12
101,venue_change,lr,temperature,expanding,all,2,0.025893051237478946,0.535475025427128,0.088
101,venue_change,lr,temperature,expanding,all,3,0.07536712055573051,0.6015941184855061,0.166
101,venue_change,lr,temperature,expanding,all,4,0.05605572138793818,0.5874144679826881,0.106
101,venue_change,lr,temperature,expanding,all,5,0.045365258310236044,0.5915195518995661,0.11
101,venue_change,lr,temperature,expanding,all,6,0.05979273716087628,0.540768028395089,0.094
101,venue_change,lr,temperature,expanding,all,7,0.039189095566353006,0.5864570253190011,0.092
101,venue_change,lr,temperature,expanding,all,8,0.058668724243509086,0.5616708108117111,0.092
101,venue_change,lr,temperature,decay,HL150,0,0.028353556015803125,0.5033011096815152,0.112
101,venue_change,lr,temperature,decay,HL150,1,0.050395710357007364,0.5445876250313693,0.13
101,venue_change,lr,temperature,decay,HL150,2,0.027284305536422856,0.5352565185363102,0.08
101,venue_change,lr,temperature,decay,HL150,3,0.06175145598278503,0.5999473973471975,0.142
101,venue_change,lr,temperature,decay,HL150,4,0.030295608404924908,0.5859853440229076,0.06
101,venue_change,lr,temperature,decay,HL150,5,0.020057182944248336,0.5888507437282775,0.072
101,venue_change,lr,temperature,decay,HL150,6,0.055664250896669466,0.5427728926132347,0.088
101,venue_change,lr,temperature,decay,HL150,7,0.04699232211402138,0.586661868127089,0.058
101,venue_change,lr,temperature,decay,HL150,8,0.04621576710741789,0.5614894074163116,0.084
101,venue_change,lr,beta,static,,0,0.03217863746094089,0.5026346319887095,0.096
101,venue_change,lr,beta,static,,1,0.046302889450900865,0.5434375149759008,0.132
101,venue_change,lr,beta,static,,2,0.03977430522617309,0.5355134928143799,0.098
101,venue_change,lr,beta,static,,3,0.09280986947951433,0.6070184289662496,0.174
101,venue_change,lr,beta,static,,4,0.08007700606121587,0.5914900360820671,0.13
101,venue_change,lr,beta,static,,5,0.07212327953153394,0.596780314733661,0.142
101,venue_change,lr,beta,static,,6,0.03471706955733779,0.5392402136054382,0.108
101,venue_change,lr,beta,static,,7,0.05190373122509307,0.5887700125269691,0.118
101,venue_change,lr,beta,static,,8,0.04561903818249194,0.5625636735529331,0.12
101,venue_change,lr,beta,window,W300,0,0.04343912060940843,0.509509246282872,0.098
101,venue_change,lr,beta,window,W300,1,0.048071090099280796,0.549747862558672,0.138
101,venue_change,lr,beta,window,W300,2,0.03174047866201763,0.5365292217871973,0.076
101,venue_change,lr,beta,window,W300,3,0.05779315413495549,0.5990144278682547,0.116
101,venue_change,lr,beta,window,W300,4,0.02706112427133699,0.5871764839253621,0.052
101,venue_change,lr,beta,window,W300,5,0.021955643971401338,0.5938451912971335,0.094
101,venue_change,lr,beta,window,W300,6,0.0498128316472509,0.5452273020158814,0.12
101,venue_change,lr,beta,window,W300,7,0.025024506820434875,0.5933280451875093,0.08
101,venue_change,lr,beta,window,W300,8,0.0451139327041227,0.5641310317088193,0.112
101,venue_change,lr,beta,expanding,all,0,0.04653463729455876,0.5047301669395776,0.088
101,venue_change,lr,beta,expanding,all,1,0.051497825935186856,0.5426013108876288,0.124
101,venue_change,lr,beta,expanding,all,2,0.02225327161066025,0.535224910979729,0.092
101,venue_change,lr,beta,expanding,all,3,0.07301435786263755,0.6016081335590487,0.166
101,venue_change,lr,beta,expanding,all,4,0.04611213365582483,0.5874826632751379,0.106
101,venue_change,lr,beta,expanding,all,5,0.04283168468902323,0.592009927504982,0.112
101,venue_change,lr,beta,expanding,all,6,0.05685232762339381,0.5413304745727623,0.094
101,venue_change,lr,beta,expanding,all,7,0.043212674636774126,0.5878358734812866,0.096
101,venue_change,lr,beta,expanding,all,8,0.04901713070952968,0.5628926673518361,0.102
101,venue_change,lr,beta,decay,HL150,0,0.029537699928677736,0.5070665852201995,0.098
101,venue_change,lr,beta,decay,HL150,1,0.04026154603014723,0.5484781577978117,0.134
101,venue_change,lr,beta,decay,HL150,2,0.040801164090123465,0.5366715488995449,0.074
101,venue_change,lr,beta,decay,HL150,3,0.04567679039326163,0.5987748898259733,0.114
101,venue_change,lr,beta,decay,HL150,4,0.027085455158736192,0.5870923849369548,0.052
101,venue_change,lr,beta,decay,HL150,5,0.030183688905993187,0.5947380797063825,0.092
101,venue_change,lr,beta,decay,HL150,6,0.03926262748785475,0.5421752949893645,0.114
101,venue_change,lr,beta,decay,HL150,7,0.01687543064445445,0.5901782214665461,0.08
101,venue_change,lr,beta,decay,HL150,8,0.0321002231884169,0.5638408233276208,0.106
101,venue_change,lr,isotonic,static,,0,0.045915559140239474,0.5033120750178002,0.104
101,venue_change,lr,isotonic,static,,1,0.05455298501631468,0.5442431093472377,0.146
101,venue_change,lr,isotonic,static,,2,0.05483449041144799,0.5348177144389026,0.102
101,venue_change,lr,isotonic,static,,3,0.09380193364450212,0.6095267455284494,0.188
101,venue_change,lr,isotonic,static,,4,0.07212659356342695,0.5910349756324453,0.144
101,venue_change,lr,isotonic,static,,5,0.07263276071011741,0.5996533121585037,0.16
101,venue_change,lr,isotonic,static,,6,0.05285381710552279,0.5395318339072818,0.124
101,venue_change,lr,isotonic,static,,7,0.05532136955223689,0.5895115217810906,0.144
101,venue_change,lr,isotonic,static,,8,0.043107013051318414,0.5639176426143138,0.134
101,venue_change,lr,isotonic,window,W300,0,0.06003197638240179,0.5121959070230018,0.114
101,venue_change,lr,isotonic,window,W300,1,0.05888865240398899,0.5517371967717176,0.13
101,venue_change,lr,isotonic,window,W300,2,0.041094941511049504,0.5366931468834705,0.1
101,venue_change,lr,isotonic,window,W300,3,0.057764247078170475,0.603003121289333,0.15
101,venue_change,lr,isotonic,window,W300,4,0.015368208210848487,0.5890718123451039,0.068
101,venue_change,lr,isotonic,window,W300,5,0.027199307877368257,0.5956378413961281,0.106
101,venue_change,lr,isotonic,window,W300,6,0.05995258636756648,0.5499677962189957,0.126
101,venue_change,lr,isotonic,window,W300,7,0.03299962582286721,0.5918007023180786,0.102
101,venue_change,lr,isotonic,window,W300,8,0.05780565946681364,0.5652319044266294,0.096
101,venue_change,lr,isotonic,expanding,all,0,0.05629353151929739,0.5062390019992001,0.086
101,venue_change,lr,isotonic,expanding,all,1,0.03841082950299215,0.5428356958129147,0.11
101,venue_change,lr,isotonic,expanding,all,2,0.043896113354593924,0.5335139610883837,0.096
101,venue_change,lr,isotonic,expanding,all,3,0.0749553161323742,0.6021241675247693,0.192
101,venue_change,lr,isotonic,expanding,all,4,0.04973057269201611,0.588157695178154,0.11
101,venue_change,lr,isotonic,expanding,all,5,0.046218723821112015,0.5942770728020665,0.098
101,venue_change,lr,isotonic,expanding,all,6,0.056401515945147716,0.5432766111363299,0.092
101,venue_change,lr,isotonic,expanding,all,7,0.04727420182587227,0.5880892257082172,0.066
101,venue_change,lr,isotonic,expanding,all,8,0.0689486312965944,0.5636683217749978,0.076
101,venue_change,lr,isotonic,decay,HL150,0,0.03733463789923874,0.5098148084126103,0.116
101,venue_change,lr,isotonic,decay,HL150,1,0.04650289134355251,0.5517326067801267,0.158
101,venue_change,lr,isotonic,decay,HL150,2,0.046877743549130935,0.5371326179924124,0.102
101,venue_change,lr,isotonic,decay,HL150,3,0.05907359748114634,0.6053441269864452,0.138
101,venue_change,lr,isotonic,decay,HL150,4,0.020290494738730715,0.5885639029687189,0.072
101,venue_change,lr,isotonic,decay,HL150,5,0.035019868915625106,0.5945895413140662,0.104
101,venue_change,lr,isotonic,decay,HL150,6,0.04262040079384718,0.5440046974802643,0.138
101,venue_change,lr,isotonic,decay,HL150,7,0.031127068713333473,0.5929511437664351,0.078
101,venue_change,lr,isotonic,decay,HL150,8,0.06600012205681983,0.5648774517108753,0.084
101,venue_change,gbm,temperature,static,,0,0.01599752789789194,0.56367055441624,0.074
101,venue_change,gbm,temperature,static,,1,0.08137635341653571,0.5949369441818108,0.092
101,venue_change,gbm,temperature,static,,2,0.023494762057296288,0.5897790605437105,0.08
101,venue_change,gbm,temperature,static,,3,0.09335307115238502,0.6326507859251109,0.114
101,venue_change,gbm,temperature,static,,4,0.06020988687917089,0.622830797100981,0.088
101,venue_change,gbm,temperature,static,,5,0.07228273368629835,0.6355431927493994,0.1
101,venue_change,gbm,temperature,static,,6,0.03101967718725575,0.5958783864650659,0.072
101,venue_change,gbm,temperature,static,,7,0.07677576857503589,0.6271160078570903,0.072
101,venue_change,gbm,temperature,static,,8,0.04943922497669672,0.581804378132066,0.064
101,venue_change,gbm,temperature,window,W300,0,0.01688650291597701,0.5644347043564815,0.076
101,venue_change,gbm,temperature,window,W300,1,0.0784879041748786,0.5977463703772807,0.082
101,venue_change,gbm,temperature,window,W300,2,0.030914856280329295,0.5902572817284968,0.05
101,venue_change,gbm,temperature,window,W300,3,0.05311388768806618,0.6266778932435761,0.078
101,venue_change,gbm,temperature,window,W300,4,0.019902583026899026,0.6194858861475081,0.01
101,venue_change,gbm,temperature,window,W300,5,0.03280414756547015,0.6289489219918559,0.044
101,venue_change,gbm,temperature,window,W300,6,0.05237245164489432,0.6008855643389304,0.056
101,venue_change,gbm,temperature,window,W300,7,0.025464079367822298,0.6238236219308056,0.018
101,venue_change,gbm,temperature,window,W300,8,0.04266937163996995,0.5831188665396596,0.068
101,venue_change,gbm,temperature,expanding,all,0,0.015226233914999302,0.5641253230217592,0.056
101,venue_change,gbm,temperature,expanding,all,1,0.06243661530246734,0.5937932170028835,0.086
101,venue_change,gbm,temperature,expanding,all,2,0.024285290935824908,0.5894531802390675,0.068
101,venue_change,gbm,temperature,expanding,all,3,0.07600411943153083,0.629353221557376,0.106
101,venue_change,gbm,temperature,expanding,all,4,0.03914083041649753,0.6197708051970628,0.072
101,venue_change,gbm,temperature,expanding,all,5,0.05300435962951321,0.6311641453440074,0.07
101,venue_change,gbm,temperature,expanding,all,6,0.03385565234414729,0.5959321498628597,0.052
101,venue_change,gbm,temperature,expanding,all,7,0.0715470706456809,0.6232595386951034,0.046
101,venue_change,gbm,temperature,expanding,all,8,0.04154880365660378,0.582594575799777,0.052
101,venue_change,gbm,temperature,decay,HL150,0,0.019048855027086427,0.5641573689682555,0.082
101,venue_change,gbm,temperature,decay,HL150,1,0.0858922890190521,0.5966769214697796,0.09
101,venue_change,gbm,temperature,decay,HL150,2,0.02841460607948941,0.589961733276195,0.05
101,venue_change,gbm,temperature,decay,HL150,3,0.05638835055853871,0.6261828994533617,0.078
101,venue_change,gbm,temperature,decay,HL150,4,0.012630896454169777,0.6185280007935267,0.022
101,venue_change,gbm,temperature,decay,HL150,5,0.024633174576420818,0.6283764271360285,0.042
101,venue_change,gbm,temperature,decay,HL150,6,0.050742922148199615,0.5992035445628835,0.044
101,venue_change,gbm,temperature,decay,HL150,7,0.0334083778108784,0.6227149369621281,0.02
101,venue_change,gbm,temperature,decay,HL150,8,0.04779402524513679,0.5837490620376111,0.052
101,venue_change,gbm,beta,static,,0,0.032040647521305594,0.5755725026142634,0.08
101,venue_change,gbm,beta,static,,1,0.09528199575085172,0.6035155946785894,0.1
101,venue_change,gbm,beta,static,,2,0.019271223095977376,0.6162968370920042,0.086
101,venue_change,gbm,beta,static,,3,0.09324755639908926,0.6483082353790627,0.126
101,venue_change,gbm,beta,static,,4,0.06787553136780528,0.6439744722069128,0.088
101,venue_change,gbm,beta,static,,5,0.08154044437842758,0.6608247454848959,0.1
101,venue_change,gbm,beta,static,,6,0.05250215358304859,0.6225984521438898,0.068
101,venue_change,gbm,beta,static,,7,0.07509627882662598,0.6552884052729604,0.084
101,venue_change,gbm,beta,static,,8,0.059339772854076815,0.5962724594799529,0.068
101,venue_change,gbm,beta,window,W300,0,0.03900439103744168,0.577668811665759,0.076
101,venue_change,gbm,beta,window,W300,1,0.08783074693854326,0.6072355546862888,0.076
101,venue_change,gbm,beta,window,W300,2,0.025879370694559145,0.61794347785192,0.05
101,venue_change,gbm,beta,window,W300,3,0.05692295809828324,0.6420947978783383,0.084
101,venue_change,gbm,beta,window,W300,4,0.03826719759221385,0.6489495688549898,0.034
101,venue_change,gbm,beta,window,W300,5,0.0522543224677963,0.6618571997065833,0.052
101,venue_change,gbm,beta,window,W300,6,0.01336990455554798,0.6252003684247095,0.06
101,venue_change,gbm,beta,window,W300,7,0.0695089587224647,0.65761701201569,0.026
101,venue_change,gbm,beta,window,W300,8,0.04131451689578363,0.5986500605274648,0.068
101,venue_change,gbm,beta,expanding,all,0,0.020634959684651826,0.5763226916624508,0.064
101,venue_change,gbm,beta,expanding,all,1,0.09281018328592024,0.6024433687848268,0.086
101,venue_change,gbm,beta,expanding,all,2,0.020036993169857194,0.6175126527127143,0.066
101,venue_change,gbm,beta,expanding,all,3,0.0774781745441917,0.6453419018478629,0.1
101,venue_change,gbm,beta,expanding,all,4,0.05670686151373756,0.6428159777080187,0.074
101,venue_change,gbm,beta,expanding,all,5,0.060209612644353656,0.6585226045848287,0.066
101,venue_change,gbm,beta,expanding,all,6,0.0649527887872491,0.6240848501276464,0.06
101,venue_change,gbm,beta,expanding,all,7,0.06292551306188515,0.6533559793079192,0.054
101,venue_change,gbm,beta,expanding,all,8,0.05262821193040124,0.5991247333611552,0.048
101,venue_change,gbm,beta,decay,HL150,0,0.014306505744382282,0.5771319679229371,0.078
101,venue_change,gbm,beta,decay,HL150,1,0.10437573535934352,0.6057847134293731,0.074
101,venue_change,gbm,beta,decay,HL150,2,0.01584818978406792,0.6175246122010706,0.05
101,venue_change,gbm,beta,decay,HL150,3,0.05196116351107217,0.6431924705481177,0.072
101,venue_change,gbm,beta,decay,HL150,4,0.049083482563091745,0.6488392192805398,0.034
101,venue_change,gbm,beta,decay,HL150,5,0.04758411385631156,0.6602108923834836,0.048
101,venue_change,gbm,beta,decay,HL150,6,0.01573427259141441,0.6253009990539729,0.056
101,venue_change,gbm,beta,decay,HL150,7,0.059793795585685684,0.6553913476959374,0.028
101,venue_change,gbm,beta,decay,HL150,8,0.047344573187358255,0.5992664489067254,0.062
101,venue_change,gbm,isotonic,static,,0,0.02529561604040745,0.577124321370711,0.072
101,venue_change,gbm,isotonic,static,,1,0.10281913375005051,0.6042076496822497,0.092
101,venue_change,gbm,isotonic,static,,2,0.03858634338008789,0.6164194536328536,0.076
101,venue_change,gbm,isotonic,static,,3,0.09822818781362253,0.6485817469351318,0.122
101,venue_change,gbm,isotonic,static,,4,0.08158402934750958,0.6468657714876808,0.08
101,venue_change,gbm,isotonic,static,,5,0.08312509494879707,0.6603958440933337,0.094
101,venue_change,gbm,isotonic,static,,6,0.048743952546581884,0.6223100775591768,0.068
101,venue_change,gbm,isotonic,static,,7,0.07806423485104516,0.6553116284070154,0.074
101,venue_change,gbm,isotonic,static,,8,0.05542853432572954,0.5981885387404029,0.066
101,venue_change,gbm,isotonic,window,W300,0,0.02252021883807161,0.5783690263396243,0.076
101,venue_change,gbm,isotonic,window,W300,1,0.11050059720445962,0.6118881616626529,0.088
101,venue_change,gbm,isotonic,window,W300,2,0.04107480730219698,0.6233979188668837,0.052
101,venue_change,gbm,isotonic,window,W300,3,0.060423525923364446,0.6489256402154815,0.094
101,venue_change,gbm,isotonic,window,W300,4,0.05209513334521273,0.641399085103128,0.062
101,venue_change,gbm,isotonic,window,W300,5,0.06244682833234377,0.6588316727556851,0.074
101,venue_change,gbm,isotonic,window,W300,6,0.042413340909492156,0.6287397536832996,0.06
101,venue_change,gbm,isotonic,window,W300,7,0.04355363510438417,0.6568756603323179,0.036
101,venue_change,gbm,isotonic,window,W300,8,0.05114110714832376,0.6030989224870211,0.072
101,venue_change,gbm,isotonic,expanding,all,0,0.015907114798893666,0.5763205101299572,0.086
101,venue_change,gbm,isotonic,expanding,all,1,0.09370753712853538,0.6033728255367096,0.09
101,venue_change,gbm,isotonic,expanding,all,2,0.016907335465500165,0.617157550054287,0.054
101,venue_change,gbm,isotonic,expanding,all,3,0.08110112433815074,0.6448825580009657,0.086
101,venue_change,gbm,isotonic,expanding,all,4,0.06106194239827758,0.642373844535698,0.072
101,venue_change,gbm,isotonic,expanding,all,5,0.06336690397025586,0.6593264770119108,0.066
101,venue_change,gbm,isotonic,expanding,all,6,0.055904212575970724,0.6251123743404939,0.062
101,venue_change,gbm,isotonic,expanding,all,7,0.06836320857028662,0.653238603383156,0.056
101,venue_change,gbm,isotonic,expanding,all,8,0.044200281904656136,0.5980641551723549,0.06
101,venue_change,gbm,isotonic,decay,HL150,0,0.014881237983443322,0.5777028693601693,0.052
101,venue_change,gbm,isotonic,decay,HL150,1,0.11046718171503035,0.6081813526856382,0.106
101,venue_change,gbm,isotonic,decay,HL150,2,0.0344094245309162,0.6205079347644842,0.054
101,venue_change,gbm,isotonic,decay,HL150,3,0.061864769756580916,0.6483581762480485,0.1
101,venue_change,gbm,isotonic,decay,HL150,4,0.05044099716652134,0.6441730909996611,0.062
101,venue_change,gbm,isotonic,decay,HL150,5,0.05483114022035949,0.6599676325657027,0.066
101,venue_change,gbm,isotonic,decay,HL150,6,0.035408468447531524,0.6262283629986578,0.064
101,venue_change,gbm,isotonic,decay,HL150,7,0.055515290892625024,0.6557748258915133,0.034
101,venue_change,gbm,isotonic,decay,HL150,8,0.04776308053932203,0.5995513659768086,0.068
101,rare_cluster,lr,temperature,static,,0,0.037841182045116134,0.5031213091000573,0.09
101,rare_cluster,lr,temperature,static,,1,0.05619926213937226,0.5427279208638475,0.128
101,rare_cluster,lr,temperature,static,,2,0.033839877224953775,0.5351039880118696,0.094
101,rare_cluster,lr,temperature,static,,3,0.06219576578916491,0.5786906624244057,0.162
101,rare_cluster,lr,temperature,static,,4,0.07002391612474375,0.5813651923703471,0.144
101,rare_cluster,lr,temperature,static,,5,0.08428068134129628,0.575353951743338,0.134
101,rare_cluster,lr,temperature,static,,6,0.024306095198874122,0.5253727897863008,0.11
101,rare_cluster,lr,temperature,static,,7,0.052764915381927194,0.5696731974333011,0.112
101,rare_cluster,lr,temperature,static,,8,0.04263288150833613,0.549240675641374,0.128
101,rare_cluster,lr,temperature,window,W300,0,0.03717893637217173,0.5039965246891371,0.114
101,rare_cluster,lr,temperature,window,W300,1,0.04564818353956519,0.5441898730189477,0.126
101,rare_cluster,lr,temperature,window,W300,2,0.023149240530462627,0.5361210968819246,0.08
101,rare_cluster,lr,temperature,window,W300,3,0.051489442330221465,0.5786868508378873,0.15
101,rare_cluster,lr,temperature,window,W300,4,0.052451166823052134,0.5815958741143451,0.058
101,rare_cluster,lr,temperature,window,W300,5,0.015581202897834453,0.5727007804878245,0.078
101,rare_cluster,lr,temperature,window,W300,6,0.04991548032265124,0.5278329477982734,0.074
101,rare_cluster,lr,temperature,window,W300,7,0.04147232379795525,0.5736545619116937,0.086
101,rare_cluster,lr,temperature,window,W300,8,0.03776027968139232,0.5484747609051254,0.102
101,rare_cluster,lr,temperature,expanding,all,0,0.04216209041685548,0.5040706729130403,0.088
101,rare_cluster,lr,temperature,expanding,all,1,0.05712642469583464,0.542254794797519,0.12
101,rare_cluster,lr,temperature,expanding,all,2,0.025893051237478946,0.535475025427128,0.088
101,rare_cluster,lr,temperature,expanding,all,3,0.05303492558632682,0.576908335527485,0.136
101,rare_cluster,lr,temperature,expanding,all,4,0.044652923608523805,0.5794664358454299,0.128
101,rare_cluster,lr,temperature,expanding,all,5,0.06335586844083603,0.5734861788820753,0.11
101,rare_cluster,lr,temperature,expanding,all,6,0.04189009965400428,0.5261520863341852,0.086
101,rare_cluster,lr,temperature,expanding,all,7,0.04848674507021992,0.5692121048107815,0.086
101,rare_cluster,lr,temperature,expanding,all,8,0.03601420891047846,0.5484316344182967,0.104
101,rare_cluster,lr,temperature,decay,HL150,0,0.028353556015803125,0.5033011096815152,0.112
101,rare_cluster,lr,temperature,decay,HL150,1,0.050395710357007364,0.5445876250313693,0.13
101,rare_cluster,lr,temperature,decay,HL150,2,0.027284305536422856,0.5352565185363102,0.08
101,rare_cluster,lr,temperature,decay,HL150,3,0.049888504288233326,0.5777899984511354,0.144
101,rare_cluster,lr,temperature,decay,HL150,4,0.0393269070876798,0.5806515927113023,0.074
101,rare_cluster,lr,temperature,decay,HL150,5,0.018660954546380632,0.5735691092253755,0.084
101,rare_cluster,lr,temperature,decay,HL150,6,0.05083219655422582,0.5278928239068368,0.074
101,rare_cluster,lr,temperature,decay,HL150,7,0.03358505300773116,0.5708419414715891,0.088
101,rare_cluster,lr,temperature,decay,HL150,8,0.02668671711737009,0.5486335920906158,0.1
101,rare_cluster,lr,beta,static,,0,0.03217863746094089,0.5026346319887095,0.096
101,rare_cluster,lr,beta,static,,1,0.046302889450900865,0.5434375149759008,0.132
101,rare_cluster,lr,beta,static,,2,0.03977430522617309,0.5355134928143799,0.098
101,rare_cluster,lr,beta,static,,3,0.06925033616950008,0.5802654397647753,0.164
101,rare_cluster,lr,beta,static,,4,0.07966765397721357,0.5826448172297469,0.146
101,rare_cluster,lr,beta,static,,5,0.0758109147017858,0.5760066185260094,0.134
101,rare_cluster,lr,beta,static,,6,0.026261095940674318,0.5254634251783807,0.11
101,rare_cluster,lr,beta,static,,7,0.0558591539787986,0.5697532023301801,0.114
101,rare_cluster,lr,beta,static,,8,0.049025699992145254,0.5490784680018823,0.13
101,rare_cluster,lr,beta,window,W300,0,0.04343912060940843,0.509509246282872,0.098
101,rare_cluster,lr,beta,window,W300,1,0.048071090099280796,0.549747862558672,0.138
101,rare_cluster,lr,beta,window,W300,2,0.03174047866201763,0.5365292217871973,0.076
101,rare_cluster,lr,beta,window,W300,3,0.034856161510640075,0.5762364410299001,0.122
101,rare_cluster,lr,beta,window,W300,4,0.031523950800882654,0.5816592104546053,0.088
101,rare_cluster,lr,beta,window,W300,5,0.013845243801216687,0.5762290203946211,0.104
101,rare_cluster,lr,beta,window,W300,6,0.042624682882560355,0.5292047423359311,0.09
101,rare_cluster,lr,beta,window,W300,7,0.05231368095193092,0.5766937294417096,0.132
101,rare_cluster,lr,beta,window,W300,8,0.029151974444023208,0.5535818303664574,0.14
101,rare_cluster,lr,beta,expanding,all,0,0.04653463729455876,0.5047301669395776,0.088
101,rare_cluster,lr,beta,expanding,all,1,0.051497825935186856,0.5426013108876288,0.124
101,rare_cluster,lr,beta,expanding,all,2,0.02225327161066025,0.535224910979729,0.092
101,rare_cluster,lr,beta,expanding,all,3,0.05059697393267591,0.5767507589275388,0.14
101,rare_cluster,lr,beta,expanding,all,4,0.04275574543823314,0.5791770821263599,0.134
101,rare_cluster,lr,beta,expanding,all,5,0.06654360571205994,0.5737810767934187,0.118
101,rare_cluster,lr,beta,expanding,all,6,0.035001480815975004,0.5261627376439255,0.092
101,rare_cluster,lr,beta,expanding,all,7,0.05035465650452988,0.5698733163971704,0.098
101,rare_cluster,lr,beta,expanding,all,8,0.05074872691928991,0.5493200197104318,0.126
101,rare_cluster,lr,beta,decay,HL150,0,0.029537699928677736,0.5070665852201995,0.098
101,rare_cluster,lr,beta,decay,HL150,1,0.04026154603014723,0.5484781577978117,0.134
101,rare_cluster,lr,beta,decay,HL150,2,0.040801164090123465,0.5366715488995449,0.074
101,rare_cluster,lr,beta,decay,HL150,3,0.033389817228061225,0.5766321491664874,0.126
101,rare_cluster,lr,beta,decay,HL150,4,0.022908452766512814,0.58006694721451,0.088
101,rare_cluster,lr,beta,decay,HL150,5,0.017678339197531052,0.5762382899811717,0.104
101,rare_cluster,lr,beta,decay,HL150,6,0.03871820631134845,0.5278508687800338,0.09
101,rare_cluster,lr,beta,decay,HL150,7,0.05155049083533178,0.5732417637470687,0.128
101,rare_cluster,lr,beta,decay,HL150,8,0.05790088411835854,0.5518106351984292,0.14
101,rare_cluster,lr,isotonic,static,,0,0.045915559140239474,0.5033120750178002,0.104
101,rare_cluster,lr,isotonic,static,,1,0.05455298501631468,0.5442431093472377,0.146
101,rare_cluster,lr,isotonic,static,,2,0.05483449041144799,0.5348177144389026,0.102
101,rare_cluster,lr,isotonic,static,,3,0.068544170199099,0.5817403323611884,0.182
101,rare_cluster,lr,isotonic,static,,4,0.07207341152271869,0.5842287205283196,0.16
101,rare_cluster,lr,isotonic,static,,5,0.05279644785300736,0.5794017211526875,0.146
101,rare_cluster,lr,isotonic,static,,6,0.04355470629808712,0.5294366738334879,0.13
101,rare_cluster,lr,isotonic,static,,7,0.054797006394143775,0.5702329485576706,0.126
101,rare_cluster,lr,isotonic,static,,8,0.047681052275625344,0.551353721790671,0.144
101,rare_cluster,lr,isotonic,window,W300,0,0.06003197638240179,0.5121959070230018,0.114
101,rare_cluster,lr,isotonic,window,W300,1,0.05888865240398899,0.5517371967717176,0.13
101,rare_cluster,lr,isotonic,window,W300,2,0.041094941511049504,0.5366931468834705,0.1
101,rare_cluster,lr,isotonic,window,W300,3,0.04141764095030424,0.5773207490297098,0.13
101,rare_cluster,lr,isotonic,window,W300,4,0.04541641740874855,0.5784824409046648,0.044
101,rare_cluster,lr,isotonic,window,W300,5,0.029816266489859612,0.576416753139654,0.108
101,rare_cluster,lr,isotonic,window,W300,6,0.07007205290406958,0.5328081660834907,0.106
101,rare_cluster,lr,isotonic,window,W300,7,0.05132020421231828,0.5753787758503263,0.1
101,rare_cluster,lr,isotonic,window,W300,8,0.04728889185430773,0.556574704951788,0.16
101,rare_cluster,lr,isotonic,expanding,all,0,0.05629353151929739,0.5062390019992001,0.086
101,rare_cluster,lr,isotonic,expanding,all,1,0.03841082950299215,0.5428356958129147,0.11
101,rare_cluster,lr,isotonic,expanding,all,2,0.043896113354593924,0.5335139610883837,0.096
101,rare_cluster,lr,isotonic,expanding,all,3,0.06096827070621564,0.5769793656930567,0.156
101,rare_cluster,lr,isotonic,expanding,all,4,0.04175048145751471,0.5776634382235383,0.128
101,rare_cluster,lr,isotonic,expanding,all,5,0.04860003747654901,0.5737349515848578,0.104
101,rare_cluster,lr,isotonic,expanding,all,6,0.025585738161202357,0.5272138720205494,0.076
101,rare_cluster,lr,isotonic,expanding,all,7,0.026224376132203242,0.5718089295316825,0.082
101,rare_cluster,lr,isotonic,expanding,all,8,0.03363418067094389,0.5484282837719007,0.098
101,rare_cluster,lr,isotonic,decay,HL150,0,0.03733463789923874,0.5098148084126103,0.116
101,rare_cluster,lr,isotonic,decay,HL150,1,0.04650289134355251,0.5517326067801267,0.158
101,rare_cluster,lr,isotonic,decay,HL150,2,0.046877743549130935,0.5371326179924124,0.102
101,rare_cluster,lr,isotonic,decay,HL150,3,0.047768021225905496,0.5758972921795912,0.13
101,rare_cluster,lr,isotonic,decay,HL150,4,0.027736615374126687,0.5794396274627154,0.048
101,rare_cluster,lr,isotonic,decay,HL150,5,0.05037580452610607,0.5767004436446029,0.11
101,rare_cluster,lr,isotonic,decay,HL150,6,0.05010634825917866,0.5290682993755271,0.112
101,rare_cluster,lr,isotonic,decay,HL150,7,0.016418674198087273,0.5708254518845929,0.078
101,rare_cluster,lr,isotonic,decay,HL150,8,0.0430691925941693,0.5562006077332212,0.144
101,rare_cluster,gbm,temperature,static,,0,0.01599752789789194,0.56367055441624,0.074
101,rare_cluster,gbm,temperature,static,,1,0.08137635341653571,0.5949369441818108,0.092
101,rare_cluster,gbm,temperature,static,,2,0.023494762057296288,0.5897790605437105,0.08
101,rare_cluster,gbm,temperature,static,,3,0.06167279404078194,0.6029060006750032,0.088
101,rare_cluster,gbm,temperature,static,,4,0.05682554672264827,0.5951118093712339,0.094
101,rare_cluster,gbm,temperature,static,,5,0.06077230522333195,0.5993596191132595,0.072
101,rare_cluster,gbm,temperature,static,,6,0.020195608243924777,0.5835992150064828,0.084
101,rare_cluster,gbm,temperature,static,,7,0.05457749250445513,0.6103865870917063,0.074
101,rare_cluster,gbm,temperature,static,,8,0.06859106162715237,0.5868220126875717,0.076
101,rare_cluster,gbm,temperature,window,W300,0,0.01688650291597701,0.5644347043564815,0.076
101,rare_cluster,gbm,temperature,window,W300,1,0.0784879041748786,0.5977463703772807,0.082
101,rare_cluster,gbm,temperature,window,W300,2,0.030914856280329295,0.5902572817284968,0.05
101,rare_cluster,gbm,temperature,window,W300,3,0.03965950407733851,0.601027742850675,0.084
101,rare_cluster,gbm,temperature,window,W300,4,0.0522967322151235,0.5993525285495289,0.028
101,rare_cluster,gbm,temperature,window,W300,5,0.025696286365759324,0.5977375230290095,0.064
101,rare_cluster,gbm,temperature,window,W300,6,0.027282107620675296,0.5844031996793398,0.046
101,rare_cluster,gbm,temperature,window,W300,7,0.026956510149864155,0.6099676816552102,0.052
101,rare_cluster,gbm,temperature,window,W300,8,0.04617706584167455,0.58769690728431,0.056
101,rare_cluster,gbm,temperature,expanding,all,0,0.015226233914999302,0.5641253230217592,0.056
101,rare_cluster,gbm,temperature,expanding,all,1,0.06243661530246734,0.5937932170028835,0.086
101,rare_cluster,gbm,temperature,expanding,all,2,0.024285290935824908,0.5894531802390675,0.068
101,rare_cluster,gbm,temperature,expanding,all,3,0.04073300848101211,0.6013247098590991,0.076
101,rare_cluster,gbm,temperature,expanding,all,4,0.015341385456435628,0.5946215331761391,0.07
101,rare_cluster,gbm,temperature,expanding,all,5,0.023912110422340968,0.5980892488645111,0.066
101,rare_cluster,gbm,temperature,expanding,all,6,0.017655441676559733,0.5834644596594762,0.058
101,rare_cluster,gbm,temperature,expanding,all,7,0.030247565406326133,0.6090271703085162,0.054
101,rare_cluster,gbm,temperature,expanding,all,8,0.057363569869109045,0.5859490696037374,0.058
101,rare_cluster,gbm,temperature,decay,HL150,0,0.019048855027086427,0.5641573689682555,0.082
101,rare_cluster,gbm,temperature,decay,HL150,1,0.0858922890190521,0.5966769214697796,0.09
101,rare_cluster,gbm,temperature,decay,HL150,2,0.02841460607948941,0.589961733276195,0.05
101,rare_cluster,gbm,temperature,decay,HL150,3,0.035126506038339056,0.6013525081274292,0.072
101,rare_cluster,gbm,temperature,decay,HL150,4,0.043599467130899225,0.5968073632770735,0.042
101,rare_cluster,gbm,temperature,decay,HL150,5,0.02593015685235049,0.5982503470315862,0.062
101,rare_cluster,gbm,temperature,decay,HL150,6,0.024320485151752246,0.5842546216771616,0.05
101,rare_cluster,gbm,temperature,decay,HL150,7,0.02217786147505121,0.6089202318657847,0.048
101,rare_cluster,gbm,temperature,decay,HL150,8,0.044758112529261325,0.5867392866852685,0.056
101,rare_cluster,gbm,beta,static,,0,0.032040647521305594,0.5755725026142634,0.08
101,rare_cluster,gbm,beta,static,,1,0.09528199575085172,0.6035155946785894,0.1
101,rare_cluster,gbm,beta,static,,2,0.019271223095977376,0.6162968370920042,0.086
101,rare_cluster,gbm,beta,static,,3,0.05454891997332816,0.6257205386518592,0.092
101,rare_cluster,gbm,beta,static,,4,0.04460528816478794,0.6165653670121838,0.096
101,rare_cluster,gbm,beta,static,,5,0.04731643990747687,0.6243611374640541,0.09
101,rare_cluster,gbm,beta,static,,6,0.02523158203799662,0.6125649563140817,0.078
101,rare_cluster,gbm,beta,static,,7,0.04415140141127798,0.6289867341502325,0.094
101,rare_cluster,gbm,beta,static,,8,0.059037893050377245,0.6069323788534612,0.082
101,rare_cluster,gbm,beta,window,W300,0,0.03900439103744168,0.577668811665759,0.076
101,rare_cluster,gbm,beta,window,W300,1,0.08783074693854326,0.6072355546862888,0.076
101,rare_cluster,gbm,beta,window,W300,2,0.025879370694559145,0.61794347785192,0.05
101,rare_cluster,gbm,beta,window,W300,3,0.057731724302926876,0.6250594042232908,0.082
101,rare_cluster,gbm,beta,window,W300,4,0.0291834042147874,0.6208083593861242,0.044
101,rare_cluster,gbm,beta,window,W300,5,0.04645555721656,0.6243778948292977,0.106
101,rare_cluster,gbm,beta,window,W300,6,0.03197983282493918,0.6147726425139599,0.07
101,rare_cluster,gbm,beta,window,W300,7,0.05164499188092146,0.6347408574059707,0.056
101,rare_cluster,gbm,beta,window,W300,8,0.058690095747421095,0.6148856290993352,0.062
101,rare_cluster,gbm,beta,expanding,all,0,0.020634959684651826,0.5763226916624508,0.064
101,rare_cluster,gbm,beta,expanding,all,1,0.09281018328592024,0.6024433687848268,0.086
101,rare_cluster,gbm,beta,expanding,all,2,0.020036993169857194,0.6175126527127143,0.066
101,rare_cluster,gbm,beta,expanding,all,3,0.06416140868681322,0.6249198188483792,0.08
101,rare_cluster,gbm,beta,expanding,all,4,0.02867853717080593,0.6188593822460671,0.064
101,rare_cluster,gbm,beta,expanding,all,5,0.04446433147444479,0.6244802986097773,0.062
101,rare_cluster,gbm,beta,expanding,all,6,0.028460750297938063,0.614646431870839,0.056
101,rare_cluster,gbm,beta,expanding,all,7,0.03615068169061234,0.6289691762153428,0.054
101,rare_cluster,gbm,beta,expanding,all,8,0.06239783534346387,0.6081795391510101,0.062
101,rare_cluster,gbm,beta,decay,HL150,0,0.014306505744382282,0.5771319679229371,0.078
101,rare_cluster,gbm,beta,decay,HL150,1,0.10437573535934352,0.6057847134293731,0.074
101,rare_cluster,gbm,beta,decay,HL150,2,0.01584818978406792,0.6175246122010706,0.05
101,rare_cluster,gbm,beta,decay,HL150,3,0.0649386315319389,0.6255729379042555,0.082
101,rare_cluster,gbm,beta,decay,HL150,4,0.02535024372060904,0.6193927048148373,0.042
101,rare_cluster,gbm,beta,decay,HL150,5,0.041055480121130576,0.6237217531428525,0.094
101,rare_cluster,gbm,beta,decay,HL150,6,0.025697093245953914,0.6134585339365701,0.072
101,rare_cluster,gbm,beta,decay,HL150,7,0.028980904640232025,0.6319976856473529,0.056
101,rare_cluster,gbm,beta,decay,HL150,8,0.05842834664823685,0.6128524043952831,0.058
101,rare_cluster,gbm,isotonic,static,,0,0.02529561604040745,0.577124321370711,0.072
101,rare_cluster,gbm,isotonic,static,,1,0.10281913375005051,0.6042076496822497,0.092
101,rare_cluster,gbm,isotonic,static,,2,0.03858634338008789,0.6164194536328536,0.076
101,rare_cluster,gbm,isotonic,static,,3,0.05774591969257893,0.6288017560543442,0.082
101,rare_cluster,gbm,isotonic,static,,4,0.0588636693130896,0.6170244553206796,0.09
101,rare_cluster,gbm,isotonic,static,,5,0.056319829502593254,0.6257175472802188,0.076
101,rare_cluster,gbm,isotonic,static,,6,0.0148315531054631,0.6127706274382131,0.066
101,rare_cluster,gbm,isotonic,static,,7,0.05519936844867883,0.6292459333783531,0.074
101,rare_cluster,gbm,isotonic,static,,8,0.06814464888010499,0.6086342528245959,0.076
101,rare_cluster,gbm,isotonic,window,W300,0,0.02252021883807161,0.5783690263396243,0.076
101,rare_cluster,gbm,isotonic,window,W300,1,0.11050059720445962,0.6118881616626529,0.088
101,rare_cluster,gbm,isotonic,window,W300,2,0.04107480730219698,0.6233979188668837,0.052
101,rare_cluster,gbm,isotonic,window,W300,3,0.06599696797702607,0.6280338626491334,0.11
101,rare_cluster,gbm,isotonic,window,W300,4,0.03755743011492471,0.6218372882328819,0.064
101,rare_cluster,gbm,isotonic,window,W300,5,0.051913977659815334,0.6264272455480054,0.14
101,rare_cluster,gbm,isotonic,window,W300,6,0.05322063135118651,0.6227150962094845,0.068
101,rare_cluster,gbm,isotonic,window,W300,7,0.03704721953268797,0.6363364801060889,0.066
101,rare_cluster,gbm,isotonic,window,W300,8,0.05909421752445133,0.6177386416343167,0.064
101,rare_cluster,gbm,isotonic,expanding,all,0,0.015907114798893666,0.5763205101299572,0.086
101,rare_cluster,gbm,isotonic,expanding,all,1,0.09370753712853538,0.6033728255367096,0.09
101,rare_cluster,gbm,isotonic,expanding,all,2,0.016907335465500165,0.617157550054287,0.054
101,rare_cluster,gbm,isotonic,expanding,all,3,0.041227849322514123,0.6237586161906413,0.064
101,rare_cluster,gbm,isotonic,expanding,all,4,0.04390590195888868,0.6196041254798518,0.058
101,rare_cluster,gbm,isotonic,expanding,all,5,0.04356314576621538,0.6234721086923011,0.054
101,rare_cluster,gbm,isotonic,expanding,all,6,0.022710724526826754,0.6133642181237283,0.05
101,rare_cluster,gbm,isotonic,expanding,all,7,0.02446227230054949,0.6277287407446019,0.05
101,rare_cluster,gbm,isotonic,expanding,all,8,0.054998849491116684,0.608437002640919,0.054
101,rare_cluster,gbm,isotonic,decay,HL150,0,0.014881237983443322,0.5777028693601693,0.052
101,rare_cluster,gbm,isotonic,decay,HL150,1,0.11046718171503035,0.6081813526856382,0.106
101,rare_cluster,gbm,isotonic,decay,HL150,2,0.0344094245309162,0.6205079347644842,0.054
101,rare_cluster,gbm,isotonic,decay,HL150,3,0.05509799901227762,0.6267104198323185,0.102
101,rare_cluster,gbm,isotonic,decay,HL150,4,0.03774025358033127,0.6204481455825057,0.064
101,rare_cluster,gbm,isotonic,decay,HL150,5,0.04052912448960401,0.6253535803863199,0.12
101,rare_cluster,gbm,isotonic,decay,HL150,6,0.03530923066535003,0.6187350475311518,0.066
101,rare_cluster,gbm,isotonic,decay,HL150,7,0.034246061937690635,0.634556140744055,0.076
101,rare_cluster,gbm,isotonic,decay,HL150,8,0.06119010711672152,0.6154865050000871,0.054
