seed,scenario,base,cal,variant,param,phase,n,acc,brier,logloss,ece,ece_eq,fcr,cwm,hi_conf_rate,turnover,turnover_noabst,abstain,utility,tau
100,none,lr,temperature,static,,pre,1500,0.5986666666666667,0.5100733410510757,0.8672640156107989,0.011037059681799296,0.015450454750142251,0.2410179640718563,0.10733333333333334,0.44533333333333336,0.3542361574382922,0.32821881254169444,0.06533333333333335,0.38466666666666666,0.38
100,none,lr,temperature,static,,post,3000,0.5846666666666667,0.5238380291711541,0.8829560872183944,0.015195956692897784,0.01967997315373552,0.2607338017174083,0.11133333333333334,0.427,0.3667889296432144,0.3464488162720907,0.06866666666666665,0.3529000000000001,0.38
100,none,lr,temperature,window,W300,pre,1500,0.5986666666666667,0.5112443032790619,0.870212743434739,0.011237860990157642,0.0166160387802361,0.24164133738601823,0.106,0.43866666666666665,0.35290193462308206,0.32821881254169444,0.06799999999999995,0.3811333333333334,0.38
100,none,lr,temperature,window,W300,post,3000,0.5846666666666667,0.5243360337243829,0.8843605413449405,0.024643911132733304,0.025695161859812653,0.2527659574468085,0.099,0.39166666666666666,0.37012337445815274,0.3464488162720907,0.08366666666666667,0.3549333333333334,0.38
100,none,lr,temperature,window,W600,pre,1500,0.5986666666666667,0.5101886246826829,0.8686844856195656,0.01663090266054698,0.028991091757957107,0.24274809160305344,0.106,0.43666666666666665,0.3542361574382922,0.32821881254169444,0.06999999999999995,0.38266666666666665,0.38
100,none,lr,temperature,window,W600,post,3000,0.5846666666666667,0.5239780771893455,0.8837748150072181,0.02156026039857949,0.021560192465509803,0.24741379310344827,0.09566666666666666,0.38666666666666666,0.36812270756918974,0.3464488162720907,0.08699999999999997,0.3543666666666667,0.38
100,none,lr,temperature,window,W1200,pre,1500,0.5986666666666667,0.5110581373745282,0.8706511558964228,0.013556250491017593,0.01929536955458068,0.24404761904761904,0.10933333333333334,0.448,0.3542361574382922,0.32821881254169444,0.06799999999999995,0.3848666666666667,0.38
100,none,lr,temperature,window,W1200,post,3000,0.5846666666666667,0.5242804966597032,0.8837468046800162,0.022442393372280486,0.02575220748067858,0.2451394759087067,0.09666666666666666,0.3943333333333333,0.3671223741247082,0.3464488162720907,0.08033333333333337,0.3549666666666667,0.38
100,none,lr,temperature,expanding,all,pre,1500,0.5986666666666667,0.5102362293707492,0.867458579476184,0.012431690466026313,0.017838925794684386,0.23889739663093415,0.104,0.43533333333333335,0.35957304869913276,0.32821881254169444,0.07199999999999995,0.3837333333333334,0.38
100,none,lr,temperature,expanding,all,post,3000,0.5846666666666667,0.5238958175785039,0.882866944856424,0.01501534134348805,0.01954767586263978,0.25203252032520324,0.10333333333333333,0.41,0.36645548516172055,0.3464488162720907,0.07333333333333336,0.3534333333333334,0.38
100,none,lr,temperature,decay,HL150,pre,1500,0.5986666666666667,0.5104066153407307,0.8682412489181551,0.0117883571162219,0.027526128535740782,0.23867069486404835,0.10533333333333333,0.44133333333333336,0.35290193462308206,0.32821881254169444,0.06599999999999995,0.384,0.38
100,none,lr,temperature,decay,HL150,post,3000,0.5846666666666667,0.5243898619376244,0.8840565708762546,0.02276418882041056,0.026116462251748993,0.2504288164665523,0.09733333333333333,0.38866666666666666,0.3687895965321774,0.3464488162720907,0.08633333333333337,0.35526666666666673,0.38
100,none,lr,temperature,decay,HL400,pre,1500,0.5986666666666667,0.5101744867133422,0.8682162822204808,0.013828533063484007,0.021760827369808923,0.23975720789074356,0.10533333333333333,0.43933333333333335,0.3535690460306871,0.32821881254169444,0.06799999999999995,0.38486666666666663,0.38
100,none,lr,temperature,decay,HL400,post,3000,0.5846666666666667,0.5240329050562776,0.883283798444927,0.021740252611401164,0.02429634532263139,0.2480948348856901,0.09766666666666667,0.39366666666666666,0.3687895965321774,0.3464488162720907,0.08433333333333337,0.35426666666666673,0.38
100,none,lr,temperature,decay,HL1000,pre,1500,0.5986666666666667,0.510188242424964,0.8678165645415822,0.01341964998423756,0.01734980250489538,0.2415902140672783,0.10533333333333333,0.436,0.35557038025350235,0.32821881254169444,0.07066666666666666,0.38333333333333336,0.38
100,none,lr,temperature,decay,HL1000,post,3000,0.5846666666666667,0.5239935004854179,0.8831221713121191,0.01843629623698727,0.019870551029002682,0.24875207986688852,0.09966666666666667,0.40066666666666667,0.3674558186062021,0.3464488162720907,0.07833333333333337,0.3544333333333334,0.38
100,none,lr,beta,static,,pre,1500,0.5986666666666667,0.5104283509711466,0.8673129329158261,0.019528798673987602,0.018541849032158646,0.26287262872628725,0.12933333333333333,0.492,0.35957304869913276,0.32821881254169444,0.07133333333333336,0.3837333333333334,0.4
100,none,lr,beta,static,,post,3000,0.5846666666666667,0.5242295281330586,0.8831520353542083,0.018103128325335442,0.023913125511814987,0.2755244755244755,0.13133333333333333,0.4766666666666667,0.36645548516172055,0.3464488162720907,0.07133333333333336,0.35333333333333333,0.4
100,none,lr,beta,window,W300,pre,1500,0.5986666666666667,0.5115369738393493,0.8723376674673936,0.009625827569148324,0.0368808850742553,0.24427480916030533,0.10666666666666667,0.43666666666666665,0.37158105403602404,0.32821881254169444,0.09933333333333338,0.3756,0.4
100,none,lr,beta,window,W300,post,3000,0.5846666666666667,0.5260006863465824,0.8859888886525707,0.013217094553954496,0.018267986981369673,0.25163934426229506,0.10233333333333333,0.4066666666666667,0.373457819273091,0.3464488162720907,0.1176666666666667,0.35163333333333335,0.4
100,none,lr,beta,window,W600,pre,1500,0.5986666666666667,0.5121822069575929,0.8715335835904018,0.015374806225739779,0.03117025314507156,0.2543352601156069,0.11733333333333333,0.4613333333333333,0.3749166110740494,0.32821881254169444,0.118,0.37233333333333335,0.4
100,none,lr,beta,window,W600,post,3000,0.5846666666666667,0.5255749163621645,0.8858855468928472,0.012989436867930639,0.016309568670710015,0.2569610182975338,0.10766666666666666,0.419,0.37479159719906635,0.3464488162720907,0.1213333333333333,0.3520666666666667,0.4
100,none,lr,beta,window,W1200,pre,1500,0.5986666666666667,0.5108122869998406,0.8695540633537773,0.01534414241649127,0.01860973692318594,0.25142045454545453,0.118,0.4693333333333333,0.37825216811207474,0.32821881254169444,0.1353333333333333,0.376,0.4
100,none,lr,beta,window,W1200,post,3000,0.5846666666666667,0.5242652753746812,0.8833779041410247,0.006632557192192714,0.01129858763756211,0.25773993808049533,0.111,0.43066666666666664,0.377459153051017,0.3464488162720907,0.1363333333333333,0.35359999999999997,0.4
100,none,lr,beta,expanding,all,pre,1500,0.5986666666666667,0.5101500040692453,0.8672790868019938,0.01336365488962052,0.01325186282086736,0.2507204610951009,0.116,0.46266666666666667,0.3749166110740494,0.32821881254169444,0.124,0.37606666666666666,0.4
100,none,lr,beta,expanding,all,post,3000,0.5846666666666667,0.523882336324868,0.8828555297869618,0.01102271676677582,0.01705928397113094,0.26666666666666666,0.11866666666666667,0.445,0.377459153051017,0.3464488162720907,0.1326666666666667,0.3534333333333334,0.4
100,none,lr,beta,decay,HL150,pre,1500,0.5986666666666667,0.5109381640018391,0.8704383046936831,0.008371009166246689,0.019717149396148735,0.2451708766716196,0.11,0.44866666666666666,0.3722481654436291,0.32821881254169444,0.10466666666666669,0.37693333333333334,0.4
100,none,lr,beta,decay,HL150,post,3000,0.5846666666666667,0.5255212758556578,0.8851705435142802,0.014986774661636382,0.02149621727988195,0.2532894736842105,0.10266666666666667,0.4053333333333333,0.3751250416805602,0.3464488162720907,0.1213333333333333,0.3480666666666667,0.4
100,none,lr,beta,decay,HL400,pre,1500,0.5986666666666667,0.5105509916916615,0.8687933106820662,0.010703654343763025,0.022617864514380862,0.2503597122302158,0.116,0.4633333333333333,0.3762508338892595,0.32821881254169444,0.1333333333333333,0.37420000000000003,0.4
100,none,lr,beta,decay,HL400,post,3000,0.5846666666666667,0.524533322172906,0.8838355299463984,0.010609323968747995,0.017572734602612553,0.25923016496465046,0.11,0.42433333333333334,0.38146048682894296,0.3464488162720907,0.129,0.35483333333333333,0.4
100,none,lr,beta,decay,HL1000,pre,1500,0.5986666666666667,0.5103048376521744,0.8678113505662806,0.015397059092097327,0.021140872900378613,0.2514450867052023,0.116,0.4613333333333333,0.3749166110740494,0.32821881254169444,0.1373333333333333,0.376,0.4
100,none,lr,beta,decay,HL1000,post,3000,0.5846666666666667,0.5241833086701245,0.8833319315764303,0.013031201475655646,0.01128209519910994,0.2654934965570008,0.11566666666666667,0.43566666666666665,0.3797932644214738,0.3464488162720907,0.1383333333333333,0.3555333333333333,0.4
100,none,lr,isotonic,static,,pre,1500,0.5986666666666667,0.5106262349377066,0.8686979474880839,0.01788140745332664,0.021980326544209658,0.2664941785252264,0.13733333333333334,0.5153333333333333,0.3408939292861908,0.32821881254169444,0.02533333333333332,0.38560000000000005,0.36000000000000004
100,none,lr,isotonic,static,,post,3000,0.5846666666666667,0.5250480715221104,0.8853419105424879,0.01767646212691658,0.0223809914096802,0.2843853820598007,0.14266666666666666,0.5016666666666667,0.3561187062354118,0.3464488162720907,0.035666666666666624,0.3505666666666667,0.36000000000000004
100,none,lr,isotonic,window,W300,pre,1500,0.5986666666666667,0.516229204587144,0.8798244775484939,0.021441013192589405,0.03425456721654656,0.2547584187408492,0.116,0.4553333333333333,0.34222815210140095,0.32821881254169444,0.03933333333333333,0.3835333333333333,0.36000000000000004
100,none,lr,isotonic,window,W300,post,3000,0.5846666666666667,0.5288797089155216,0.891647659184202,0.019408797878037762,0.022310261648564235,0.2757379409647228,0.12766666666666668,0.463,0.3631210403467823,0.3464488162720907,0.058666666666666645,0.35,0.36000000000000004
100,none,lr,isotonic,window,W600,pre,1500,0.5986666666666667,0.5152806264319814,0.8762938684763782,0.02720822821009531,0.037546641875519045,0.27548209366391185,0.13333333333333333,0.484,0.3442294863242161,0.32821881254169444,0.03533333333333333,0.3829333333333334,0.36000000000000004
100,none,lr,isotonic,window,W600,post,3000,0.5846666666666667,0.5287071671457307,0.8919022009757039,0.014639678655659145,0.017034570374216983,0.26956521739130435,0.11366666666666667,0.4216666666666667,0.3624541513837946,0.3464488162720907,0.059666666666666646,0.3514333333333334,0.36000000000000004
100,none,lr,isotonic,window,W1200,pre,1500,0.5986666666666667,0.5137140936713828,0.8739791702521307,0.012464530454130603,0.021062314834515303,0.2609289617486339,0.12733333333333333,0.488,0.3402268178785857,0.32821881254169444,0.019333333333333313,0.38406666666666667,0.36000000000000004
100,none,lr,isotonic,window,W1200,post,3000,0.5846666666666667,0.5261891854689823,0.8868145703845154,0.009817688997448046,0.016212185153796178,0.2682370820668693,0.11766666666666667,0.43866666666666665,0.3624541513837946,0.3464488162720907,0.05900000000000005,0.35113333333333335,0.36000000000000004
100,none,lr,isotonic,expanding,all,pre,1500,0.5986666666666667,0.5114345413535943,0.8696046716393123,0.018822549926149318,0.0262612895686359,0.24210526315789474,0.10733333333333334,0.44333333333333336,0.33755837224816543,0.32821881254169444,0.01533333333333331,0.38386666666666663,0.36000000000000004
100,none,lr,isotonic,expanding,all,post,3000,0.5846666666666667,0.5246039754506232,0.8842131276515587,0.013591730602208337,0.01566141084828779,0.2603921568627451,0.11066666666666666,0.425,0.3541180393464488,0.3464488162720907,0.029333333333333322,0.3504666666666667,0.36000000000000004
100,none,lr,isotonic,decay,HL150,pre,1500,0.5986666666666667,0.5152522065832331,0.876049279004768,0.02186181038550502,0.025478143126123003,0.25149700598802394,0.112,0.44533333333333336,0.34489659773182124,0.32821881254169444,0.038000000000000034,0.38173333333333337,0.36000000000000004
100,none,lr,isotonic,decay,HL150,post,3000,0.5846666666666667,0.5277777238982785,0.8899441629032232,0.01469670821031963,0.02446623735025321,0.27765404602821087,0.12466666666666666,0.449,0.36178726242080694,0.3464488162720907,0.05800000000000005,0.3493666666666667,0.36000000000000004
100,none,lr,isotonic,decay,HL400,pre,1500,0.5986666666666667,0.5138589028105943,0.8735191094691069,0.01792034243107812,0.026025923912114474,0.26330532212885155,0.12533333333333332,0.476,0.3408939292861908,0.32821881254169444,0.02200000000000002,0.38360000000000005,0.36000000000000004
100,none,lr,isotonic,decay,HL400,post,3000,0.5846666666666667,0.5261684081310919,0.8867740626101007,0.011724883801250748,0.017293642567493217,0.2633204633204633,0.11366666666666667,0.43166666666666664,0.3611203734578193,0.3464488162720907,0.059666666666666646,0.35013333333333335,0.36000000000000004
100,none,lr,isotonic,decay,HL1000,pre,1500,0.5986666666666667,0.5124250415556084,0.8713790415351965,0.017259408141568938,0.020887126914761495,0.2525697503671072,0.11466666666666667,0.454,0.3388925950633756,0.32821881254169444,0.01666666666666672,0.38386666666666663,0.36000000000000004
100,none,lr,isotonic,decay,HL1000,post,3000,0.5846666666666667,0.5254615142293494,0.8855647591389728,0.006444998276496203,0.014540617036865286,0.2618125484120837,0.11266666666666666,0.43033333333333335,0.3614538179393131,0.3464488162720907,0.053333333333333344,0.35059999999999997,0.36000000000000004
100,none,gbm,temperature,static,,pre,1500,0.5526666666666666,0.556560604550928,0.9352157823870133,0.013857651391597527,0.03137702366071849,0.27061310782241016,0.08533333333333333,0.31533333333333335,0.48699132755170116,0.4849899933288859,0.014000000000000012,0.30773333333333336,0.36000000000000004
100,none,gbm,temperature,static,,post,3000,0.527,0.5743932300287663,0.9585113942608435,0.02055395367244374,0.02375222288075702,0.2927669345579793,0.085,0.29033333333333333,0.48882960986995666,0.48049349783261086,0.019333333333333313,0.2682666666666667,0.36000000000000004
100,none,gbm,temperature,window,W300,pre,1500,0.5526666666666666,0.5561966509993822,0.9352991851595661,0.011781938159441337,0.026323756022083714,0.2729124236252546,0.08933333333333333,0.3273333333333333,0.485657104736491,0.4849899933288859,0.016000000000000014,0.3054666666666667,0.36000000000000004
100,none,gbm,temperature,window,W300,post,3000,0.527,0.5741793243109494,0.9590659293928384,0.01574527757117447,0.01144513655710707,0.2727272727272727,0.068,0.24933333333333332,0.4884961653884628,0.48049349783261086,0.022333333333333316,0.2674666666666667,0.36000000000000004
100,none,gbm,temperature,window,W600,pre,1500,0.5526666666666666,0.5564990447006534,0.9359138520551048,0.011092737322138214,0.0218314443712554,0.2591792656587473,0.08,0.30866666666666664,0.485657104736491,0.4849899933288859,0.016000000000000014,0.30813333333333337,0.36000000000000004
100,none,gbm,temperature,window,W600,post,3000,0.527,0.5741503717495425,0.9585878722561265,0.007261878333385398,0.03002783693848423,0.2817089452603471,0.07033333333333333,0.24966666666666668,0.4884961653884628,0.48049349783261086,0.02200000000000002,0.2673666666666667,0.36000000000000004
100,none,gbm,temperature,window,W1200,pre,1500,0.5526666666666666,0.5579254895102694,0.9381714532269857,0.016077537872175796,0.03341708713667544,0.248868778280543,0.07333333333333333,0.2946666666666667,0.485657104736491,0.4849899933288859,0.016000000000000014,0.3094666666666667,0.36000000000000004
100,none,gbm,temperature,window,W1200,post,3000,0.527,0.5744082426410695,0.9590523027162022,0.011000644108946802,0.023071608638291205,0.29441624365482233,0.07733333333333334,0.26266666666666666,0.4884961653884628,0.48049349783261086,0.021666666666666612,0.2673666666666667,0.36000000000000004
100,none,gbm,temperature,expanding,all,pre,1500,0.5526666666666666,0.5566839805425203,0.9354875275672357,0.013405074019730094,0.028959718497318047,0.25617977528089886,0.076,0.2966666666666667,0.485657104736491,0.4849899933288859,0.01666666666666672,0.3088,0.36000000000000004
100,none,gbm,temperature,expanding,all,post,3000,0.527,0.574098481174976,0.9582674021332985,0.013433755748815784,0.019071069992202993,0.2907975460122699,0.079,0.27166666666666667,0.48882960986995666,0.48049349783261086,0.020000000000000018,0.2682666666666667,0.36000000000000004
100,none,gbm,temperature,decay,HL150,pre,1500,0.5526666666666666,0.5559904488603301,0.9346454013616855,0.00859613856481115,0.02136467627000555,0.2719836400817996,0.08866666666666667,0.326,0.485657104736491,0.4849899933288859,0.01666666666666672,0.3068,0.36000000000000004
100,none,gbm,temperature,decay,HL150,post,3000,0.527,0.5739388491605804,0.9585053614031366,0.008342162282935304,0.02163948761597091,0.27586206896551724,0.06666666666666667,0.24166666666666667,0.48882960986995666,0.48049349783261086,0.022333333333333316,0.2673666666666667,0.36000000000000004
100,none,gbm,temperature,decay,HL400,pre,1500,0.5526666666666666,0.556340265157892,0.9352996657279403,0.016516831880549022,0.023593857174140878,0.25162689804772237,0.07733333333333334,0.30733333333333335,0.48632421614409604,0.4849899933288859,0.01533333333333331,0.30860000000000004,0.36000000000000004
100,none,gbm,temperature,decay,HL400,post,3000,0.527,0.5740051370201422,0.9584338359130088,0.009381060133311307,0.03148523001170047,0.2872200263504611,0.07266666666666667,0.253,0.4884961653884628,0.48049349783261086,0.021666666666666612,0.2673666666666667,0.36000000000000004
100,none,gbm,temperature,decay,HL1000,pre,1500,0.5526666666666666,0.5565825494921857,0.9354784810315129,0.01331765364077567,0.029064733461519797,0.2528216704288939,0.07466666666666667,0.29533333333333334,0.485657104736491,0.4849899933288859,0.01666666666666672,0.3088,0.36000000000000004
100,none,gbm,temperature,decay,HL1000,post,3000,0.527,0.5741092643038792,0.9584549186503841,0.011406653679919337,0.02203182123351483,0.28735632183908044,0.075,0.261,0.48916305435145047,0.48049349783261086,0.020666666666666722,0.26803333333333335,0.36000000000000004
100,none,gbm,beta,static,,pre,1500,0.5526666666666666,0.5777429089178536,1.0265364702710924,0.02224204700289182,0.03769359316582218,0.28199566160520606,0.08666666666666667,0.30733333333333335,0.48699132755170116,0.4849899933288859,0.058666666666666645,0.30646666666666667,0.42000000000000004
100,none,gbm,beta,static,,post,3000,0.527,0.5901819582550523,1.0330755887775147,0.030970148071309846,0.041215048866505635,0.3038990825688073,0.08833333333333333,0.2906666666666667,0.4914971657219073,0.48049349783261086,0.06933333333333336,0.26666666666666666,0.42000000000000004
100,none,gbm,beta,window,W300,pre,1500,0.5526666666666666,0.5796221934677318,1.0298389115497915,0.021535664811134992,0.036223441683976725,0.2930327868852459,0.09533333333333334,0.3253333333333333,0.48032021347565046,0.4849899933288859,0.06999999999999995,0.30720000000000003,0.42000000000000004
100,none,gbm,beta,window,W300,post,3000,0.527,0.5928202643551719,1.034415696267245,0.019717918572465125,0.031234212005487188,0.2917771883289125,0.07333333333333333,0.25133333333333335,0.4884961653884628,0.48049349783261086,0.09499999999999997,0.2633666666666667,0.42000000000000004
100,none,gbm,beta,window,W600,pre,1500,0.5526666666666666,0.5785312285304787,1.02696970020958,0.01090586632485152,0.023692558127557117,0.2775330396475771,0.084,0.30266666666666664,0.4876584389593062,0.4849899933288859,0.07066666666666666,0.30460000000000004,0.42000000000000004
100,none,gbm,beta,window,W600,post,3000,0.527,0.5919816316166648,1.033002430915925,0.016747288556169485,0.02893403130861728,0.2847222222222222,0.06833333333333333,0.24,0.48749583194398133,0.48049349783261086,0.08866666666666667,0.2653333333333333,0.42000000000000004
100,none,gbm,beta,window,W1200,pre,1500,0.5526666666666666,0.5796526326823187,1.0278028294732693,0.0074698993367876875,0.029808126589428795,0.2695035460992908,0.076,0.282,0.4896597731821214,0.4849899933288859,0.06599999999999995,0.30573333333333336,0.42000000000000004
100,none,gbm,beta,window,W1200,post,3000,0.527,0.5914538657553915,1.0328313388789865,0.018130331792145387,0.03148981923533867,0.2958656330749354,0.07633333333333334,0.258,0.48982994331443813,0.48049349783261086,0.10033333333333339,0.26526666666666665,0.42000000000000004
100,none,gbm,beta,expanding,all,pre,1500,0.5526666666666666,0.5785502937341395,1.025693413000945,0.01978475046300539,0.03156090774477499,0.2803738317757009,0.08,0.2853333333333333,0.48899266177451634,0.4849899933288859,0.09533333333333338,0.30913333333333337,0.42000000000000004
100,none,gbm,beta,expanding,all,post,3000,0.527,0.5905772113159506,1.032482942472927,0.020088653952116214,0.02289906266637673,0.2935323383084577,0.07866666666666666,0.268,0.490163387795932,0.48049349783261086,0.10599999999999998,0.2661333333333334,0.42000000000000004
100,none,gbm,beta,decay,HL150,pre,1500,0.5526666666666666,0.5794046247408575,1.0284267154740983,0.016104499011499133,0.0232615527221638,0.2841880341880342,0.08866666666666667,0.312,0.48699132755170116,0.4849899933288859,0.07199999999999995,0.30993333333333334,0.42000000000000004
100,none,gbm,beta,decay,HL150,post,3000,0.527,0.592030180704099,1.0331509389534543,0.018797180612051,0.022650523166847136,0.28647925033467203,0.07133333333333333,0.249,0.48882960986995666,0.48049349783261086,0.08833333333333337,0.2647666666666667,0.42000000000000004
100,none,gbm,beta,decay,HL400,pre,1500,0.5526666666666666,0.5786427419882998,1.026520590823458,0.01922129447006536,0.02519189207291327,0.273972602739726,0.08,0.292,0.4923282188125417,0.4849899933288859,0.07399999999999995,0.3072666666666667,0.42000000000000004
100,none,gbm,beta,decay,HL400,post,3000,0.527,0.5911739114346665,1.0323252777585494,0.017983221471402692,0.023659002542730838,0.29172141918528255,0.074,0.25366666666666665,0.48782927642547513,0.48049349783261086,0.09433333333333338,0.2655333333333334,0.42000000000000004
100,none,gbm,beta,decay,HL1000,pre,1500,0.5526666666666666,0.578753692766524,1.0260042655942316,0.013457494521379275,0.03410704797970357,0.26968973747016706,0.07533333333333334,0.2793333333333333,0.49299533022014674,0.4849899933288859,0.08599999999999997,0.30826666666666663,0.42000000000000004
100,none,gbm,beta,decay,HL1000,post,3000,0.527,0.590893752378337,1.0324720895123587,0.01821965541128279,0.026586269656088603,0.2915601023017903,0.076,0.26066666666666666,0.48882960986995666,0.48049349783261086,0.10133333333333339,0.26593333333333335,0.42000000000000004
100,none,gbm,isotonic,static,,pre,1500,0.5526666666666666,0.5782215173451241,1.0284182671069577,0.034915301164177126,0.03196635370545105,0.3143350604490501,0.12133333333333333,0.386,0.48899266177451634,0.4849899933288859,0.03400000000000003,0.3108666666666667,0.4
100,none,gbm,isotonic,static,,post,3000,0.527,0.5904003652753246,1.0348511921281391,0.0350210230980678,0.0425455563234009,0.3272561531449407,0.11966666666666667,0.36566666666666664,0.4914971657219073,0.48049349783261086,0.040000000000000036,0.26580000000000004,0.4
100,none,gbm,isotonic,window,W300,pre,1500,0.5526666666666666,0.5813062180989907,1.03780381784742,0.021520076870335837,0.03495330014608973,0.3059071729957806,0.09666666666666666,0.316,0.4883255503669113,0.4849899933288859,0.052000000000000046,0.312,0.4
100,none,gbm,isotonic,window,W300,post,3000,0.527,0.5934327437891478,1.0383574373823312,0.021269870606496495,0.03298471395033098,0.31242603550295855,0.088,0.2816666666666667,0.48782927642547513,0.48049349783261086,0.06233333333333335,0.2688666666666667,0.4
100,none,gbm,isotonic,window,W600,pre,1500,0.5526666666666666,0.5780467350641201,1.0279808410899565,0.014345690641220217,0.04277315193270499,0.24863387978142076,0.06066666666666667,0.244,0.4876584389593062,0.4849899933288859,0.053333333333333344,0.31153333333333333,0.4
100,none,gbm,isotonic,window,W600,post,3000,0.527,0.5943198152226005,1.0380067402660602,0.018373883591754115,0.03546357947274984,0.3005390835579515,0.07433333333333333,0.24733333333333332,0.49116372124041346,0.48049349783261086,0.05800000000000005,0.2687666666666667,0.4
100,none,gbm,isotonic,window,W1200,pre,1500,0.5526666666666666,0.5790283196096884,1.0285293941291747,0.024616157666725855,0.04626441121432883,0.2318840579710145,0.05333333333333334,0.23,0.4876584389593062,0.4849899933288859,0.04733333333333334,0.31046666666666667,0.4
100,none,gbm,isotonic,window,W1200,post,3000,0.527,0.5931491873923026,1.0365679057954444,0.021730330103224303,0.03795200649273465,0.29,0.06766666666666667,0.23333333333333334,0.488162720906969,0.48049349783261086,0.07233333333333336,0.2669,0.4
100,none,gbm,isotonic,expanding,all,pre,1500,0.5526666666666666,0.5788912250413525,1.0268151427092636,0.0215968989619576,0.03172413631999314,0.28159645232815966,0.08466666666666667,0.3006666666666667,0.48899266177451634,0.4849899933288859,0.05266666666666664,0.31020000000000003,0.4
100,none,gbm,isotonic,expanding,all,post,3000,0.527,0.5906643829717309,1.0332105506423952,0.026621156039905697,0.03247261517000119,0.30103359173126615,0.07766666666666666,0.258,0.4904968322774258,0.48049349783261086,0.06399999999999995,0.2682666666666667,0.4
100,none,gbm,isotonic,decay,HL150,pre,1500,0.5526666666666666,0.5804982426494327,1.0329437961240313,0.017949628103372185,0.026376505948973124,0.2860576923076923,0.07933333333333334,0.2773333333333333,0.48899266177451634,0.4849899933288859,0.050000000000000044,0.30893333333333334,0.4
100,none,gbm,isotonic,decay,HL150,post,3000,0.527,0.5939374470130004,1.0383301222241892,0.020870959908282943,0.026310076808927767,0.31029986962190353,0.07933333333333334,0.25566666666666665,0.49183061020340113,0.48049349783261086,0.058666666666666645,0.26843333333333336,0.4
100,none,gbm,isotonic,decay,HL400,pre,1500,0.5526666666666666,0.5784849906754828,1.0274762371957362,0.018698171495662306,0.03175611602288321,0.25139664804469275,0.06,0.23866666666666667,0.48899266177451634,0.4849899933288859,0.04800000000000004,0.30960000000000004,0.4
100,none,gbm,isotonic,decay,HL400,post,3000,0.527,0.5925245955022497,1.0353279900069752,0.023132688220230294,0.032632142253147915,0.2784256559766764,0.06366666666666666,0.22866666666666666,0.48982994331443813,0.48049349783261086,0.06666666666666665,0.26990000000000003,0.4
100,none,gbm,isotonic,decay,HL1000,pre,1500,0.5526666666666666,0.5782921307582788,1.0262715773900775,0.01681089935257895,0.035506039001533464,0.24225352112676057,0.05733333333333333,0.23666666666666666,0.4896597731821214,0.4849899933288859,0.05066666666666664,0.31066666666666665,0.4
100,none,gbm,isotonic,decay,HL1000,post,3000,0.527,0.5910315498022668,1.0331559046713605,0.02322319527949467,0.02472579998955042,0.2732732732732733,0.06066666666666667,0.222,0.490163387795932,0.48049349783261086,0.06399999999999995,0.26903333333333335,0.4
100,vol_jump,lr,temperature,static,,pre,1500,0.5986666666666667,0.5100733410510757,0.8672640156107989,0.011037059681799296,0.015450454750142251,0.2410179640718563,0.10733333333333334,0.44533333333333336,0.3542361574382922,0.32821881254169444,0.06533333333333335,0.38466666666666666,0.38
100,vol_jump,lr,temperature,static,,post,3000,0.5333333333333333,0.603738544361923,1.0587626630390548,0.060294516146497695,0.06220614176221294,0.3450429352068696,0.14733333333333334,0.427,0.3667889296432144,0.3464488162720907,0.06866666666666665,0.2375,0.38
100,vol_jump,lr,temperature,window,W300,pre,1500,0.5986666666666667,0.5112443032790619,0.870212743434739,0.011237860990157642,0.0166160387802361,0.24164133738601823,0.106,0.43866666666666665,0.35290193462308206,0.32821881254169444,0.06799999999999995,0.3811333333333334,0.38
100,vol_jump,lr,temperature,window,W300,post,3000,0.5333333333333333,0.5983936135216065,1.013088423874033,0.05550107302084872,0.06552678641544303,0.254,0.042333333333333334,0.16666666666666666,0.39179726575525176,0.3464488162720907,0.20666666666666667,0.23423333333333335,0.38
100,vol_jump,lr,temperature,window,W600,pre,1500,0.5986666666666667,0.5101886246826829,0.8686844856195656,0.01663090266054698,0.028991091757957107,0.24274809160305344,0.106,0.43666666666666665,0.3542361574382922,0.32821881254169444,0.06999999999999995,0.38266666666666665,0.38
100,vol_jump,lr,temperature,window,W600,post,3000,0.5333333333333333,0.5986629458548673,1.0140869901190124,0.05072050353508121,0.06334913800467523,0.2593320235756385,0.044,0.16966666666666666,0.38779593197732576,0.3464488162720907,0.19899999999999995,0.23326666666666665,0.38
100,vol_jump,lr,temperature,window,W1200,pre,1500,0.5986666666666667,0.5110581373745282,0.8706511558964228,0.013556250491017593,0.01929536955458068,0.24404761904761904,0.10933333333333334,0.448,0.3542361574382922,0.32821881254169444,0.06799999999999995,0.3848666666666667,0.38
100,vol_jump,lr,temperature,window,W1200,post,3000,0.5333333333333333,0.5992810421048129,1.0187419191812106,0.05034151251831554,0.05482797164289721,0.28376068376068375,0.05533333333333333,0.195,0.3881293764588196,0.3464488162720907,0.18366666666666664,0.23386666666666667,0.38
100,vol_jump,lr,temperature,expanding,all,pre,1500,0.5986666666666667,0.5102362293707492,0.867458579476184,0.012431690466026313,0.017838925794684386,0.23889739663093415,0.104,0.43533333333333335,0.35957304869913276,0.32821881254169444,0.07199999999999995,0.3837333333333334,0.38
100,vol_jump,lr,temperature,expanding,all,post,3000,0.5333333333333333,0.5985631393927365,1.0343082396609722,0.04689508580603654,0.041918949261760374,0.3342857142857143,0.117,0.35,0.3697899299766589,0.3464488162720907,0.09966666666666668,0.24086666666666667,0.38
100,vol_jump,lr,temperature,decay,HL150,pre,1500,0.5986666666666667,0.5104066153407307,0.8682412489181551,0.0117883571162219,0.027526128535740782,0.23867069486404835,0.10533333333333333,0.44133333333333336,0.35290193462308206,0.32821881254169444,0.06599999999999995,0.384,0.38
100,vol_jump,lr,temperature,decay,HL150,post,3000,0.5333333333333333,0.5983367782660556,1.0127084396404655,0.056075377165168805,0.0624247288879894,0.2637795275590551,0.04466666666666667,0.16933333333333334,0.3931310436812271,0.3464488162720907,0.20733333333333337,0.2345,0.38
100,vol_jump,lr,temperature,decay,HL400,pre,1500,0.5986666666666667,0.5101744867133422,0.8682162822204808,0.013828533063484007,0.021760827369808923,0.23975720789074356,0.10533333333333333,0.43933333333333335,0.3535690460306871,0.32821881254169444,0.06799999999999995,0.38486666666666663,0.38
100,vol_jump,lr,temperature,decay,HL400,post,3000,0.5333333333333333,0.598004692672139,1.015136212965257,0.04584605362693,0.05153351791400081,0.26916221033868093,0.050333333333333334,0.187,0.38579526508836276,0.3464488162720907,0.18100000000000005,0.23623333333333335,0.38
100,vol_jump,lr,temperature,decay,HL1000,pre,1500,0.5986666666666667,0.510188242424964,0.8678165645415822,0.01341964998423756,0.01734980250489538,0.2415902140672783,0.10533333333333333,0.436,0.35557038025350235,0.32821881254169444,0.07066666666666666,0.38333333333333336,0.38
100,vol_jump,lr,temperature,decay,HL1000,post,3000,0.5333333333333333,0.5975285262569069,1.0205248654368635,0.03725776072836903,0.04135814886653305,0.2982456140350877,0.07366666666666667,0.247,0.3821273757919306,0.3464488162720907,0.14400000000000002,0.23716666666666666,0.38
100,vol_jump,lr,beta,static,,pre,1500,0.5986666666666667,0.5104283509711466,0.8673129329158261,0.019528798673987602,0.018541849032158646,0.26287262872628725,0.12933333333333333,0.492,0.35957304869913276,0.32821881254169444,0.07133333333333336,0.3837333333333334,0.4
100,vol_jump,lr,beta,static,,post,3000,0.5333333333333333,0.6038650144116197,1.05834395264327,0.06864505146382803,0.07173166677763777,0.35664335664335667,0.17,0.4766666666666667,0.36645548516172055,0.3464488162720907,0.07133333333333336,0.23816666666666667,0.4
100,vol_jump,lr,beta,window,W300,pre,1500,0.5986666666666667,0.5115369738393493,0.8723376674673936,0.009625827569148324,0.0368808850742553,0.24427480916030533,0.10666666666666667,0.43666666666666665,0.37158105403602404,0.32821881254169444,0.09933333333333338,0.3756,0.4
100,vol_jump,lr,beta,window,W300,post,3000,0.5333333333333333,0.6065556624057399,1.0515116130498705,0.028540967498775063,0.025103513968503806,0.33298538622129437,0.10633333333333334,0.31933333333333336,0.38546182060686895,0.3464488162720907,0.17966666666666664,0.23680000000000004,0.4
100,vol_jump,lr,beta,window,W600,pre,1500,0.5986666666666667,0.5121822069575929,0.8715335835904018,0.015374806225739779,0.03117025314507156,0.2543352601156069,0.11733333333333333,0.4613333333333333,0.3749166110740494,0.32821881254169444,0.118,0.37233333333333335,0.4
100,vol_jump,lr,beta,window,W600,post,3000,0.5333333333333333,0.604910460667112,1.0494240057385713,0.029035894185373556,0.027916957111725014,0.32732732732732733,0.109,0.333,0.3907969323107703,0.3464488162720907,0.18000000000000005,0.2365,0.4
100,vol_jump,lr,beta,window,W1200,pre,1500,0.5986666666666667,0.5108122869998406,0.8695540633537773,0.01534414241649127,0.01860973692318594,0.25142045454545453,0.118,0.4693333333333333,0.37825216811207474,0.32821881254169444,0.1353333333333333,0.376,0.4
100,vol_jump,lr,beta,window,W1200,post,3000,0.5333333333333333,0.6042493643725102,1.0497088458738502,0.034434413488544764,0.033896057865131744,0.33490566037735847,0.11833333333333333,0.35333333333333333,0.3887962654218073,0.3464488162720907,0.19833333333333336,0.23490000000000003,0.4
100,vol_jump,lr,beta,expanding,all,pre,1500,0.5986666666666667,0.5101500040692453,0.8672790868019938,0.01336365488962052,0.01325186282086736,0.2507204610951009,0.116,0.46266666666666667,0.3749166110740494,0.32821881254169444,0.124,0.37606666666666666,0.4
100,vol_jump,lr,beta,expanding,all,post,3000,0.5333333333333333,0.6023684144886797,1.052739539477165,0.049255828246929666,0.05150704415304008,0.3419607843137255,0.14533333333333334,0.425,0.37945981993998,0.3464488162720907,0.15100000000000002,0.2390333333333333,0.4
100,vol_jump,lr,beta,decay,HL150,pre,1500,0.5986666666666667,0.5109381640018391,0.8704383046936831,0.008371009166246689,0.019717149396148735,0.2451708766716196,0.11,0.44866666666666666,0.3722481654436291,0.32821881254169444,0.10466666666666669,0.37693333333333334,0.4
100,vol_jump,lr,beta,decay,HL150,post,3000,0.5333333333333333,0.6056603165161585,1.050161989439331,0.03230516748229616,0.03103723186450835,0.3319630010277492,0.10766666666666666,0.3243333333333333,0.3871290430143381,0.3464488162720907,0.18600000000000005,0.23923333333333335,0.4
100,vol_jump,lr,beta,decay,HL400,pre,1500,0.5986666666666667,0.5105509916916615,0.8687933106820662,0.010703654343763025,0.022617864514380862,0.2503597122302158,0.116,0.4633333333333333,0.3762508338892595,0.32821881254169444,0.1333333333333333,0.37420000000000003,0.4
100,vol_jump,lr,beta,decay,HL400,post,3000,0.5333333333333333,0.603961632791508,1.0489177361246305,0.03580836334887309,0.03343751720092704,0.33396584440227706,0.11733333333333333,0.35133333333333333,0.3927975991997332,0.3464488162720907,0.19399999999999995,0.2394666666666667,0.4
100,vol_jump,lr,beta,decay,HL1000,pre,1500,0.5986666666666667,0.5103048376521744,0.8678113505662806,0.015397059092097327,0.021140872900378613,0.2514450867052023,0.116,0.4613333333333333,0.3749166110740494,0.32821881254169444,0.1373333333333333,0.376,0.4
100,vol_jump,lr,beta,decay,HL1000,post,3000,0.5333333333333333,0.6029023304736704,1.0497048187328961,0.037142979428717735,0.036572454553382594,0.33936261843238585,0.13133333333333333,0.387,0.3867955985328443,0.3464488162720907,0.18366666666666664,0.2365333333333333,0.4
100,vol_jump,lr,isotonic,static,,pre,1500,0.5986666666666667,0.5106262349377066,0.8686979474880839,0.01788140745332664,0.021980326544209658,0.2664941785252264,0.13733333333333334,0.5153333333333333,0.3408939292861908,0.32821881254169444,0.02533333333333332,0.38560000000000005,0.36000000000000004
100,vol_jump,lr,isotonic,static,,post,3000,0.5333333333333333,0.6042463826881835,1.0616104321674282,0.06900979546024993,0.06895962364715197,0.3627906976744186,0.182,0.5016666666666667,0.3561187062354118,0.3464488162720907,0.035666666666666624,0.23506666666666667,0.36000000000000004
100,vol_jump,lr,isotonic,window,W300,pre,1500,0.5986666666666667,0.516229204587144,0.8798244775484939,0.021441013192589405,0.03425456721654656,0.2547584187408492,0.116,0.4553333333333333,0.34222815210140095,0.32821881254169444,0.03933333333333333,0.3835333333333333,0.36000000000000004
100,vol_jump,lr,isotonic,window,W300,post,3000,0.5333333333333333,0.6067244022511433,1.0571611317511196,0.02672703855371967,0.03632973545485219,0.3413612565445026,0.10866666666666666,0.31833333333333336,0.3654551517172391,0.3464488162720907,0.07299999999999995,0.23633333333333334,0.36000000000000004
100,vol_jump,lr,isotonic,window,W600,pre,1500,0.5986666666666667,0.5152806264319814,0.8762938684763782,0.02720822821009531,0.037546641875519045,0.27548209366391185,0.13333333333333333,0.484,0.3442294863242161,0.32821881254169444,0.03533333333333333,0.3829333333333334,0.36000000000000004
100,vol_jump,lr,isotonic,window,W600,post,3000,0.5333333333333333,0.6059145411163742,1.0539169100347168,0.018536109552741004,0.037091783722513406,0.31212484993997597,0.08666666666666667,0.2776666666666667,0.36645548516172055,0.3464488162720907,0.07533333333333336,0.236,0.36000000000000004
100,vol_jump,lr,isotonic,window,W1200,pre,1500,0.5986666666666667,0.5137140936713828,0.8739791702521307,0.012464530454130603,0.021062314834515303,0.2609289617486339,0.12733333333333333,0.488,0.3402268178785857,0.32821881254169444,0.019333333333333313,0.38406666666666667,0.36000000000000004
100,vol_jump,lr,isotonic,window,W1200,post,3000,0.5333333333333333,0.6051606565561265,1.0519548768604783,0.028237627293639184,0.0288561347271606,0.33185840707964603,0.1,0.30133333333333334,0.3657885961987329,0.3464488162720907,0.07599999999999996,0.23533333333333334,0.36000000000000004
100,vol_jump,lr,isotonic,expanding,all,pre,1500,0.5986666666666667,0.5114345413535943,0.8696046716393123,0.018822549926149318,0.0262612895686359,0.24210526315789474,0.10733333333333334,0.44333333333333336,0.33755837224816543,0.32821881254169444,0.01533333333333331,0.38386666666666663,0.36000000000000004
100,vol_jump,lr,isotonic,expanding,all,post,3000,0.5333333333333333,0.6028734660362137,1.0539944296291361,0.04615579487218342,0.048970228426126645,0.3445839874411303,0.14633333333333334,0.4246666666666667,0.35978659553184394,0.3464488162720907,0.052000000000000046,0.23393333333333333,0.36000000000000004
100,vol_jump,lr,isotonic,decay,HL150,pre,1500,0.5986666666666667,0.5152522065832331,0.876049279004768,0.02186181038550502,0.025478143126123003,0.25149700598802394,0.112,0.44533333333333336,0.34489659773182124,0.32821881254169444,0.038000000000000034,0.38173333333333337,0.36000000000000004
100,vol_jump,lr,isotonic,decay,HL150,post,3000,0.5333333333333333,0.6061665596040147,1.0542955561840186,0.030204953135707497,0.03241030654513276,0.3189755529685681,0.09133333333333334,0.28633333333333333,0.36645548516172055,0.3464488162720907,0.07633333333333336,0.23543333333333336,0.36000000000000004
100,vol_jump,lr,isotonic,decay,HL400,pre,1500,0.5986666666666667,0.5138589028105943,0.8735191094691069,0.01792034243107812,0.026025923912114474,0.26330532212885155,0.12533333333333332,0.476,0.3408939292861908,0.32821881254169444,0.02200000000000002,0.38360000000000005,0.36000000000000004
100,vol_jump,lr,isotonic,decay,HL400,post,3000,0.5333333333333333,0.6044232327816511,1.0507721426164993,0.021887448626943685,0.02538121145445934,0.32012847965738755,0.09966666666666667,0.31133333333333335,0.3654551517172391,0.3464488162720907,0.07233333333333336,0.237,0.36000000000000004
100,vol_jump,lr,isotonic,decay,HL1000,pre,1500,0.5986666666666667,0.5124250415556084,0.8713790415351965,0.017259408141568938,0.020887126914761495,0.2525697503671072,0.11466666666666667,0.454,0.3388925950633756,0.32821881254169444,0.01666666666666672,0.38386666666666663,0.36000000000000004
100,vol_jump,lr,isotonic,decay,HL1000,post,3000,0.5333333333333333,0.6033528308879526,1.0510387023968315,0.029298225745642857,0.035801058661568734,0.3406113537117904,0.13,0.38166666666666665,0.36378792930976994,0.3464488162720907,0.06533333333333335,0.23556666666666667,0.36000000000000004
100,vol_jump,gbm,temperature,static,,pre,1500,0.5526666666666666,0.556560604550928,0.9352157823870133,0.013857651391597527,0.03137702366071849,0.27061310782241016,0.08533333333333333,0.31533333333333335,0.48699132755170116,0.4849899933288859,0.014000000000000012,0.30773333333333336,0.36000000000000004
100,vol_jump,gbm,temperature,static,,post,3000,0.4796666666666667,0.6276338874101299,1.0605913274170689,0.06559997047990283,0.06559997047990279,0.36280137772675086,0.10533333333333333,0.29033333333333333,0.48882960986995666,0.48049349783261086,0.019333333333333313,0.1812666666666667,0.36000000000000004
100,vol_jump,gbm,temperature,window,W300,pre,1500,0.5526666666666666,0.5561966509993822,0.9352991851595661,0.011781938159441337,0.026323756022083714,0.2729124236252546,0.08933333333333333,0.3273333333333333,0.485657104736491,0.4849899933288859,0.016000000000000014,0.3054666666666667,0.36000000000000004
100,vol_jump,gbm,temperature,window,W300,post,3000,0.4796666666666667,0.6215961549970767,1.0383595630822835,0.028487215599459083,0.03206334965311937,0.27697841726618705,0.025666666666666667,0.09266666666666666,0.4924974991663888,0.48049349783261086,0.056333333333333346,0.17726666666666666,0.36000000000000004
100,vol_jump,gbm,temperature,window,W600,pre,1500,0.5526666666666666,0.5564990447006534,0.9359138520551048,0.011092737322138214,0.0218314443712554,0.2591792656587473,0.08,0.30866666666666664,0.485657104736491,0.4849899933288859,0.016000000000000014,0.30813333333333337,0.36000000000000004
100,vol_jump,gbm,temperature,window,W600,post,3000,0.4796666666666667,0.6213190588972585,1.038458562093577,0.032682627475981274,0.03156913299578082,0.2975778546712803,0.028666666666666667,0.09633333333333334,0.4928309436478826,0.48049349783261086,0.05033333333333334,0.17916666666666667,0.36000000000000004
100,vol_jump,gbm,temperature,window,W1200,pre,1500,0.5526666666666666,0.5579254895102694,0.9381714532269857,0.016077537872175796,0.03341708713667544,0.248868778280543,0.07333333333333333,0.2946666666666667,0.485657104736491,0.4849899933288859,0.016000000000000014,0.3094666666666667,0.36000000000000004
100,vol_jump,gbm,temperature,window,W1200,post,3000,0.4796666666666667,0.6225868177001393,1.0423500862115032,0.023374483398187755,0.025316356795843688,0.3224852071005917,0.036333333333333336,0.11266666666666666,0.49349783261087027,0.48049349783261086,0.04966666666666664,0.17883333333333334,0.36000000000000004
100,vol_jump,gbm,temperature,expanding,all,pre,1500,0.5526666666666666,0.5566839805425203,0.9354875275672357,0.013405074019730094,0.028959718497318047,0.25617977528089886,0.076,0.2966666666666667,0.485657104736491,0.4849899933288859,0.01666666666666672,0.3088,0.36000000000000004
100,vol_jump,gbm,temperature,expanding,all,post,3000,0.4796666666666667,0.6231490307147581,1.0485031572564947,0.0387458877826441,0.03874588778264407,0.3549337260677467,0.08033333333333334,0.22633333333333333,0.488162720906969,0.48049349783261086,0.023666666666666614,0.17936666666666667,0.36000000000000004
100,vol_jump,gbm,temperature,decay,HL150,pre,1500,0.5526666666666666,0.5559904488603301,0.9346454013616855,0.00859613856481115,0.02136467627000555,0.2719836400817996,0.08866666666666667,0.326,0.485657104736491,0.4849899933288859,0.01666666666666672,0.3068,0.36000000000000004
100,vol_jump,gbm,temperature,decay,HL150,post,3000,0.4796666666666667,0.620967897639239,1.0373641402698508,0.03141430398577984,0.03014355736146448,0.291970802919708,0.02666666666666667,0.09133333333333334,0.49549849949983327,0.48049349783261086,0.04966666666666664,0.1759666666666667,0.36000000000000004
100,vol_jump,gbm,temperature,decay,HL400,pre,1500,0.5526666666666666,0.556340265157892,0.9352996657279403,0.016516831880549022,0.023593857174140878,0.25162689804772237,0.07733333333333334,0.30733333333333335,0.48632421614409604,0.4849899933288859,0.01533333333333331,0.30860000000000004,0.36000000000000004
100,vol_jump,gbm,temperature,decay,HL400,post,3000,0.4796666666666667,0.6212329262724949,1.0393506916564537,0.020415473837982676,0.023016379985580104,0.28923076923076924,0.03133333333333333,0.10833333333333334,0.49116372124041346,0.48049349783261086,0.04700000000000004,0.1784333333333333,0.36000000000000004
100,vol_jump,gbm,temperature,decay,HL1000,pre,1500,0.5526666666666666,0.5565825494921857,0.9354784810315129,0.01331765364077567,0.029064733461519797,0.2528216704288939,0.07466666666666667,0.29533333333333334,0.485657104736491,0.4849899933288859,0.01666666666666672,0.3088,0.36000000000000004
100,vol_jump,gbm,temperature,decay,HL1000,post,3000,0.4796666666666667,0.6216948774650878,1.0424337741966805,0.02259514545415457,0.02224937726462355,0.31868131868131866,0.04833333333333333,0.15166666666666667,0.492164054684895,0.48049349783261086,0.036666666666666625,0.17809999999999998,0.36000000000000004
100,vol_jump,gbm,beta,static,,pre,1500,0.5526666666666666,0.5777429089178536,1.0265364702710924,0.02224204700289182,0.03769359316582218,0.28199566160520606,0.08666666666666667,0.30733333333333335,0.48699132755170116,0.4849899933288859,0.058666666666666645,0.30646666666666667,0.42000000000000004
100,vol_jump,gbm,beta,static,,post,3000,0.4796666666666667,0.6631137339985189,1.2657160336112463,0.07830348140464315,0.07830348140464316,0.375,0.109,0.2906666666666667,0.4914971657219073,0.48049349783261086,0.06933333333333336,0.177,0.42000000000000004
100,vol_jump,gbm,beta,window,W300,pre,1500,0.5526666666666666,0.5796221934677318,1.0298389115497915,0.021535664811134992,0.036223441683976725,0.2930327868852459,0.09533333333333334,0.3253333333333333,0.48032021347565046,0.4849899933288859,0.06999999999999995,0.30720000000000003,0.42000000000000004
100,vol_jump,gbm,beta,window,W300,post,3000,0.4796666666666667,0.6675970344381664,1.2571495873427967,0.03776320197186583,0.04287905139186978,0.35462555066079293,0.05366666666666667,0.15133333333333332,0.486162054018006,0.48049349783261086,0.1336666666666667,0.17783333333333334,0.42000000000000004
100,vol_jump,gbm,beta,window,W600,pre,1500,0.5526666666666666,0.5785312285304787,1.02696970020958,0.01090586632485152,0.023692558127557117,0.2775330396475771,0.084,0.30266666666666664,0.4876584389593062,0.4849899933288859,0.07066666666666666,0.30460000000000004,0.42000000000000004
100,vol_jump,gbm,beta,window,W600,post,3000,0.4796666666666667,0.6671270478565038,1.2570004554963266,0.03827339450050744,0.04270198212023483,0.34394904458598724,0.054,0.157,0.48982994331443813,0.48049349783261086,0.1346666666666667,0.1744666666666667,0.42000000000000004
100,vol_jump,gbm,beta,window,W1200,pre,1500,0.5526666666666666,0.5796526326823187,1.0278028294732693,0.0074698993367876875,0.029808126589428795,0.2695035460992908,0.076,0.282,0.4896597731821214,0.4849899933288859,0.06599999999999995,0.30573333333333336,0.42000000000000004
100,vol_jump,gbm,beta,window,W1200,post,3000,0.4796666666666667,0.6670607930308742,1.2586384568609905,0.03778055627179853,0.03727041904164242,0.34615384615384615,0.06,0.17333333333333334,0.49349783261087027,0.48049349783261086,0.134,0.17346666666666666,0.42000000000000004
100,vol_jump,gbm,beta,expanding,all,pre,1500,0.5526666666666666,0.5785502937341395,1.025693413000945,0.01978475046300539,0.03156090774477499,0.2803738317757009,0.08,0.2853333333333333,0.48899266177451634,0.4849899933288859,0.09533333333333338,0.30913333333333337,0.42000000000000004
100,vol_jump,gbm,beta,expanding,all,post,3000,0.4796666666666667,0.6633428632240138,1.2608507700999023,0.05759636843706923,0.059016025817272534,0.3683492496589359,0.09,0.24433333333333335,0.48916305435145047,0.48049349783261086,0.11133333333333328,0.17683333333333334,0.42000000000000004
100,vol_jump,gbm,beta,decay,HL150,pre,1500,0.5526666666666666,0.5794046247408575,1.0284267154740983,0.016104499011499133,0.0232615527221638,0.2841880341880342,0.08866666666666667,0.312,0.48699132755170116,0.4849899933288859,0.07199999999999995,0.30993333333333334,0.42000000000000004
100,vol_jump,gbm,beta,decay,HL150,post,3000,0.4796666666666667,0.6678106513350942,1.257209412240024,0.04559514208853166,0.04201015593723869,0.3458980044345898,0.052,0.15033333333333335,0.4894964988329443,0.48049349783261086,0.1343333333333333,0.17403333333333335,0.42000000000000004
100,vol_jump,gbm,beta,decay,HL400,pre,1500,0.5526666666666666,0.5786427419882998,1.026520590823458,0.01922129447006536,0.02519189207291327,0.273972602739726,0.08,0.292,0.4923282188125417,0.4849899933288859,0.07399999999999995,0.3072666666666667,0.42000000000000004
100,vol_jump,gbm,beta,decay,HL400,post,3000,0.4796666666666667,0.6664051967021882,1.2571240113361652,0.036811153713230876,0.03626740111813288,0.3359223300970874,0.057666666666666665,0.17166666666666666,0.49116372124041346,0.48049349783261086,0.1323333333333333,0.1745,0.42000000000000004
100,vol_jump,gbm,beta,decay,HL1000,pre,1500,0.5526666666666666,0.578753692766524,1.0260042655942316,0.013457494521379275,0.03410704797970357,0.26968973747016706,0.07533333333333334,0.2793333333333333,0.49299533022014674,0.4849899933288859,0.08599999999999997,0.30826666666666663,0.42000000000000004
100,vol_jump,gbm,beta,decay,HL1000,post,3000,0.4796666666666667,0.6650841717799195,1.2583290842793429,0.04545724945065466,0.04669463326066627,0.35510887772194305,0.07066666666666667,0.199,0.4928309436478826,0.48049349783261086,0.12,0.1768666666666667,0.42000000000000004
100,vol_jump,gbm,isotonic,static,,pre,1500,0.5526666666666666,0.5782215173451241,1.0284182671069577,0.034915301164177126,0.03196635370545105,0.3143350604490501,0.12133333333333333,0.386,0.48899266177451634,0.4849899933288859,0.03400000000000003,0.3108666666666667,0.4
100,vol_jump,gbm,isotonic,static,,post,3000,0.4796666666666667,0.6625142333361036,1.267020366587257,0.08235435643140115,0.08387888965673425,0.3892433910665451,0.14233333333333334,0.36566666666666664,0.4914971657219073,0.48049349783261086,0.040000000000000036,0.1769,0.4
100,vol_jump,gbm,isotonic,window,W300,pre,1500,0.5526666666666666,0.5813062180989907,1.03780381784742,0.021520076870335837,0.03495330014608973,0.3059071729957806,0.09666666666666666,0.316,0.4883255503669113,0.4849899933288859,0.052000000000000046,0.312,0.4
100,vol_jump,gbm,isotonic,window,W300,post,3000,0.4796666666666667,0.6684815105691617,1.2659771732546723,0.041107187176828604,0.04830919805749896,0.3739424703891709,0.07366666666666667,0.197,0.4944981660553518,0.48049349783261086,0.10499999999999998,0.17603333333333335,0.4
100,vol_jump,gbm,isotonic,window,W600,pre,1500,0.5526666666666666,0.5780467350641201,1.0279808410899565,0.014345690641220217,0.04277315193270499,0.24863387978142076,0.06066666666666667,0.244,0.4876584389593062,0.4849899933288859,0.053333333333333344,0.31153333333333333,0.4
100,vol_jump,gbm,isotonic,window,W600,post,3000,0.4796666666666667,0.6683698087680522,1.2624276564723598,0.03763819851749642,0.0485892468562164,0.38619402985074625,0.069,0.17866666666666667,0.49183061020340113,0.48049349783261086,0.09333333333333338,0.1784666666666667,0.4
100,vol_jump,gbm,isotonic,window,W1200,pre,1500,0.5526666666666666,0.5790283196096884,1.0285293941291747,0.024616157666725855,0.04626441121432883,0.2318840579710145,0.05333333333333334,0.23,0.4876584389593062,0.4849899933288859,0.04733333333333334,0.31046666666666667,0.4
100,vol_jump,gbm,isotonic,window,W1200,post,3000,0.4796666666666667,0.6684915819838709,1.263701962576574,0.04286977199142167,0.05108883205917029,0.3311965811965812,0.051666666666666666,0.156,0.4944981660553518,0.48049349783261086,0.09999999999999998,0.17729999999999999,0.4
100,vol_jump,gbm,isotonic,expanding,all,pre,1500,0.5526666666666666,0.5788912250413525,1.0268151427092636,0.0215968989619576,0.03172413631999314,0.28159645232815966,0.08466666666666667,0.3006666666666667,0.48899266177451634,0.4849899933288859,0.05266666666666664,0.31020000000000003,0.4
100,vol_jump,gbm,isotonic,expanding,all,post,3000,0.4796666666666667,0.6634826373734442,1.2624980610617471,0.05859416186512439,0.05900396198685534,0.3601823708206687,0.079,0.21933333333333332,0.4904968322774258,0.48049349783261086,0.06399999999999995,0.17880000000000004,0.4
100,vol_jump,gbm,isotonic,decay,HL150,pre,1500,0.5526666666666666,0.5804982426494327,1.0329437961240313,0.017949628103372185,0.026376505948973124,0.2860576923076923,0.07933333333333334,0.2773333333333333,0.48899266177451634,0.4849899933288859,0.050000000000000044,0.30893333333333334,0.4
100,vol_jump,gbm,isotonic,decay,HL150,post,3000,0.4796666666666667,0.6679436009032215,1.2622751632387499,0.03996719464141136,0.04521192489990422,0.3516260162601626,0.057666666666666665,0.164,0.4928309436478826,0.48049349783261086,0.10066666666666668,0.1754666666666667,0.4
100,vol_jump,gbm,isotonic,decay,HL400,pre,1500,0.5526666666666666,0.5784849906754828,1.0274762371957362,0.018698171495662306,0.03175611602288321,0.25139664804469275,0.06,0.23866666666666667,0.48899266177451634,0.4849899933288859,0.04800000000000004,0.30960000000000004,0.4
100,vol_jump,gbm,isotonic,decay,HL400,post,3000,0.4796666666666667,0.6671354421266659,1.2609929928073078,0.040613526593720174,0.04363068227287528,0.34833659491193736,0.059333333333333335,0.17033333333333334,0.49416472157385793,0.48049349783261086,0.09999999999999998,0.17536666666666667,0.4
100,vol_jump,gbm,isotonic,decay,HL1000,pre,1500,0.5526666666666666,0.5782921307582788,1.0262715773900775,0.01681089935257895,0.035506039001533464,0.24225352112676057,0.05733333333333333,0.23666666666666666,0.4896597731821214,0.4849899933288859,0.05066666666666664,0.31066666666666665,0.4
100,vol_jump,gbm,isotonic,decay,HL1000,post,3000,0.4796666666666667,0.6652188333052671,1.26059115105709,0.0454697767058248,0.0491514440304978,0.3441226575809199,0.06733333333333333,0.19566666666666666,0.49416472157385793,0.48049349783261086,0.09166666666666667,0.17723333333333335,0.4
100,regime_transition,lr,temperature,static,,pre,1500,0.5986666666666667,0.5100733410510757,0.8672640156107989,0.011037059681799296,0.015450454750142251,0.2410179640718563,0.10733333333333334,0.44533333333333336,0.3542361574382922,0.32821881254169444,0.06533333333333335,0.38466666666666666,0.38
100,regime_transition,lr,temperature,static,,post,3000,0.453,0.6813937918144373,1.1775813131609882,0.13358397896906635,0.13394944840133227,0.4808743169398907,0.20533333333333334,0.427,0.3667889296432144,0.3464488162720907,0.06866666666666665,0.10976666666666667,0.38
100,regime_transition,lr,temperature,window,W300,pre,1500,0.5986666666666667,0.5112443032790619,0.870212743434739,0.011237860990157642,0.0166160387802361,0.24164133738601823,0.106,0.43866666666666665,0.35290193462308206,0.32821881254169444,0.06799999999999995,0.3811333333333334,0.38
100,regime_transition,lr,temperature,window,W300,post,3000,0.453,0.6335823764372278,1.0534433238488976,0.025701914409371397,0.02698079297211753,0.31521739130434784,0.029,0.092,0.3761253751250417,0.3464488162720907,0.3613333333333333,0.1133,0.38
100,regime_transition,lr,temperature,window,W600,pre,1500,0.5986666666666667,0.5101886246826829,0.8686844856195656,0.01663090266054698,0.028991091757957107,0.24274809160305344,0.106,0.43666666666666665,0.3542361574382922,0.32821881254169444,0.06999999999999995,0.38266666666666665,0.38
100,regime_transition,lr,temperature,window,W600,post,3000,0.453,0.634450040563983,1.0558195429121162,0.018841562205647266,0.03166247903562613,0.3343949044585987,0.035,0.10466666666666667,0.3974658219406469,0.3464488162720907,0.32699999999999996,0.1159,0.38
100,regime_transition,lr,temperature,window,W1200,pre,1500,0.5986666666666667,0.5110581373745282,0.8706511558964228,0.013556250491017593,0.01929536955458068,0.24404761904761904,0.10933333333333334,0.448,0.3542361574382922,0.32821881254169444,0.06799999999999995,0.3848666666666667,0.38
100,regime_transition,lr,temperature,window,W1200,post,3000,0.453,0.6363918750583931,1.06134566530208,0.034670857043401726,0.0341740044159133,0.38967136150234744,0.05533333333333333,0.142,0.3861287095698566,0.3464488162720907,0.279,0.11003333333333334,0.38
100,regime_transition,lr,temperature,expanding,all,pre,1500,0.5986666666666667,0.5102362293707492,0.867458579476184,0.012431690466026313,0.017838925794684386,0.23889739663093415,0.104,0.43533333333333335,0.35957304869913276,0.32821881254169444,0.07199999999999995,0.3837333333333334,0.38
100,regime_transition,lr,temperature,expanding,all,post,3000,0.453,0.6602876068916431,1.1183822761313587,0.09644977207239884,0.09656605641998336,0.4564152791380999,0.15533333333333332,0.3403333333333333,0.3717905968656219,0.3464488162720907,0.10433333333333328,0.11173333333333335,0.38
100,regime_transition,lr,temperature,decay,HL150,pre,1500,0.5986666666666667,0.5104066153407307,0.8682412489181551,0.0117883571162219,0.027526128535740782,0.23867069486404835,0.10533333333333333,0.44133333333333336,0.35290193462308206,0.32821881254169444,0.06599999999999995,0.384,0.38
100,regime_transition,lr,temperature,decay,HL150,post,3000,0.453,0.6334429310303168,1.0532097304038017,0.023058896673977182,0.02525762289700902,0.3041958041958042,0.029,0.09533333333333334,0.39179726575525176,0.3464488162720907,0.3393333333333334,0.1124,0.38
100,regime_transition,lr,temperature,decay,HL400,pre,1500,0.5986666666666667,0.5101744867133422,0.8682162822204808,0.013828533063484007,0.021760827369808923,0.23975720789074356,0.10533333333333333,0.43933333333333335,0.3535690460306871,0.32821881254169444,0.06799999999999995,0.38486666666666663,0.38
100,regime_transition,lr,temperature,decay,HL400,post,3000,0.453,0.6351687146617158,1.0583348940301487,0.02658906399259998,0.027644948231410935,0.35844155844155845,0.046,0.12833333333333333,0.39413137712570856,0.3464488162720907,0.2676666666666667,0.11226666666666667,0.38
100,regime_transition,lr,temperature,decay,HL1000,pre,1500,0.5986666666666667,0.510188242424964,0.8678165645415822,0.01341964998423756,0.01734980250489538,0.2415902140672783,0.10533333333333333,0.436,0.35557038025350235,0.32821881254169444,0.07066666666666666,0.38333333333333336,0.38
100,regime_transition,lr,temperature,decay,HL1000,post,3000,0.453,0.6414497456774931,1.0735541103765303,0.04705137164297771,0.053892478319569254,0.39408866995073893,0.08,0.203,0.3901300433477826,0.3464488162720907,0.18566666666666665,0.11186666666666667,0.38
100,regime_transition,lr,beta,static,,pre,1500,0.5986666666666667,0.5104283509711466,0.8673129329158261,0.019528798673987602,0.018541849032158646,0.26287262872628725,0.12933333333333333,0.492,0.35957304869913276,0.32821881254169444,0.07133333333333336,0.3837333333333334,0.4
100,regime_transition,lr,beta,static,,post,3000,0.453,0.6843580899082287,1.17555789029501,0.14897838479716136,0.14897838479716136,0.48951048951048953,0.23333333333333334,0.4766666666666667,0.36645548516172055,0.3464488162720907,0.07133333333333336,0.1102,0.4
100,regime_transition,lr,beta,window,W300,pre,1500,0.5986666666666667,0.5115369738393493,0.8723376674673936,0.009625827569148324,0.0368808850742553,0.24427480916030533,0.10666666666666667,0.43666666666666665,0.37158105403602404,0.32821881254169444,0.09933333333333338,0.3756,0.4
100,regime_transition,lr,beta,window,W300,post,3000,0.453,0.6509402871219732,1.1018261831969445,0.028162464455166007,0.033524480505273485,0.34203655352480417,0.043666666666666666,0.12766666666666668,0.3907969323107703,0.3464488162720907,0.21199999999999997,0.1128,0.4
100,regime_transition,lr,beta,window,W600,pre,1500,0.5986666666666667,0.5121822069575929,0.8715335835904018,0.015374806225739779,0.03117025314507156,0.2543352601156069,0.11733333333333333,0.4613333333333333,0.3749166110740494,0.32821881254169444,0.118,0.37233333333333335,0.4
100,regime_transition,lr,beta,window,W600,post,3000,0.453,0.6519511395628441,1.1044517030046943,0.03736132898698419,0.042232718164365746,0.3923766816143498,0.058333333333333334,0.14866666666666667,0.3931310436812271,0.3464488162720907,0.22799999999999998,0.10583333333333333,0.4
100,regime_transition,lr,beta,window,W1200,pre,1500,0.5986666666666667,0.5108122869998406,0.8695540633537773,0.01534414241649127,0.01860973692318594,0.25142045454545453,0.118,0.4693333333333333,0.37825216811207474,0.32821881254169444,0.1353333333333333,0.376,0.4
100,regime_transition,lr,beta,window,W1200,post,3000,0.453,0.6516565097652571,1.1061531335016588,0.04077855838705258,0.046285130148728586,0.39855072463768115,0.07333333333333333,0.184,0.39213071023674556,0.3464488162720907,0.2503333333333333,0.11313333333333332,0.4
100,regime_transition,lr,beta,expanding,all,pre,1500,0.5986666666666667,0.5101500040692453,0.8672790868019938,0.01336365488962052,0.01325186282086736,0.2507204610951009,0.116,0.46266666666666667,0.3749166110740494,0.32821881254169444,0.124,0.37606666666666666,0.4
100,regime_transition,lr,beta,expanding,all,post,3000,0.453,0.6681328257579283,1.1443304177938565,0.113012291992912,0.11301229199291193,0.46480067854113655,0.18266666666666667,0.393,0.37912637545848615,0.3464488162720907,0.14100000000000001,0.11503333333333333,0.4
100,regime_transition,lr,beta,decay,HL150,pre,1500,0.5986666666666667,0.5109381640018391,0.8704383046936831,0.008371009166246689,0.019717149396148735,0.2451708766716196,0.11,0.44866666666666666,0.3722481654436291,0.32821881254169444,0.10466666666666669,0.37693333333333334,0.4
100,regime_transition,lr,beta,decay,HL150,post,3000,0.453,0.6507035126738302,1.1017226587754578,0.03119212316224229,0.0387584840633538,0.3475,0.04633333333333333,0.13333333333333333,0.3927975991997332,0.3464488162720907,0.2283333333333334,0.10740000000000001,0.4
100,regime_transition,lr,beta,decay,HL400,pre,1500,0.5986666666666667,0.5105509916916615,0.8687933106820662,0.010703654343763025,0.022617864514380862,0.2503597122302158,0.116,0.4633333333333333,0.3762508338892595,0.32821881254169444,0.1333333333333333,0.37420000000000003,0.4
100,regime_transition,lr,beta,decay,HL400,post,3000,0.453,0.6508074266550709,1.104773220594888,0.03822901892178902,0.043550031239902455,0.4011627906976744,0.069,0.172,0.39813271090363456,0.3464488162720907,0.2393333333333333,0.1096,0.4
100,regime_transition,lr,beta,decay,HL1000,pre,1500,0.5986666666666667,0.5103048376521744,0.8678113505662806,0.015397059092097327,0.021140872900378613,0.2514450867052023,0.116,0.4613333333333333,0.3749166110740494,0.32821881254169444,0.1373333333333333,0.376,0.4
100,regime_transition,lr,beta,decay,HL1000,post,3000,0.453,0.6539199179424536,1.114906757158423,0.06802682892811727,0.06802682892811734,0.41045751633986927,0.10466666666666667,0.255,0.3931310436812271,0.3464488162720907,0.19599999999999995,0.1114,0.4
100,regime_transition,lr,isotonic,static,,pre,1500,0.5986666666666667,0.5106262349377066,0.8686979474880839,0.01788140745332664,0.021980326544209658,0.2664941785252264,0.13733333333333334,0.5153333333333333,0.3408939292861908,0.32821881254169444,0.02533333333333332,0.38560000000000005,0.36000000000000004
100,regime_transition,lr,isotonic,static,,post,3000,0.453,0.6863275935068226,1.1840411557201638,0.14929295698048525,0.1546099738740429,0.4956810631229236,0.24866666666666667,0.5016666666666667,0.3561187062354118,0.3464488162720907,0.035666666666666624,0.10913333333333335,0.36000000000000004
100,regime_transition,lr,isotonic,window,W300,pre,1500,0.5986666666666667,0.516229204587144,0.8798244775484939,0.021441013192589405,0.03425456721654656,0.2547584187408492,0.116,0.4553333333333333,0.34222815210140095,0.32821881254169444,0.03933333333333333,0.3835333333333333,0.36000000000000004
100,regime_transition,lr,isotonic,window,W300,post,3000,0.453,0.6530863748925018,1.1105716876913834,0.03345883255875711,0.04999071006327914,0.3795309168443497,0.059333333333333335,0.15633333333333332,0.36645548516172055,0.3464488162720907,0.07066666666666666,0.10626666666666668,0.36000000000000004
100,regime_transition,lr,isotonic,window,W600,pre,1500,0.5986666666666667,0.5152806264319814,0.8762938684763782,0.02720822821009531,0.037546641875519045,0.27548209366391185,0.13333333333333333,0.484,0.3442294863242161,0.32821881254169444,0.03533333333333333,0.3829333333333334,0.36000000000000004
100,regime_transition,lr,isotonic,window,W600,post,3000,0.453,0.6549634189509665,1.112076115780927,0.041653407980307026,0.04939380714244524,0.3935483870967742,0.061,0.155,0.3657885961987329,0.3464488162720907,0.07466666666666666,0.10736666666666668,0.36000000000000004
100,regime_transition,lr,isotonic,window,W1200,pre,1500,0.5986666666666667,0.5137140936713828,0.8739791702521307,0.012464530454130603,0.021062314834515303,0.2609289617486339,0.12733333333333333,0.488,0.3402268178785857,0.32821881254169444,0.019333333333333313,0.38406666666666667,0.36000000000000004
100,regime_transition,lr,isotonic,window,W1200,post,3000,0.453,0.6530461063372277,1.109717257930996,0.04373922882349945,0.05457367246145657,0.39250493096646943,0.06633333333333333,0.169,0.36412137379126375,0.3464488162720907,0.06966666666666665,0.10703333333333336,0.36000000000000004
100,regime_transition,lr,isotonic,expanding,all,pre,1500,0.5986666666666667,0.5114345413535943,0.8696046716393123,0.018822549926149318,0.0262612895686359,0.24210526315789474,0.10733333333333334,0.44333333333333336,0.33755837224816543,0.32821881254169444,0.01533333333333331,0.38386666666666663,0.36000000000000004
100,regime_transition,lr,isotonic,expanding,all,post,3000,0.453,0.6693668929496108,1.147210727879485,0.1139678908057445,0.11396789080574452,0.46826758147512865,0.182,0.38866666666666666,0.3521173724574858,0.3464488162720907,0.025666666666666615,0.10973333333333335,0.36000000000000004
100,regime_transition,lr,isotonic,decay,HL150,pre,1500,0.5986666666666667,0.5152522065832331,0.876049279004768,0.02186181038550502,0.025478143126123003,0.25149700598802394,0.112,0.44533333333333336,0.34489659773182124,0.32821881254169444,0.038000000000000034,0.38173333333333337,0.36000000000000004
100,regime_transition,lr,isotonic,decay,HL150,post,3000,0.453,0.652040935869893,1.107709414146463,0.03185695149338526,0.038742552275687646,0.35920177383592017,0.054,0.15033333333333335,0.36612204068022675,0.3464488162720907,0.07466666666666666,0.10906666666666669,0.36000000000000004
100,regime_transition,lr,isotonic,decay,HL400,pre,1500,0.5986666666666667,0.5138589028105943,0.8735191094691069,0.01792034243107812,0.026025923912114474,0.26330532212885155,0.12533333333333332,0.476,0.3408939292861908,0.32821881254169444,0.02200000000000002,0.38360000000000005,0.36000000000000004
100,regime_transition,lr,isotonic,decay,HL400,post,3000,0.453,0.6522894910072481,1.109149904191062,0.047149840286185934,0.05182812910126272,0.3903420523138833,0.06466666666666666,0.16566666666666666,0.3624541513837946,0.3464488162720907,0.06433333333333335,0.10783333333333335,0.36000000000000004
100,regime_transition,lr,isotonic,decay,HL1000,pre,1500,0.5986666666666667,0.5124250415556084,0.8713790415351965,0.017259408141568938,0.020887126914761495,0.2525697503671072,0.11466666666666667,0.454,0.3388925950633756,0.32821881254169444,0.01666666666666672,0.38386666666666663,0.36000000000000004
100,regime_transition,lr,isotonic,decay,HL1000,post,3000,0.453,0.6553885810401334,1.1186819704155055,0.07009267943672486,0.07196123878013612,0.41229193341869397,0.10733333333333334,0.26033333333333336,0.3561187062354118,0.3464488162720907,0.037666666666666626,0.10903333333333334,0.36000000000000004
100,regime_transition,gbm,temperature,static,,pre,1500,0.5526666666666666,0.556560604550928,0.9352157823870133,0.013857651391597527,0.03137702366071849,0.27061310782241016,0.08533333333333333,0.31533333333333335,0.48699132755170116,0.4849899933288859,0.014000000000000012,0.30773333333333336,0.36000000000000004
100,regime_transition,gbm,temperature,static,,post,3000,0.43266666666666664,0.6734271887848318,1.1269089086853894,0.11259997047990282,0.11259997047990279,0.47416762342135477,0.13766666666666666,0.29033333333333333,0.48882960986995666,0.48049349783261086,0.019333333333333313,0.0898,0.36000000000000004
100,regime_transition,gbm,temperature,window,W300,pre,1500,0.5526666666666666,0.5561966509993822,0.9352991851595661,0.011781938159441337,0.026323756022083714,0.2729124236252546,0.08933333333333333,0.3273333333333333,0.485657104736491,0.4849899933288859,0.016000000000000014,0.3054666666666667,0.36000000000000004
100,regime_transition,gbm,temperature,window,W300,post,3000,0.43266666666666664,0.6434465552063027,1.066345210309161,0.01631585126377294,0.022246042807466504,0.3248407643312102,0.017,0.052333333333333336,0.48016005335111706,0.48049349783261086,0.15166666666666662,0.0966,0.36000000000000004
100,regime_transition,gbm,temperature,window,W600,pre,1500,0.5526666666666666,0.5564990447006534,0.9359138520551048,0.011092737322138214,0.0218314443712554,0.2591792656587473,0.08,0.30866666666666664,0.485657104736491,0.4849899933288859,0.016000000000000014,0.30813333333333337,0.36000000000000004
100,regime_transition,gbm,temperature,window,W600,post,3000,0.43266666666666664,0.6444716544003208,1.067715161444734,0.013439112368829591,0.022176920874183926,0.3787878787878788,0.025,0.066,0.48916305435145047,0.48049349783261086,0.1343333333333333,0.09533333333333335,0.36000000000000004
100,regime_transition,gbm,temperature,window,W1200,pre,1500,0.5526666666666666,0.5579254895102694,0.9381714532269857,0.016077537872175796,0.03341708713667544,0.248868778280543,0.07333333333333333,0.2946666666666667,0.485657104736491,0.4849899933288859,0.016000000000000014,0.3094666666666667,0.36000000000000004
100,regime_transition,gbm,temperature,window,W1200,post,3000,0.43266666666666664,0.6460448974770195,1.0716277953949753,0.021117937607924592,0.02232951172299174,0.4232081911262799,0.04133333333333333,0.09766666666666667,0.49116372124041346,0.48049349783261086,0.09933333333333338,0.09176666666666669,0.36000000000000004
100,regime_transition,gbm,temperature,expanding,all,pre,1500,0.5526666666666666,0.5566839805425203,0.9354875275672357,0.013405074019730094,0.028959718497318047,0.25617977528089886,0.076,0.2966666666666667,0.485657104736491,0.4849899933288859,0.01666666666666672,0.3088,0.36000000000000004
100,regime_transition,gbm,temperature,expanding,all,post,3000,0.43266666666666664,0.660478143166537,1.0993235047354712,0.0835697181514322,0.08356971815143224,0.46504559270516715,0.102,0.21933333333333332,0.48982994331443813,0.48049349783261086,0.024333333333333318,0.08930000000000002,0.36000000000000004
100,regime_transition,gbm,temperature,decay,HL150,pre,1500,0.5526666666666666,0.5559904488603301,0.9346454013616855,0.00859613856481115,0.02136467627000555,0.2719836400817996,0.08866666666666667,0.326,0.485657104736491,0.4849899933288859,0.01666666666666672,0.3068,0.36000000000000004
100,regime_transition,gbm,temperature,decay,HL150,post,3000,0.43266666666666664,0.6430910699850098,1.0656759089100172,0.012389193873406546,0.01807453533948768,0.36024844720496896,0.019333333333333334,0.05366666666666667,0.486162054018006,0.48049349783261086,0.1343333333333333,0.0988,0.36000000000000004
100,regime_transition,gbm,temperature,decay,HL400,pre,1500,0.5526666666666666,0.556340265157892,0.9352996657279403,0.016516831880549022,0.023593857174140878,0.25162689804772237,0.07733333333333334,0.30733333333333335,0.48632421614409604,0.4849899933288859,0.01533333333333331,0.30860000000000004,0.36000000000000004
100,regime_transition,gbm,temperature,decay,HL400,post,3000,0.43266666666666664,0.644906411385299,1.0692713624516883,0.01799186521377075,0.023822715948415993,0.40336134453781514,0.032,0.07933333333333334,0.4928309436478826,0.48049349783261086,0.08933333333333338,0.09280000000000004,0.36000000000000004
100,regime_transition,gbm,temperature,decay,HL1000,pre,1500,0.5526666666666666,0.5565825494921857,0.9354784810315129,0.01331765364077567,0.029064733461519797,0.2528216704288939,0.07466666666666667,0.29533333333333334,0.485657104736491,0.4849899933288859,0.01666666666666672,0.3088,0.36000000000000004
100,regime_transition,gbm,temperature,decay,HL1000,post,3000,0.43266666666666664,0.6492477461944944,1.0777616235759127,0.045290269948578495,0.04529026994857849,0.44385026737967914,0.05533333333333333,0.12466666666666666,0.49549849949983327,0.48049349783261086,0.05266666666666664,0.09106666666666668,0.36000000000000004
100,regime_transition,gbm,beta,static,,pre,1500,0.5526666666666666,0.5777429089178536,1.0265364702710924,0.02224204700289182,0.03769359316582218,0.28199566160520606,0.08666666666666667,0.30733333333333335,0.48699132755170116,0.4849899933288859,0.058666666666666645,0.30646666666666667,0.42000000000000004
100,regime_transition,gbm,beta,static,,post,3000,0.43266666666666664,0.705109875888642,1.3382155208708963,0.12530348140464317,0.12530348140464317,0.4827981651376147,0.14033333333333334,0.2906666666666667,0.4914971657219073,0.48049349783261086,0.06933333333333336,0.08976666666666669,0.42000000000000004
100,regime_transition,gbm,beta,window,W300,pre,1500,0.5526666666666666,0.5796221934677318,1.0298389115497915,0.021535664811134992,0.036223441683976725,0.2930327868852459,0.09533333333333334,0.3253333333333333,0.48032021347565046,0.4849899933288859,0.06999999999999995,0.30720000000000003,0.42000000000000004
100,regime_transition,gbm,beta,window,W300,post,3000,0.43266666666666664,0.6919019185752268,1.29488902996115,0.047907179852970605,0.056339150624827174,0.4049586776859504,0.03266666666666666,0.08066666666666666,0.5031677225741914,0.48049349783261086,0.18433333333333335,0.08836666666666668,0.42000000000000004
100,regime_transition,gbm,beta,window,W600,pre,1500,0.5526666666666666,0.5785312285304787,1.02696970020958,0.01090586632485152,0.023692558127557117,0.2775330396475771,0.084,0.30266666666666664,0.4876584389593062,0.4849899933288859,0.07066666666666666,0.30460000000000004,0.42000000000000004
100,regime_transition,gbm,beta,window,W600,post,3000,0.43266666666666664,0.6915188443479322,1.2954865495161194,0.05188307934530543,0.05913618760418722,0.40077821011673154,0.034333333333333334,0.08566666666666667,0.49349783261087027,0.48049349783261086,0.17500000000000004,0.0886,0.42000000000000004
100,regime_transition,gbm,beta,window,W1200,pre,1500,0.5526666666666666,0.5796526326823187,1.0278028294732693,0.0074698993367876875,0.029808126589428795,0.2695035460992908,0.076,0.282,0.4896597731821214,0.4849899933288859,0.06599999999999995,0.30573333333333336,0.42000000000000004
100,regime_transition,gbm,beta,window,W1200,post,3000,0.43266666666666664,0.6922149583960104,1.2990326493961448,0.061620620219616284,0.06162062021961625,0.4325153374233129,0.047,0.10866666666666666,0.4924974991663888,0.48049349783261086,0.15500000000000003,0.09033333333333333,0.42000000000000004
100,regime_transition,gbm,beta,expanding,all,pre,1500,0.5526666666666666,0.5785502937341395,1.025693413000945,0.01978475046300539,0.03156090774477499,0.2803738317757009,0.08,0.2853333333333333,0.48899266177451634,0.4849899933288859,0.09533333333333338,0.30913333333333337,0.42000000000000004
100,regime_transition,gbm,beta,expanding,all,post,3000,0.43266666666666664,0.6977029377136105,1.3193727462128957,0.1006777891236501,0.10067778912365014,0.47257383966244726,0.112,0.237,0.4894964988329443,0.48049349783261086,0.11233333333333329,0.09226666666666668,0.42000000000000004
100,regime_transition,gbm,beta,decay,HL150,pre,1500,0.5526666666666666,0.5794046247408575,1.0284267154740983,0.016104499011499133,0.0232615527221638,0.2841880341880342,0.08866666666666667,0.312,0.48699132755170116,0.4849899933288859,0.07199999999999995,0.30993333333333334,0.42000000000000004
100,regime_transition,gbm,beta,decay,HL150,post,3000,0.43266666666666664,0.691669931201315,1.2946638163244464,0.04843008427294231,0.05139269713799628,0.41630901287553645,0.03233333333333333,0.07766666666666666,0.49383127709236413,0.48049349783261086,0.17700000000000005,0.08836666666666668,0.42000000000000004
100,regime_transition,gbm,beta,decay,HL400,pre,1500,0.5526666666666666,0.5786427419882998,1.026520590823458,0.01922129447006536,0.02519189207291327,0.273972602739726,0.08,0.292,0.4923282188125417,0.4849899933288859,0.07399999999999995,0.3072666666666667,0.42000000000000004
100,regime_transition,gbm,beta,decay,HL400,post,3000,0.43266666666666664,0.691951507475838,1.2975517353862283,0.05785971959296006,0.058937786492311885,0.4245614035087719,0.04033333333333333,0.095,0.4944981660553518,0.48049349783261086,0.15533333333333332,0.09103333333333334,0.42000000000000004
100,regime_transition,gbm,beta,decay,HL1000,pre,1500,0.5526666666666666,0.578753692766524,1.0260042655942316,0.013457494521379275,0.03410704797970357,0.26968973747016706,0.07533333333333334,0.2793333333333333,0.49299533022014674,0.4849899933288859,0.08599999999999997,0.30826666666666663,0.42000000000000004
100,regime_transition,gbm,beta,decay,HL1000,post,3000,0.43266666666666664,0.692505919622519,1.3034908550519881,0.07505546554857723,0.07505546554857727,0.45742092457420924,0.06266666666666666,0.137,0.49516505501833946,0.48049349783261086,0.1303333333333333,0.09103333333333334,0.42000000000000004
100,regime_transition,gbm,isotonic,static,,pre,1500,0.5526666666666666,0.5782215173451241,1.0284182671069577,0.034915301164177126,0.03196635370545105,0.3143350604490501,0.12133333333333333,0.386,0.48899266177451634,0.4849899933288859,0.03400000000000003,0.3108666666666667,0.4
100,regime_transition,gbm,isotonic,static,,post,3000,0.43266666666666664,0.7054788182718588,1.342753764370094,0.12935435643140117,0.12935435643140114,0.4840474020054695,0.177,0.36566666666666664,0.4914971657219073,0.48049349783261086,0.040000000000000036,0.08753333333333334,0.4
100,regime_transition,gbm,isotonic,window,W300,pre,1500,0.5526666666666666,0.5813062180989907,1.03780381784742,0.021520076870335837,0.03495330014608973,0.3059071729957806,0.09666666666666666,0.316,0.4883255503669113,0.4849899933288859,0.052000000000000046,0.312,0.4
100,regime_transition,gbm,isotonic,window,W300,post,3000,0.43266666666666664,0.6947531943968939,1.305623997774825,0.0583401201146081,0.06282357872749887,0.43575418994413406,0.052,0.11933333333333333,0.492164054684895,0.48049349783261086,0.132,0.08786666666666668,0.4
100,regime_transition,gbm,isotonic,window,W600,pre,1500,0.5526666666666666,0.5780467350641201,1.0279808410899565,0.014345690641220217,0.04277315193270499,0.24863387978142076,0.06066666666666667,0.244,0.4876584389593062,0.4849899933288859,0.053333333333333344,0.31153333333333333,0.4
100,regime_transition,gbm,isotonic,window,W600,post,3000,0.43266666666666664,0.694335714733862,1.3041911503315047,0.05976624324343763,0.06117576901691808,0.4358974358974359,0.051,0.117,0.49849949983327774,0.48049349783261086,0.1253333333333333,0.09006666666666668,0.4
100,regime_transition,gbm,isotonic,window,W1200,pre,1500,0.5526666666666666,0.5790283196096884,1.0285293941291747,0.024616157666725855,0.04626441121432883,0.2318840579710145,0.05333333333333334,0.23,0.4876584389593062,0.4849899933288859,0.04733333333333334,0.31046666666666667,0.4
100,regime_transition,gbm,isotonic,window,W1200,post,3000,0.43266666666666664,0.694432586554413,1.3044885439229077,0.06691663338195539,0.07102229241643473,0.45348837209302323,0.039,0.086,0.49583194398132713,0.48049349783261086,0.11233333333333329,0.08813333333333337,0.4
100,regime_transition,gbm,isotonic,expanding,all,pre,1500,0.5526666666666666,0.5788912250413525,1.0268151427092636,0.0215968989619576,0.03172413631999314,0.28159645232815966,0.08466666666666667,0.3006666666666667,0.48899266177451634,0.4849899933288859,0.05266666666666664,0.31020000000000003,0.4
100,regime_transition,gbm,isotonic,expanding,all,post,3000,0.43266666666666664,0.6990602076998148,1.3223465871266618,0.10221560406247762,0.1034893937680864,0.4824961948249619,0.10566666666666667,0.219,0.4904968322774258,0.48049349783261086,0.06399999999999995,0.09043333333333334,0.4
100,regime_transition,gbm,isotonic,decay,HL150,pre,1500,0.5526666666666666,0.5804982426494327,1.0329437961240313,0.017949628103372185,0.026376505948973124,0.2860576923076923,0.07933333333333334,0.2773333333333333,0.48899266177451634,0.4849899933288859,0.050000000000000044,0.30893333333333334,0.4
100,regime_transition,gbm,isotonic,decay,HL150,post,3000,0.43266666666666664,0.6939861637781993,1.3033862448435618,0.057323420152664166,0.05881543652394663,0.4199395770392749,0.04633333333333333,0.11033333333333334,0.49316438812937646,0.48049349783261086,0.1226666666666667,0.08730000000000002,0.4
100,regime_transition,gbm,isotonic,decay,HL400,pre,1500,0.5526666666666666,0.5784849906754828,1.0274762371957362,0.018698171495662306,0.03175611602288321,0.25139664804469275,0.06,0.23866666666666667,0.48899266177451634,0.4849899933288859,0.04800000000000004,0.30960000000000004,0.4
100,regime_transition,gbm,isotonic,decay,HL400,post,3000,0.43266666666666664,0.6936062510395822,1.3028852773769302,0.06371107149113896,0.06994194412078795,0.43209876543209874,0.035,0.081,0.4944981660553518,0.48049349783261086,0.11699999999999999,0.08876666666666669,0.4
100,regime_transition,gbm,isotonic,decay,HL1000,pre,1500,0.5526666666666666,0.5782921307582788,1.0262715773900775,0.01681089935257895,0.035506039001533464,0.24225352112676057,0.05733333333333333,0.23666666666666666,0.4896597731821214,0.4849899933288859,0.05066666666666664,0.31066666666666665,0.4
100,regime_transition,gbm,isotonic,decay,HL1000,post,3000,0.43266666666666664,0.6935464685887802,1.306938710588267,0.0789381152470271,0.07893811524702715,0.4488778054862843,0.06,0.13366666666666666,0.49616538846282093,0.48049349783261086,0.09666666666666668,0.08766666666666667,0.4
100,feature_shift,lr,temperature,static,,pre,1500,0.5986666666666667,0.5100733410510757,0.8672640156107989,0.011037059681799296,0.015450454750142251,0.2410179640718563,0.10733333333333334,0.44533333333333336,0.3542361574382922,0.32821881254169444,0.06533333333333335,0.38466666666666666,0.38
100,feature_shift,lr,temperature,static,,post,3000,0.549,0.582841617710444,0.9934067142453644,0.12207959946487287,0.12207959946487285,0.3562396921385377,0.216,0.6063333333333333,0.294431477159053,0.2717572524174725,0.04300000000000004,0.30916666666666665,0.38
100,feature_shift,lr,temperature,window,W300,pre,1500,0.5986666666666667,0.5112443032790619,0.870212743434739,0.011237860990157642,0.0166160387802361,0.24164133738601823,0.106,0.43866666666666665,0.35290193462308206,0.32821881254169444,0.06799999999999995,0.3811333333333334,0.38
100,feature_shift,lr,temperature,window,W300,post,3000,0.549,0.5569090546302906,0.9356151720896898,0.01397708098238732,0.017020341438780732,0.28071833648393196,0.099,0.3526666666666667,0.3231077025675225,0.2717572524174725,0.10599999999999998,0.30933333333333335,0.38
100,feature_shift,lr,temperature,window,W600,pre,1500,0.5986666666666667,0.5101886246826829,0.8686844856195656,0.01663090266054698,0.028991091757957107,0.24274809160305344,0.106,0.43666666666666665,0.3542361574382922,0.32821881254169444,0.06999999999999995,0.38266666666666665,0.38
100,feature_shift,lr,temperature,window,W600,post,3000,0.549,0.5570567212065511,0.936446915194378,0.01957885107981205,0.01994189613011472,0.27085285848172447,0.09633333333333334,0.3556666666666667,0.3217739246415472,0.2717572524174725,0.10199999999999998,0.31,0.38
100,feature_shift,lr,temperature,window,W1200,pre,1500,0.5986666666666667,0.5110581373745282,0.8706511558964228,0.013556250491017593,0.01929536955458068,0.24404761904761904,0.10933333333333334,0.448,0.3542361574382922,0.32821881254169444,0.06799999999999995,0.3848666666666667,0.38
100,feature_shift,lr,temperature,window,W1200,post,3000,0.549,0.560046313031699,0.9426350212657253,0.018717873075803984,0.032761407078102635,0.3002610966057441,0.115,0.383,0.31910636878959653,0.2717572524174725,0.09499999999999997,0.311,0.38
100,feature_shift,lr,temperature,expanding,all,pre,1500,0.5986666666666667,0.5102362293707492,0.867458579476184,0.012431690466026313,0.017838925794684386,0.23889739663093415,0.104,0.43533333333333335,0.35957304869913276,0.32821881254169444,0.07199999999999995,0.3837333333333334,0.38
100,feature_shift,lr,temperature,expanding,all,post,3000,0.549,0.5685440361402863,0.9592626602172278,0.07873393013041767,0.0787339301304177,0.33164876816171823,0.175,0.5276666666666666,0.2997665888629543,0.2717572524174725,0.06033333333333335,0.31200000000000006,0.38
100,feature_shift,lr,temperature,decay,HL150,pre,1500,0.5986666666666667,0.5104066153407307,0.8682412489181551,0.0117883571162219,0.027526128535740782,0.23867069486404835,0.10533333333333333,0.44133333333333336,0.35290193462308206,0.32821881254169444,0.06599999999999995,0.384,0.38
100,feature_shift,lr,temperature,decay,HL150,post,3000,0.549,0.5565708032580508,0.9349017694599219,0.015683551658074932,0.027691998298886026,0.27661596958174905,0.097,0.3506666666666667,0.32077359119706567,0.2717572524174725,0.10299999999999998,0.31056666666666666,0.38
100,feature_shift,lr,temperature,decay,HL400,pre,1500,0.5986666666666667,0.5101744867133422,0.8682162822204808,0.013828533063484007,0.021760827369808923,0.23975720789074356,0.10533333333333333,0.43933333333333335,0.3535690460306871,0.32821881254169444,0.06799999999999995,0.38486666666666663,0.38
100,feature_shift,lr,temperature,decay,HL400,post,3000,0.549,0.5580062986932988,0.9380340059378321,0.01686709544732072,0.03194690780932583,0.28685612788632325,0.10766666666666666,0.37533333333333335,0.3167722574191397,0.2717572524174725,0.09433333333333338,0.3088,0.38
100,feature_shift,lr,temperature,decay,HL1000,pre,1500,0.5986666666666667,0.510188242424964,0.8678165645415822,0.01341964998423756,0.01734980250489538,0.2415902140672783,0.10533333333333333,0.436,0.35557038025350235,0.32821881254169444,0.07066666666666666,0.38333333333333336,0.38
100,feature_shift,lr,temperature,decay,HL1000,post,3000,0.549,0.5610075191328631,0.9438861040821469,0.03697658463565297,0.03853147733185719,0.30727554179566563,0.13233333333333333,0.43066666666666664,0.3091030343447816,0.2717572524174725,0.08066666666666666,0.3089,0.38
100,feature_shift,lr,beta,static,,pre,1500,0.5986666666666667,0.5104283509711466,0.8673129329158261,0.019528798673987602,0.018541849032158646,0.26287262872628725,0.12933333333333333,0.492,0.35957304869913276,0.32821881254169444,0.07133333333333336,0.3837333333333334,0.4
100,feature_shift,lr,beta,static,,post,3000,0.549,0.5834762987182892,0.9856036144620012,0.12840620376965234,0.12840620376965234,0.36709511568123393,0.238,0.6483333333333333,0.2957652550850283,0.2717572524174725,0.04700000000000004,0.31123333333333336,0.4
100,feature_shift,lr,beta,window,W300,pre,1500,0.5986666666666667,0.5115369738393493,0.8723376674673936,0.009625827569148324,0.0368808850742553,0.24427480916030533,0.10666666666666667,0.43666666666666665,0.37158105403602404,0.32821881254169444,0.09933333333333338,0.3756,0.4
100,feature_shift,lr,beta,window,W300,post,3000,0.549,0.5603646824776689,0.9426231429968022,0.011192458550164949,0.019399149638927686,0.29084041548630785,0.10266666666666667,0.353,0.3307769256418806,0.2717572524174725,0.14466666666666672,0.30663333333333337,0.4
100,feature_shift,lr,beta,window,W600,pre,1500,0.5986666666666667,0.5121822069575929,0.8715335835904018,0.015374806225739779,0.03117025314507156,0.2543352601156069,0.11733333333333333,0.4613333333333333,0.3749166110740494,0.32821881254169444,0.118,0.37233333333333335,0.4
100,feature_shift,lr,beta,window,W600,post,3000,0.549,0.5615484448669494,0.9451518780983653,0.01304497678908975,0.02129878685695271,0.2909090909090909,0.10666666666666667,0.36666666666666664,0.3304434811603868,0.2717572524174725,0.1293333333333333,0.3015,0.4
100,feature_shift,lr,beta,window,W1200,pre,1500,0.5986666666666667,0.5108122869998406,0.8695540633537773,0.01534414241649127,0.01860973692318594,0.25142045454545453,0.118,0.4693333333333333,0.37825216811207474,0.32821881254169444,0.1353333333333333,0.376,0.4
100,feature_shift,lr,beta,window,W1200,post,3000,0.549,0.563082873955382,0.9474415493066092,0.022136124701102478,0.03110696082589734,0.30956375838926176,0.123,0.3973333333333333,0.33777925975325107,0.2717572524174725,0.1383333333333333,0.31060000000000004,0.4
100,feature_shift,lr,beta,expanding,all,pre,1500,0.5986666666666667,0.5101500040692453,0.8672790868019938,0.01336365488962052,0.01325186282086736,0.2507204610951009,0.116,0.46266666666666667,0.3749166110740494,0.32821881254169444,0.124,0.37606666666666666,0.4
100,feature_shift,lr,beta,expanding,all,post,3000,0.549,0.5708582735750389,0.9621867906055576,0.08599791519817125,0.08599791519817127,0.35297482837528604,0.20566666666666666,0.5826666666666667,0.30776925641880626,0.2717572524174725,0.08099999999999996,0.3093666666666667,0.4
100,feature_shift,lr,beta,decay,HL150,pre,1500,0.5986666666666667,0.5109381640018391,0.8704383046936831,0.008371009166246689,0.019717149396148735,0.2451708766716196,0.11,0.44866666666666666,0.3722481654436291,0.32821881254169444,0.10466666666666669,0.37693333333333334,0.4
100,feature_shift,lr,beta,decay,HL150,post,3000,0.549,0.5601126565032621,0.9425423261245236,0.009870389884673167,0.014012660114318325,0.2836946277097078,0.10033333333333333,0.3536666666666667,0.33144381460486827,0.2717572524174725,0.14266666666666672,0.3060333333333333,0.4
100,feature_shift,lr,beta,decay,HL400,pre,1500,0.5986666666666667,0.5105509916916615,0.8687933106820662,0.010703654343763025,0.022617864514380862,0.2503597122302158,0.116,0.4633333333333333,0.3762508338892595,0.32821881254169444,0.1333333333333333,0.37420000000000003,0.4
100,feature_shift,lr,beta,decay,HL400,post,3000,0.549,0.56120696496551,0.9445416675099672,0.01975891516361611,0.023987961807795024,0.30372250423011843,0.11966666666666667,0.394,0.33144381460486827,0.2717572524174725,0.1283333333333333,0.30833333333333335,0.4
100,feature_shift,lr,beta,decay,HL1000,pre,1500,0.5986666666666667,0.5103048376521744,0.8678113505662806,0.015397059092097327,0.021140872900378613,0.2514450867052023,0.116,0.4613333333333333,0.3749166110740494,0.32821881254169444,0.1373333333333333,0.376,0.4
100,feature_shift,lr,beta,decay,HL1000,post,3000,0.549,0.563707680536224,0.9491975987540133,0.04352586585853889,0.04906729518195978,0.32011331444759206,0.15066666666666667,0.4706666666666667,0.32277425808602866,0.2717572524174725,0.11033333333333328,0.3095,0.4
100,feature_shift,lr,isotonic,static,,pre,1500,0.5986666666666667,0.5106262349377066,0.8686979474880839,0.01788140745332664,0.021980326544209658,0.2664941785252264,0.13733333333333334,0.5153333333333333,0.3408939292861908,0.32821881254169444,0.02533333333333332,0.38560000000000005,0.36000000000000004
100,feature_shift,lr,isotonic,static,,post,3000,0.549,0.5856493221890324,0.9933553027544763,0.13087709364333794,0.130877093643338,0.3711855927963982,0.24733333333333332,0.6663333333333333,0.2854284761587196,0.2717572524174725,0.025000000000000022,0.3074,0.36000000000000004
100,feature_shift,lr,isotonic,window,W300,pre,1500,0.5986666666666667,0.516229204587144,0.8798244775484939,0.021441013192589405,0.03425456721654656,0.2547584187408492,0.116,0.4553333333333333,0.34222815210140095,0.32821881254169444,0.03933333333333333,0.3835333333333333,0.36000000000000004
100,feature_shift,lr,isotonic,window,W300,post,3000,0.549,0.5619685082280639,0.9485857927226251,0.022037044966087112,0.024240879652066026,0.3011844331641286,0.11866666666666667,0.394,0.31377125708569525,0.2717572524174725,0.07499999999999996,0.3086333333333333,0.36000000000000004
100,feature_shift,lr,isotonic,window,W600,pre,1500,0.5986666666666667,0.5152806264319814,0.8762938684763782,0.02720822821009531,0.037546641875519045,0.27548209366391185,0.13333333333333333,0.484,0.3442294863242161,0.32821881254169444,0.03533333333333333,0.3829333333333334,0.36000000000000004
100,feature_shift,lr,isotonic,window,W600,post,3000,0.549,0.562455654550837,0.9488206168081307,0.016286583363715135,0.020582705647773175,0.2983050847457627,0.11733333333333333,0.3933333333333333,0.304434811603868,0.2717572524174725,0.06000000000000005,0.3050333333333333,0.36000000000000004
100,feature_shift,lr,isotonic,window,W1200,pre,1500,0.5986666666666667,0.5137140936713828,0.8739791702521307,0.012464530454130603,0.021062314834515303,0.2609289617486339,0.12733333333333333,0.488,0.3402268178785857,0.32821881254169444,0.019333333333333313,0.38406666666666667,0.36000000000000004
100,feature_shift,lr,isotonic,window,W1200,post,3000,0.549,0.563971138193582,0.9510658961910403,0.02706828476040526,0.031007929829090917,0.3241167434715822,0.14066666666666666,0.434,0.3017672557519173,0.2717572524174725,0.05666666666666664,0.3060666666666667,0.36000000000000004
100,feature_shift,lr,isotonic,expanding,all,pre,1500,0.5986666666666667,0.5114345413535943,0.8696046716393123,0.018822549926149318,0.0262612895686359,0.24210526315789474,0.10733333333333334,0.44333333333333336,0.33755837224816543,0.32821881254169444,0.01533333333333331,0.38386666666666663,0.36000000000000004
100,feature_shift,lr,isotonic,expanding,all,post,3000,0.549,0.5721125066570554,0.9653721174966622,0.0872282001362502,0.08722820013625025,0.35307262569832404,0.21066666666666667,0.5966666666666667,0.28209403134378125,0.2717572524174725,0.019333333333333313,0.308,0.36000000000000004
100,feature_shift,lr,isotonic,decay,HL150,pre,1500,0.5986666666666667,0.5152522065832331,0.876049279004768,0.02186181038550502,0.025478143126123003,0.25149700598802394,0.112,0.44533333333333336,0.34489659773182124,0.32821881254169444,0.038000000000000034,0.38173333333333337,0.36000000000000004
100,feature_shift,lr,isotonic,decay,HL150,post,3000,0.549,0.561707891164273,0.9477877071324792,0.021948660907435406,0.03140801790175678,0.31011045029736617,0.12166666666666667,0.3923333333333333,0.31010336778926306,0.2717572524174725,0.06899999999999995,0.3099,0.36000000000000004
100,feature_shift,lr,isotonic,decay,HL400,pre,1500,0.5986666666666667,0.5138589028105943,0.8735191094691069,0.01792034243107812,0.026025923912114474,0.26330532212885155,0.12533333333333332,0.476,0.3408939292861908,0.32821881254169444,0.02200000000000002,0.38360000000000005,0.36000000000000004
100,feature_shift,lr,isotonic,decay,HL400,post,3000,0.549,0.56195912889381,0.947718379752108,0.023556404757205895,0.028522233175357892,0.31216111541440744,0.13433333333333333,0.43033333333333335,0.3007669223074358,0.2717572524174725,0.054333333333333345,0.3062,0.36000000000000004
100,feature_shift,lr,isotonic,decay,HL1000,pre,1500,0.5986666666666667,0.5124250415556084,0.8713790415351965,0.017259408141568938,0.020887126914761495,0.2525697503671072,0.11466666666666667,0.454,0.3388925950633756,0.32821881254169444,0.01666666666666672,0.38386666666666663,0.36000000000000004
100,feature_shift,lr,isotonic,decay,HL1000,post,3000,0.549,0.5649291663360582,0.9524575791970913,0.04549539255726851,0.045832993089640346,0.32551908908238447,0.162,0.49766666666666665,0.2920973657885962,0.2717572524174725,0.041000000000000036,0.3058666666666666,0.36000000000000004
100,feature_shift,gbm,temperature,static,,pre,1500,0.5526666666666666,0.556560604550928,0.9352157823870133,0.013857651391597527,0.03137702366071849,0.27061310782241016,0.08533333333333333,0.31533333333333335,0.48699132755170116,0.4849899933288859,0.014000000000000012,0.30773333333333336,0.36000000000000004
100,feature_shift,gbm,temperature,static,,post,3000,0.5093333333333333,0.6077935434090179,1.0240997373553116,0.06692427819125814,0.0650802518217885,0.3707112970711297,0.14766666666666667,0.3983333333333333,0.43081027009003003,0.42814271423807937,0.010000000000000009,0.22683333333333333,0.36000000000000004
100,feature_shift,gbm,temperature,window,W300,pre,1500,0.5526666666666666,0.5561966509993822,0.9352991851595661,0.011781938159441337,0.026323756022083714,0.2729124236252546,0.08933333333333333,0.3273333333333333,0.485657104736491,0.4849899933288859,0.016000000000000014,0.3054666666666667,0.36000000000000004
100,feature_shift,gbm,temperature,window,W300,post,3000,0.5093333333333333,0.6000911422731204,1.0056173882058763,0.012930578927796988,0.023354581738717857,0.2940038684719536,0.050666666666666665,0.17233333333333334,0.4361453817939313,0.42814271423807937,0.03366666666666662,0.22566666666666665,0.36000000000000004
100,feature_shift,gbm,temperature,window,W600,pre,1500,0.5526666666666666,0.5564990447006534,0.9359138520551048,0.011092737322138214,0.0218314443712554,0.2591792656587473,0.08,0.30866666666666664,0.485657104736491,0.4849899933288859,0.016000000000000014,0.30813333333333337,0.36000000000000004
100,feature_shift,gbm,temperature,window,W600,post,3000,0.5093333333333333,0.6012336797182898,1.0079115203585303,0.015015453279632596,0.02296696287139734,0.29390018484288355,0.053,0.18033333333333335,0.438812937645882,0.42814271423807937,0.032333333333333325,0.22446666666666665,0.36000000000000004
100,feature_shift,gbm,temperature,window,W1200,pre,1500,0.5526666666666666,0.5579254895102694,0.9381714532269857,0.016077537872175796,0.03341708713667544,0.248868778280543,0.07333333333333333,0.2946666666666667,0.485657104736491,0.4849899933288859,0.016000000000000014,0.3094666666666667,0.36000000000000004
100,feature_shift,gbm,temperature,window,W1200,post,3000,0.5093333333333333,0.6023794340378181,1.0106123405218552,0.011429360871113986,0.0208315741775599,0.3238095238095238,0.068,0.21,0.4381460486828943,0.42814271423807937,0.02733333333333332,0.22573333333333334,0.36000000000000004
100,feature_shift,gbm,temperature,expanding,all,pre,1500,0.5526666666666666,0.5566839805425203,0.9354875275672357,0.013405074019730094,0.028959718497318047,0.25617977528089886,0.076,0.2966666666666667,0.485657104736491,0.4849899933288859,0.01666666666666672,0.3088,0.36000000000000004
100,feature_shift,gbm,temperature,expanding,all,post,3000,0.5093333333333333,0.6029996883104715,1.0133798025153655,0.038914408387694145,0.038914408387694166,0.3567073170731707,0.117,0.328,0.432810936978993,0.42814271423807937,0.016000000000000014,0.2278,0.36000000000000004
100,feature_shift,gbm,temperature,decay,HL150,pre,1500,0.5526666666666666,0.5559904488603301,0.9346454013616855,0.00859613856481115,0.02136467627000555,0.2719836400817996,0.08866666666666667,0.326,0.485657104736491,0.4849899933288859,0.01666666666666672,0.3068,0.36000000000000004
100,feature_shift,gbm,temperature,decay,HL150,post,3000,0.5093333333333333,0.6002464691227024,1.0056980150347938,0.0181834984640872,0.02572581022683619,0.28205128205128205,0.04766666666666667,0.169,0.43781260420140045,0.42814271423807937,0.033333333333333326,0.22510000000000002,0.36000000000000004
100,feature_shift,gbm,temperature,decay,HL400,pre,1500,0.5526666666666666,0.556340265157892,0.9352996657279403,0.016516831880549022,0.023593857174140878,0.25162689804772237,0.07733333333333334,0.30733333333333335,0.48632421614409604,0.4849899933288859,0.01533333333333331,0.30860000000000004,0.36000000000000004
100,feature_shift,gbm,temperature,decay,HL400,post,3000,0.5093333333333333,0.6005889819152554,1.0070442390264827,0.012248194953288261,0.023082810367195013,0.3016666666666667,0.060333333333333336,0.2,0.43781260420140045,0.42814271423807937,0.02833333333333332,0.22483333333333333,0.36000000000000004
100,feature_shift,gbm,temperature,decay,HL1000,pre,1500,0.5526666666666666,0.5565825494921857,0.9354784810315129,0.01331765364077567,0.029064733461519797,0.2528216704288939,0.07466666666666667,0.29533333333333334,0.485657104736491,0.4849899933288859,0.01666666666666672,0.3088,0.36000000000000004
100,feature_shift,gbm,temperature,decay,HL1000,post,3000,0.5093333333333333,0.6011547961236553,1.0088433623872763,0.01483060528239629,0.02228037402718934,0.3324468085106383,0.08333333333333333,0.25066666666666665,0.434811603867956,0.42814271423807937,0.022666666666666613,0.22573333333333334,0.36000000000000004
100,feature_shift,gbm,beta,static,,pre,1500,0.5526666666666666,0.5777429089178536,1.0265364702710924,0.02224204700289182,0.03769359316582218,0.28199566160520606,0.08666666666666667,0.30733333333333335,0.48699132755170116,0.4849899933288859,0.058666666666666645,0.30646666666666667,0.42000000000000004
100,feature_shift,gbm,beta,static,,post,3000,0.5093333333333333,0.6340952492501933,1.206646005383578,0.07754293992779879,0.07418536136094789,0.36768558951965064,0.14033333333333334,0.38166666666666665,0.43781260420140045,0.42814271423807937,0.04633333333333334,0.22540000000000002,0.42000000000000004
100,feature_shift,gbm,beta,window,W300,pre,1500,0.5526666666666666,0.5796221934677318,1.0298389115497915,0.021535664811134992,0.036223441683976725,0.2930327868852459,0.09533333333333334,0.3253333333333333,0.48032021347565046,0.4849899933288859,0.06999999999999995,0.30720000000000003,0.42000000000000004
100,feature_shift,gbm,beta,window,W300,post,3000,0.5093333333333333,0.6364056828097315,1.1968482508692222,0.02800437925927934,0.032319692530560676,0.3223270440251572,0.06833333333333333,0.212,0.4561520506835612,0.42814271423807937,0.08599999999999997,0.2206,0.42000000000000004
100,feature_shift,gbm,beta,window,W600,pre,1500,0.5526666666666666,0.5785312285304787,1.02696970020958,0.01090586632485152,0.023692558127557117,0.2775330396475771,0.084,0.30266666666666664,0.4876584389593062,0.4849899933288859,0.07066666666666666,0.30460000000000004,0.42000000000000004
100,feature_shift,gbm,beta,window,W600,post,3000,0.5093333333333333,0.6366680121324071,1.1986409133282225,0.0309061938599329,0.03614996074045871,0.3333333333333333,0.07466666666666667,0.224,0.45281760586862285,0.42814271423807937,0.08599999999999997,0.2240666666666667,0.42000000000000004
100,feature_shift,gbm,beta,window,W1200,pre,1500,0.5526666666666666,0.5796526326823187,1.0278028294732693,0.0074698993367876875,0.029808126589428795,0.2695035460992908,0.076,0.282,0.4896597731821214,0.4849899933288859,0.06599999999999995,0.30573333333333336,0.42000000000000004
100,feature_shift,gbm,beta,window,W1200,post,3000,0.5093333333333333,0.6356941916260896,1.1995458983027856,0.03157536910388894,0.03821317244774405,0.3359580052493438,0.08533333333333333,0.254,0.4491497165721907,0.42814271423807937,0.08399999999999996,0.2260666666666667,0.42000000000000004
100,feature_shift,gbm,beta,expanding,all,pre,1500,0.5526666666666666,0.5785502937341395,1.025693413000945,0.01978475046300539,0.03156090774477499,0.2803738317757009,0.08,0.2853333333333333,0.48899266177451634,0.4849899933288859,0.09533333333333338,0.30913333333333337,0.42000000000000004
100,feature_shift,gbm,beta,expanding,all,post,3000,0.5093333333333333,0.6332309915563133,1.2011768557029538,0.05403454829524114,0.0537071233658665,0.353121801432958,0.115,0.32566666666666666,0.44614871623874625,0.42814271423807937,0.07599999999999996,0.2262,0.42000000000000004
100,feature_shift,gbm,beta,decay,HL150,pre,1500,0.5526666666666666,0.5794046247408575,1.0284267154740983,0.016104499011499133,0.0232615527221638,0.2841880341880342,0.08866666666666667,0.312,0.48699132755170116,0.4849899933288859,0.07199999999999995,0.30993333333333334,0.42000000000000004
100,feature_shift,gbm,beta,decay,HL150,post,3000,0.5093333333333333,0.6359902172272492,1.1963172116221559,0.026711369438643006,0.02615228737674417,0.31528662420382164,0.066,0.20933333333333334,0.45648549516505504,0.42814271423807937,0.08966666666666667,0.22313333333333335,0.42000000000000004
100,feature_shift,gbm,beta,decay,HL400,pre,1500,0.5526666666666666,0.5786427419882998,1.026520590823458,0.01922129447006536,0.02519189207291327,0.273972602739726,0.08,0.292,0.4923282188125417,0.4849899933288859,0.07399999999999995,0.3072666666666667,0.42000000000000004
100,feature_shift,gbm,beta,decay,HL400,post,3000,0.5093333333333333,0.6349271887064266,1.1971430617329948,0.03160536377622716,0.03763989048274184,0.32510288065843623,0.079,0.243,0.4511503834611537,0.42814271423807937,0.08599999999999997,0.22519999999999998,0.42000000000000004
100,feature_shift,gbm,beta,decay,HL1000,pre,1500,0.5526666666666666,0.578753692766524,1.0260042655942316,0.013457494521379275,0.03410704797970357,0.26968973747016706,0.07533333333333334,0.2793333333333333,0.49299533022014674,0.4849899933288859,0.08599999999999997,0.30826666666666663,0.42000000000000004
100,feature_shift,gbm,beta,decay,HL1000,post,3000,0.5093333333333333,0.6339814307358193,1.1984082400121971,0.03841268727892389,0.0426525593695109,0.3409638554216867,0.09433333333333334,0.27666666666666667,0.44848282760920305,0.42814271423807937,0.07866666666666666,0.2266,0.42000000000000004
100,feature_shift,gbm,isotonic,static,,pre,1500,0.5526666666666666,0.5782215173451241,1.0284182671069577,0.034915301164177126,0.03196635370545105,0.3143350604490501,0.12133333333333333,0.386,0.48899266177451634,0.4849899933288859,0.03400000000000003,0.3108666666666667,0.4
100,feature_shift,gbm,isotonic,static,,post,3000,0.5093333333333333,0.635402589822917,1.2108240214582138,0.08098902109601196,0.07888909569776571,0.39204545454545453,0.184,0.4693333333333333,0.43447815938646217,0.42814271423807937,0.027000000000000024,0.22496666666666665,0.4
100,feature_shift,gbm,isotonic,window,W300,pre,1500,0.5526666666666666,0.5813062180989907,1.03780381784742,0.021520076870335837,0.03495330014608973,0.3059071729957806,0.09666666666666666,0.316,0.4883255503669113,0.4849899933288859,0.052000000000000046,0.312,0.4
100,feature_shift,gbm,isotonic,window,W300,post,3000,0.5093333333333333,0.6370631749122311,1.2036465604086573,0.032625627419914274,0.03708305359721274,0.32611832611832614,0.07533333333333334,0.231,0.44214738246082025,0.42814271423807937,0.058666666666666645,0.2238666666666667,0.4
100,feature_shift,gbm,isotonic,window,W600,pre,1500,0.5526666666666666,0.5780467350641201,1.0279808410899565,0.014345690641220217,0.04277315193270499,0.24863387978142076,0.06066666666666667,0.244,0.4876584389593062,0.4849899933288859,0.053333333333333344,0.31153333333333333,0.4
100,feature_shift,gbm,isotonic,window,W600,post,3000,0.5093333333333333,0.6381990576395389,1.2038664804915984,0.030119480661562153,0.03837060095813001,0.3328402366863905,0.075,0.22533333333333333,0.4424808269423141,0.42814271423807937,0.053333333333333344,0.22540000000000002,0.4
100,feature_shift,gbm,isotonic,window,W1200,pre,1500,0.5526666666666666,0.5790283196096884,1.0285293941291747,0.024616157666725855,0.04626441121432883,0.2318840579710145,0.05333333333333334,0.23,0.4876584389593062,0.4849899933288859,0.04733333333333334,0.31046666666666667,0.4
100,feature_shift,gbm,isotonic,window,W1200,post,3000,0.5093333333333333,0.6376046394570046,1.2037000969326668,0.040834421475974235,0.03795845564400987,0.3338150289017341,0.077,0.23066666666666666,0.44214738246082025,0.42814271423807937,0.051000000000000045,0.22543333333333332,0.4
100,feature_shift,gbm,isotonic,expanding,all,pre,1500,0.5526666666666666,0.5788912250413525,1.0268151427092636,0.0215968989619576,0.03172413631999314,0.28159645232815966,0.08466666666666667,0.3006666666666667,0.48899266177451634,0.4849899933288859,0.05266666666666664,0.31020000000000003,0.4
100,feature_shift,gbm,isotonic,expanding,all,post,3000,0.5093333333333333,0.634421663783771,1.2038249787597832,0.05529665849536853,0.06296057241108745,0.3567937438905181,0.12166666666666667,0.341,0.43647882627542517,0.42814271423807937,0.04066666666666663,0.22540000000000002,0.4
100,feature_shift,gbm,isotonic,decay,HL150,pre,1500,0.5526666666666666,0.5804982426494327,1.0329437961240313,0.017949628103372185,0.026376505948973124,0.2860576923076923,0.07933333333333334,0.2773333333333333,0.48899266177451634,0.4849899933288859,0.050000000000000044,0.30893333333333334,0.4
100,feature_shift,gbm,isotonic,decay,HL150,post,3000,0.5093333333333333,0.6380915047807436,1.2053656222837974,0.03229568775221288,0.037545843636089586,0.321483771251932,0.06933333333333333,0.21566666666666667,0.44181393797932644,0.42814271423807937,0.05833333333333335,0.22363333333333335,0.4
100,feature_shift,gbm,isotonic,decay,HL400,pre,1500,0.5526666666666666,0.5784849906754828,1.0274762371957362,0.018698171495662306,0.03175611602288321,0.25139664804469275,0.06,0.23866666666666667,0.48899266177451634,0.4849899933288859,0.04800000000000004,0.30960000000000004,0.4
100,feature_shift,gbm,isotonic,decay,HL400,post,3000,0.5093333333333333,0.6364133422843078,1.2017797763826976,0.033462568318096485,0.03990329097913766,0.32503660322108346,0.074,0.22766666666666666,0.43947982660886964,0.42814271423807937,0.049000000000000044,0.22513333333333335,0.4
100,feature_shift,gbm,isotonic,decay,HL1000,pre,1500,0.5526666666666666,0.5782921307582788,1.0262715773900775,0.01681089935257895,0.035506039001533464,0.24225352112676057,0.05733333333333333,0.23666666666666666,0.4896597731821214,0.4849899933288859,0.05066666666666664,0.31066666666666665,0.4
100,feature_shift,gbm,isotonic,decay,HL1000,post,3000,0.5093333333333333,0.6352162217306544,1.2013847685247458,0.04005445698380066,0.052722599947276995,0.33879781420765026,0.08266666666666667,0.244,0.4361453817939313,0.42814271423807937,0.04300000000000004,0.22603333333333334,0.4
100,missing_features,lr,temperature,static,,pre,1500,0.5986666666666667,0.5100733410510757,0.8672640156107989,0.011037059681799296,0.015450454750142251,0.2410179640718563,0.10733333333333334,0.44533333333333336,0.3542361574382922,0.32821881254169444,0.06533333333333335,0.38466666666666666,0.38
100,missing_features,lr,temperature,static,,post,3000,0.535,0.5626307323890926,0.9430730129074294,0.018137913942565923,0.019246142161772933,0.28472906403940884,0.09633333333333334,0.3383333333333333,0.46648882960987,0.4514838279426476,0.08133333333333337,0.27753333333333335,0.38
100,missing_features,lr,temperature,window,W300,pre,1500,0.5986666666666667,0.5112443032790619,0.870212743434739,0.011237860990157642,0.0166160387802361,0.24164133738601823,0.106,0.43866666666666665,0.35290193462308206,0.32821881254169444,0.06799999999999995,0.3811333333333334,0.38
100,missing_features,lr,temperature,window,W300,post,3000,0.535,0.562934014856534,0.9442917144903432,0.01664285935270154,0.01864850694888556,0.26173708920187794,0.07433333333333333,0.284,0.4728242747582527,0.4514838279426476,0.1186666666666667,0.2776,0.38
100,missing_features,lr,temperature,window,W600,pre,1500,0.5986666666666667,0.5101886246826829,0.8686844856195656,0.01663090266054698,0.028991091757957107,0.24274809160305344,0.106,0.43666666666666665,0.3542361574382922,0.32821881254169444,0.06999999999999995,0.38266666666666665,0.38
100,missing_features,lr,temperature,window,W600,post,3000,0.535,0.5622691762158537,0.9422184531713975,0.01919912648999876,0.019662032340061704,0.25323910482921086,0.07166666666666667,0.283,0.4704901633877959,0.4514838279426476,0.1213333333333333,0.27503333333333335,0.38
100,missing_features,lr,temperature,window,W1200,pre,1500,0.5986666666666667,0.5110581373745282,0.8706511558964228,0.013556250491017593,0.01929536955458068,0.24404761904761904,0.10933333333333334,0.448,0.3542361574382922,0.32821881254169444,0.06799999999999995,0.3848666666666667,0.38
100,missing_features,lr,temperature,window,W1200,post,3000,0.535,0.5624852049491197,0.9424130707291642,0.012500383361362388,0.01985221991387908,0.2613240418118467,0.075,0.287,0.4724908302767589,0.4514838279426476,0.1136666666666667,0.2768666666666667,0.38
100,missing_features,lr,temperature,expanding,all,pre,1500,0.5986666666666667,0.5102362293707492,0.867458579476184,0.012431690466026313,0.017838925794684386,0.23889739663093415,0.104,0.43533333333333335,0.35957304869913276,0.32821881254169444,0.07199999999999995,0.3837333333333334,0.38
100,missing_features,lr,temperature,expanding,all,post,3000,0.535,0.5623559276512006,0.942245593541518,0.0071543510769362184,0.016351673127343765,0.27481713688610243,0.08766666666666667,0.319,0.4681560520173391,0.4514838279426476,0.09166666666666667,0.27640000000000003,0.38
100,missing_features,lr,temperature,decay,HL150,pre,1500,0.5986666666666667,0.5104066153407307,0.8682412489181551,0.0117883571162219,0.027526128535740782,0.23867069486404835,0.10533333333333333,0.44133333333333336,0.35290193462308206,0.32821881254169444,0.06599999999999995,0.384,0.38
100,missing_features,lr,temperature,decay,HL150,post,3000,0.535,0.5625867844334191,0.9430512690779148,0.02265495155453156,0.020197041337072827,0.25930372148859543,0.072,0.2776666666666667,0.47215738579526506,0.4514838279426476,0.12,0.2772666666666667,0.38
100,missing_features,lr,temperature,decay,HL400,pre,1500,0.5986666666666667,0.5101744867133422,0.8682162822204808,0.013828533063484007,0.021760827369808923,0.23975720789074356,0.10533333333333333,0.43933333333333335,0.3535690460306871,0.32821881254169444,0.06799999999999995,0.38486666666666663,0.38
100,missing_features,lr,temperature,decay,HL400,post,3000,0.535,0.5623529894277552,0.9422263150320893,0.017586910629110185,0.017060818404326748,0.26152073732718895,0.07566666666666666,0.28933333333333333,0.47182394131377126,0.4514838279426476,0.1166666666666667,0.27640000000000003,0.38
100,missing_features,lr,temperature,decay,HL1000,pre,1500,0.5986666666666667,0.510188242424964,0.8678165645415822,0.01341964998423756,0.01734980250489538,0.2415902140672783,0.10533333333333333,0.436,0.35557038025350235,0.32821881254169444,0.07066666666666666,0.38333333333333336,0.38
100,missing_features,lr,temperature,decay,HL1000,post,3000,0.535,0.5623671435682214,0.9421899106651462,0.011723615979290385,0.019736745056565815,0.26927374301675977,0.08033333333333334,0.29833333333333334,0.4704901633877959,0.4514838279426476,0.10633333333333328,0.2771,0.38
100,missing_features,lr,beta,static,,pre,1500,0.5986666666666667,0.5104283509711466,0.8673129329158261,0.019528798673987602,0.018541849032158646,0.26287262872628725,0.12933333333333333,0.492,0.35957304869913276,0.32821881254169444,0.07133333333333336,0.3837333333333334,0.4
100,missing_features,lr,beta,static,,post,3000,0.535,0.5641108287241441,0.9452229874442292,0.035428950526100025,0.03408266144683973,0.2977430555555556,0.11433333333333333,0.384,0.46782260753584526,0.4514838279426476,0.08833333333333337,0.2770666666666667,0.4
100,missing_features,lr,beta,window,W300,pre,1500,0.5986666666666667,0.5115369738393493,0.8723376674673936,0.009625827569148324,0.0368808850742553,0.24427480916030533,0.10666666666666667,0.43666666666666665,0.37158105403602404,0.32821881254169444,0.09933333333333338,0.3756,0.4
100,missing_features,lr,beta,window,W300,post,3000,0.535,0.5647141456359513,0.9468899496043994,0.017245342338655715,0.013583271303174178,0.2726269315673289,0.08233333333333333,0.302,0.48649549849949986,0.4514838279426476,0.20033333333333336,0.273,0.4
100,missing_features,lr,beta,window,W600,pre,1500,0.5986666666666667,0.5121822069575929,0.8715335835904018,0.015374806225739779,0.03117025314507156,0.2543352601156069,0.11733333333333333,0.4613333333333333,0.3749166110740494,0.32821881254169444,0.118,0.37233333333333335,0.4
100,missing_features,lr,beta,window,W600,post,3000,0.535,0.5643992434471634,0.9456419408644946,0.005121682376363987,0.015233277124290463,0.2710382513661202,0.08266666666666667,0.305,0.48449483161053686,0.4514838279426476,0.21699999999999997,0.2734333333333333,0.4
100,missing_features,lr,beta,window,W1200,pre,1500,0.5986666666666667,0.5108122869998406,0.8695540633537773,0.01534414241649127,0.01860973692318594,0.25142045454545453,0.118,0.4693333333333333,0.37825216811207474,0.32821881254169444,0.1353333333333333,0.376,0.4
100,missing_features,lr,beta,window,W1200,post,3000,0.535,0.5629505662747086,0.9435162909813244,0.012536338745962066,0.008700254666094682,0.27713382507903056,0.08766666666666667,0.31633333333333336,0.4871623874624875,0.4514838279426476,0.22966666666666669,0.2714333333333333,0.4
100,missing_features,lr,beta,expanding,all,pre,1500,0.5986666666666667,0.5101500040692453,0.8672790868019938,0.01336365488962052,0.01325186282086736,0.2507204610951009,0.116,0.46266666666666667,0.3749166110740494,0.32821881254169444,0.124,0.37606666666666666,0.4
100,missing_features,lr,beta,expanding,all,post,3000,0.535,0.5627819603744139,0.9432431257877464,0.014728803478077394,0.02163987464978056,0.28873917228103946,0.1,0.3463333333333333,0.48449483161053686,0.4514838279426476,0.19566666666666666,0.2728666666666667,0.4
100,missing_features,lr,beta,decay,HL150,pre,1500,0.5986666666666667,0.5109381640018391,0.8704383046936831,0.008371009166246689,0.019717149396148735,0.2451708766716196,0.11,0.44866666666666666,0.3722481654436291,0.32821881254169444,0.10466666666666669,0.37693333333333334,0.4
100,missing_features,lr,beta,decay,HL150,post,3000,0.535,0.5641057148120426,0.9452168433499621,0.010858460727926967,0.016260101981011764,0.2768549280177187,0.08333333333333333,0.301,0.4858286095365122,0.4514838279426476,0.21899999999999997,0.27,0.4
100,missing_features,lr,beta,decay,HL400,pre,1500,0.5986666666666667,0.5105509916916615,0.8687933106820662,0.010703654343763025,0.022617864514380862,0.2503597122302158,0.116,0.4633333333333333,0.3762508338892595,0.32821881254169444,0.1333333333333333,0.37420000000000003,0.4
100,missing_features,lr,beta,decay,HL400,post,3000,0.535,0.563246229936194,0.9439275658716751,0.006740423444656413,0.012506670037391782,0.2764830508474576,0.087,0.31466666666666665,0.49083027675891966,0.4514838279426476,0.23033333333333328,0.2720666666666667,0.4
100,missing_features,lr,beta,decay,HL1000,pre,1500,0.5986666666666667,0.5103048376521744,0.8678113505662806,0.015397059092097327,0.021140872900378613,0.2514450867052023,0.116,0.4613333333333333,0.3749166110740494,0.32821881254169444,0.1373333333333333,0.376,0.4
100,missing_features,lr,beta,decay,HL1000,post,3000,0.535,0.5629832822566956,0.9435115515186764,0.009631919495895877,0.011435741330930256,0.281947261663286,0.09266666666666666,0.32866666666666666,0.486162054018006,0.4514838279426476,0.22766666666666668,0.27263333333333334,0.4
100,missing_features,lr,isotonic,static,,pre,1500,0.5986666666666667,0.5106262349377066,0.8686979474880839,0.01788140745332664,0.021980326544209658,0.2664941785252264,0.13733333333333334,0.5153333333333333,0.3408939292861908,0.32821881254169444,0.02533333333333332,0.38560000000000005,0.36000000000000004
100,missing_features,lr,isotonic,static,,post,3000,0.535,0.5644003375844225,0.9459310082466545,0.03266975656622381,0.032669756566223784,0.3094650205761317,0.12533333333333332,0.405,0.46082027342447485,0.4514838279426476,0.035666666666666624,0.27596666666666664,0.36000000000000004
100,missing_features,lr,isotonic,window,W300,pre,1500,0.5986666666666667,0.516229204587144,0.8798244775484939,0.021441013192589405,0.03425456721654656,0.2547584187408492,0.116,0.4553333333333333,0.34222815210140095,0.32821881254169444,0.03933333333333333,0.3835333333333333,0.36000000000000004
100,missing_features,lr,isotonic,window,W300,post,3000,0.535,0.5675428884182162,0.952708447725298,0.015380666271190961,0.0257534818758577,0.2953156822810591,0.09666666666666666,0.3273333333333333,0.46648882960987,0.4514838279426476,0.07833333333333337,0.27709999999999996,0.36000000000000004
100,missing_features,lr,isotonic,window,W600,pre,1500,0.5986666666666667,0.5152806264319814,0.8762938684763782,0.02720822821009531,0.037546641875519045,0.27548209366391185,0.13333333333333333,0.484,0.3442294863242161,0.32821881254169444,0.03533333333333333,0.3829333333333334,0.36000000000000004
100,missing_features,lr,isotonic,window,W600,post,3000,0.535,0.5660067621753596,0.9485297062217699,0.015446110184945428,0.019999244300128498,0.27948990435706694,0.08766666666666667,0.31366666666666665,0.4648216072024008,0.4514838279426476,0.07333333333333336,0.27623333333333333,0.36000000000000004
100,missing_features,lr,isotonic,window,W1200,pre,1500,0.5986666666666667,0.5137140936713828,0.8739791702521307,0.012464530454130603,0.021062314834515303,0.2609289617486339,0.12733333333333333,0.488,0.3402268178785857,0.32821881254169444,0.019333333333333313,0.38406666666666667,0.36000000000000004
100,missing_features,lr,isotonic,window,W1200,post,3000,0.535,0.5648271015668845,0.9461513048414811,0.008490349706637935,0.011098737995263034,0.2648456057007126,0.07433333333333333,0.2806666666666667,0.4641547182394131,0.4514838279426476,0.07766666666666666,0.27666666666666667,0.36000000000000004
100,missing_features,lr,isotonic,expanding,all,pre,1500,0.5986666666666667,0.5114345413535943,0.8696046716393123,0.018822549926149318,0.0262612895686359,0.24210526315789474,0.10733333333333334,0.44333333333333336,0.33755837224816543,0.32821881254169444,0.01533333333333331,0.38386666666666663,0.36000000000000004
100,missing_features,lr,isotonic,expanding,all,post,3000,0.535,0.5635938032098059,0.9446786294088615,0.015744928365688936,0.02046638735162496,0.2837301587301587,0.09533333333333334,0.336,0.4614871623874625,0.4514838279426476,0.03833333333333333,0.27616666666666667,0.36000000000000004
100,missing_features,lr,isotonic,decay,HL150,pre,1500,0.5986666666666667,0.5152522065832331,0.876049279004768,0.02186181038550502,0.025478143126123003,0.25149700598802394,0.112,0.44533333333333336,0.34489659773182124,0.32821881254169444,0.038000000000000034,0.38173333333333337,0.36000000000000004
100,missing_features,lr,isotonic,decay,HL150,post,3000,0.535,0.5667918229765917,0.9503084026178968,0.019067705675636083,0.02680227433522268,0.29430051813471503,0.09466666666666666,0.32166666666666666,0.4658219406468823,0.4514838279426476,0.07799999999999996,0.2754333333333333,0.36000000000000004
100,missing_features,lr,isotonic,decay,HL400,pre,1500,0.5986666666666667,0.5138589028105943,0.8735191094691069,0.01792034243107812,0.026025923912114474,0.26330532212885155,0.12533333333333332,0.476,0.3408939292861908,0.32821881254169444,0.02200000000000002,0.38360000000000005,0.36000000000000004
100,missing_features,lr,isotonic,decay,HL400,post,3000,0.535,0.5648212988947697,0.9462867750501737,0.011545384775746464,0.022026559129728816,0.29108485499462944,0.09033333333333333,0.31033333333333335,0.4648216072024008,0.4514838279426476,0.07133333333333336,0.2765666666666667,0.36000000000000004
100,missing_features,lr,isotonic,decay,HL1000,pre,1500,0.5986666666666667,0.5124250415556084,0.8713790415351965,0.017259408141568938,0.020887126914761495,0.2525697503671072,0.11466666666666667,0.454,0.3388925950633756,0.32821881254169444,0.01666666666666672,0.38386666666666663,0.36000000000000004
100,missing_features,lr,isotonic,decay,HL1000,post,3000,0.535,0.5642827010175603,0.9454119518370402,0.015906846872598156,0.014701022798892625,0.2962607861936721,0.103,0.3476666666666667,0.46348782927642546,0.4514838279426476,0.06366666666666665,0.2764666666666667,0.36000000000000004
100,missing_features,gbm,temperature,static,,pre,1500,0.5526666666666666,0.556560604550928,0.9352157823870133,0.013857651391597527,0.03137702366071849,0.27061310782241016,0.08533333333333333,0.31533333333333335,0.48699132755170116,0.4849899933288859,0.014000000000000012,0.30773333333333336,0.36000000000000004
100,missing_features,gbm,temperature,static,,post,3000,0.49,0.6049704299440336,1.0061715635474544,0.0381355332286787,0.03753276217494878,0.3401639344262295,0.083,0.244,0.5545181727242414,0.5505168389463154,0.020666666666666722,0.21213333333333337,0.36000000000000004
100,missing_features,gbm,temperature,window,W300,pre,1500,0.5526666666666666,0.5561966509993822,0.9352991851595661,0.011781938159441337,0.026323756022083714,0.2729124236252546,0.08933333333333333,0.3273333333333333,0.485657104736491,0.4849899933288859,0.016000000000000014,0.3054666666666667,0.36000000000000004
100,missing_features,gbm,temperature,window,W300,post,3000,0.49,0.6029739888232569,1.0035772766867803,0.016267735174931068,0.02206587332226332,0.2832618025751073,0.044,0.15533333333333332,0.5555185061687229,0.5505168389463154,0.030000000000000027,0.2101,0.36000000000000004
100,missing_features,gbm,temperature,window,W600,pre,1500,0.5526666666666666,0.5564990447006534,0.9359138520551048,0.011092737322138214,0.0218314443712554,0.2591792656587473,0.08,0.30866666666666664,0.485657104736491,0.4849899933288859,0.016000000000000014,0.30813333333333337,0.36000000000000004
100,missing_features,gbm,temperature,window,W600,post,3000,0.49,0.6031375788297912,1.003346157159051,0.011603482237317731,0.022248594829755886,0.2928870292887029,0.04666666666666667,0.15933333333333333,0.5558519506502168,0.5505168389463154,0.028666666666666618,0.209,0.36000000000000004
100,missing_features,gbm,temperature,window,W1200,pre,1500,0.5526666666666666,0.5579254895102694,0.9381714532269857,0.016077537872175796,0.03341708713667544,0.248868778280543,0.07333333333333333,0.2946666666666667,0.485657104736491,0.4849899933288859,0.016000000000000014,0.3094666666666667,0.36000000000000004
100,missing_features,gbm,temperature,window,W1200,post,3000,0.49,0.6035463032569486,1.0042860761934855,0.016495741365734822,0.022214645371114197,0.29545454545454547,0.052,0.176,0.5561853951317106,0.5505168389463154,0.027666666666666617,0.20910000000000004,0.36000000000000004
100,missing_features,gbm,temperature,expanding,all,pre,1500,0.5526666666666666,0.5566839805425203,0.9354875275672357,0.013405074019730094,0.028959718497318047,0.25617977528089886,0.076,0.2966666666666667,0.485657104736491,0.4849899933288859,0.01666666666666672,0.3088,0.36000000000000004
100,missing_features,gbm,temperature,expanding,all,post,3000,0.49,0.6037463393503989,1.004287614616397,0.028045650949763527,0.028136868866786787,0.31981279251170047,0.06833333333333333,0.21366666666666667,0.5555185061687229,0.5505168389463154,0.023666666666666614,0.211,0.36000000000000004
100,missing_features,gbm,temperature,decay,HL150,pre,1500,0.5526666666666666,0.5559904488603301,0.9346454013616855,0.00859613856481115,0.02136467627000555,0.2719836400817996,0.08866666666666667,0.326,0.485657104736491,0.4849899933288859,0.01666666666666672,0.3068,0.36000000000000004
100,missing_features,gbm,temperature,decay,HL150,post,3000,0.49,0.6028807063317412,1.0032851659648323,0.014641648054264485,0.022478612303977772,0.27155172413793105,0.042,0.15466666666666667,0.5565188396132044,0.5505168389463154,0.030333333333333323,0.20910000000000004,0.36000000000000004
100,missing_features,gbm,temperature,decay,HL400,pre,1500,0.5526666666666666,0.556340265157892,0.9352996657279403,0.016516831880549022,0.023593857174140878,0.25162689804772237,0.07733333333333334,0.30733333333333335,0.48632421614409604,0.4849899933288859,0.01533333333333331,0.30860000000000004,0.36000000000000004
100,missing_features,gbm,temperature,decay,HL400,post,3000,0.49,0.6030845499399073,1.0034851706454144,0.014276958933953325,0.023569054957318862,0.29051383399209485,0.049,0.16866666666666666,0.5555185061687229,0.5505168389463154,0.027000000000000024,0.20976666666666668,0.36000000000000004
100,missing_features,gbm,temperature,decay,HL1000,pre,1500,0.5526666666666666,0.5565825494921857,0.9354784810315129,0.01331765364077567,0.029064733461519797,0.2528216704288939,0.07466666666666667,0.29533333333333334,0.485657104736491,0.4849899933288859,0.01666666666666672,0.3088,0.36000000000000004
100,missing_features,gbm,temperature,decay,HL1000,post,3000,0.49,0.6033784006779137,1.003859417963791,0.02037006602103595,0.027356952688787562,0.30742049469964666,0.058,0.18866666666666668,0.5558519506502168,0.5505168389463154,0.026000000000000023,0.20943333333333336,0.36000000000000004
100,missing_features,gbm,beta,static,,pre,1500,0.5526666666666666,0.5777429089178536,1.0265364702710924,0.02224204700289182,0.03769359316582218,0.28199566160520606,0.08666666666666667,0.30733333333333335,0.48699132755170116,0.4849899933288859,0.058666666666666645,0.30646666666666667,0.42000000000000004
100,missing_features,gbm,beta,static,,post,3000,0.49,0.625152214438957,1.1011033033714712,0.0527709476797462,0.05275070327921699,0.3546666666666667,0.08866666666666667,0.25,0.5585195065021674,0.5505168389463154,0.08466666666666667,0.20866666666666667,0.42000000000000004
100,missing_features,gbm,beta,window,W300,pre,1500,0.5526666666666666,0.5796221934677318,1.0298389115497915,0.021535664811134992,0.036223441683976725,0.2930327868852459,0.09533333333333334,0.3253333333333333,0.48032021347565046,0.4849899933288859,0.06999999999999995,0.30720000000000003,0.42000000000000004
100,missing_features,gbm,beta,window,W300,post,3000,0.49,0.6268565255064849,1.099166451744249,0.025803167518266234,0.029139491237941028,0.31742738589211617,0.051,0.16066666666666668,0.5625208402800934,0.5505168389463154,0.1476666666666666,0.20396666666666668,0.42000000000000004
100,missing_features,gbm,beta,window,W600,pre,1500,0.5526666666666666,0.5785312285304787,1.02696970020958,0.01090586632485152,0.023692558127557117,0.2775330396475771,0.084,0.30266666666666664,0.4876584389593062,0.4849899933288859,0.07066666666666666,0.30460000000000004,0.42000000000000004
100,missing_features,gbm,beta,window,W600,post,3000,0.49,0.6263559710233332,1.098573130806467,0.02289201376594507,0.0232696827577565,0.3280943025540275,0.05566666666666667,0.16966666666666666,0.5595198399466489,0.5505168389463154,0.14900000000000002,0.20803333333333338,0.42000000000000004
100,missing_features,gbm,beta,window,W1200,pre,1500,0.5526666666666666,0.5796526326823187,1.0278028294732693,0.0074698993367876875,0.029808126589428795,0.2695035460992908,0.076,0.282,0.4896597731821214,0.4849899933288859,0.06599999999999995,0.30573333333333336,0.42000000000000004
100,missing_features,gbm,beta,window,W1200,post,3000,0.49,0.625778866330336,1.0988072402128424,0.02780803991828082,0.031858530720637226,0.3151183970856102,0.057666666666666665,0.183,0.5598532844281428,0.5505168389463154,0.1486666666666666,0.20833333333333334,0.42000000000000004
100,missing_features,gbm,beta,expanding,all,pre,1500,0.5526666666666666,0.5785502937341395,1.025693413000945,0.01978475046300539,0.03156090774477499,0.2803738317757009,0.08,0.2853333333333333,0.48899266177451634,0.4849899933288859,0.09533333333333338,0.30913333333333337,0.42000000000000004
100,missing_features,gbm,beta,expanding,all,post,3000,0.49,0.6248514597645924,1.0990257960332723,0.0380092259143764,0.03698869493549462,0.3424242424242424,0.07533333333333334,0.22,0.557519173057686,0.5505168389463154,0.137,0.21016666666666667,0.42000000000000004
100,missing_features,gbm,beta,decay,HL150,pre,1500,0.5526666666666666,0.5794046247408575,1.0284267154740983,0.016104499011499133,0.0232615527221638,0.2841880341880342,0.08866666666666667,0.312,0.48699132755170116,0.4849899933288859,0.07199999999999995,0.30993333333333334,0.42000000000000004
100,missing_features,gbm,beta,decay,HL150,post,3000,0.49,0.6259822746510662,1.0979481664063409,0.025445208645015503,0.02436595389638744,0.3178947368421053,0.050333333333333334,0.15833333333333333,0.5628542847615872,0.5505168389463154,0.14300000000000002,0.20643333333333333,0.42000000000000004
100,missing_features,gbm,beta,decay,HL400,pre,1500,0.5526666666666666,0.5786427419882998,1.026520590823458,0.01922129447006536,0.02519189207291327,0.273972602739726,0.08,0.292,0.4923282188125417,0.4849899933288859,0.07399999999999995,0.3072666666666667,0.42000000000000004
100,missing_features,gbm,beta,decay,HL400,post,3000,0.49,0.6254780356266697,1.0981006102679616,0.027087581630014585,0.02537980767690559,0.31835205992509363,0.056666666666666664,0.178,0.5611870623541181,0.5505168389463154,0.14833333333333332,0.20563333333333336,0.42000000000000004
100,missing_features,gbm,beta,decay,HL1000,pre,1500,0.5526666666666666,0.578753692766524,1.0260042655942316,0.013457494521379275,0.03410704797970357,0.26968973747016706,0.07533333333333334,0.2793333333333333,0.49299533022014674,0.4849899933288859,0.08599999999999997,0.30826666666666663,0.42000000000000004
100,missing_features,gbm,beta,decay,HL1000,post,3000,0.49,0.625196354505012,1.0986321192719166,0.03364738312399956,0.02944315649938396,0.3277591973244147,0.06533333333333333,0.19933333333333333,0.5585195065021674,0.5505168389463154,0.14200000000000002,0.209,0.42000000000000004
100,missing_features,gbm,isotonic,static,,pre,1500,0.5526666666666666,0.5782215173451241,1.0284182671069577,0.034915301164177126,0.03196635370545105,0.3143350604490501,0.12133333333333333,0.386,0.48899266177451634,0.4849899933288859,0.03400000000000003,0.3108666666666667,0.4
100,missing_features,gbm,isotonic,static,,post,3000,0.49,0.6262698807333558,1.1037939936522045,0.05584105876574919,0.05584105876574917,0.3669141039236479,0.11533333333333333,0.31433333333333335,0.5561853951317106,0.5505168389463154,0.042333333333333334,0.21133333333333335,0.4
100,missing_features,gbm,isotonic,window,W300,pre,1500,0.5526666666666666,0.5813062180989907,1.03780381784742,0.021520076870335837,0.03495330014608973,0.3059071729957806,0.09666666666666666,0.316,0.4883255503669113,0.4849899933288859,0.052000000000000046,0.312,0.4
100,missing_features,gbm,isotonic,window,W300,post,3000,0.49,0.6283754415133198,1.1030914624149202,0.027961164298518193,0.03404057210192399,0.3346228239845261,0.057666666666666665,0.17233333333333334,0.5568522840946982,0.5505168389463154,0.09466666666666668,0.20986666666666667,0.4
100,missing_features,gbm,isotonic,window,W600,pre,1500,0.5526666666666666,0.5780467350641201,1.0279808410899565,0.014345690641220217,0.04277315193270499,0.24863387978142076,0.06066666666666667,0.244,0.4876584389593062,0.4849899933288859,0.053333333333333344,0.31153333333333333,0.4
100,missing_features,gbm,isotonic,window,W600,post,3000,0.49,0.627309726880304,1.1004863597993924,0.027556508115349522,0.03599579451103037,0.3120879120879121,0.04733333333333333,0.15166666666666667,0.5581860620206736,0.5505168389463154,0.10499999999999998,0.21366666666666667,0.4
100,missing_features,gbm,isotonic,window,W1200,pre,1500,0.5526666666666666,0.5790283196096884,1.0285293941291747,0.024616157666725855,0.04626441121432883,0.2318840579710145,0.05333333333333334,0.23,0.4876584389593062,0.4849899933288859,0.04733333333333334,0.31046666666666667,0.4
100,missing_features,gbm,isotonic,window,W1200,post,3000,0.49,0.6259878872956804,1.0991846731970687,0.029506308871506477,0.0337478348800497,0.2853828306264501,0.041,0.14366666666666666,0.5578526175391797,0.5505168389463154,0.09933333333333338,0.21516666666666667,0.4
100,missing_features,gbm,isotonic,expanding,all,pre,1500,0.5526666666666666,0.5788912250413525,1.0268151427092636,0.0215968989619576,0.03172413631999314,0.28159645232815966,0.08466666666666667,0.3006666666666667,0.48899266177451634,0.4849899933288859,0.05266666666666664,0.31020000000000003,0.4
100,missing_features,gbm,isotonic,expanding,all,post,3000,0.49,0.625476948460091,1.1003709866136873,0.03769747506252679,0.03809258458719765,0.3187022900763359,0.05566666666666667,0.17466666666666666,0.555185061687229,0.5505168389463154,0.07499999999999996,0.2152,0.4
100,missing_features,gbm,isotonic,decay,HL150,pre,1500,0.5526666666666666,0.5804982426494327,1.0329437961240313,0.017949628103372185,0.026376505948973124,0.2860576923076923,0.07933333333333334,0.2773333333333333,0.48899266177451634,0.4849899933288859,0.050000000000000044,0.30893333333333334,0.4
100,missing_features,gbm,isotonic,decay,HL150,post,3000,0.49,0.6279997730570194,1.1012349438032862,0.027261254153571144,0.03261834146098745,0.3083511777301927,0.048,0.15566666666666668,0.559186395465155,0.5505168389463154,0.09533333333333338,0.21076666666666666,0.4
100,missing_features,gbm,isotonic,decay,HL400,pre,1500,0.5526666666666666,0.5784849906754828,1.0274762371957362,0.018698171495662306,0.03175611602288321,0.25139664804469275,0.06,0.23866666666666667,0.48899266177451634,0.4849899933288859,0.04800000000000004,0.30960000000000004,0.4
100,missing_features,gbm,isotonic,decay,HL400,post,3000,0.49,0.6259650034018399,1.0992650270918032,0.02788909058089491,0.03052154282881592,0.29723502304147464,0.043,0.14466666666666667,0.5571857285761921,0.5505168389463154,0.09899999999999998,0.2146,0.4
100,missing_features,gbm,isotonic,decay,HL1000,pre,1500,0.5526666666666666,0.5782921307582788,1.0262715773900775,0.01681089935257895,0.035506039001533464,0.24225352112676057,0.05733333333333333,0.23666666666666666,0.4896597731821214,0.4849899933288859,0.05066666666666664,0.31066666666666665,0.4
100,missing_features,gbm,isotonic,decay,HL1000,post,3000,0.49,0.6252844001639077,1.0991664915330384,0.031910064437197,0.03458145066880464,0.2918552036199095,0.043,0.14733333333333334,0.5558519506502168,0.5505168389463154,0.08633333333333337,0.21463333333333337,0.4
100,stale_features,lr,temperature,static,,pre,1500,0.5986666666666667,0.5100733410510757,0.8672640156107989,0.011037059681799296,0.015450454750142251,0.2410179640718563,0.10733333333333334,0.44533333333333336,0.3542361574382922,0.32821881254169444,0.06533333333333335,0.38466666666666666,0.38
100,stale_features,lr,temperature,static,,post,3000,0.454,0.6761607779629366,1.1555223356179483,0.13031684054846637,0.13031684054846637,0.47877358490566035,0.203,0.424,0.13771257085695232,0.1427142380793598,0.07299999999999995,0.12586666666666668,0.38
100,stale_features,lr,temperature,window,W300,pre,1500,0.5986666666666667,0.5112443032790619,0.870212743434739,0.011237860990157642,0.0166160387802361,0.24164133738601823,0.106,0.43866666666666665,0.35290193462308206,0.32821881254169444,0.06799999999999995,0.3811333333333334,0.38
100,stale_features,lr,temperature,window,W300,post,3000,0.454,0.6388649373297848,1.06091847069456,0.024124975111186477,0.02470579256950063,0.425531914893617,0.02666666666666667,0.06266666666666666,0.13437812604201402,0.1427142380793598,0.29233333333333333,0.12573333333333334,0.38
100,stale_features,lr,temperature,window,W600,pre,1500,0.5986666666666667,0.5101886246826829,0.8686844856195656,0.01663090266054698,0.028991091757957107,0.24274809160305344,0.106,0.43666666666666665,0.3542361574382922,0.32821881254169444,0.06999999999999995,0.38266666666666665,0.38
100,stale_features,lr,temperature,window,W600,post,3000,0.454,0.6383911330006307,1.0593156011339213,0.024713457088985064,0.025379253605224545,0.3891213389121339,0.031,0.07966666666666666,0.1373791263754585,0.1427142380793598,0.269,0.12676666666666667,0.38
100,stale_features,lr,temperature,window,W1200,pre,1500,0.5986666666666667,0.5110581373745282,0.8706511558964228,0.013556250491017593,0.01929536955458068,0.24404761904761904,0.10933333333333334,0.448,0.3542361574382922,0.32821881254169444,0.06799999999999995,0.3848666666666667,0.38
100,stale_features,lr,temperature,window,W1200,post,3000,0.454,0.6414682622734588,1.0656471228303772,0.02651110203935081,0.036257826491603105,0.3937677053824363,0.04633333333333333,0.11766666666666667,0.13237745915305102,0.1427142380793598,0.2406666666666667,0.12833333333333333,0.38
100,stale_features,lr,temperature,expanding,all,pre,1500,0.5986666666666667,0.5102362293707492,0.867458579476184,0.012431690466026313,0.017838925794684386,0.23889739663093415,0.104,0.43533333333333335,0.35957304869913276,0.32821881254169444,0.07199999999999995,0.3837333333333334,0.38
100,stale_features,lr,temperature,expanding,all,post,3000,0.454,0.658100104321691,1.105781495629344,0.09089825120000433,0.09089825120000432,0.4673684210526316,0.148,0.31666666666666665,0.13804601533844615,0.1427142380793598,0.10299999999999998,0.1271,0.38
100,stale_features,lr,temperature,decay,HL150,pre,1500,0.5986666666666667,0.5104066153407307,0.8682412489181551,0.0117883571162219,0.027526128535740782,0.23867069486404835,0.10533333333333333,0.44133333333333336,0.35290193462308206,0.32821881254169444,0.06599999999999995,0.384,0.38
100,stale_features,lr,temperature,decay,HL150,post,3000,0.454,0.6383250239918626,1.0594169171063659,0.020756887151210577,0.023718933747214576,0.41,0.027333333333333334,0.06666666666666667,0.13071023674558185,0.1427142380793598,0.28200000000000003,0.1267,0.38
100,stale_features,lr,temperature,decay,HL400,pre,1500,0.5986666666666667,0.5101744867133422,0.8682162822204808,0.013828533063484007,0.021760827369808923,0.23975720789074356,0.10533333333333333,0.43933333333333335,0.3535690460306871,0.32821881254169444,0.06799999999999995,0.38486666666666663,0.38
100,stale_features,lr,temperature,decay,HL400,post,3000,0.454,0.6396751797151208,1.0622832385005216,0.019898855008299104,0.0307657175491589,0.39090909090909093,0.043,0.11,0.13237745915305102,0.1427142380793598,0.2376666666666667,0.12723333333333334,0.38
100,stale_features,lr,temperature,decay,HL1000,pre,1500,0.5986666666666667,0.510188242424964,0.8678165645415822,0.01341964998423756,0.01734980250489538,0.2415902140672783,0.10533333333333333,0.436,0.35557038025350235,0.32821881254169444,0.07066666666666666,0.38333333333333336,0.38
100,stale_features,lr,temperature,decay,HL1000,post,3000,0.454,0.6443860682028572,1.0727612860262543,0.04119940970494413,0.05604636971701278,0.4458955223880597,0.07966666666666666,0.17866666666666667,0.1300433477825942,0.1427142380793598,0.18100000000000005,0.12683333333333333,0.38
100,stale_features,lr,beta,static,,pre,1500,0.5986666666666667,0.5104283509711466,0.8673129329158261,0.019528798673987602,0.018541849032158646,0.26287262872628725,0.12933333333333333,0.492,0.35957304869913276,0.32821881254169444,0.07133333333333336,0.3837333333333334,0.4
100,stale_features,lr,beta,static,,post,3000,0.454,0.6792289985380231,1.1562438148336474,0.1464816782290033,0.14648167822900335,0.48106591865357645,0.22866666666666666,0.47533333333333333,0.13704568189396465,0.1427142380793598,0.07499999999999996,0.12553333333333333,0.4
100,stale_features,lr,beta,window,W300,pre,1500,0.5986666666666667,0.5115369738393493,0.8723376674673936,0.009625827569148324,0.0368808850742553,0.24427480916030533,0.10666666666666667,0.43666666666666665,0.37158105403602404,0.32821881254169444,0.09933333333333338,0.3756,0.4
100,stale_features,lr,beta,window,W300,post,3000,0.454,0.6537670684227204,1.0993207854480527,0.018347970589961862,0.022772728817556948,0.43023255813953487,0.037,0.086,0.14671557185728576,0.1427142380793598,0.21366666666666667,0.1254,0.4
100,stale_features,lr,beta,window,W600,pre,1500,0.5986666666666667,0.5121822069575929,0.8715335835904018,0.015374806225739779,0.03117025314507156,0.2543352601156069,0.11733333333333333,0.4613333333333333,0.3749166110740494,0.32821881254169444,0.118,0.37233333333333335,0.4
100,stale_features,lr,beta,window,W600,post,3000,0.454,0.6534516410818318,1.098671271932768,0.01851994213342355,0.025333530162115238,0.4013840830449827,0.03866666666666667,0.09633333333333334,0.1417139046348783,0.1427142380793598,0.22599999999999998,0.12103333333333334,0.4
100,stale_features,lr,beta,window,W1200,pre,1500,0.5986666666666667,0.5108122869998406,0.8695540633537773,0.01534414241649127,0.01860973692318594,0.25142045454545453,0.118,0.4693333333333333,0.37825216811207474,0.32821881254169444,0.1353333333333333,0.376,0.4
100,stale_features,lr,beta,window,W1200,post,3000,0.454,0.6542965371822159,1.101654460335519,0.02874204345841629,0.03778934124532589,0.41909814323607425,0.05266666666666667,0.12566666666666668,0.13237745915305102,0.1427142380793598,0.2306666666666667,0.12403333333333334,0.4
100,stale_features,lr,beta,expanding,all,pre,1500,0.5986666666666667,0.5101500040692453,0.8672790868019938,0.01336365488962052,0.01325186282086736,0.2507204610951009,0.116,0.46266666666666667,0.3749166110740494,0.32821881254169444,0.124,0.37606666666666666,0.4
100,stale_features,lr,beta,expanding,all,post,3000,0.454,0.6644875800341504,1.1280323896004125,0.10369625087935617,0.10369625087935619,0.46496815286624205,0.17033333333333334,0.36633333333333334,0.13237745915305102,0.1427142380793598,0.15900000000000003,0.1269,0.4
100,stale_features,lr,beta,decay,HL150,pre,1500,0.5986666666666667,0.5109381640018391,0.8704383046936831,0.008371009166246689,0.019717149396148735,0.2451708766716196,0.11,0.44866666666666666,0.3722481654436291,0.32821881254169444,0.10466666666666669,0.37693333333333334,0.4
100,stale_features,lr,beta,decay,HL150,post,3000,0.454,0.6524098111150295,1.0973925197231145,0.02003528699567658,0.025398786419982625,0.4048582995951417,0.03333333333333333,0.08233333333333333,0.1437145715238413,0.1427142380793598,0.22566666666666668,0.1277666666666667,0.4
100,stale_features,lr,beta,decay,HL400,pre,1500,0.5986666666666667,0.5105509916916615,0.8687933106820662,0.010703654343763025,0.022617864514380862,0.2503597122302158,0.116,0.4633333333333333,0.3762508338892595,0.32821881254169444,0.1333333333333333,0.37420000000000003,0.4
100,stale_features,lr,beta,decay,HL400,post,3000,0.454,0.65254050771435,1.0992223144013116,0.026934027630928,0.035337907709812974,0.41005291005291006,0.051666666666666666,0.126,0.13371123707902635,0.1427142380793598,0.22699999999999998,0.125,0.4
100,stale_features,lr,beta,decay,HL1000,pre,1500,0.5986666666666667,0.5103048376521744,0.8678113505662806,0.015397059092097327,0.021140872900378613,0.2514450867052023,0.116,0.4613333333333333,0.3749166110740494,0.32821881254169444,0.1373333333333333,0.376,0.4
100,stale_features,lr,beta,decay,HL1000,post,3000,0.454,0.6546773542949592,1.1062676630007842,0.056008509724315605,0.05663925938064397,0.4538690476190476,0.10166666666666667,0.224,0.12704234744914972,0.1427142380793598,0.21766666666666667,0.12586666666666668,0.4
100,stale_features,lr,isotonic,static,,pre,1500,0.5986666666666667,0.5106262349377066,0.8686979474880839,0.01788140745332664,0.021980326544209658,0.2664941785252264,0.13733333333333334,0.5153333333333333,0.3408939292861908,0.32821881254169444,0.02533333333333332,0.38560000000000005,0.36000000000000004
100,stale_features,lr,isotonic,static,,post,3000,0.454,0.681121000054531,1.1630242346901563,0.14755503517019958,0.1516634065719642,0.48593852190974496,0.24766666666666667,0.5096666666666667,0.14571523841280426,0.1427142380793598,0.02733333333333332,0.1245,0.36000000000000004
100,stale_features,lr,isotonic,window,W300,pre,1500,0.5986666666666667,0.516229204587144,0.8798244775484939,0.021441013192589405,0.03425456721654656,0.2547584187408492,0.116,0.4553333333333333,0.34222815210140095,0.32821881254169444,0.03933333333333333,0.3835333333333333,0.36000000000000004
100,stale_features,lr,isotonic,window,W300,post,3000,0.454,0.6554791055703769,1.1133099964357094,0.029802926193283855,0.04274013053987355,0.403125,0.043,0.10666666666666667,0.1503834611537179,0.1427142380793598,0.08299999999999996,0.12536666666666668,0.36000000000000004
100,stale_features,lr,isotonic,window,W600,pre,1500,0.5986666666666667,0.5152806264319814,0.8762938684763782,0.02720822821009531,0.037546641875519045,0.27548209366391185,0.13333333333333333,0.484,0.3442294863242161,0.32821881254169444,0.03533333333333333,0.3829333333333334,0.36000000000000004
100,stale_features,lr,isotonic,window,W600,post,3000,0.454,0.6547002925241343,1.109313314844034,0.028583173800221094,0.03786698557532689,0.39644970414201186,0.04466666666666667,0.11266666666666666,0.14838279426475492,0.1427142380793598,0.06866666666666665,0.1282,0.36000000000000004
100,stale_features,lr,isotonic,window,W1200,pre,1500,0.5986666666666667,0.5137140936713828,0.8739791702521307,0.012464530454130603,0.021062314834515303,0.2609289617486339,0.12733333333333333,0.488,0.3402268178785857,0.32821881254169444,0.019333333333333313,0.38406666666666667,0.36000000000000004
100,stale_features,lr,isotonic,window,W1200,post,3000,0.454,0.6552033287275721,1.106828826906167,0.03574762382512941,0.0460778215049763,0.40897097625329815,0.051666666666666666,0.12633333333333333,0.14238079359786596,0.1427142380793598,0.07566666666666666,0.12596666666666667,0.36000000000000004
100,stale_features,lr,isotonic,expanding,all,pre,1500,0.5986666666666667,0.5114345413535943,0.8696046716393123,0.018822549926149318,0.0262612895686359,0.24210526315789474,0.10733333333333334,0.44333333333333336,0.33755837224816543,0.32821881254169444,0.01533333333333331,0.38386666666666663,0.36000000000000004
100,stale_features,lr,isotonic,expanding,all,post,3000,0.454,0.6656543557411512,1.1312009298797474,0.10470576767860729,0.10470576767860731,0.47386461011139674,0.18433333333333332,0.389,0.14438146048682896,0.1427142380793598,0.02200000000000002,0.12563333333333335,0.36000000000000004
100,stale_features,lr,isotonic,decay,HL150,pre,1500,0.5986666666666667,0.5152522065832331,0.876049279004768,0.02186181038550502,0.025478143126123003,0.25149700598802394,0.112,0.44533333333333336,0.34489659773182124,0.32821881254169444,0.038000000000000034,0.38173333333333337,0.36000000000000004
100,stale_features,lr,isotonic,decay,HL150,post,3000,0.454,0.6537955565164901,1.1059254379744992,0.02794686386256761,0.046911329441069606,0.4069767441860465,0.04666666666666667,0.11466666666666667,0.14671557185728576,0.1427142380793598,0.07666666666666666,0.12676666666666667,0.36000000000000004
100,stale_features,lr,isotonic,decay,HL400,pre,1500,0.5986666666666667,0.5138589028105943,0.8735191094691069,0.01792034243107812,0.026025923912114474,0.26330532212885155,0.12533333333333332,0.476,0.3408939292861908,0.32821881254169444,0.02200000000000002,0.38360000000000005,0.36000000000000004
100,stale_features,lr,isotonic,decay,HL400,post,3000,0.454,0.6536896076629228,1.1033552942604146,0.034760844694444994,0.041053989986886995,0.4223744292237443,0.06166666666666667,0.146,0.1450483494498166,0.1427142380793598,0.06566666666666665,0.1269,0.36000000000000004
100,stale_features,lr,isotonic,decay,HL1000,pre,1500,0.5986666666666667,0.5124250415556084,0.8713790415351965,0.017259408141568938,0.020887126914761495,0.2525697503671072,0.11466666666666667,0.454,0.3388925950633756,0.32821881254169444,0.01666666666666672,0.38386666666666663,0.36000000000000004
100,stale_features,lr,isotonic,decay,HL1000,post,3000,0.454,0.6563280574200167,1.1098970077417745,0.059805754525950015,0.06200269690493266,0.4614121510673235,0.09366666666666666,0.203,0.14304768256085362,0.1427142380793598,0.06999999999999995,0.12766666666666668,0.36000000000000004
100,stale_features,gbm,temperature,static,,pre,1500,0.5526666666666666,0.556560604550928,0.9352157823870133,0.013857651391597527,0.03137702366071849,0.27061310782241016,0.08533333333333333,0.31533333333333335,0.48699132755170116,0.4849899933288859,0.014000000000000012,0.30773333333333336,0.36000000000000004
100,stale_features,gbm,temperature,static,,post,3000,0.422,0.676482310108308,1.1291694893847526,0.11905344474412896,0.11905344474412893,0.47306791569086654,0.13466666666666666,0.2846666666666667,0.3367789263087696,0.3391130376792264,0.015666666666666718,0.09570000000000001,0.36000000000000004
100,stale_features,gbm,temperature,window,W300,pre,1500,0.5526666666666666,0.5561966509993822,0.9352991851595661,0.011781938159441337,0.026323756022083714,0.2729124236252546,0.08933333333333333,0.3273333333333333,0.485657104736491,0.4849899933288859,0.016000000000000014,0.3054666666666667,0.36000000000000004
100,stale_features,gbm,temperature,window,W300,post,3000,0.422,0.649311739110511,1.0744386966090314,0.01335307863900165,0.024080096768790152,0.4305555555555556,0.010333333333333333,0.024,0.3494498166055352,0.3391130376792264,0.1213333333333333,0.09856666666666668,0.36000000000000004
100,stale_features,gbm,temperature,window,W600,pre,1500,0.5526666666666666,0.5564990447006534,0.9359138520551048,0.011092737322138214,0.0218314443712554,0.2591792656587473,0.08,0.30866666666666664,0.485657104736491,0.4849899933288859,0.016000000000000014,0.30813333333333337,0.36000000000000004
100,stale_features,gbm,temperature,window,W600,post,3000,0.422,0.6488553802358829,1.0743783199610561,0.00842627662258209,0.016901621966894226,0.4247787610619469,0.016,0.03766666666666667,0.3541180393464488,0.3391130376792264,0.11099999999999999,0.09723333333333332,0.36000000000000004
100,stale_features,gbm,temperature,window,W1200,pre,1500,0.5526666666666666,0.5579254895102694,0.9381714532269857,0.016077537872175796,0.03341708713667544,0.248868778280543,0.07333333333333333,0.2946666666666667,0.485657104736491,0.4849899933288859,0.016000000000000014,0.3094666666666667,0.36000000000000004
100,stale_features,gbm,temperature,window,W1200,post,3000,0.422,0.6517704325949861,1.0798625391684633,0.022846185125814832,0.028389426001661708,0.47,0.03133333333333333,0.06666666666666667,0.3494498166055352,0.3391130376792264,0.09633333333333338,0.10066666666666667,0.36000000000000004
100,stale_features,gbm,temperature,expanding,all,pre,1500,0.5526666666666666,0.5566839805425203,0.9354875275672357,0.013405074019730094,0.028959718497318047,0.25617977528089886,0.076,0.2966666666666667,0.485657104736491,0.4849899933288859,0.01666666666666672,0.3088,0.36000000000000004
100,stale_features,gbm,temperature,expanding,all,post,3000,0.422,0.6633682120741262,1.101852889168256,0.08674346476600263,0.0865792311697813,0.47474747474747475,0.094,0.198,0.3387795931977326,0.3391130376792264,0.02400000000000002,0.0951,0.36000000000000004
100,stale_features,gbm,temperature,decay,HL150,pre,1500,0.5526666666666666,0.5559904488603301,0.9346454013616855,0.00859613856481115,0.02136467627000555,0.2719836400817996,0.08866666666666667,0.326,0.485657104736491,0.4849899933288859,0.01666666666666672,0.3068,0.36000000000000004
100,stale_features,gbm,temperature,decay,HL150,post,3000,0.422,0.6486555198544943,1.073630251185462,0.004499187781356098,0.0174234326967554,0.3953488372093023,0.011333333333333334,0.028666666666666667,0.353784594864955,0.3391130376792264,0.1136666666666667,0.09973333333333333,0.36000000000000004
100,stale_features,gbm,temperature,decay,HL400,pre,1500,0.5526666666666666,0.556340265157892,0.9352996657279403,0.016516831880549022,0.023593857174140878,0.25162689804772237,0.07733333333333334,0.30733333333333335,0.48632421614409604,0.4849899933288859,0.01533333333333331,0.30860000000000004,0.36000000000000004
100,stale_features,gbm,temperature,decay,HL400,post,3000,0.422,0.6500866304777824,1.0765221678563577,0.02035221937137129,0.026767968030309584,0.44785276073619634,0.024333333333333332,0.05433333333333333,0.35245081693897967,0.3391130376792264,0.08666666666666667,0.09903333333333333,0.36000000000000004
100,stale_features,gbm,temperature,decay,HL1000,pre,1500,0.5526666666666666,0.5565825494921857,0.9354784810315129,0.01331765364077567,0.029064733461519797,0.2528216704288939,0.07466666666666667,0.29533333333333334,0.485657104736491,0.4849899933288859,0.01666666666666672,0.3088,0.36000000000000004
100,stale_features,gbm,temperature,decay,HL1000,post,3000,0.422,0.6538135049153292,1.0834555660559688,0.04668691838489144,0.046573855132341996,0.4444444444444444,0.044,0.099,0.34678226075358454,0.3391130376792264,0.05400000000000005,0.09626666666666667,0.36000000000000004
100,stale_features,gbm,beta,static,,pre,1500,0.5526666666666666,0.5777429089178536,1.0265364702710924,0.02224204700289182,0.03769359316582218,0.28199566160520606,0.08666666666666667,0.30733333333333335,0.48699132755170116,0.4849899933288859,0.058666666666666645,0.30646666666666667,0.42000000000000004
100,stale_features,gbm,beta,static,,post,3000,0.422,0.707545557984244,1.3496130858225155,0.13133113845314986,0.13133113845314992,0.48214285714285715,0.135,0.28,0.35245081693897967,0.3391130376792264,0.07399999999999995,0.09643333333333334,0.42000000000000004
100,stale_features,gbm,beta,window,W300,pre,1500,0.5526666666666666,0.5796221934677318,1.0298389115497915,0.021535664811134992,0.036223441683976725,0.2930327868852459,0.09533333333333334,0.3253333333333333,0.48032021347565046,0.4849899933288859,0.06999999999999995,0.30720000000000003,0.42000000000000004
100,stale_features,gbm,beta,window,W300,post,3000,0.422,0.6977017114561662,1.3159446380794644,0.048546255005186244,0.048546255005186306,0.4296875,0.018333333333333333,0.042666666666666665,0.3691230410136712,0.3391130376792264,0.19566666666666666,0.09263333333333333,0.42000000000000004
100,stale_features,gbm,beta,window,W600,pre,1500,0.5526666666666666,0.5785312285304787,1.02696970020958,0.01090586632485152,0.023692558127557117,0.2775330396475771,0.084,0.30266666666666664,0.4876584389593062,0.4849899933288859,0.07066666666666666,0.30460000000000004,0.42000000000000004
100,stale_features,gbm,beta,window,W600,post,3000,0.422,0.6956840172304931,1.3139386276306362,0.05299203032667686,0.052945911631735273,0.43575418994413406,0.026,0.059666666666666666,0.3654551517172391,0.3391130376792264,0.19666666666666666,0.0963,0.42000000000000004
100,stale_features,gbm,beta,window,W1200,pre,1500,0.5526666666666666,0.5796526326823187,1.0278028294732693,0.0074698993367876875,0.029808126589428795,0.2695035460992908,0.076,0.282,0.4896597731821214,0.4849899933288859,0.06599999999999995,0.30573333333333336,0.42000000000000004
100,stale_features,gbm,beta,window,W1200,post,3000,0.422,0.6969795869724109,1.3171418155541559,0.06171965930073656,0.06171965930073656,0.45454545454545453,0.03666666666666667,0.08066666666666666,0.3571190396798933,0.3391130376792264,0.18266666666666664,0.09720000000000001,0.42000000000000004
100,stale_features,gbm,beta,expanding,all,pre,1500,0.5526666666666666,0.5785502937341395,1.025693413000945,0.01978475046300539,0.03156090774477499,0.2803738317757009,0.08,0.2853333333333333,0.48899266177451634,0.4849899933288859,0.09533333333333338,0.30913333333333337,0.42000000000000004
100,stale_features,gbm,beta,expanding,all,post,3000,0.422,0.7003220445021783,1.3322094451732696,0.10284867474376501,0.10284867474376498,0.4675324675324675,0.096,0.20533333333333334,0.351783927975992,0.3391130376792264,0.1273333333333333,0.09809999999999998,0.42000000000000004
100,stale_features,gbm,beta,decay,HL150,pre,1500,0.5526666666666666,0.5794046247408575,1.0284267154740983,0.016104499011499133,0.0232615527221638,0.2841880341880342,0.08866666666666667,0.312,0.48699132755170116,0.4849899933288859,0.07199999999999995,0.30993333333333334,0.42000000000000004
100,stale_features,gbm,beta,decay,HL150,post,3000,0.422,0.6971161123384212,1.315371984680513,0.05014024126713627,0.0501402412671363,0.45394736842105265,0.023,0.050666666666666665,0.3677892630876959,0.3391130376792264,0.19966666666666666,0.09123333333333333,0.42000000000000004
100,stale_features,gbm,beta,decay,HL400,pre,1500,0.5526666666666666,0.5786427419882998,1.026520590823458,0.01922129447006536,0.02519189207291327,0.273972602739726,0.08,0.292,0.4923282188125417,0.4849899933288859,0.07399999999999995,0.3072666666666667,0.42000000000000004
100,stale_features,gbm,beta,decay,HL400,post,3000,0.422,0.6961465092350421,1.315571884106342,0.059154761041178686,0.0590485886762411,0.44495412844036697,0.03233333333333333,0.07266666666666667,0.3564521507169056,0.3391130376792264,0.17966666666666664,0.09670000000000001,0.42000000000000004
100,stale_features,gbm,beta,decay,HL1000,pre,1500,0.5526666666666666,0.578753692766524,1.0260042655942316,0.013457494521379275,0.03410704797970357,0.26968973747016706,0.07533333333333334,0.2793333333333333,0.49299533022014674,0.4849899933288859,0.08599999999999997,0.30826666666666663,0.42000000000000004
100,stale_features,gbm,beta,decay,HL1000,post,3000,0.422,0.6969348995888786,1.3201762716052736,0.07550571205804409,0.07550571205804413,0.4309859154929577,0.051,0.11833333333333333,0.3547849283094365,0.3391130376792264,0.15333333333333332,0.0976,0.42000000000000004
100,stale_features,gbm,isotonic,static,,pre,1500,0.5526666666666666,0.5782215173451241,1.0284182671069577,0.034915301164177126,0.03196635370545105,0.3143350604490501,0.12133333333333333,0.386,0.48899266177451634,0.4849899933288859,0.03400000000000003,0.3108666666666667,0.4
100,stale_features,gbm,isotonic,static,,post,3000,0.422,0.7089846463011726,1.355195094562695,0.13535544340909314,0.1353554434090931,0.49343339587242024,0.17533333333333334,0.35533333333333333,0.35011670556852287,0.3391130376792264,0.04066666666666663,0.09496666666666667,0.4
100,stale_features,gbm,isotonic,window,W300,pre,1500,0.5526666666666666,0.5813062180989907,1.03780381784742,0.021520076870335837,0.03495330014608973,0.3059071729957806,0.09666666666666666,0.316,0.4883255503669113,0.4849899933288859,0.052000000000000046,0.312,0.4
100,stale_features,gbm,isotonic,window,W300,post,3000,0.422,0.6968609003520175,1.3191759318052119,0.05857384868055051,0.05857384868055052,0.44144144144144143,0.03266666666666666,0.074,0.3671223741247082,0.3391130376792264,0.123,0.09433333333333334,0.4
100,stale_features,gbm,isotonic,window,W600,pre,1500,0.5526666666666666,0.5780467350641201,1.0279808410899565,0.014345690641220217,0.04277315193270499,0.24863387978142076,0.06066666666666667,0.244,0.4876584389593062,0.4849899933288859,0.053333333333333344,0.31153333333333333,0.4
100,stale_features,gbm,isotonic,window,W600,post,3000,0.422,0.6961823870636515,1.3175407892110227,0.0607560968505047,0.06075609685050471,0.424390243902439,0.029,0.06833333333333333,0.3627875958652884,0.3391130376792264,0.1253333333333333,0.09736666666666667,0.4
100,stale_features,gbm,isotonic,window,W1200,pre,1500,0.5526666666666666,0.5790283196096884,1.0285293941291747,0.024616157666725855,0.04626441121432883,0.2318840579710145,0.05333333333333334,0.23,0.4876584389593062,0.4849899933288859,0.04733333333333334,0.31046666666666667,0.4
100,stale_features,gbm,isotonic,window,W1200,post,3000,0.422,0.6987002564432256,1.3232014413167033,0.06743867025781569,0.06743867025781572,0.43162393162393164,0.033666666666666664,0.078,0.3614538179393131,0.3391130376792264,0.1176666666666667,0.09856666666666668,0.4
100,stale_features,gbm,isotonic,expanding,all,pre,1500,0.5526666666666666,0.5788912250413525,1.0268151427092636,0.0215968989619576,0.03172413631999314,0.28159645232815966,0.08466666666666667,0.3006666666666667,0.48899266177451634,0.4849899933288859,0.05266666666666664,0.31020000000000003,0.4
100,stale_features,gbm,isotonic,expanding,all,post,3000,0.422,0.7016161399548662,1.335155089161868,0.10441291955583032,0.1044129195558303,0.46534653465346537,0.094,0.202,0.3547849283094365,0.3391130376792264,0.06433333333333335,0.09883333333333333,0.4
100,stale_features,gbm,isotonic,decay,HL150,pre,1500,0.5526666666666666,0.5804982426494327,1.0329437961240313,0.017949628103372185,0.026376505948973124,0.2860576923076923,0.07933333333333334,0.2773333333333333,0.48899266177451634,0.4849899933288859,0.050000000000000044,0.30893333333333334,0.4
100,stale_features,gbm,isotonic,decay,HL150,post,3000,0.422,0.6977932976691493,1.321356380891602,0.05936221309125192,0.05936221309125192,0.43805309734513276,0.033,0.07533333333333334,0.36645548516172055,0.3391130376792264,0.1256666666666667,0.09626666666666667,0.4
100,stale_features,gbm,isotonic,decay,HL400,pre,1500,0.5526666666666666,0.5784849906754828,1.0274762371957362,0.018698171495662306,0.03175611602288321,0.25139664804469275,0.06,0.23866666666666667,0.48899266177451634,0.4849899933288859,0.04800000000000004,0.30960000000000004,0.4
100,stale_features,gbm,isotonic,decay,HL400,post,3000,0.422,0.6973479780038454,1.3197446653386318,0.06499108142706964,0.0649910814270696,0.4279835390946502,0.034666666666666665,0.081,0.36178726242080694,0.3391130376792264,0.11633333333333329,0.0978,0.4
100,stale_features,gbm,isotonic,decay,HL1000,pre,1500,0.5526666666666666,0.5782921307582788,1.0262715773900775,0.01681089935257895,0.035506039001533464,0.24225352112676057,0.05733333333333333,0.23666666666666666,0.4896597731821214,0.4849899933288859,0.05066666666666664,0.31066666666666665,0.4
100,stale_features,gbm,isotonic,decay,HL1000,post,3000,0.422,0.6982586016161068,1.3235641956042334,0.07899002549423777,0.07899002549423777,0.4498567335243553,0.052333333333333336,0.11633333333333333,0.35511837279093034,0.3391130376792264,0.09933333333333338,0.09816666666666667,0.4
100,venue_change,lr,temperature,static,,pre,1500,0.5986666666666667,0.5100733410510757,0.8672640156107989,0.011037059681799296,0.015450454750142251,0.2410179640718563,0.10733333333333334,0.44533333333333336,0.3542361574382922,0.32821881254169444,0.06533333333333335,0.38466666666666666,0.38
100,venue_change,lr,temperature,static,,post,3000,0.533,0.5723268620540861,0.96214037659639,0.04919267115462274,0.04925854112386445,0.3333333333333333,0.14,0.42,0.4514838279426476,0.4274758252750917,0.08866666666666667,0.27396666666666664,0.38
100,venue_change,lr,temperature,window,W300,pre,1500,0.5986666666666667,0.5112443032790619,0.870212743434739,0.011237860990157642,0.0166160387802361,0.24164133738601823,0.106,0.43866666666666665,0.35290193462308206,0.32821881254169444,0.06799999999999995,0.3811333333333334,0.38
100,venue_change,lr,temperature,window,W300,post,3000,0.533,0.5684866220049158,0.9521318539089768,0.012847865423356093,0.012840995223619594,0.28402366863905326,0.08,0.2816666666666667,0.46115371790596865,0.4274758252750917,0.14900000000000002,0.2725666666666667,0.38
100,venue_change,lr,temperature,window,W600,pre,1500,0.5986666666666667,0.5101886246826829,0.8686844856195656,0.01663090266054698,0.028991091757957107,0.24274809160305344,0.106,0.43666666666666665,0.3542361574382922,0.32821881254169444,0.06999999999999995,0.38266666666666665,0.38
100,venue_change,lr,temperature,window,W600,post,3000,0.533,0.5674096692357338,0.9508946407189465,0.013592863060276282,0.022128922447089642,0.27390791027154665,0.07733333333333334,0.2823333333333333,0.46315438479493165,0.4274758252750917,0.14533333333333331,0.27213333333333334,0.38
100,venue_change,lr,temperature,window,W1200,pre,1500,0.5986666666666667,0.5110581373745282,0.8706511558964228,0.013556250491017593,0.01929536955458068,0.24404761904761904,0.10933333333333334,0.448,0.3542361574382922,0.32821881254169444,0.06799999999999995,0.3848666666666667,0.38
100,venue_change,lr,temperature,window,W1200,post,3000,0.533,0.5682894023148416,0.9528940115371705,0.006260364510474246,0.018006555118968808,0.28156424581005585,0.084,0.29833333333333334,0.460486828942981,0.4274758252750917,0.1383333333333333,0.2746,0.38
100,venue_change,lr,temperature,expanding,all,pre,1500,0.5986666666666667,0.5102362293707492,0.867458579476184,0.012431690466026313,0.017838925794684386,0.23889739663093415,0.104,0.43533333333333335,0.35957304869913276,0.32821881254169444,0.07199999999999995,0.3837333333333334,0.38
100,venue_change,lr,temperature,expanding,all,post,3000,0.533,0.5699539097021291,0.9565640420452098,0.030936289516868967,0.03290605750042325,0.3121131741821397,0.11766666666666667,0.377,0.45681893964654885,0.4274758252750917,0.10466666666666669,0.27530000000000004,0.38
100,venue_change,lr,temperature,decay,HL150,pre,1500,0.5986666666666667,0.5104066153407307,0.8682412489181551,0.0117883571162219,0.027526128535740782,0.23867069486404835,0.10533333333333333,0.44133333333333336,0.35290193462308206,0.32821881254169444,0.06599999999999995,0.384,0.38
100,venue_change,lr,temperature,decay,HL150,post,3000,0.533,0.5676752906179717,0.9509186206315688,0.014300735008520313,0.019718100588202052,0.28162291169451076,0.07866666666666666,0.2793333333333333,0.46348782927642546,0.4274758252750917,0.14466666666666672,0.2715,0.38
100,venue_change,lr,temperature,decay,HL400,pre,1500,0.5986666666666667,0.5101744867133422,0.8682162822204808,0.013828533063484007,0.021760827369808923,0.23975720789074356,0.10533333333333333,0.43933333333333335,0.3535690460306871,0.32821881254169444,0.06799999999999995,0.38486666666666663,0.38
100,venue_change,lr,temperature,decay,HL400,post,3000,0.533,0.567904709720231,0.9517757838934322,0.009117601707387317,0.023071853225140406,0.2806236080178174,0.084,0.29933333333333334,0.460486828942981,0.4274758252750917,0.1383333333333333,0.2729666666666667,0.38
100,venue_change,lr,temperature,decay,HL1000,pre,1500,0.5986666666666667,0.510188242424964,0.8678165645415822,0.01341964998423756,0.01734980250489538,0.2415902140672783,0.10533333333333333,0.436,0.35557038025350235,0.32821881254169444,0.07066666666666666,0.38333333333333336,0.38
100,venue_change,lr,temperature,decay,HL1000,post,3000,0.533,0.568729086647595,0.9536434326117327,0.011000962844675884,0.02409610386041839,0.29035532994923857,0.09533333333333334,0.3283333333333333,0.46115371790596865,0.4274758252750917,0.1246666666666667,0.2748666666666667,0.38
100,venue_change,lr,beta,static,,pre,1500,0.5986666666666667,0.5104283509711466,0.8673129329158261,0.019528798673987602,0.018541849032158646,0.26287262872628725,0.12933333333333333,0.492,0.35957304869913276,0.32821881254169444,0.07133333333333336,0.3837333333333334,0.4
100,venue_change,lr,beta,static,,post,3000,0.533,0.5746772852115003,0.9644962303316499,0.06475712433872496,0.06475712433872491,0.3438395415472779,0.16,0.4653333333333333,0.4534844948316105,0.4274758252750917,0.09366666666666668,0.2754666666666667,0.4
100,venue_change,lr,beta,window,W300,pre,1500,0.5986666666666667,0.5115369738393493,0.8723376674673936,0.009625827569148324,0.0368808850742553,0.24427480916030533,0.10666666666666667,0.43666666666666665,0.37158105403602404,0.32821881254169444,0.09933333333333338,0.3756,0.4
100,venue_change,lr,beta,window,W300,post,3000,0.533,0.5721188636296866,0.9586070329656761,0.009712127749655287,0.02101851229976839,0.2963362068965517,0.09166666666666666,0.30933333333333335,0.46982327442480826,0.4274758252750917,0.19233333333333336,0.26420000000000005,0.4
100,venue_change,lr,beta,window,W600,pre,1500,0.5986666666666667,0.5121822069575929,0.8715335835904018,0.015374806225739779,0.03117025314507156,0.2543352601156069,0.11733333333333333,0.4613333333333333,0.3749166110740494,0.32821881254169444,0.118,0.37233333333333335,0.4
100,venue_change,lr,beta,window,W600,post,3000,0.533,0.5711096723783766,0.9581663442892365,0.009966283926802783,0.022201210715555243,0.29354838709677417,0.091,0.31,0.4711570523507836,0.4274758252750917,0.20966666666666667,0.2643333333333333,0.4
100,venue_change,lr,beta,window,W1200,pre,1500,0.5986666666666667,0.5108122869998406,0.8695540633537773,0.01534414241649127,0.01860973692318594,0.25142045454545453,0.118,0.4693333333333333,0.37825216811207474,0.32821881254169444,0.1353333333333333,0.376,0.4
100,venue_change,lr,beta,window,W1200,post,3000,0.533,0.5703066027705644,0.9565588276069007,0.016765502760563954,0.013243391677702795,0.3029989658738366,0.09766666666666667,0.32233333333333336,0.47415805268422806,0.4274758252750917,0.22266666666666668,0.26653333333333334,0.4
100,venue_change,lr,beta,expanding,all,pre,1500,0.5986666666666667,0.5101500040692453,0.8672790868019938,0.01336365488962052,0.01325186282086736,0.2507204610951009,0.116,0.46266666666666667,0.3749166110740494,0.32821881254169444,0.124,0.37606666666666666,0.4
100,venue_change,lr,beta,expanding,all,post,3000,0.533,0.5713850910312748,0.9595513384827467,0.03959615110636045,0.04041250516284615,0.33088834555827223,0.13533333333333333,0.409,0.4658219406468823,0.4274758252750917,0.16400000000000003,0.2707666666666667,0.4
100,venue_change,lr,beta,decay,HL150,pre,1500,0.5986666666666667,0.5109381640018391,0.8704383046936831,0.008371009166246689,0.019717149396148735,0.2451708766716196,0.11,0.44866666666666666,0.3722481654436291,0.32821881254169444,0.10466666666666669,0.37693333333333334,0.4
100,venue_change,lr,beta,decay,HL150,post,3000,0.533,0.5706908260202518,0.9569792469536607,0.009823769749740394,0.017086074277281926,0.28982300884955753,0.08733333333333333,0.30133333333333334,0.4641547182394131,0.4274758252750917,0.19399999999999995,0.26930000000000004,0.4
100,venue_change,lr,beta,decay,HL400,pre,1500,0.5986666666666667,0.5105509916916615,0.8687933106820662,0.010703654343763025,0.022617864514380862,0.2503597122302158,0.116,0.4633333333333333,0.3762508338892595,0.32821881254169444,0.1333333333333333,0.37420000000000003,0.4
100,venue_change,lr,beta,decay,HL400,post,3000,0.533,0.570162703070481,0.956485235363141,0.008975916622494907,0.01760866144110651,0.2975206611570248,0.096,0.32266666666666666,0.47615871957319106,0.4274758252750917,0.20866666666666667,0.2684,0.4
100,venue_change,lr,beta,decay,HL1000,pre,1500,0.5986666666666667,0.5103048376521744,0.8678113505662806,0.015397059092097327,0.021140872900378613,0.2514450867052023,0.116,0.4613333333333333,0.3749166110740494,0.32821881254169444,0.1373333333333333,0.376,0.4
100,venue_change,lr,beta,decay,HL1000,post,3000,0.533,0.5704261262774895,0.9573740685689884,0.018954585364669554,0.026418799678887814,0.3131970260223048,0.11233333333333333,0.3586666666666667,0.4734911637212404,0.4274758252750917,0.19599999999999995,0.2666333333333334,0.4
100,venue_change,lr,isotonic,static,,pre,1500,0.5986666666666667,0.5106262349377066,0.8686979474880839,0.01788140745332664,0.021980326544209658,0.2664941785252264,0.13733333333333334,0.5153333333333333,0.3408939292861908,0.32821881254169444,0.02533333333333332,0.38560000000000005,0.36000000000000004
100,venue_change,lr,isotonic,static,,post,3000,0.533,0.5750661822837414,0.9660024054124843,0.06423567947491195,0.06423567947491197,0.35129604365620737,0.17166666666666666,0.4886666666666667,0.4431477159053018,0.4274758252750917,0.04266666666666663,0.27523333333333333,0.36000000000000004
100,venue_change,lr,isotonic,window,W300,pre,1500,0.5986666666666667,0.516229204587144,0.8798244775484939,0.021441013192589405,0.03425456721654656,0.2547584187408492,0.116,0.4553333333333333,0.34222815210140095,0.32821881254169444,0.03933333333333333,0.3835333333333333,0.36000000000000004
100,venue_change,lr,isotonic,window,W300,post,3000,0.533,0.5723028115942417,0.961753661770637,0.020120776860748323,0.024908618047334814,0.2883569096844396,0.08833333333333333,0.30633333333333335,0.45248416138712905,0.4274758252750917,0.06999999999999995,0.2718666666666667,0.36000000000000004
100,venue_change,lr,isotonic,window,W600,pre,1500,0.5986666666666667,0.5152806264319814,0.8762938684763782,0.02720822821009531,0.037546641875519045,0.27548209366391185,0.13333333333333333,0.484,0.3442294863242161,0.32821881254169444,0.03533333333333333,0.3829333333333334,0.36000000000000004
100,venue_change,lr,isotonic,window,W600,post,3000,0.533,0.5724612063803886,0.9621345172905662,0.013236161553132795,0.022814580757877456,0.27740492170022374,0.08266666666666667,0.298,0.4494831610536846,0.4274758252750917,0.07133333333333336,0.27163333333333334,0.36000000000000004
100,venue_change,lr,isotonic,window,W1200,pre,1500,0.5986666666666667,0.5137140936713828,0.8739791702521307,0.012464530454130603,0.021062314834515303,0.2609289617486339,0.12733333333333333,0.488,0.3402268178785857,0.32821881254169444,0.019333333333333313,0.38406666666666667,0.36000000000000004
100,venue_change,lr,isotonic,window,W1200,post,3000,0.533,0.5716745405635093,0.9593225375451546,0.014877031963253814,0.022561332772359093,0.2816742081447964,0.083,0.2946666666666667,0.4494831610536846,0.4274758252750917,0.062000000000000055,0.2726,0.36000000000000004
100,venue_change,lr,isotonic,expanding,all,pre,1500,0.5986666666666667,0.5114345413535943,0.8696046716393123,0.018822549926149318,0.0262612895686359,0.24210526315789474,0.10733333333333334,0.44333333333333336,0.33755837224816543,0.32821881254169444,0.01533333333333331,0.38386666666666663,0.36000000000000004
100,venue_change,lr,isotonic,expanding,all,post,3000,0.533,0.5726395467123802,0.9620283429447349,0.04154697773443072,0.04154697773443071,0.3281378178835111,0.13333333333333333,0.4063333333333333,0.4404801600533511,0.4274758252750917,0.03366666666666662,0.27416666666666667,0.36000000000000004
100,venue_change,lr,isotonic,decay,HL150,pre,1500,0.5986666666666667,0.5152522065832331,0.876049279004768,0.02186181038550502,0.025478143126123003,0.25149700598802394,0.112,0.44533333333333336,0.34489659773182124,0.32821881254169444,0.038000000000000034,0.38173333333333337,0.36000000000000004
100,venue_change,lr,isotonic,decay,HL150,post,3000,0.533,0.5722414622044939,0.9615191488994084,0.011129116209473332,0.024720246927124698,0.287369640787949,0.08266666666666667,0.2876666666666667,0.4518172724241414,0.4274758252750917,0.07599999999999996,0.27376666666666666,0.36000000000000004
100,venue_change,lr,isotonic,decay,HL400,pre,1500,0.5986666666666667,0.5138589028105943,0.8735191094691069,0.01792034243107812,0.026025923912114474,0.26330532212885155,0.12533333333333332,0.476,0.3408939292861908,0.32821881254169444,0.02200000000000002,0.38360000000000005,0.36000000000000004
100,venue_change,lr,isotonic,decay,HL400,post,3000,0.533,0.5714312394888751,0.9592049309999262,0.013669573420338794,0.015399340573520855,0.2796208530805687,0.07866666666666666,0.2813333333333333,0.44814938312770924,0.4274758252750917,0.06466666666666665,0.272,0.36000000000000004
100,venue_change,lr,isotonic,decay,HL1000,pre,1500,0.5986666666666667,0.5124250415556084,0.8713790415351965,0.017259408141568938,0.020887126914761495,0.2525697503671072,0.11466666666666667,0.454,0.3388925950633756,0.32821881254169444,0.01666666666666672,0.38386666666666663,0.36000000000000004
100,venue_change,lr,isotonic,decay,HL1000,post,3000,0.533,0.5711216269954899,0.9588375769752195,0.021017992504801117,0.029749068839660157,0.29759519038076154,0.099,0.33266666666666667,0.4424808269423141,0.4274758252750917,0.03966666666666663,0.2728333333333333,0.36000000000000004
100,venue_change,gbm,temperature,static,,pre,1500,0.5526666666666666,0.556560604550928,0.9352157823870133,0.013857651391597527,0.03137702366071849,0.27061310782241016,0.08533333333333333,0.31533333333333335,0.48699132755170116,0.4849899933288859,0.014000000000000012,0.30773333333333336,0.36000000000000004
100,venue_change,gbm,temperature,static,,post,3000,0.5,0.603580153570148,1.0065355016575823,0.04201766300342705,0.041372613461735305,0.3561643835616438,0.104,0.292,0.5275091697232411,0.5241747249083027,0.015666666666666718,0.21256666666666668,0.36000000000000004
100,venue_change,gbm,temperature,window,W300,pre,1500,0.5526666666666666,0.5561966509993822,0.9352991851595661,0.011781938159441337,0.026323756022083714,0.2729124236252546,0.08933333333333333,0.3273333333333333,0.485657104736491,0.4849899933288859,0.016000000000000014,0.3054666666666667,0.36000000000000004
100,venue_change,gbm,temperature,window,W300,post,3000,0.5,0.60089556598846,1.0017602620960275,0.010324872936811346,0.02594640377527017,0.3108108108108108,0.05366666666666667,0.17266666666666666,0.535511837279093,0.5241747249083027,0.03266666666666662,0.2125,0.36000000000000004
100,venue_change,gbm,temperature,window,W600,pre,1500,0.5526666666666666,0.5564990447006534,0.9359138520551048,0.011092737322138214,0.0218314443712554,0.2591792656587473,0.08,0.30866666666666664,0.485657104736491,0.4849899933288859,0.016000000000000014,0.30813333333333337,0.36000000000000004
100,venue_change,gbm,temperature,window,W600,post,3000,0.5,0.6002916884447423,1.0009752518571373,0.005964566650715607,0.017856653981754764,0.2923387096774194,0.04833333333333333,0.16533333333333333,0.5361787262420807,0.5241747249083027,0.029333333333333322,0.21053333333333335,0.36000000000000004
100,venue_change,gbm,temperature,window,W1200,pre,1500,0.5526666666666666,0.5579254895102694,0.9381714532269857,0.016077537872175796,0.03341708713667544,0.248868778280543,0.07333333333333333,0.2946666666666667,0.485657104736491,0.4849899933288859,0.016000000000000014,0.3094666666666667,0.36000000000000004
100,venue_change,gbm,temperature,window,W1200,post,3000,0.5,0.6014413490284225,1.0028027034364453,0.012144906696737696,0.01841210718448227,0.3123844731977819,0.05633333333333333,0.18033333333333335,0.5348449483161054,0.5241747249083027,0.026000000000000023,0.21156666666666668,0.36000000000000004
100,venue_change,gbm,temperature,expanding,all,pre,1500,0.5526666666666666,0.5566839805425203,0.9354875275672357,0.013405074019730094,0.028959718497318047,0.25617977528089886,0.076,0.2966666666666667,0.485657104736491,0.4849899933288859,0.01666666666666672,0.3088,0.36000000000000004
100,venue_change,gbm,temperature,expanding,all,post,3000,0.5,0.601780616457856,1.0031586861472146,0.02536747555489623,0.029697968791727248,0.34010840108401086,0.08366666666666667,0.246,0.5308436145381794,0.5241747249083027,0.020333333333333314,0.2116333333333333,0.36000000000000004
100,venue_change,gbm,temperature,decay,HL150,pre,1500,0.5526666666666666,0.5559904488603301,0.9346454013616855,0.00859613856481115,0.02136467627000555,0.2719836400817996,0.08866666666666667,0.326,0.485657104736491,0.4849899933288859,0.01666666666666672,0.3068,0.36000000000000004
100,venue_change,gbm,temperature,decay,HL150,post,3000,0.5,0.6000883664846495,1.0003495408193521,0.006127220765238036,0.017652147918948327,0.30097087378640774,0.051666666666666666,0.17166666666666666,0.5335111703901301,0.5241747249083027,0.027666666666666617,0.2117666666666667,0.36000000000000004
100,venue_change,gbm,temperature,decay,HL400,pre,1500,0.5526666666666666,0.556340265157892,0.9352996657279403,0.016516831880549022,0.023593857174140878,0.25162689804772237,0.07733333333333334,0.30733333333333335,0.48632421614409604,0.4849899933288859,0.01533333333333331,0.30860000000000004,0.36000000000000004
100,venue_change,gbm,temperature,decay,HL400,post,3000,0.5,0.6005566228068163,1.0012271372059578,0.011522048561037479,0.015290308009346207,0.31296296296296294,0.05633333333333333,0.18,0.5351783927975992,0.5241747249083027,0.026666666666666616,0.21180000000000004,0.36000000000000004
100,venue_change,gbm,temperature,decay,HL1000,pre,1500,0.5526666666666666,0.5565825494921857,0.9354784810315129,0.01331765364077567,0.029064733461519797,0.2528216704288939,0.07466666666666667,0.29533333333333334,0.485657104736491,0.4849899933288859,0.01666666666666672,0.3088,0.36000000000000004
100,venue_change,gbm,temperature,decay,HL1000,post,3000,0.5,0.6011676267928848,1.002115179450395,0.011505611140559951,0.018784869391490683,0.3252032520325203,0.06666666666666667,0.205,0.5331777259086362,0.5241747249083027,0.024333333333333318,0.2113666666666667,0.36000000000000004
100,venue_change,gbm,beta,static,,pre,1500,0.5526666666666666,0.5777429089178536,1.0265364702710924,0.02224204700289182,0.03769359316582218,0.28199566160520606,0.08666666666666667,0.30733333333333335,0.48699132755170116,0.4849899933288859,0.058666666666666645,0.30646666666666667,0.42000000000000004
100,venue_change,gbm,beta,static,,post,3000,0.5,0.6244812745524355,1.1149519239575596,0.054853265785676175,0.05443014648623304,0.3681765389082462,0.10566666666666667,0.287,0.5431810603534512,0.5241747249083027,0.07099999999999995,0.21013333333333334,0.42000000000000004
100,venue_change,gbm,beta,window,W300,pre,1500,0.5526666666666666,0.5796221934677318,1.0298389115497915,0.021535664811134992,0.036223441683976725,0.2930327868852459,0.09533333333333334,0.3253333333333333,0.48032021347565046,0.4849899933288859,0.06999999999999995,0.30720000000000003,0.42000000000000004
100,venue_change,gbm,beta,window,W300,post,3000,0.5,0.627320698345855,1.1111552581316524,0.0204555477309515,0.03419319559697701,0.3273453093812375,0.05466666666666667,0.167,0.5418472824274758,0.5241747249083027,0.09966666666666668,0.20659999999999998,0.42000000000000004
100,venue_change,gbm,beta,window,W600,pre,1500,0.5526666666666666,0.5785312285304787,1.02696970020958,0.01090586632485152,0.023692558127557117,0.2775330396475771,0.084,0.30266666666666664,0.4876584389593062,0.4849899933288859,0.07066666666666666,0.30460000000000004,0.42000000000000004
100,venue_change,gbm,beta,window,W600,post,3000,0.5,0.6260547048037172,1.1097743428230324,0.01728406339082366,0.026309482481058282,0.3230174081237911,0.05566666666666667,0.17233333333333334,0.543514504834945,0.5241747249083027,0.10833333333333328,0.20606666666666668,0.42000000000000004
100,venue_change,gbm,beta,window,W1200,pre,1500,0.5526666666666666,0.5796526326823187,1.0278028294732693,0.0074698993367876875,0.029808126589428795,0.2695035460992908,0.076,0.282,0.4896597731821214,0.4849899933288859,0.06599999999999995,0.30573333333333336,0.42000000000000004
100,venue_change,gbm,beta,window,W1200,post,3000,0.5,0.6260668190911591,1.1109183004809062,0.01934694367074691,0.027345316175469106,0.32304900181488205,0.059333333333333335,0.18366666666666667,0.5461820606868957,0.5241747249083027,0.11266666666666669,0.20836666666666667,0.42000000000000004
100,venue_change,gbm,beta,expanding,all,pre,1500,0.5526666666666666,0.5785502937341395,1.025693413000945,0.01978475046300539,0.03156090774477499,0.2803738317757009,0.08,0.2853333333333333,0.48899266177451634,0.4849899933288859,0.09533333333333338,0.30913333333333337,0.42000000000000004
100,venue_change,gbm,beta,expanding,all,post,3000,0.5,0.6241936029330262,1.1117461305544323,0.03709612749895903,0.04584117211193239,0.3503448275862069,0.08466666666666667,0.24166666666666667,0.5501833944648216,0.5241747249083027,0.10566666666666669,0.2089,0.42000000000000004
100,venue_change,gbm,beta,decay,HL150,pre,1500,0.5526666666666666,0.5794046247408575,1.0284267154740983,0.016104499011499133,0.0232615527221638,0.2841880341880342,0.08866666666666667,0.312,0.48699132755170116,0.4849899933288859,0.07199999999999995,0.30993333333333334,0.42000000000000004
100,venue_change,gbm,beta,decay,HL150,post,3000,0.5,0.6267018680522022,1.1102019522497917,0.018586164651653376,0.030382598920424372,0.32335329341317365,0.054,0.167,0.5425141713904635,0.5241747249083027,0.10299999999999998,0.20633333333333334,0.42000000000000004
100,venue_change,gbm,beta,decay,HL400,pre,1500,0.5526666666666666,0.5786427419882998,1.026520590823458,0.01922129447006536,0.02519189207291327,0.273972602739726,0.08,0.292,0.4923282188125417,0.4849899933288859,0.07399999999999995,0.3072666666666667,0.42000000000000004
100,venue_change,gbm,beta,decay,HL400,post,3000,0.5,0.6256801555423852,1.1098795742737615,0.019424631050368818,0.026400214526367597,0.3205828779599271,0.058666666666666666,0.183,0.5448482827609203,0.5241747249083027,0.11266666666666669,0.20583333333333334,0.42000000000000004
100,venue_change,gbm,beta,decay,HL1000,pre,1500,0.5526666666666666,0.578753692766524,1.0260042655942316,0.013457494521379275,0.03410704797970357,0.26968973747016706,0.07533333333333334,0.2793333333333333,0.49299533022014674,0.4849899933288859,0.08599999999999997,0.30826666666666663,0.42000000000000004
100,venue_change,gbm,beta,decay,HL1000,post,3000,0.5,0.6249707912891835,1.1104507783490238,0.025461290475639088,0.03043969191026461,0.3360258481421648,0.06933333333333333,0.20633333333333334,0.545515171723908,0.5241747249083027,0.10699999999999998,0.20766666666666667,0.42000000000000004
100,venue_change,gbm,isotonic,static,,pre,1500,0.5526666666666666,0.5782215173451241,1.0284182671069577,0.034915301164177126,0.03196635370545105,0.3143350604490501,0.12133333333333333,0.386,0.48899266177451634,0.4849899933288859,0.03400000000000003,0.3108666666666667,0.4
100,venue_change,gbm,isotonic,static,,post,3000,0.5,0.6246699354856514,1.1159816387786972,0.05853253754214386,0.05956912160584464,0.3849721706864564,0.13833333333333334,0.35933333333333334,0.5361787262420807,0.5241747249083027,0.036666666666666625,0.21056666666666665,0.4
100,venue_change,gbm,isotonic,window,W300,pre,1500,0.5526666666666666,0.5813062180989907,1.03780381784742,0.021520076870335837,0.03495330014608973,0.3059071729957806,0.09666666666666666,0.316,0.4883255503669113,0.4849899933288859,0.052000000000000046,0.312,0.4
100,venue_change,gbm,isotonic,window,W300,post,3000,0.5,0.6282211265816944,1.1161919688335884,0.031092475294419077,0.04076002961099552,0.33269961977186313,0.058333333333333334,0.17533333333333334,0.547515838612871,0.5241747249083027,0.07633333333333336,0.20740000000000003,0.4
100,venue_change,gbm,isotonic,window,W600,pre,1500,0.5526666666666666,0.5780467350641201,1.0279808410899565,0.014345690641220217,0.04277315193270499,0.24863387978142076,0.06066666666666667,0.244,0.4876584389593062,0.4849899933288859,0.053333333333333344,0.31153333333333333,0.4
100,venue_change,gbm,isotonic,window,W600,post,3000,0.5,0.6275442894613967,1.1144510955384417,0.025037097644277265,0.035886916321365384,0.3333333333333333,0.052,0.156,0.5388462820940313,0.5241747249083027,0.06033333333333335,0.20879999999999999,0.4
100,venue_change,gbm,isotonic,window,W1200,pre,1500,0.5526666666666666,0.5790283196096884,1.0285293941291747,0.024616157666725855,0.04626441121432883,0.2318840579710145,0.05333333333333334,0.23,0.4876584389593062,0.4849899933288859,0.04733333333333334,0.31046666666666667,0.4
100,venue_change,gbm,isotonic,window,W1200,post,3000,0.5,0.6281483132431283,1.114944701934841,0.02394724396617659,0.03611814918930893,0.32229580573951433,0.048666666666666664,0.151,0.5411803934644882,0.5241747249083027,0.05833333333333335,0.20886666666666667,0.4
100,venue_change,gbm,isotonic,expanding,all,pre,1500,0.5526666666666666,0.5788912250413525,1.0268151427092636,0.0215968989619576,0.03172413631999314,0.28159645232815966,0.08466666666666667,0.3006666666666667,0.48899266177451634,0.4849899933288859,0.05266666666666664,0.31020000000000003,0.4
100,venue_change,gbm,isotonic,expanding,all,post,3000,0.5,0.6256699170831643,1.1140078938627884,0.037657769703963076,0.04307552158775084,0.33116883116883117,0.068,0.20533333333333334,0.5431810603534512,0.5241747249083027,0.06233333333333335,0.21003333333333335,0.4
100,venue_change,gbm,isotonic,decay,HL150,pre,1500,0.5526666666666666,0.5804982426494327,1.0329437961240313,0.017949628103372185,0.026376505948973124,0.2860576923076923,0.07933333333333334,0.2773333333333333,0.48899266177451634,0.4849899933288859,0.050000000000000044,0.30893333333333334,0.4
100,venue_change,gbm,isotonic,decay,HL150,post,3000,0.5,0.6268054872219835,1.1130259976997563,0.024912186005319564,0.042132268771081824,0.3373253493013972,0.05633333333333333,0.167,0.5425141713904635,0.5241747249083027,0.06933333333333336,0.21109999999999998,0.4
100,venue_change,gbm,isotonic,decay,HL400,pre,1500,0.5526666666666666,0.5784849906754828,1.0274762371957362,0.018698171495662306,0.03175611602288321,0.25139664804469275,0.06,0.23866666666666667,0.48899266177451634,0.4849899933288859,0.04800000000000004,0.30960000000000004,0.4
100,venue_change,gbm,isotonic,decay,HL400,post,3000,0.5,0.6270470952770693,1.1125101499751442,0.02523830723748331,0.03126511253879096,0.3270042194092827,0.051666666666666666,0.158,0.5398466155385129,0.5241747249083027,0.05933333333333335,0.2099333333333333,0.4
100,venue_change,gbm,isotonic,decay,HL1000,pre,1500,0.5526666666666666,0.5782921307582788,1.0262715773900775,0.01681089935257895,0.035506039001533464,0.24225352112676057,0.05733333333333333,0.23666666666666666,0.4896597731821214,0.4849899933288859,0.05066666666666664,0.31066666666666665,0.4
100,venue_change,gbm,isotonic,decay,HL1000,post,3000,0.5,0.6268534994616423,1.1133164275880023,0.02876854623412833,0.035418317370504805,0.3255360623781676,0.05566666666666667,0.171,0.5405135045015005,0.5241747249083027,0.05800000000000005,0.20933333333333334,0.4
100,rare_cluster,lr,temperature,static,,pre,1500,0.5986666666666667,0.5100733410510757,0.8672640156107989,0.011037059681799296,0.015450454750142251,0.2410179640718563,0.10733333333333334,0.44533333333333336,0.3542361574382922,0.32821881254169444,0.06533333333333335,0.38466666666666666,0.38
100,rare_cluster,lr,temperature,static,,post,3000,0.5626666666666666,0.551231852352578,0.9361344357533237,0.03140835186027674,0.03893386435718299,0.3,0.13,0.43333333333333335,0.36645548516172055,0.345781927309103,0.06799999999999995,0.31186666666666674,0.38
100,rare_cluster,lr,temperature,window,W300,pre,1500,0.5986666666666667,0.5112443032790619,0.870212743434739,0.011237860990157642,0.0166160387802361,0.24164133738601823,0.106,0.43866666666666665,0.35290193462308206,0.32821881254169444,0.06799999999999995,0.3811333333333334,0.38
100,rare_cluster,lr,temperature,window,W300,post,3000,0.5626666666666666,0.549961301214393,0.9284991847997944,0.028692504654601318,0.03186304487181665,0.27078891257995735,0.08466666666666667,0.31266666666666665,0.37279093031010335,0.345781927309103,0.11399999999999999,0.31260000000000004,0.38
100,rare_cluster,lr,temperature,window,W600,pre,1500,0.5986666666666667,0.5101886246826829,0.8686844856195656,0.01663090266054698,0.028991091757957107,0.24274809160305344,0.106,0.43666666666666665,0.3542361574382922,0.32821881254169444,0.06999999999999995,0.38266666666666665,0.38
100,rare_cluster,lr,temperature,window,W600,post,3000,0.5626666666666666,0.5503127119073405,0.929643814819727,0.025304831892957992,0.028824997576224157,0.26227795193312436,0.08366666666666667,0.319,0.3741247082360787,0.345781927309103,0.11333333333333329,0.31243333333333334,0.38
100,rare_cluster,lr,temperature,window,W1200,pre,1500,0.5986666666666667,0.5110581373745282,0.8706511558964228,0.013556250491017593,0.01929536955458068,0.24404761904761904,0.10933333333333334,0.448,0.3542361574382922,0.32821881254169444,0.06799999999999995,0.3848666666666667,0.38
100,rare_cluster,lr,temperature,window,W1200,post,3000,0.5626666666666666,0.550698687710543,0.930888556242606,0.02531200037362224,0.02961837112997651,0.26965174129353237,0.09033333333333333,0.335,0.3721240413471157,0.345781927309103,0.10733333333333328,0.31336666666666674,0.38
100,rare_cluster,lr,temperature,expanding,all,pre,1500,0.5986666666666667,0.5102362293707492,0.867458579476184,0.012431690466026313,0.017838925794684386,0.23889739663093415,0.104,0.43533333333333335,0.35957304869913276,0.32821881254169444,0.07199999999999995,0.3837333333333334,0.38
100,rare_cluster,lr,temperature,expanding,all,post,3000,0.5626666666666666,0.5502355403032193,0.9321891311060155,0.020275420750910808,0.02967301651752527,0.2877397831526272,0.115,0.39966666666666667,0.36812270756918974,0.345781927309103,0.08133333333333337,0.3122666666666667,0.38
100,rare_cluster,lr,temperature,decay,HL150,pre,1500,0.5986666666666667,0.5104066153407307,0.8682412489181551,0.0117883571162219,0.027526128535740782,0.23867069486404835,0.10533333333333333,0.44133333333333336,0.35290193462308206,0.32821881254169444,0.06599999999999995,0.384,0.38
100,rare_cluster,lr,temperature,decay,HL150,post,3000,0.5626666666666666,0.5501914129462316,0.9289582188739429,0.024861397030801514,0.03172041122201869,0.2661795407098121,0.085,0.31933333333333336,0.3717905968656219,0.345781927309103,0.11033333333333328,0.31446666666666667,0.38
100,rare_cluster,lr,temperature,decay,HL400,pre,1500,0.5986666666666667,0.5101744867133422,0.8682162822204808,0.013828533063484007,0.021760827369808923,0.23975720789074356,0.10533333333333333,0.43933333333333335,0.3535690460306871,0.32821881254169444,0.06799999999999995,0.38486666666666663,0.38
100,rare_cluster,lr,temperature,decay,HL400,post,3000,0.5626666666666666,0.5501740545999502,0.9295086569702806,0.022612663365788745,0.02959602367862372,0.2695390781563126,0.08966666666666667,0.33266666666666667,0.37279093031010335,0.345781927309103,0.10833333333333328,0.3128,0.38
100,rare_cluster,lr,temperature,decay,HL1000,pre,1500,0.5986666666666667,0.510188242424964,0.8678165645415822,0.01341964998423756,0.01734980250489538,0.2415902140672783,0.10533333333333333,0.436,0.35557038025350235,0.32821881254169444,0.07066666666666666,0.38333333333333336,0.38
100,rare_cluster,lr,temperature,decay,HL1000,post,3000,0.5626666666666666,0.5501642128547094,0.9305422806354903,0.02036142461509274,0.028959957338688308,0.2808988764044944,0.1,0.356,0.3694564854951651,0.345781927309103,0.09699999999999998,0.31423333333333336,0.38
100,rare_cluster,lr,beta,static,,pre,1500,0.5986666666666667,0.5104283509711466,0.8673129329158261,0.019528798673987602,0.018541849032158646,0.26287262872628725,0.12933333333333333,0.492,0.35957304869913276,0.32821881254169444,0.07133333333333336,0.3837333333333334,0.4
100,rare_cluster,lr,beta,static,,post,3000,0.5626666666666666,0.5519287115234224,0.9348384184003259,0.041980525988769155,0.042975524161149865,0.31215469613259667,0.15066666666666667,0.4826666666666667,0.36612204068022675,0.345781927309103,0.07033333333333336,0.3123,0.4
100,rare_cluster,lr,beta,window,W300,pre,1500,0.5986666666666667,0.5115369738393493,0.8723376674673936,0.009625827569148324,0.0368808850742553,0.24427480916030533,0.10666666666666667,0.43666666666666665,0.37158105403602404,0.32821881254169444,0.09933333333333338,0.3756,0.4
100,rare_cluster,lr,beta,window,W300,post,3000,0.5626666666666666,0.5520530946563416,0.9318809011699214,0.010670407635650676,0.01710787759763783,0.2891674127126231,0.10766666666666666,0.37233333333333335,0.3804601533844615,0.345781927309103,0.1306666666666667,0.3121666666666667,0.4
100,rare_cluster,lr,beta,window,W600,pre,1500,0.5986666666666667,0.5121822069575929,0.8715335835904018,0.015374806225739779,0.03117025314507156,0.2543352601156069,0.11733333333333333,0.4613333333333333,0.3749166110740494,0.32821881254169444,0.118,0.37233333333333335,0.4
100,rare_cluster,lr,beta,window,W600,post,3000,0.5626666666666666,0.5517271568612937,0.9316965657444083,0.00793602728622146,0.013062072919434491,0.2868352223190933,0.10966666666666666,0.38233333333333336,0.37912637545848615,0.345781927309103,0.1353333333333333,0.31360000000000005,0.4
100,rare_cluster,lr,beta,window,W1200,pre,1500,0.5986666666666667,0.5108122869998406,0.8695540633537773,0.01534414241649127,0.01860973692318594,0.25142045454545453,0.118,0.4693333333333333,0.37825216811207474,0.32821881254169444,0.1353333333333333,0.376,0.4
100,rare_cluster,lr,beta,window,W1200,post,3000,0.5626666666666666,0.5510053672194906,0.9313782029272787,0.007398222582658853,0.01852490222726256,0.29266281945589445,0.11833333333333333,0.4043333333333333,0.3801267089029677,0.345781927309103,0.14900000000000002,0.31360000000000005,0.4
100,rare_cluster,lr,beta,expanding,all,pre,1500,0.5986666666666667,0.5101500040692453,0.8672790868019938,0.01336365488962052,0.01325186282086736,0.2507204610951009,0.116,0.46266666666666667,0.3749166110740494,0.32821881254169444,0.124,0.37606666666666666,0.4
100,rare_cluster,lr,beta,expanding,all,post,3000,0.5626666666666666,0.5507164898127044,0.9329228435094729,0.024260871105386897,0.028892922313128972,0.30402384500745155,0.136,0.44733333333333336,0.377459153051017,0.345781927309103,0.1383333333333333,0.31370000000000003,0.4
100,rare_cluster,lr,beta,decay,HL150,pre,1500,0.5986666666666667,0.5109381640018391,0.8704383046936831,0.008371009166246689,0.019717149396148735,0.2451708766716196,0.11,0.44866666666666666,0.3722481654436291,0.32821881254169444,0.10466666666666669,0.37693333333333334,0.4
100,rare_cluster,lr,beta,decay,HL150,post,3000,0.5626666666666666,0.551579513354635,0.9313731139640559,0.013539490965275042,0.014250695351022264,0.2820738137082601,0.107,0.37933333333333336,0.3801267089029677,0.345781927309103,0.1346666666666667,0.31193333333333334,0.4
100,rare_cluster,lr,beta,decay,HL400,pre,1500,0.5986666666666667,0.5105509916916615,0.8687933106820662,0.010703654343763025,0.022617864514380862,0.2503597122302158,0.116,0.4633333333333333,0.3762508338892595,0.32821881254169444,0.1333333333333333,0.37420000000000003,0.4
100,rare_cluster,lr,beta,decay,HL400,post,3000,0.5626666666666666,0.5508746779509077,0.9310150108537011,0.012169193409483473,0.01570152737289378,0.2892768079800499,0.116,0.401,0.3827942647549183,0.345781927309103,0.14466666666666672,0.31526666666666675,0.4
100,rare_cluster,lr,beta,decay,HL1000,pre,1500,0.5986666666666667,0.5103048376521744,0.8678113505662806,0.015397059092097327,0.021140872900378613,0.2514450867052023,0.116,0.4613333333333333,0.3749166110740494,0.32821881254169444,0.1373333333333333,0.376,0.4
100,rare_cluster,lr,beta,decay,HL1000,post,3000,0.5626666666666666,0.5507017846999055,0.9316263802565694,0.016626573375633318,0.018161207925379556,0.294811320754717,0.125,0.424,0.3837945981993998,0.345781927309103,0.15400000000000003,0.31410000000000005,0.4
100,rare_cluster,lr,isotonic,static,,pre,1500,0.5986666666666667,0.5106262349377066,0.8686979474880839,0.01788140745332664,0.021980326544209658,0.2664941785252264,0.13733333333333334,0.5153333333333333,0.3408939292861908,0.32821881254169444,0.02533333333333332,0.38560000000000005,0.36000000000000004
100,rare_cluster,lr,isotonic,static,,post,3000,0.5626666666666666,0.5531170926015406,0.9386773050282179,0.04238477511749205,0.045536175556602346,0.3211009174311927,0.16333333333333333,0.5086666666666667,0.35511837279093034,0.345781927309103,0.03400000000000003,0.30943333333333334,0.36000000000000004
100,rare_cluster,lr,isotonic,window,W300,pre,1500,0.5986666666666667,0.516229204587144,0.8798244775484939,0.021441013192589405,0.03425456721654656,0.2547584187408492,0.116,0.4553333333333333,0.34222815210140095,0.32821881254169444,0.03933333333333333,0.3835333333333333,0.36000000000000004
100,rare_cluster,lr,isotonic,window,W300,post,3000,0.5626666666666666,0.5545214198206772,0.939838590912529,0.025214837788961785,0.02199553965636182,0.2934232715008432,0.116,0.3953333333333333,0.3644548182727576,0.345781927309103,0.06233333333333335,0.3095,0.36000000000000004
100,rare_cluster,lr,isotonic,window,W600,pre,1500,0.5986666666666667,0.5152806264319814,0.8762938684763782,0.02720822821009531,0.037546641875519045,0.27548209366391185,0.13333333333333333,0.484,0.3442294863242161,0.32821881254169444,0.03533333333333333,0.3829333333333334,0.36000000000000004
100,rare_cluster,lr,isotonic,window,W600,post,3000,0.5626666666666666,0.5542509265097076,0.9372391607418631,0.019448555442550506,0.024587874941742957,0.293015332197615,0.11466666666666667,0.3913333333333333,0.3631210403467823,0.345781927309103,0.058666666666666645,0.31053333333333333,0.36000000000000004
100,rare_cluster,lr,isotonic,window,W1200,pre,1500,0.5986666666666667,0.5137140936713828,0.8739791702521307,0.012464530454130603,0.021062314834515303,0.2609289617486339,0.12733333333333333,0.488,0.3402268178785857,0.32821881254169444,0.019333333333333313,0.38406666666666667,0.36000000000000004
100,rare_cluster,lr,isotonic,window,W1200,post,3000,0.5626666666666666,0.5526408503551005,0.934774667389575,0.016572349377077918,0.019504639278141767,0.30128205128205127,0.12533333333333332,0.416,0.36212070690230075,0.345781927309103,0.05900000000000005,0.30943333333333334,0.36000000000000004
100,rare_cluster,lr,isotonic,expanding,all,pre,1500,0.5986666666666667,0.5114345413535943,0.8696046716393123,0.018822549926149318,0.0262612895686359,0.24210526315789474,0.10733333333333334,0.44333333333333336,0.33755837224816543,0.32821881254169444,0.01533333333333331,0.38386666666666663,0.36000000000000004
100,rare_cluster,lr,isotonic,expanding,all,post,3000,0.5626666666666666,0.5516374032949316,0.9349482982157015,0.024054195250373316,0.03477104546429899,0.29891304347826086,0.12833333333333333,0.42933333333333334,0.353784594864955,0.345781927309103,0.02833333333333332,0.31,0.36000000000000004
100,rare_cluster,lr,isotonic,decay,HL150,pre,1500,0.5986666666666667,0.5152522065832331,0.876049279004768,0.02186181038550502,0.025478143126123003,0.25149700598802394,0.112,0.44533333333333336,0.34489659773182124,0.32821881254169444,0.038000000000000034,0.38173333333333337,0.36000000000000004
100,rare_cluster,lr,isotonic,decay,HL150,post,3000,0.5626666666666666,0.5532193727783032,0.9359947080878064,0.026230826936069006,0.02115294776210914,0.2908792111750205,0.118,0.4056666666666667,0.3634544848282761,0.345781927309103,0.062000000000000055,0.3103,0.36000000000000004
100,rare_cluster,lr,isotonic,decay,HL400,pre,1500,0.5986666666666667,0.5138589028105943,0.8735191094691069,0.01792034243107812,0.026025923912114474,0.26330532212885155,0.12533333333333332,0.476,0.3408939292861908,0.32821881254169444,0.02200000000000002,0.38360000000000005,0.36000000000000004
100,rare_cluster,lr,isotonic,decay,HL400,post,3000,0.5626666666666666,0.5522335884786547,0.9339770022597131,0.020765208720349124,0.021785314668574994,0.29411764705882354,0.12333333333333334,0.41933333333333334,0.3627875958652884,0.345781927309103,0.058666666666666645,0.3098666666666667,0.36000000000000004
100,rare_cluster,lr,isotonic,decay,HL1000,pre,1500,0.5986666666666667,0.5124250415556084,0.8713790415351965,0.017259408141568938,0.020887126914761495,0.2525697503671072,0.11466666666666667,0.454,0.3388925950633756,0.32821881254169444,0.01666666666666672,0.38386666666666663,0.36000000000000004
100,rare_cluster,lr,isotonic,decay,HL1000,post,3000,0.5626666666666666,0.5518848865482413,0.9339110809423282,0.015616421295864357,0.021565722797627387,0.2990007686395081,0.12966666666666668,0.43366666666666664,0.3604534844948316,0.345781927309103,0.05366666666666664,0.30956666666666666,0.36000000000000004
100,rare_cluster,gbm,temperature,static,,pre,1500,0.5526666666666666,0.556560604550928,0.9352157823870133,0.013857651391597527,0.03137702366071849,0.27061310782241016,0.08533333333333333,0.31533333333333335,0.48699132755170116,0.4849899933288859,0.014000000000000012,0.30773333333333336,0.36000000000000004
100,rare_cluster,gbm,temperature,static,,post,3000,0.513,0.5885071004856812,0.9820111740540469,0.03392084712429161,0.032174527654740284,0.32142857142857145,0.093,0.28933333333333333,0.488162720906969,0.47915971990663553,0.019000000000000017,0.2394666666666667,0.36000000000000004
100,rare_cluster,gbm,temperature,window,W300,pre,1500,0.5526666666666666,0.5561966509993822,0.9352991851595661,0.011781938159441337,0.026323756022083714,0.2729124236252546,0.08933333333333333,0.3273333333333333,0.485657104736491,0.4849899933288859,0.016000000000000014,0.3054666666666667,0.36000000000000004
100,rare_cluster,gbm,temperature,window,W300,post,3000,0.513,0.5871258331251064,0.9800401052132196,0.008770526539217066,0.01825429158928138,0.28502415458937197,0.059,0.207,0.4894964988329443,0.47915971990663553,0.027000000000000024,0.23776666666666668,0.36000000000000004
100,rare_cluster,gbm,temperature,window,W600,pre,1500,0.5526666666666666,0.5564990447006534,0.9359138520551048,0.011092737322138214,0.0218314443712554,0.2591792656587473,0.08,0.30866666666666664,0.485657104736491,0.4849899933288859,0.016000000000000014,0.30813333333333337,0.36000000000000004
100,rare_cluster,gbm,temperature,window,W600,post,3000,0.513,0.5871480796410945,0.9799769922338322,0.013631081875957846,0.019953885993331102,0.2944,0.06133333333333333,0.20833333333333334,0.48916305435145047,0.47915971990663553,0.025000000000000022,0.23776666666666668,0.36000000000000004
100,rare_cluster,gbm,temperature,window,W1200,pre,1500,0.5526666666666666,0.5579254895102694,0.9381714532269857,0.016077537872175796,0.03341708713667544,0.248868778280543,0.07333333333333333,0.2946666666666667,0.485657104736491,0.4849899933288859,0.016000000000000014,0.3094666666666667,0.36000000000000004
100,rare_cluster,gbm,temperature,window,W1200,post,3000,0.513,0.5876835205851003,0.9810606524541587,0.0091564202491137,0.015476243234396926,0.2988338192419825,0.06833333333333333,0.22866666666666666,0.4894964988329443,0.47915971990663553,0.023333333333333317,0.23810000000000003,0.36000000000000004
100,rare_cluster,gbm,temperature,expanding,all,pre,1500,0.5526666666666666,0.5566839805425203,0.9354875275672357,0.013405074019730094,0.028959718497318047,0.25617977528089886,0.076,0.2966666666666667,0.485657104736491,0.4849899933288859,0.01666666666666672,0.3088,0.36000000000000004
100,rare_cluster,gbm,temperature,expanding,all,post,3000,0.513,0.587507163302739,0.9804172413573076,0.02159116847298091,0.02188364806518986,0.31498079385403327,0.082,0.26033333333333336,0.488162720906969,0.47915971990663553,0.020000000000000018,0.23913333333333336,0.36000000000000004
100,rare_cluster,gbm,temperature,decay,HL150,pre,1500,0.5526666666666666,0.5559904488603301,0.9346454013616855,0.00859613856481115,0.02136467627000555,0.2719836400817996,0.08866666666666667,0.326,0.485657104736491,0.4849899933288859,0.01666666666666672,0.3068,0.36000000000000004
100,rare_cluster,gbm,temperature,decay,HL150,post,3000,0.513,0.5867552723065166,0.9794236386476866,0.011971560528332002,0.01719771831719204,0.28013029315960913,0.05733333333333333,0.20466666666666666,0.48916305435145047,0.47915971990663553,0.024333333333333318,0.23876666666666665,0.36000000000000004
100,rare_cluster,gbm,temperature,decay,HL400,pre,1500,0.5526666666666666,0.556340265157892,0.9352996657279403,0.016516831880549022,0.023593857174140878,0.25162689804772237,0.07733333333333334,0.30733333333333335,0.48632421614409604,0.4849899933288859,0.01533333333333331,0.30860000000000004,0.36000000000000004
100,rare_cluster,gbm,temperature,decay,HL400,post,3000,0.513,0.5870280204127728,0.9798755375937895,0.009717547146383412,0.030714137984415777,0.2966360856269113,0.06466666666666666,0.218,0.48882960986995666,0.47915971990663553,0.023333333333333317,0.23843333333333336,0.36000000000000004
100,rare_cluster,gbm,temperature,decay,HL1000,pre,1500,0.5526666666666666,0.5565825494921857,0.9354784810315129,0.01331765364077567,0.029064733461519797,0.2528216704288939,0.07466666666666667,0.29533333333333334,0.485657104736491,0.4849899933288859,0.01666666666666672,0.3088,0.36000000000000004
100,rare_cluster,gbm,temperature,decay,HL1000,post,3000,0.513,0.58728001359178,0.9802189560775202,0.013518528745335892,0.024798873528529736,0.3045325779036827,0.07166666666666667,0.23533333333333334,0.488162720906969,0.47915971990663553,0.021666666666666612,0.2386666666666667,0.36000000000000004
100,rare_cluster,gbm,beta,static,,pre,1500,0.5526666666666666,0.5777429089178536,1.0265364702710924,0.02224204700289182,0.03769359316582218,0.28199566160520606,0.08666666666666667,0.30733333333333335,0.48699132755170116,0.4849899933288859,0.058666666666666645,0.30646666666666667,0.42000000000000004
100,rare_cluster,gbm,beta,static,,post,3000,0.513,0.6070380579539578,1.0773014520001312,0.044702463037777786,0.05290794196291073,0.3294930875576037,0.09533333333333334,0.28933333333333333,0.49183061020340113,0.47915971990663553,0.06766666666666665,0.23886666666666667,0.42000000000000004
100,rare_cluster,gbm,beta,window,W300,pre,1500,0.5526666666666666,0.5796221934677318,1.0298389115497915,0.021535664811134992,0.036223441683976725,0.2930327868852459,0.09533333333333334,0.3253333333333333,0.48032021347565046,0.4849899933288859,0.06999999999999995,0.30720000000000003,0.42000000000000004
100,rare_cluster,gbm,beta,window,W300,post,3000,0.513,0.6095458090704574,1.076024629384181,0.029620185966219986,0.03424107903170347,0.3132137030995106,0.064,0.20433333333333334,0.486162054018006,0.47915971990663553,0.09966666666666668,0.23536666666666672,0.42000000000000004
100,rare_cluster,gbm,beta,window,W600,pre,1500,0.5526666666666666,0.5785312285304787,1.02696970020958,0.01090586632485152,0.023692558127557117,0.2775330396475771,0.084,0.30266666666666664,0.4876584389593062,0.4849899933288859,0.07066666666666666,0.30460000000000004,0.42000000000000004
100,rare_cluster,gbm,beta,window,W600,post,3000,0.513,0.608791532025068,1.0753232201358327,0.020056505762378024,0.028280831760715653,0.3163751987281399,0.06633333333333333,0.20966666666666667,0.4851617205735245,0.47915971990663553,0.09533333333333338,0.23626666666666668,0.42000000000000004
100,rare_cluster,gbm,beta,window,W1200,pre,1500,0.5526666666666666,0.5796526326823187,1.0278028294732693,0.0074698993367876875,0.029808126589428795,0.2695035460992908,0.076,0.282,0.4896597731821214,0.4849899933288859,0.06599999999999995,0.30573333333333336,0.42000000000000004
100,rare_cluster,gbm,beta,window,W1200,post,3000,0.513,0.6083871955233962,1.0756729533855933,0.020722693437574217,0.03606776400653295,0.30453879941434847,0.06933333333333333,0.22766666666666666,0.488162720906969,0.47915971990663553,0.10066666666666668,0.23733333333333334,0.42000000000000004
100,rare_cluster,gbm,beta,expanding,all,pre,1500,0.5526666666666666,0.5785502937341395,1.025693413000945,0.01978475046300539,0.03156090774477499,0.2803738317757009,0.08,0.2853333333333333,0.48899266177451634,0.4849899933288859,0.09533333333333338,0.30913333333333337,0.42000000000000004
100,rare_cluster,gbm,beta,expanding,all,post,3000,0.513,0.6071611678508524,1.0757526252028002,0.03024758868386275,0.03577233854408522,0.31870967741935485,0.08233333333333333,0.25833333333333336,0.48882960986995666,0.47915971990663553,0.10533333333333328,0.23876666666666668,0.42000000000000004
100,rare_cluster,gbm,beta,decay,HL150,pre,1500,0.5526666666666666,0.5794046247408575,1.0284267154740983,0.016104499011499133,0.0232615527221638,0.2841880341880342,0.08866666666666667,0.312,0.48699132755170116,0.4849899933288859,0.07199999999999995,0.30993333333333334,0.42000000000000004
100,rare_cluster,gbm,beta,decay,HL150,post,3000,0.513,0.6086128414980357,1.0749506415650139,0.021365047516934913,0.029423394612699928,0.29623567921440264,0.060333333333333336,0.20366666666666666,0.48749583194398133,0.47915971990663553,0.09166666666666667,0.23733333333333334,0.42000000000000004
100,rare_cluster,gbm,beta,decay,HL400,pre,1500,0.5526666666666666,0.5786427419882998,1.026520590823458,0.01922129447006536,0.02519189207291327,0.273972602739726,0.08,0.292,0.4923282188125417,0.4849899933288859,0.07399999999999995,0.3072666666666667,0.42000000000000004
100,rare_cluster,gbm,beta,decay,HL400,post,3000,0.513,0.6079496974203401,1.0747533462520513,0.019563112445398434,0.029392451856549415,0.30500758725341426,0.067,0.21966666666666668,0.48649549849949986,0.47915971990663553,0.09699999999999998,0.23773333333333335,0.42000000000000004
100,rare_cluster,gbm,beta,decay,HL1000,pre,1500,0.5526666666666666,0.578753692766524,1.0260042655942316,0.013457494521379275,0.03410704797970357,0.26968973747016706,0.07533333333333334,0.2793333333333333,0.49299533022014674,0.4849899933288859,0.08599999999999997,0.30826666666666663,0.42000000000000004
100,rare_cluster,gbm,beta,decay,HL1000,post,3000,0.513,0.6076743969131223,1.0753529987597832,0.023389293829365443,0.026958634698281376,0.3103448275862069,0.075,0.24166666666666667,0.48749583194398133,0.47915971990663553,0.10333333333333339,0.23853333333333337,0.42000000000000004
100,rare_cluster,gbm,isotonic,static,,pre,1500,0.5526666666666666,0.5782215173451241,1.0284182671069577,0.034915301164177126,0.03196635370545105,0.3143350604490501,0.12133333333333333,0.386,0.48899266177451634,0.4849899933288859,0.03400000000000003,0.3108666666666667,0.4
100,rare_cluster,gbm,isotonic,static,,post,3000,0.513,0.6073188395558365,1.0792851153572678,0.04878890560065956,0.05696050581727364,0.35191956124314444,0.12833333333333333,0.36466666666666664,0.4924974991663888,0.47915971990663553,0.039000000000000035,0.23656666666666668,0.4
100,rare_cluster,gbm,isotonic,window,W300,pre,1500,0.5526666666666666,0.5813062180989907,1.03780381784742,0.021520076870335837,0.03495330014608973,0.3059071729957806,0.09666666666666666,0.316,0.4883255503669113,0.4849899933288859,0.052000000000000046,0.312,0.4
100,rare_cluster,gbm,isotonic,window,W300,post,3000,0.513,0.6091139336886382,1.0785252951104947,0.023399236123868343,0.04185940252932407,0.312316715542522,0.071,0.22733333333333333,0.4884961653884628,0.47915971990663553,0.06666666666666665,0.24103333333333338,0.4
100,rare_cluster,gbm,isotonic,window,W600,pre,1500,0.5526666666666666,0.5780467350641201,1.0279808410899565,0.014345690641220217,0.04277315193270499,0.24863387978142076,0.06066666666666667,0.244,0.4876584389593062,0.4849899933288859,0.053333333333333344,0.31153333333333333,0.4
100,rare_cluster,gbm,isotonic,window,W600,post,3000,0.513,0.6106889537887276,1.079882199055129,0.021626513716828985,0.04001169604920625,0.29914529914529914,0.058333333333333334,0.195,0.48682894298099366,0.47915971990663553,0.06133333333333335,0.24209999999999998,0.4
100,rare_cluster,gbm,isotonic,window,W1200,pre,1500,0.5526666666666666,0.5790283196096884,1.0285293941291747,0.024616157666725855,0.04626441121432883,0.2318840579710145,0.05333333333333334,0.23,0.4876584389593062,0.4849899933288859,0.04733333333333334,0.31046666666666667,0.4
100,rare_cluster,gbm,isotonic,window,W1200,post,3000,0.513,0.6099460463802269,1.079337954648961,0.02490706695541392,0.03763597956950432,0.30757097791798105,0.065,0.21133333333333335,0.48882960986995666,0.47915971990663553,0.07433333333333336,0.2392,0.4
100,rare_cluster,gbm,isotonic,expanding,all,pre,1500,0.5526666666666666,0.5788912250413525,1.0268151427092636,0.0215968989619576,0.03172413631999314,0.28159645232815966,0.08466666666666667,0.3006666666666667,0.48899266177451634,0.4849899933288859,0.05266666666666664,0.31020000000000003,0.4
100,rare_cluster,gbm,isotonic,expanding,all,post,3000,0.513,0.6072791532606139,1.0766797336284997,0.03157995052955392,0.04336254492935353,0.31392045454545453,0.07366666666666667,0.23466666666666666,0.49083027675891966,0.47915971990663553,0.06299999999999994,0.24023333333333335,0.4
100,rare_cluster,gbm,isotonic,decay,HL150,pre,1500,0.5526666666666666,0.5804982426494327,1.0329437961240313,0.017949628103372185,0.026376505948973124,0.2860576923076923,0.07933333333333334,0.2773333333333333,0.48899266177451634,0.4849899933288859,0.050000000000000044,0.30893333333333334,0.4
100,rare_cluster,gbm,isotonic,decay,HL150,post,3000,0.513,0.6097139111301049,1.078833966539035,0.02201342850933792,0.030693315022928488,0.30647709320695105,0.06466666666666666,0.211,0.48882960986995666,0.47915971990663553,0.059666666666666646,0.23866666666666667,0.4
100,rare_cluster,gbm,isotonic,decay,HL400,pre,1500,0.5526666666666666,0.5784849906754828,1.0274762371957362,0.018698171495662306,0.03175611602288321,0.25139664804469275,0.06,0.23866666666666667,0.48899266177451634,0.4849899933288859,0.04800000000000004,0.30960000000000004,0.4
100,rare_cluster,gbm,isotonic,decay,HL400,post,3000,0.513,0.6088222358668279,1.0771094429227546,0.025310689750018295,0.03362656112196202,0.29595015576323985,0.06333333333333334,0.214,0.48682894298099366,0.47915971990663553,0.06799999999999995,0.24063333333333337,0.4
100,rare_cluster,gbm,isotonic,decay,HL1000,pre,1500,0.5526666666666666,0.5782921307582788,1.0262715773900775,0.01681089935257895,0.035506039001533464,0.24225352112676057,0.05733333333333333,0.23666666666666666,0.4896597731821214,0.4849899933288859,0.05066666666666664,0.31066666666666665,0.4
100,rare_cluster,gbm,isotonic,decay,HL1000,post,3000,0.513,0.6078294629634258,1.0761312120135555,0.026522997953474358,0.03774667949427596,0.30197268588770865,0.06633333333333333,0.21966666666666668,0.49083027675891966,0.47915971990663553,0.06733333333333336,0.24010000000000004,0.4
101,none,lr,temperature,static,,pre,1500,0.5746666666666667,0.5269844059919248,0.8845427516587582,0.01802064986133308,0.027297134981961485,0.25573770491803277,0.104,0.4066666666666667,0.3669112741827885,0.3362241494329553,0.09333333333333338,0.344,0.38
101,none,lr,temperature,static,,post,3000,0.5616666666666666,0.5412618510293787,0.9150938301884853,0.026466071103395876,0.030126049865742768,0.27903091060985796,0.11133333333333334,0.399,0.3807935978659553,0.34711570523507834,0.09766666666666668,0.3293666666666667,0.38
101,none,lr,temperature,window,W300,pre,1500,0.5746666666666667,0.52810249819667,0.8864325834877668,0.01604155894279029,0.030890522930713114,0.2593192868719611,0.10666666666666667,0.41133333333333333,0.3669112741827885,0.3362241494329553,0.09866666666666668,0.3430666666666667,0.38
101,none,lr,temperature,window,W300,post,3000,0.5616666666666666,0.5426341292128429,0.9176563488946697,0.022246024159254387,0.03153467814674331,0.2647569444444444,0.10166666666666667,0.384,0.38112704234744915,0.34711570523507834,0.10333333333333339,0.3277,0.38
101,none,lr,temperature,window,W600,pre,1500,0.5746666666666667,0.5275999369197809,0.8860547795019138,0.01474861978381135,0.030654783172743942,0.2624,0.10933333333333334,0.4166666666666667,0.3682454969979987,0.3362241494329553,0.09599999999999997,0.34440000000000004,0.38
101,none,lr,temperature,window,W600,post,3000,0.5616666666666666,0.5418461451580867,0.9161177336150824,0.026722989172123967,0.031847390720682975,0.27121609798775154,0.10333333333333333,0.381,0.3821273757919306,0.34711570523507834,0.10266666666666668,0.3297666666666667,0.38
101,none,lr,temperature,window,W1200,pre,1500,0.5746666666666667,0.5275110165723406,0.8858722316193057,0.01805925785898715,0.036603218667141404,0.2619047619047619,0.11,0.42,0.36490993995997334,0.3362241494329553,0.09066666666666667,0.3440666666666667,0.38
101,none,lr,temperature,window,W1200,post,3000,0.5616666666666666,0.541467995889849,0.9152148336646097,0.023248930335521972,0.027040261368471586,0.2604074402125775,0.098,0.37633333333333335,0.3827942647549183,0.34711570523507834,0.10533333333333328,0.3294333333333334,0.38
101,none,lr,temperature,expanding,all,pre,1500,0.5746666666666667,0.5272668310458958,0.885317482163055,0.013326144534923262,0.030337469818276137,0.2542955326460481,0.09866666666666667,0.388,0.3669112741827885,0.3362241494329553,0.10199999999999998,0.3434666666666667,0.38
101,none,lr,temperature,expanding,all,post,3000,0.5616666666666666,0.5412392691207717,0.9144169571040736,0.026689730673539934,0.030922448861234377,0.2658450704225352,0.10066666666666667,0.37866666666666665,0.38146048682894296,0.34711570523507834,0.10499999999999998,0.3298666666666667,0.38
101,none,lr,temperature,decay,HL150,pre,1500,0.5746666666666667,0.5277150844163983,0.8862361934989934,0.014607694197151628,0.023266034016805607,0.25925925925925924,0.10733333333333334,0.414,0.36624416277518346,0.3362241494329553,0.09666666666666668,0.34353333333333336,0.38
101,none,lr,temperature,decay,HL150,post,3000,0.5616666666666666,0.5419442767060068,0.9162779640355049,0.020362224299722453,0.02194195630869997,0.2654482158398607,0.10166666666666667,0.383,0.38512837612537515,0.34711570523507834,0.10466666666666669,0.32810000000000006,0.38
101,none,lr,temperature,decay,HL400,pre,1500,0.5746666666666667,0.5272836128407485,0.8853977750806947,0.014200499763216272,0.03063879063011561,0.2592,0.108,0.4166666666666667,0.3675783855903936,0.3362241494329553,0.09333333333333338,0.3433333333333333,0.38
101,none,lr,temperature,decay,HL400,post,3000,0.5616666666666666,0.5415171357761877,0.9152985557142047,0.021760047983146263,0.029881364133078084,0.268059181897302,0.10266666666666667,0.383,0.3824608202734245,0.34711570523507834,0.10333333333333339,0.32956666666666673,0.38
101,none,lr,temperature,decay,HL1000,pre,1500,0.5746666666666667,0.5271328516783419,0.8850627793922222,0.015341249706326589,0.028180973447302034,0.25573770491803277,0.104,0.4066666666666667,0.3655770513675784,0.3362241494329553,0.09399999999999997,0.3444666666666667,0.38
101,none,lr,temperature,decay,HL1000,post,3000,0.5616666666666666,0.5414020440639465,0.9148943827436136,0.023512099592540626,0.03453902074152883,0.2684622067767159,0.103,0.38366666666666666,0.38146048682894296,0.34711570523507834,0.10399999999999998,0.3294333333333334,0.38
101,none,lr,beta,static,,pre,1500,0.5746666666666667,0.5271952132596635,0.8852933596093632,0.019045662402585765,0.029332485544153655,0.2620578778135048,0.10866666666666666,0.4146666666666667,0.36891260840560375,0.3362241494329553,0.1293333333333333,0.34306666666666674,0.4
101,none,lr,beta,static,,post,3000,0.5616666666666666,0.5414815907551553,0.9154983181815675,0.02668702465411926,0.03298425066305667,0.27980132450331124,0.11266666666666666,0.4026666666666667,0.38946315438479495,0.34711570523507834,0.1363333333333333,0.3299333333333333,0.4
101,none,lr,beta,window,W300,pre,1500,0.5746666666666667,0.5319287768762472,0.8941503718475188,0.02005612965539338,0.04065327744367095,0.26,0.104,0.4,0.37158105403602404,0.3362241494329553,0.124,0.34260000000000007,0.4
101,none,lr,beta,window,W300,post,3000,0.5616666666666666,0.5435394886677325,0.9190868303712186,0.019123354139861277,0.0232420473345624,0.2751677852348993,0.10933333333333334,0.3973333333333333,0.3947982660886962,0.34711570523507834,0.18166666666666664,0.3262,0.4
101,none,lr,beta,window,W600,pre,1500,0.5746666666666667,0.5297084321079041,0.8895490149788432,0.03306547997883756,0.03353941248035914,0.2686804451510334,0.11266666666666666,0.41933333333333334,0.3695797198132088,0.3362241494329553,0.11133333333333328,0.34413333333333335,0.4
101,none,lr,beta,window,W600,post,3000,0.5616666666666666,0.5417627076546746,0.9166498450406255,0.018393534416788763,0.02419320658400384,0.2743437764606266,0.108,0.39366666666666666,0.4061353784594865,0.34711570523507834,0.20833333333333337,0.32706666666666667,0.4
101,none,lr,beta,window,W1200,pre,1500,0.5746666666666667,0.5294496656614779,0.8895760139007199,0.022433820450359,0.03157304511656889,0.26282051282051283,0.10933333333333334,0.416,0.37558372248165445,0.3362241494329553,0.1333333333333333,0.3423333333333333,0.4
101,none,lr,beta,window,W1200,post,3000,0.5616666666666666,0.5415562808719248,0.9154989188131537,0.013342906445897806,0.02583096290107186,0.2696629213483146,0.104,0.38566666666666666,0.40913637879293097,0.34711570523507834,0.21466666666666667,0.3265,0.4
101,none,lr,beta,expanding,all,pre,1500,0.5746666666666667,0.5275187962689785,0.8856426960271022,0.012068998741578654,0.030320668113817034,0.25546218487394956,0.10133333333333333,0.39666666666666667,0.3882588392261508,0.3362241494329553,0.18733333333333335,0.3423333333333333,0.4
101,none,lr,beta,expanding,all,post,3000,0.5616666666666666,0.5412689295606926,0.9146326248096033,0.02247775552790908,0.03228108576259304,0.26527050610820246,0.10133333333333333,0.382,0.40346782260753583,0.34711570523507834,0.19999999999999996,0.32850000000000007,0.4
101,none,lr,beta,decay,HL150,pre,1500,0.5746666666666667,0.5307387639725187,0.8925440188040585,0.02197498656121829,0.03341233268126486,0.2545757071547421,0.102,0.40066666666666667,0.3609072715143429,0.3362241494329553,0.11399999999999999,0.348,0.4
101,none,lr,beta,decay,HL150,post,3000,0.5616666666666666,0.5424958647942948,0.9177740101677121,0.014813664386269876,0.026131433342959576,0.271356783919598,0.108,0.398,0.3994664888296099,0.34711570523507834,0.18999999999999995,0.326,0.4
101,none,lr,beta,decay,HL400,pre,1500,0.5746666666666667,0.5289857503896112,0.8887317185346413,0.0216244799277086,0.033058330997065496,0.26375404530744334,0.10866666666666666,0.412,0.3722481654436291,0.3362241494329553,0.1373333333333333,0.34393333333333337,0.4
101,none,lr,beta,decay,HL400,post,3000,0.5616666666666666,0.5415529691500222,0.9156729792528518,0.020563580197344444,0.03727934153977888,0.27380952380952384,0.10733333333333334,0.392,0.40346782260753583,0.34711570523507834,0.20466666666666666,0.3287666666666667,0.4
101,none,lr,beta,decay,HL1000,pre,1500,0.5746666666666667,0.5281562030383241,0.8868329543346426,0.016451632110184848,0.03328504844570848,0.2573770491803279,0.10466666666666667,0.4066666666666667,0.38492328218812544,0.3362241494329553,0.17000000000000004,0.3416666666666667,0.4
101,none,lr,beta,decay,HL1000,post,3000,0.5616666666666666,0.5414375480303687,0.9150718257848157,0.01361813548103397,0.03092259000108785,0.2651646447140381,0.102,0.38466666666666666,0.40446815605201736,0.34711570523507834,0.20233333333333337,0.3278666666666667,0.4
101,none,lr,isotonic,static,,pre,1500,0.5746666666666667,0.5274576329346468,0.8854498105671058,0.0216102301634105,0.03616290250846669,0.26426426426426425,0.11733333333333333,0.444,0.3629086057371581,0.3362241494329553,0.08066666666666666,0.345,0.38
101,none,lr,isotonic,static,,post,3000,0.5616666666666666,0.5435265074423775,0.9186238237551702,0.025690402465038096,0.04800729429607084,0.29281345565749234,0.12766666666666668,0.436,0.37279093031010335,0.34711570523507834,0.08033333333333337,0.32720000000000005,0.38
101,none,lr,isotonic,window,W300,pre,1500,0.5746666666666667,0.5335420835593967,0.897384276336718,0.04175234597213753,0.047023673911828316,0.26584234930448225,0.11466666666666667,0.43133333333333335,0.3675783855903936,0.3362241494329553,0.09399999999999997,0.34693333333333337,0.38
101,none,lr,isotonic,window,W300,post,3000,0.5616666666666666,0.5444651817244586,0.9239973636094501,0.03423895434572523,0.03525446674215886,0.28728813559322036,0.113,0.3933333333333333,0.3944648216072024,0.34711570523507834,0.16466666666666663,0.32606666666666667,0.38
101,none,lr,isotonic,window,W600,pre,1500,0.5746666666666667,0.531294172820762,0.8935882312697632,0.02368397689823569,0.03650293270749614,0.2698907956318253,0.11533333333333333,0.42733333333333334,0.3549032688458973,0.3362241494329553,0.05133333333333334,0.3504000000000001,0.38
101,none,lr,isotonic,window,W600,post,3000,0.5616666666666666,0.5430769908849948,0.9202786975335524,0.02408768066469382,0.029190675457111306,0.2849604221635884,0.108,0.379,0.39846615538512836,0.34711570523507834,0.17133333333333334,0.3287666666666667,0.38
101,none,lr,isotonic,window,W1200,pre,1500,0.5746666666666667,0.52932216978986,0.8892235105949206,0.034266370063870955,0.030676895708287504,0.27896341463414637,0.122,0.43733333333333335,0.3542361574382922,0.3362241494329553,0.03266666666666662,0.3453333333333333,0.38
101,none,lr,isotonic,window,W1200,post,3000,0.5616666666666666,0.5422718228444774,0.9173853572273013,0.015476858840731638,0.023794305725894836,0.26003824091778205,0.09066666666666667,0.3486666666666667,0.4008002667555852,0.34711570523507834,0.18166666666666664,0.3293333333333333,0.38
101,none,lr,isotonic,expanding,all,pre,1500,0.5746666666666667,0.5275295529668329,0.8857681692730672,0.02249449601073446,0.03424243737789661,0.25704225352112675,0.09733333333333333,0.37866666666666665,0.3642428285523682,0.3362241494329553,0.09466666666666668,0.34080000000000005,0.38
101,none,lr,isotonic,expanding,all,post,3000,0.5616666666666666,0.5414491834191453,0.9149030908316187,0.011957823148741803,0.019156586983494463,0.26281453867660765,0.094,0.3576666666666667,0.3864621540513504,0.34711570523507834,0.1286666666666667,0.3286333333333334,0.38
101,none,lr,isotonic,decay,HL150,pre,1500,0.5746666666666667,0.5328933443950499,0.8961759567028348,0.024864667026747805,0.04187403305377504,0.281437125748503,0.12533333333333332,0.44533333333333336,0.361574382921948,0.3362241494329553,0.06866666666666665,0.34786666666666666,0.38
101,none,lr,isotonic,decay,HL150,post,3000,0.5616666666666666,0.5431560978500029,0.9213133784894488,0.01737894926768491,0.03310443708050331,0.2674933569530558,0.10066666666666667,0.37633333333333335,0.3944648216072024,0.34711570523507834,0.16266666666666663,0.3290333333333334,0.38
101,none,lr,isotonic,decay,HL400,pre,1500,0.5746666666666667,0.5299613046322039,0.8904752431747844,0.02064228020386392,0.03939105648816562,0.27421758569299554,0.12266666666666666,0.44733333333333336,0.3542361574382922,0.3362241494329553,0.04733333333333334,0.34693333333333337,0.38
101,none,lr,isotonic,decay,HL400,post,3000,0.5616666666666666,0.5417841386334789,0.91682642152341,0.015985517878619817,0.02212244173942326,0.265552460538533,0.09533333333333334,0.359,0.3994664888296099,0.34711570523507834,0.16933333333333334,0.3280333333333333,0.38
101,none,lr,isotonic,decay,HL1000,pre,1500,0.5746666666666667,0.5283326202886228,0.8872332417635085,0.01813591887985106,0.03350325883025419,0.27492447129909364,0.12133333333333333,0.44133333333333336,0.3495663775850567,0.3362241494329553,0.04133333333333333,0.34180000000000005,0.38
101,none,lr,isotonic,decay,HL1000,post,3000,0.5616666666666666,0.5417065682575861,0.9158093926102918,0.01139533277334344,0.02397146539008969,0.25943396226415094,0.09166666666666666,0.35333333333333333,0.3947982660886962,0.34711570523507834,0.16333333333333333,0.3279333333333333,0.38
101,none,gbm,temperature,static,,pre,1500,0.514,0.5827955197139204,0.9715112562838439,0.03758344970710324,0.03839211095678139,0.2935560859188544,0.082,0.2793333333333333,0.494996664442962,0.4749833222148099,0.19066666666666665,0.242,0.42000000000000004
101,none,gbm,temperature,static,,post,3000,0.521,0.5828782215511122,0.9779560920546919,0.022734912075449174,0.019992320018883503,0.2801556420233463,0.072,0.257,0.5058352784261421,0.5048349449816606,0.19899999999999995,0.25753333333333334,0.42000000000000004
101,none,gbm,temperature,window,W300,pre,1500,0.514,0.584146118820753,0.9732278957656217,0.021893514441625222,0.04180760871641358,0.28969359331476324,0.06933333333333333,0.23933333333333334,0.48899266177451634,0.4749833222148099,0.21799999999999997,0.24106666666666668,0.42000000000000004
101,none,gbm,temperature,window,W300,post,3000,0.521,0.5836221242255859,0.9795265765665326,0.020320376587689967,0.021918924483795534,0.27080394922425954,0.064,0.23633333333333334,0.5055018339446482,0.5048349449816606,0.22566666666666668,0.2562666666666667,0.42000000000000004
101,none,gbm,temperature,window,W600,pre,1500,0.514,0.5834339715651888,0.9720942965157123,0.029947861809191637,0.0392515683511321,0.2925531914893617,0.07333333333333333,0.25066666666666665,0.4963308872581721,0.4749833222148099,0.20333333333333337,0.24006666666666668,0.42000000000000004
101,none,gbm,temperature,window,W600,post,3000,0.521,0.5835364004501574,0.978658041279975,0.018718828593428622,0.027534412068105227,0.27116212338593976,0.063,0.23233333333333334,0.5058352784261421,0.5048349449816606,0.22199999999999998,0.2563666666666667,0.42000000000000004
101,none,gbm,temperature,window,W1200,pre,1500,0.514,0.5832585653005533,0.972043699393561,0.0290202876209764,0.0346389131468766,0.3,0.08,0.26666666666666666,0.49299533022014674,0.4749833222148099,0.19399999999999995,0.2434666666666667,0.42000000000000004
101,none,gbm,temperature,window,W1200,post,3000,0.521,0.5828532147765367,0.9777063102659398,0.020471657592222595,0.021840321115042017,0.2559880239520958,0.057,0.22266666666666668,0.5068356118706235,0.5048349449816606,0.22099999999999997,0.2569666666666667,0.42000000000000004
101,none,gbm,temperature,expanding,all,pre,1500,0.514,0.5824572400879033,0.9712581561552003,0.024657927164394352,0.03260747145307089,0.2845528455284553,0.07,0.246,0.49366244162775186,0.4749833222148099,0.21133333333333337,0.24273333333333336,0.42000000000000004
101,none,gbm,temperature,expanding,all,post,3000,0.521,0.5828178211398092,0.977463775849273,0.01891602787280805,0.018306973328539096,0.2656934306569343,0.06066666666666667,0.22833333333333333,0.5051683894631543,0.5048349449816606,0.21999999999999997,0.2586666666666667,0.42000000000000004
101,none,gbm,temperature,decay,HL150,pre,1500,0.514,0.58359867457141,0.9723551853955885,0.025912195550003632,0.04378512007522246,0.2975871313672922,0.074,0.24866666666666667,0.4943295530353569,0.4749833222148099,0.20866666666666667,0.23980000000000004,0.42000000000000004
101,none,gbm,temperature,decay,HL150,post,3000,0.521,0.5831436411083327,0.9785484053604945,0.01581953679287519,0.024048718302615953,0.27219796215429404,0.06233333333333333,0.229,0.5061687229076359,0.5048349449816606,0.22066666666666668,0.2579666666666667,0.42000000000000004
101,none,gbm,temperature,decay,HL400,pre,1500,0.514,0.5831179682825588,0.9717679401123931,0.02644869175216934,0.03694051459582445,0.2916666666666667,0.07466666666666667,0.256,0.49566377585056703,0.4749833222148099,0.20066666666666666,0.24273333333333336,0.42000000000000004
101,none,gbm,temperature,decay,HL400,post,3000,0.521,0.583006614217876,0.9779468707575907,0.021972100162394828,0.01862241396299149,0.25735294117647056,0.058333333333333334,0.22666666666666666,0.5051683894631543,0.5048349449816606,0.21966666666666668,0.25753333333333334,0.42000000000000004
101,none,gbm,temperature,decay,HL1000,pre,1500,0.514,0.5827192253094147,0.9714538960986765,0.027455257598376845,0.03070428326138634,0.2845953002610966,0.07266666666666667,0.25533333333333336,0.49566377585056703,0.4749833222148099,0.20466666666666666,0.24320000000000006,0.42000000000000004
101,none,gbm,temperature,decay,HL1000,post,3000,0.521,0.5829071506976385,0.9776588728095562,0.021618655809533576,0.018606592822853613,0.26277372262773724,0.06,0.22833333333333333,0.5041680560186729,0.5048349449816606,0.22066666666666668,0.25743333333333335,0.42000000000000004
101,none,gbm,beta,static,,pre,1500,0.514,0.5984616447949523,1.0433799550067533,0.042599356482334996,0.04792987125831493,0.308584686774942,0.08866666666666667,0.28733333333333333,0.49099399599733157,0.4749833222148099,0.18333333333333335,0.23806666666666668,0.44000000000000006
101,none,gbm,beta,static,,post,3000,0.521,0.6033985350377445,1.0740596505436553,0.02444018481817188,0.026874720075654904,0.2961104140526976,0.07866666666666666,0.26566666666666666,0.5171723907969323,0.5048349449816606,0.18733333333333335,0.2549,0.44000000000000006
101,none,gbm,beta,window,W300,pre,1500,0.514,0.6009492814013226,1.0448927139903956,0.03402893200330369,0.040846161399875146,0.2853107344632768,0.06733333333333333,0.236,0.49366244162775186,0.4749833222148099,0.20266666666666666,0.22993333333333335,0.44000000000000006
101,none,gbm,beta,window,W300,post,3000,0.521,0.6064640112725672,1.078391735334299,0.02665282999791581,0.0298898446509614,0.29209183673469385,0.07633333333333334,0.2613333333333333,0.5111703901300434,0.5048349449816606,0.13766666666666671,0.25506666666666666,0.44000000000000006
101,none,gbm,beta,window,W600,pre,1500,0.514,0.5995318701218293,1.0425970058845442,0.0374983799428565,0.04195640949088824,0.2898550724637681,0.06666666666666667,0.23,0.4923282188125417,0.4749833222148099,0.22133333333333338,0.23113333333333333,0.44000000000000006
101,none,gbm,beta,window,W600,post,3000,0.521,0.6061217477409717,1.0768676834696396,0.02531456963546765,0.025059931912532158,0.28475935828877,0.071,0.24933333333333332,0.5121707235745249,0.5048349449816606,0.1443333333333333,0.2568666666666667,0.44000000000000006
101,none,gbm,beta,window,W1200,pre,1500,0.514,0.5993459792123422,1.042789469046099,0.03181852139652035,0.03378319387316941,0.30601092896174864,0.07466666666666667,0.244,0.49566377585056703,0.4749833222148099,0.20933333333333337,0.235,0.44000000000000006
101,none,gbm,beta,window,W1200,post,3000,0.521,0.6046181760806408,1.0742282817277424,0.02321257909210415,0.022802081695427717,0.2702312138728324,0.06233333333333333,0.23066666666666666,0.5185061687229077,0.5048349449816606,0.17833333333333334,0.25766666666666665,0.44000000000000006
101,none,gbm,beta,expanding,all,pre,1500,0.514,0.5987595710533306,1.0418895796843728,0.03649868872125236,0.032524466090229825,0.29916897506925205,0.072,0.24066666666666667,0.4969979986657772,0.4749833222148099,0.21599999999999997,0.23666666666666666,0.44000000000000006
101,none,gbm,beta,expanding,all,post,3000,0.521,0.6049626272746926,1.0737931122032132,0.01794311492883337,0.02363382871135636,0.26299694189602446,0.05733333333333333,0.218,0.5148382794264755,0.5048349449816606,0.20299999999999996,0.25293333333333334,0.44000000000000006
101,none,gbm,beta,decay,HL150,pre,1500,0.514,0.600147097851127,1.044017052630439,0.03777025752115336,0.040757704714207234,0.28774928774928776,0.06733333333333333,0.234,0.49299533022014674,0.4749833222148099,0.20533333333333337,0.2272,0.44000000000000006
101,none,gbm,beta,decay,HL150,post,3000,0.521,0.6051966641057922,1.0759758724131663,0.023688250932089587,0.027546791132295436,0.2855263157894737,0.07233333333333333,0.25333333333333335,0.5128376125375125,0.5048349449816606,0.14800000000000002,0.2585,0.44000000000000006
101,none,gbm,beta,decay,HL400,pre,1500,0.514,0.5993213860468091,1.042558000536825,0.035534348758144235,0.03196554203281554,0.2934472934472934,0.06866666666666667,0.234,0.4896597731821214,0.4749833222148099,0.21999999999999997,0.23513333333333336,0.44000000000000006
101,none,gbm,beta,decay,HL400,post,3000,0.521,0.6050347880448659,1.0748953069314369,0.01936628938663231,0.027572908530745975,0.28312412831241285,0.06766666666666667,0.239,0.5131710570190063,0.5048349449816606,0.16833333333333333,0.25560000000000005,0.44000000000000006
101,none,gbm,beta,decay,HL1000,pre,1500,0.514,0.5989457748251692,1.042045800967306,0.02993137804861481,0.029284155750056034,0.29444444444444445,0.07066666666666667,0.24,0.4943295530353569,0.4749833222148099,0.21599999999999997,0.23580000000000004,0.44000000000000006
101,none,gbm,beta,decay,HL1000,post,3000,0.521,0.6049681550526552,1.0742364506692808,0.022771750542433664,0.024884929600516907,0.2626112759643917,0.059,0.22466666666666665,0.5168389463154385,0.5048349449816606,0.18866666666666665,0.25523333333333337,0.44000000000000006
101,none,gbm,isotonic,static,,pre,1500,0.514,0.5992504748952714,1.0456033186322007,0.04900964505273509,0.051506748975907124,0.3007518796992481,0.08,0.266,0.4816544362908606,0.4749833222148099,0.1246666666666667,0.2394666666666667,0.44000000000000006
101,none,gbm,isotonic,static,,post,3000,0.521,0.6044024382018185,1.0776203838341976,0.024665181523841145,0.031747147934237455,0.27823691460055094,0.06733333333333333,0.242,0.5121707235745249,0.5048349449816606,0.1353333333333333,0.26056666666666667,0.44000000000000006
101,none,gbm,isotonic,window,W300,pre,1500,0.514,0.6045517022897203,1.0569606852403348,0.04223093640322078,0.0455432358041341,0.3112391930835735,0.072,0.23133333333333334,0.4876584389593062,0.4749833222148099,0.2273333333333334,0.23173333333333335,0.44000000000000006
101,none,gbm,isotonic,window,W300,post,3000,0.521,0.6086465623238674,1.0875560757293643,0.03415920491416947,0.03430635858718263,0.3177142857142857,0.09266666666666666,0.2916666666666667,0.5058352784261421,0.5048349449816606,0.16266666666666663,0.25556666666666666,0.44000000000000006
101,none,gbm,isotonic,window,W600,pre,1500,0.514,0.6028193679604316,1.0510052121247278,0.03252171319325581,0.05291237820505772,0.3029411764705882,0.06866666666666667,0.22666666666666666,0.49299533022014674,0.4749833222148099,0.2326666666666667,0.23253333333333334,0.44000000000000006
101,none,gbm,isotonic,window,W600,post,3000,0.521,0.6073412026046238,1.0812033795398848,0.02522884649819417,0.029963976219494794,0.3005249343832021,0.07633333333333334,0.254,0.5151717239079693,0.5048349449816606,0.14700000000000002,0.2563666666666667,0.44000000000000006
101,none,gbm,isotonic,window,W1200,pre,1500,0.514,0.6009038885287585,1.047358916964558,0.03776838343732648,0.03973764939713431,0.28448275862068967,0.066,0.232,0.4896597731821214,0.4749833222148099,0.19933333333333336,0.23613333333333336,0.44000000000000006
101,none,gbm,isotonic,window,W1200,post,3000,0.521,0.6048512521757361,1.0762255503331895,0.019240337814547096,0.021050911766621667,0.28983516483516486,0.07033333333333333,0.24266666666666667,0.5155051683894631,0.5048349449816606,0.18466666666666665,0.25603333333333333,0.44000000000000006
101,none,gbm,isotonic,expanding,all,pre,1500,0.514,0.598950295240318,1.0427274666514967,0.02968008844939263,0.04438965787758334,0.2979274611398964,0.07666666666666666,0.25733333333333336,0.4876584389593062,0.4749833222148099,0.22666666666666668,0.23240000000000002,0.44000000000000006
101,none,gbm,isotonic,expanding,all,post,3000,0.521,0.6041326208319807,1.0734958975228874,0.018869226916379857,0.02520773702468179,0.2452504317789292,0.04733333333333333,0.193,0.5165055018339446,0.5048349449816606,0.17233333333333334,0.25776666666666664,0.44000000000000006
101,none,gbm,isotonic,decay,HL150,pre,1500,0.514,0.6021307189367638,1.0515994296178417,0.03935817562085127,0.04588042838934753,0.292817679558011,0.07066666666666667,0.24133333333333334,0.48432288192128087,0.4749833222148099,0.22599999999999998,0.23640000000000003,0.44000000000000006
101,none,gbm,isotonic,decay,HL150,post,3000,0.521,0.6069792784343124,1.082341855312836,0.02672242352706275,0.02879510247051053,0.30335731414868106,0.08433333333333333,0.278,0.5095031677225742,0.5048349449816606,0.16466666666666663,0.2573666666666667,0.44000000000000006
101,none,gbm,isotonic,decay,HL400,pre,1500,0.514,0.6017326263244337,1.0484497787716096,0.036926044862132815,0.04487925681255711,0.2861356932153392,0.06466666666666666,0.226,0.4876584389593062,0.4749833222148099,0.22066666666666668,0.23259999999999997,0.44000000000000006
101,none,gbm,isotonic,decay,HL400,post,3000,0.521,0.6051783508290098,1.0767375183175745,0.01986440641570217,0.02432238652368671,0.28225806451612906,0.07,0.248,0.511837279093031,0.5048349449816606,0.17533333333333334,0.2557666666666667,0.44000000000000006
101,none,gbm,isotonic,decay,HL1000,pre,1500,0.514,0.5995544024840015,1.0439773840326656,0.03052546827746344,0.04358771263451212,0.28059701492537314,0.06266666666666666,0.22333333333333333,0.4883255503669113,0.4749833222148099,0.21199999999999997,0.23360000000000003,0.44000000000000006
101,none,gbm,isotonic,decay,HL1000,post,3000,0.521,0.6044370613141979,1.0743458890132547,0.016951605603677193,0.027537509847183977,0.26489028213166144,0.05633333333333333,0.21266666666666667,0.5161720573524509,0.5048349449816606,0.17100000000000004,0.25733333333333336,0.44000000000000006
101,vol_jump,lr,temperature,static,,pre,1500,0.5746666666666667,0.5269844059919248,0.8845427516587582,0.01802064986133308,0.027297134981961485,0.25573770491803277,0.104,0.4066666666666667,0.3669112741827885,0.3362241494329553,0.09333333333333338,0.344,0.38
101,vol_jump,lr,temperature,static,,post,3000,0.5066666666666667,0.6209709438421669,1.0765174234528299,0.06682081430896293,0.07046900736335152,0.38011695906432746,0.15166666666666667,0.399,0.3807935978659553,0.34711570523507834,0.09766666666666668,0.21209999999999998,0.38
101,vol_jump,lr,temperature,window,W300,pre,1500,0.5746666666666667,0.52810249819667,0.8864325834877668,0.01604155894279029,0.030890522930713114,0.2593192868719611,0.10666666666666667,0.41133333333333333,0.3669112741827885,0.3362241494329553,0.09866666666666668,0.3430666666666667,0.38
101,vol_jump,lr,temperature,window,W300,post,3000,0.5066666666666667,0.6136389865522163,1.0339898133512035,0.03952473351715675,0.051168485362173596,0.33564814814814814,0.04833333333333333,0.144,0.4101367122374125,0.34711570523507834,0.22199999999999998,0.20816666666666667,0.38
101,vol_jump,lr,temperature,window,W600,pre,1500,0.5746666666666667,0.5275999369197809,0.8860547795019138,0.01474861978381135,0.030654783172743942,0.2624,0.10933333333333334,0.4166666666666667,0.3682454969979987,0.3362241494329553,0.09599999999999997,0.34440000000000004,0.38
101,vol_jump,lr,temperature,window,W600,post,3000,0.5066666666666667,0.6123954637285813,1.0321980065467684,0.0394507377968366,0.05399255005440657,0.3230452674897119,0.052333333333333336,0.162,0.40880293431143716,0.34711570523507834,0.21599999999999997,0.2131,0.38
101,vol_jump,lr,temperature,window,W1200,pre,1500,0.5746666666666667,0.5275110165723406,0.8858722316193057,0.01805925785898715,0.036603218667141404,0.2619047619047619,0.11,0.42,0.36490993995997334,0.3362241494329553,0.09066666666666667,0.3440666666666667,0.38
101,vol_jump,lr,temperature,window,W1200,post,3000,0.5066666666666667,0.6128340533577381,1.0347582282001486,0.03541134997984089,0.039678771863553584,0.3284132841328413,0.059333333333333335,0.18066666666666667,0.40546848949649883,0.34711570523507834,0.20299999999999996,0.21066666666666667,0.38
101,vol_jump,lr,temperature,expanding,all,pre,1500,0.5746666666666667,0.5272668310458958,0.885317482163055,0.013326144534923262,0.030337469818276137,0.2542955326460481,0.09866666666666667,0.388,0.3669112741827885,0.3362241494329553,0.10199999999999998,0.3434666666666667,0.38
101,vol_jump,lr,temperature,expanding,all,post,3000,0.5066666666666667,0.6144253222113647,1.050953872562177,0.03740349774526577,0.05070596093550429,0.3465140478668054,0.111,0.32033333333333336,0.38746248749583195,0.34711570523507834,0.127,0.21266666666666667,0.38
101,vol_jump,lr,temperature,decay,HL150,pre,1500,0.5746666666666667,0.5277150844163983,0.8862361934989934,0.014607694197151628,0.023266034016805607,0.25925925925925924,0.10733333333333334,0.414,0.36624416277518346,0.3362241494329553,0.09666666666666668,0.34353333333333336,0.38
101,vol_jump,lr,temperature,decay,HL150,post,3000,0.5066666666666667,0.612875338183972,1.0325476245061587,0.043068172566910624,0.04999322745860699,0.32134831460674157,0.04766666666666667,0.14833333333333334,0.41080360120040016,0.34711570523507834,0.22133333333333338,0.20986666666666667,0.38
101,vol_jump,lr,temperature,decay,HL400,pre,1500,0.5746666666666667,0.5272836128407485,0.8853977750806947,0.014200499763216272,0.03063879063011561,0.2592,0.108,0.4166666666666667,0.3675783855903936,0.3362241494329553,0.09333333333333338,0.3433333333333333,0.38
101,vol_jump,lr,temperature,decay,HL400,post,3000,0.5066666666666667,0.6123671358369019,1.0336582041419018,0.031458473565992635,0.0435982472624798,0.32234432234432236,0.058666666666666666,0.182,0.405135045015005,0.34711570523507834,0.20133333333333336,0.21353333333333335,0.38
101,vol_jump,lr,temperature,decay,HL1000,pre,1500,0.5746666666666667,0.5271328516783419,0.8850627793922222,0.015341249706326589,0.028180973447302034,0.25573770491803277,0.104,0.4066666666666667,0.3655770513675784,0.3362241494329553,0.09399999999999997,0.3444666666666667,0.38
101,vol_jump,lr,temperature,decay,HL1000,post,3000,0.5066666666666667,0.6124803970906638,1.0386046873813966,0.024688862068017303,0.03235238431874256,0.3314840499306519,0.07966666666666666,0.24033333333333334,0.39846615538512836,0.34711570523507834,0.17200000000000004,0.21093333333333336,0.38
101,vol_jump,lr,beta,static,,pre,1500,0.5746666666666667,0.5271952132596635,0.8852933596093632,0.019045662402585765,0.029332485544153655,0.2620578778135048,0.10866666666666666,0.4146666666666667,0.36891260840560375,0.3362241494329553,0.1293333333333333,0.34306666666666674,0.4
101,vol_jump,lr,beta,static,,post,3000,0.5066666666666667,0.6215508171866888,1.0772834604724397,0.07299519906658039,0.07528741195939734,0.37996688741721857,0.153,0.4026666666666667,0.38946315438479495,0.34711570523507834,0.1363333333333333,0.21296666666666667,0.4
101,vol_jump,lr,beta,window,W300,pre,1500,0.5746666666666667,0.5319287768762472,0.8941503718475188,0.02005612965539338,0.04065327744367095,0.26,0.104,0.4,0.37158105403602404,0.3362241494329553,0.124,0.34260000000000007,0.4
101,vol_jump,lr,beta,window,W300,post,3000,0.5066666666666667,0.6226363170953579,1.0664519112397248,0.021524696227808497,0.0369162137904268,0.3473557692307692,0.09633333333333334,0.2773333333333333,0.40880293431143716,0.34711570523507834,0.23199999999999998,0.20433333333333334,0.4
101,vol_jump,lr,beta,window,W600,pre,1500,0.5746666666666667,0.5297084321079041,0.8895490149788432,0.03306547997883756,0.03353941248035914,0.2686804451510334,0.11266666666666666,0.41933333333333334,0.3695797198132088,0.3362241494329553,0.11133333333333328,0.34413333333333335,0.4
101,vol_jump,lr,beta,window,W600,post,3000,0.5066666666666667,0.6196627279200002,1.0624430137787821,0.026443845914717292,0.0298288711517445,0.3430913348946136,0.09766666666666667,0.2846666666666667,0.41613871290430143,0.34711570523507834,0.2573333333333333,0.20296666666666668,0.4
101,vol_jump,lr,beta,window,W1200,pre,1500,0.5746666666666667,0.5294496656614779,0.8895760139007199,0.022433820450359,0.03157304511656889,0.26282051282051283,0.10933333333333334,0.416,0.37558372248165445,0.3362241494329553,0.1333333333333333,0.3423333333333333,0.4
101,vol_jump,lr,beta,window,W1200,post,3000,0.5066666666666667,0.6191846030084855,1.0617455505738282,0.030509209240602925,0.0383628210980943,0.34414831981460026,0.099,0.2876666666666667,0.41547182394131377,0.34711570523507834,0.257,0.20526666666666665,0.4
101,vol_jump,lr,beta,expanding,all,pre,1500,0.5746666666666667,0.5275187962689785,0.8856426960271022,0.012068998741578654,0.030320668113817034,0.25546218487394956,0.10133333333333333,0.39666666666666667,0.3882588392261508,0.3362241494329553,0.18733333333333335,0.3423333333333333,0.4
101,vol_jump,lr,beta,expanding,all,post,3000,0.5066666666666667,0.6182094700812713,1.0657589531767142,0.04342690895327366,0.053965363711236426,0.3546234509056244,0.124,0.3496666666666667,0.4041347115705235,0.34711570523507834,0.21066666666666667,0.2099666666666667,0.4
101,vol_jump,lr,beta,decay,HL150,pre,1500,0.5746666666666667,0.5307387639725187,0.8925440188040585,0.02197498656121829,0.03341233268126486,0.2545757071547421,0.102,0.40066666666666667,0.3609072715143429,0.3362241494329553,0.11399999999999999,0.348,0.4
101,vol_jump,lr,beta,decay,HL150,post,3000,0.5066666666666667,0.621282593303919,1.0644731457294412,0.027222436974898075,0.035039505880549084,0.3415492957746479,0.097,0.284,0.4084694898299433,0.34711570523507834,0.2453333333333333,0.20486666666666667,0.4
101,vol_jump,lr,beta,decay,HL400,pre,1500,0.5746666666666667,0.5289857503896112,0.8887317185346413,0.0216244799277086,0.033058330997065496,0.26375404530744334,0.10866666666666666,0.412,0.3722481654436291,0.3362241494329553,0.1373333333333333,0.34393333333333337,0.4
101,vol_jump,lr,beta,decay,HL400,post,3000,0.5066666666666667,0.6191796072311675,1.0619665137727536,0.028691707371203242,0.03793411663171916,0.3386363636363636,0.09933333333333333,0.29333333333333333,0.41313771257085696,0.34711570523507834,0.25,0.20533333333333334,0.4
101,vol_jump,lr,beta,decay,HL1000,pre,1500,0.5746666666666667,0.5281562030383241,0.8868329543346426,0.016451632110184848,0.03328504844570848,0.2573770491803279,0.10466666666666667,0.4066666666666667,0.38492328218812544,0.3362241494329553,0.17000000000000004,0.3416666666666667,0.4
101,vol_jump,lr,beta,decay,HL1000,post,3000,0.5066666666666667,0.6184238781176332,1.062640536221903,0.03177433340750697,0.0419063597118786,0.34501061571125263,0.10833333333333334,0.314,0.41113704568189396,0.34711570523507834,0.23633333333333328,0.20743333333333333,0.4
101,vol_jump,lr,isotonic,static,,pre,1500,0.5746666666666667,0.5274576329346468,0.8854498105671058,0.0216102301634105,0.03616290250846669,0.26426426426426425,0.11733333333333333,0.444,0.3629086057371581,0.3362241494329553,0.08066666666666666,0.345,0.38
101,vol_jump,lr,isotonic,static,,post,3000,0.5066666666666667,0.6241936809816094,1.0828366557641667,0.0746904024650381,0.08972752257305612,0.38990825688073394,0.17,0.436,0.37279093031010335,0.34711570523507834,0.08033333333333337,0.21030000000000004,0.38
101,vol_jump,lr,isotonic,window,W300,pre,1500,0.5746666666666667,0.5335420835593967,0.897384276336718,0.04175234597213753,0.047023673911828316,0.26584234930448225,0.11466666666666667,0.43133333333333335,0.3675783855903936,0.3362241494329553,0.09399999999999997,0.34693333333333337,0.38
101,vol_jump,lr,isotonic,window,W300,post,3000,0.5066666666666667,0.6226801037569767,1.071280412681598,0.02560330048582741,0.04099343056625916,0.3377885783718105,0.09266666666666666,0.2743333333333333,0.401133711237079,0.34711570523507834,0.17766666666666664,0.2129666666666667,0.38
101,vol_jump,lr,isotonic,window,W600,pre,1500,0.5746666666666667,0.531294172820762,0.8935882312697632,0.02368397689823569,0.03650293270749614,0.2698907956318253,0.11533333333333333,0.42733333333333334,0.3549032688458973,0.3362241494329553,0.05133333333333334,0.3504000000000001,0.38
101,vol_jump,lr,isotonic,window,W600,post,3000,0.5066666666666667,0.6198452725864483,1.0668874259731504,0.02248149314331306,0.04277633782874145,0.32639791937581275,0.08366666666666667,0.25633333333333336,0.4041347115705235,0.34711570523507834,0.18666666666666665,0.21033333333333334,0.38
101,vol_jump,lr,isotonic,window,W1200,pre,1500,0.5746666666666667,0.52932216978986,0.8892235105949206,0.034266370063870955,0.030676895708287504,0.27896341463414637,0.122,0.43733333333333335,0.3542361574382922,0.3362241494329553,0.03266666666666662,0.3453333333333333,0.38
101,vol_jump,lr,isotonic,window,W1200,post,3000,0.5066666666666667,0.6193404464204315,1.0641759203678343,0.022804768099200404,0.035130507639973926,0.33634020618556704,0.087,0.25866666666666666,0.40146715571857283,0.34711570523507834,0.18633333333333335,0.21250000000000005,0.38
101,vol_jump,lr,isotonic,expanding,all,pre,1500,0.5746666666666667,0.5275295529668329,0.8857681692730672,0.02249449601073446,0.03424243737789661,0.25704225352112675,0.09733333333333333,0.37866666666666665,0.3642428285523682,0.3362241494329553,0.09466666666666668,0.34080000000000005,0.38
101,vol_jump,lr,isotonic,expanding,all,post,3000,0.5066666666666667,0.6197406953735586,1.0689138793919883,0.04498513956775516,0.05159569787728811,0.3548707753479125,0.119,0.3353333333333333,0.3884628209403134,0.34711570523507834,0.1343333333333333,0.2133,0.38
101,vol_jump,lr,isotonic,decay,HL150,pre,1500,0.5746666666666667,0.5328933443950499,0.8961759567028348,0.024864667026747805,0.04187403305377504,0.281437125748503,0.12533333333333332,0.44533333333333336,0.361574382921948,0.3362241494329553,0.06866666666666665,0.34786666666666666,0.38
101,vol_jump,lr,isotonic,decay,HL150,post,3000,0.5066666666666667,0.6214109787846503,1.0692932069262895,0.02852302859580118,0.04144271442693541,0.32275132275132273,0.08133333333333333,0.252,0.3987995998666222,0.34711570523507834,0.17800000000000005,0.2114,0.38
101,vol_jump,lr,isotonic,decay,HL400,pre,1500,0.5746666666666667,0.5299613046322039,0.8904752431747844,0.02064228020386392,0.03939105648816562,0.27421758569299554,0.12266666666666666,0.44733333333333336,0.3542361574382922,0.3362241494329553,0.04733333333333334,0.34693333333333337,0.38
101,vol_jump,lr,isotonic,decay,HL400,post,3000,0.5066666666666667,0.6190072377773936,1.0637229332066007,0.025254665143297376,0.03174669775017157,0.32987012987012987,0.08466666666666667,0.25666666666666665,0.4041347115705235,0.34711570523507834,0.18200000000000005,0.21150000000000005,0.38
101,vol_jump,lr,isotonic,decay,HL1000,pre,1500,0.5746666666666667,0.5283326202886228,0.8872332417635085,0.01813591887985106,0.03350325883025419,0.27492447129909364,0.12133333333333333,0.44133333333333336,0.3495663775850567,0.3362241494329553,0.04133333333333333,0.34180000000000005,0.38
101,vol_jump,lr,isotonic,decay,HL1000,post,3000,0.5066666666666667,0.6184883798248193,1.0637198844702964,0.031032698991828877,0.04036702974790844,0.34641255605381166,0.103,0.29733333333333334,0.39613204401467156,0.34711570523507834,0.17466666666666664,0.21126666666666669,0.38
101,vol_jump,gbm,temperature,static,,pre,1500,0.514,0.5827955197139204,0.9715112562838439,0.03758344970710324,0.03839211095678139,0.2935560859188544,0.082,0.2793333333333333,0.494996664442962,0.4749833222148099,0.19066666666666665,0.242,0.42000000000000004
101,vol_jump,gbm,temperature,static,,post,3000,0.4716666666666667,0.6355796624653987,1.0697554763979467,0.062265556028689543,0.059679735087953295,0.38132295719844356,0.098,0.257,0.5058352784261421,0.5048349449816606,0.19899999999999995,0.17163333333333336,0.42000000000000004
101,vol_jump,gbm,temperature,window,W300,pre,1500,0.514,0.584146118820753,0.9732278957656217,0.021893514441625222,0.04180760871641358,0.28969359331476324,0.06933333333333333,0.23933333333333334,0.48899266177451634,0.4749833222148099,0.21799999999999997,0.24106666666666668,0.42000000000000004
101,vol_jump,gbm,temperature,window,W300,post,3000,0.4716666666666667,0.6290005954545157,1.0500220723796068,0.023843390054074484,0.030848896571014445,0.34615384615384615,0.027,0.078,0.4614871623874625,0.5048349449816606,0.41933333333333334,0.1507,0.42000000000000004
101,vol_jump,gbm,temperature,window,W600,pre,1500,0.514,0.5834339715651888,0.9720942965157123,0.029947861809191637,0.0392515683511321,0.2925531914893617,0.07333333333333333,0.25066666666666665,0.4963308872581721,0.4749833222148099,0.20333333333333337,0.24006666666666668,0.42000000000000004
101,vol_jump,gbm,temperature,window,W600,post,3000,0.4716666666666667,0.6283737045475676,1.0486502562376487,0.013190891007996293,0.029518120641881904,0.3305785123966942,0.02666666666666667,0.08066666666666666,0.47849283094364786,0.5048349449816606,0.4013333333333333,0.15316666666666665,0.42000000000000004
101,vol_jump,gbm,temperature,window,W1200,pre,1500,0.514,0.5832585653005533,0.972043699393561,0.0290202876209764,0.0346389131468766,0.3,0.08,0.26666666666666666,0.49299533022014674,0.4749833222148099,0.19399999999999995,0.2434666666666667,0.42000000000000004
101,vol_jump,gbm,temperature,window,W1200,post,3000,0.4716666666666667,0.6281103369293832,1.0489004959871626,0.010990093584376644,0.02057112563013215,0.33941605839416056,0.031,0.09133333333333334,0.4778259419806602,0.5048349449816606,0.3856666666666667,0.15573333333333333,0.42000000000000004
101,vol_jump,gbm,temperature,expanding,all,pre,1500,0.514,0.5824572400879033,0.9712581561552003,0.024657927164394352,0.03260747145307089,0.2845528455284553,0.07,0.246,0.49366244162775186,0.4749833222148099,0.21133333333333337,0.24273333333333336,0.42000000000000004
101,vol_jump,gbm,temperature,expanding,all,post,3000,0.4716666666666667,0.6302458876345293,1.0565182419804324,0.03373322274592244,0.03391783100184073,0.3522935779816514,0.064,0.18166666666666667,0.5075025008336113,0.5048349449816606,0.258,0.16753333333333334,0.42000000000000004
101,vol_jump,gbm,temperature,decay,HL150,pre,1500,0.514,0.58359867457141,0.9723551853955885,0.025912195550003632,0.04378512007522246,0.2975871313672922,0.074,0.24866666666666667,0.4943295530353569,0.4749833222148099,0.20866666666666667,0.23980000000000004,0.42000000000000004
101,vol_jump,gbm,temperature,decay,HL150,post,3000,0.4716666666666667,0.628269719663335,1.0486896705148143,0.013435545317354377,0.03449165621824188,0.3305439330543933,0.026333333333333334,0.07966666666666666,0.46515505168389465,0.5048349449816606,0.41100000000000003,0.15193333333333334,0.42000000000000004
101,vol_jump,gbm,temperature,decay,HL400,pre,1500,0.514,0.5831179682825588,0.9717679401123931,0.02644869175216934,0.03694051459582445,0.2916666666666667,0.07466666666666667,0.256,0.49566377585056703,0.4749833222148099,0.20066666666666666,0.24273333333333336,0.42000000000000004
101,vol_jump,gbm,temperature,decay,HL400,post,3000,0.4716666666666667,0.6280988563511729,1.0489154756942198,0.011496078950526987,0.022621378913819618,0.3357664233576642,0.030666666666666665,0.09133333333333334,0.486162054018006,0.5048349449816606,0.3796666666666667,0.1539,0.42000000000000004
101,vol_jump,gbm,temperature,decay,HL1000,pre,1500,0.514,0.5827192253094147,0.9714538960986765,0.027455257598376845,0.03070428326138634,0.2845953002610966,0.07266666666666667,0.25533333333333336,0.49566377585056703,0.4749833222148099,0.20466666666666666,0.24320000000000006,0.42000000000000004
101,vol_jump,gbm,temperature,decay,HL1000,post,3000,0.4716666666666667,0.6284006655887435,1.050839631632038,0.013281001541888117,0.021472907832903055,0.33866666666666667,0.042333333333333334,0.125,0.4964988329443148,0.5048349449816606,0.32666666666666666,0.1631,0.42000000000000004
101,vol_jump,gbm,beta,static,,pre,1500,0.514,0.5984616447949523,1.0433799550067533,0.042599356482334996,0.04792987125831493,0.308584686774942,0.08866666666666667,0.28733333333333333,0.49099399599733157,0.4749833222148099,0.18333333333333335,0.23806666666666668,0.44000000000000006
101,vol_jump,gbm,beta,static,,post,3000,0.4716666666666667,0.6706630249913486,1.2646374622509027,0.07115007787098025,0.07115007787098024,0.39021329987452946,0.10366666666666667,0.26566666666666666,0.5171723907969323,0.5048349449816606,0.18733333333333335,0.17153333333333334,0.44000000000000006
101,vol_jump,gbm,beta,window,W300,pre,1500,0.514,0.6009492814013226,1.0448927139903956,0.03402893200330369,0.040846161399875146,0.2853107344632768,0.06733333333333333,0.236,0.49366244162775186,0.4749833222148099,0.20266666666666666,0.22993333333333335,0.44000000000000006
101,vol_jump,gbm,beta,window,W300,post,3000,0.4716666666666667,0.6737710084862237,1.2567421944977324,0.03387477232866969,0.041717339892511446,0.363013698630137,0.053,0.146,0.5068356118706235,0.5048349449816606,0.19666666666666666,0.173,0.44000000000000006
101,vol_jump,gbm,beta,window,W600,pre,1500,0.514,0.5995318701218293,1.0425970058845442,0.0374983799428565,0.04195640949088824,0.2898550724637681,0.06666666666666667,0.23,0.4923282188125417,0.4749833222148099,0.22133333333333338,0.23113333333333333,0.44000000000000006
101,vol_jump,gbm,beta,window,W600,post,3000,0.4716666666666667,0.6732121400744697,1.2556055638503791,0.034329044027200765,0.043969340244313725,0.3401015228426396,0.04466666666666667,0.13133333333333333,0.5105035011670557,0.5048349449816606,0.20099999999999996,0.16686666666666666,0.44000000000000006
101,vol_jump,gbm,beta,window,W1200,pre,1500,0.514,0.5993459792123422,1.042789469046099,0.03181852139652035,0.03378319387316941,0.30601092896174864,0.07466666666666667,0.244,0.49566377585056703,0.4749833222148099,0.20933333333333337,0.235,0.44000000000000006
101,vol_jump,gbm,beta,window,W1200,post,3000,0.4716666666666667,0.6716583110471703,1.2534178777068101,0.03028900631972549,0.0366167405776244,0.34057971014492755,0.047,0.138,0.5148382794264755,0.5048349449816606,0.235,0.16973333333333335,0.44000000000000006
101,vol_jump,gbm,beta,expanding,all,pre,1500,0.514,0.5987595710533306,1.0418895796843728,0.03649868872125236,0.032524466090229825,0.29916897506925205,0.072,0.24066666666666667,0.4969979986657772,0.4749833222148099,0.21599999999999997,0.23666666666666666,0.44000000000000006
101,vol_jump,gbm,beta,expanding,all,post,3000,0.4716666666666667,0.670156599030692,1.2568689425966564,0.047763803114703574,0.048994938789710674,0.3492333901192504,0.06833333333333333,0.19566666666666666,0.513837945981994,0.5048349449816606,0.22066666666666668,0.16936666666666667,0.44000000000000006
101,vol_jump,gbm,beta,decay,HL150,pre,1500,0.514,0.600147097851127,1.044017052630439,0.03777025752115336,0.040757704714207234,0.28774928774928776,0.06733333333333333,0.234,0.49299533022014674,0.4749833222148099,0.20533333333333337,0.2272,0.44000000000000006
101,vol_jump,gbm,beta,decay,HL150,post,3000,0.4716666666666667,0.6733343806692347,1.2554888116223397,0.03536603535807266,0.04060132184122135,0.3350253807106599,0.044,0.13133333333333333,0.507835945315105,0.5048349449816606,0.20599999999999996,0.16843333333333332,0.44000000000000006
101,vol_jump,gbm,beta,decay,HL400,pre,1500,0.514,0.5993213860468091,1.042558000536825,0.035534348758144235,0.03196554203281554,0.2934472934472934,0.06866666666666667,0.234,0.4896597731821214,0.4749833222148099,0.21999999999999997,0.23513333333333336,0.44000000000000006
101,vol_jump,gbm,beta,decay,HL400,post,3000,0.4716666666666667,0.6721073062335439,1.2541774465894453,0.03291903973463169,0.04146377864530515,0.33985330073349634,0.04633333333333333,0.13633333333333333,0.5105035011670557,0.5048349449816606,0.21966666666666668,0.16979999999999998,0.44000000000000006
101,vol_jump,gbm,beta,decay,HL1000,pre,1500,0.514,0.5989457748251692,1.042045800967306,0.02993137804861481,0.029284155750056034,0.29444444444444445,0.07066666666666667,0.24,0.4943295530353569,0.4749833222148099,0.21599999999999997,0.23580000000000004,0.44000000000000006
101,vol_jump,gbm,beta,decay,HL1000,post,3000,0.4716666666666667,0.671093615689075,1.2545748402929942,0.03790028244741007,0.03944462923009659,0.3410041841004184,0.05433333333333333,0.15933333333333333,0.5151717239079693,0.5048349449816606,0.22199999999999998,0.16836666666666666,0.44000000000000006
101,vol_jump,gbm,isotonic,static,,pre,1500,0.514,0.5992504748952714,1.0456033186322007,0.04900964505273509,0.051506748975907124,0.3007518796992481,0.08,0.266,0.4816544362908606,0.4749833222148099,0.1246666666666667,0.2394666666666667,0.44000000000000006
101,vol_jump,gbm,isotonic,static,,post,3000,0.4716666666666667,0.6715554073859076,1.2700108541508617,0.07399851485717449,0.07399851485717451,0.371900826446281,0.09,0.242,0.5121707235745249,0.5048349449816606,0.1353333333333333,0.17440000000000003,0.44000000000000006
101,vol_jump,gbm,isotonic,window,W300,pre,1500,0.514,0.6045517022897203,1.0569606852403348,0.04223093640322078,0.0455432358041341,0.3112391930835735,0.072,0.23133333333333334,0.4876584389593062,0.4749833222148099,0.2273333333333334,0.23173333333333335,0.44000000000000006
101,vol_jump,gbm,isotonic,window,W300,post,3000,0.4716666666666667,0.6750602111142648,1.2668492930451476,0.042340167614237784,0.04330848412108801,0.38397328881469117,0.07666666666666666,0.19966666666666666,0.5048349449816606,0.5048349449816606,0.21266666666666667,0.17280000000000004,0.44000000000000006
101,vol_jump,gbm,isotonic,window,W600,pre,1500,0.514,0.6028193679604316,1.0510052121247278,0.03252171319325581,0.05291237820505772,0.3029411764705882,0.06866666666666667,0.22666666666666666,0.49299533022014674,0.4749833222148099,0.2326666666666667,0.23253333333333334,0.44000000000000006
101,vol_jump,gbm,isotonic,window,W600,post,3000,0.4716666666666667,0.6738802577852522,1.2616231674130534,0.03884592609124836,0.04410843998189533,0.36607142857142855,0.06833333333333333,0.18666666666666668,0.5058352784261421,0.5048349449816606,0.21466666666666667,0.16759999999999997,0.44000000000000006
101,vol_jump,gbm,isotonic,window,W1200,pre,1500,0.514,0.6009038885287585,1.047358916964558,0.03776838343732648,0.03973764939713431,0.28448275862068967,0.066,0.232,0.4896597731821214,0.4749833222148099,0.19933333333333336,0.23613333333333336,0.44000000000000006
101,vol_jump,gbm,isotonic,window,W1200,post,3000,0.4716666666666667,0.6718165366171203,1.2561142569860262,0.035085348816051,0.03508534881605098,0.35645472061657035,0.06166666666666667,0.173,0.5068356118706235,0.5048349449816606,0.2576666666666667,0.16703333333333334,0.44000000000000006
101,vol_jump,gbm,isotonic,expanding,all,pre,1500,0.514,0.598950295240318,1.0427274666514967,0.02968008844939263,0.04438965787758334,0.2979274611398964,0.07666666666666666,0.25733333333333336,0.4876584389593062,0.4749833222148099,0.22666666666666668,0.23240000000000002,0.44000000000000006
101,vol_jump,gbm,isotonic,expanding,all,post,3000,0.4716666666666667,0.6699657910798389,1.2578099271487153,0.05028734863469304,0.050287348634693016,0.3460207612456747,0.06666666666666667,0.19266666666666668,0.5108369456485495,0.5048349449816606,0.20466666666666666,0.17290000000000003,0.44000000000000006
101,vol_jump,gbm,isotonic,decay,HL150,pre,1500,0.514,0.6021307189367638,1.0515994296178417,0.03935817562085127,0.04588042838934753,0.292817679558011,0.07066666666666667,0.24133333333333334,0.48432288192128087,0.4749833222148099,0.22599999999999998,0.23640000000000003,0.44000000000000006
101,vol_jump,gbm,isotonic,decay,HL150,post,3000,0.4716666666666667,0.6744152122921013,1.2626572960248257,0.038457083798865616,0.04044872398240601,0.3659491193737769,0.06233333333333333,0.17033333333333334,0.5091697232410803,0.5048349449816606,0.21033333333333337,0.1725,0.44000000000000006
101,vol_jump,gbm,isotonic,decay,HL400,pre,1500,0.514,0.6017326263244337,1.0484497787716096,0.036926044862132815,0.04487925681255711,0.2861356932153392,0.06466666666666666,0.226,0.4876584389593062,0.4749833222148099,0.22066666666666668,0.23259999999999997,0.44000000000000006
101,vol_jump,gbm,isotonic,decay,HL400,post,3000,0.4716666666666667,0.6730580792075743,1.2582732605331752,0.03622066990727432,0.03719374484322177,0.3708838821490468,0.07133333333333333,0.19233333333333333,0.5121707235745249,0.5048349449816606,0.22666666666666668,0.1692,0.44000000000000006
101,vol_jump,gbm,isotonic,decay,HL1000,pre,1500,0.514,0.5995544024840015,1.0439773840326656,0.03052546827746344,0.04358771263451212,0.28059701492537314,0.06266666666666666,0.22333333333333333,0.4883255503669113,0.4749833222148099,0.21199999999999997,0.23360000000000003,0.44000000000000006
101,vol_jump,gbm,isotonic,decay,HL1000,post,3000,0.4716666666666667,0.6711777342031141,1.25677828024587,0.040217904971043675,0.040924692360912646,0.34912280701754383,0.06633333333333333,0.19,0.5098366122040681,0.5048349449816606,0.22599999999999998,0.1691,0.44000000000000006
101,regime_transition,lr,temperature,static,,pre,1500,0.5746666666666667,0.5269844059919248,0.8845427516587582,0.01802064986133308,0.027297134981961485,0.25573770491803277,0.104,0.4066666666666667,0.3669112741827885,0.3362241494329553,0.09333333333333338,0.344,0.38
101,regime_transition,lr,temperature,static,,post,3000,0.459,0.6566749159741224,1.1185387639193864,0.11355812868847413,0.11355812868847415,0.44611528822055135,0.178,0.399,0.3807935978659553,0.34711570523507834,0.09766666666666668,0.13963333333333333,0.38
101,regime_transition,lr,temperature,window,W300,pre,1500,0.5746666666666667,0.52810249819667,0.8864325834877668,0.01604155894279029,0.030890522930713114,0.2593192868719611,0.10666666666666667,0.41133333333333333,0.3669112741827885,0.3362241494329553,0.09866666666666668,0.3430666666666667,0.38
101,regime_transition,lr,temperature,window,W300,post,3000,0.459,0.6270951682256425,1.0428412968571117,0.019755003995704304,0.029914435551766698,0.34946236559139787,0.043333333333333335,0.124,0.4168056018672891,0.34711570523507834,0.272,0.14286666666666667,0.38
101,regime_transition,lr,temperature,window,W600,pre,1500,0.5746666666666667,0.5275999369197809,0.8860547795019138,0.01474861978381135,0.030654783172743942,0.2624,0.10933333333333334,0.4166666666666667,0.3682454969979987,0.3362241494329553,0.09599999999999997,0.34440000000000004,0.38
101,regime_transition,lr,temperature,window,W600,post,3000,0.459,0.6268579961524301,1.0439131826876995,0.01855898854059835,0.024191960785970076,0.36319612590799033,0.05,0.13766666666666666,0.4101367122374125,0.34711570523507834,0.2513333333333333,0.14063333333333333,0.38
101,regime_transition,lr,temperature,window,W1200,pre,1500,0.5746666666666667,0.5275110165723406,0.8858722316193057,0.01805925785898715,0.036603218667141404,0.2619047619047619,0.11,0.42,0.36490993995997334,0.3362241494329553,0.09066666666666667,0.3440666666666667,0.38
101,regime_transition,lr,temperature,window,W1200,post,3000,0.459,0.6280990634842736,1.0477690420887313,0.02338012237419291,0.02402119531372842,0.37786259541984735,0.066,0.17466666666666666,0.40446815605201736,0.34711570523507834,0.22366666666666668,0.14326666666666668,0.38
101,regime_transition,lr,temperature,expanding,all,pre,1500,0.5746666666666667,0.5272668310458958,0.885317482163055,0.013326144534923262,0.030337469818276137,0.2542955326460481,0.09866666666666667,0.388,0.3669112741827885,0.3362241494329553,0.10199999999999998,0.3434666666666667,0.38
101,regime_transition,lr,temperature,expanding,all,post,3000,0.459,0.6426491288759903,1.0818590317451748,0.08330943485982496,0.08330943485982496,0.4153061224489796,0.13566666666666666,0.32666666666666666,0.3864621540513504,0.34711570523507834,0.125,0.1415,0.38
101,regime_transition,lr,temperature,decay,HL150,pre,1500,0.5746666666666667,0.5277150844163983,0.8862361934989934,0.014607694197151628,0.023266034016805607,0.25925925925925924,0.10733333333333334,0.414,0.36624416277518346,0.3362241494329553,0.09666666666666668,0.34353333333333336,0.38
101,regime_transition,lr,temperature,decay,HL150,post,3000,0.459,0.6268663961562854,1.0430360298869514,0.019376927457634252,0.02230749040276581,0.35279187817258884,0.04633333333333333,0.13133333333333333,0.41747249083027677,0.34711570523507834,0.266,0.14223333333333332,0.38
101,regime_transition,lr,temperature,decay,HL400,pre,1500,0.5746666666666667,0.5272836128407485,0.8853977750806947,0.014200499763216272,0.03063879063011561,0.2592,0.108,0.4166666666666667,0.3675783855903936,0.3362241494329553,0.09333333333333338,0.3433333333333333,0.38
101,regime_transition,lr,temperature,decay,HL400,post,3000,0.459,0.6273588686465644,1.045736918048913,0.02440870435656772,0.02627092436553003,0.37254901960784315,0.06333333333333334,0.17,0.4101367122374125,0.34711570523507834,0.22566666666666668,0.14333333333333334,0.38
101,regime_transition,lr,temperature,decay,HL1000,pre,1500,0.5746666666666667,0.5271328516783419,0.8850627793922222,0.015341249706326589,0.028180973447302034,0.25573770491803277,0.104,0.4066666666666667,0.3655770513675784,0.3362241494329553,0.09399999999999997,0.3444666666666667,0.38
101,regime_transition,lr,temperature,decay,HL1000,post,3000,0.459,0.6314399220296558,1.0557480616928967,0.04819849128455423,0.04819849128455421,0.3960674157303371,0.094,0.23733333333333334,0.3947982660886962,0.34711570523507834,0.17300000000000004,0.14363333333333334,0.38
101,regime_transition,lr,beta,static,,pre,1500,0.5746666666666667,0.5271952132596635,0.8852933596093632,0.019045662402585765,0.029332485544153655,0.2620578778135048,0.10866666666666666,0.4146666666666667,0.36891260840560375,0.3362241494329553,0.1293333333333333,0.34306666666666674,0.4
101,regime_transition,lr,beta,static,,post,3000,0.459,0.6587712603840256,1.121970896058094,0.12066186573324704,0.12066186573324708,0.4470198675496689,0.18,0.4026666666666667,0.38946315438479495,0.34711570523507834,0.1363333333333333,0.1429,0.4
101,regime_transition,lr,beta,window,W300,pre,1500,0.5746666666666667,0.5319287768762472,0.8941503718475188,0.02005612965539338,0.04065327744367095,0.26,0.104,0.4,0.37158105403602404,0.3362241494329553,0.124,0.34260000000000007,0.4
101,regime_transition,lr,beta,window,W300,post,3000,0.459,0.6396659221710729,1.0765691119931438,0.02219632024481878,0.03525893591352139,0.36542669584245074,0.05566666666666667,0.15233333333333332,0.4124708236078693,0.34711570523507834,0.2706666666666667,0.13906666666666667,0.4
101,regime_transition,lr,beta,window,W600,pre,1500,0.5746666666666667,0.5297084321079041,0.8895490149788432,0.03306547997883756,0.03353941248035914,0.2686804451510334,0.11266666666666666,0.41933333333333334,0.3695797198132088,0.3362241494329553,0.11133333333333328,0.34413333333333335,0.4
101,regime_transition,lr,beta,window,W600,post,3000,0.459,0.6379111473741855,1.0750794606653635,0.02567086419783308,0.029680139937786634,0.3653444676409186,0.058333333333333334,0.15966666666666668,0.42180726908969657,0.34711570523507834,0.2853333333333333,0.14079999999999998,0.4
101,regime_transition,lr,beta,window,W1200,pre,1500,0.5746666666666667,0.5294496656614779,0.8895760139007199,0.022433820450359,0.03157304511656889,0.26282051282051283,0.10933333333333334,0.416,0.37558372248165445,0.3362241494329553,0.1333333333333333,0.3423333333333333,0.4
101,regime_transition,lr,beta,window,W1200,post,3000,0.459,0.6372867605596082,1.0750316870064456,0.03397083096539087,0.0339708309653909,0.38501742160278746,0.07366666666666667,0.19133333333333333,0.42014004668222743,0.34711570523507834,0.271,0.14376666666666668,0.4
101,regime_transition,lr,beta,expanding,all,pre,1500,0.5746666666666667,0.5275187962689785,0.8856426960271022,0.012068998741578654,0.030320668113817034,0.25546218487394956,0.10133333333333333,0.39666666666666667,0.3882588392261508,0.3362241494329553,0.18733333333333335,0.3423333333333333,0.4
101,regime_transition,lr,beta,expanding,all,post,3000,0.459,0.6462069895080655,1.0953549129253208,0.08676459626433543,0.0869995056553244,0.42023346303501946,0.144,0.3426666666666667,0.4018006002000667,0.34711570523507834,0.20233333333333337,0.14453333333333335,0.4
101,regime_transition,lr,beta,decay,HL150,pre,1500,0.5746666666666667,0.5307387639725187,0.8925440188040585,0.02197498656121829,0.03341233268126486,0.2545757071547421,0.102,0.40066666666666667,0.3609072715143429,0.3362241494329553,0.11399999999999999,0.348,0.4
101,regime_transition,lr,beta,decay,HL150,post,3000,0.459,0.6391551099253152,1.075980043996515,0.023302645380299875,0.023431046708283814,0.367032967032967,0.05566666666666667,0.15166666666666667,0.4144714904968323,0.34711570523507834,0.266,0.141,0.4
101,regime_transition,lr,beta,decay,HL400,pre,1500,0.5746666666666667,0.5289857503896112,0.8887317185346413,0.0216244799277086,0.033058330997065496,0.26375404530744334,0.10866666666666666,0.412,0.3722481654436291,0.3362241494329553,0.1373333333333333,0.34393333333333337,0.4
101,regime_transition,lr,beta,decay,HL400,post,3000,0.459,0.6374047215477231,1.0750664546013204,0.03425293840727619,0.038055260201674636,0.37565217391304345,0.072,0.19166666666666668,0.4144714904968323,0.34711570523507834,0.266,0.1456,0.4
101,regime_transition,lr,beta,decay,HL1000,pre,1500,0.5746666666666667,0.5281562030383241,0.8868329543346426,0.016451632110184848,0.03328504844570848,0.2573770491803279,0.10466666666666667,0.4066666666666667,0.38492328218812544,0.3362241494329553,0.17000000000000004,0.3416666666666667,0.4
101,regime_transition,lr,beta,decay,HL1000,post,3000,0.459,0.6387800365792622,1.0798929523126157,0.05658876430949904,0.058129536961735694,0.3896774193548387,0.10066666666666667,0.25833333333333336,0.41380460153384463,0.34711570523507834,0.23199999999999998,0.14376666666666668,0.4
101,regime_transition,lr,isotonic,static,,pre,1500,0.5746666666666667,0.5274576329346468,0.8854498105671058,0.0216102301634105,0.03616290250846669,0.26426426426426425,0.11733333333333333,0.444,0.3629086057371581,0.3362241494329553,0.08066666666666666,0.345,0.38
101,regime_transition,lr,isotonic,static,,post,3000,0.459,0.6615039365463024,1.1288872486750572,0.1208401427077661,0.12084014270776605,0.459480122324159,0.20033333333333334,0.436,0.37279093031010335,0.34711570523507834,0.08033333333333337,0.1381,0.38
101,regime_transition,lr,isotonic,window,W300,pre,1500,0.5746666666666667,0.5335420835593967,0.897384276336718,0.04175234597213753,0.047023673911828316,0.26584234930448225,0.11466666666666667,0.43133333333333335,0.3675783855903936,0.3362241494329553,0.09399999999999997,0.34693333333333337,0.38
101,regime_transition,lr,isotonic,window,W300,post,3000,0.459,0.6406849839989146,1.0814074381268064,0.030245809922890936,0.041733046533174556,0.38803418803418804,0.07566666666666666,0.195,0.4021340446815605,0.34711570523507834,0.19566666666666666,0.14033333333333334,0.38
101,regime_transition,lr,isotonic,window,W600,pre,1500,0.5746666666666667,0.531294172820762,0.8935882312697632,0.02368397689823569,0.03650293270749614,0.2698907956318253,0.11533333333333333,0.42733333333333334,0.3549032688458973,0.3362241494329553,0.05133333333333334,0.3504000000000001,0.38
101,regime_transition,lr,isotonic,window,W600,post,3000,0.459,0.6386249412259464,1.0789475947112914,0.03173401833132415,0.034001106018764035,0.36995153473344106,0.07633333333333334,0.20633333333333334,0.405135045015005,0.34711570523507834,0.19733333333333336,0.14043333333333333,0.38
101,regime_transition,lr,isotonic,window,W1200,pre,1500,0.5746666666666667,0.52932216978986,0.8892235105949206,0.034266370063870955,0.030676895708287504,0.27896341463414637,0.122,0.43733333333333335,0.3542361574382922,0.3362241494329553,0.03266666666666662,0.3453333333333333,0.38
101,regime_transition,lr,isotonic,window,W1200,post,3000,0.459,0.6377679746465841,1.0766687532136279,0.03603774586499542,0.038355974334064354,0.3847457627118644,0.07566666666666666,0.19666666666666666,0.40280093364454816,0.34711570523507834,0.19533333333333336,0.1429666666666667,0.38
101,regime_transition,lr,isotonic,expanding,all,pre,1500,0.5746666666666667,0.5275295529668329,0.8857681692730672,0.02249449601073446,0.03424243737789661,0.25704225352112675,0.09733333333333333,0.37866666666666665,0.3642428285523682,0.3362241494329553,0.09466666666666668,0.34080000000000005,0.38
101,regime_transition,lr,isotonic,expanding,all,post,3000,0.459,0.6477791574038266,1.0982804108160302,0.08666659859215503,0.0871410814830713,0.4202626641651032,0.14933333333333335,0.35533333333333333,0.3881293764588196,0.34711570523507834,0.1333333333333333,0.14236666666666667,0.38
101,regime_transition,lr,isotonic,decay,HL150,pre,1500,0.5746666666666667,0.5328933443950499,0.8961759567028348,0.024864667026747805,0.04187403305377504,0.281437125748503,0.12533333333333332,0.44533333333333336,0.361574382921948,0.3362241494329553,0.06866666666666665,0.34786666666666666,0.38
101,regime_transition,lr,isotonic,decay,HL150,post,3000,0.459,0.6397624638881942,1.0808784725936869,0.030773793884632413,0.03149548086185033,0.36787564766839376,0.071,0.193,0.40046682227409136,0.34711570523507834,0.18433333333333335,0.1375,0.38
101,regime_transition,lr,isotonic,decay,HL400,pre,1500,0.5746666666666667,0.5299613046322039,0.8904752431747844,0.02064228020386392,0.03939105648816562,0.27421758569299554,0.12266666666666666,0.44733333333333336,0.3542361574382922,0.3362241494329553,0.04733333333333334,0.34693333333333337,0.38
101,regime_transition,lr,isotonic,decay,HL400,post,3000,0.459,0.6375792083325406,1.0762225331452686,0.03771901197196557,0.03771901197196556,0.3825503355704698,0.076,0.19866666666666666,0.40246748916305436,0.34711570523507834,0.18799999999999994,0.13976666666666665,0.38
101,regime_transition,lr,isotonic,decay,HL1000,pre,1500,0.5746666666666667,0.5283326202886228,0.8872332417635085,0.01813591887985106,0.03350325883025419,0.27492447129909364,0.12133333333333333,0.44133333333333336,0.3495663775850567,0.3362241494329553,0.04133333333333333,0.34180000000000005,0.38
101,regime_transition,lr,isotonic,decay,HL1000,post,3000,0.459,0.6389416785527405,1.0804740544453457,0.05771947848594948,0.057719478485949494,0.3926453143534994,0.11033333333333334,0.281,0.3884628209403134,0.34711570523507834,0.1423333333333333,0.1415,0.38
101,regime_transition,gbm,temperature,static,,pre,1500,0.514,0.5827955197139204,0.9715112562838439,0.03758344970710324,0.03839211095678139,0.2935560859188544,0.082,0.2793333333333333,0.494996664442962,0.4749833222148099,0.19066666666666665,0.242,0.42000000000000004
101,regime_transition,gbm,temperature,static,,post,3000,0.42433333333333334,0.6614920818151385,1.10244272083239,0.10701306842128662,0.10701306842128663,0.4357976653696498,0.112,0.257,0.5058352784261421,0.5048349449816606,0.19899999999999995,0.11976666666666667,0.42000000000000004
101,regime_transition,gbm,temperature,window,W300,pre,1500,0.514,0.584146118820753,0.9732278957656217,0.021893514441625222,0.04180760871641358,0.28969359331476324,0.06933333333333333,0.23933333333333334,0.48899266177451634,0.4749833222148099,0.21799999999999997,0.24106666666666668,0.42000000000000004
101,regime_transition,gbm,temperature,window,W300,post,3000,0.42433333333333334,0.6397913155524798,1.0603986656688387,0.020429153681055124,0.028533405392846906,0.335,0.022333333333333334,0.06666666666666667,0.40713571190396797,0.5048349449816606,0.5193333333333333,0.10556666666666668,0.42000000000000004
101,regime_transition,gbm,temperature,window,W600,pre,1500,0.514,0.5834339715651888,0.9720942965157123,0.029947861809191637,0.0392515683511321,0.2925531914893617,0.07333333333333333,0.25066666666666665,0.4963308872581721,0.4749833222148099,0.20333333333333337,0.24006666666666668,0.42000000000000004
101,regime_transition,gbm,temperature,window,W600,post,3000,0.42433333333333334,0.6399877628784639,1.0609090164075727,0.023119292502272255,0.031079143466057148,0.3565217391304348,0.027333333333333334,0.07666666666666666,0.42880960320106704,0.5048349449816606,0.4903333333333333,0.1101,0.42000000000000004
101,regime_transition,gbm,temperature,window,W1200,pre,1500,0.514,0.5832585653005533,0.972043699393561,0.0290202876209764,0.0346389131468766,0.3,0.08,0.26666666666666666,0.49299533022014674,0.4749833222148099,0.19399999999999995,0.2434666666666667,0.42000000000000004
101,regime_transition,gbm,temperature,window,W1200,post,3000,0.42433333333333334,0.6404060207007254,1.0621433298933542,0.031712791057377655,0.03663441480152928,0.36259541984732824,0.03166666666666667,0.08733333333333333,0.4454818272757586,0.5048349449816606,0.45466666666666666,0.11633333333333333,0.42000000000000004
101,regime_transition,gbm,temperature,expanding,all,pre,1500,0.514,0.5824572400879033,0.9712581561552003,0.024657927164394352,0.03260747145307089,0.2845528455284553,0.07,0.246,0.49366244162775186,0.4749833222148099,0.21133333333333337,0.24273333333333336,0.42000000000000004
101,regime_transition,gbm,temperature,expanding,all,post,3000,0.42433333333333334,0.6509027701576832,1.0815881604512236,0.08048196900220972,0.08048196900220969,0.39679715302491103,0.07433333333333333,0.18733333333333332,0.5031677225741914,0.5048349449816606,0.2596666666666667,0.1191,0.42000000000000004
101,regime_transition,gbm,temperature,decay,HL150,pre,1500,0.514,0.58359867457141,0.9723551853955885,0.025912195550003632,0.04378512007522246,0.2975871313672922,0.074,0.24866666666666667,0.4943295530353569,0.4749833222148099,0.20866666666666667,0.23980000000000004,0.42000000000000004
101,regime_transition,gbm,temperature,decay,HL150,post,3000,0.42433333333333334,0.6398301016219251,1.060680078072096,0.02295978404071797,0.0324327823962194,0.36231884057971014,0.025,0.069,0.41313771257085696,0.5048349449816606,0.511,0.10626666666666668,0.42000000000000004
101,regime_transition,gbm,temperature,decay,HL400,pre,1500,0.514,0.5831179682825588,0.9717679401123931,0.02644869175216934,0.03694051459582445,0.2916666666666667,0.07466666666666667,0.256,0.49566377585056703,0.4749833222148099,0.20066666666666666,0.24273333333333336,0.42000000000000004
101,regime_transition,gbm,temperature,decay,HL400,post,3000,0.42433333333333334,0.6401764123899887,1.0616116048871864,0.0327914386194618,0.035724153288100864,0.3682170542635659,0.03166666666666667,0.086,0.4468156052017339,0.5048349449816606,0.45033333333333336,0.11620000000000001,0.42000000000000004
101,regime_transition,gbm,temperature,decay,HL1000,pre,1500,0.514,0.5827192253094147,0.9714538960986765,0.027455257598376845,0.03070428326138634,0.2845953002610966,0.07266666666666667,0.25533333333333336,0.49566377585056703,0.4749833222148099,0.20466666666666666,0.24320000000000006,0.42000000000000004
101,regime_transition,gbm,temperature,decay,HL1000,post,3000,0.42433333333333334,0.6430227996477077,1.0669887600494543,0.05226821285076201,0.052109853794924874,0.38666666666666666,0.04833333333333333,0.125,0.4838279426475492,0.5048349449816606,0.3543333333333333,0.1132666666666667,0.42000000000000004
101,regime_transition,gbm,beta,static,,pre,1500,0.514,0.5984616447949523,1.0433799550067533,0.042599356482334996,0.04792987125831493,0.308584686774942,0.08866666666666667,0.28733333333333333,0.49099399599733157,0.4749833222148099,0.18333333333333335,0.23806666666666668,0.44000000000000006
101,regime_transition,gbm,beta,static,,post,3000,0.42433333333333334,0.6930466152899779,1.2877725868953052,0.11848341120431358,0.11848341120431358,0.4466750313676286,0.11866666666666667,0.26566666666666666,0.5171723907969323,0.5048349449816606,0.18733333333333335,0.11796666666666666,0.44000000000000006
101,regime_transition,gbm,beta,window,W300,pre,1500,0.514,0.6009492814013226,1.0448927139903956,0.03402893200330369,0.040846161399875146,0.2853107344632768,0.06733333333333333,0.236,0.49366244162775186,0.4749833222148099,0.20266666666666666,0.22993333333333335,0.44000000000000006
101,regime_transition,gbm,beta,window,W300,post,3000,0.42433333333333334,0.6831904876687798,1.2592942161673217,0.0608148693737934,0.0659112306754734,0.3612167300380228,0.03166666666666667,0.08766666666666667,0.5031677225741914,0.5048349449816606,0.2733333333333333,0.11243333333333334,0.44000000000000006
101,regime_transition,gbm,beta,window,W600,pre,1500,0.514,0.5995318701218293,1.0425970058845442,0.0374983799428565,0.04195640949088824,0.2898550724637681,0.06666666666666667,0.23,0.4923282188125417,0.4749833222148099,0.22133333333333338,0.23113333333333333,0.44000000000000006
101,regime_transition,gbm,beta,window,W600,post,3000,0.42433333333333334,0.6837213878153626,1.2601260051882535,0.06193545530445587,0.06193545530445589,0.3420074349442379,0.030666666666666665,0.08966666666666667,0.5035011670556853,0.5048349449816606,0.2576666666666667,0.11233333333333335,0.44000000000000006
101,regime_transition,gbm,beta,window,W1200,pre,1500,0.514,0.5993459792123422,1.042789469046099,0.03181852139652035,0.03378319387316941,0.30601092896174864,0.07466666666666667,0.244,0.49566377585056703,0.4749833222148099,0.20933333333333337,0.235,0.44000000000000006
101,regime_transition,gbm,beta,window,W1200,post,3000,0.42433333333333334,0.6833358469604747,1.2598592872492533,0.06438054398057709,0.06427010326652195,0.37037037037037035,0.03666666666666667,0.099,0.5071690563521174,0.5048349449816606,0.274,0.11536666666666666,0.44000000000000006
101,regime_transition,gbm,beta,expanding,all,pre,1500,0.514,0.5987595710533306,1.0418895796843728,0.03649868872125236,0.032524466090229825,0.29916897506925205,0.072,0.24066666666666667,0.4969979986657772,0.4749833222148099,0.21599999999999997,0.23666666666666666,0.44000000000000006
101,regime_transition,gbm,beta,expanding,all,post,3000,0.42433333333333334,0.6864418134319509,1.2713194618566428,0.09275441993758568,0.09275441993758572,0.4074074074074074,0.077,0.189,0.5121707235745249,0.5048349449816606,0.2263333333333334,0.11420000000000001,0.44000000000000006
101,regime_transition,gbm,beta,decay,HL150,pre,1500,0.514,0.600147097851127,1.044017052630439,0.03777025752115336,0.040757704714207234,0.28774928774928776,0.06733333333333333,0.234,0.49299533022014674,0.4749833222148099,0.20533333333333337,0.2272,0.44000000000000006
101,regime_transition,gbm,beta,decay,HL150,post,3000,0.42433333333333334,0.683197508299878,1.2592365829247587,0.06352370016401573,0.06491045995362692,0.3661417322834646,0.031,0.08466666666666667,0.5025008336112038,0.5048349449816606,0.2716666666666666,0.11423333333333333,0.44000000000000006
101,regime_transition,gbm,beta,decay,HL400,pre,1500,0.514,0.5993213860468091,1.042558000536825,0.035534348758144235,0.03196554203281554,0.2934472934472934,0.06866666666666667,0.234,0.4896597731821214,0.4749833222148099,0.21999999999999997,0.23513333333333336,0.44000000000000006
101,regime_transition,gbm,beta,decay,HL400,post,3000,0.42433333333333334,0.6830376519149702,1.2596020845699778,0.06436831626839212,0.0661708556951221,0.35962145110410093,0.038,0.10566666666666667,0.5025008336112038,0.5048349449816606,0.268,0.11529999999999999,0.44000000000000006
101,regime_transition,gbm,beta,decay,HL1000,pre,1500,0.514,0.5989457748251692,1.042045800967306,0.02993137804861481,0.029284155750056034,0.29444444444444445,0.07066666666666667,0.24,0.4943295530353569,0.4749833222148099,0.21599999999999997,0.23580000000000004,0.44000000000000006
101,regime_transition,gbm,beta,decay,HL1000,post,3000,0.42433333333333334,0.6835156798511465,1.262603145609902,0.07515908496868408,0.07515908496868402,0.3740831295843521,0.051,0.13633333333333333,0.5121707235745249,0.5048349449816606,0.2523333333333333,0.11283333333333335,0.44000000000000006
101,regime_transition,gbm,isotonic,static,,pre,1500,0.514,0.5992504748952714,1.0456033186322007,0.04900964505273509,0.051506748975907124,0.3007518796992481,0.08,0.266,0.4816544362908606,0.4749833222148099,0.1246666666666667,0.2394666666666667,0.44000000000000006
101,regime_transition,gbm,isotonic,static,,post,3000,0.42433333333333334,0.6957130595407568,1.2992968817972417,0.12133184819050782,0.12133184819050782,0.43388429752066116,0.105,0.242,0.5121707235745249,0.5048349449816606,0.1353333333333333,0.11786666666666668,0.44000000000000006
101,regime_transition,gbm,isotonic,window,W300,pre,1500,0.514,0.6045517022897203,1.0569606852403348,0.04223093640322078,0.0455432358041341,0.3112391930835735,0.072,0.23133333333333334,0.4876584389593062,0.4749833222148099,0.2273333333333334,0.23173333333333335,0.44000000000000006
101,regime_transition,gbm,isotonic,window,W300,post,3000,0.42433333333333334,0.6853792688353945,1.2690778989767701,0.06923974178471834,0.06923974178471838,0.3767441860465116,0.054,0.14333333333333334,0.49783261087029007,0.5048349449816606,0.2756666666666666,0.11220000000000001,0.44000000000000006
101,regime_transition,gbm,isotonic,window,W600,pre,1500,0.514,0.6028193679604316,1.0510052121247278,0.03252171319325581,0.05291237820505772,0.3029411764705882,0.06866666666666667,0.22666666666666666,0.49299533022014674,0.4749833222148099,0.2326666666666667,0.23253333333333334,0.44000000000000006
101,regime_transition,gbm,isotonic,window,W600,post,3000,0.42433333333333334,0.6843752655159575,1.2644826591601934,0.06780654078631324,0.06780654078631325,0.3865336658354115,0.051666666666666666,0.13366666666666666,0.503834611537179,0.5048349449816606,0.2856666666666666,0.10723333333333333,0.44000000000000006
101,regime_transition,gbm,isotonic,window,W1200,pre,1500,0.514,0.6009038885287585,1.047358916964558,0.03776838343732648,0.03973764939713431,0.28448275862068967,0.066,0.232,0.4896597731821214,0.4749833222148099,0.19933333333333336,0.23613333333333336,0.44000000000000006
101,regime_transition,gbm,isotonic,window,W1200,post,3000,0.42433333333333334,0.6840723995252056,1.2632667473511658,0.06914844438952931,0.06914844438952934,0.40860215053763443,0.050666666666666665,0.124,0.5055018339446482,0.5048349449816606,0.29033333333333333,0.112,0.44000000000000006
101,regime_transition,gbm,isotonic,expanding,all,pre,1500,0.514,0.598950295240318,1.0427274666514967,0.02968008844939263,0.04438965787758334,0.2979274611398964,0.07666666666666666,0.25733333333333336,0.4876584389593062,0.4749833222148099,0.22666666666666668,0.23240000000000002,0.44000000000000006
101,regime_transition,gbm,isotonic,expanding,all,post,3000,0.42433333333333334,0.6866891354471344,1.2725290404841305,0.09519628208262434,0.09519628208262437,0.40860215053763443,0.076,0.186,0.5058352784261421,0.5048349449816606,0.22666666666666668,0.11666666666666667,0.44000000000000006
101,regime_transition,gbm,isotonic,decay,HL150,pre,1500,0.514,0.6021307189367638,1.0515994296178417,0.03935817562085127,0.04588042838934753,0.292817679558011,0.07066666666666667,0.24133333333333334,0.48432288192128087,0.4749833222148099,0.22599999999999998,0.23640000000000003,0.44000000000000006
101,regime_transition,gbm,isotonic,decay,HL150,post,3000,0.42433333333333334,0.6833904750651667,1.2633441559473646,0.0670526569578784,0.0670526569578784,0.37844036697247707,0.055,0.14533333333333334,0.5071690563521174,0.5048349449816606,0.28733333333333333,0.1106,0.44000000000000006
101,regime_transition,gbm,isotonic,decay,HL400,pre,1500,0.514,0.6017326263244337,1.0484497787716096,0.036926044862132815,0.04487925681255711,0.2861356932153392,0.06466666666666666,0.226,0.4876584389593062,0.4749833222148099,0.22066666666666668,0.23259999999999997,0.44000000000000006
101,regime_transition,gbm,isotonic,decay,HL400,post,3000,0.42433333333333334,0.6831631088332519,1.261840362156652,0.06928532862296498,0.06928532862296492,0.389010989010989,0.059,0.15166666666666667,0.5085028342780927,0.5048349449816606,0.2756666666666666,0.11206666666666668,0.44000000000000006
101,regime_transition,gbm,isotonic,decay,HL1000,pre,1500,0.514,0.5995544024840015,1.0439773840326656,0.03052546827746344,0.04358771263451212,0.28059701492537314,0.06266666666666666,0.22333333333333333,0.4883255503669113,0.4749833222148099,0.21199999999999997,0.23360000000000003,0.44000000000000006
101,regime_transition,gbm,isotonic,decay,HL1000,post,3000,0.42433333333333334,0.6840503373811333,1.264699024294726,0.07858458530861683,0.07858458530861684,0.3893280632411067,0.06566666666666666,0.16866666666666666,0.5071690563521174,0.5048349449816606,0.247,0.1145,0.44000000000000006
101,feature_shift,lr,temperature,static,,pre,1500,0.5746666666666667,0.5269844059919248,0.8845427516587582,0.01802064986133308,0.027297134981961485,0.25573770491803277,0.104,0.4066666666666667,0.3669112741827885,0.3362241494329553,0.09333333333333338,0.344,0.38
101,feature_shift,lr,temperature,static,,post,3000,0.535,0.596998177551317,1.0160295619641126,0.10760069425302853,0.10760069425302854,0.36275695284159615,0.2,0.5513333333333333,0.31410470156718906,0.2827609203067689,0.059666666666666646,0.28373333333333334,0.38
101,feature_shift,lr,temperature,window,W300,pre,1500,0.5746666666666667,0.52810249819667,0.8864325834877668,0.01604155894279029,0.030890522930713114,0.2593192868719611,0.10666666666666667,0.41133333333333333,0.3669112741827885,0.3362241494329553,0.09866666666666668,0.3430666666666667,0.38
101,feature_shift,lr,temperature,window,W300,post,3000,0.535,0.5769075943440496,0.9662420314482734,0.025420892367953037,0.03135411823476024,0.32004310344827586,0.099,0.30933333333333335,0.34678226075358454,0.2827609203067689,0.1336666666666667,0.27973333333333333,0.38
101,feature_shift,lr,temperature,window,W600,pre,1500,0.5746666666666667,0.5275999369197809,0.8860547795019138,0.01474861978381135,0.030654783172743942,0.2624,0.10933333333333334,0.4166666666666667,0.3682454969979987,0.3362241494329553,0.09599999999999997,0.34440000000000004,0.38
101,feature_shift,lr,temperature,window,W600,post,3000,0.535,0.5767613980948275,0.965999518795078,0.02369534147474498,0.03231013690146034,0.31446540880503143,0.1,0.318,0.34811603867955987,0.2827609203067689,0.1286666666666667,0.28073333333333333,0.38
101,feature_shift,lr,temperature,window,W1200,pre,1500,0.5746666666666667,0.5275110165723406,0.8858722316193057,0.01805925785898715,0.036603218667141404,0.2619047619047619,0.11,0.42,0.36490993995997334,0.3362241494329553,0.09066666666666667,0.3440666666666667,0.38
101,feature_shift,lr,temperature,window,W1200,post,3000,0.535,0.5781817508631629,0.9686561789610875,0.026560345977569913,0.02922162804695411,0.3211752786220871,0.10566666666666667,0.329,0.34611537179059687,0.2827609203067689,0.1206666666666667,0.2808666666666667,0.38
101,feature_shift,lr,temperature,expanding,all,pre,1500,0.5746666666666667,0.5272668310458958,0.885317482163055,0.013326144534923262,0.030337469818276137,0.2542955326460481,0.09866666666666667,0.388,0.3669112741827885,0.3362241494329553,0.10199999999999998,0.3434666666666667,0.38
101,feature_shift,lr,temperature,expanding,all,post,3000,0.535,0.5844228456475816,0.9836483186151949,0.06555708729518778,0.06581227773639382,0.34738372093023256,0.15933333333333333,0.45866666666666667,0.32710903634544847,0.2827609203067689,0.08133333333333337,0.2835,0.38
101,feature_shift,lr,temperature,decay,HL150,pre,1500,0.5746666666666667,0.5277150844163983,0.8862361934989934,0.014607694197151628,0.023266034016805607,0.25925925925925924,0.10733333333333334,0.414,0.36624416277518346,0.3362241494329553,0.09666666666666668,0.34353333333333336,0.38
101,feature_shift,lr,temperature,decay,HL150,post,3000,0.535,0.5761229457953649,0.9648475933149854,0.018878864695100826,0.027767311307411485,0.31446540880503143,0.1,0.318,0.3474491497165722,0.2827609203067689,0.133,0.2802,0.38
101,feature_shift,lr,temperature,decay,HL400,pre,1500,0.5746666666666667,0.5272836128407485,0.8853977750806947,0.014200499763216272,0.03063879063011561,0.2592,0.108,0.4166666666666667,0.3675783855903936,0.3362241494329553,0.09333333333333338,0.3433333333333333,0.38
101,feature_shift,lr,temperature,decay,HL400,post,3000,0.535,0.577125961605943,0.9666377391695099,0.02081330780664963,0.03016021443678897,0.3160040774719674,0.10333333333333333,0.327,0.34678226075358454,0.2827609203067689,0.1236666666666667,0.28126666666666666,0.38
101,feature_shift,lr,temperature,decay,HL1000,pre,1500,0.5746666666666667,0.5271328516783419,0.8850627793922222,0.015341249706326589,0.028180973447302034,0.25573770491803277,0.104,0.4066666666666667,0.3655770513675784,0.3362241494329553,0.09399999999999997,0.3444666666666667,0.38
101,feature_shift,lr,temperature,decay,HL1000,post,3000,0.535,0.579431433054294,0.9716256917466917,0.03160182640013875,0.037702420849747585,0.3268032056990205,0.12233333333333334,0.37433333333333335,0.3367789263087696,0.2827609203067689,0.10733333333333328,0.28,0.38
101,feature_shift,lr,beta,static,,pre,1500,0.5746666666666667,0.5271952132596635,0.8852933596093632,0.019045662402585765,0.029332485544153655,0.2620578778135048,0.10866666666666666,0.4146666666666667,0.36891260840560375,0.3362241494329553,0.1293333333333333,0.34306666666666674,0.4
101,feature_shift,lr,beta,static,,post,3000,0.535,0.5995497827268903,1.0233595840528242,0.1149787648441383,0.1149787648441383,0.3639618138424821,0.20333333333333334,0.5586666666666666,0.32710903634544847,0.2827609203067689,0.08199999999999996,0.2844666666666667,0.4
101,feature_shift,lr,beta,window,W300,pre,1500,0.5746666666666667,0.5319287768762472,0.8941503718475188,0.02005612965539338,0.04065327744367095,0.26,0.104,0.4,0.37158105403602404,0.3362241494329553,0.124,0.34260000000000007,0.4
101,feature_shift,lr,beta,window,W300,post,3000,0.535,0.5818960153080087,0.9770128615850182,0.022434957847105735,0.027195675893674692,0.3204868154158215,0.10533333333333333,0.32866666666666666,0.35311770590196734,0.2827609203067689,0.17066666666666663,0.2825,0.4
101,feature_shift,lr,beta,window,W600,pre,1500,0.5746666666666667,0.5297084321079041,0.8895490149788432,0.03306547997883756,0.03353941248035914,0.2686804451510334,0.11266666666666666,0.41933333333333334,0.3695797198132088,0.3362241494329553,0.11133333333333328,0.34413333333333335,0.4
101,feature_shift,lr,beta,window,W600,post,3000,0.535,0.580240377890401,0.9739876403329993,0.02335587223065481,0.035915597244784644,0.319567354965585,0.10833333333333334,0.339,0.3541180393464488,0.2827609203067689,0.17400000000000004,0.277,0.4
101,feature_shift,lr,beta,window,W1200,pre,1500,0.5746666666666667,0.5294496656614779,0.8895760139007199,0.022433820450359,0.03157304511656889,0.26282051282051283,0.10933333333333334,0.416,0.37558372248165445,0.3362241494329553,0.1333333333333333,0.3423333333333333,0.4
101,feature_shift,lr,beta,window,W1200,post,3000,0.535,0.5807182862323742,0.9743984412330713,0.017074543515926816,0.02475130087382156,0.325187969924812,0.11533333333333333,0.3546666666666667,0.3651217072357453,0.2827609203067689,0.16933333333333334,0.28036666666666665,0.4
101,feature_shift,lr,beta,expanding,all,pre,1500,0.5746666666666667,0.5275187962689785,0.8856426960271022,0.012068998741578654,0.030320668113817034,0.25546218487394956,0.10133333333333333,0.39666666666666667,0.3882588392261508,0.3362241494329553,0.18733333333333335,0.3423333333333333,0.4
101,feature_shift,lr,beta,expanding,all,post,3000,0.535,0.5852192681347788,0.9853926917029752,0.06739816376418474,0.06979764997463467,0.35333333333333333,0.17666666666666667,0.5,0.351783927975992,0.2827609203067689,0.1343333333333333,0.2815,0.4
101,feature_shift,lr,beta,decay,HL150,pre,1500,0.5746666666666667,0.5307387639725187,0.8925440188040585,0.02197498656121829,0.03341233268126486,0.2545757071547421,0.102,0.40066666666666667,0.3609072715143429,0.3362241494329553,0.11399999999999999,0.348,0.4
101,feature_shift,lr,beta,decay,HL150,post,3000,0.535,0.5802656134973422,0.9743904181844012,0.01735473244683131,0.021010993527315926,0.32075471698113206,0.10766666666666666,0.33566666666666667,0.35245081693897967,0.2827609203067689,0.16300000000000003,0.2795666666666667,0.4
101,feature_shift,lr,beta,decay,HL400,pre,1500,0.5746666666666667,0.5289857503896112,0.8887317185346413,0.0216244799277086,0.033058330997065496,0.26375404530744334,0.10866666666666666,0.412,0.3722481654436291,0.3362241494329553,0.1373333333333333,0.34393333333333337,0.4
101,feature_shift,lr,beta,decay,HL400,post,3000,0.535,0.5799445060364625,0.9734344239169407,0.021806111835173832,0.022579532721136598,0.3271202236719478,0.117,0.3576666666666667,0.35978659553184394,0.2827609203067689,0.16400000000000003,0.28176666666666667,0.4
101,feature_shift,lr,beta,decay,HL1000,pre,1500,0.5746666666666667,0.5281562030383241,0.8868329543346426,0.016451632110184848,0.03328504844570848,0.2573770491803279,0.10466666666666667,0.4066666666666667,0.38492328218812544,0.3362241494329553,0.17000000000000004,0.3416666666666667,0.4
101,feature_shift,lr,beta,decay,HL1000,post,3000,0.535,0.5812393031685892,0.9764585110309754,0.034453213027817196,0.03629233612264697,0.3392,0.14133333333333334,0.4166666666666667,0.3561187062354118,0.2827609203067689,0.14966666666666661,0.28013333333333335,0.4
101,feature_shift,lr,isotonic,static,,pre,1500,0.5746666666666667,0.5274576329346468,0.8854498105671058,0.0216102301634105,0.03616290250846669,0.26426426426426425,0.11733333333333333,0.444,0.3629086057371581,0.3362241494329553,0.08066666666666666,0.345,0.38
101,feature_shift,lr,isotonic,static,,post,3000,0.535,0.6026009638080666,1.0290227201131257,0.11612684776524664,0.1161268477652466,0.37085714285714283,0.21633333333333332,0.5833333333333334,0.30943647882627545,0.2827609203067689,0.05266666666666664,0.28443333333333337,0.38
101,feature_shift,lr,isotonic,window,W300,pre,1500,0.5746666666666667,0.5335420835593967,0.897384276336718,0.04175234597213753,0.047023673911828316,0.26584234930448225,0.11466666666666667,0.43133333333333335,0.3675783855903936,0.3362241494329553,0.09399999999999997,0.34693333333333337,0.38
101,feature_shift,lr,isotonic,window,W300,post,3000,0.535,0.5852849037875452,0.9870114669777037,0.04391147958314807,0.042319971851675464,0.34156378600823045,0.11066666666666666,0.324,0.3451150383461154,0.2827609203067689,0.1286666666666667,0.2819666666666667,0.38
101,feature_shift,lr,isotonic,window,W600,pre,1500,0.5746666666666667,0.531294172820762,0.8935882312697632,0.02368397689823569,0.03650293270749614,0.2698907956318253,0.11533333333333333,0.42733333333333334,0.3549032688458973,0.3362241494329553,0.05133333333333334,0.3504000000000001,0.38
101,feature_shift,lr,isotonic,window,W600,post,3000,0.535,0.5821702353002893,0.9780945706606033,0.03681343740266708,0.03191089415573672,0.3386944181646168,0.11933333333333333,0.35233333333333333,0.3494498166055352,0.2827609203067689,0.1383333333333333,0.2789666666666667,0.38
101,feature_shift,lr,isotonic,window,W1200,pre,1500,0.5746666666666667,0.52932216978986,0.8892235105949206,0.034266370063870955,0.030676895708287504,0.27896341463414637,0.122,0.43733333333333335,0.3542361574382922,0.3362241494329553,0.03266666666666662,0.3453333333333333,0.38
101,feature_shift,lr,isotonic,window,W1200,post,3000,0.535,0.5827180879113848,0.9782124384242482,0.02983076014464003,0.03236221943004304,0.34265103697024346,0.12666666666666668,0.36966666666666664,0.3434478159386462,0.2827609203067689,0.10999999999999999,0.28103333333333336,0.38
101,feature_shift,lr,isotonic,expanding,all,pre,1500,0.5746666666666667,0.5275295529668329,0.8857681692730672,0.02249449601073446,0.03424243737789661,0.25704225352112675,0.09733333333333333,0.37866666666666665,0.3642428285523682,0.3362241494329553,0.09466666666666668,0.34080000000000005,0.38
101,feature_shift,lr,isotonic,expanding,all,post,3000,0.535,0.5871924486018201,0.989204416362212,0.07051160016675996,0.0691441361716893,0.35164099129269927,0.175,0.49766666666666665,0.32710903634544847,0.2827609203067689,0.08266666666666667,0.28436666666666666,0.38
101,feature_shift,lr,isotonic,decay,HL150,pre,1500,0.5746666666666667,0.5328933443950499,0.8961759567028348,0.024864667026747805,0.04187403305377504,0.281437125748503,0.12533333333333332,0.44533333333333336,0.361574382921948,0.3362241494329553,0.06866666666666665,0.34786666666666666,0.38
101,feature_shift,lr,isotonic,decay,HL150,post,3000,0.535,0.5837030811766974,0.982017559743832,0.031130145605654188,0.03799805823733517,0.3346228239845261,0.11533333333333333,0.3446666666666667,0.34378126042014007,0.2827609203067689,0.1303333333333333,0.28263333333333335,0.38
101,feature_shift,lr,isotonic,decay,HL400,pre,1500,0.5746666666666667,0.5299613046322039,0.8904752431747844,0.02064228020386392,0.03939105648816562,0.27421758569299554,0.12266666666666666,0.44733333333333336,0.3542361574382922,0.3362241494329553,0.04733333333333334,0.34693333333333337,0.38
101,feature_shift,lr,isotonic,decay,HL400,post,3000,0.535,0.5820473319242162,0.9780214048525707,0.03178104844350216,0.02798126427572343,0.3498716852010265,0.13633333333333333,0.38966666666666666,0.34378126042014007,0.2827609203067689,0.11599999999999999,0.2810666666666667,0.38
101,feature_shift,lr,isotonic,decay,HL1000,pre,1500,0.5746666666666667,0.5283326202886228,0.8872332417635085,0.01813591887985106,0.03350325883025419,0.27492447129909364,0.12133333333333333,0.44133333333333336,0.3495663775850567,0.3362241494329553,0.04133333333333333,0.34180000000000005,0.38
101,feature_shift,lr,isotonic,decay,HL1000,post,3000,0.535,0.5833796643648875,0.9807142944098618,0.03790881454669385,0.040050738591880616,0.34894613583138173,0.149,0.427,0.33377792597532513,0.2827609203067689,0.09533333333333338,0.2818,0.38
101,feature_shift,gbm,temperature,static,,pre,1500,0.514,0.5827955197139204,0.9715112562838439,0.03758344970710324,0.03839211095678139,0.2935560859188544,0.082,0.2793333333333333,0.494996664442962,0.4749833222148099,0.19066666666666665,0.242,0.42000000000000004
101,feature_shift,gbm,temperature,static,,post,3000,0.475,0.6333256063248482,1.0617194140310942,0.09970288535456857,0.09970288535456863,0.4077922077922078,0.157,0.385,0.4521507169056352,0.4264754918306102,0.1313333333333333,0.18586666666666668,0.42000000000000004
101,feature_shift,gbm,temperature,window,W300,pre,1500,0.514,0.584146118820753,0.9732278957656217,0.021893514441625222,0.04180760871641358,0.28969359331476324,0.06933333333333333,0.23933333333333334,0.48899266177451634,0.4749833222148099,0.21799999999999997,0.24106666666666668,0.42000000000000004
101,feature_shift,gbm,temperature,window,W300,post,3000,0.475,0.6182245075796459,1.031174390948041,0.013699466821822449,0.020181660205628334,0.3333333333333333,0.047,0.141,0.45881960653551185,0.4264754918306102,0.31399999999999995,0.1784,0.42000000000000004
101,feature_shift,gbm,temperature,window,W600,pre,1500,0.514,0.5834339715651888,0.9720942965157123,0.029947861809191637,0.0392515683511321,0.2925531914893617,0.07333333333333333,0.25066666666666665,0.4963308872581721,0.4749833222148099,0.20333333333333337,0.24006666666666668,0.42000000000000004
101,feature_shift,gbm,temperature,window,W600,post,3000,0.475,0.6186186532272286,1.031443075338195,0.018522349837810103,0.022977509194285758,0.3341121495327103,0.04766666666666667,0.14266666666666666,0.46648882960987,0.4264754918306102,0.30666666666666664,0.1794,0.42000000000000004
101,feature_shift,gbm,temperature,window,W1200,pre,1500,0.514,0.5832585653005533,0.972043699393561,0.0290202876209764,0.0346389131468766,0.3,0.08,0.26666666666666666,0.49299533022014674,0.4749833222148099,0.19399999999999995,0.2434666666666667,0.42000000000000004
101,feature_shift,gbm,temperature,window,W1200,post,3000,0.475,0.6193704743189621,1.0330075957913176,0.019063387490484862,0.036331173036990336,0.33261802575107297,0.051666666666666666,0.15533333333333332,0.46348782927642546,0.4264754918306102,0.2783333333333333,0.1811333333333333,0.42000000000000004
101,feature_shift,gbm,temperature,expanding,all,pre,1500,0.514,0.5824572400879033,0.9712581561552003,0.024657927164394352,0.03260747145307089,0.2845528455284553,0.07,0.246,0.49366244162775186,0.4749833222148099,0.21133333333333337,0.24273333333333336,0.42000000000000004
101,feature_shift,gbm,temperature,expanding,all,post,3000,0.475,0.6233293609412138,1.0415996140008466,0.06243028559357937,0.06206456151089502,0.37543859649122807,0.107,0.285,0.4681560520173391,0.4264754918306102,0.18400000000000005,0.1851666666666667,0.42000000000000004
101,feature_shift,gbm,temperature,decay,HL150,pre,1500,0.514,0.58359867457141,0.9723551853955885,0.025912195550003632,0.04378512007522246,0.2975871313672922,0.074,0.24866666666666667,0.4943295530353569,0.4749833222148099,0.20866666666666667,0.23980000000000004,0.42000000000000004
101,feature_shift,gbm,temperature,decay,HL150,post,3000,0.475,0.6179428937200527,1.0306146514236385,0.012373690967476779,0.020179173786967725,0.33890214797136037,0.04733333333333333,0.13966666666666666,0.4684894964988329,0.4264754918306102,0.30066666666666664,0.1842666666666667,0.42000000000000004
101,feature_shift,gbm,temperature,decay,HL400,pre,1500,0.514,0.5831179682825588,0.9717679401123931,0.02644869175216934,0.03694051459582445,0.2916666666666667,0.07466666666666667,0.256,0.49566377585056703,0.4749833222148099,0.20066666666666666,0.24273333333333336,0.42000000000000004
101,feature_shift,gbm,temperature,decay,HL400,post,3000,0.475,0.6183775818250602,1.0314243290493705,0.021531736767842976,0.02780254414794716,0.3340471092077088,0.052,0.15566666666666668,0.4728242747582527,0.4264754918306102,0.2833333333333333,0.18303333333333335,0.42000000000000004
101,feature_shift,gbm,temperature,decay,HL1000,pre,1500,0.514,0.5827192253094147,0.9714538960986765,0.027455257598376845,0.03070428326138634,0.2845953002610966,0.07266666666666667,0.25533333333333336,0.49566377585056703,0.4749833222148099,0.20466666666666666,0.24320000000000006,0.42000000000000004
101,feature_shift,gbm,temperature,decay,HL1000,post,3000,0.475,0.6196093335828564,1.0340518358764548,0.033628558978961984,0.041266038058288365,0.3464163822525597,0.06766666666666667,0.19533333333333333,0.4684894964988329,0.4264754918306102,0.236,0.18623333333333336,0.42000000000000004
101,feature_shift,gbm,beta,static,,pre,1500,0.514,0.5984616447949523,1.0433799550067533,0.042599356482334996,0.04792987125831493,0.308584686774942,0.08866666666666667,0.28733333333333333,0.49099399599733157,0.4749833222148099,0.18333333333333335,0.23806666666666668,0.44000000000000006
101,feature_shift,gbm,beta,static,,post,3000,0.475,0.6620362840889107,1.2339564842495445,0.1132401395278793,0.11324013952787937,0.40439932318104904,0.15933333333333333,0.394,0.45681893964654885,0.4264754918306102,0.1293333333333333,0.179,0.44000000000000006
101,feature_shift,gbm,beta,window,W300,pre,1500,0.514,0.6009492814013226,1.0448927139903956,0.03402893200330369,0.040846161399875146,0.2853107344632768,0.06733333333333333,0.236,0.49366244162775186,0.4749833222148099,0.20266666666666666,0.22993333333333335,0.44000000000000006
101,feature_shift,gbm,beta,window,W300,post,3000,0.475,0.656110234370573,1.2071981653609467,0.04342978939748828,0.05144838932984485,0.3656716417910448,0.06533333333333333,0.17866666666666667,0.4838279426475492,0.4264754918306102,0.20599999999999996,0.17246666666666666,0.44000000000000006
101,feature_shift,gbm,beta,window,W600,pre,1500,0.514,0.5995318701218293,1.0425970058845442,0.0374983799428565,0.04195640949088824,0.2898550724637681,0.06666666666666667,0.23,0.4923282188125417,0.4749833222148099,0.22133333333333338,0.23113333333333333,0.44000000000000006
101,feature_shift,gbm,beta,window,W600,post,3000,0.475,0.6561669109121041,1.2067092685139909,0.03995991760076072,0.044504427796655095,0.3538175046554935,0.06333333333333334,0.179,0.4764921640546849,0.4264754918306102,0.20399999999999996,0.17343333333333333,0.44000000000000006
101,feature_shift,gbm,beta,window,W1200,pre,1500,0.514,0.5993459792123422,1.042789469046099,0.03181852139652035,0.03378319387316941,0.30601092896174864,0.07466666666666667,0.244,0.49566377585056703,0.4749833222148099,0.20933333333333337,0.235,0.44000000000000006
101,feature_shift,gbm,beta,window,W1200,post,3000,0.475,0.6557227969572438,1.2066587039721781,0.04233575812365422,0.042812472264563375,0.3743218806509946,0.069,0.18433333333333332,0.47715905301767253,0.4264754918306102,0.20399999999999996,0.17763333333333334,0.44000000000000006
101,feature_shift,gbm,beta,expanding,all,pre,1500,0.514,0.5987595710533306,1.0418895796843728,0.03649868872125236,0.032524466090229825,0.29916897506925205,0.072,0.24066666666666667,0.4969979986657772,0.4749833222148099,0.21599999999999997,0.23666666666666666,0.44000000000000006
101,feature_shift,gbm,beta,expanding,all,post,3000,0.475,0.6553072604999436,1.2135168139672163,0.07480568315997815,0.07456220485679958,0.3912037037037037,0.11266666666666666,0.288,0.4724908302767589,0.4264754918306102,0.16666666666666663,0.17776666666666666,0.44000000000000006
101,feature_shift,gbm,beta,decay,HL150,pre,1500,0.514,0.600147097851127,1.044017052630439,0.03777025752115336,0.040757704714207234,0.28774928774928776,0.06733333333333333,0.234,0.49299533022014674,0.4749833222148099,0.20533333333333337,0.2272,0.44000000000000006
101,feature_shift,gbm,beta,decay,HL150,post,3000,0.475,0.6559023304701136,1.2066053673590722,0.04514694521709891,0.04587244555936814,0.37072243346007605,0.065,0.17533333333333334,0.4811603867955985,0.4264754918306102,0.21033333333333337,0.17393333333333333,0.44000000000000006
101,feature_shift,gbm,beta,decay,HL400,pre,1500,0.514,0.5993213860468091,1.042558000536825,0.035534348758144235,0.03196554203281554,0.2934472934472934,0.06866666666666667,0.234,0.4896597731821214,0.4749833222148099,0.21999999999999997,0.23513333333333336,0.44000000000000006
101,feature_shift,gbm,beta,decay,HL400,post,3000,0.475,0.65518711715277,1.2057843057808548,0.041678556535189225,0.04464647219684485,0.3700361010830325,0.06833333333333333,0.18466666666666667,0.4754918306102034,0.4264754918306102,0.20433333333333337,0.17683333333333334,0.44000000000000006
101,feature_shift,gbm,beta,decay,HL1000,pre,1500,0.514,0.5989457748251692,1.042045800967306,0.02993137804861481,0.029284155750056034,0.29444444444444445,0.07066666666666667,0.24,0.4943295530353569,0.4749833222148099,0.21599999999999997,0.23580000000000004,0.44000000000000006
101,feature_shift,gbm,beta,decay,HL1000,post,3000,0.475,0.6548266415016212,1.2073912750664528,0.05192518805030553,0.054443565126712876,0.37191358024691357,0.08033333333333334,0.216,0.47582527509169725,0.4264754918306102,0.19033333333333335,0.17493333333333333,0.44000000000000006
101,feature_shift,gbm,isotonic,static,,pre,1500,0.514,0.5992504748952714,1.0456033186322007,0.04900964505273509,0.051506748975907124,0.3007518796992481,0.08,0.266,0.4816544362908606,0.4749833222148099,0.1246666666666667,0.2394666666666667,0.44000000000000006
101,feature_shift,gbm,isotonic,static,,post,3000,0.475,0.6623343529299249,1.2404379828046421,0.11671865627374631,0.11671865627374638,0.3998203054806828,0.14833333333333334,0.371,0.44414804934978325,0.4264754918306102,0.09033333333333338,0.18083333333333335,0.44000000000000006
101,feature_shift,gbm,isotonic,window,W300,pre,1500,0.514,0.6045517022897203,1.0569606852403348,0.04223093640322078,0.0455432358041341,0.3112391930835735,0.072,0.23133333333333334,0.4876584389593062,0.4749833222148099,0.2273333333333334,0.23173333333333335,0.44000000000000006
101,feature_shift,gbm,isotonic,window,W300,post,3000,0.475,0.6580329149328323,1.2146489956673017,0.05130638427320962,0.05560003751322694,0.3706422018348624,0.06733333333333333,0.18166666666666667,0.4788262754251417,0.4264754918306102,0.19699999999999995,0.17173333333333335,0.44000000000000006
101,feature_shift,gbm,isotonic,window,W600,pre,1500,0.514,0.6028193679604316,1.0510052121247278,0.03252171319325581,0.05291237820505772,0.3029411764705882,0.06866666666666667,0.22666666666666666,0.49299533022014674,0.4749833222148099,0.2326666666666667,0.23253333333333334,0.44000000000000006
101,feature_shift,gbm,isotonic,window,W600,post,3000,0.475,0.6573932621139185,1.2120637852276948,0.04699636464467544,0.05077699183341837,0.368705035971223,0.06833333333333333,0.18533333333333332,0.46782260753584526,0.4264754918306102,0.18899999999999995,0.17396666666666666,0.44000000000000006
101,feature_shift,gbm,isotonic,window,W1200,pre,1500,0.514,0.6009038885287585,1.047358916964558,0.03776838343732648,0.03973764939713431,0.28448275862068967,0.066,0.232,0.4896597731821214,0.4749833222148099,0.19933333333333336,0.23613333333333336,0.44000000000000006
101,feature_shift,gbm,isotonic,window,W1200,post,3000,0.475,0.6567232600997802,1.2099269631862506,0.04653593893914633,0.0465559759013952,0.3879781420765027,0.071,0.183,0.47615871957319106,0.4264754918306102,0.19099999999999995,0.17416666666666666,0.44000000000000006
101,feature_shift,gbm,isotonic,expanding,all,pre,1500,0.514,0.598950295240318,1.0427274666514967,0.02968008844939263,0.04438965787758334,0.2979274611398964,0.07666666666666666,0.25733333333333336,0.4876584389593062,0.4749833222148099,0.22666666666666668,0.23240000000000002,0.44000000000000006
101,feature_shift,gbm,isotonic,expanding,all,post,3000,0.475,0.6562040538413223,1.2162092632634791,0.07774036127168521,0.07774036127168524,0.3874734607218684,0.12166666666666667,0.314,0.4684894964988329,0.4264754918306102,0.17166666666666663,0.1774,0.44000000000000006
101,feature_shift,gbm,isotonic,decay,HL150,pre,1500,0.514,0.6021307189367638,1.0515994296178417,0.03935817562085127,0.04588042838934753,0.292817679558011,0.07066666666666667,0.24133333333333334,0.48432288192128087,0.4749833222148099,0.22599999999999998,0.23640000000000003,0.44000000000000006
101,feature_shift,gbm,isotonic,decay,HL150,post,3000,0.475,0.6568582450553758,1.2117671496489197,0.04787589002333839,0.052362559460520285,0.3634651600753296,0.06433333333333334,0.177,0.47215738579526506,0.4264754918306102,0.19266666666666665,0.17013333333333333,0.44000000000000006
101,feature_shift,gbm,isotonic,decay,HL400,pre,1500,0.514,0.6017326263244337,1.0484497787716096,0.036926044862132815,0.04487925681255711,0.2861356932153392,0.06466666666666666,0.226,0.4876584389593062,0.4749833222148099,0.22066666666666668,0.23259999999999997,0.44000000000000006
101,feature_shift,gbm,isotonic,decay,HL400,post,3000,0.475,0.6560335934803245,1.2091813316295776,0.04632123263350142,0.049222642851956024,0.37115384615384617,0.06433333333333334,0.17333333333333334,0.47149049683227745,0.4264754918306102,0.18233333333333335,0.17576666666666668,0.44000000000000006
101,feature_shift,gbm,isotonic,decay,HL1000,pre,1500,0.514,0.5995544024840015,1.0439773840326656,0.03052546827746344,0.04358771263451212,0.28059701492537314,0.06266666666666666,0.22333333333333333,0.4883255503669113,0.4749833222148099,0.21199999999999997,0.23360000000000003,0.44000000000000006
101,feature_shift,gbm,isotonic,decay,HL1000,post,3000,0.475,0.655725269468794,1.2104864561123045,0.05491078316286595,0.05695476728663411,0.3940740740740741,0.08866666666666667,0.225,0.4681560520173391,0.4264754918306102,0.17233333333333334,0.17706666666666668,0.44000000000000006
101,missing_features,lr,temperature,static,,pre,1500,0.5746666666666667,0.5269844059919248,0.8845427516587582,0.01802064986133308,0.027297134981961485,0.25573770491803277,0.104,0.4066666666666667,0.3669112741827885,0.3362241494329553,0.09333333333333338,0.344,0.38
101,missing_features,lr,temperature,static,,post,3000,0.5326666666666666,0.5737811104736494,0.9650555623810184,0.017287572137261994,0.03568747169106876,0.30638297872340425,0.096,0.31333333333333335,0.4614871623874625,0.43447815938646217,0.1176666666666667,0.27486666666666665,0.38
101,missing_features,lr,temperature,window,W300,pre,1500,0.5746666666666667,0.52810249819667,0.8864325834877668,0.01604155894279029,0.030890522930713114,0.2593192868719611,0.10666666666666667,0.41133333333333333,0.3669112741827885,0.3362241494329553,0.09866666666666668,0.3430666666666667,0.38
101,missing_features,lr,temperature,window,W300,post,3000,0.5326666666666666,0.5752284153082382,0.9655793827072352,0.01829896750699682,0.024341233081882623,0.2862362971985384,0.07833333333333334,0.27366666666666667,0.464488162720907,0.43447815938646217,0.14466666666666672,0.2745,0.38
101,missing_features,lr,temperature,window,W600,pre,1500,0.5746666666666667,0.5275999369197809,0.8860547795019138,0.01474861978381135,0.030654783172743942,0.2624,0.10933333333333334,0.4166666666666667,0.3682454969979987,0.3362241494329553,0.09599999999999997,0.34440000000000004,0.38
101,missing_features,lr,temperature,window,W600,post,3000,0.5326666666666666,0.5750189008061095,0.9654375483074036,0.01998453730745311,0.027398746308600896,0.28624078624078625,0.07766666666666666,0.2713333333333333,0.462487495831944,0.43447815938646217,0.14,0.2760666666666667,0.38
101,missing_features,lr,temperature,window,W1200,pre,1500,0.5746666666666667,0.5275110165723406,0.8858722316193057,0.01805925785898715,0.036603218667141404,0.2619047619047619,0.11,0.42,0.36490993995997334,0.3362241494329553,0.09066666666666667,0.3440666666666667,0.38
101,missing_features,lr,temperature,window,W1200,post,3000,0.5326666666666666,0.5741786833879893,0.963866923524936,0.01887570519486785,0.02588557462447018,0.2814814814814815,0.076,0.27,0.4621540513504501,0.43447815938646217,0.14100000000000001,0.2759333333333333,0.38
101,missing_features,lr,temperature,expanding,all,pre,1500,0.5746666666666667,0.5272668310458958,0.885317482163055,0.013326144534923262,0.030337469818276137,0.2542955326460481,0.09866666666666667,0.388,0.3669112741827885,0.3362241494329553,0.10199999999999998,0.3434666666666667,0.38
101,missing_features,lr,temperature,expanding,all,post,3000,0.5326666666666666,0.5735739299212608,0.9637004873911028,0.016265863944547956,0.029126309673082308,0.29118329466357307,0.08366666666666667,0.28733333333333333,0.4621540513504501,0.43447815938646217,0.1303333333333333,0.2747,0.38
101,missing_features,lr,temperature,decay,HL150,pre,1500,0.5746666666666667,0.5277150844163983,0.8862361934989934,0.014607694197151628,0.023266034016805607,0.25925925925925924,0.10733333333333334,0.414,0.36624416277518346,0.3362241494329553,0.09666666666666668,0.34353333333333336,0.38
101,missing_features,lr,temperature,decay,HL150,post,3000,0.5326666666666666,0.5749958545524265,0.965454458490454,0.01607462943651808,0.022008357191949494,0.28431372549019607,0.07733333333333334,0.272,0.464488162720907,0.43447815938646217,0.14200000000000002,0.27386666666666665,0.38
101,missing_features,lr,temperature,decay,HL400,pre,1500,0.5746666666666667,0.5272836128407485,0.8853977750806947,0.014200499763216272,0.03063879063011561,0.2592,0.108,0.4166666666666667,0.3675783855903936,0.3362241494329553,0.09333333333333338,0.3433333333333333,0.38
101,missing_features,lr,temperature,decay,HL400,post,3000,0.5326666666666666,0.574356663838785,0.9643067083341865,0.01557398383270222,0.027443825972452672,0.2841463414634146,0.07766666666666666,0.2733333333333333,0.462487495831944,0.43447815938646217,0.14066666666666672,0.27530000000000004,0.38
101,missing_features,lr,temperature,decay,HL1000,pre,1500,0.5746666666666667,0.5271328516783419,0.8850627793922222,0.015341249706326589,0.028180973447302034,0.25573770491803277,0.104,0.4066666666666667,0.3655770513675784,0.3362241494329553,0.09399999999999997,0.3444666666666667,0.38
101,missing_features,lr,temperature,decay,HL1000,post,3000,0.5326666666666666,0.5739819904159896,0.9639937445769989,0.014725465337327947,0.029365152120733175,0.2850356294536817,0.08,0.2806666666666667,0.4621540513504501,0.43447815938646217,0.1346666666666667,0.27466666666666667,0.38
101,missing_features,lr,beta,static,,pre,1500,0.5746666666666667,0.5271952132596635,0.8852933596093632,0.019045662402585765,0.029332485544153655,0.2620578778135048,0.10866666666666666,0.4146666666666667,0.36891260840560375,0.3362241494329553,0.1293333333333333,0.34306666666666674,0.4
101,missing_features,lr,beta,static,,post,3000,0.5326666666666666,0.5737542003118623,0.9651810556427763,0.02135125161018047,0.04007415733536771,0.30962343096234307,0.09866666666666667,0.31866666666666665,0.464488162720907,0.43447815938646217,0.16266666666666663,0.27453333333333335,0.4
101,missing_features,lr,beta,window,W300,pre,1500,0.5746666666666667,0.5319287768762472,0.8941503718475188,0.02005612965539338,0.04065327744367095,0.26,0.104,0.4,0.37158105403602404,0.3362241494329553,0.124,0.34260000000000007,0.4
101,missing_features,lr,beta,window,W300,post,3000,0.5326666666666666,0.5756621776880116,0.9680221238005282,0.008954084554705602,0.0162483946092035,0.2887402452619844,0.08633333333333333,0.299,0.4621540513504501,0.43447815938646217,0.16766666666666663,0.2777,0.4
101,missing_features,lr,beta,window,W600,pre,1500,0.5746666666666667,0.5297084321079041,0.8895490149788432,0.03306547997883756,0.03353941248035914,0.2686804451510334,0.11266666666666666,0.41933333333333334,0.3695797198132088,0.3362241494329553,0.11133333333333328,0.34413333333333335,0.4
101,missing_features,lr,beta,window,W600,post,3000,0.5326666666666666,0.5751663941154491,0.9675597984058116,0.011049617897956089,0.022335779482926636,0.2974472807991121,0.08933333333333333,0.30033333333333334,0.4681560520173391,0.43447815938646217,0.17200000000000004,0.27190000000000003,0.4
101,missing_features,lr,beta,window,W1200,pre,1500,0.5746666666666667,0.5294496656614779,0.8895760139007199,0.022433820450359,0.03157304511656889,0.26282051282051283,0.10933333333333334,0.416,0.37558372248165445,0.3362241494329553,0.1333333333333333,0.3423333333333333,0.4
101,missing_features,lr,beta,window,W1200,post,3000,0.5326666666666666,0.5739796871208799,0.9654021984716219,0.009848224582158147,0.02207967808286488,0.289237668161435,0.086,0.29733333333333334,0.4744914971657219,0.43447815938646217,0.20866666666666667,0.27393333333333336,0.4
101,missing_features,lr,beta,expanding,all,pre,1500,0.5746666666666667,0.5275187962689785,0.8856426960271022,0.012068998741578654,0.030320668113817034,0.25546218487394956,0.10133333333333333,0.39666666666666667,0.3882588392261508,0.3362241494329553,0.18733333333333335,0.3423333333333333,0.4
101,missing_features,lr,beta,expanding,all,post,3000,0.5326666666666666,0.5737972544763825,0.9644280557326596,0.014617609304615371,0.028752105472859852,0.2905788876276958,0.08533333333333333,0.2936666666666667,0.4814938312770924,0.43447815938646217,0.22999999999999998,0.2745666666666667,0.4
101,missing_features,lr,beta,decay,HL150,pre,1500,0.5746666666666667,0.5307387639725187,0.8925440188040585,0.02197498656121829,0.03341233268126486,0.2545757071547421,0.102,0.40066666666666667,0.3609072715143429,0.3362241494329553,0.11399999999999999,0.348,0.4
101,missing_features,lr,beta,decay,HL150,post,3000,0.5326666666666666,0.5751047571133423,0.9677514606327774,0.007442977010795332,0.01924518216608579,0.29295154185022027,0.08866666666666667,0.30266666666666664,0.46515505168389465,0.43447815938646217,0.16833333333333333,0.27680000000000005,0.4
101,missing_features,lr,beta,decay,HL400,pre,1500,0.5746666666666667,0.5289857503896112,0.8887317185346413,0.0216244799277086,0.033058330997065496,0.26375404530744334,0.10866666666666666,0.412,0.3722481654436291,0.3362241494329553,0.1373333333333333,0.34393333333333337,0.4
101,missing_features,lr,beta,decay,HL400,post,3000,0.5326666666666666,0.5741347052751388,0.9655042936979042,0.008433451325630396,0.0250897689991292,0.2947019867549669,0.089,0.302,0.4688229409803268,0.43447815938646217,0.18500000000000005,0.2744666666666667,0.4
101,missing_features,lr,beta,decay,HL1000,pre,1500,0.5746666666666667,0.5281562030383241,0.8868329543346426,0.016451632110184848,0.03328504844570848,0.2573770491803279,0.10466666666666667,0.4066666666666667,0.38492328218812544,0.3362241494329553,0.17000000000000004,0.3416666666666667,0.4
101,missing_features,lr,beta,decay,HL1000,post,3000,0.5326666666666666,0.5739444897940975,0.9648335605657599,0.009027413859354428,0.02444458442896718,0.289532293986637,0.08666666666666667,0.29933333333333334,0.4731577192397466,0.43447815938646217,0.20566666666666666,0.2746,0.4
101,missing_features,lr,isotonic,static,,pre,1500,0.5746666666666667,0.5274576329346468,0.8854498105671058,0.0216102301634105,0.03616290250846669,0.26426426426426425,0.11733333333333333,0.444,0.3629086057371581,0.3362241494329553,0.08066666666666666,0.345,0.38
101,missing_features,lr,isotonic,static,,post,3000,0.5326666666666666,0.5750182659061734,0.9667382315220724,0.02752941281819053,0.03909997445754353,0.3196955280685062,0.112,0.35033333333333333,0.45648549516505504,0.43447815938646217,0.10233333333333339,0.27563333333333334,0.38
101,missing_features,lr,isotonic,window,W300,pre,1500,0.5746666666666667,0.5335420835593967,0.897384276336718,0.04175234597213753,0.047023673911828316,0.26584234930448225,0.11466666666666667,0.43133333333333335,0.3675783855903936,0.3362241494329553,0.09399999999999997,0.34693333333333337,0.38
101,missing_features,lr,isotonic,window,W300,post,3000,0.5326666666666666,0.5781459015930025,0.975891941067873,0.021056208334868237,0.029048846220046085,0.2985571587125416,0.08966666666666667,0.30033333333333334,0.4598199399799933,0.43447815938646217,0.13666666666666671,0.27263333333333334,0.38
101,missing_features,lr,isotonic,window,W600,pre,1500,0.5746666666666667,0.531294172820762,0.8935882312697632,0.02368397689823569,0.03650293270749614,0.2698907956318253,0.11533333333333333,0.42733333333333334,0.3549032688458973,0.3362241494329553,0.05133333333333334,0.3504000000000001,0.38
101,missing_features,lr,isotonic,window,W600,post,3000,0.5326666666666666,0.5763322994313761,0.9704734201854526,0.01951034080712515,0.02224292963757362,0.29828571428571427,0.087,0.2916666666666667,0.4648216072024008,0.43447815938646217,0.15166666666666662,0.27596666666666664,0.38
101,missing_features,lr,isotonic,window,W1200,pre,1500,0.5746666666666667,0.52932216978986,0.8892235105949206,0.034266370063870955,0.030676895708287504,0.27896341463414637,0.122,0.43733333333333335,0.3542361574382922,0.3362241494329553,0.03266666666666662,0.3453333333333333,0.38
101,missing_features,lr,isotonic,window,W1200,post,3000,0.5326666666666666,0.5743874698062237,0.9661364697711305,0.017455715170960506,0.015336033125473734,0.29927007299270075,0.082,0.274,0.4661553851283761,0.43447815938646217,0.18433333333333335,0.2768666666666667,0.38
101,missing_features,lr,isotonic,expanding,all,pre,1500,0.5746666666666667,0.5275295529668329,0.8857681692730672,0.02249449601073446,0.03424243737789661,0.25704225352112675,0.09733333333333333,0.37866666666666665,0.3642428285523682,0.3362241494329553,0.09466666666666668,0.34080000000000005,0.38
101,missing_features,lr,isotonic,expanding,all,post,3000,0.5326666666666666,0.5747473918236903,0.9654218195660826,0.016266729334201882,0.0214871825265312,0.29036144578313255,0.08033333333333334,0.27666666666666667,0.4594864954984995,0.43447815938646217,0.10466666666666669,0.2745,0.38
101,missing_features,lr,isotonic,decay,HL150,pre,1500,0.5746666666666667,0.5328933443950499,0.8961759567028348,0.024864667026747805,0.04187403305377504,0.281437125748503,0.12533333333333332,0.44533333333333336,0.361574382921948,0.3362241494329553,0.06866666666666665,0.34786666666666666,0.38
101,missing_features,lr,isotonic,decay,HL150,post,3000,0.5326666666666666,0.5775479310465411,0.9735701766746275,0.023437525087667194,0.023090344114698992,0.29651162790697677,0.085,0.2866666666666667,0.4638212737579193,0.43447815938646217,0.14733333333333332,0.2755666666666667,0.38
101,missing_features,lr,isotonic,decay,HL400,pre,1500,0.5746666666666667,0.5299613046322039,0.8904752431747844,0.02064228020386392,0.03939105648816562,0.27421758569299554,0.12266666666666666,0.44733333333333336,0.3542361574382922,0.3362241494329553,0.04733333333333334,0.34693333333333337,0.38
101,missing_features,lr,isotonic,decay,HL400,post,3000,0.5326666666666666,0.5747780398210117,0.9668491379900191,0.01677315204008547,0.03165039117526154,0.2862595419847328,0.075,0.262,0.4574858286095365,0.43447815938646217,0.13966666666666672,0.27490000000000003,0.38
101,missing_features,lr,isotonic,decay,HL1000,pre,1500,0.5746666666666667,0.5283326202886228,0.8872332417635085,0.01813591887985106,0.03350325883025419,0.27492447129909364,0.12133333333333333,0.44133333333333336,0.3495663775850567,0.3362241494329553,0.04133333333333333,0.34180000000000005,0.38
101,missing_features,lr,isotonic,decay,HL1000,post,3000,0.5326666666666666,0.5738279552146732,0.9644632096787463,0.010683495346488006,0.024172943216042846,0.27784891165172854,0.07233333333333333,0.26033333333333336,0.4598199399799933,0.43447815938646217,0.1243333333333333,0.2755,0.38
101,missing_features,gbm,temperature,static,,pre,1500,0.514,0.5827955197139204,0.9715112562838439,0.03758344970710324,0.03839211095678139,0.2935560859188544,0.082,0.2793333333333333,0.494996664442962,0.4749833222148099,0.19066666666666665,0.242,0.42000000000000004
101,missing_features,gbm,temperature,static,,post,3000,0.48433333333333334,0.6113518517883625,1.0188909397199264,0.03772825630776465,0.040000413206143136,0.33187134502923976,0.07566666666666666,0.228,0.5458486162054018,0.5471823941313771,0.19899999999999995,0.19816666666666666,0.42000000000000004
101,missing_features,gbm,temperature,window,W300,pre,1500,0.514,0.584146118820753,0.9732278957656217,0.021893514441625222,0.04180760871641358,0.28969359331476324,0.06933333333333333,0.23933333333333334,0.48899266177451634,0.4749833222148099,0.21799999999999997,0.24106666666666668,0.42000000000000004
101,missing_features,gbm,temperature,window,W300,post,3000,0.48433333333333334,0.6096602621118429,1.015432315671701,0.016196059524484267,0.017894404499077355,0.2907801418439716,0.041,0.141,0.5238412804268089,0.5471823941313771,0.2886666666666666,0.1928,0.42000000000000004
101,missing_features,gbm,temperature,window,W600,pre,1500,0.514,0.5834339715651888,0.9720942965157123,0.029947861809191637,0.0392515683511321,0.2925531914893617,0.07333333333333333,0.25066666666666665,0.4963308872581721,0.4749833222148099,0.20333333333333337,0.24006666666666668,0.42000000000000004
101,missing_features,gbm,temperature,window,W600,post,3000,0.48433333333333334,0.6103730505964992,1.0164483707019765,0.02276353534824059,0.035136764582684506,0.2850467289719626,0.04066666666666666,0.14266666666666666,0.5311770590196733,0.5471823941313771,0.28500000000000003,0.19033333333333333,0.42000000000000004
101,missing_features,gbm,temperature,window,W1200,pre,1500,0.514,0.5832585653005533,0.972043699393561,0.0290202876209764,0.0346389131468766,0.3,0.08,0.26666666666666666,0.49299533022014674,0.4749833222148099,0.19399999999999995,0.2434666666666667,0.42000000000000004
101,missing_features,gbm,temperature,window,W1200,post,3000,0.48433333333333334,0.6088420946728403,1.014299799544171,0.020789172719135118,0.024632015701649107,0.27107061503416857,0.03966666666666667,0.14633333333333334,0.5338446148716238,0.5471823941313771,0.2723333333333333,0.19376666666666664,0.42000000000000004
101,missing_features,gbm,temperature,expanding,all,pre,1500,0.514,0.5824572400879033,0.9712581561552003,0.024657927164394352,0.03260747145307089,0.2845528455284553,0.07,0.246,0.49366244162775186,0.4749833222148099,0.21133333333333337,0.24273333333333336,0.42000000000000004
101,missing_features,gbm,temperature,expanding,all,post,3000,0.48433333333333334,0.6095590383980811,1.0155968917967382,0.027302888937423105,0.027323676238671653,0.297196261682243,0.053,0.17833333333333334,0.5421807269089697,0.5471823941313771,0.23233333333333328,0.1971,0.42000000000000004
101,missing_features,gbm,temperature,decay,HL150,pre,1500,0.514,0.58359867457141,0.9723551853955885,0.025912195550003632,0.04378512007522246,0.2975871313672922,0.074,0.24866666666666667,0.4943295530353569,0.4749833222148099,0.20866666666666667,0.23980000000000004,0.42000000000000004
101,missing_features,gbm,temperature,decay,HL150,post,3000,0.48433333333333334,0.6095550478975449,1.0153342396189355,0.017085307296350626,0.0340955973941474,0.28125,0.039,0.13866666666666666,0.5251750583527842,0.5471823941313771,0.2846666666666666,0.19043333333333332,0.42000000000000004
101,missing_features,gbm,temperature,decay,HL400,pre,1500,0.514,0.5831179682825588,0.9717679401123931,0.02644869175216934,0.03694051459582445,0.2916666666666667,0.07466666666666667,0.256,0.49566377585056703,0.4749833222148099,0.20066666666666666,0.24273333333333336,0.42000000000000004
101,missing_features,gbm,temperature,decay,HL400,post,3000,0.48433333333333334,0.609248256146425,1.0148755355934163,0.02199532683178825,0.027776555902186847,0.27765237020316025,0.041,0.14766666666666667,0.531510503501167,0.5471823941313771,0.2723333333333333,0.193,0.42000000000000004
101,missing_features,gbm,temperature,decay,HL1000,pre,1500,0.514,0.5827192253094147,0.9714538960986765,0.027455257598376845,0.03070428326138634,0.2845953002610966,0.07266666666666667,0.25533333333333336,0.49566377585056703,0.4749833222148099,0.20466666666666666,0.24320000000000006,0.42000000000000004
101,missing_features,gbm,temperature,decay,HL1000,post,3000,0.48433333333333334,0.609205372497731,1.0149031422813095,0.0241994162892554,0.027989756963498726,0.2806652806652807,0.045,0.16033333333333333,0.5375125041680561,0.5471823941313771,0.258,0.19576666666666664,0.42000000000000004
101,missing_features,gbm,beta,static,,pre,1500,0.514,0.5984616447949523,1.0433799550067533,0.042599356482334996,0.04792987125831493,0.308584686774942,0.08866666666666667,0.28733333333333333,0.49099399599733157,0.4749833222148099,0.18333333333333335,0.23806666666666668,0.44000000000000006
101,missing_features,gbm,beta,static,,post,3000,0.48433333333333334,0.6311437594243322,1.1280252803980941,0.04920508514670416,0.04920508514670412,0.3628691983122363,0.086,0.237,0.5328442814271424,0.5471823941313771,0.19033333333333335,0.19933333333333333,0.44000000000000006
101,missing_features,gbm,beta,window,W300,pre,1500,0.514,0.6009492814013226,1.0448927139903956,0.03402893200330369,0.040846161399875146,0.2853107344632768,0.06733333333333333,0.236,0.49366244162775186,0.4749833222148099,0.20266666666666666,0.22993333333333335,0.44000000000000006
101,missing_features,gbm,beta,window,W300,post,3000,0.48433333333333334,0.6336881031190817,1.1276480684983126,0.03283835971569541,0.030831890915011376,0.30785123966942146,0.049666666666666665,0.16133333333333333,0.5401800600200066,0.5471823941313771,0.16766666666666663,0.1928666666666667,0.44000000000000006
101,missing_features,gbm,beta,window,W600,pre,1500,0.514,0.5995318701218293,1.0425970058845442,0.0374983799428565,0.04195640949088824,0.2898550724637681,0.06666666666666667,0.23,0.4923282188125417,0.4749833222148099,0.22133333333333338,0.23113333333333333,0.44000000000000006
101,missing_features,gbm,beta,window,W600,post,3000,0.48433333333333334,0.6335372951006697,1.1272182544976521,0.030130697378795417,0.03084690536728078,0.30257510729613735,0.047,0.15533333333333332,0.5368456152050683,0.5471823941313771,0.17266666666666663,0.1910666666666667,0.44000000000000006
101,missing_features,gbm,beta,window,W1200,pre,1500,0.514,0.5993459792123422,1.042789469046099,0.03181852139652035,0.03378319387316941,0.30601092896174864,0.07466666666666667,0.244,0.49566377585056703,0.4749833222148099,0.20933333333333337,0.235,0.44000000000000006
101,missing_features,gbm,beta,window,W1200,post,3000,0.48433333333333334,0.6314315665240811,1.1242909972603625,0.03436644774279625,0.02756836666393879,0.27415730337078653,0.04066666666666666,0.14833333333333334,0.5318439479826609,0.5471823941313771,0.21999999999999997,0.19796666666666665,0.44000000000000006
101,missing_features,gbm,beta,expanding,all,pre,1500,0.514,0.5987595710533306,1.0418895796843728,0.03649868872125236,0.032524466090229825,0.29916897506925205,0.072,0.24066666666666667,0.4969979986657772,0.4749833222148099,0.21599999999999997,0.23666666666666666,0.44000000000000006
101,missing_features,gbm,beta,expanding,all,post,3000,0.48433333333333334,0.6305333536537043,1.1243722738551536,0.031120317498594792,0.031120317498594813,0.3101503759398496,0.055,0.17733333333333334,0.5301767255751917,0.5471823941313771,0.2263333333333334,0.19616666666666666,0.44000000000000006
101,missing_features,gbm,beta,decay,HL150,pre,1500,0.514,0.600147097851127,1.044017052630439,0.03777025752115336,0.040757704714207234,0.28774928774928776,0.06733333333333333,0.234,0.49299533022014674,0.4749833222148099,0.20533333333333337,0.2272,0.44000000000000006
101,missing_features,gbm,beta,decay,HL150,post,3000,0.48433333333333334,0.6330937996831884,1.1266447669744173,0.03455011745193622,0.02839686273807283,0.2915766738660907,0.045,0.15433333333333332,0.5381793931310437,0.5471823941313771,0.17400000000000004,0.19330000000000003,0.44000000000000006
101,missing_features,gbm,beta,decay,HL400,pre,1500,0.514,0.5993213860468091,1.042558000536825,0.035534348758144235,0.03196554203281554,0.2934472934472934,0.06866666666666667,0.234,0.4896597731821214,0.4749833222148099,0.21999999999999997,0.23513333333333336,0.44000000000000006
101,missing_features,gbm,beta,decay,HL400,post,3000,0.48433333333333334,0.6319628850369367,1.125084125651769,0.03766664880629187,0.028277548971979264,0.2781456953642384,0.042,0.151,0.5321773924641547,0.5471823941313771,0.20633333333333337,0.1939666666666667,0.44000000000000006
101,missing_features,gbm,beta,decay,HL1000,pre,1500,0.514,0.5989457748251692,1.042045800967306,0.02993137804861481,0.029284155750056034,0.29444444444444445,0.07066666666666667,0.24,0.4943295530353569,0.4749833222148099,0.21599999999999997,0.23580000000000004,0.44000000000000006
101,missing_features,gbm,beta,decay,HL1000,post,3000,0.48433333333333334,0.6311506081033296,1.1243782214918838,0.034472235736760684,0.02784510676815785,0.28421052631578947,0.045,0.15833333333333333,0.5311770590196733,0.5471823941313771,0.22099999999999997,0.19463333333333335,0.44000000000000006
101,missing_features,gbm,isotonic,static,,pre,1500,0.514,0.5992504748952714,1.0456033186322007,0.04900964505273509,0.051506748975907124,0.3007518796992481,0.08,0.266,0.4816544362908606,0.4749833222148099,0.1246666666666667,0.2394666666666667,0.44000000000000006
101,missing_features,gbm,isotonic,static,,post,3000,0.48433333333333334,0.6319622471497492,1.1304348512201414,0.051521920557110294,0.0515219205571103,0.34789391575663026,0.07433333333333333,0.21366666666666667,0.5488496165388462,0.5471823941313771,0.1373333333333333,0.20333333333333334,0.44000000000000006
101,missing_features,gbm,isotonic,window,W300,pre,1500,0.514,0.6045517022897203,1.0569606852403348,0.04223093640322078,0.0455432358041341,0.3112391930835735,0.072,0.23133333333333334,0.4876584389593062,0.4749833222148099,0.2273333333333334,0.23173333333333335,0.44000000000000006
101,missing_features,gbm,isotonic,window,W300,post,3000,0.48433333333333334,0.6341127674343446,1.1313399268610216,0.03686717800443336,0.03732510893640857,0.3249097472924188,0.06,0.18466666666666667,0.5401800600200066,0.5471823941313771,0.18966666666666665,0.197,0.44000000000000006
101,missing_features,gbm,isotonic,window,W600,pre,1500,0.514,0.6028193679604316,1.0510052121247278,0.03252171319325581,0.05291237820505772,0.3029411764705882,0.06866666666666667,0.22666666666666666,0.49299533022014674,0.4749833222148099,0.2326666666666667,0.23253333333333334,0.44000000000000006
101,missing_features,gbm,isotonic,window,W600,post,3000,0.48433333333333334,0.6329041017837332,1.1283053412339934,0.032602206848454864,0.03260220684845487,0.3106212424849699,0.051666666666666666,0.16633333333333333,0.5398466155385129,0.5471823941313771,0.16533333333333333,0.19173333333333334,0.44000000000000006
101,missing_features,gbm,isotonic,window,W1200,pre,1500,0.514,0.6009038885287585,1.047358916964558,0.03776838343732648,0.03973764939713431,0.28448275862068967,0.066,0.232,0.4896597731821214,0.4749833222148099,0.19933333333333336,0.23613333333333336,0.44000000000000006
101,missing_features,gbm,isotonic,window,W1200,post,3000,0.48433333333333334,0.6307883336614338,1.124226282400002,0.028659165644370942,0.028659165644370987,0.30628803245436104,0.050333333333333334,0.16433333333333333,0.5411803934644882,0.5471823941313771,0.18400000000000005,0.20073333333333332,0.44000000000000006
101,missing_features,gbm,isotonic,expanding,all,pre,1500,0.514,0.598950295240318,1.0427274666514967,0.02968008844939263,0.04438965787758334,0.2979274611398964,0.07666666666666666,0.25733333333333336,0.4876584389593062,0.4749833222148099,0.22666666666666668,0.23240000000000002,0.44000000000000006
101,missing_features,gbm,isotonic,expanding,all,post,3000,0.48433333333333334,0.6299737636744537,1.124320946128439,0.032490847030743515,0.03343225819579639,0.28888888888888886,0.04766666666666667,0.165,0.5381793931310437,0.5471823941313771,0.19766666666666666,0.19680000000000003,0.44000000000000006
101,missing_features,gbm,isotonic,decay,HL150,pre,1500,0.514,0.6021307189367638,1.0515994296178417,0.03935817562085127,0.04588042838934753,0.292817679558011,0.07066666666666667,0.24133333333333334,0.48432288192128087,0.4749833222148099,0.22599999999999998,0.23640000000000003,0.44000000000000006
101,missing_features,gbm,isotonic,decay,HL150,post,3000,0.48433333333333334,0.6321820665038317,1.127845051124256,0.03400656997650609,0.03400656997650607,0.3145009416195857,0.05566666666666667,0.177,0.535511837279093,0.5471823941313771,0.19266666666666665,0.19526666666666664,0.44000000000000006
101,missing_features,gbm,isotonic,decay,HL400,pre,1500,0.514,0.6017326263244337,1.0484497787716096,0.036926044862132815,0.04487925681255711,0.2861356932153392,0.06466666666666666,0.226,0.4876584389593062,0.4749833222148099,0.22066666666666668,0.23259999999999997,0.44000000000000006
101,missing_features,gbm,isotonic,decay,HL400,post,3000,0.48433333333333334,0.6307870948152247,1.1245400745801983,0.029709139369153266,0.029875256047143223,0.31176470588235294,0.053,0.17,0.5425141713904635,0.5471823941313771,0.18400000000000005,0.19793333333333332,0.44000000000000006
101,missing_features,gbm,isotonic,decay,HL1000,pre,1500,0.514,0.5995544024840015,1.0439773840326656,0.03052546827746344,0.04358771263451212,0.28059701492537314,0.06266666666666666,0.22333333333333333,0.4883255503669113,0.4749833222148099,0.21199999999999997,0.23360000000000003,0.44000000000000006
101,missing_features,gbm,isotonic,decay,HL1000,post,3000,0.48433333333333334,0.6303423129743431,1.1238143224222188,0.029234581370882154,0.03043673008222573,0.2920168067226891,0.04633333333333333,0.15866666666666668,0.5368456152050683,0.5471823941313771,0.19333333333333336,0.19436666666666663,0.44000000000000006
101,stale_features,lr,temperature,static,,pre,1500,0.5746666666666667,0.5269844059919248,0.8845427516587582,0.01802064986133308,0.027297134981961485,0.25573770491803277,0.104,0.4066666666666667,0.3669112741827885,0.3362241494329553,0.09333333333333338,0.344,0.38
101,stale_features,lr,temperature,static,,post,3000,0.448,0.6749023020968922,1.154057691764749,0.12420194120256263,0.12420194120256269,0.4691666666666667,0.18766666666666668,0.4,0.1237079026342114,0.136378792930977,0.09599999999999997,0.10616666666666667,0.38
101,stale_features,lr,temperature,window,W300,pre,1500,0.5746666666666667,0.52810249819667,0.8864325834877668,0.01604155894279029,0.030890522930713114,0.2593192868719611,0.10666666666666667,0.41133333333333333,0.3669112741827885,0.3362241494329553,0.09866666666666668,0.3430666666666667,0.38
101,stale_features,lr,temperature,window,W300,post,3000,0.448,0.6433236450736884,1.068189865424384,0.03961723503473081,0.053908969089435606,0.43119266055045874,0.03133333333333333,0.07266666666666667,0.12870956985661888,0.136378792930977,0.32266666666666666,0.11833333333333333,0.38
101,stale_features,lr,temperature,window,W600,pre,1500,0.5746666666666667,0.5275999369197809,0.8860547795019138,0.01474861978381135,0.030654783172743942,0.2624,0.10933333333333334,0.4166666666666667,0.3682454969979987,0.3362241494329553,0.09599999999999997,0.34440000000000004,0.38
101,stale_features,lr,temperature,window,W600,post,3000,0.448,0.6422023712405515,1.0665511134614631,0.03830662509216156,0.04005011676000628,0.4429223744292237,0.03233333333333333,0.073,0.13037679226408802,0.136378792930977,0.30466666666666664,0.12,0.38
101,stale_features,lr,temperature,window,W1200,pre,1500,0.5746666666666667,0.5275110165723406,0.8858722316193057,0.01805925785898715,0.036603218667141404,0.2619047619047619,0.11,0.42,0.36490993995997334,0.3362241494329553,0.09066666666666667,0.3440666666666667,0.38
101,stale_features,lr,temperature,window,W1200,post,3000,0.448,0.6439833684739128,1.0705067123875205,0.03646073801397378,0.043968871632285744,0.45454545454545453,0.04666666666666667,0.10266666666666667,0.13504501500500166,0.136378792930977,0.2623333333333333,0.11973333333333333,0.38
101,stale_features,lr,temperature,expanding,all,pre,1500,0.5746666666666667,0.5272668310458958,0.885317482163055,0.013326144534923262,0.030337469818276137,0.2542955326460481,0.09866666666666667,0.388,0.3669112741827885,0.3362241494329553,0.10199999999999998,0.3434666666666667,0.38
101,stale_features,lr,temperature,expanding,all,post,3000,0.448,0.6577615885727076,1.1067983718831789,0.08408221676705138,0.08408221676705138,0.45537757437070936,0.13266666666666665,0.29133333333333333,0.12804268089363122,0.136378792930977,0.13666666666666671,0.10856666666666669,0.38
101,stale_features,lr,temperature,decay,HL150,pre,1500,0.5746666666666667,0.5277150844163983,0.8862361934989934,0.014607694197151628,0.023266034016805607,0.25925925925925924,0.10733333333333334,0.414,0.36624416277518346,0.3362241494329553,0.09666666666666668,0.34353333333333336,0.38
101,stale_features,lr,temperature,decay,HL150,post,3000,0.448,0.6423381031277139,1.0662647785704724,0.040109866033078145,0.044403716956432485,0.42990654205607476,0.030666666666666665,0.07133333333333333,0.1353784594864955,0.136378792930977,0.31466666666666665,0.11943333333333334,0.38
101,stale_features,lr,temperature,decay,HL400,pre,1500,0.5746666666666667,0.5272836128407485,0.8853977750806947,0.014200499763216272,0.03063879063011561,0.2592,0.108,0.4166666666666667,0.3675783855903936,0.3362241494329553,0.09333333333333338,0.3433333333333333,0.38
101,stale_features,lr,temperature,decay,HL400,post,3000,0.448,0.6430995908474492,1.068871994850982,0.03750850796456294,0.0406104549974662,0.45016077170418006,0.04666666666666667,0.10366666666666667,0.13437812604201402,0.136378792930977,0.267,0.11723333333333333,0.38
101,stale_features,lr,temperature,decay,HL1000,pre,1500,0.5746666666666667,0.5271328516783419,0.8850627793922222,0.015341249706326589,0.028180973447302034,0.25573770491803277,0.104,0.4066666666666667,0.3655770513675784,0.3362241494329553,0.09399999999999997,0.3444666666666667,0.38
101,stale_features,lr,temperature,decay,HL1000,post,3000,0.448,0.6468765957808797,1.078851061428258,0.03961930245218185,0.04629588620031154,0.44945848375451264,0.083,0.18466666666666667,0.1300433477825942,0.136378792930977,0.19399999999999995,0.11223333333333332,0.38
101,stale_features,lr,beta,static,,pre,1500,0.5746666666666667,0.5271952132596635,0.8852933596093632,0.019045662402585765,0.029332485544153655,0.2620578778135048,0.10866666666666666,0.4146666666666667,0.36891260840560375,0.3362241494329553,0.1293333333333333,0.34306666666666674,0.4
101,stale_features,lr,beta,static,,post,3000,0.448,0.6769881067277858,1.157542887072133,0.13125972147443826,0.13125972147443832,0.4722222222222222,0.19266666666666668,0.408,0.12770923641213738,0.136378792930977,0.1336666666666667,0.10946666666666666,0.4
101,stale_features,lr,beta,window,W300,pre,1500,0.5746666666666667,0.5319287768762472,0.8941503718475188,0.02005612965539338,0.04065327744367095,0.26,0.104,0.4,0.37158105403602404,0.3362241494329553,0.124,0.34260000000000007,0.4
101,stale_features,lr,beta,window,W300,post,3000,0.448,0.6605162498378564,1.111327659455468,0.032421050459198644,0.0382004086978406,0.46215139442231074,0.03866666666666667,0.08366666666666667,0.1437145715238413,0.136378792930977,0.2613333333333333,0.117,0.4
101,stale_features,lr,beta,window,W600,pre,1500,0.5746666666666667,0.5297084321079041,0.8895490149788432,0.03306547997883756,0.03353941248035914,0.2686804451510334,0.11266666666666666,0.41933333333333334,0.3695797198132088,0.3362241494329553,0.11133333333333328,0.34413333333333335,0.4
101,stale_features,lr,beta,window,W600,post,3000,0.448,0.6583651112644393,1.107798186040963,0.02409187288023306,0.035035370420131495,0.43529411764705883,0.037,0.085,0.1353784594864955,0.136378792930977,0.30633333333333335,0.11776666666666667,0.4
101,stale_features,lr,beta,window,W1200,pre,1500,0.5746666666666667,0.5294496656614779,0.8895760139007199,0.022433820450359,0.03157304511656889,0.26282051282051283,0.10933333333333334,0.416,0.37558372248165445,0.3362241494329553,0.1333333333333333,0.3423333333333333,0.4
101,stale_features,lr,beta,window,W1200,post,3000,0.448,0.6571288993646057,1.1067910239103373,0.028377496374655968,0.044461058906884454,0.4547738693467337,0.060333333333333336,0.13266666666666665,0.13237745915305102,0.136378792930977,0.30433333333333334,0.11826666666666664,0.4
101,stale_features,lr,beta,expanding,all,pre,1500,0.5746666666666667,0.5275187962689785,0.8856426960271022,0.012068998741578654,0.030320668113817034,0.25546218487394956,0.10133333333333333,0.39666666666666667,0.3882588392261508,0.3362241494329553,0.18733333333333335,0.3423333333333333,0.4
101,stale_features,lr,beta,expanding,all,post,3000,0.448,0.6633171848466748,1.1265307828871896,0.09008811392321053,0.09008811392321059,0.4569606801275239,0.14333333333333334,0.31366666666666665,0.12837612537512505,0.136378792930977,0.20899999999999996,0.11193333333333334,0.4
101,stale_features,lr,beta,decay,HL150,pre,1500,0.5746666666666667,0.5307387639725187,0.8925440188040585,0.02197498656121829,0.03341233268126486,0.2545757071547421,0.102,0.40066666666666667,0.3609072715143429,0.3362241494329553,0.11399999999999999,0.348,0.4
101,stale_features,lr,beta,decay,HL150,post,3000,0.448,0.6590036614297187,1.1086434086989203,0.029818042992755582,0.03092715896875914,0.4349442379182156,0.039,0.08966666666666667,0.13904634878292765,0.136378792930977,0.2756666666666666,0.11830000000000002,0.4
101,stale_features,lr,beta,decay,HL400,pre,1500,0.5746666666666667,0.5289857503896112,0.8887317185346413,0.0216244799277086,0.033058330997065496,0.26375404530744334,0.10866666666666666,0.412,0.3722481654436291,0.3362241494329553,0.1373333333333333,0.34393333333333337,0.4
101,stale_features,lr,beta,decay,HL400,post,3000,0.448,0.6574000402873938,1.1074664396541345,0.028940341284236948,0.04286688468529086,0.4444444444444444,0.05733333333333333,0.129,0.1373791263754585,0.136378792930977,0.29233333333333333,0.11253333333333335,0.4
101,stale_features,lr,beta,decay,HL1000,pre,1500,0.5746666666666667,0.5281562030383241,0.8868329543346426,0.016451632110184848,0.03328504844570848,0.2573770491803279,0.10466666666666667,0.4066666666666667,0.38492328218812544,0.3362241494329553,0.17000000000000004,0.3416666666666667,0.4
101,stale_features,lr,beta,decay,HL1000,post,3000,0.448,0.6577028101578049,1.1116647629471088,0.052791510230221265,0.05602283900787871,0.446875,0.09533333333333334,0.21333333333333335,0.12570856952317438,0.136378792930977,0.2566666666666667,0.11320000000000001,0.4
101,stale_features,lr,isotonic,static,,pre,1500,0.5746666666666667,0.5274576329346468,0.8854498105671058,0.0216102301634105,0.03616290250846669,0.26426426426426425,0.11733333333333333,0.444,0.3629086057371581,0.3362241494329553,0.08066666666666666,0.345,0.38
101,stale_features,lr,isotonic,static,,post,3000,0.448,0.6792190076287008,1.1639421905119165,0.13113799033178863,0.13113799033178858,0.47550866616428034,0.21033333333333334,0.44233333333333336,0.12737579193064355,0.136378792930977,0.08466666666666667,0.10786666666666668,0.38
101,stale_features,lr,isotonic,window,W300,pre,1500,0.5746666666666667,0.5335420835593967,0.897384276336718,0.04175234597213753,0.047023673911828316,0.26584234930448225,0.11466666666666667,0.43133333333333335,0.3675783855903936,0.3362241494329553,0.09399999999999997,0.34693333333333337,0.38
101,stale_features,lr,isotonic,window,W300,post,3000,0.448,0.6607993770848776,1.1185608814347592,0.050082378444648926,0.060029448188182136,0.42823529411764705,0.06066666666666667,0.14166666666666666,0.13604534844948316,0.136378792930977,0.19333333333333336,0.1132666666666667,0.38
101,stale_features,lr,isotonic,window,W600,pre,1500,0.5746666666666667,0.531294172820762,0.8935882312697632,0.02368397689823569,0.03650293270749614,0.2698907956318253,0.11533333333333333,0.42733333333333334,0.3549032688458973,0.3362241494329553,0.05133333333333334,0.3504000000000001,0.38
101,stale_features,lr,isotonic,window,W600,post,3000,0.448,0.6583492453336168,1.1133821375231623,0.028561084410864596,0.03451520639939562,0.4371859296482412,0.058,0.13266666666666665,0.13571190396798932,0.136378792930977,0.21166666666666667,0.1125,0.38
101,stale_features,lr,isotonic,window,W1200,pre,1500,0.5746666666666667,0.52932216978986,0.8892235105949206,0.034266370063870955,0.030676895708287504,0.27896341463414637,0.122,0.43733333333333335,0.3542361574382922,0.3362241494329553,0.03266666666666662,0.3453333333333333,0.38
101,stale_features,lr,isotonic,window,W1200,post,3000,0.448,0.6590489421519748,1.113939807212056,0.03717558357349425,0.04392241168139982,0.4589041095890411,0.067,0.146,0.13237745915305102,0.136378792930977,0.19933333333333336,0.112,0.38
101,stale_features,lr,isotonic,expanding,all,pre,1500,0.5746666666666667,0.5275295529668329,0.8857681692730672,0.02249449601073446,0.03424243737789661,0.25704225352112675,0.09733333333333333,0.37866666666666665,0.3642428285523682,0.3362241494329553,0.09466666666666668,0.34080000000000005,0.38
101,stale_features,lr,isotonic,expanding,all,post,3000,0.448,0.6656118657133411,1.1312881286525154,0.09165137674081685,0.09165137674081683,0.45305164319248825,0.12866666666666668,0.284,0.12537512504168055,0.136378792930977,0.1306666666666667,0.1088,0.38
101,stale_features,lr,isotonic,decay,HL150,pre,1500,0.5746666666666667,0.5328933443950499,0.8961759567028348,0.024864667026747805,0.04187403305377504,0.281437125748503,0.12533333333333332,0.44533333333333336,0.361574382921948,0.3362241494329553,0.06866666666666665,0.34786666666666666,0.38
101,stale_features,lr,isotonic,decay,HL150,post,3000,0.448,0.6578534563696745,1.1123383795101158,0.03989092495422708,0.04447729130749085,0.4218362282878412,0.056666666666666664,0.13433333333333333,0.1353784594864955,0.136378792930977,0.20666666666666667,0.11416666666666667,0.38
101,stale_features,lr,isotonic,decay,HL400,pre,1500,0.5746666666666667,0.5299613046322039,0.8904752431747844,0.02064228020386392,0.03939105648816562,0.27421758569299554,0.12266666666666666,0.44733333333333336,0.3542361574382922,0.3362241494329553,0.04733333333333334,0.34693333333333337,0.38
101,stale_features,lr,isotonic,decay,HL400,post,3000,0.448,0.657351746269983,1.1104923394812451,0.03473532478901957,0.042202063775400936,0.4391304347826087,0.06733333333333333,0.15333333333333332,0.13671223741247082,0.136378792930977,0.20966666666666667,0.10973333333333335,0.38
101,stale_features,lr,isotonic,decay,HL1000,pre,1500,0.5746666666666667,0.5283326202886228,0.8872332417635085,0.01813591887985106,0.03350325883025419,0.27492447129909364,0.12133333333333333,0.44133333333333336,0.3495663775850567,0.3362241494329553,0.04133333333333333,0.34180000000000005,0.38
101,stale_features,lr,isotonic,decay,HL1000,post,3000,0.448,0.6592434979649336,1.115383376945368,0.05610158344841129,0.057175859278276404,0.4442771084337349,0.09833333333333333,0.22133333333333333,0.13204401467155719,0.136378792930977,0.15466666666666662,0.11016666666666666,0.38
101,stale_features,gbm,temperature,static,,pre,1500,0.514,0.5827955197139204,0.9715112562838439,0.03758344970710324,0.03839211095678139,0.2935560859188544,0.082,0.2793333333333333,0.494996664442962,0.4749833222148099,0.19066666666666665,0.242,0.42000000000000004
101,stale_features,gbm,temperature,static,,post,3000,0.418,0.6732582225947686,1.120342016119588,0.10964209994627457,0.10964209994627454,0.4869109947643979,0.124,0.25466666666666665,0.37445815271757255,0.37679226408802935,0.19499999999999995,0.08236666666666667,0.42000000000000004
101,stale_features,gbm,temperature,window,W300,pre,1500,0.514,0.584146118820753,0.9732278957656217,0.021893514441625222,0.04180760871641358,0.28969359331476324,0.06933333333333333,0.23933333333333334,0.48899266177451634,0.4749833222148099,0.21799999999999997,0.24106666666666668,0.42000000000000004
101,stale_features,gbm,temperature,window,W300,post,3000,0.418,0.6504787915246619,1.0756745450893237,0.01837774017161666,0.028783679499117466,0.4519230769230769,0.015666666666666666,0.034666666666666665,0.26675558519506504,0.37679226408802935,0.5983333333333334,0.06666666666666667,0.42000000000000004
101,stale_features,gbm,temperature,window,W600,pre,1500,0.514,0.5834339715651888,0.9720942965157123,0.029947861809191637,0.0392515683511321,0.2925531914893617,0.07333333333333333,0.25066666666666665,0.4963308872581721,0.4749833222148099,0.20333333333333337,0.24006666666666668,0.42000000000000004
101,stale_features,gbm,temperature,window,W600,post,3000,0.418,0.6500274386723439,1.0755040488604881,0.011650180749850629,0.019490667433206682,0.44545454545454544,0.01633333333333333,0.03666666666666667,0.274758252750917,0.37679226408802935,0.5760000000000001,0.07466666666666667,0.42000000000000004
101,stale_features,gbm,temperature,window,W1200,pre,1500,0.514,0.5832585653005533,0.972043699393561,0.0290202876209764,0.0346389131468766,0.3,0.08,0.26666666666666666,0.49299533022014674,0.4749833222148099,0.19399999999999995,0.2434666666666667,0.42000000000000004
101,stale_features,gbm,temperature,window,W1200,post,3000,0.418,0.6507532506125866,1.0771209696674777,0.0179009178063806,0.02268258155274119,0.4503311258278146,0.02266666666666667,0.050333333333333334,0.29076358786262085,0.37679226408802935,0.5366666666666666,0.06996666666666666,0.42000000000000004
101,stale_features,gbm,temperature,expanding,all,pre,1500,0.514,0.5824572400879033,0.9712581561552003,0.024657927164394352,0.03260747145307089,0.2845528455284553,0.07,0.246,0.49366244162775186,0.4749833222148099,0.21133333333333337,0.24273333333333336,0.42000000000000004
101,stale_features,gbm,temperature,expanding,all,post,3000,0.418,0.6605364121818107,1.0954815696490614,0.07562401373950035,0.07562401373950038,0.4444444444444444,0.072,0.162,0.3764588196065355,0.37679226408802935,0.276,0.0802,0.42000000000000004
101,stale_features,gbm,temperature,decay,HL150,pre,1500,0.514,0.58359867457141,0.9723551853955885,0.025912195550003632,0.04378512007522246,0.2975871313672922,0.074,0.24866666666666667,0.4943295530353569,0.4749833222148099,0.20866666666666667,0.23980000000000004,0.42000000000000004
101,stale_features,gbm,temperature,decay,HL150,post,3000,0.418,0.6500577974014934,1.0753057592916357,0.01062197900123781,0.01633707902522413,0.4787234042553192,0.015,0.03133333333333333,0.2810936978992998,0.37679226408802935,0.5826666666666667,0.06866666666666667,0.42000000000000004
101,stale_features,gbm,temperature,decay,HL400,pre,1500,0.514,0.5831179682825588,0.9717679401123931,0.02644869175216934,0.03694051459582445,0.2916666666666667,0.07466666666666667,0.256,0.49566377585056703,0.4749833222148099,0.20066666666666666,0.24273333333333336,0.42000000000000004
101,stale_features,gbm,temperature,decay,HL400,post,3000,0.418,0.6504282869661947,1.0764282545682773,0.021388669809951764,0.03111561991200968,0.45695364238410596,0.023,0.050333333333333334,0.302434144714905,0.37679226408802935,0.5263333333333333,0.0756,0.42000000000000004
101,stale_features,gbm,temperature,decay,HL1000,pre,1500,0.514,0.5827192253094147,0.9714538960986765,0.027455257598376845,0.03070428326138634,0.2845953002610966,0.07266666666666667,0.25533333333333336,0.49566377585056703,0.4749833222148099,0.20466666666666666,0.24320000000000006,0.42000000000000004
101,stale_features,gbm,temperature,decay,HL1000,post,3000,0.418,0.6529926872770772,1.0814337674669277,0.04032376282511201,0.04253251633723859,0.44651162790697674,0.032,0.07166666666666667,0.3421140380126709,0.37679226408802935,0.41300000000000003,0.07666666666666666,0.42000000000000004
101,stale_features,gbm,beta,static,,pre,1500,0.514,0.5984616447949523,1.0433799550067533,0.042599356482334996,0.04792987125831493,0.308584686774942,0.08866666666666667,0.28733333333333333,0.49099399599733157,0.4749833222148099,0.18333333333333335,0.23806666666666668,0.44000000000000006
101,stale_features,gbm,beta,static,,post,3000,0.418,0.7081155258077121,1.3198273957910707,0.1209954354355031,0.12099543543550316,0.48341836734693877,0.12633333333333333,0.2613333333333333,0.38746248749583195,0.37679226408802935,0.19066666666666665,0.08573333333333333,0.44000000000000006
101,stale_features,gbm,beta,window,W300,pre,1500,0.514,0.6009492814013226,1.0448927139903956,0.03402893200330369,0.040846161399875146,0.2853107344632768,0.06733333333333333,0.236,0.49366244162775186,0.4749833222148099,0.20266666666666666,0.22993333333333335,0.44000000000000006
101,stale_features,gbm,beta,window,W300,post,3000,0.418,0.6993218057715667,1.2899216263759776,0.05510563401437166,0.05510563401437162,0.4375,0.021,0.048,0.39646548849616536,0.37679226408802935,0.30266666666666664,0.07850000000000001,0.44000000000000006
101,stale_features,gbm,beta,window,W600,pre,1500,0.514,0.5995318701218293,1.0425970058845442,0.0374983799428565,0.04195640949088824,0.2898550724637681,0.06666666666666667,0.23,0.4923282188125417,0.4749833222148099,0.22133333333333338,0.23113333333333333,0.44000000000000006
101,stale_features,gbm,beta,window,W600,post,3000,0.418,0.6990656770797395,1.289534714177022,0.055976688597333575,0.05399763481498182,0.48120300751879697,0.021333333333333333,0.044333333333333336,0.3934644881627209,0.37679226408802935,0.29600000000000004,0.07713333333333333,0.44000000000000006
101,stale_features,gbm,beta,window,W1200,pre,1500,0.514,0.5993459792123422,1.042789469046099,0.03181852139652035,0.03378319387316941,0.30601092896174864,0.07466666666666667,0.244,0.49566377585056703,0.4749833222148099,0.20933333333333337,0.235,0.44000000000000006
101,stale_features,gbm,beta,window,W1200,post,3000,0.418,0.6982264207445792,1.2886366510397869,0.05776560551247192,0.05776560551247189,0.44692737430167595,0.02666666666666667,0.059666666666666666,0.39413137712570856,0.37679226408802935,0.30200000000000005,0.08013333333333333,0.44000000000000006
101,stale_features,gbm,beta,expanding,all,pre,1500,0.514,0.5987595710533306,1.0418895796843728,0.03649868872125236,0.032524466090229825,0.29916897506925205,0.072,0.24066666666666667,0.4969979986657772,0.4749833222148099,0.21599999999999997,0.23666666666666666,0.44000000000000006
101,stale_features,gbm,beta,expanding,all,post,3000,0.418,0.7003977011770115,1.3003209992024825,0.09129997448496233,0.09129997448496233,0.45472837022132795,0.07533333333333334,0.16566666666666666,0.3914638212737579,0.37679226408802935,0.239,0.08323333333333334,0.44000000000000006
101,stale_features,gbm,beta,decay,HL150,pre,1500,0.514,0.600147097851127,1.044017052630439,0.03777025752115336,0.040757704714207234,0.28774928774928776,0.06733333333333333,0.234,0.49299533022014674,0.4749833222148099,0.20533333333333337,0.2272,0.44000000000000006
101,stale_features,gbm,beta,decay,HL150,post,3000,0.418,0.6990003357321737,1.2892808245718073,0.05552576119240303,0.05387594271112718,0.46875,0.02,0.042666666666666665,0.3934644881627209,0.37679226408802935,0.30100000000000005,0.07566666666666666,0.44000000000000006
101,stale_features,gbm,beta,decay,HL400,pre,1500,0.514,0.5993213860468091,1.042558000536825,0.035534348758144235,0.03196554203281554,0.2934472934472934,0.06866666666666667,0.234,0.4896597731821214,0.4749833222148099,0.21999999999999997,0.23513333333333336,0.44000000000000006
101,stale_features,gbm,beta,decay,HL400,post,3000,0.418,0.6980404709209955,1.2885376456196158,0.05806450465462435,0.058064504654624434,0.4523809523809524,0.025333333333333333,0.056,0.39379793264421475,0.37679226408802935,0.29300000000000004,0.08076666666666667,0.44000000000000006
101,stale_features,gbm,beta,decay,HL1000,pre,1500,0.514,0.5989457748251692,1.042045800967306,0.02993137804861481,0.029284155750056034,0.29444444444444445,0.07066666666666667,0.24,0.4943295530353569,0.4749833222148099,0.21599999999999997,0.23580000000000004,0.44000000000000006
101,stale_features,gbm,beta,decay,HL1000,post,3000,0.418,0.6978586057923907,1.2909993102994854,0.0698626400219835,0.06986264002198347,0.4423791821561338,0.03966666666666667,0.08966666666666667,0.3907969323107703,0.37679226408802935,0.269,0.082,0.44000000000000006
101,stale_features,gbm,isotonic,static,,pre,1500,0.514,0.5992504748952714,1.0456033186322007,0.04900964505273509,0.051506748975907124,0.3007518796992481,0.08,0.266,0.4816544362908606,0.4749833222148099,0.1246666666666667,0.2394666666666667,0.44000000000000006
101,stale_features,gbm,isotonic,static,,post,3000,0.418,0.709769129381332,1.3272557365887905,0.12388778950390186,0.12388778950390184,0.47759103641456585,0.11366666666666667,0.238,0.37712570856952315,0.37679226408802935,0.1353333333333333,0.08310000000000001,0.44000000000000006
101,stale_features,gbm,isotonic,window,W300,pre,1500,0.514,0.6045517022897203,1.0569606852403348,0.04223093640322078,0.0455432358041341,0.3112391930835735,0.072,0.23133333333333334,0.4876584389593062,0.4749833222148099,0.2273333333333334,0.23173333333333335,0.44000000000000006
101,stale_features,gbm,isotonic,window,W300,post,3000,0.418,0.6998575969560906,1.2973313439748835,0.06508059205565729,0.06508059205565729,0.45955882352941174,0.041666666666666664,0.09066666666666667,0.3951317105701901,0.37679226408802935,0.30033333333333334,0.08053333333333335,0.44000000000000006
101,stale_features,gbm,isotonic,window,W600,pre,1500,0.514,0.6028193679604316,1.0510052121247278,0.03252171319325581,0.05291237820505772,0.3029411764705882,0.06866666666666667,0.22666666666666666,0.49299533022014674,0.4749833222148099,0.2326666666666667,0.23253333333333334,0.44000000000000006
101,stale_features,gbm,isotonic,window,W600,post,3000,0.418,0.6993094089639924,1.2945596779928839,0.06126976741538777,0.061415012166458935,0.47478991596638653,0.03766666666666667,0.07933333333333334,0.39413137712570856,0.37679226408802935,0.28733333333333333,0.07683333333333334,0.44000000000000006
101,stale_features,gbm,isotonic,window,W1200,pre,1500,0.514,0.6009038885287585,1.047358916964558,0.03776838343732648,0.03973764939713431,0.28448275862068967,0.066,0.232,0.4896597731821214,0.4749833222148099,0.19933333333333336,0.23613333333333336,0.44000000000000006
101,stale_features,gbm,isotonic,window,W1200,post,3000,0.418,0.6981688939428355,1.2908964535101428,0.06328896084262191,0.0632889608426219,0.4603174603174603,0.03866666666666667,0.084,0.3987995998666222,0.37679226408802935,0.32099999999999995,0.07546666666666667,0.44000000000000006
101,stale_features,gbm,isotonic,expanding,all,pre,1500,0.514,0.598950295240318,1.0427274666514967,0.02968008844939263,0.04438965787758334,0.2979274611398964,0.07666666666666666,0.25733333333333336,0.4876584389593062,0.4749833222148099,0.22666666666666668,0.23240000000000002,0.44000000000000006
101,stale_features,gbm,isotonic,expanding,all,post,3000,0.418,0.7014519998274217,1.3028898429877902,0.09414839421057808,0.09414839421057809,0.453781512605042,0.072,0.15866666666666668,0.3944648216072024,0.37679226408802935,0.2553333333333333,0.08243333333333333,0.44000000000000006
101,stale_features,gbm,isotonic,decay,HL150,pre,1500,0.514,0.6021307189367638,1.0515994296178417,0.03935817562085127,0.04588042838934753,0.292817679558011,0.07066666666666667,0.24133333333333334,0.48432288192128087,0.4749833222148099,0.22599999999999998,0.23640000000000003,0.44000000000000006
101,stale_features,gbm,isotonic,decay,HL150,post,3000,0.418,0.6992858280934203,1.2938033574751413,0.06273921017602797,0.06273921017602793,0.46564885496183206,0.04066666666666666,0.08733333333333333,0.3924641547182394,0.37679226408802935,0.29000000000000004,0.07473333333333335,0.44000000000000006
101,stale_features,gbm,isotonic,decay,HL400,pre,1500,0.514,0.6017326263244337,1.0484497787716096,0.036926044862132815,0.04487925681255711,0.2861356932153392,0.06466666666666666,0.226,0.4876584389593062,0.4749833222148099,0.22066666666666668,0.23259999999999997,0.44000000000000006
101,stale_features,gbm,isotonic,decay,HL400,post,3000,0.418,0.6979201064305495,1.2910079761713877,0.06384430400643727,0.06384430400643731,0.4642857142857143,0.043333333333333335,0.09333333333333334,0.38946315438479495,0.37679226408802935,0.2763333333333333,0.08120000000000001,0.44000000000000006
101,stale_features,gbm,isotonic,decay,HL1000,pre,1500,0.514,0.5995544024840015,1.0439773840326656,0.03052546827746344,0.04358771263451212,0.28059701492537314,0.06266666666666666,0.22333333333333333,0.4883255503669113,0.4749833222148099,0.21199999999999997,0.23360000000000003,0.44000000000000006
101,stale_features,gbm,isotonic,decay,HL1000,post,3000,0.418,0.6985947165519976,1.2938355998767872,0.07385783848170085,0.07385783848170087,0.4496124031007752,0.058,0.129,0.38946315438479495,0.37679226408802935,0.2606666666666667,0.08383333333333333,0.44000000000000006
101,venue_change,lr,temperature,static,,pre,1500,0.5746666666666667,0.5269844059919248,0.8845427516587582,0.01802064986133308,0.027297134981961485,0.25573770491803277,0.104,0.4066666666666667,0.3669112741827885,0.3362241494329553,0.09333333333333338,0.344,0.38
101,venue_change,lr,temperature,static,,post,3000,0.5323333333333333,0.5802846559233031,0.9804774629977844,0.04004448915619062,0.0400444891561906,0.3240973971452561,0.12866666666666668,0.397,0.44148049349783264,0.3907969323107703,0.10566666666666669,0.2702333333333333,0.38
101,venue_change,lr,temperature,window,W300,pre,1500,0.5746666666666667,0.52810249819667,0.8864325834877668,0.01604155894279029,0.030890522930713114,0.2593192868719611,0.10666666666666667,0.41133333333333333,0.3669112741827885,0.3362241494329553,0.09866666666666668,0.3430666666666667,0.38
101,venue_change,lr,temperature,window,W300,post,3000,0.5323333333333333,0.5780612576778659,0.9730916586568834,0.012206543048114587,0.02545019378339143,0.2938443670150987,0.08433333333333333,0.287,0.4521507169056352,0.3907969323107703,0.14800000000000002,0.2715333333333333,0.38
101,venue_change,lr,temperature,window,W600,pre,1500,0.5746666666666667,0.5275999369197809,0.8860547795019138,0.01474861978381135,0.030654783172743942,0.2624,0.10933333333333334,0.4166666666666667,0.3682454969979987,0.3362241494329553,0.09599999999999997,0.34440000000000004,0.38
101,venue_change,lr,temperature,window,W600,post,3000,0.5323333333333333,0.5786066108244302,0.9732556954254792,0.012211623494143823,0.01222411992546681,0.3002336448598131,0.08566666666666667,0.2853333333333333,0.4514838279426476,0.3907969323107703,0.14533333333333331,0.2705666666666667,0.38
101,venue_change,lr,temperature,window,W1200,pre,1500,0.5746666666666667,0.5275110165723406,0.8858722316193057,0.01805925785898715,0.036603218667141404,0.2619047619047619,0.11,0.42,0.36490993995997334,0.3362241494329553,0.09066666666666667,0.3440666666666667,0.38
101,venue_change,lr,temperature,window,W1200,post,3000,0.5323333333333333,0.5779702191273153,0.9718839966526497,0.0153614662326655,0.0147429355206739,0.29218573046432617,0.086,0.29433333333333334,0.4538179393131044,0.3907969323107703,0.14266666666666672,0.27213333333333334,0.38
101,venue_change,lr,temperature,expanding,all,pre,1500,0.5746666666666667,0.5272668310458958,0.885317482163055,0.013326144534923262,0.030337469818276137,0.2542955326460481,0.09866666666666667,0.388,0.3669112741827885,0.3362241494329553,0.10199999999999998,0.3434666666666667,0.38
101,venue_change,lr,temperature,expanding,all,post,3000,0.5323333333333333,0.5782373338155936,0.9742208544436513,0.022730029355841598,0.027510065914856892,0.3142857142857143,0.11,0.35,0.4444814938312771,0.3907969323107703,0.12033333333333329,0.26903333333333335,0.38
101,venue_change,lr,temperature,decay,HL150,pre,1500,0.5746666666666667,0.5277150844163983,0.8862361934989934,0.014607694197151628,0.023266034016805607,0.25925925925925924,0.10733333333333334,0.414,0.36624416277518346,0.3362241494329553,0.09666666666666668,0.34353333333333336,0.38
101,venue_change,lr,temperature,decay,HL150,post,3000,0.5323333333333333,0.5776179422091696,0.9718900459504802,0.01184290954865829,0.013519866059180336,0.29200463499420626,0.084,0.2876666666666667,0.4521507169056352,0.3907969323107703,0.1466666666666666,0.27003333333333335,0.38
101,venue_change,lr,temperature,decay,HL400,pre,1500,0.5746666666666667,0.5272836128407485,0.8853977750806947,0.014200499763216272,0.03063879063011561,0.2592,0.108,0.4166666666666667,0.3675783855903936,0.3362241494329553,0.09333333333333338,0.3433333333333333,0.38
101,venue_change,lr,temperature,decay,HL400,post,3000,0.5323333333333333,0.5778504337469303,0.9718277879992601,0.007380466944292623,0.012059204105994339,0.29331823329558326,0.08633333333333333,0.29433333333333334,0.4521507169056352,0.3907969323107703,0.1413333333333333,0.27393333333333336,0.38
101,venue_change,lr,temperature,decay,HL1000,pre,1500,0.5746666666666667,0.5271328516783419,0.8850627793922222,0.015341249706326589,0.028180973447302034,0.25573770491803277,0.104,0.4066666666666667,0.3655770513675784,0.3362241494329553,0.09399999999999997,0.3444666666666667,0.38
101,venue_change,lr,temperature,decay,HL1000,post,3000,0.5323333333333333,0.5781179742292377,0.9726529786322237,0.015999092060431652,0.021072745205909488,0.3018867924528302,0.096,0.318,0.44848282760920305,0.3907969323107703,0.131,0.27126666666666666,0.38
101,venue_change,lr,beta,static,,pre,1500,0.5746666666666667,0.5271952132596635,0.8852933596093632,0.019045662402585765,0.029332485544153655,0.2620578778135048,0.10866666666666666,0.4146666666666667,0.36891260840560375,0.3362241494329553,0.1293333333333333,0.34306666666666674,0.4
101,venue_change,lr,beta,static,,post,3000,0.5323333333333333,0.580977113244553,0.9817277129152253,0.0470172902979941,0.04701729029799409,0.32646331409727947,0.132,0.4043333333333333,0.45248416138712905,0.3907969323107703,0.13866666666666672,0.2709666666666667,0.4
101,venue_change,lr,beta,window,W300,pre,1500,0.5746666666666667,0.5319287768762472,0.8941503718475188,0.02005612965539338,0.04065327744367095,0.26,0.104,0.4,0.37158105403602404,0.3362241494329553,0.124,0.34260000000000007,0.4
101,venue_change,lr,beta,window,W300,post,3000,0.5323333333333333,0.5804537470004933,0.978110861339418,0.015183098193624444,0.02119457391825906,0.30960086299892126,0.09566666666666666,0.309,0.45681893964654885,0.3907969323107703,0.19233333333333336,0.2649666666666667,0.4
101,venue_change,lr,beta,window,W600,pre,1500,0.5746666666666667,0.5297084321079041,0.8895490149788432,0.03306547997883756,0.03353941248035914,0.2686804451510334,0.11266666666666666,0.41933333333333334,0.3695797198132088,0.3362241494329553,0.11133333333333328,0.34413333333333335,0.4
101,venue_change,lr,beta,window,W600,post,3000,0.5323333333333333,0.580000717375503,0.9779430239163642,0.020281677562537587,0.028220235153275538,0.31263616557734203,0.09566666666666666,0.306,0.460486828942981,0.3907969323107703,0.20233333333333337,0.2637,0.4
101,venue_change,lr,beta,window,W1200,pre,1500,0.5746666666666667,0.5294496656614779,0.8895760139007199,0.022433820450359,0.03157304511656889,0.26282051282051283,0.10933333333333334,0.416,0.37558372248165445,0.3362241494329553,0.1333333333333333,0.3423333333333333,0.4
101,venue_change,lr,beta,window,W1200,post,3000,0.5323333333333333,0.5787002240284311,0.9751871223136214,0.012833980256051957,0.015011662294055473,0.3104189044038668,0.09633333333333334,0.31033333333333335,0.4684894964988329,0.3907969323107703,0.21199999999999997,0.265,0.4
101,venue_change,lr,beta,expanding,all,pre,1500,0.5746666666666667,0.5275187962689785,0.8856426960271022,0.012068998741578654,0.030320668113817034,0.25546218487394956,0.10133333333333333,0.39666666666666667,0.3882588392261508,0.3362241494329553,0.18733333333333335,0.3423333333333333,0.4
101,venue_change,lr,beta,expanding,all,post,3000,0.5323333333333333,0.5788599566241757,0.9764308052619852,0.024352258514759646,0.02605571865704161,0.3176691729323308,0.11266666666666666,0.3546666666666667,0.4648216072024008,0.3907969323107703,0.20133333333333336,0.2690666666666667,0.4
101,venue_change,lr,beta,decay,HL150,pre,1500,0.5746666666666667,0.5307387639725187,0.8925440188040585,0.02197498656121829,0.03341233268126486,0.2545757071547421,0.102,0.40066666666666667,0.3609072715143429,0.3362241494329553,0.11399999999999999,0.348,0.4
101,venue_change,lr,beta,decay,HL150,post,3000,0.5323333333333333,0.579466615708807,0.9768087708530845,0.011781430625583407,0.015096168067083138,0.3,0.093,0.31,0.4614871623874625,0.3907969323107703,0.19466666666666665,0.2635,0.4
101,venue_change,lr,beta,decay,HL400,pre,1500,0.5746666666666667,0.5289857503896112,0.8887317185346413,0.0216244799277086,0.033058330997065496,0.26375404530744334,0.10866666666666666,0.412,0.3722481654436291,0.3362241494329553,0.1373333333333333,0.34393333333333337,0.4
101,venue_change,lr,beta,decay,HL400,post,3000,0.5323333333333333,0.5788314798720432,0.9756028271920344,0.011912796716565947,0.013996060005127164,0.3104189044038668,0.09633333333333334,0.31033333333333335,0.4661553851283761,0.3907969323107703,0.20499999999999996,0.2651333333333334,0.4
101,venue_change,lr,beta,decay,HL1000,pre,1500,0.5746666666666667,0.5281562030383241,0.8868329543346426,0.016451632110184848,0.03328504844570848,0.2573770491803279,0.10466666666666667,0.4066666666666667,0.38492328218812544,0.3362241494329553,0.17000000000000004,0.3416666666666667,0.4
101,venue_change,lr,beta,decay,HL1000,post,3000,0.5323333333333333,0.5788483527130046,0.9757216878915529,0.014022535124894504,0.01843801358112705,0.3081632653061224,0.10066666666666667,0.32666666666666666,0.4638212737579193,0.3907969323107703,0.20533333333333337,0.2670666666666667,0.4
101,venue_change,lr,isotonic,static,,pre,1500,0.5746666666666667,0.5274576329346468,0.8854498105671058,0.0216102301634105,0.03616290250846669,0.26426426426426425,0.11733333333333333,0.444,0.3629086057371581,0.3362241494329553,0.08066666666666666,0.345,0.38
101,venue_change,lr,isotonic,static,,post,3000,0.5323333333333333,0.5821960052703474,0.9842733886801549,0.0474722015958654,0.04781013903975873,0.34174311926605505,0.149,0.436,0.4361453817939313,0.3907969323107703,0.09199999999999997,0.27190000000000003,0.38
101,venue_change,lr,isotonic,window,W300,pre,1500,0.5746666666666667,0.5335420835593967,0.897384276336718,0.04175234597213753,0.047023673911828316,0.26584234930448225,0.11466666666666667,0.43133333333333335,0.3675783855903936,0.3362241494329553,0.09399999999999997,0.34693333333333337,0.38
101,venue_change,lr,isotonic,window,W300,post,3000,0.5323333333333333,0.5824521963323782,0.9878062069391528,0.031452803531553115,0.03405016810654874,0.3192118226600985,0.108,0.3383333333333333,0.4621540513504501,0.3907969323107703,0.16900000000000004,0.274,0.38
101,venue_change,lr,isotonic,window,W600,pre,1500,0.5746666666666667,0.531294172820762,0.8935882312697632,0.02368397689823569,0.03650293270749614,0.2698907956318253,0.11533333333333333,0.42733333333333334,0.3549032688458973,0.3362241494329553,0.05133333333333334,0.3504000000000001,0.38
101,venue_change,lr,isotonic,window,W600,post,3000,0.5323333333333333,0.5830517681992037,0.9856057643722906,0.025505720843088036,0.027152398131264355,0.3281402142161636,0.11233333333333333,0.3423333333333333,0.4601533844614872,0.3907969323107703,0.15900000000000003,0.268,0.38
101,venue_change,lr,isotonic,window,W1200,pre,1500,0.5746666666666667,0.52932216978986,0.8892235105949206,0.034266370063870955,0.030676895708287504,0.27896341463414637,0.122,0.43733333333333335,0.3542361574382922,0.3362241494329553,0.03266666666666662,0.3453333333333333,0.38
101,venue_change,lr,isotonic,window,W1200,post,3000,0.5323333333333333,0.5799841873851603,0.9786267937270893,0.02069852495429768,0.0290576223240641,0.31231527093596056,0.10566666666666667,0.3383333333333333,0.46515505168389465,0.3907969323107703,0.17600000000000005,0.2717666666666667,0.38
101,venue_change,lr,isotonic,expanding,all,pre,1500,0.5746666666666667,0.5275295529668329,0.8857681692730672,0.02249449601073446,0.03424243737789661,0.25704225352112675,0.09733333333333333,0.37866666666666665,0.3642428285523682,0.3362241494329553,0.09466666666666668,0.34080000000000005,0.38
101,venue_change,lr,isotonic,expanding,all,post,3000,0.5323333333333333,0.5799321823540892,0.9782852257272107,0.02955000924478777,0.035682278410403265,0.3071705426356589,0.10566666666666667,0.344,0.4514838279426476,0.3907969323107703,0.1363333333333333,0.2703333333333333,0.38
101,venue_change,lr,isotonic,decay,HL150,pre,1500,0.5746666666666667,0.5328933443950499,0.8961759567028348,0.024864667026747805,0.04187403305377504,0.281437125748503,0.12533333333333332,0.44533333333333336,0.361574382921948,0.3362241494329553,0.06866666666666665,0.34786666666666666,0.38
101,venue_change,lr,isotonic,decay,HL150,post,3000,0.5323333333333333,0.5817218107044675,0.984695554550879,0.026188793022440107,0.027559543880295717,0.3101010101010101,0.10233333333333333,0.33,0.4618206068689563,0.3907969323107703,0.16900000000000004,0.2708,0.38
101,venue_change,lr,isotonic,decay,HL400,pre,1500,0.5746666666666667,0.5299613046322039,0.8904752431747844,0.02064228020386392,0.03939105648816562,0.27421758569299554,0.12266666666666666,0.44733333333333336,0.3542361574382922,0.3362241494329553,0.04733333333333334,0.34693333333333337,0.38
101,venue_change,lr,isotonic,decay,HL400,post,3000,0.5323333333333333,0.580523384425526,0.9791836407830763,0.023611542802944595,0.024365355112700927,0.303951367781155,0.1,0.329,0.46348782927642546,0.3907969323107703,0.17600000000000005,0.27166666666666667,0.38
101,venue_change,lr,isotonic,decay,HL1000,pre,1500,0.5746666666666667,0.5283326202886228,0.8872332417635085,0.01813591887985106,0.03350325883025419,0.27492447129909364,0.12133333333333333,0.44133333333333336,0.3495663775850567,0.3362241494329553,0.04133333333333333,0.34180000000000005,0.38
101,venue_change,lr,isotonic,decay,HL1000,post,3000,0.5323333333333333,0.5801962332760661,0.9781855937366191,0.028491984403903808,0.03317832577912192,0.3023952095808383,0.101,0.334,0.4518172724241414,0.3907969323107703,0.1466666666666666,0.27030000000000004,0.38
101,venue_change,gbm,temperature,static,,pre,1500,0.514,0.5827955197139204,0.9715112562838439,0.03758344970710324,0.03839211095678139,0.2935560859188544,0.082,0.2793333333333333,0.494996664442962,0.4749833222148099,0.19066666666666665,0.242,0.42000000000000004
101,venue_change,gbm,temperature,static,,post,3000,0.47933333333333333,0.6159705913716189,1.0264340335684414,0.043525951077679766,0.04352155609901798,0.3441295546558704,0.085,0.247,0.573191063687896,0.5601867289096365,0.22366666666666668,0.19203333333333333,0.42000000000000004
101,venue_change,gbm,temperature,window,W300,pre,1500,0.514,0.584146118820753,0.9732278957656217,0.021893514441625222,0.04180760871641358,0.28969359331476324,0.06933333333333333,0.23933333333333334,0.48899266177451634,0.4749833222148099,0.21799999999999997,0.24106666666666668,0.42000000000000004
101,venue_change,gbm,temperature,window,W300,post,3000,0.47933333333333333,0.613823459032056,1.021795840120903,0.014589707300705131,0.026937493356099018,0.31136363636363634,0.04566666666666667,0.14666666666666667,0.5545181727242414,0.5601867289096365,0.33699999999999997,0.1798,0.42000000000000004
101,venue_change,gbm,temperature,window,W600,pre,1500,0.514,0.5834339715651888,0.9720942965157123,0.029947861809191637,0.0392515683511321,0.2925531914893617,0.07333333333333333,0.25066666666666665,0.4963308872581721,0.4749833222148099,0.20333333333333337,0.24006666666666668,0.42000000000000004
101,venue_change,gbm,temperature,window,W600,post,3000,0.47933333333333333,0.6139231530286601,1.0222206882706473,0.009343644225054707,0.019698358686846724,0.3225058004640371,0.04633333333333333,0.14366666666666666,0.5588529509836612,0.5601867289096365,0.32866666666666666,0.1764666666666667,0.42000000000000004
101,venue_change,gbm,temperature,window,W1200,pre,1500,0.514,0.5832585653005533,0.972043699393561,0.0290202876209764,0.0346389131468766,0.3,0.08,0.26666666666666666,0.49299533022014674,0.4749833222148099,0.19399999999999995,0.2434666666666667,0.42000000000000004
101,venue_change,gbm,temperature,window,W1200,post,3000,0.47933333333333333,0.6130993970221776,1.0207961042457947,0.009674710214465213,0.017969279155383714,0.3197278911564626,0.047,0.147,0.559186395465155,0.5601867289096365,0.32433333333333336,0.18009999999999998,0.42000000000000004
101,venue_change,gbm,temperature,expanding,all,pre,1500,0.514,0.5824572400879033,0.9712581561552003,0.024657927164394352,0.03260747145307089,0.2845528455284553,0.07,0.246,0.49366244162775186,0.4749833222148099,0.21133333333333337,0.24273333333333336,0.42000000000000004
101,venue_change,gbm,temperature,expanding,all,post,3000,0.47933333333333333,0.6136790727426977,1.0221008096987332,0.02440177851515812,0.02464411300787903,0.3338926174496644,0.06633333333333333,0.19866666666666666,0.5638546182060686,0.5601867289096365,0.268,0.18573333333333336,0.42000000000000004
101,venue_change,gbm,temperature,decay,HL150,pre,1500,0.514,0.58359867457141,0.9723551853955885,0.025912195550003632,0.04378512007522246,0.2975871313672922,0.074,0.24866666666666667,0.4943295530353569,0.4749833222148099,0.20866666666666667,0.23980000000000004,0.42000000000000004
101,venue_change,gbm,temperature,decay,HL150,post,3000,0.47933333333333333,0.6131258118242566,1.0207601708152205,0.01202205393273863,0.017791955914700456,0.29930394431554525,0.043,0.14366666666666666,0.5585195065021674,0.5601867289096365,0.33299999999999996,0.18196666666666667,0.42000000000000004
101,venue_change,gbm,temperature,decay,HL400,pre,1500,0.514,0.5831179682825588,0.9717679401123931,0.02644869175216934,0.03694051459582445,0.2916666666666667,0.07466666666666667,0.256,0.49566377585056703,0.4749833222148099,0.20066666666666666,0.24273333333333336,0.42000000000000004
101,venue_change,gbm,temperature,decay,HL400,post,3000,0.47933333333333333,0.613031630871852,1.0206956287972646,0.009986272797309695,0.021509663006981393,0.3129251700680272,0.046,0.147,0.5611870623541181,0.5601867289096365,0.32166666666666666,0.17973333333333336,0.42000000000000004
101,venue_change,gbm,temperature,decay,HL1000,pre,1500,0.514,0.5827192253094147,0.9714538960986765,0.027455257598376845,0.03070428326138634,0.2845953002610966,0.07266666666666667,0.25533333333333336,0.49566377585056703,0.4749833222148099,0.20466666666666666,0.24320000000000006,0.42000000000000004
101,venue_change,gbm,temperature,decay,HL1000,post,3000,0.47933333333333333,0.6132339182011283,1.0211340917492313,0.011722370172735561,0.020024670382923992,0.336,0.056,0.16666666666666666,0.5648549516505502,0.5601867289096365,0.30033333333333334,0.18343333333333336,0.42000000000000004
101,venue_change,gbm,beta,static,,pre,1500,0.514,0.5984616447949523,1.0433799550067533,0.042599356482334996,0.04792987125831493,0.308584686774942,0.08866666666666667,0.28733333333333333,0.49099399599733157,0.4749833222148099,0.18333333333333335,0.23806666666666668,0.44000000000000006
101,venue_change,gbm,beta,static,,post,3000,0.47933333333333333,0.6378777949946124,1.136572615011897,0.0552078429433465,0.055207842943346526,0.35647530040053405,0.089,0.24966666666666668,0.5735245081693898,0.5601867289096365,0.21566666666666667,0.18456666666666666,0.44000000000000006
101,venue_change,gbm,beta,window,W300,pre,1500,0.514,0.6009492814013226,1.0448927139903956,0.03402893200330369,0.040846161399875146,0.2853107344632768,0.06733333333333333,0.236,0.49366244162775186,0.4749833222148099,0.20266666666666666,0.22993333333333335,0.44000000000000006
101,venue_change,gbm,beta,window,W300,post,3000,0.47933333333333333,0.6390615012346293,1.1337021298503496,0.030666257115536666,0.031452409630536825,0.3246492985971944,0.054,0.16633333333333333,0.567189063021007,0.5601867289096365,0.22766666666666668,0.1775,0.44000000000000006
101,venue_change,gbm,beta,window,W600,pre,1500,0.514,0.5995318701218293,1.0425970058845442,0.0374983799428565,0.04195640949088824,0.2898550724637681,0.06666666666666667,0.23,0.4923282188125417,0.4749833222148099,0.22133333333333338,0.23113333333333333,0.44000000000000006
101,venue_change,gbm,beta,window,W600,post,3000,0.47933333333333333,0.6392573093235068,1.132973514210436,0.03033675708091401,0.027667391704449117,0.31808278867102396,0.048666666666666664,0.153,0.5638546182060686,0.5601867289096365,0.22066666666666668,0.18436666666666662,0.44000000000000006
101,venue_change,gbm,beta,window,W1200,pre,1500,0.514,0.5993459792123422,1.042789469046099,0.03181852139652035,0.03378319387316941,0.30601092896174864,0.07466666666666667,0.244,0.49566377585056703,0.4749833222148099,0.20933333333333337,0.235,0.44000000000000006
101,venue_change,gbm,beta,window,W1200,post,3000,0.47933333333333333,0.6385303453324231,1.131575838634534,0.028547356800786333,0.028129004234998565,0.3184855233853007,0.04766666666666667,0.14966666666666667,0.5708569523174392,0.5601867289096365,0.2536666666666667,0.18236666666666668,0.44000000000000006
101,venue_change,gbm,beta,expanding,all,pre,1500,0.514,0.5987595710533306,1.0418895796843728,0.03649868872125236,0.032524466090229825,0.29916897506925205,0.072,0.24066666666666667,0.4969979986657772,0.4749833222148099,0.21599999999999997,0.23666666666666666,0.44000000000000006
101,venue_change,gbm,beta,expanding,all,post,3000,0.47933333333333333,0.6372076744895718,1.1318931797034277,0.034364665458331514,0.037771235205026774,0.3471502590673575,0.067,0.193,0.5701900633544514,0.5601867289096365,0.2493333333333333,0.18573333333333336,0.44000000000000006
101,venue_change,gbm,beta,decay,HL150,pre,1500,0.514,0.600147097851127,1.044017052630439,0.03777025752115336,0.040757704714207234,0.28774928774928776,0.06733333333333333,0.234,0.49299533022014674,0.4749833222148099,0.20533333333333337,0.2272,0.44000000000000006
101,venue_change,gbm,beta,decay,HL150,post,3000,0.47933333333333333,0.6387002296447961,1.132725305008273,0.028569059785500735,0.02933491881366141,0.3225806451612903,0.05,0.155,0.5695231743914638,0.5601867289096365,0.23199999999999998,0.18323333333333336,0.44000000000000006
101,venue_change,gbm,beta,decay,HL400,pre,1500,0.514,0.5993213860468091,1.042558000536825,0.035534348758144235,0.03196554203281554,0.2934472934472934,0.06866666666666667,0.234,0.4896597731821214,0.4749833222148099,0.21999999999999997,0.23513333333333336,0.44000000000000006
101,venue_change,gbm,beta,decay,HL400,post,3000,0.47933333333333333,0.6384582911696228,1.1318143487662715,0.02727199096224769,0.027330530177211113,0.3225806451612903,0.05,0.155,0.5695231743914638,0.5601867289096365,0.25,0.18493333333333337,0.44000000000000006
101,venue_change,gbm,beta,decay,HL1000,pre,1500,0.514,0.5989457748251692,1.042045800967306,0.02993137804861481,0.029284155750056034,0.29444444444444445,0.07066666666666667,0.24,0.4943295530353569,0.4749833222148099,0.21599999999999997,0.23580000000000004,0.44000000000000006
101,venue_change,gbm,beta,decay,HL1000,post,3000,0.47933333333333333,0.6380021596190878,1.1316088277787724,0.028899094641895356,0.03334915257636225,0.3247011952191235,0.05433333333333333,0.16733333333333333,0.5685228409469824,0.5601867289096365,0.2563333333333333,0.1828,0.44000000000000006
101,venue_change,gbm,isotonic,static,,pre,1500,0.514,0.5992504748952714,1.0456033186322007,0.04900964505273509,0.051506748975907124,0.3007518796992481,0.08,0.266,0.4816544362908606,0.4749833222148099,0.1246666666666667,0.2394666666666667,0.44000000000000006
101,venue_change,gbm,isotonic,static,,post,3000,0.47933333333333333,0.6386089345371235,1.1393707935370028,0.058594479218473175,0.05859447921847314,0.35294117647058826,0.084,0.238,0.5741913971323774,0.5601867289096365,0.16000000000000003,0.18926666666666664,0.44000000000000006
101,venue_change,gbm,isotonic,window,W300,pre,1500,0.514,0.6045517022897203,1.0569606852403348,0.04223093640322078,0.0455432358041341,0.3112391930835735,0.072,0.23133333333333334,0.4876584389593062,0.4749833222148099,0.2273333333333334,0.23173333333333335,0.44000000000000006
101,venue_change,gbm,isotonic,window,W300,post,3000,0.47933333333333333,0.6396451224294889,1.1394906247467635,0.03758108522672236,0.03926440169793227,0.33728813559322035,0.06633333333333333,0.19666666666666666,0.5705235078359453,0.5601867289096365,0.23099999999999998,0.1821666666666667,0.44000000000000006
101,venue_change,gbm,isotonic,window,W600,pre,1500,0.514,0.6028193679604316,1.0510052121247278,0.03252171319325581,0.05291237820505772,0.3029411764705882,0.06866666666666667,0.22666666666666666,0.49299533022014674,0.4749833222148099,0.2326666666666667,0.23253333333333334,0.44000000000000006
101,venue_change,gbm,isotonic,window,W600,post,3000,0.47933333333333333,0.6389586203657207,1.135710652668974,0.03172417455337351,0.03172417455337346,0.3487603305785124,0.07033333333333333,0.20166666666666666,0.5685228409469824,0.5601867289096365,0.22133333333333338,0.18063333333333337,0.44000000000000006
101,venue_change,gbm,isotonic,window,W1200,pre,1500,0.514,0.6009038885287585,1.047358916964558,0.03776838343732648,0.03973764939713431,0.28448275862068967,0.066,0.232,0.4896597731821214,0.4749833222148099,0.19933333333333336,0.23613333333333336,0.44000000000000006
101,venue_change,gbm,isotonic,window,W1200,post,3000,0.47933333333333333,0.6379361775202746,1.1329085554797071,0.02809453589473949,0.03212060947175478,0.34525939177101966,0.06433333333333334,0.18633333333333332,0.5621873957985996,0.5601867289096365,0.249,0.18186666666666668,0.44000000000000006
101,venue_change,gbm,isotonic,expanding,all,pre,1500,0.514,0.598950295240318,1.0427274666514967,0.02968008844939263,0.04438965787758334,0.2979274611398964,0.07666666666666666,0.25733333333333336,0.4876584389593062,0.4749833222148099,0.22666666666666668,0.23240000000000002,0.44000000000000006
101,venue_change,gbm,isotonic,expanding,all,post,3000,0.47933333333333333,0.6371663354074298,1.1327883926418791,0.03651659823786962,0.03651659823786963,0.3333333333333333,0.067,0.201,0.5688562854284761,0.5601867289096365,0.258,0.1834333333333333,0.44000000000000006
101,venue_change,gbm,isotonic,decay,HL150,pre,1500,0.514,0.6021307189367638,1.0515994296178417,0.03935817562085127,0.04588042838934753,0.292817679558011,0.07066666666666667,0.24133333333333334,0.48432288192128087,0.4749833222148099,0.22599999999999998,0.23640000000000003,0.44000000000000006
101,venue_change,gbm,isotonic,decay,HL150,post,3000,0.47933333333333333,0.6390089091133987,1.1369874276574556,0.0345694964628573,0.03518342293574088,0.3379073756432247,0.06566666666666666,0.19433333333333333,0.5685228409469824,0.5601867289096365,0.2326666666666667,0.17633333333333334,0.44000000000000006
101,venue_change,gbm,isotonic,decay,HL400,pre,1500,0.514,0.6017326263244337,1.0484497787716096,0.036926044862132815,0.04487925681255711,0.2861356932153392,0.06466666666666666,0.226,0.4876584389593062,0.4749833222148099,0.22066666666666668,0.23259999999999997,0.44000000000000006
101,venue_change,gbm,isotonic,decay,HL400,post,3000,0.47933333333333333,0.637669140321301,1.1331934657803715,0.033878287903156085,0.03431140249706493,0.35,0.06533333333333333,0.18666666666666668,0.5701900633544514,0.5601867289096365,0.2403333333333333,0.1847,0.44000000000000006
101,venue_change,gbm,isotonic,decay,HL1000,pre,1500,0.514,0.5995544024840015,1.0439773840326656,0.03052546827746344,0.04358771263451212,0.28059701492537314,0.06266666666666666,0.22333333333333333,0.4883255503669113,0.4749833222148099,0.21199999999999997,0.23360000000000003,0.44000000000000006
101,venue_change,gbm,isotonic,decay,HL1000,post,3000,0.47933333333333333,0.6373137923582459,1.132453483167872,0.030185454016482014,0.037271839759956106,0.3387387387387387,0.06266666666666666,0.185,0.5705235078359453,0.5601867289096365,0.2536666666666667,0.18313333333333331,0.44000000000000006
101,rare_cluster,lr,temperature,static,,pre,1500,0.5746666666666667,0.5269844059919248,0.8845427516587582,0.01802064986133308,0.027297134981961485,0.25573770491803277,0.104,0.4066666666666667,0.3669112741827885,0.3362241494329553,0.09333333333333338,0.344,0.38
101,rare_cluster,lr,temperature,static,,post,3000,0.5446666666666666,0.5632827448998444,0.9578440541996173,0.039108111373163196,0.035229643423072325,0.32035685320356855,0.13166666666666665,0.411,0.3817939313104368,0.34711570523507834,0.09499999999999997,0.2968,0.38
101,rare_cluster,lr,temperature,window,W300,pre,1500,0.5746666666666667,0.52810249819667,0.8864325834877668,0.01604155894279029,0.030890522930713114,0.2593192868719611,0.10666666666666667,0.41133333333333333,0.3669112741827885,0.3362241494329553,0.09866666666666668,0.3430666666666667,0.38
101,rare_cluster,lr,temperature,window,W300,post,3000,0.5446666666666666,0.5638242960091915,0.9538191179811456,0.020659656245429408,0.03529980915318544,0.27987742594484166,0.09133333333333334,0.3263333333333333,0.39379793264421475,0.34711570523507834,0.1296666666666667,0.2953666666666667,0.38
101,rare_cluster,lr,temperature,window,W600,pre,1500,0.5746666666666667,0.5275999369197809,0.8860547795019138,0.01474861978381135,0.030654783172743942,0.2624,0.10933333333333334,0.4166666666666667,0.3682454969979987,0.3362241494329553,0.09599999999999997,0.34440000000000004,0.38
101,rare_cluster,lr,temperature,window,W600,post,3000,0.5446666666666666,0.5630454454847849,0.9524584513154645,0.02367292715227643,0.03083847817339403,0.2857142857142857,0.09466666666666666,0.3313333333333333,0.3927975991997332,0.34711570523507834,0.1293333333333333,0.29536666666666667,0.38
101,rare_cluster,lr,temperature,window,W1200,pre,1500,0.5746666666666667,0.5275110165723406,0.8858722316193057,0.01805925785898715,0.036603218667141404,0.2619047619047619,0.11,0.42,0.36490993995997334,0.3362241494329553,0.09066666666666667,0.3440666666666667,0.38
101,rare_cluster,lr,temperature,window,W1200,post,3000,0.5446666666666666,0.5629053895468769,0.9523122962918977,0.01784861085073466,0.0312362131896203,0.282103134479272,0.093,0.32966666666666666,0.3911303767922641,0.34711570523507834,0.1263333333333333,0.29583333333333334,0.38
101,rare_cluster,lr,temperature,expanding,all,pre,1500,0.5746666666666667,0.5272668310458958,0.885317482163055,0.013326144534923262,0.030337469818276137,0.2542955326460481,0.09866666666666667,0.388,0.3669112741827885,0.3362241494329553,0.10199999999999998,0.3434666666666667,0.38
101,rare_cluster,lr,temperature,expanding,all,post,3000,0.5446666666666666,0.5622761293030423,0.9532174645060558,0.021056165508324287,0.02740502457476899,0.29491833030852993,0.10833333333333334,0.36733333333333335,0.38512837612537515,0.34711570523507834,0.10766666666666669,0.2956,0.38
101,rare_cluster,lr,temperature,decay,HL150,pre,1500,0.5746666666666667,0.5277150844163983,0.8862361934989934,0.014607694197151628,0.023266034016805607,0.25925925925925924,0.10733333333333334,0.414,0.36624416277518346,0.3362241494329553,0.09666666666666668,0.34353333333333336,0.38
101,rare_cluster,lr,temperature,decay,HL150,post,3000,0.5446666666666666,0.5632298429761425,0.9525779375559417,0.018631911258495497,0.027226841314813913,0.28313253012048195,0.094,0.332,0.3924641547182394,0.34711570523507834,0.1286666666666667,0.2949333333333333,0.38
101,rare_cluster,lr,temperature,decay,HL400,pre,1500,0.5746666666666667,0.5272836128407485,0.8853977750806947,0.014200499763216272,0.03063879063011561,0.2592,0.108,0.4166666666666667,0.3675783855903936,0.3362241494329553,0.09333333333333338,0.3433333333333333,0.38
101,rare_cluster,lr,temperature,decay,HL400,post,3000,0.5446666666666666,0.562778827191985,0.9520098867162491,0.01486612467664055,0.028664883426666704,0.2802802802802803,0.09333333333333334,0.333,0.3914638212737579,0.34711570523507834,0.1263333333333333,0.2949666666666667,0.38
101,rare_cluster,lr,temperature,decay,HL1000,pre,1500,0.5746666666666667,0.5271328516783419,0.8850627793922222,0.015341249706326589,0.028180973447302034,0.25573770491803277,0.104,0.4066666666666667,0.3655770513675784,0.3362241494329553,0.09399999999999997,0.3444666666666667,0.38
101,rare_cluster,lr,temperature,decay,HL1000,post,3000,0.5446666666666666,0.5625816506306267,0.9524268086456359,0.012683543854000121,0.02943312262107707,0.2848893166506256,0.09866666666666667,0.3463333333333333,0.3881293764588196,0.34711570523507834,0.11733333333333329,0.29610000000000003,0.38
101,rare_cluster,lr,beta,static,,pre,1500,0.5746666666666667,0.5271952132596635,0.8852933596093632,0.019045662402585765,0.029332485544153655,0.2620578778135048,0.10866666666666666,0.4146666666666667,0.36891260840560375,0.3362241494329553,0.1293333333333333,0.34306666666666674,0.4
101,rare_cluster,lr,beta,static,,post,3000,0.5446666666666666,0.5638686618384958,0.9591362906685644,0.04366091859064758,0.042116927615294085,0.3207395498392283,0.133,0.4146666666666667,0.3914638212737579,0.34711570523507834,0.1316666666666667,0.2966,0.4
101,rare_cluster,lr,beta,window,W300,pre,1500,0.5746666666666667,0.5319287768762472,0.8941503718475188,0.02005612965539338,0.04065327744367095,0.26,0.104,0.4,0.37158105403602404,0.3362241494329553,0.124,0.34260000000000007,0.4
101,rare_cluster,lr,beta,window,W300,post,3000,0.5446666666666666,0.5656008290038708,0.9583055100969694,0.01613436301032261,0.015543980907101736,0.30560578661844484,0.11266666666666666,0.36866666666666664,0.3994664888296099,0.34711570523507834,0.18200000000000005,0.2944666666666667,0.4
101,rare_cluster,lr,beta,window,W600,pre,1500,0.5746666666666667,0.5297084321079041,0.8895490149788432,0.03306547997883756,0.03353941248035914,0.2686804451510334,0.11266666666666666,0.41933333333333334,0.3695797198132088,0.3362241494329553,0.11133333333333328,0.34413333333333335,0.4
101,rare_cluster,lr,beta,window,W600,post,3000,0.5446666666666666,0.5635011136143591,0.9558579246280873,0.013737249977386807,0.021032427417846482,0.2924354243542435,0.10566666666666667,0.36133333333333334,0.41180393464488163,0.34711570523507834,0.21266666666666667,0.29233333333333333,0.4
101,rare_cluster,lr,beta,window,W1200,pre,1500,0.5746666666666667,0.5294496656614779,0.8895760139007199,0.022433820450359,0.03157304511656889,0.26282051282051283,0.10933333333333334,0.416,0.37558372248165445,0.3362241494329553,0.1333333333333333,0.3423333333333333,0.4
101,rare_cluster,lr,beta,window,W1200,post,3000,0.5446666666666666,0.563205151820869,0.954348778758164,0.010498956775352215,0.027392244260331728,0.2921658986175115,0.10566666666666667,0.3616666666666667,0.41413804601533843,0.34711570523507834,0.21666666666666667,0.29356666666666664,0.4
101,rare_cluster,lr,beta,expanding,all,pre,1500,0.5746666666666667,0.5275187962689785,0.8856426960271022,0.012068998741578654,0.030320668113817034,0.25546218487394956,0.10133333333333333,0.39666666666666667,0.3882588392261508,0.3362241494329553,0.18733333333333335,0.3423333333333333,0.4
101,rare_cluster,lr,beta,expanding,all,post,3000,0.5446666666666666,0.5625108319331409,0.954488226849287,0.02168681002749621,0.029572850325231367,0.3062283737024221,0.118,0.38533333333333336,0.40546848949649883,0.34711570523507834,0.19699999999999995,0.2946,0.4
101,rare_cluster,lr,beta,decay,HL150,pre,1500,0.5746666666666667,0.5307387639725187,0.8925440188040585,0.02197498656121829,0.03341233268126486,0.2545757071547421,0.102,0.40066666666666667,0.3609072715143429,0.3362241494329553,0.11399999999999999,0.348,0.4
101,rare_cluster,lr,beta,decay,HL150,post,3000,0.5446666666666666,0.5643067756812835,0.9563844221376843,0.019593887951014816,0.023105759667711646,0.3053297199638663,0.11266666666666666,0.369,0.4021340446815605,0.34711570523507834,0.19699999999999995,0.29433333333333334,0.4
101,rare_cluster,lr,beta,decay,HL400,pre,1500,0.5746666666666667,0.5289857503896112,0.8887317185346413,0.0216244799277086,0.033058330997065496,0.26375404530744334,0.10866666666666666,0.412,0.3722481654436291,0.3362241494329553,0.1373333333333333,0.34393333333333337,0.4
101,rare_cluster,lr,beta,decay,HL400,post,3000,0.5446666666666666,0.5631243831960603,0.9544120118693817,0.016964868532314326,0.033669825607518175,0.2914757103574702,0.106,0.3636666666666667,0.40913637879293097,0.34711570523507834,0.20699999999999996,0.2951333333333333,0.4
101,rare_cluster,lr,beta,decay,HL1000,pre,1500,0.5746666666666667,0.5281562030383241,0.8868329543346426,0.016451632110184848,0.03328504844570848,0.2573770491803279,0.10466666666666667,0.4066666666666667,0.38492328218812544,0.3362241494329553,0.17000000000000004,0.3416666666666667,0.4
101,rare_cluster,lr,beta,decay,HL1000,post,3000,0.5446666666666666,0.5628434641489489,0.9541646330978363,0.019440394508125878,0.027431333089341245,0.30178571428571427,0.11266666666666666,0.37333333333333335,0.41213737912637544,0.34711570523507834,0.20599999999999996,0.2958,0.4
101,rare_cluster,lr,isotonic,static,,pre,1500,0.5746666666666667,0.5274576329346468,0.8854498105671058,0.0216102301634105,0.03616290250846669,0.26426426426426425,0.11733333333333333,0.444,0.3629086057371581,0.3362241494329553,0.08066666666666666,0.345,0.38
101,rare_cluster,lr,isotonic,static,,post,3000,0.5446666666666666,0.5660656863706709,0.9633173053311581,0.04325845426905402,0.055735631793479144,0.33084947839046197,0.148,0.44733333333333336,0.37279093031010335,0.34711570523507834,0.07766666666666666,0.2941666666666667,0.38
101,rare_cluster,lr,isotonic,window,W300,pre,1500,0.5746666666666667,0.5335420835593967,0.897384276336718,0.04175234597213753,0.047023673911828316,0.26584234930448225,0.11466666666666667,0.43133333333333335,0.3675783855903936,0.3362241494329553,0.09399999999999997,0.34693333333333337,0.38
101,rare_cluster,lr,isotonic,window,W300,post,3000,0.5446666666666666,0.5661635983266056,0.9641009633935806,0.031051965416469107,0.042110459004733085,0.3065279091769158,0.108,0.35233333333333333,0.3997999333111037,0.34711570523507834,0.16533333333333333,0.2937666666666667,0.38
101,rare_cluster,lr,isotonic,window,W600,pre,1500,0.5746666666666667,0.531294172820762,0.8935882312697632,0.02368397689823569,0.03650293270749614,0.2698907956318253,0.11533333333333333,0.42733333333333334,0.3549032688458973,0.3362241494329553,0.05133333333333334,0.3504000000000001,0.38
101,rare_cluster,lr,isotonic,window,W600,post,3000,0.5446666666666666,0.5642082420496792,0.95904200701707,0.020956574217709207,0.035055183603636395,0.30077369439071566,0.10366666666666667,0.3446666666666667,0.4038012670890297,0.34711570523507834,0.17633333333333334,0.2974333333333333,0.38
101,rare_cluster,lr,isotonic,window,W1200,pre,1500,0.5746666666666667,0.52932216978986,0.8892235105949206,0.034266370063870955,0.030676895708287504,0.27896341463414637,0.122,0.43733333333333335,0.3542361574382922,0.3362241494329553,0.03266666666666662,0.3453333333333333,0.38
101,rare_cluster,lr,isotonic,window,W1200,post,3000,0.5446666666666666,0.563729254784597,0.9563343937951134,0.017082361189712087,0.026733019561253454,0.28525980911983034,0.08966666666666667,0.31433333333333335,0.40680226742247416,0.34711570523507834,0.18000000000000005,0.2960333333333333,0.38
101,rare_cluster,lr,isotonic,expanding,all,pre,1500,0.5746666666666667,0.5275295529668329,0.8857681692730672,0.02249449601073446,0.03424243737789661,0.25704225352112675,0.09733333333333333,0.37866666666666665,0.3642428285523682,0.3362241494329553,0.09466666666666668,0.34080000000000005,0.38
101,rare_cluster,lr,isotonic,expanding,all,post,3000,0.5446666666666666,0.5626381401375975,0.954544843132403,0.0175557577273486,0.02592543104559746,0.29732225300092335,0.10733333333333334,0.361,0.38746248749583195,0.34711570523507834,0.1186666666666667,0.2958666666666666,0.38
101,rare_cluster,lr,isotonic,decay,HL150,pre,1500,0.5746666666666667,0.5328933443950499,0.8961759567028348,0.024864667026747805,0.04187403305377504,0.281437125748503,0.12533333333333332,0.44533333333333336,0.361574382921948,0.3362241494329553,0.06866666666666665,0.34786666666666666,0.38
101,rare_cluster,lr,isotonic,decay,HL150,post,3000,0.5446666666666666,0.5646886203800419,0.9604261989603665,0.02152633446602023,0.034223433734272855,0.2947867298578199,0.10366666666666667,0.3516666666666667,0.3977992664221407,0.34711570523507834,0.16600000000000004,0.2954333333333333,0.38
101,rare_cluster,lr,isotonic,decay,HL400,pre,1500,0.5746666666666667,0.5299613046322039,0.8904752431747844,0.02064228020386392,0.03939105648816562,0.27421758569299554,0.12266666666666666,0.44733333333333336,0.3542361574382922,0.3362241494329553,0.04733333333333334,0.34693333333333337,0.38
101,rare_cluster,lr,isotonic,decay,HL400,post,3000,0.5446666666666666,0.5632551466057418,0.9559172476664552,0.017139075944208073,0.025085041241902646,0.2870275791624106,0.09366666666666666,0.3263333333333333,0.40246748916305436,0.34711570523507834,0.17500000000000004,0.2951666666666667,0.38
101,rare_cluster,lr,isotonic,decay,HL1000,pre,1500,0.5746666666666667,0.5283326202886228,0.8872332417635085,0.01813591887985106,0.03350325883025419,0.27492447129909364,0.12133333333333333,0.44133333333333336,0.3495663775850567,0.3362241494329553,0.04133333333333333,0.34180000000000005,0.38
101,rare_cluster,lr,isotonic,decay,HL1000,post,3000,0.5446666666666666,0.5629114764188964,0.9545372867186152,0.012418771256487753,0.02790847512105557,0.2884801548886738,0.09933333333333333,0.3443333333333333,0.39846615538512836,0.34711570523507834,0.16133333333333333,0.2947666666666667,0.38
101,rare_cluster,gbm,temperature,static,,pre,1500,0.514,0.5827955197139204,0.9715112562838439,0.03758344970710324,0.03839211095678139,0.2935560859188544,0.082,0.2793333333333333,0.494996664442962,0.4749833222148099,0.19066666666666665,0.242,0.42000000000000004
101,rare_cluster,gbm,temperature,static,,post,3000,0.5093333333333333,0.5963642073242096,0.9995850941363488,0.02887297940378174,0.028669927633032073,0.3128205128205128,0.08133333333333333,0.26,0.5045015005001667,0.5015005001667222,0.19233333333333336,0.23243333333333333,0.42000000000000004
101,rare_cluster,gbm,temperature,window,W300,pre,1500,0.514,0.584146118820753,0.9732278957656217,0.021893514441625222,0.04180760871641358,0.28969359331476324,0.06933333333333333,0.23933333333333334,0.48899266177451634,0.4749833222148099,0.21799999999999997,0.24106666666666668,0.42000000000000004
101,rare_cluster,gbm,temperature,window,W300,post,3000,0.5093333333333333,0.5966975971746789,0.9991884257610929,0.012308679705846386,0.03389290071011755,0.2830188679245283,0.055,0.19433333333333333,0.4948316105368456,0.5015005001667222,0.2503333333333333,0.2303,0.42000000000000004
101,rare_cluster,gbm,temperature,window,W600,pre,1500,0.514,0.5834339715651888,0.9720942965157123,0.029947861809191637,0.0392515683511321,0.2925531914893617,0.07333333333333333,0.25066666666666665,0.4963308872581721,0.4749833222148099,0.20333333333333337,0.24006666666666668,0.42000000000000004
101,rare_cluster,gbm,temperature,window,W600,post,3000,0.5093333333333333,0.5962281597940152,0.9978456744593311,0.01588263814683738,0.01916841482785249,0.28125,0.054,0.192,0.5031677225741914,0.5015005001667222,0.2476666666666667,0.22863333333333336,0.42000000000000004
101,rare_cluster,gbm,temperature,window,W1200,pre,1500,0.514,0.5832585653005533,0.972043699393561,0.0290202876209764,0.0346389131468766,0.3,0.08,0.26666666666666666,0.49299533022014674,0.4749833222148099,0.19399999999999995,0.2434666666666667,0.42000000000000004
101,rare_cluster,gbm,temperature,window,W1200,post,3000,0.5093333333333333,0.5954497018691477,0.9968679314132135,0.017159193732496688,0.022336230393864554,0.2689655172413793,0.052,0.19333333333333333,0.5108369456485495,0.5015005001667222,0.245,0.2298,0.42000000000000004
101,rare_cluster,gbm,temperature,expanding,all,pre,1500,0.514,0.5824572400879033,0.9712581561552003,0.024657927164394352,0.03260747145307089,0.2845528455284553,0.07,0.246,0.49366244162775186,0.4749833222148099,0.21133333333333337,0.24273333333333336,0.42000000000000004
101,rare_cluster,gbm,temperature,expanding,all,post,3000,0.5093333333333333,0.5954126985785799,0.9971801048805549,0.021593621318494963,0.01902913447913168,0.2907153729071537,0.06366666666666666,0.219,0.507835945315105,0.5015005001667222,0.22399999999999998,0.23280000000000003,0.42000000000000004
101,rare_cluster,gbm,temperature,decay,HL150,pre,1500,0.514,0.58359867457141,0.9723551853955885,0.025912195550003632,0.04378512007522246,0.2975871313672922,0.074,0.24866666666666667,0.4943295530353569,0.4749833222148099,0.20866666666666667,0.23980000000000004,0.42000000000000004
101,rare_cluster,gbm,temperature,decay,HL150,post,3000,0.5093333333333333,0.596054059777384,0.9979574856317974,0.01345538144353363,0.016717909903003852,0.28205128205128205,0.055,0.195,0.5035011670556853,0.5015005001667222,0.2506666666666667,0.22886666666666666,0.42000000000000004
101,rare_cluster,gbm,temperature,decay,HL400,pre,1500,0.514,0.5831179682825588,0.9717679401123931,0.02644869175216934,0.03694051459582445,0.2916666666666667,0.07466666666666667,0.256,0.49566377585056703,0.4749833222148099,0.20066666666666666,0.24273333333333336,0.42000000000000004
101,rare_cluster,gbm,temperature,decay,HL400,post,3000,0.5093333333333333,0.5956561770609963,0.9971891152122342,0.016304752863291395,0.017334348859818847,0.27835051546391754,0.054,0.194,0.5065021673891297,0.5015005001667222,0.2446666666666667,0.23090000000000002,0.42000000000000004
101,rare_cluster,gbm,temperature,decay,HL1000,pre,1500,0.514,0.5827192253094147,0.9714538960986765,0.027455257598376845,0.03070428326138634,0.2845953002610966,0.07266666666666667,0.25533333333333336,0.49566377585056703,0.4749833222148099,0.20466666666666666,0.24320000000000006,0.42000000000000004
101,rare_cluster,gbm,temperature,decay,HL1000,post,3000,0.5093333333333333,0.5954633890130634,0.9969965477444025,0.01966065417975953,0.01673104864791903,0.281505728314239,0.05733333333333333,0.20366666666666666,0.5071690563521174,0.5015005001667222,0.238,0.22983333333333333,0.42000000000000004
101,rare_cluster,gbm,beta,static,,pre,1500,0.514,0.5984616447949523,1.0433799550067533,0.042599356482334996,0.04792987125831493,0.308584686774942,0.08866666666666667,0.28733333333333333,0.49099399599733157,0.4749833222148099,0.18333333333333335,0.23806666666666668,0.44000000000000006
101,rare_cluster,gbm,beta,static,,post,3000,0.5093333333333333,0.6191885187409788,1.112835154113188,0.03522268649384759,0.03613291975433116,0.3288009888751545,0.08866666666666667,0.26966666666666667,0.5171723907969323,0.5015005001667222,0.18300000000000005,0.2291,0.44000000000000006
101,rare_cluster,gbm,beta,window,W300,pre,1500,0.514,0.6009492814013226,1.0448927139903956,0.03402893200330369,0.040846161399875146,0.2853107344632768,0.06733333333333333,0.236,0.49366244162775186,0.4749833222148099,0.20266666666666666,0.22993333333333335,0.44000000000000006
101,rare_cluster,gbm,beta,window,W300,post,3000,0.5093333333333333,0.6224407979096631,1.1148919639963875,0.029112787228319,0.028150040412078692,0.3056768558951965,0.07,0.229,0.5105035011670557,0.5015005001667222,0.14466666666666672,0.22966666666666666,0.44000000000000006
101,rare_cluster,gbm,beta,window,W600,pre,1500,0.514,0.5995318701218293,1.0425970058845442,0.0374983799428565,0.04195640949088824,0.2898550724637681,0.06666666666666667,0.23,0.4923282188125417,0.4749833222148099,0.22133333333333338,0.23113333333333333,0.44000000000000006
101,rare_cluster,gbm,beta,window,W600,post,3000,0.5093333333333333,0.6223230454925966,1.1137375301403996,0.030264055816202715,0.022787177490840346,0.2967032967032967,0.063,0.21233333333333335,0.513837945981994,0.5015005001667222,0.14,0.23120000000000002,0.44000000000000006
101,rare_cluster,gbm,beta,window,W1200,pre,1500,0.514,0.5993459792123422,1.042789469046099,0.03181852139652035,0.03378319387316941,0.30601092896174864,0.07466666666666667,0.244,0.49566377585056703,0.4749833222148099,0.20933333333333337,0.235,0.44000000000000006
101,rare_cluster,gbm,beta,window,W1200,post,3000,0.5093333333333333,0.6203451253240251,1.1107270786734469,0.024267726371558263,0.02884771072263702,0.2835820895522388,0.057,0.201,0.5211737245748583,0.5015005001667222,0.17966666666666664,0.23103333333333334,0.44000000000000006
101,rare_cluster,gbm,beta,expanding,all,pre,1500,0.514,0.5987595710533306,1.0418895796843728,0.03649868872125236,0.032524466090229825,0.29916897506925205,0.072,0.24066666666666667,0.4969979986657772,0.4749833222148099,0.21599999999999997,0.23666666666666666,0.44000000000000006
101,rare_cluster,gbm,beta,expanding,all,post,3000,0.5093333333333333,0.6200091078235691,1.1107092406806207,0.023808876735651744,0.02750798117162464,0.29347826086956524,0.063,0.21466666666666667,0.5161720573524509,0.5015005001667222,0.20266666666666666,0.2271,0.44000000000000006
101,rare_cluster,gbm,beta,decay,HL150,pre,1500,0.514,0.600147097851127,1.044017052630439,0.03777025752115336,0.040757704714207234,0.28774928774928776,0.06733333333333333,0.234,0.49299533022014674,0.4749833222148099,0.20533333333333337,0.2272,0.44000000000000006
101,rare_cluster,gbm,beta,decay,HL150,post,3000,0.5093333333333333,0.6211660033068584,1.1123990049782484,0.02181417066316173,0.025243100604843995,0.308868501529052,0.06733333333333333,0.218,0.5125041680560187,0.5015005001667222,0.15000000000000002,0.23300000000000004,0.44000000000000006
101,rare_cluster,gbm,beta,decay,HL400,pre,1500,0.514,0.5993213860468091,1.042558000536825,0.035534348758144235,0.03196554203281554,0.2934472934472934,0.06866666666666667,0.234,0.4896597731821214,0.4749833222148099,0.21999999999999997,0.23513333333333336,0.44000000000000006
101,rare_cluster,gbm,beta,decay,HL400,post,3000,0.5093333333333333,0.6208326319922104,1.1114528541155528,0.026060065274536047,0.025553293789575954,0.28363047001620745,0.058333333333333334,0.20566666666666666,0.5151717239079693,0.5015005001667222,0.17300000000000004,0.22873333333333334,0.44000000000000006
101,rare_cluster,gbm,beta,decay,HL1000,pre,1500,0.514,0.5989457748251692,1.042045800967306,0.02993137804861481,0.029284155750056034,0.29444444444444445,0.07066666666666667,0.24,0.4943295530353569,0.4749833222148099,0.21599999999999997,0.23580000000000004,0.44000000000000006
101,rare_cluster,gbm,beta,decay,HL1000,post,3000,0.5093333333333333,0.6204522897433902,1.1109075111673532,0.028954824248784615,0.02555890998181635,0.2841091492776886,0.059,0.20766666666666667,0.5168389463154385,0.5015005001667222,0.18933333333333335,0.22853333333333334,0.44000000000000006
101,rare_cluster,gbm,isotonic,static,,pre,1500,0.514,0.5992504748952714,1.0456033186322007,0.04900964505273509,0.051506748975907124,0.3007518796992481,0.08,0.266,0.4816544362908606,0.4749833222148099,0.1246666666666667,0.2394666666666667,0.44000000000000006
101,rare_cluster,gbm,isotonic,static,,post,3000,0.5093333333333333,0.6203657620494007,1.117253529739439,0.03804179479417977,0.03804179479417976,0.31393775372124494,0.07733333333333334,0.24633333333333332,0.5115038346115371,0.5015005001667222,0.131,0.23509999999999998,0.44000000000000006
101,rare_cluster,gbm,isotonic,window,W300,pre,1500,0.514,0.6045517022897203,1.0569606852403348,0.04223093640322078,0.0455432358041341,0.3112391930835735,0.072,0.23133333333333334,0.4876584389593062,0.4749833222148099,0.2273333333333334,0.23173333333333335,0.44000000000000006
101,rare_cluster,gbm,isotonic,window,W300,post,3000,0.5093333333333333,0.6255147690633185,1.126101792049173,0.03910465758152808,0.045046392967200075,0.3248730964467005,0.08533333333333333,0.26266666666666666,0.5071690563521174,0.5015005001667222,0.16700000000000004,0.22896666666666665,0.44000000000000006
101,rare_cluster,gbm,isotonic,window,W600,pre,1500,0.514,0.6028193679604316,1.0510052121247278,0.03252171319325581,0.05291237820505772,0.3029411764705882,0.06866666666666667,0.22666666666666666,0.49299533022014674,0.4749833222148099,0.2326666666666667,0.23253333333333334,0.44000000000000006
101,rare_cluster,gbm,isotonic,window,W600,post,3000,0.5093333333333333,0.6235264208925367,1.1177873362582602,0.028105683302601263,0.03236457417949978,0.3125,0.07333333333333333,0.23466666666666666,0.5141713904634878,0.5015005001667222,0.15366666666666662,0.2275,0.44000000000000006
101,rare_cluster,gbm,isotonic,window,W1200,pre,1500,0.514,0.6009038885287585,1.047358916964558,0.03776838343732648,0.03973764939713431,0.28448275862068967,0.066,0.232,0.4896597731821214,0.4749833222148099,0.19933333333333336,0.23613333333333336,0.44000000000000006
101,rare_cluster,gbm,isotonic,window,W1200,post,3000,0.5093333333333333,0.6204454095143688,1.112397426320627,0.021815625590063347,0.024744201896679696,0.3006134969325153,0.06533333333333333,0.21733333333333332,0.5141713904634878,0.5015005001667222,0.18866666666666665,0.23033333333333333,0.44000000000000006
101,rare_cluster,gbm,isotonic,expanding,all,pre,1500,0.514,0.598950295240318,1.0427274666514967,0.02968008844939263,0.04438965787758334,0.2979274611398964,0.07666666666666666,0.25733333333333336,0.4876584389593062,0.4749833222148099,0.22666666666666668,0.23240000000000002,0.44000000000000006
101,rare_cluster,gbm,isotonic,expanding,all,post,3000,0.5093333333333333,0.6193941353120073,1.1107958814308685,0.024815162234716893,0.028235345765385438,0.27918781725888325,0.055,0.197,0.515838612870957,0.5015005001667222,0.16866666666666663,0.23206666666666667,0.44000000000000006
101,rare_cluster,gbm,isotonic,decay,HL150,pre,1500,0.514,0.6021307189367638,1.0515994296178417,0.03935817562085127,0.04588042838934753,0.292817679558011,0.07066666666666667,0.24133333333333334,0.48432288192128087,0.4749833222148099,0.22599999999999998,0.23640000000000003,0.44000000000000006
101,rare_cluster,gbm,isotonic,decay,HL150,post,3000,0.5093333333333333,0.6235483065127396,1.1193119500852786,0.02854859841898729,0.03550795377955852,0.32348993288590605,0.08033333333333334,0.24833333333333332,0.5101700566855618,0.5015005001667222,0.17333333333333334,0.23243333333333335,0.44000000000000006
101,rare_cluster,gbm,isotonic,decay,HL400,pre,1500,0.514,0.6017326263244337,1.0484497787716096,0.036926044862132815,0.04487925681255711,0.2861356932153392,0.06466666666666666,0.226,0.4876584389593062,0.4749833222148099,0.22066666666666668,0.23259999999999997,0.44000000000000006
101,rare_cluster,gbm,isotonic,decay,HL400,post,3000,0.5093333333333333,0.6214039758921414,1.1136082564440333,0.025777806433972907,0.02472976981203684,0.3020231213872832,0.06966666666666667,0.23066666666666666,0.5095031677225742,0.5015005001667222,0.17700000000000005,0.22969999999999996,0.44000000000000006
101,rare_cluster,gbm,isotonic,decay,HL1000,pre,1500,0.514,0.5995544024840015,1.0439773840326656,0.03052546827746344,0.04358771263451212,0.28059701492537314,0.06266666666666666,0.22333333333333333,0.4883255503669113,0.4749833222148099,0.21199999999999997,0.23360000000000003,0.44000000000000006
101,rare_cluster,gbm,isotonic,decay,HL1000,post,3000,0.5093333333333333,0.6199937616208834,1.1112473074731442,0.025075354005946158,0.027868057622126373,0.2809917355371901,0.056666666666666664,0.20166666666666666,0.5161720573524509,0.5015005001667222,0.16766666666666663,0.23130000000000003,0.44000000000000006
