STRUCTURE,STRUCTURE_ID,STRUCTURE_NAME,ACTION,REF_AREA,Reference area,FREQ,Frequency of observation,MEASURE,Measure,UNIT_MEASURE,Unit of measure,ACTIVITY,Economic activity,EDITION,Edition,TIME_PERIOD,Time period,OBS_VALUE,Observation value,OBS_STATUS,Observation status,UNIT_MULT,Unit multiplier,DECIMALS,Decimals,BASE_PER,Base period
DATAFLOW,OECD.SDD.STES:DSD_STES_REVISIONS@DF_STES_REVISIONS(4.0),Short-term economic statistics revisions,I,USA,United States,M,Monthly,PRVM,Production volume,IX,Index,BTE,Industry (except construction),202606,June 2026,2024-02,,99.32,,A,Normal value,0,Units,1,One,2015,
DATAFLOW,OECD.SDD.STES:DSD_STES_REVISIONS@DF_STES_REVISIONS(4.0),Short-term economic statistics revisions,I,USA,United States,M,Monthly,PRVM,Production volume,IX,Index,BTE,Industry (except construction),202606,June 2026,2024-01,,98.27,,A,Normal value,0,Units,1,One,2015,
DATAFLOW,OECD.SDD.STES:DSD_STES_REVISIONS@DF_STES_REVISIONS(4.0),Short-term economic statistics revisions,I,USA,United States,M,Monthly,PRVM,Production volume,IX,Index,BTE,Industry (except construction),202606,June 2026,2023-12,,99.63,,A,Normal value,0,Units,1,One,2015,
DATAFLOW,OECD.SDD.STES:DSD_STES_REVISIONS@DF_STES_REVISIONS(4.0),Short-term economic statistics revisions,I,USA,United States,M,Monthly,PRVM,Production volume,IX,Index,BTE,Industry (except construction),202606,June 2026,2023-11,,99.89,,A,Normal value,0,Units,1,One,2015,
DATAFLOW,OECD.SDD.STES:DSD_STES_REVISIONS@DF_STES_REVISIONS(4.0),Short-term economic statistics revisions,I,USA,United States,M,Monthly,PRVM,Production volume,IX,Index,BTE,Industry (except construction),202207,July 2022,2020-01,,100.45,,A,Normal value,0,Units,1,One,2015,
DATAFLOW,OECD.SDD.STES:DSD_STES_REVISIONS@DF_STES_REVISIONS(4.0),Short-term economic statistics revisions,I,USA,United States,M,Monthly,PRVM,Production volume,IX,Index,BTE,Industry (except construction),202107,July 2021,2020-01,,104.87,,A,Normal value,0,Units,1,One,2015,
DATAFLOW,OECD.SDD.STES:DSD_STES_REVISIONS@DF_STES_REVISIONS(4.0),Short-term economic statistics revisions,I,USA,United States,M,Monthly,PRVM,Production volume,IX,Index,BTE,Industry (except construction),202309,September 2023,2020-01,,100.49,,A,Normal value,0,Units,1,One,2015,
DATAFLOW,OECD.SDD.STES:DSD_STES_REVISIONS@DF_STES_REVISIONS(4.0),Short-term economic statistics revisions,I,USA,United States,M,Monthly,PRVM,Production volume,IX,Index,BTE,Industry (except construction),202211,November 2022,2020-01,,100.45,,A,Normal value,0,Units,1,One,2015,
DATAFLOW,OECD.SDD.STES:DSD_STES_REVISIONS@DF_STES_REVISIONS(4.0),Short-term economic statistics revisions,I,USA,United States,M,Monthly,PRVM,Production volume,IX,Index,BTE,Industry (except construction),202012,December 2020,2020-01,,104.87,,A,Normal value,0,Units,1,One,2015,
DATAFLOW,OECD.SDD.STES:DSD_STES_REVISIONS@DF_STES_REVISIONS(4.0),Short-term economic statistics revisions,I,USA,United States,M,Monthly,PRVM,Production volume,IX,Index,BTE,Industry (except construction),202004,April 2020,2020-01,,104.69,,A,Normal value,0,Units,1,One,2015,
DATAFLOW,OECD.SDD.STES:DSD_STES_REVISIONS@DF_STES_REVISIONS(4.0),Short-term economic statistics revisions,I,USA,United States,M,Monthly,PRVM,Production volume,IX,Index,BTE,Industry (except construction),202106,June 2021,2021-04,,102.44,,E,Estimated value,0,Units,1,One,2015,
DATAFLOW,OECD.SDD.STES:DSD_STES_REVISIONS@DF_STES_REVISIONS(4.0),Short-term economic statistics revisions,I,USA,United States,M,Monthly,PRVM,Production volume,IX,Index,BTE,Industry (except construction),202107,July 2021,2021-04,,102.44,,E,Estimated value,0,Units,1,One,2015,
DATAFLOW,OECD.SDD.STES:DSD_STES_REVISIONS@DF_STES_REVISIONS(4.0),Short-term economic statistics revisions,I,USA,United States,M,Monthly,PRVM,Production volume,IX,Index,BTE,Industry (except construction),202305,May 2023,2020-01,,100.49,,A,Normal value,0,Units,1,One,2015,
DATAFLOW,OECD.SDD.STES:DSD_STES_REVISIONS@DF_STES_REVISIONS(4.0),Short-term economic statistics revisions,I,USA,United States,M,Monthly,PRVM,Production volume,IX,Index,BTE,Industry (except construction),202009,September 2020,2020-01,,104.87,,A,Normal value,0,Units,1,One,2015,
DATAFLOW,OECD.SDD.STES:DSD_STES_REVISIONS@DF_STES_REVISIONS(4.0),Short-term economic statistics revisions,I,USA,United States,M,Monthly,PRVM,Production volume,IX,Index,BTE,Industry (except construction),202206,June 2022,2020-01,,100.2,,A,Normal value,0,Units,1,One,2015,
DATAFLOW,OECD.SDD.STES:DSD_STES_REVISIONS@DF_STES_REVISIONS(4.0),Short-term economic statistics revisions,I,USA,United States,M,Monthly,PRVM,Production volume,IX,Index,BTE,Industry (except construction),202301,January 2023,2020-01,,100.45,,A,Normal value,0,Units,1,One,2015,
DATAFLOW,OECD.SDD.STES:DSD_STES_REVISIONS@DF_STES_REVISIONS(4.0),Short-term economic statistics revisions,I,USA,United States,M,Monthly,PRVM,Production volume,IX,Index,BTE,Industry (except construction),202303,March 2023,2020-01,,100.45,,A,Normal value,0,Units,1,One,2015,
DATAFLOW,OECD.SDD.STES:DSD_STES_REVISIONS@DF_STES_REVISIONS(4.0),Short-term economic statistics revisions,I,USA,United States,M,Monthly,PRVM,Production volume,IX,Index,BTE,Industry (except construction),202111,November 2021,2020-01,,100.2,,A,Normal value,0,Units,1,One,2015,
DATAFLOW,OECD.SDD.STES:DSD_STES_REVISIONS@DF_STES_REVISIONS(4.0),Short-term economic statistics revisions,I,USA,United States,M,Monthly,PRVM,Production volume,IX,Index,BTE,Industry (except construction),202307,July 2023,2020-01,,100.49,,A,Normal value,0,Units,1,One,2015,
DATAFLOW,OECD.SDD.STES:DSD_STES_REVISIONS@DF_STES_REVISIONS(4.0),Short-term economic statistics revisions,I,USA,United States,M,Monthly,PRVM,Production volume,IX,Index,BTE,Industry (except construction),202201,January 2022,2020-01,,100.2,,A,Normal value,0,Units,1,One,2015,
DATAFLOW,OECD.SDD.STES:DSD_STES_REVISIONS@DF_STES_REVISIONS(4.0),Short-term economic statistics revisions,I,USA,United States,M,Monthly,PRVM,Production volume,IX,Index,BTE,Industry (except construction),202106,June 2021,2020-01,,104.87,,A,Normal value,0,Units,1,One,2015,
DATAFLOW,OECD.SDD.STES:DSD_STES_REVISIONS@DF_STES_REVISIONS(4.0),Short-term economic statistics revisions,I,USA,United States,M,Monthly,PRVM,Production volume,IX,Index,BTE,Industry (except construction),202308,August 2023,2020-01,,100.49,,A,Normal value,0,Units,1,One,2015,
DATAFLOW,OECD.SDD.STES:DSD_STES_REVISIONS@DF_STES_REVISIONS(4.0),Short-term economic statistics revisions,I,USA,United States,M,Monthly,PRVM,Production volume,IX,Index,BTE,Industry (except construction),202008,August 2020,2020-01,,104.87,,A,Normal value,0,Units,1,One,2015,
DATAFLOW,OECD.SDD.STES:DSD_STES_REVISIONS@DF_STES_REVISIONS(4.0),Short-term economic statistics revisions,I,USA,United States,M,Monthly,PRVM,Production volume,IX,Index,BTE,Industry (except construction),202210,October 2022,2020-01,,100.45,,A,Normal value,0,Units,1,One,2015,
DATAFLOW,OECD.SDD.STES:DSD_STES_REVISIONS@DF_STES_REVISIONS(4.0),Short-term economic statistics revisions,I,USA,United States,M,Monthly,PRVM,Production volume,IX,Index,BTE,Industry (except construction),202011,November 2020,2020-01,,104.87,,A,Normal value,0,Units,1,One,2015,
DATAFLOW,OECD.SDD.STES:DSD_STES_REVISIONS@DF_STES_REVISIONS(4.0),Short-term economic statistics revisions,I,USA,United States,M,Monthly,PRVM,Production volume,IX,Index,BTE,Industry (except construction),202304,April 2023,2020-01,,100.49,,A,Normal value,0,Units,1,One,2015,
DATAFLOW,OECD.SDD.STES:DSD_STES_REVISIONS@DF_STES_REVISIONS(4.0),Short-term economic statistics revisions,I,USA,United States,M,Monthly,PRVM,Production volume,IX,Index,BTE,Industry (except construction),202108,August 2021,2020-01,,100.2,,A,Normal value,0,Units,1,One,2015,
DATAFLOW,OECD.SDD.STES:DSD_STES_REVISIONS@DF_STES_REVISIONS(4.0),Short-term economic statistics revisions,I,USA,United States,M,Monthly,PRVM,Production volume,IX,Index,BTE,Industry (except construction),202006,June 2020,2020-01,,104.82,,A,Normal value,0,Units,1,One,2015,
DATAFLOW,OECD.SDD.STES:DSD_STES_REVISIONS@DF_STES_REVISIONS(4.0),Short-term economic statistics revisions,I,USA,United States,M,Monthly,PRVM,Production volume,IX,Index,BTE,Industry (except construction),202312,December 2023,2020-01,,100.49,,A,Normal value,0,Units,1,One,2015,
DATAFLOW,OECD.SDD.STES:DSD_STES_REVISIONS@DF_STES_REVISIONS(4.0),Short-term economic statistics revisions,I,USA,United States,M,Monthly,PRVM,Production volume,IX,Index,BTE,Industry (except construction),202209,September 2022,2020-01,,100.45,,A,Normal value,0,Units,1,One,2015,
DATAFLOW,OECD.SDD.STES:DSD_STES_REVISIONS@DF_STES_REVISIONS(4.0),Short-term economic statistics revisions,I,USA,United States,M,Monthly,PRVM,Production volume,IX,Index,BTE,Industry (except construction),202302,February 2023,2020-01,,100.45,,A,Normal value,0,Units,1,One,2015,
DATAFLOW,OECD.SDD.STES:DSD_STES_REVISIONS@DF_STES_REVISIONS(4.0),Short-term economic statistics revisions,I,USA,United States,M,Monthly,PRVM,Production volume,IX,Index,BTE,Industry (except construction),202101,January 2021,2020-02,,104.98,,A,Normal value,0,Units,1,One,2015,
DATAFLOW,OECD.SDD.STES:DSD_STES_REVISIONS@DF_STES_REVISIONS(4.0),Short-term economic statistics revisions,I,USA,United States,M,Monthly,PRVM,Production volume,IX,Index,BTE,Industry (except construction),202203,March 2022,2020-02,,100.43,,A,Normal value,0,Units,1,One,2015,
DATAFLOW,OECD.SDD.STES:DSD_STES_REVISIONS@DF_STES_REVISIONS(4.0),Short-term economic statistics revisions,I,USA,United States,M,Monthly,PRVM,Production volume,IX,Index,BTE,Industry (except construction),202205,May 2022,2020-02,,100.43,,A,Normal value,0,Units,1,One,2015,
DATAFLOW,OECD.SDD.STES:DSD_STES_REVISIONS@DF_STES_REVISIONS(4.0),Short-term economic statistics revisions,I,USA,United States,M,Monthly,PRVM,Production volume,IX,Index,BTE,Industry (except construction),202310,October 2023,2020-02,,100.75,,A,Normal value,0,Units,1,One,2015,
DATAFLOW,OECD.SDD.STES:DSD_STES_REVISIONS@DF_STES_REVISIONS(4.0),Short-term economic statistics revisions,I,USA,United States,M,Monthly,PRVM,Production volume,IX,Index,BTE,Industry (except construction),202005,May 2020,2020-02,,105.25,,A,Normal value,0,Units,1,One,2015,
DATAFLOW,OECD.SDD.STES:DSD_STES_REVISIONS@DF_STES_REVISIONS(4.0),Short-term economic statistics revisions,I,USA,United States,M,Monthly,PRVM,Production volume,IX,Index,BTE,Industry (except construction),202110,October 2021,2020-02,,100.43,,A,Normal value,0,Units,1,One,2015,
DATAFLOW,OECD.SDD.STES:DSD_STES_REVISIONS@DF_STES_REVISIONS(4.0),Short-term economic statistics revisions,I,USA,United States,M,Monthly,PRVM,Production volume,IX,Index,BTE,Industry (except construction),202103,March 2021,2020-02,,104.98,,A,Normal value,0,Units,1,One,2015,
DATAFLOW,OECD.SDD.STES:DSD_STES_REVISIONS@DF_STES_REVISIONS(4.0),Short-term economic statistics revisions,I,USA,United States,M,Monthly,PRVM,Production volume,IX,Index,BTE,Industry (except construction),202306,June 2023,2020-02,,100.75,,A,Normal value,0,Units,1,One,2015,
DATAFLOW,OECD.SDD.STES:DSD_STES_REVISIONS@DF_STES_REVISIONS(4.0),Short-term economic statistics revisions,I,USA,United States,M,Monthly,PRVM,Production volume,IX,Index,BTE,Industry (except construction),202007,July 2020,2020-02,,105.04,,A,Normal value,0,Units,1,One,2015,
DATAFLOW,OECD.SDD.STES:DSD_STES_REVISIONS@DF_STES_REVISIONS(4.0),Short-term economic statistics revisions,I,USA,United States,M,Monthly,PRVM,Production volume,IX,Index,BTE,Industry (except construction),202104,April 2021,2020-02,,104.98,,A,Normal value,0,Units,1,One,2015,
DATAFLOW,OECD.SDD.STES:DSD_STES_REVISIONS@DF_STES_REVISIONS(4.0),Short-term economic statistics revisions,I,USA,United States,M,Monthly,PRVM,Production volume,IX,Index,BTE,Industry (except construction),202105,May 2021,2020-02,,104.98,,A,Normal value,0,Units,1,One,2015,
DATAFLOW,OECD.SDD.STES:DSD_STES_REVISIONS@DF_STES_REVISIONS(4.0),Short-term economic statistics revisions,I,USA,United States,M,Monthly,PRVM,Production volume,IX,Index,BTE,Industry (except construction),202112,December 2021,2020-02,,100.43,,A,Normal value,0,Units,1,One,2015,
DATAFLOW,OECD.SDD.STES:DSD_STES_REVISIONS@DF_STES_REVISIONS(4.0),Short-term economic statistics revisions,I,USA,United States,M,Monthly,PRVM,Production volume,IX,Index,BTE,Industry (except construction),202208,August 2022,2020-02,,100.85,,A,Normal value,0,Units,1,One,2015,
DATAFLOW,OECD.SDD.STES:DSD_STES_REVISIONS@DF_STES_REVISIONS(4.0),Short-term economic statistics revisions,I,USA,United States,M,Monthly,PRVM,Production volume,IX,Index,BTE,Industry (except construction),202311,November 2023,2020-02,,100.75,,A,Normal value,0,Units,1,One,2015,
DATAFLOW,OECD.SDD.STES:DSD_STES_REVISIONS@DF_STES_REVISIONS(4.0),Short-term economic statistics revisions,I,USA,United States,M,Monthly,PRVM,Production volume,IX,Index,BTE,Industry (except construction),202212,December 2022,2020-02,,100.85,,A,Normal value,0,Units,1,One,2015,
DATAFLOW,OECD.SDD.STES:DSD_STES_REVISIONS@DF_STES_REVISIONS(4.0),Short-term economic statistics revisions,I,USA,United States,M,Monthly,PRVM,Production volume,IX,Index,BTE,Industry (except construction),202010,October 2020,2020-02,,104.98,,A,Normal value,0,Units,1,One,2015,
DATAFLOW,OECD.SDD.STES:DSD_STES_REVISIONS@DF_STES_REVISIONS(4.0),Short-term economic statistics revisions,I,USA,United States,M,Monthly,PRVM,Production volume,IX,Index,BTE,Industry (except construction),202102,February 2021,2020-02,,104.98,,A,Normal value,0,Units,1,One,2015,
DATAFLOW,OECD.SDD.STES:DSD_STES_REVISIONS@DF_STES_REVISIONS(4.0),Short-term economic statistics revisions,I,USA,United States,M,Monthly,PRVM,Production volume,IX,Index,BTE,Industry (except construction),202202,February 2022,2020-02,,100.43,,A,Normal value,0,Units,1,One,2015,
DATAFLOW,OECD.SDD.STES:DSD_STES_REVISIONS@DF_STES_REVISIONS(4.0),Short-term economic statistics revisions,I,USA,United States,M,Monthly,PRVM,Production volume,IX,Index,BTE,Industry (except construction),202109,September 2021,2020-02,,100.43,,A,Normal value,0,Units,1,One,2015,
DATAFLOW,OECD.SDD.STES:DSD_STES_REVISIONS@DF_STES_REVISIONS(4.0),Short-term economic statistics revisions,I,USA,United States,M,Monthly,PRVM,Production volume,IX,Index,BTE,Industry (except construction),202204,April 2022,2020-02,,100.43,,A,Normal value,0,Units,1,One,2015,
DATAFLOW,OECD.SDD.STES:DSD_STES_REVISIONS@DF_STES_REVISIONS(4.0),Short-term economic statistics revisions,I,USA,United States,M,Monthly,PRVM,Production volume,IX,Index,BTE,Industry (except construction),202204,April 2022,2020-01,,100.2,,A,Normal value,0,Units,1,One,2015,
DATAFLOW,OECD.SDD.STES:DSD_STES_REVISIONS@DF_STES_REVISIONS(4.0),Short-term economic statistics revisions,I,USA,United States,M,Monthly,PRVM,Production volume,IX,Index,BTE,Industry (except construction),202109,September 2021,2020-01,,100.2,,A,Normal value,0,Units,1,One,2015,
DATAFLOW,OECD.SDD.STES:DSD_STES_REVISIONS@DF_STES_REVISIONS(4.0),Short-term economic statistics revisions,I,USA,United States,M,Monthly,PRVM,Production volume,IX,Index,BTE,Industry (except construction),202202,February 2022,2020-01,,100.2,,A,Normal value,0,Units,1,One,2015,
DATAFLOW,OECD.SDD.STES:DSD_STES_REVISIONS@DF_STES_REVISIONS(4.0),Short-term economic statistics revisions,I,USA,United States,M,Monthly,PRVM,Production volume,IX,Index,BTE,Industry (except construction),202102,February 2021,2020-01,,104.87,,A,Normal value,0,Units,1,One,2015,
DATAFLOW,OECD.SDD.STES:DSD_STES_REVISIONS@DF_STES_REVISIONS(4.0),Short-term economic statistics revisions,I,USA,United States,M,Monthly,PRVM,Production volume,IX,Index,BTE,Industry (except construction),202010,October 2020,2020-01,,104.87,,A,Normal value,0,Units,1,One,2015,
DATAFLOW,OECD.SDD.STES:DSD_STES_REVISIONS@DF_STES_REVISIONS(4.0),Short-term economic statistics revisions,I,USA,United States,M,Monthly,PRVM,Production volume,IX,Index,BTE,Industry (except construction),202212,December 2022,2020-01,,100.45,,A,Normal value,0,Units,1,One,2015,
DATAFLOW,OECD.SDD.STES:DSD_STES_REVISIONS@DF_STES_REVISIONS(4.0),Short-term economic statistics revisions,I,USA,United States,M,Monthly,PRVM,Production volume,IX,Index,BTE,Industry (except construction),202003,March 2020,2020-01,,104.89,,A,Normal value,0,Units,1,One,2015,
DATAFLOW,OECD.SDD.STES:DSD_STES_REVISIONS@DF_STES_REVISIONS(4.0),Short-term economic statistics revisions,I,USA,United States,M,Monthly,PRVM,Production volume,IX,Index,BTE,Industry (except construction),202311,November 2023,2020-01,,100.49,,A,Normal value,0,Units,1,One,2015,
DATAFLOW,OECD.SDD.STES:DSD_STES_REVISIONS@DF_STES_REVISIONS(4.0),Short-term economic statistics revisions,I,USA,United States,M,Monthly,PRVM,Production volume,IX,Index,BTE,Industry (except construction),202208,August 2022,2020-01,,100.45,,A,Normal value,0,Units,1,One,2015,
DATAFLOW,OECD.SDD.STES:DSD_STES_REVISIONS@DF_STES_REVISIONS(4.0),Short-term economic statistics revisions,I,USA,United States,M,Monthly,PRVM,Production volume,IX,Index,BTE,Industry (except construction),202112,December 2021,2020-01,,100.2,,A,Normal value,0,Units,1,One,2015,
DATAFLOW,OECD.SDD.STES:DSD_STES_REVISIONS@DF_STES_REVISIONS(4.0),Short-term economic statistics revisions,I,USA,United States,M,Monthly,PRVM,Production volume,IX,Index,BTE,Industry (except construction),202105,May 2021,2020-01,,104.87,,A,Normal value,0,Units,1,One,2015,
DATAFLOW,OECD.SDD.STES:DSD_STES_REVISIONS@DF_STES_REVISIONS(4.0),Short-term economic statistics revisions,I,USA,United States,M,Monthly,PRVM,Production volume,IX,Index,BTE,Industry (except construction),202104,April 2021,2020-01,,104.87,,A,Normal value,0,Units,1,One,2015,
DATAFLOW,OECD.SDD.STES:DSD_STES_REVISIONS@DF_STES_REVISIONS(4.0),Short-term economic statistics revisions,I,USA,United States,M,Monthly,PRVM,Production volume,IX,Index,BTE,Industry (except construction),202007,July 2020,2020-01,,104.9,,A,Normal value,0,Units,1,One,2015,
DATAFLOW,OECD.SDD.STES:DSD_STES_REVISIONS@DF_STES_REVISIONS(4.0),Short-term economic statistics revisions,I,USA,United States,M,Monthly,PRVM,Production volume,IX,Index,BTE,Industry (except construction),202306,June 2023,2020-01,,100.49,,A,Normal value,0,Units,1,One,2015,
DATAFLOW,OECD.SDD.STES:DSD_STES_REVISIONS@DF_STES_REVISIONS(4.0),Short-term economic statistics revisions,I,USA,United States,M,Monthly,PRVM,Production volume,IX,Index,BTE,Industry (except construction),202103,March 2021,2020-01,,104.87,,A,Normal value,0,Units,1,One,2015,
DATAFLOW,OECD.SDD.STES:DSD_STES_REVISIONS@DF_STES_REVISIONS(4.0),Short-term economic statistics revisions,I,USA,United States,M,Monthly,PRVM,Production volume,IX,Index,BTE,Industry (except construction),202110,October 2021,2020-01,,100.2,,A,Normal value,0,Units,1,One,2015,
DATAFLOW,OECD.SDD.STES:DSD_STES_REVISIONS@DF_STES_REVISIONS(4.0),Short-term economic statistics revisions,I,USA,United States,M,Monthly,PRVM,Production volume,IX,Index,BTE,Industry (except construction),202005,May 2020,2020-01,,104.78,,A,Normal value,0,Units,1,One,2015,
DATAFLOW,OECD.SDD.STES:DSD_STES_REVISIONS@DF_STES_REVISIONS(4.0),Short-term economic statistics revisions,I,USA,United States,M,Monthly,PRVM,Production volume,IX,Index,BTE,Industry (except construction),202310,October 2023,2020-01,,100.49,,A,Normal value,0,Units,1,One,2015,
DATAFLOW,OECD.SDD.STES:DSD_STES_REVISIONS@DF_STES_REVISIONS(4.0),Short-term economic statistics revisions,I,USA,United States,M,Monthly,PRVM,Production volume,IX,Index,BTE,Industry (except construction),202205,May 2022,2020-01,,100.2,,A,Normal value,0,Units,1,One,2015,
DATAFLOW,OECD.SDD.STES:DSD_STES_REVISIONS@DF_STES_REVISIONS(4.0),Short-term economic statistics revisions,I,USA,United States,M,Monthly,PRVM,Production volume,IX,Index,BTE,Industry (except construction),202203,March 2022,2020-01,,100.2,,A,Normal value,0,Units,1,One,2015,
DATAFLOW,OECD.SDD.STES:DSD_STES_REVISIONS@DF_STES_REVISIONS(4.0),Short-term economic statistics revisions,I,USA,United States,M,Monthly,PRVM,Production volume,IX,Index,BTE,Industry (except construction),202101,January 2021,2020-01,,104.87,,A,Normal value,0,Units,1,One,2015,
DATAFLOW,OECD.SDD.STES:DSD_STES_REVISIONS@DF_STES_REVISIONS(4.0),Short-term economic statistics revisions,I,USA,United States,M,Monthly,PRVM,Production volume,IX,Index,BTE,Industry (except construction),202201,January 2022,2020-04,,83.46,,A,Normal value,0,Units,1,One,2015,
DATAFLOW,OECD.SDD.STES:DSD_STES_REVISIONS@DF_STES_REVISIONS(4.0),Short-term economic statistics revisions,I,USA,United States,M,Monthly,PRVM,Production volume,IX,Index,BTE,Industry (except construction),202106,June 2021,2020-04,,87.66,,A,Normal value,0,Units,1,One,2015,
DATAFLOW,OECD.SDD.STES:DSD_STES_REVISIONS@DF_STES_REVISIONS(4.0),Short-term economic statistics revisions,I,USA,United States,M,Monthly,PRVM,Production volume,IX,Index,BTE,Industry (except construction),202308,August 2023,2020-04,,83.86,,A,Normal value,0,Units,1,One,2015,
DATAFLOW,OECD.SDD.STES:DSD_STES_REVISIONS@DF_STES_REVISIONS(4.0),Short-term economic statistics revisions,I,USA,United States,M,Monthly,PRVM,Production volume,IX,Index,BTE,Industry (except construction),202008,August 2020,2020-04,,87.6,,A,Normal value,0,Units,1,One,2015,
DATAFLOW,OECD.SDD.STES:DSD_STES_REVISIONS@DF_STES_REVISIONS(4.0),Short-term economic statistics revisions,I,USA,United States,M,Monthly,PRVM,Production volume,IX,Index,BTE,Industry (except construction),202011,November 2020,2020-04,,87.66,,A,Normal value,0,Units,1,One,2015,
DATAFLOW,OECD.SDD.STES:DSD_STES_REVISIONS@DF_STES_REVISIONS(4.0),Short-term economic statistics revisions,I,USA,United States,M,Monthly,PRVM,Production volume,IX,Index,BTE,Industry (except construction),202210,October 2022,2020-04,,84.24,,A,Normal value,0,Units,1,One,2015,
DATAFLOW,OECD.SDD.STES:DSD_STES_REVISIONS@DF_STES_REVISIONS(4.0),Short-term economic statistics revisions,I,USA,United States,M,Monthly,PRVM,Production volume,IX,Index,BTE,Industry (except construction),202304,April 2023,2020-04,,83.86,,A,Normal value,0,Units,1,One,2015,
DATAFLOW,OECD.SDD.STES:DSD_STES_REVISIONS@DF_STES_REVISIONS(4.0),Short-term economic statistics revisions,I,USA,United States,M,Monthly,PRVM,Production volume,IX,Index,BTE,Industry (except construction),202108,August 2021,2020-04,,83.46,,A,Normal value,0,Units,1,One,2015,
DATAFLOW,OECD.SDD.STES:DSD_STES_REVISIONS@DF_STES_REVISIONS(4.0),Short-term economic statistics revisions,I,USA,United States,M,Monthly,PRVM,Production volume,IX,Index,BTE,Industry (except construction),202006,June 2020,2020-04,,88.94,,A,Normal value,0,Units,1,One,2015,
DATAFLOW,OECD.SDD.STES:DSD_STES_REVISIONS@DF_STES_REVISIONS(4.0),Short-term economic statistics revisions,I,USA,United States,M,Monthly,PRVM,Production volume,IX,Index,BTE,Industry (except construction),202312,December 2023,2020-04,,83.86,,A,Normal value,0,Units,1,One,2015,
DATAFLOW,OECD.SDD.STES:DSD_STES_REVISIONS@DF_STES_REVISIONS(4.0),Short-term economic statistics revisions,I,USA,United States,M,Monthly,PRVM,Production volume,IX,Index,BTE,Industry (except construction),202209,September 2022,2020-04,,84.24,,A,Normal value,0,Units,1,One,2015,
DATAFLOW,OECD.SDD.STES:DSD_STES_REVISIONS@DF_STES_REVISIONS(4.0),Short-term economic statistics revisions,I,USA,United States,M,Monthly,PRVM,Production volume,IX,Index,BTE,Industry (except construction),202207,July 2022,2020-04,,84.24,,A,Normal value,0,Units,1,One,2015,
DATAFLOW,OECD.SDD.STES:DSD_STES_REVISIONS@DF_STES_REVISIONS(4.0),Short-term economic statistics revisions,I,USA,United States,M,Monthly,PRVM,Production volume,IX,Index,BTE,Industry (except construction),202302,February 2023,2020-04,,84.24,,A,Normal value,0,Units,1,One,2015,
DATAFLOW,OECD.SDD.STES:DSD_STES_REVISIONS@DF_STES_REVISIONS(4.0),Short-term economic statistics revisions,I,USA,United States,M,Monthly,PRVM,Production volume,IX,Index,BTE,Industry (except construction),202107,July 2021,2020-04,,87.66,,A,Normal value,0,Units,1,One,2015,
DATAFLOW,OECD.SDD.STES:DSD_STES_REVISIONS@DF_STES_REVISIONS(4.0),Short-term economic statistics revisions,I,USA,United States,M,Monthly,PRVM,Production volume,IX,Index,BTE,Industry (except construction),202211,November 2022,2020-04,,84.24,,A,Normal value,0,Units,1,One,2015,
DATAFLOW,OECD.SDD.STES:DSD_STES_REVISIONS@DF_STES_REVISIONS(4.0),Short-term economic statistics revisions,I,USA,United States,M,Monthly,PRVM,Production volume,IX,Index,BTE,Industry (except construction),202309,September 2023,2020-04,,83.86,,A,Normal value,0,Units,1,One,2015,
DATAFLOW,OECD.SDD.STES:DSD_STES_REVISIONS@DF_STES_REVISIONS(4.0),Short-term economic statistics revisions,I,USA,United States,M,Monthly,PRVM,Production volume,IX,Index,BTE,Industry (except construction),202012,December 2020,2020-04,,87.66,,A,Normal value,0,Units,1,One,2015,
DATAFLOW,OECD.SDD.STES:DSD_STES_REVISIONS@DF_STES_REVISIONS(4.0),Short-term economic statistics revisions,I,USA,United States,M,Monthly,PRVM,Production volume,IX,Index,BTE,Industry (except construction),202204,April 2022,2020-03,,96.59,,A,Normal value,0,Units,1,One,2015,
DATAFLOW,OECD.SDD.STES:DSD_STES_REVISIONS@DF_STES_REVISIONS(4.0),Short-term economic statistics revisions,I,USA,United States,M,Monthly,PRVM,Production volume,IX,Index,BTE,Industry (except construction),202109,September 2021,2020-03,,96.59,,A,Normal value,0,Units,1,One,2015,
DATAFLOW,OECD.SDD.STES:DSD_STES_REVISIONS@DF_STES_REVISIONS(4.0),Short-term economic statistics revisions,I,USA,United States,M,Monthly,PRVM,Production volume,IX,Index,BTE,Industry (except construction),202202,February 2022,2020-03,,96.59,,A,Normal value,0,Units,1,One,2015,
DATAFLOW,OECD.SDD.STES:DSD_STES_REVISIONS@DF_STES_REVISIONS(4.0),Short-term economic statistics revisions,I,USA,United States,M,Monthly,PRVM,Production volume,IX,Index,BTE,Industry (except construction),202102,February 2021,2020-03,,100.39,,A,Normal value,0,Units,1,One,2015,
DATAFLOW,OECD.SDD.STES:DSD_STES_REVISIONS@DF_STES_REVISIONS(4.0),Short-term economic statistics revisions,I,USA,United States,M,Monthly,PRVM,Production volume,IX,Index,BTE,Industry (except construction),202010,October 2020,2020-03,,100.39,,A,Normal value,0,Units,1,One,2015,
DATAFLOW,OECD.SDD.STES:DSD_STES_REVISIONS@DF_STES_REVISIONS(4.0),Short-term economic statistics revisions,I,USA,United States,M,Monthly,PRVM,Production volume,IX,Index,BTE,Industry (except construction),202212,December 2022,2020-03,,97.05,,A,Normal value,0,Units,1,One,2015,
DATAFLOW,OECD.SDD.STES:DSD_STES_REVISIONS@DF_STES_REVISIONS(4.0),Short-term economic statistics revisions,I,USA,United States,M,Monthly,PRVM,Production volume,IX,Index,BTE,Industry (except construction),202311,November 2023,2020-03,,96.81,,A,Normal value,0,Units,1,One,2015,
DATAFLOW,OECD.SDD.STES:DSD_STES_REVISIONS@DF_STES_REVISIONS(4.0),Short-term economic statistics revisions,I,USA,United States,M,Monthly,PRVM,Production volume,IX,Index,BTE,Industry (except construction),202208,August 2022,2020-03,,97.05,,A,Normal value,0,Units,1,One,2015,
DATAFLOW,OECD.SDD.STES:DSD_STES_REVISIONS@DF_STES_REVISIONS(4.0),Short-term economic statistics revisions,I,USA,United States,M,Monthly,PRVM,Production volume,IX,Index,BTE,Industry (except construction),202112,December 2021,2020-03,,96.59,,A,Normal value,0,Units,1,One,2015,
DATAFLOW,OECD.SDD.STES:DSD_STES_REVISIONS@DF_STES_REVISIONS(4.0),Short-term economic statistics revisions,I,USA,United States,M,Monthly,PRVM,Production volume,IX,Index,BTE,Industry (except construction),202105,May 2021,2020-03,,100.39,,A,Normal value,0,Units,1,One,2015,
DATAFLOW,OECD.SDD.STES:DSD_STES_REVISIONS@DF_STES_REVISIONS(4.0),Short-term economic statistics revisions,I,USA,United States,M,Monthly,PRVM,Production volume,IX,Index,BTE,Industry (except construction),202104,April 2021,2020-03,,100.39,,A,Normal value,0,Units,1,One,2015,
DATAFLOW,OECD.SDD.STES:DSD_STES_REVISIONS@DF_STES_REVISIONS(4.0),Short-term economic statistics revisions,I,USA,United States,M,Monthly,PRVM,Production volume,IX,Index,BTE,Industry (except construction),202007,July 2020,2020-03,,100.23,,A,Normal value,0,Units,1,One,2015,
DATAFLOW,OECD.SDD.STES:DSD_STES_REVISIONS@DF_STES_REVISIONS(4.0),Short-term economic statistics revisions,I,USA,United States,M,Monthly,PRVM,Production volume,IX,Index,BTE,Industry (except construction),202306,June 2023,2020-03,,96.81,,A,Normal value,0,Units,1,One,2015,
DATAFLOW,OECD.SDD.STES:DSD_STES_REVISIONS@DF_STES_REVISIONS(4.0),Short-term economic statistics revisions,I,USA,United States,M,Monthly,PRVM,Production volume,IX,Index,BTE,Industry (except construction),202103,March 2021,2020-03,,100.39,,A,Normal value,0,Units,1,One,2015,
DATAFLOW,OECD.SDD.STES:DSD_STES_REVISIONS@DF_STES_REVISIONS(4.0),Short-term economic statistics revisions,I,USA,United States,M,Monthly,PRVM,Production volume,IX,Index,BTE,Industry (except construction),202110,October 2021,2020-03,,96.59,,A,Normal value,0,Units,1,One,2015,
DATAFLOW,OECD.SDD.STES:DSD_STES_REVISIONS@DF_STES_REVISIONS(4.0),Short-term economic statistics revisions,I,USA,United States,M,Monthly,PRVM,Production volume,IX,Index,BTE,Industry (except construction),202005,May 2020,2020-03,,99.57,,A,Normal value,0,Units,1,One,2015,
DATAFLOW,OECD.SDD.STES:DSD_STES_REVISIONS@DF_STES_REVISIONS(4.0),Short-term economic statistics revisions,I,USA,United States,M,Monthly,PRVM,Production volume,IX,Index,BTE,Industry (except construction),202310,October 2023,2020-03,,96.81,,A,Normal value,0,Units,1,One,2015,
DATAFLOW,OECD.SDD.STES:DSD_STES_REVISIONS@DF_STES_REVISIONS(4.0),Short-term economic statistics revisions,I,USA,United States,M,Monthly,PRVM,Production volume,IX,Index,BTE,Industry (except construction),202205,May 2022,2020-03,,96.59,,A,Normal value,0,Units,1,One,2015,
DATAFLOW,OECD.SDD.STES:DSD_STES_REVISIONS@DF_STES_REVISIONS(4.0),Short-term economic statistics revisions,I,USA,United States,M,Monthly,PRVM,Production volume,IX,Index,BTE,Industry (except construction),202203,March 2022,2020-03,,96.59,,A,Normal value,0,Units,1,One,2015,
DATAFLOW,OECD.SDD.STES:DSD_STES_REVISIONS@DF_STES_REVISIONS(4.0),Short-term economic statistics revisions,I,USA,United States,M,Monthly,PRVM,Production volume,IX,Index,BTE,Industry (except construction),202101,January 2021,2020-03,,100.39,,A,Normal value,0,Units,1,One,2015,
DATAFLOW,OECD.SDD.STES:DSD_STES_REVISIONS@DF_STES_REVISIONS(4.0),Short-term economic statistics revisions,I,USA,United States,M,Monthly,PRVM,Production volume,IX,Index,BTE,Industry (except construction),202305,May 2023,2020-03,,96.81,,A,Normal value,0,Units,1,One,2015,
DATAFLOW,OECD.SDD.STES:DSD_STES_REVISIONS@DF_STES_REVISIONS(4.0),Short-term economic statistics revisions,I,USA,United States,M,Monthly,PRVM,Production volume,IX,Index,BTE,Industry (except construction),202009,September 2020,2020-03,,100.47,,A,Normal value,0,Units,1,One,2015,
DATAFLOW,OECD.SDD.STES:DSD_STES_REVISIONS@DF_STES_REVISIONS(4.0),Short-term economic statistics revisions,I,USA,United States,M,Monthly,PRVM,Production volume,IX,Index,BTE,Industry (except construction),202206,June 2022,2020-03,,96.59,,A,Normal value,0,Units,1,One,2015,
DATAFLOW,OECD.SDD.STES:DSD_STES_REVISIONS@DF_STES_REVISIONS(4.0),Short-term economic statistics revisions,I,USA,United States,M,Monthly,PRVM,Production volume,IX,Index,BTE,Industry (except construction),202301,January 2023,2020-03,,97.05,,A,Normal value,0,Units,1,One,2015,
DATAFLOW,OECD.SDD.STES:DSD_STES_REVISIONS@DF_STES_REVISIONS(4.0),Short-term economic statistics revisions,I,USA,United States,M,Monthly,PRVM,Production volume,IX,Index,BTE,Industry (except construction),202303,March 2023,2020-03,,97.05,,A,Normal value,0,Units,1,One,2015,
DATAFLOW,OECD.SDD.STES:DSD_STES_REVISIONS@DF_STES_REVISIONS(4.0),Short-term economic statistics revisions,I,USA,United States,M,Monthly,PRVM,Production volume,IX,Index,BTE,Industry (except construction),202111,November 2021,2020-03,,96.59,,A,Normal value,0,Units,1,One,2015,
DATAFLOW,OECD.SDD.STES:DSD_STES_REVISIONS@DF_STES_REVISIONS(4.0),Short-term economic statistics revisions,I,USA,United States,M,Monthly,PRVM,Production volume,IX,Index,BTE,Industry (except construction),202307,July 2023,2020-03,,96.81,,A,Normal value,0,Units,1,One,2015,
DATAFLOW,OECD.SDD.STES:DSD_STES_REVISIONS@DF_STES_REVISIONS(4.0),Short-term economic statistics revisions,I,USA,United States,M,Monthly,PRVM,Production volume,IX,Index,BTE,Industry (except construction),202201,January 2022,2020-03,,96.59,,A,Normal value,0,Units,1,One,2015,
DATAFLOW,OECD.SDD.STES:DSD_STES_REVISIONS@DF_STES_REVISIONS(4.0),Short-term economic statistics revisions,I,USA,United States,M,Monthly,PRVM,Production volume,IX,Index,BTE,Industry (except construction),202106,June 2021,2020-03,,100.39,,A,Normal value,0,Units,1,One,2015,
DATAFLOW,OECD.SDD.STES:DSD_STES_REVISIONS@DF_STES_REVISIONS(4.0),Short-term economic statistics revisions,I,USA,United States,M,Monthly,PRVM,Production volume,IX,Index,BTE,Industry (except construction),202308,August 2023,2020-03,,96.81,,A,Normal value,0,Units,1,One,2015,
DATAFLOW,OECD.SDD.STES:DSD_STES_REVISIONS@DF_STES_REVISIONS(4.0),Short-term economic statistics revisions,I,USA,United States,M,Monthly,PRVM,Production volume,IX,Index,BTE,Industry (except construction),202008,August 2020,2020-03,,100.34,,A,Normal value,0,Units,1,One,2015,
DATAFLOW,OECD.SDD.STES:DSD_STES_REVISIONS@DF_STES_REVISIONS(4.0),Short-term economic statistics revisions,I,USA,United States,M,Monthly,PRVM,Production volume,IX,Index,BTE,Industry (except construction),202210,October 2022,2020-03,,97.05,,A,Normal value,0,Units,1,One,2015,
DATAFLOW,OECD.SDD.STES:DSD_STES_REVISIONS@DF_STES_REVISIONS(4.0),Short-term economic statistics revisions,I,USA,United States,M,Monthly,PRVM,Production volume,IX,Index,BTE,Industry (except construction),202011,November 2020,2020-03,,100.39,,A,Normal value,0,Units,1,One,2015,
DATAFLOW,OECD.SDD.STES:DSD_STES_REVISIONS@DF_STES_REVISIONS(4.0),Short-term economic statistics revisions,I,USA,United States,M,Monthly,PRVM,Production volume,IX,Index,BTE,Industry (except construction),202304,April 2023,2020-03,,96.81,,A,Normal value,0,Units,1,One,2015,
DATAFLOW,OECD.SDD.STES:DSD_STES_REVISIONS@DF_STES_REVISIONS(4.0),Short-term economic statistics revisions,I,USA,United States,M,Monthly,PRVM,Production volume,IX,Index,BTE,Industry (except construction),202108,August 2021,2020-03,,96.59,,A,Normal value,0,Units,1,One,2015,
DATAFLOW,OECD.SDD.STES:DSD_STES_REVISIONS@DF_STES_REVISIONS(4.0),Short-term economic statistics revisions,I,USA,United States,M,Monthly,PRVM,Production volume,IX,Index,BTE,Industry (except construction),202006,June 2020,2020-03,,100.21,,A,Normal value,0,Units,1,One,2015,
DATAFLOW,OECD.SDD.STES:DSD_STES_REVISIONS@DF_STES_REVISIONS(4.0),Short-term economic statistics revisions,I,USA,United States,M,Monthly,PRVM,Production volume,IX,Index,BTE,Industry (except construction),202312,December 2023,2020-03,,96.81,,A,Normal value,0,Units,1,One,2015,
DATAFLOW,OECD.SDD.STES:DSD_STES_REVISIONS@DF_STES_REVISIONS(4.0),Short-term economic statistics revisions,I,USA,United States,M,Monthly,PRVM,Production volume,IX,Index,BTE,Industry (except construction),202209,September 2022,2020-03,,97.05,,A,Normal value,0,Units,1,One,2015,
DATAFLOW,OECD.SDD.STES:DSD_STES_REVISIONS@DF_STES_REVISIONS(4.0),Short-term economic statistics revisions,I,USA,United States,M,Monthly,PRVM,Production volume,IX,Index,BTE,Industry (except construction),202302,February 2023,2020-03,,97.05,,A,Normal value,0,Units,1,One,2015,
DATAFLOW,OECD.SDD.STES:DSD_STES_REVISIONS@DF_STES_REVISIONS(4.0),Short-term economic statistics revisions,I,USA,United States,M,Monthly,PRVM,Production volume,IX,Index,BTE,Industry (except construction),202207,July 2022,2020-03,,97.05,,A,Normal value,0,Units,1,One,2015,
DATAFLOW,OECD.SDD.STES:DSD_STES_REVISIONS@DF_STES_REVISIONS(4.0),Short-term economic statistics revisions,I,USA,United States,M,Monthly,PRVM,Production volume,IX,Index,BTE,Industry (except construction),202107,July 2021,2020-03,,100.39,,A,Normal value,0,Units,1,One,2015,
DATAFLOW,OECD.SDD.STES:DSD_STES_REVISIONS@DF_STES_REVISIONS(4.0),Short-term economic statistics revisions,I,USA,United States,M,Monthly,PRVM,Production volume,IX,Index,BTE,Industry (except construction),202309,September 2023,2020-03,,96.81,,A,Normal value,0,Units,1,One,2015,
DATAFLOW,OECD.SDD.STES:DSD_STES_REVISIONS@DF_STES_REVISIONS(4.0),Short-term economic statistics revisions,I,USA,United States,M,Monthly,PRVM,Production volume,IX,Index,BTE,Industry (except construction),202211,November 2022,2020-03,,97.05,,A,Normal value,0,Units,1,One,2015,
DATAFLOW,OECD.SDD.STES:DSD_STES_REVISIONS@DF_STES_REVISIONS(4.0),Short-term economic statistics revisions,I,USA,United States,M,Monthly,PRVM,Production volume,IX,Index,BTE,Industry (except construction),202012,December 2020,2020-03,,100.39,,A,Normal value,0,Units,1,One,2015,
DATAFLOW,OECD.SDD.STES:DSD_STES_REVISIONS@DF_STES_REVISIONS(4.0),Short-term economic statistics revisions,I,USA,United States,M,Monthly,PRVM,Production volume,IX,Index,BTE,Industry (except construction),202004,April 2020,2020-02,,105.28,,A,Normal value,0,Units,1,One,2015,
DATAFLOW,OECD.SDD.STES:DSD_STES_REVISIONS@DF_STES_REVISIONS(4.0),Short-term economic statistics revisions,I,USA,United States,M,Monthly,PRVM,Production volume,IX,Index,BTE,Industry (except construction),202012,December 2020,2020-02,,104.98,,A,Normal value,0,Units,1,One,2015,
DATAFLOW,OECD.SDD.STES:DSD_STES_REVISIONS@DF_STES_REVISIONS(4.0),Short-term economic statistics revisions,I,USA,United States,M,Monthly,PRVM,Production volume,IX,Index,BTE,Industry (except construction),202211,November 2022,2020-02,,100.85,,A,Normal value,0,Units,1,One,2015,
DATAFLOW,OECD.SDD.STES:DSD_STES_REVISIONS@DF_STES_REVISIONS(4.0),Short-term economic statistics revisions,I,USA,United States,M,Monthly,PRVM,Production volume,IX,Index,BTE,Industry (except construction),202309,September 2023,2020-02,,100.75,,A,Normal value,0,Units,1,One,2015,
DATAFLOW,OECD.SDD.STES:DSD_STES_REVISIONS@DF_STES_REVISIONS(4.0),Short-term economic statistics revisions,I,USA,United States,M,Monthly,PRVM,Production volume,IX,Index,BTE,Industry (except construction),202107,July 2021,2020-02,,104.98,,A,Normal value,0,Units,1,One,2015,
DATAFLOW,OECD.SDD.STES:DSD_STES_REVISIONS@DF_STES_REVISIONS(4.0),Short-term economic statistics revisions,I,USA,United States,M,Monthly,PRVM,Production volume,IX,Index,BTE,Industry (except construction),202207,July 2022,2020-02,,100.85,,A,Normal value,0,Units,1,One,2015,
DATAFLOW,OECD.SDD.STES:DSD_STES_REVISIONS@DF_STES_REVISIONS(4.0),Short-term economic statistics revisions,I,USA,United States,M,Monthly,PRVM,Production volume,IX,Index,BTE,Industry (except construction),202302,February 2023,2020-02,,100.85,,A,Normal value,0,Units,1,One,2015,
DATAFLOW,OECD.SDD.STES:DSD_STES_REVISIONS@DF_STES_REVISIONS(4.0),Short-term economic statistics revisions,I,USA,United States,M,Monthly,PRVM,Production volume,IX,Index,BTE,Industry (except construction),202209,September 2022,2020-02,,100.85,,A,Normal value,0,Units,1,One,2015,
DATAFLOW,OECD.SDD.STES:DSD_STES_REVISIONS@DF_STES_REVISIONS(4.0),Short-term economic statistics revisions,I,USA,United States,M,Monthly,PRVM,Production volume,IX,Index,BTE,Industry (except construction),202312,December 2023,2020-02,,100.75,,A,Normal value,0,Units,1,One,2015,
DATAFLOW,OECD.SDD.STES:DSD_STES_REVISIONS@DF_STES_REVISIONS(4.0),Short-term economic statistics revisions,I,USA,United States,M,Monthly,PRVM,Production volume,IX,Index,BTE,Industry (except construction),202006,June 2020,2020-02,,104.94,,A,Normal value,0,Units,1,One,2015,
DATAFLOW,OECD.SDD.STES:DSD_STES_REVISIONS@DF_STES_REVISIONS(4.0),Short-term economic statistics revisions,I,USA,United States,M,Monthly,PRVM,Production volume,IX,Index,BTE,Industry (except construction),202108,August 2021,2020-02,,100.43,,A,Normal value,0,Units,1,One,2015,
DATAFLOW,OECD.SDD.STES:DSD_STES_REVISIONS@DF_STES_REVISIONS(4.0),Short-term economic statistics revisions,I,USA,United States,M,Monthly,PRVM,Production volume,IX,Index,BTE,Industry (except construction),202304,April 2023,2020-02,,100.75,,A,Normal value,0,Units,1,One,2015,
DATAFLOW,OECD.SDD.STES:DSD_STES_REVISIONS@DF_STES_REVISIONS(4.0),Short-term economic statistics revisions,I,USA,United States,M,Monthly,PRVM,Production volume,IX,Index,BTE,Industry (except construction),202011,November 2020,2020-02,,104.98,,A,Normal value,0,Units,1,One,2015,
DATAFLOW,OECD.SDD.STES:DSD_STES_REVISIONS@DF_STES_REVISIONS(4.0),Short-term economic statistics revisions,I,USA,United States,M,Monthly,PRVM,Production volume,IX,Index,BTE,Industry (except construction),202210,October 2022,2020-02,,100.85,,A,Normal value,0,Units,1,One,2015,
DATAFLOW,OECD.SDD.STES:DSD_STES_REVISIONS@DF_STES_REVISIONS(4.0),Short-term economic statistics revisions,I,USA,United States,M,Monthly,PRVM,Production volume,IX,Index,BTE,Industry (except construction),202008,August 2020,2020-02,,105.01,,A,Normal value,0,Units,1,One,2015,
DATAFLOW,OECD.SDD.STES:DSD_STES_REVISIONS@DF_STES_REVISIONS(4.0),Short-term economic statistics revisions,I,USA,United States,M,Monthly,PRVM,Production volume,IX,Index,BTE,Industry (except construction),202308,August 2023,2020-02,,100.75,,A,Normal value,0,Units,1,One,2015,
DATAFLOW,OECD.SDD.STES:DSD_STES_REVISIONS@DF_STES_REVISIONS(4.0),Short-term economic statistics revisions,I,USA,United States,M,Monthly,PRVM,Production volume,IX,Index,BTE,Industry (except construction),202106,June 2021,2020-02,,104.98,,A,Normal value,0,Units,1,One,2015,
DATAFLOW,OECD.SDD.STES:DSD_STES_REVISIONS@DF_STES_REVISIONS(4.0),Short-term economic statistics revisions,I,USA,United States,M,Monthly,PRVM,Production volume,IX,Index,BTE,Industry (except construction),202201,January 2022,2020-02,,100.43,,A,Normal value,0,Units,1,One,2015,
DATAFLOW,OECD.SDD.STES:DSD_STES_REVISIONS@DF_STES_REVISIONS(4.0),Short-term economic statistics revisions,I,USA,United States,M,Monthly,PRVM,Production volume,IX,Index,BTE,Industry (except construction),202307,July 2023,2020-02,,100.75,,A,Normal value,0,Units,1,One,2015,
DATAFLOW,OECD.SDD.STES:DSD_STES_REVISIONS@DF_STES_REVISIONS(4.0),Short-term economic statistics revisions,I,USA,United States,M,Monthly,PRVM,Production volume,IX,Index,BTE,Industry (except construction),202111,November 2021,2020-02,,100.43,,A,Normal value,0,Units,1,One,2015,
DATAFLOW,OECD.SDD.STES:DSD_STES_REVISIONS@DF_STES_REVISIONS(4.0),Short-term economic statistics revisions,I,USA,United States,M,Monthly,PRVM,Production volume,IX,Index,BTE,Industry (except construction),202303,March 2023,2020-02,,100.85,,A,Normal value,0,Units,1,One,2015,
DATAFLOW,OECD.SDD.STES:DSD_STES_REVISIONS@DF_STES_REVISIONS(4.0),Short-term economic statistics revisions,I,USA,United States,M,Monthly,PRVM,Production volume,IX,Index,BTE,Industry (except construction),202301,January 2023,2020-02,,100.85,,A,Normal value,0,Units,1,One,2015,
DATAFLOW,OECD.SDD.STES:DSD_STES_REVISIONS@DF_STES_REVISIONS(4.0),Short-term economic statistics revisions,I,USA,United States,M,Monthly,PRVM,Production volume,IX,Index,BTE,Industry (except construction),202206,June 2022,2020-02,,100.43,,A,Normal value,0,Units,1,One,2015,
DATAFLOW,OECD.SDD.STES:DSD_STES_REVISIONS@DF_STES_REVISIONS(4.0),Short-term economic statistics revisions,I,USA,United States,M,Monthly,PRVM,Production volume,IX,Index,BTE,Industry (except construction),202009,September 2020,2020-02,,104.98,,A,Normal value,0,Units,1,One,2015,
DATAFLOW,OECD.SDD.STES:DSD_STES_REVISIONS@DF_STES_REVISIONS(4.0),Short-term economic statistics revisions,I,USA,United States,M,Monthly,PRVM,Production volume,IX,Index,BTE,Industry (except construction),202305,May 2023,2020-02,,100.75,,A,Normal value,0,Units,1,One,2015,
DATAFLOW,OECD.SDD.STES:DSD_STES_REVISIONS@DF_STES_REVISIONS(4.0),Short-term economic statistics revisions,I,USA,United States,M,Monthly,PRVM,Production volume,IX,Index,BTE,Industry (except construction),202307,July 2023,2020-08,,95.05,,A,Normal value,0,Units,1,One,2015,
DATAFLOW,OECD.SDD.STES:DSD_STES_REVISIONS@DF_STES_REVISIONS(4.0),Short-term economic statistics revisions,I,USA,United States,M,Monthly,PRVM,Production volume,IX,Index,BTE,Industry (except construction),202111,November 2021,2020-08,,95.05,,A,Normal value,0,Units,1,One,2015,
DATAFLOW,OECD.SDD.STES:DSD_STES_REVISIONS@DF_STES_REVISIONS(4.0),Short-term economic statistics revisions,I,USA,United States,M,Monthly,PRVM,Production volume,IX,Index,BTE,Industry (except construction),202303,March 2023,2020-08,,95.31,,A,Normal value,0,Units,1,One,2015,
DATAFLOW,OECD.SDD.STES:DSD_STES_REVISIONS@DF_STES_REVISIONS(4.0),Short-term economic statistics revisions,I,USA,United States,M,Monthly,PRVM,Production volume,IX,Index,BTE,Industry (except construction),202301,January 2023,2020-08,,95.31,,A,Normal value,0,Units,1,One,2015,
DATAFLOW,OECD.SDD.STES:DSD_STES_REVISIONS@DF_STES_REVISIONS(4.0),Short-term economic statistics revisions,I,USA,United States,M,Monthly,PRVM,Production volume,IX,Index,BTE,Industry (except construction),202206,June 2022,2020-08,,95.05,,A,Normal value,0,Units,1,One,2015,
DATAFLOW,OECD.SDD.STES:DSD_STES_REVISIONS@DF_STES_REVISIONS(4.0),Short-term economic statistics revisions,I,USA,United States,M,Monthly,PRVM,Production volume,IX,Index,BTE,Industry (except construction),202305,May 2023,2020-08,,95.05,,A,Normal value,0,Units,1,One,2015,
DATAFLOW,OECD.SDD.STES:DSD_STES_REVISIONS@DF_STES_REVISIONS(4.0),Short-term economic statistics revisions,I,USA,United States,M,Monthly,PRVM,Production volume,IX,Index,BTE,Industry (except construction),202101,January 2021,2020-08,,98.61,,A,Normal value,0,Units,1,One,2015,
DATAFLOW,OECD.SDD.STES:DSD_STES_REVISIONS@DF_STES_REVISIONS(4.0),Short-term economic statistics revisions,I,USA,United States,M,Monthly,PRVM,Production volume,IX,Index,BTE,Industry (except construction),202203,March 2022,2020-08,,95.05,,A,Normal value,0,Units,1,One,2015,
DATAFLOW,OECD.SDD.STES:DSD_STES_REVISIONS@DF_STES_REVISIONS(4.0),Short-term economic statistics revisions,I,USA,United States,M,Monthly,PRVM,Production volume,IX,Index,BTE,Industry (except construction),202205,May 2022,2020-08,,95.05,,A,Normal value,0,Units,1,One,2015,
DATAFLOW,OECD.SDD.STES:DSD_STES_REVISIONS@DF_STES_REVISIONS(4.0),Short-term economic statistics revisions,I,USA,United States,M,Monthly,PRVM,Production volume,IX,Index,BTE,Industry (except construction),202310,October 2023,2020-08,,95.05,,A,Normal value,0,Units,1,One,2015,
DATAFLOW,OECD.SDD.STES:DSD_STES_REVISIONS@DF_STES_REVISIONS(4.0),Short-term economic statistics revisions,I,USA,United States,M,Monthly,PRVM,Production volume,IX,Index,BTE,Industry (except construction),202110,October 2021,2020-08,,95.05,,A,Normal value,0,Units,1,One,2015,
DATAFLOW,OECD.SDD.STES:DSD_STES_REVISIONS@DF_STES_REVISIONS(4.0),Short-term economic statistics revisions,I,USA,United States,M,Monthly,PRVM,Production volume,IX,Index,BTE,Industry (except construction),202103,March 2021,2020-08,,98.83,,A,Normal value,0,Units,1,One,2015,
DATAFLOW,OECD.SDD.STES:DSD_STES_REVISIONS@DF_STES_REVISIONS(4.0),Short-term economic statistics revisions,I,USA,United States,M,Monthly,PRVM,Production volume,IX,Index,BTE,Industry (except construction),202306,June 2023,2020-08,,95.05,,A,Normal value,0,Units,1,One,2015,
DATAFLOW,OECD.SDD.STES:DSD_STES_REVISIONS@DF_STES_REVISIONS(4.0),Short-term economic statistics revisions,I,USA,United States,M,Monthly,PRVM,Production volume,IX,Index,BTE,Industry (except construction),202104,April 2021,2020-08,,98.83,,A,Normal value,0,Units,1,One,2015,
DATAFLOW,OECD.SDD.STES:DSD_STES_REVISIONS@DF_STES_REVISIONS(4.0),Short-term economic statistics revisions,I,USA,United States,M,Monthly,PRVM,Production volume,IX,Index,BTE,Industry (except construction),202105,May 2021,2020-08,,98.83,,A,Normal value,0,Units,1,One,2015,
DATAFLOW,OECD.SDD.STES:DSD_STES_REVISIONS@DF_STES_REVISIONS(4.0),Short-term economic statistics revisions,I,USA,United States,M,Monthly,PRVM,Production volume,IX,Index,BTE,Industry (except construction),202112,December 2021,2020-08,,95.05,,A,Normal value,0,Units,1,One,2015,
DATAFLOW,OECD.SDD.STES:DSD_STES_REVISIONS@DF_STES_REVISIONS(4.0),Short-term economic statistics revisions,I,USA,United States,M,Monthly,PRVM,Production volume,IX,Index,BTE,Industry (except construction),202208,August 2022,2020-08,,95.31,,A,Normal value,0,Units,1,One,2015,
DATAFLOW,OECD.SDD.STES:DSD_STES_REVISIONS@DF_STES_REVISIONS(4.0),Short-term economic statistics revisions,I,USA,United States,M,Monthly,PRVM,Production volume,IX,Index,BTE,Industry (except construction),202311,November 2023,2020-08,,95.05,,A,Normal value,0,Units,1,One,2015,
DATAFLOW,OECD.SDD.STES:DSD_STES_REVISIONS@DF_STES_REVISIONS(4.0),Short-term economic statistics revisions,I,USA,United States,M,Monthly,PRVM,Production volume,IX,Index,BTE,Industry (except construction),202212,December 2022,2020-08,,95.31,,A,Normal value,0,Units,1,One,2015,
DATAFLOW,OECD.SDD.STES:DSD_STES_REVISIONS@DF_STES_REVISIONS(4.0),Short-term economic statistics revisions,I,USA,United States,M,Monthly,PRVM,Production volume,IX,Index,BTE,Industry (except construction),202010,October 2020,2020-08,,97.36,,A,Normal value,0,Units,1,One,2015,
DATAFLOW,OECD.SDD.STES:DSD_STES_REVISIONS@DF_STES_REVISIONS(4.0),Short-term economic statistics revisions,I,USA,United States,M,Monthly,PRVM,Production volume,IX,Index,BTE,Industry (except construction),202102,February 2021,2020-08,,98.6,,A,Normal value,0,Units,1,One,2015,
DATAFLOW,OECD.SDD.STES:DSD_STES_REVISIONS@DF_STES_REVISIONS(4.0),Short-term economic statistics revisions,I,USA,United States,M,Monthly,PRVM,Production volume,IX,Index,BTE,Industry (except construction),202202,February 2022,2020-08,,95.05,,A,Normal value,0,Units,1,One,2015,
DATAFLOW,OECD.SDD.STES:DSD_STES_REVISIONS@DF_STES_REVISIONS(4.0),Short-term economic statistics revisions,I,USA,United States,M,Monthly,PRVM,Production volume,IX,Index,BTE,Industry (except construction),202109,September 2021,2020-08,,95.05,,A,Normal value,0,Units,1,One,2015,
DATAFLOW,OECD.SDD.STES:DSD_STES_REVISIONS@DF_STES_REVISIONS(4.0),Short-term economic statistics revisions,I,USA,United States,M,Monthly,PRVM,Production volume,IX,Index,BTE,Industry (except construction),202204,April 2022,2020-08,,95.05,,A,Normal value,0,Units,1,One,2015,
DATAFLOW,OECD.SDD.STES:DSD_STES_REVISIONS@DF_STES_REVISIONS(4.0),Short-term economic statistics revisions,I,USA,United States,M,Monthly,PRVM,Production volume,IX,Index,BTE,Industry (except construction),202204,April 2022,2020-07,,94.05,,A,Normal value,0,Units,1,One,2015,
DATAFLOW,OECD.SDD.STES:DSD_STES_REVISIONS@DF_STES_REVISIONS(4.0),Short-term economic statistics revisions,I,USA,United States,M,Monthly,PRVM,Production volume,IX,Index,BTE,Industry (except construction),202109,September 2021,2020-07,,94.05,,A,Normal value,0,Units,1,One,2015,
DATAFLOW,OECD.SDD.STES:DSD_STES_REVISIONS@DF_STES_REVISIONS(4.0),Short-term economic statistics revisions,I,USA,United States,M,Monthly,PRVM,Production volume,IX,Index,BTE,Industry (except construction),202202,February 2022,2020-07,,94.05,,A,Normal value,0,Units,1,One,2015,
DATAFLOW,OECD.SDD.STES:DSD_STES_REVISIONS@DF_STES_REVISIONS(4.0),Short-term economic statistics revisions,I,USA,United States,M,Monthly,PRVM,Production volume,IX,Index,BTE,Industry (except construction),202102,February 2021,2020-07,,97.88,,A,Normal value,0,Units,1,One,2015,
DATAFLOW,OECD.SDD.STES:DSD_STES_REVISIONS@DF_STES_REVISIONS(4.0),Short-term economic statistics revisions,I,USA,United States,M,Monthly,PRVM,Production volume,IX,Index,BTE,Industry (except construction),202010,October 2020,2020-07,,97,,A,Normal value,0,Units,1,One,2015,
DATAFLOW,OECD.SDD.STES:DSD_STES_REVISIONS@DF_STES_REVISIONS(4.0),Short-term economic statistics revisions,I,USA,United States,M,Monthly,PRVM,Production volume,IX,Index,BTE,Industry (except construction),202212,December 2022,2020-07,,94.44,,A,Normal value,0,Units,1,One,2015,
DATAFLOW,OECD.SDD.STES:DSD_STES_REVISIONS@DF_STES_REVISIONS(4.0),Short-term economic statistics revisions,I,USA,United States,M,Monthly,PRVM,Production volume,IX,Index,BTE,Industry (except construction),202311,November 2023,2020-07,,94.18,,A,Normal value,0,Units,1,One,2015,
DATAFLOW,OECD.SDD.STES:DSD_STES_REVISIONS@DF_STES_REVISIONS(4.0),Short-term economic statistics revisions,I,USA,United States,M,Monthly,PRVM,Production volume,IX,Index,BTE,Industry (except construction),202208,August 2022,2020-07,,94.44,,A,Normal value,0,Units,1,One,2015,
DATAFLOW,OECD.SDD.STES:DSD_STES_REVISIONS@DF_STES_REVISIONS(4.0),Short-term economic statistics revisions,I,USA,United States,M,Monthly,PRVM,Production volume,IX,Index,BTE,Industry (except construction),202112,December 2021,2020-07,,94.05,,A,Normal value,0,Units,1,One,2015,
DATAFLOW,OECD.SDD.STES:DSD_STES_REVISIONS@DF_STES_REVISIONS(4.0),Short-term economic statistics revisions,I,USA,United States,M,Monthly,PRVM,Production volume,IX,Index,BTE,Industry (except construction),202105,May 2021,2020-07,,97.88,,A,Normal value,0,Units,1,One,2015,
DATAFLOW,OECD.SDD.STES:DSD_STES_REVISIONS@DF_STES_REVISIONS(4.0),Short-term economic statistics revisions,I,USA,United States,M,Monthly,PRVM,Production volume,IX,Index,BTE,Industry (except construction),202104,April 2021,2020-07,,97.88,,A,Normal value,0,Units,1,One,2015,
DATAFLOW,OECD.SDD.STES:DSD_STES_REVISIONS@DF_STES_REVISIONS(4.0),Short-term economic statistics revisions,I,USA,United States,M,Monthly,PRVM,Production volume,IX,Index,BTE,Industry (except construction),202306,June 2023,2020-07,,94.18,,A,Normal value,0,Units,1,One,2015,
DATAFLOW,OECD.SDD.STES:DSD_STES_REVISIONS@DF_STES_REVISIONS(4.0),Short-term economic statistics revisions,I,USA,United States,M,Monthly,PRVM,Production volume,IX,Index,BTE,Industry (except construction),202103,March 2021,2020-07,,97.88,,A,Normal value,0,Units,1,One,2015,
DATAFLOW,OECD.SDD.STES:DSD_STES_REVISIONS@DF_STES_REVISIONS(4.0),Short-term economic statistics revisions,I,USA,United States,M,Monthly,PRVM,Production volume,IX,Index,BTE,Industry (except construction),202110,October 2021,2020-07,,94.05,,A,Normal value,0,Units,1,One,2015,
DATAFLOW,OECD.SDD.STES:DSD_STES_REVISIONS@DF_STES_REVISIONS(4.0),Short-term economic statistics revisions,I,USA,United States,M,Monthly,PRVM,Production volume,IX,Index,BTE,Industry (except construction),202310,October 2023,2020-07,,94.18,,A,Normal value,0,Units,1,One,2015,
DATAFLOW,OECD.SDD.STES:DSD_STES_REVISIONS@DF_STES_REVISIONS(4.0),Short-term economic statistics revisions,I,USA,United States,M,Monthly,PRVM,Production volume,IX,Index,BTE,Industry (except construction),202205,May 2022,2020-07,,94.05,,A,Normal value,0,Units,1,One,2015,
DATAFLOW,OECD.SDD.STES:DSD_STES_REVISIONS@DF_STES_REVISIONS(4.0),Short-term economic statistics revisions,I,USA,United States,M,Monthly,PRVM,Production volume,IX,Index,BTE,Industry (except construction),202203,March 2022,2020-07,,94.05,,A,Normal value,0,Units,1,One,2015,
DATAFLOW,OECD.SDD.STES:DSD_STES_REVISIONS@DF_STES_REVISIONS(4.0),Short-term economic statistics revisions,I,USA,United States,M,Monthly,PRVM,Production volume,IX,Index,BTE,Industry (except construction),202101,January 2021,2020-07,,97.87,,A,Normal value,0,Units,1,One,2015,
DATAFLOW,OECD.SDD.STES:DSD_STES_REVISIONS@DF_STES_REVISIONS(4.0),Short-term economic statistics revisions,I,USA,United States,M,Monthly,PRVM,Production volume,IX,Index,BTE,Industry (except construction),202305,May 2023,2020-07,,94.18,,A,Normal value,0,Units,1,One,2015,
DATAFLOW,OECD.SDD.STES:DSD_STES_REVISIONS@DF_STES_REVISIONS(4.0),Short-term economic statistics revisions,I,USA,United States,M,Monthly,PRVM,Production volume,IX,Index,BTE,Industry (except construction),202009,September 2020,2020-07,,96.21,,A,Normal value,0,Units,1,One,2015,
DATAFLOW,OECD.SDD.STES:DSD_STES_REVISIONS@DF_STES_REVISIONS(4.0),Short-term economic statistics revisions,I,USA,United States,M,Monthly,PRVM,Production volume,IX,Index,BTE,Industry (except construction),202206,June 2022,2020-07,,94.05,,A,Normal value,0,Units,1,One,2015,
DATAFLOW,OECD.SDD.STES:DSD_STES_REVISIONS@DF_STES_REVISIONS(4.0),Short-term economic statistics revisions,I,USA,United States,M,Monthly,PRVM,Production volume,IX,Index,BTE,Industry (except construction),202301,January 2023,2020-07,,94.44,,A,Normal value,0,Units,1,One,2015,
DATAFLOW,OECD.SDD.STES:DSD_STES_REVISIONS@DF_STES_REVISIONS(4.0),Short-term economic statistics revisions,I,USA,United States,M,Monthly,PRVM,Production volume,IX,Index,BTE,Industry (except construction),202303,March 2023,2020-07,,94.44,,A,Normal value,0,Units,1,One,2015,
DATAFLOW,OECD.SDD.STES:DSD_STES_REVISIONS@DF_STES_REVISIONS(4.0),Short-term economic statistics revisions,I,USA,United States,M,Monthly,PRVM,Production volume,IX,Index,BTE,Industry (except construction),202111,November 2021,2020-07,,94.05,,A,Normal value,0,Units,1,One,2015,
DATAFLOW,OECD.SDD.STES:DSD_STES_REVISIONS@DF_STES_REVISIONS(4.0),Short-term economic statistics revisions,I,USA,United States,M,Monthly,PRVM,Production volume,IX,Index,BTE,Industry (except construction),202307,July 2023,2020-07,,94.18,,A,Normal value,0,Units,1,One,2015,
DATAFLOW,OECD.SDD.STES:DSD_STES_REVISIONS@DF_STES_REVISIONS(4.0),Short-term economic statistics revisions,I,USA,United States,M,Monthly,PRVM,Production volume,IX,Index,BTE,Industry (except construction),202201,January 2022,2020-07,,94.05,,A,Normal value,0,Units,1,One,2015,
DATAFLOW,OECD.SDD.STES:DSD_STES_REVISIONS@DF_STES_REVISIONS(4.0),Short-term economic statistics revisions,I,USA,United States,M,Monthly,PRVM,Production volume,IX,Index,BTE,Industry (except construction),202106,June 2021,2020-07,,97.88,,A,Normal value,0,Units,1,One,2015,
DATAFLOW,OECD.SDD.STES:DSD_STES_REVISIONS@DF_STES_REVISIONS(4.0),Short-term economic statistics revisions,I,USA,United States,M,Monthly,PRVM,Production volume,IX,Index,BTE,Industry (except construction),202308,August 2023,2020-07,,94.18,,A,Normal value,0,Units,1,One,2015,
DATAFLOW,OECD.SDD.STES:DSD_STES_REVISIONS@DF_STES_REVISIONS(4.0),Short-term economic statistics revisions,I,USA,United States,M,Monthly,PRVM,Production volume,IX,Index,BTE,Industry (except construction),202210,October 2022,2020-07,,94.44,,A,Normal value,0,Units,1,One,2015,
DATAFLOW,OECD.SDD.STES:DSD_STES_REVISIONS@DF_STES_REVISIONS(4.0),Short-term economic statistics revisions,I,USA,United States,M,Monthly,PRVM,Production volume,IX,Index,BTE,Industry (except construction),202011,November 2020,2020-07,,97.68,,A,Normal value,0,Units,1,One,2015,
DATAFLOW,OECD.SDD.STES:DSD_STES_REVISIONS@DF_STES_REVISIONS(4.0),Short-term economic statistics revisions,I,USA,United States,M,Monthly,PRVM,Production volume,IX,Index,BTE,Industry (except construction),202304,April 2023,2020-07,,94.18,,A,Normal value,0,Units,1,One,2015,
DATAFLOW,OECD.SDD.STES:DSD_STES_REVISIONS@DF_STES_REVISIONS(4.0),Short-term economic statistics revisions,I,USA,United States,M,Monthly,PRVM,Production volume,IX,Index,BTE,Industry (except construction),202108,August 2021,2020-07,,94.05,,A,Normal value,0,Units,1,One,2015,
DATAFLOW,OECD.SDD.STES:DSD_STES_REVISIONS@DF_STES_REVISIONS(4.0),Short-term economic statistics revisions,I,USA,United States,M,Monthly,PRVM,Production volume,IX,Index,BTE,Industry (except construction),202312,December 2023,2020-07,,94.18,,A,Normal value,0,Units,1,One,2015,
DATAFLOW,OECD.SDD.STES:DSD_STES_REVISIONS@DF_STES_REVISIONS(4.0),Short-term economic statistics revisions,I,USA,United States,M,Monthly,PRVM,Production volume,IX,Index,BTE,Industry (except construction),202209,September 2022,2020-07,,94.44,,A,Normal value,0,Units,1,One,2015,
DATAFLOW,OECD.SDD.STES:DSD_STES_REVISIONS@DF_STES_REVISIONS(4.0),Short-term economic statistics revisions,I,USA,United States,M,Monthly,PRVM,Production volume,IX,Index,BTE,Industry (except construction),202302,February 2023,2020-07,,94.44,,A,Normal value,0,Units,1,One,2015,
DATAFLOW,OECD.SDD.STES:DSD_STES_REVISIONS@DF_STES_REVISIONS(4.0),Short-term economic statistics revisions,I,USA,United States,M,Monthly,PRVM,Production volume,IX,Index,BTE,Industry (except construction),202207,July 2022,2020-07,,94.44,,A,Normal value,0,Units,1,One,2015,
DATAFLOW,OECD.SDD.STES:DSD_STES_REVISIONS@DF_STES_REVISIONS(4.0),Short-term economic statistics revisions,I,USA,United States,M,Monthly,PRVM,Production volume,IX,Index,BTE,Industry (except construction),202107,July 2021,2020-07,,97.88,,A,Normal value,0,Units,1,One,2015,
DATAFLOW,OECD.SDD.STES:DSD_STES_REVISIONS@DF_STES_REVISIONS(4.0),Short-term economic statistics revisions,I,USA,United States,M,Monthly,PRVM,Production volume,IX,Index,BTE,Industry (except construction),202309,September 2023,2020-07,,94.18,,A,Normal value,0,Units,1,One,2015,
DATAFLOW,OECD.SDD.STES:DSD_STES_REVISIONS@DF_STES_REVISIONS(4.0),Short-term economic statistics revisions,I,USA,United States,M,Monthly,PRVM,Production volume,IX,Index,BTE,Industry (except construction),202211,November 2022,2020-07,,94.44,,A,Normal value,0,Units,1,One,2015,
DATAFLOW,OECD.SDD.STES:DSD_STES_REVISIONS@DF_STES_REVISIONS(4.0),Short-term economic statistics revisions,I,USA,United States,M,Monthly,PRVM,Production volume,IX,Index,BTE,Industry (except construction),202012,December 2020,2020-07,,97.73,,A,Normal value,0,Units,1,One,2015,
DATAFLOW,OECD.SDD.STES:DSD_STES_REVISIONS@DF_STES_REVISIONS(4.0),Short-term economic statistics revisions,I,USA,United States,M,Monthly,PRVM,Production volume,IX,Index,BTE,Industry (except construction),202204,April 2022,2020-06,,90.36,,A,Normal value,0,Units,1,One,2015,
DATAFLOW,OECD.SDD.STES:DSD_STES_REVISIONS@DF_STES_REVISIONS(4.0),Short-term economic statistics revisions,I,USA,United States,M,Monthly,PRVM,Production volume,IX,Index,BTE,Industry (except construction),202109,September 2021,2020-06,,90.36,,A,Normal value,0,Units,1,One,2015,
DATAFLOW,OECD.SDD.STES:DSD_STES_REVISIONS@DF_STES_REVISIONS(4.0),Short-term economic statistics revisions,I,USA,United States,M,Monthly,PRVM,Production volume,IX,Index,BTE,Industry (except construction),202202,February 2022,2020-06,,90.36,,A,Normal value,0,Units,1,One,2015,
DATAFLOW,OECD.SDD.STES:DSD_STES_REVISIONS@DF_STES_REVISIONS(4.0),Short-term economic statistics revisions,I,USA,United States,M,Monthly,PRVM,Production volume,IX,Index,BTE,Industry (except construction),202102,February 2021,2020-06,,93.94,,A,Normal value,0,Units,1,One,2015,
DATAFLOW,OECD.SDD.STES:DSD_STES_REVISIONS@DF_STES_REVISIONS(4.0),Short-term economic statistics revisions,I,USA,United States,M,Monthly,PRVM,Production volume,IX,Index,BTE,Industry (except construction),202010,October 2020,2020-06,,93.69,,A,Normal value,0,Units,1,One,2015,
DATAFLOW,OECD.SDD.STES:DSD_STES_REVISIONS@DF_STES_REVISIONS(4.0),Short-term economic statistics revisions,I,USA,United States,M,Monthly,PRVM,Production volume,IX,Index,BTE,Industry (except construction),202212,December 2022,2020-06,,90.98,,A,Normal value,0,Units,1,One,2015,
DATAFLOW,OECD.SDD.STES:DSD_STES_REVISIONS@DF_STES_REVISIONS(4.0),Short-term economic statistics revisions,I,USA,United States,M,Monthly,PRVM,Production volume,IX,Index,BTE,Industry (except construction),202311,November 2023,2020-06,,90.76,,A,Normal value,0,Units,1,One,2015,
DATAFLOW,OECD.SDD.STES:DSD_STES_REVISIONS@DF_STES_REVISIONS(4.0),Short-term economic statistics revisions,I,USA,United States,M,Monthly,PRVM,Production volume,IX,Index,BTE,Industry (except construction),202208,August 2022,2020-06,,90.98,,A,Normal value,0,Units,1,One,2015,
DATAFLOW,OECD.SDD.STES:DSD_STES_REVISIONS@DF_STES_REVISIONS(4.0),Short-term economic statistics revisions,I,USA,United States,M,Monthly,PRVM,Production volume,IX,Index,BTE,Industry (except construction),202112,December 2021,2020-06,,90.36,,A,Normal value,0,Units,1,One,2015,
DATAFLOW,OECD.SDD.STES:DSD_STES_REVISIONS@DF_STES_REVISIONS(4.0),Short-term economic statistics revisions,I,USA,United States,M,Monthly,PRVM,Production volume,IX,Index,BTE,Industry (except construction),202105,May 2021,2020-06,,93.94,,A,Normal value,0,Units,1,One,2015,
DATAFLOW,OECD.SDD.STES:DSD_STES_REVISIONS@DF_STES_REVISIONS(4.0),Short-term economic statistics revisions,I,USA,United States,M,Monthly,PRVM,Production volume,IX,Index,BTE,Industry (except construction),202104,April 2021,2020-06,,93.94,,A,Normal value,0,Units,1,One,2015,
DATAFLOW,OECD.SDD.STES:DSD_STES_REVISIONS@DF_STES_REVISIONS(4.0),Short-term economic statistics revisions,I,USA,United States,M,Monthly,PRVM,Production volume,IX,Index,BTE,Industry (except construction),202306,June 2023,2020-06,,90.76,,A,Normal value,0,Units,1,One,2015,
DATAFLOW,OECD.SDD.STES:DSD_STES_REVISIONS@DF_STES_REVISIONS(4.0),Short-term economic statistics revisions,I,USA,United States,M,Monthly,PRVM,Production volume,IX,Index,BTE,Industry (except construction),202103,March 2021,2020-06,,93.94,,A,Normal value,0,Units,1,One,2015,
DATAFLOW,OECD.SDD.STES:DSD_STES_REVISIONS@DF_STES_REVISIONS(4.0),Short-term economic statistics revisions,I,USA,United States,M,Monthly,PRVM,Production volume,IX,Index,BTE,Industry (except construction),202110,October 2021,2020-06,,90.36,,A,Normal value,0,Units,1,One,2015,
DATAFLOW,OECD.SDD.STES:DSD_STES_REVISIONS@DF_STES_REVISIONS(4.0),Short-term economic statistics revisions,I,USA,United States,M,Monthly,PRVM,Production volume,IX,Index,BTE,Industry (except construction),202310,October 2023,2020-06,,90.76,,A,Normal value,0,Units,1,One,2015,
DATAFLOW,OECD.SDD.STES:DSD_STES_REVISIONS@DF_STES_REVISIONS(4.0),Short-term economic statistics revisions,I,USA,United States,M,Monthly,PRVM,Production volume,IX,Index,BTE,Industry (except construction),202205,May 2022,2020-06,,90.36,,A,Normal value,0,Units,1,One,2015,
DATAFLOW,OECD.SDD.STES:DSD_STES_REVISIONS@DF_STES_REVISIONS(4.0),Short-term economic statistics revisions,I,USA,United States,M,Monthly,PRVM,Production volume,IX,Index,BTE,Industry (except construction),202203,March 2022,2020-06,,90.36,,A,Normal value,0,Units,1,One,2015,
DATAFLOW,OECD.SDD.STES:DSD_STES_REVISIONS@DF_STES_REVISIONS(4.0),Short-term economic statistics revisions,I,USA,United States,M,Monthly,PRVM,Production volume,IX,Index,BTE,Industry (except construction),202101,January 2021,2020-06,,93.94,,A,Normal value,0,Units,1,One,2015,
DATAFLOW,OECD.SDD.STES:DSD_STES_REVISIONS@DF_STES_REVISIONS(4.0),Short-term economic statistics revisions,I,USA,United States,M,Monthly,PRVM,Production volume,IX,Index,BTE,Industry (except construction),202305,May 2023,2020-06,,90.76,,A,Normal value,0,Units,1,One,2015,
DATAFLOW,OECD.SDD.STES:DSD_STES_REVISIONS@DF_STES_REVISIONS(4.0),Short-term economic statistics revisions,I,USA,United States,M,Monthly,PRVM,Production volume,IX,Index,BTE,Industry (except construction),202009,September 2020,2020-06,,93.38,,A,Normal value,0,Units,1,One,2015,
DATAFLOW,OECD.SDD.STES:DSD_STES_REVISIONS@DF_STES_REVISIONS(4.0),Short-term economic statistics revisions,I,USA,United States,M,Monthly,PRVM,Production volume,IX,Index,BTE,Industry (except construction),202206,June 2022,2020-06,,90.36,,A,Normal value,0,Units,1,One,2015,
DATAFLOW,OECD.SDD.STES:DSD_STES_REVISIONS@DF_STES_REVISIONS(4.0),Short-term economic statistics revisions,I,USA,United States,M,Monthly,PRVM,Production volume,IX,Index,BTE,Industry (except construction),202301,January 2023,2020-06,,90.98,,A,Normal value,0,Units,1,One,2015,
DATAFLOW,OECD.SDD.STES:DSD_STES_REVISIONS@DF_STES_REVISIONS(4.0),Short-term economic statistics revisions,I,USA,United States,M,Monthly,PRVM,Production volume,IX,Index,BTE,Industry (except construction),202303,March 2023,2020-06,,90.98,,A,Normal value,0,Units,1,One,2015,
DATAFLOW,OECD.SDD.STES:DSD_STES_REVISIONS@DF_STES_REVISIONS(4.0),Short-term economic statistics revisions,I,USA,United States,M,Monthly,PRVM,Production volume,IX,Index,BTE,Industry (except construction),202111,November 2021,2020-06,,90.36,,A,Normal value,0,Units,1,One,2015,
DATAFLOW,OECD.SDD.STES:DSD_STES_REVISIONS@DF_STES_REVISIONS(4.0),Short-term economic statistics revisions,I,USA,United States,M,Monthly,PRVM,Production volume,IX,Index,BTE,Industry (except construction),202307,July 2023,2020-06,,90.76,,A,Normal value,0,Units,1,One,2015,
DATAFLOW,OECD.SDD.STES:DSD_STES_REVISIONS@DF_STES_REVISIONS(4.0),Short-term economic statistics revisions,I,USA,United States,M,Monthly,PRVM,Production volume,IX,Index,BTE,Industry (except construction),202201,January 2022,2020-06,,90.36,,A,Normal value,0,Units,1,One,2015,
DATAFLOW,OECD.SDD.STES:DSD_STES_REVISIONS@DF_STES_REVISIONS(4.0),Short-term economic statistics revisions,I,USA,United States,M,Monthly,PRVM,Production volume,IX,Index,BTE,Industry (except construction),202106,June 2021,2020-06,,93.94,,A,Normal value,0,Units,1,One,2015,
DATAFLOW,OECD.SDD.STES:DSD_STES_REVISIONS@DF_STES_REVISIONS(4.0),Short-term economic statistics revisions,I,USA,United States,M,Monthly,PRVM,Production volume,IX,Index,BTE,Industry (except construction),202308,August 2023,2020-06,,90.76,,A,Normal value,0,Units,1,One,2015,
DATAFLOW,OECD.SDD.STES:DSD_STES_REVISIONS@DF_STES_REVISIONS(4.0),Short-term economic statistics revisions,I,USA,United States,M,Monthly,PRVM,Production volume,IX,Index,BTE,Industry (except construction),202008,August 2020,2020-06,,93.61,,A,Normal value,0,Units,1,One,2015,
DATAFLOW,OECD.SDD.STES:DSD_STES_REVISIONS@DF_STES_REVISIONS(4.0),Short-term economic statistics revisions,I,USA,United States,M,Monthly,PRVM,Production volume,IX,Index,BTE,Industry (except construction),202011,November 2020,2020-06,,93.75,,A,Normal value,0,Units,1,One,2015,
DATAFLOW,OECD.SDD.STES:DSD_STES_REVISIONS@DF_STES_REVISIONS(4.0),Short-term economic statistics revisions,I,USA,United States,M,Monthly,PRVM,Production volume,IX,Index,BTE,Industry (except construction),202210,October 2022,2020-06,,90.98,,A,Normal value,0,Units,1,One,2015,
DATAFLOW,OECD.SDD.STES:DSD_STES_REVISIONS@DF_STES_REVISIONS(4.0),Short-term economic statistics revisions,I,USA,United States,M,Monthly,PRVM,Production volume,IX,Index,BTE,Industry (except construction),202304,April 2023,2020-06,,90.76,,A,Normal value,0,Units,1,One,2015,
DATAFLOW,OECD.SDD.STES:DSD_STES_REVISIONS@DF_STES_REVISIONS(4.0),Short-term economic statistics revisions,I,USA,United States,M,Monthly,PRVM,Production volume,IX,Index,BTE,Industry (except construction),202108,August 2021,2020-06,,90.36,,A,Normal value,0,Units,1,One,2015,
DATAFLOW,OECD.SDD.STES:DSD_STES_REVISIONS@DF_STES_REVISIONS(4.0),Short-term economic statistics revisions,I,USA,United States,M,Monthly,PRVM,Production volume,IX,Index,BTE,Industry (except construction),202312,December 2023,2020-06,,90.76,,A,Normal value,0,Units,1,One,2015,
DATAFLOW,OECD.SDD.STES:DSD_STES_REVISIONS@DF_STES_REVISIONS(4.0),Short-term economic statistics revisions,I,USA,United States,M,Monthly,PRVM,Production volume,IX,Index,BTE,Industry (except construction),202209,September 2022,2020-06,,90.98,,A,Normal value,0,Units,1,One,2015,
DATAFLOW,OECD.SDD.STES:DSD_STES_REVISIONS@DF_STES_REVISIONS(4.0),Short-term economic statistics revisions,I,USA,United States,M,Monthly,PRVM,Production volume,IX,Index,BTE,Industry (except construction),202207,July 2022,2020-06,,90.98,,A,Normal value,0,Units,1,One,2015,
DATAFLOW,OECD.SDD.STES:DSD_STES_REVISIONS@DF_STES_REVISIONS(4.0),Short-term economic statistics revisions,I,USA,United States,M,Monthly,PRVM,Production volume,IX,Index,BTE,Industry (except construction),202302,February 2023,2020-06,,90.98,,A,Normal value,0,Units,1,One,2015,
DATAFLOW,OECD.SDD.STES:DSD_STES_REVISIONS@DF_STES_REVISIONS(4.0),Short-term economic statistics revisions,I,USA,United States,M,Monthly,PRVM,Production volume,IX,Index,BTE,Industry (except construction),202107,July 2021,2020-06,,93.94,,A,Normal value,0,Units,1,One,2015,
DATAFLOW,OECD.SDD.STES:DSD_STES_REVISIONS@DF_STES_REVISIONS(4.0),Short-term economic statistics revisions,I,USA,United States,M,Monthly,PRVM,Production volume,IX,Index,BTE,Industry (except construction),202211,November 2022,2020-06,,90.98,,A,Normal value,0,Units,1,One,2015,
DATAFLOW,OECD.SDD.STES:DSD_STES_REVISIONS@DF_STES_REVISIONS(4.0),Short-term economic statistics revisions,I,USA,United States,M,Monthly,PRVM,Production volume,IX,Index,BTE,Industry (except construction),202309,September 2023,2020-06,,90.76,,A,Normal value,0,Units,1,One,2015,
DATAFLOW,OECD.SDD.STES:DSD_STES_REVISIONS@DF_STES_REVISIONS(4.0),Short-term economic statistics revisions,I,USA,United States,M,Monthly,PRVM,Production volume,IX,Index,BTE,Industry (except construction),202012,December 2020,2020-06,,93.75,,A,Normal value,0,Units,1,One,2015,
DATAFLOW,OECD.SDD.STES:DSD_STES_REVISIONS@DF_STES_REVISIONS(4.0),Short-term economic statistics revisions,I,USA,United States,M,Monthly,PRVM,Production volume,IX,Index,BTE,Industry (except construction),202012,December 2020,2020-05,,88.43,,A,Normal value,0,Units,1,One,2015,
DATAFLOW,OECD.SDD.STES:DSD_STES_REVISIONS@DF_STES_REVISIONS(4.0),Short-term economic statistics revisions,I,USA,United States,M,Monthly,PRVM,Production volume,IX,Index,BTE,Industry (except construction),202309,September 2023,2020-05,,85.22,,A,Normal value,0,Units,1,One,2015,
DATAFLOW,OECD.SDD.STES:DSD_STES_REVISIONS@DF_STES_REVISIONS(4.0),Short-term economic statistics revisions,I,USA,United States,M,Monthly,PRVM,Production volume,IX,Index,BTE,Industry (except construction),202211,November 2022,2020-05,,85.61,,A,Normal value,0,Units,1,One,2015,
DATAFLOW,OECD.SDD.STES:DSD_STES_REVISIONS@DF_STES_REVISIONS(4.0),Short-term economic statistics revisions,I,USA,United States,M,Monthly,PRVM,Production volume,IX,Index,BTE,Industry (except construction),202107,July 2021,2020-05,,88.43,,A,Normal value,0,Units,1,One,2015,
DATAFLOW,OECD.SDD.STES:DSD_STES_REVISIONS@DF_STES_REVISIONS(4.0),Short-term economic statistics revisions,I,USA,United States,M,Monthly,PRVM,Production volume,IX,Index,BTE,Industry (except construction),202302,February 2023,2020-05,,85.61,,A,Normal value,0,Units,1,One,2015,
DATAFLOW,OECD.SDD.STES:DSD_STES_REVISIONS@DF_STES_REVISIONS(4.0),Short-term economic statistics revisions,I,USA,United States,M,Monthly,PRVM,Production volume,IX,Index,BTE,Industry (except construction),202207,July 2022,2020-05,,85.61,,A,Normal value,0,Units,1,One,2015,
DATAFLOW,OECD.SDD.STES:DSD_STES_REVISIONS@DF_STES_REVISIONS(4.0),Short-term economic statistics revisions,I,USA,United States,M,Monthly,PRVM,Production volume,IX,Index,BTE,Industry (except construction),202209,September 2022,2020-05,,85.61,,A,Normal value,0,Units,1,One,2015,
DATAFLOW,OECD.SDD.STES:DSD_STES_REVISIONS@DF_STES_REVISIONS(4.0),Short-term economic statistics revisions,I,USA,United States,M,Monthly,PRVM,Production volume,IX,Index,BTE,Industry (except construction),202312,December 2023,2020-05,,85.22,,A,Normal value,0,Units,1,One,2015,
DATAFLOW,OECD.SDD.STES:DSD_STES_REVISIONS@DF_STES_REVISIONS(4.0),Short-term economic statistics revisions,I,USA,United States,M,Monthly,PRVM,Production volume,IX,Index,BTE,Industry (except construction),202108,August 2021,2020-05,,85.09,,A,Normal value,0,Units,1,One,2015,
DATAFLOW,OECD.SDD.STES:DSD_STES_REVISIONS@DF_STES_REVISIONS(4.0),Short-term economic statistics revisions,I,USA,United States,M,Monthly,PRVM,Production volume,IX,Index,BTE,Industry (except construction),202304,April 2023,2020-05,,85.22,,A,Normal value,0,Units,1,One,2015,
DATAFLOW,OECD.SDD.STES:DSD_STES_REVISIONS@DF_STES_REVISIONS(4.0),Short-term economic statistics revisions,I,USA,United States,M,Monthly,PRVM,Production volume,IX,Index,BTE,Industry (except construction),202210,October 2022,2020-05,,85.61,,A,Normal value,0,Units,1,One,2015,
DATAFLOW,OECD.SDD.STES:DSD_STES_REVISIONS@DF_STES_REVISIONS(4.0),Short-term economic statistics revisions,I,USA,United States,M,Monthly,PRVM,Production volume,IX,Index,BTE,Industry (except construction),202011,November 2020,2020-05,,88.3,,A,Normal value,0,Units,1,One,2015,
DATAFLOW,OECD.SDD.STES:DSD_STES_REVISIONS@DF_STES_REVISIONS(4.0),Short-term economic statistics revisions,I,USA,United States,M,Monthly,PRVM,Production volume,IX,Index,BTE,Industry (except construction),202008,August 2020,2020-05,,88.8,,A,Normal value,0,Units,1,One,2015,
DATAFLOW,OECD.SDD.STES:DSD_STES_REVISIONS@DF_STES_REVISIONS(4.0),Short-term economic statistics revisions,I,USA,United States,M,Monthly,PRVM,Production volume,IX,Index,BTE,Industry (except construction),202308,August 2023,2020-05,,85.22,,A,Normal value,0,Units,1,One,2015,
DATAFLOW,OECD.SDD.STES:DSD_STES_REVISIONS@DF_STES_REVISIONS(4.0),Short-term economic statistics revisions,I,USA,United States,M,Monthly,PRVM,Production volume,IX,Index,BTE,Industry (except construction),202106,June 2021,2020-05,,88.43,,A,Normal value,0,Units,1,One,2015,
DATAFLOW,OECD.SDD.STES:DSD_STES_REVISIONS@DF_STES_REVISIONS(4.0),Short-term economic statistics revisions,I,USA,United States,M,Monthly,PRVM,Production volume,IX,Index,BTE,Industry (except construction),202201,January 2022,2020-05,,85.09,,A,Normal value,0,Units,1,One,2015,
DATAFLOW,OECD.SDD.STES:DSD_STES_REVISIONS@DF_STES_REVISIONS(4.0),Short-term economic statistics revisions,I,USA,United States,M,Monthly,PRVM,Production volume,IX,Index,BTE,Industry (except construction),202307,July 2023,2020-05,,85.22,,A,Normal value,0,Units,1,One,2015,
DATAFLOW,OECD.SDD.STES:DSD_STES_REVISIONS@DF_STES_REVISIONS(4.0),Short-term economic statistics revisions,I,USA,United States,M,Monthly,PRVM,Production volume,IX,Index,BTE,Industry (except construction),202111,November 2021,2020-05,,85.09,,A,Normal value,0,Units,1,One,2015,
DATAFLOW,OECD.SDD.STES:DSD_STES_REVISIONS@DF_STES_REVISIONS(4.0),Short-term economic statistics revisions,I,USA,United States,M,Monthly,PRVM,Production volume,IX,Index,BTE,Industry (except construction),202303,March 2023,2020-05,,85.61,,A,Normal value,0,Units,1,One,2015,
DATAFLOW,OECD.SDD.STES:DSD_STES_REVISIONS@DF_STES_REVISIONS(4.0),Short-term economic statistics revisions,I,USA,United States,M,Monthly,PRVM,Production volume,IX,Index,BTE,Industry (except construction),202301,January 2023,2020-05,,85.61,,A,Normal value,0,Units,1,One,2015,
DATAFLOW,OECD.SDD.STES:DSD_STES_REVISIONS@DF_STES_REVISIONS(4.0),Short-term economic statistics revisions,I,USA,United States,M,Monthly,PRVM,Production volume,IX,Index,BTE,Industry (except construction),202206,June 2022,2020-05,,85.09,,A,Normal value,0,Units,1,One,2015,
DATAFLOW,OECD.SDD.STES:DSD_STES_REVISIONS@DF_STES_REVISIONS(4.0),Short-term economic statistics revisions,I,USA,United States,M,Monthly,PRVM,Production volume,IX,Index,BTE,Industry (except construction),202009,September 2020,2020-05,,88.38,,A,Normal value,0,Units,1,One,2015,
DATAFLOW,OECD.SDD.STES:DSD_STES_REVISIONS@DF_STES_REVISIONS(4.0),Short-term economic statistics revisions,I,USA,United States,M,Monthly,PRVM,Production volume,IX,Index,BTE,Industry (except construction),202305,May 2023,2020-05,,85.22,,A,Normal value,0,Units,1,One,2015,
DATAFLOW,OECD.SDD.STES:DSD_STES_REVISIONS@DF_STES_REVISIONS(4.0),Short-term economic statistics revisions,I,USA,United States,M,Monthly,PRVM,Production volume,IX,Index,BTE,Industry (except construction),202101,January 2021,2020-05,,88.43,,A,Normal value,0,Units,1,One,2015,
DATAFLOW,OECD.SDD.STES:DSD_STES_REVISIONS@DF_STES_REVISIONS(4.0),Short-term economic statistics revisions,I,USA,United States,M,Monthly,PRVM,Production volume,IX,Index,BTE,Industry (except construction),202203,March 2022,2020-05,,85.09,,A,Normal value,0,Units,1,One,2015,
DATAFLOW,OECD.SDD.STES:DSD_STES_REVISIONS@DF_STES_REVISIONS(4.0),Short-term economic statistics revisions,I,USA,United States,M,Monthly,PRVM,Production volume,IX,Index,BTE,Industry (except construction),202205,May 2022,2020-05,,85.09,,A,Normal value,0,Units,1,One,2015,
DATAFLOW,OECD.SDD.STES:DSD_STES_REVISIONS@DF_STES_REVISIONS(4.0),Short-term economic statistics revisions,I,USA,United States,M,Monthly,PRVM,Production volume,IX,Index,BTE,Industry (except construction),202310,October 2023,2020-05,,85.22,,A,Normal value,0,Units,1,One,2015,
DATAFLOW,OECD.SDD.STES:DSD_STES_REVISIONS@DF_STES_REVISIONS(4.0),Short-term economic statistics revisions,I,USA,United States,M,Monthly,PRVM,Production volume,IX,Index,BTE,Industry (except construction),202110,October 2021,2020-05,,85.09,,A,Normal value,0,Units,1,One,2015,
DATAFLOW,OECD.SDD.STES:DSD_STES_REVISIONS@DF_STES_REVISIONS(4.0),Short-term economic statistics revisions,I,USA,United States,M,Monthly,PRVM,Production volume,IX,Index,BTE,Industry (except construction),202103,March 2021,2020-05,,88.43,,A,Normal value,0,Units,1,One,2015,
DATAFLOW,OECD.SDD.STES:DSD_STES_REVISIONS@DF_STES_REVISIONS(4.0),Short-term economic statistics revisions,I,USA,United States,M,Monthly,PRVM,Production volume,IX,Index,BTE,Industry (except construction),202306,June 2023,2020-05,,85.22,,A,Normal value,0,Units,1,One,2015,
DATAFLOW,OECD.SDD.STES:DSD_STES_REVISIONS@DF_STES_REVISIONS(4.0),Short-term economic statistics revisions,I,USA,United States,M,Monthly,PRVM,Production volume,IX,Index,BTE,Industry (except construction),202007,July 2020,2020-05,,88.9,,A,Normal value,0,Units,1,One,2015,
DATAFLOW,OECD.SDD.STES:DSD_STES_REVISIONS@DF_STES_REVISIONS(4.0),Short-term economic statistics revisions,I,USA,United States,M,Monthly,PRVM,Production volume,IX,Index,BTE,Industry (except construction),202104,April 2021,2020-05,,88.43,,A,Normal value,0,Units,1,One,2015,
DATAFLOW,OECD.SDD.STES:DSD_STES_REVISIONS@DF_STES_REVISIONS(4.0),Short-term economic statistics revisions,I,USA,United States,M,Monthly,PRVM,Production volume,IX,Index,BTE,Industry (except construction),202105,May 2021,2020-05,,88.43,,A,Normal value,0,Units,1,One,2015,
DATAFLOW,OECD.SDD.STES:DSD_STES_REVISIONS@DF_STES_REVISIONS(4.0),Short-term economic statistics revisions,I,USA,United States,M,Monthly,PRVM,Production volume,IX,Index,BTE,Industry (except construction),202112,December 2021,2020-05,,85.09,,A,Normal value,0,Units,1,One,2015,
DATAFLOW,OECD.SDD.STES:DSD_STES_REVISIONS@DF_STES_REVISIONS(4.0),Short-term economic statistics revisions,I,USA,United States,M,Monthly,PRVM,Production volume,IX,Index,BTE,Industry (except construction),202208,August 2022,2020-05,,85.61,,A,Normal value,0,Units,1,One,2015,
DATAFLOW,OECD.SDD.STES:DSD_STES_REVISIONS@DF_STES_REVISIONS(4.0),Short-term economic statistics revisions,I,USA,United States,M,Monthly,PRVM,Production volume,IX,Index,BTE,Industry (except construction),202311,November 2023,2020-05,,85.22,,A,Normal value,0,Units,1,One,2015,
DATAFLOW,OECD.SDD.STES:DSD_STES_REVISIONS@DF_STES_REVISIONS(4.0),Short-term economic statistics revisions,I,USA,United States,M,Monthly,PRVM,Production volume,IX,Index,BTE,Industry (except construction),202212,December 2022,2020-05,,85.61,,A,Normal value,0,Units,1,One,2015,
DATAFLOW,OECD.SDD.STES:DSD_STES_REVISIONS@DF_STES_REVISIONS(4.0),Short-term economic statistics revisions,I,USA,United States,M,Monthly,PRVM,Production volume,IX,Index,BTE,Industry (except construction),202010,October 2020,2020-05,,88.27,,A,Normal value,0,Units,1,One,2015,
DATAFLOW,OECD.SDD.STES:DSD_STES_REVISIONS@DF_STES_REVISIONS(4.0),Short-term economic statistics revisions,I,USA,United States,M,Monthly,PRVM,Production volume,IX,Index,BTE,Industry (except construction),202102,February 2021,2020-05,,88.43,,A,Normal value,0,Units,1,One,2015,
DATAFLOW,OECD.SDD.STES:DSD_STES_REVISIONS@DF_STES_REVISIONS(4.0),Short-term economic statistics revisions,I,USA,United States,M,Monthly,PRVM,Production volume,IX,Index,BTE,Industry (except construction),202202,February 2022,2020-05,,85.09,,A,Normal value,0,Units,1,One,2015,
DATAFLOW,OECD.SDD.STES:DSD_STES_REVISIONS@DF_STES_REVISIONS(4.0),Short-term economic statistics revisions,I,USA,United States,M,Monthly,PRVM,Production volume,IX,Index,BTE,Industry (except construction),202109,September 2021,2020-05,,85.09,,A,Normal value,0,Units,1,One,2015,
DATAFLOW,OECD.SDD.STES:DSD_STES_REVISIONS@DF_STES_REVISIONS(4.0),Short-term economic statistics revisions,I,USA,United States,M,Monthly,PRVM,Production volume,IX,Index,BTE,Industry (except construction),202204,April 2022,2020-05,,85.09,,A,Normal value,0,Units,1,One,2015,
DATAFLOW,OECD.SDD.STES:DSD_STES_REVISIONS@DF_STES_REVISIONS(4.0),Short-term economic statistics revisions,I,USA,United States,M,Monthly,PRVM,Production volume,IX,Index,BTE,Industry (except construction),202204,April 2022,2020-04,,83.46,,A,Normal value,0,Units,1,One,2015,
DATAFLOW,OECD.SDD.STES:DSD_STES_REVISIONS@DF_STES_REVISIONS(4.0),Short-term economic statistics revisions,I,USA,United States,M,Monthly,PRVM,Production volume,IX,Index,BTE,Industry (except construction),202109,September 2021,2020-04,,83.46,,A,Normal value,0,Units,1,One,2015,
DATAFLOW,OECD.SDD.STES:DSD_STES_REVISIONS@DF_STES_REVISIONS(4.0),Short-term economic statistics revisions,I,USA,United States,M,Monthly,PRVM,Production volume,IX,Index,BTE,Industry (except construction),202202,February 2022,2020-04,,83.46,,A,Normal value,0,Units,1,One,2015,
DATAFLOW,OECD.SDD.STES:DSD_STES_REVISIONS@DF_STES_REVISIONS(4.0),Short-term economic statistics revisions,I,USA,United States,M,Monthly,PRVM,Production volume,IX,Index,BTE,Industry (except construction),202102,February 2021,2020-04,,87.66,,A,Normal value,0,Units,1,One,2015,
DATAFLOW,OECD.SDD.STES:DSD_STES_REVISIONS@DF_STES_REVISIONS(4.0),Short-term economic statistics revisions,I,USA,United States,M,Monthly,PRVM,Production volume,IX,Index,BTE,Industry (except construction),202010,October 2020,2020-04,,87.41,,A,Normal value,0,Units,1,One,2015,
DATAFLOW,OECD.SDD.STES:DSD_STES_REVISIONS@DF_STES_REVISIONS(4.0),Short-term economic statistics revisions,I,USA,United States,M,Monthly,PRVM,Production volume,IX,Index,BTE,Industry (except construction),202212,December 2022,2020-04,,84.24,,A,Normal value,0,Units,1,One,2015,
DATAFLOW,OECD.SDD.STES:DSD_STES_REVISIONS@DF_STES_REVISIONS(4.0),Short-term economic statistics revisions,I,USA,United States,M,Monthly,PRVM,Production volume,IX,Index,BTE,Industry (except construction),202311,November 2023,2020-04,,83.86,,A,Normal value,0,Units,1,One,2015,
DATAFLOW,OECD.SDD.STES:DSD_STES_REVISIONS@DF_STES_REVISIONS(4.0),Short-term economic statistics revisions,I,USA,United States,M,Monthly,PRVM,Production volume,IX,Index,BTE,Industry (except construction),202208,August 2022,2020-04,,84.24,,A,Normal value,0,Units,1,One,2015,
DATAFLOW,OECD.SDD.STES:DSD_STES_REVISIONS@DF_STES_REVISIONS(4.0),Short-term economic statistics revisions,I,USA,United States,M,Monthly,PRVM,Production volume,IX,Index,BTE,Industry (except construction),202112,December 2021,2020-04,,83.46,,A,Normal value,0,Units,1,One,2015,
DATAFLOW,OECD.SDD.STES:DSD_STES_REVISIONS@DF_STES_REVISIONS(4.0),Short-term economic statistics revisions,I,USA,United States,M,Monthly,PRVM,Production volume,IX,Index,BTE,Industry (except construction),202105,May 2021,2020-04,,87.66,,A,Normal value,0,Units,1,One,2015,
DATAFLOW,OECD.SDD.STES:DSD_STES_REVISIONS@DF_STES_REVISIONS(4.0),Short-term economic statistics revisions,I,USA,United States,M,Monthly,PRVM,Production volume,IX,Index,BTE,Industry (except construction),202104,April 2021,2020-04,,87.66,,A,Normal value,0,Units,1,One,2015,
DATAFLOW,OECD.SDD.STES:DSD_STES_REVISIONS@DF_STES_REVISIONS(4.0),Short-term economic statistics revisions,I,USA,United States,M,Monthly,PRVM,Production volume,IX,Index,BTE,Industry (except construction),202007,July 2020,2020-04,,87.68,,A,Normal value,0,Units,1,One,2015,
DATAFLOW,OECD.SDD.STES:DSD_STES_REVISIONS@DF_STES_REVISIONS(4.0),Short-term economic statistics revisions,I,USA,United States,M,Monthly,PRVM,Production volume,IX,Index,BTE,Industry (except construction),202306,June 2023,2020-04,,83.86,,A,Normal value,0,Units,1,One,2015,
DATAFLOW,OECD.SDD.STES:DSD_STES_REVISIONS@DF_STES_REVISIONS(4.0),Short-term economic statistics revisions,I,USA,United States,M,Monthly,PRVM,Production volume,IX,Index,BTE,Industry (except construction),202103,March 2021,2020-04,,87.66,,A,Normal value,0,Units,1,One,2015,
DATAFLOW,OECD.SDD.STES:DSD_STES_REVISIONS@DF_STES_REVISIONS(4.0),Short-term economic statistics revisions,I,USA,United States,M,Monthly,PRVM,Production volume,IX,Index,BTE,Industry (except construction),202110,October 2021,2020-04,,83.46,,A,Normal value,0,Units,1,One,2015,
DATAFLOW,OECD.SDD.STES:DSD_STES_REVISIONS@DF_STES_REVISIONS(4.0),Short-term economic statistics revisions,I,USA,United States,M,Monthly,PRVM,Production volume,IX,Index,BTE,Industry (except construction),202310,October 2023,2020-04,,83.86,,A,Normal value,0,Units,1,One,2015,
DATAFLOW,OECD.SDD.STES:DSD_STES_REVISIONS@DF_STES_REVISIONS(4.0),Short-term economic statistics revisions,I,USA,United States,M,Monthly,PRVM,Production volume,IX,Index,BTE,Industry (except construction),202205,May 2022,2020-04,,83.46,,A,Normal value,0,Units,1,One,2015,
DATAFLOW,OECD.SDD.STES:DSD_STES_REVISIONS@DF_STES_REVISIONS(4.0),Short-term economic statistics revisions,I,USA,United States,M,Monthly,PRVM,Production volume,IX,Index,BTE,Industry (except construction),202203,March 2022,2020-04,,83.46,,A,Normal value,0,Units,1,One,2015,
DATAFLOW,OECD.SDD.STES:DSD_STES_REVISIONS@DF_STES_REVISIONS(4.0),Short-term economic statistics revisions,I,USA,United States,M,Monthly,PRVM,Production volume,IX,Index,BTE,Industry (except construction),202101,January 2021,2020-04,,87.66,,A,Normal value,0,Units,1,One,2015,
DATAFLOW,OECD.SDD.STES:DSD_STES_REVISIONS@DF_STES_REVISIONS(4.0),Short-term economic statistics revisions,I,USA,United States,M,Monthly,PRVM,Production volume,IX,Index,BTE,Industry (except construction),202305,May 2023,2020-04,,83.86,,A,Normal value,0,Units,1,One,2015,
DATAFLOW,OECD.SDD.STES:DSD_STES_REVISIONS@DF_STES_REVISIONS(4.0),Short-term economic statistics revisions,I,USA,United States,M,Monthly,PRVM,Production volume,IX,Index,BTE,Industry (except construction),202009,September 2020,2020-04,,87.61,,A,Normal value,0,Units,1,One,2015,
DATAFLOW,OECD.SDD.STES:DSD_STES_REVISIONS@DF_STES_REVISIONS(4.0),Short-term economic statistics revisions,I,USA,United States,M,Monthly,PRVM,Production volume,IX,Index,BTE,Industry (except construction),202206,June 2022,2020-04,,83.46,,A,Normal value,0,Units,1,One,2015,
DATAFLOW,OECD.SDD.STES:DSD_STES_REVISIONS@DF_STES_REVISIONS(4.0),Short-term economic statistics revisions,I,USA,United States,M,Monthly,PRVM,Production volume,IX,Index,BTE,Industry (except construction),202301,January 2023,2020-04,,84.24,,A,Normal value,0,Units,1,One,2015,
DATAFLOW,OECD.SDD.STES:DSD_STES_REVISIONS@DF_STES_REVISIONS(4.0),Short-term economic statistics revisions,I,USA,United States,M,Monthly,PRVM,Production volume,IX,Index,BTE,Industry (except construction),202303,March 2023,2020-04,,84.24,,A,Normal value,0,Units,1,One,2015,
DATAFLOW,OECD.SDD.STES:DSD_STES_REVISIONS@DF_STES_REVISIONS(4.0),Short-term economic statistics revisions,I,USA,United States,M,Monthly,PRVM,Production volume,IX,Index,BTE,Industry (except construction),202111,November 2021,2020-04,,83.46,,A,Normal value,0,Units,1,One,2015,
DATAFLOW,OECD.SDD.STES:DSD_STES_REVISIONS@DF_STES_REVISIONS(4.0),Short-term economic statistics revisions,I,USA,United States,M,Monthly,PRVM,Production volume,IX,Index,BTE,Industry (except construction),202307,July 2023,2020-04,,83.86,,A,Normal value,0,Units,1,One,2015,
DATAFLOW,OECD.SDD.STES:DSD_STES_REVISIONS@DF_STES_REVISIONS(4.0),Short-term economic statistics revisions,I,USA,United States,M,Monthly,PRVM,Production volume,IX,Index,BTE,Industry (except construction),202112,December 2021,2021-01,,98.53,,A,Normal value,0,Units,1,One,2015,
DATAFLOW,OECD.SDD.STES:DSD_STES_REVISIONS@DF_STES_REVISIONS(4.0),Short-term economic statistics revisions,I,USA,United States,M,Monthly,PRVM,Production volume,IX,Index,BTE,Industry (except construction),202105,May 2021,2021-01,,102.66,,A,Normal value,0,Units,1,One,2015,
DATAFLOW,OECD.SDD.STES:DSD_STES_REVISIONS@DF_STES_REVISIONS(4.0),Short-term economic statistics revisions,I,USA,United States,M,Monthly,PRVM,Production volume,IX,Index,BTE,Industry (except construction),202104,April 2021,2021-01,,102.82,,A,Normal value,0,Units,1,One,2015,
DATAFLOW,OECD.SDD.STES:DSD_STES_REVISIONS@DF_STES_REVISIONS(4.0),Short-term economic statistics revisions,I,USA,United States,M,Monthly,PRVM,Production volume,IX,Index,BTE,Industry (except construction),202306,June 2023,2021-01,,97.92,,A,Normal value,0,Units,1,One,2015,
DATAFLOW,OECD.SDD.STES:DSD_STES_REVISIONS@DF_STES_REVISIONS(4.0),Short-term economic statistics revisions,I,USA,United States,M,Monthly,PRVM,Production volume,IX,Index,BTE,Industry (except construction),202103,March 2021,2021-01,,102.95,,A,Normal value,0,Units,1,One,2015,
DATAFLOW,OECD.SDD.STES:DSD_STES_REVISIONS@DF_STES_REVISIONS(4.0),Short-term economic statistics revisions,I,USA,United States,M,Monthly,PRVM,Production volume,IX,Index,BTE,Industry (except construction),202110,October 2021,2021-01,,98.53,,A,Normal value,0,Units,1,One,2015,
DATAFLOW,OECD.SDD.STES:DSD_STES_REVISIONS@DF_STES_REVISIONS(4.0),Short-term economic statistics revisions,I,USA,United States,M,Monthly,PRVM,Production volume,IX,Index,BTE,Industry (except construction),202310,October 2023,2021-01,,97.92,,A,Normal value,0,Units,1,One,2015,
DATAFLOW,OECD.SDD.STES:DSD_STES_REVISIONS@DF_STES_REVISIONS(4.0),Short-term economic statistics revisions,I,USA,United States,M,Monthly,PRVM,Production volume,IX,Index,BTE,Industry (except construction),202205,May 2022,2021-01,,98.53,,A,Normal value,0,Units,1,One,2015,
DATAFLOW,OECD.SDD.STES:DSD_STES_REVISIONS@DF_STES_REVISIONS(4.0),Short-term economic statistics revisions,I,USA,United States,M,Monthly,PRVM,Production volume,IX,Index,BTE,Industry (except construction),202203,March 2022,2021-01,,98.53,,A,Normal value,0,Units,1,One,2015,
DATAFLOW,OECD.SDD.STES:DSD_STES_REVISIONS@DF_STES_REVISIONS(4.0),Short-term economic statistics revisions,I,USA,United States,M,Monthly,PRVM,Production volume,IX,Index,BTE,Industry (except construction),202305,May 2023,2021-01,,97.92,,A,Normal value,0,Units,1,One,2015,
DATAFLOW,OECD.SDD.STES:DSD_STES_REVISIONS@DF_STES_REVISIONS(4.0),Short-term economic statistics revisions,I,USA,United States,M,Monthly,PRVM,Production volume,IX,Index,BTE,Industry (except construction),202206,June 2022,2021-01,,98.53,,A,Normal value,0,Units,1,One,2015,
DATAFLOW,OECD.SDD.STES:DSD_STES_REVISIONS@DF_STES_REVISIONS(4.0),Short-term economic statistics revisions,I,USA,United States,M,Monthly,PRVM,Production volume,IX,Index,BTE,Industry (except construction),202301,January 2023,2021-01,,98.43,,A,Normal value,0,Units,1,One,2015,
DATAFLOW,OECD.SDD.STES:DSD_STES_REVISIONS@DF_STES_REVISIONS(4.0),Short-term economic statistics revisions,I,USA,United States,M,Monthly,PRVM,Production volume,IX,Index,BTE,Industry (except construction),202303,March 2023,2021-01,,98.43,,A,Normal value,0,Units,1,One,2015,
DATAFLOW,OECD.SDD.STES:DSD_STES_REVISIONS@DF_STES_REVISIONS(4.0),Short-term economic statistics revisions,I,USA,United States,M,Monthly,PRVM,Production volume,IX,Index,BTE,Industry (except construction),202111,November 2021,2021-01,,98.53,,A,Normal value,0,Units,1,One,2015,
DATAFLOW,OECD.SDD.STES:DSD_STES_REVISIONS@DF_STES_REVISIONS(4.0),Short-term economic statistics revisions,I,USA,United States,M,Monthly,PRVM,Production volume,IX,Index,BTE,Industry (except construction),202307,July 2023,2021-01,,97.92,,A,Normal value,0,Units,1,One,2015,
DATAFLOW,OECD.SDD.STES:DSD_STES_REVISIONS@DF_STES_REVISIONS(4.0),Short-term economic statistics revisions,I,USA,United States,M,Monthly,PRVM,Production volume,IX,Index,BTE,Industry (except construction),202201,January 2022,2021-01,,98.53,,A,Normal value,0,Units,1,One,2015,
DATAFLOW,OECD.SDD.STES:DSD_STES_REVISIONS@DF_STES_REVISIONS(4.0),Short-term economic statistics revisions,I,USA,United States,M,Monthly,PRVM,Production volume,IX,Index,BTE,Industry (except construction),202106,June 2021,2021-01,,102.66,,A,Normal value,0,Units,1,One,2015,
DATAFLOW,OECD.SDD.STES:DSD_STES_REVISIONS@DF_STES_REVISIONS(4.0),Short-term economic statistics revisions,I,USA,United States,M,Monthly,PRVM,Production volume,IX,Index,BTE,Industry (except construction),202308,August 2023,2021-01,,97.92,,A,Normal value,0,Units,1,One,2015,
DATAFLOW,OECD.SDD.STES:DSD_STES_REVISIONS@DF_STES_REVISIONS(4.0),Short-term economic statistics revisions,I,USA,United States,M,Monthly,PRVM,Production volume,IX,Index,BTE,Industry (except construction),202210,October 2022,2021-01,,98.43,,A,Normal value,0,Units,1,One,2015,
DATAFLOW,OECD.SDD.STES:DSD_STES_REVISIONS@DF_STES_REVISIONS(4.0),Short-term economic statistics revisions,I,USA,United States,M,Monthly,PRVM,Production volume,IX,Index,BTE,Industry (except construction),202304,April 2023,2021-01,,97.92,,A,Normal value,0,Units,1,One,2015,
DATAFLOW,OECD.SDD.STES:DSD_STES_REVISIONS@DF_STES_REVISIONS(4.0),Short-term economic statistics revisions,I,USA,United States,M,Monthly,PRVM,Production volume,IX,Index,BTE,Industry (except construction),202108,August 2021,2021-01,,98.53,,A,Normal value,0,Units,1,One,2015,
DATAFLOW,OECD.SDD.STES:DSD_STES_REVISIONS@DF_STES_REVISIONS(4.0),Short-term economic statistics revisions,I,USA,United States,M,Monthly,PRVM,Production volume,IX,Index,BTE,Industry (except construction),202312,December 2023,2021-01,,97.92,,A,Normal value,0,Units,1,One,2015,
DATAFLOW,OECD.SDD.STES:DSD_STES_REVISIONS@DF_STES_REVISIONS(4.0),Short-term economic statistics revisions,I,USA,United States,M,Monthly,PRVM,Production volume,IX,Index,BTE,Industry (except construction),202209,September 2022,2021-01,,98.43,,A,Normal value,0,Units,1,One,2015,
DATAFLOW,OECD.SDD.STES:DSD_STES_REVISIONS@DF_STES_REVISIONS(4.0),Short-term economic statistics revisions,I,USA,United States,M,Monthly,PRVM,Production volume,IX,Index,BTE,Industry (except construction),202302,February 2023,2021-01,,98.43,,A,Normal value,0,Units,1,One,2015,
DATAFLOW,OECD.SDD.STES:DSD_STES_REVISIONS@DF_STES_REVISIONS(4.0),Short-term economic statistics revisions,I,USA,United States,M,Monthly,PRVM,Production volume,IX,Index,BTE,Industry (except construction),202207,July 2022,2021-01,,98.43,,A,Normal value,0,Units,1,One,2015,
DATAFLOW,OECD.SDD.STES:DSD_STES_REVISIONS@DF_STES_REVISIONS(4.0),Short-term economic statistics revisions,I,USA,United States,M,Monthly,PRVM,Production volume,IX,Index,BTE,Industry (except construction),202107,July 2021,2021-01,,102.66,,A,Normal value,0,Units,1,One,2015,
DATAFLOW,OECD.SDD.STES:DSD_STES_REVISIONS@DF_STES_REVISIONS(4.0),Short-term economic statistics revisions,I,USA,United States,M,Monthly,PRVM,Production volume,IX,Index,BTE,Industry (except construction),202309,September 2023,2021-01,,97.92,,A,Normal value,0,Units,1,One,2015,
DATAFLOW,OECD.SDD.STES:DSD_STES_REVISIONS@DF_STES_REVISIONS(4.0),Short-term economic statistics revisions,I,USA,United States,M,Monthly,PRVM,Production volume,IX,Index,BTE,Industry (except construction),202211,November 2022,2021-01,,98.43,,A,Normal value,0,Units,1,One,2015,
DATAFLOW,OECD.SDD.STES:DSD_STES_REVISIONS@DF_STES_REVISIONS(4.0),Short-term economic statistics revisions,I,USA,United States,M,Monthly,PRVM,Production volume,IX,Index,BTE,Industry (except construction),202204,April 2022,2020-12,,97.42,,A,Normal value,0,Units,1,One,2015,
DATAFLOW,OECD.SDD.STES:DSD_STES_REVISIONS@DF_STES_REVISIONS(4.0),Short-term economic statistics revisions,I,USA,United States,M,Monthly,PRVM,Production volume,IX,Index,BTE,Industry (except construction),202109,September 2021,2020-12,,97.42,,A,Normal value,0,Units,1,One,2015,
DATAFLOW,OECD.SDD.STES:DSD_STES_REVISIONS@DF_STES_REVISIONS(4.0),Short-term economic statistics revisions,I,USA,United States,M,Monthly,PRVM,Production volume,IX,Index,BTE,Industry (except construction),202202,February 2022,2020-12,,97.42,,A,Normal value,0,Units,1,One,2015,
DATAFLOW,OECD.SDD.STES:DSD_STES_REVISIONS@DF_STES_REVISIONS(4.0),Short-term economic statistics revisions,I,USA,United States,M,Monthly,PRVM,Production volume,IX,Index,BTE,Industry (except construction),202102,February 2021,2020-12,,101.55,,A,Normal value,0,Units,1,One,2015,
DATAFLOW,OECD.SDD.STES:DSD_STES_REVISIONS@DF_STES_REVISIONS(4.0),Short-term economic statistics revisions,I,USA,United States,M,Monthly,PRVM,Production volume,IX,Index,BTE,Industry (except construction),202212,December 2022,2020-12,,97.31,,A,Normal value,0,Units,1,One,2015,
DATAFLOW,OECD.SDD.STES:DSD_STES_REVISIONS@DF_STES_REVISIONS(4.0),Short-term economic statistics revisions,I,USA,United States,M,Monthly,PRVM,Production volume,IX,Index,BTE,Industry (except construction),202311,November 2023,2020-12,,97.12,,A,Normal value,0,Units,1,One,2015,
DATAFLOW,OECD.SDD.STES:DSD_STES_REVISIONS@DF_STES_REVISIONS(4.0),Short-term economic statistics revisions,I,USA,United States,M,Monthly,PRVM,Production volume,IX,Index,BTE,Industry (except construction),202208,August 2022,2020-12,,97.31,,A,Normal value,0,Units,1,One,2015,
DATAFLOW,OECD.SDD.STES:DSD_STES_REVISIONS@DF_STES_REVISIONS(4.0),Short-term economic statistics revisions,I,USA,United States,M,Monthly,PRVM,Production volume,IX,Index,BTE,Industry (except construction),202112,December 2021,2020-12,,97.42,,A,Normal value,0,Units,1,One,2015,
DATAFLOW,OECD.SDD.STES:DSD_STES_REVISIONS@DF_STES_REVISIONS(4.0),Short-term economic statistics revisions,I,USA,United States,M,Monthly,PRVM,Production volume,IX,Index,BTE,Industry (except construction),202105,May 2021,2020-12,,101.72,,A,Normal value,0,Units,1,One,2015,
DATAFLOW,OECD.SDD.STES:DSD_STES_REVISIONS@DF_STES_REVISIONS(4.0),Short-term economic statistics revisions,I,USA,United States,M,Monthly,PRVM,Production volume,IX,Index,BTE,Industry (except construction),202104,April 2021,2020-12,,101.66,,A,Normal value,0,Units,1,One,2015,
DATAFLOW,OECD.SDD.STES:DSD_STES_REVISIONS@DF_STES_REVISIONS(4.0),Short-term economic statistics revisions,I,USA,United States,M,Monthly,PRVM,Production volume,IX,Index,BTE,Industry (except construction),202306,June 2023,2020-12,,97.12,,A,Normal value,0,Units,1,One,2015,
DATAFLOW,OECD.SDD.STES:DSD_STES_REVISIONS@DF_STES_REVISIONS(4.0),Short-term economic statistics revisions,I,USA,United States,M,Monthly,PRVM,Production volume,IX,Index,BTE,Industry (except construction),202103,March 2021,2020-12,,102,,A,Normal value,0,Units,1,One,2015,
DATAFLOW,OECD.SDD.STES:DSD_STES_REVISIONS@DF_STES_REVISIONS(4.0),Short-term economic statistics revisions,I,USA,United States,M,Monthly,PRVM,Production volume,IX,Index,BTE,Industry (except construction),202110,October 2021,2020-12,,97.42,,A,Normal value,0,Units,1,One,2015,
DATAFLOW,OECD.SDD.STES:DSD_STES_REVISIONS@DF_STES_REVISIONS(4.0),Short-term economic statistics revisions,I,USA,United States,M,Monthly,PRVM,Production volume,IX,Index,BTE,Industry (except construction),202310,October 2023,2020-12,,97.12,,A,Normal value,0,Units,1,One,2015,
DATAFLOW,OECD.SDD.STES:DSD_STES_REVISIONS@DF_STES_REVISIONS(4.0),Short-term economic statistics revisions,I,USA,United States,M,Monthly,PRVM,Production volume,IX,Index,BTE,Industry (except construction),202205,May 2022,2020-12,,97.42,,A,Normal value,0,Units,1,One,2015,
DATAFLOW,OECD.SDD.STES:DSD_STES_REVISIONS@DF_STES_REVISIONS(4.0),Short-term economic statistics revisions,I,USA,United States,M,Monthly,PRVM,Production volume,IX,Index,BTE,Industry (except construction),202203,March 2022,2020-12,,97.42,,A,Normal value,0,Units,1,One,2015,
DATAFLOW,OECD.SDD.STES:DSD_STES_REVISIONS@DF_STES_REVISIONS(4.0),Short-term economic statistics revisions,I,USA,United States,M,Monthly,PRVM,Production volume,IX,Index,BTE,Industry (except construction),202305,May 2023,2020-12,,97.12,,A,Normal value,0,Units,1,One,2015,
DATAFLOW,OECD.SDD.STES:DSD_STES_REVISIONS@DF_STES_REVISIONS(4.0),Short-term economic statistics revisions,I,USA,United States,M,Monthly,PRVM,Production volume,IX,Index,BTE,Industry (except construction),202206,June 2022,2020-12,,97.42,,A,Normal value,0,Units,1,One,2015,
DATAFLOW,OECD.SDD.STES:DSD_STES_REVISIONS@DF_STES_REVISIONS(4.0),Short-term economic statistics revisions,I,USA,United States,M,Monthly,PRVM,Production volume,IX,Index,BTE,Industry (except construction),202301,January 2023,2020-12,,97.31,,A,Normal value,0,Units,1,One,2015,
DATAFLOW,OECD.SDD.STES:DSD_STES_REVISIONS@DF_STES_REVISIONS(4.0),Short-term economic statistics revisions,I,USA,United States,M,Monthly,PRVM,Production volume,IX,Index,BTE,Industry (except construction),202303,March 2023,2020-12,,97.31,,A,Normal value,0,Units,1,One,2015,
DATAFLOW,OECD.SDD.STES:DSD_STES_REVISIONS@DF_STES_REVISIONS(4.0),Short-term economic statistics revisions,I,USA,United States,M,Monthly,PRVM,Production volume,IX,Index,BTE,Industry (except construction),202111,November 2021,2020-12,,97.42,,A,Normal value,0,Units,1,One,2015,
DATAFLOW,OECD.SDD.STES:DSD_STES_REVISIONS@DF_STES_REVISIONS(4.0),Short-term economic statistics revisions,I,USA,United States,M,Monthly,PRVM,Production volume,IX,Index,BTE,Industry (except construction),202307,July 2023,2020-12,,97.12,,A,Normal value,0,Units,1,One,2015,
DATAFLOW,OECD.SDD.STES:DSD_STES_REVISIONS@DF_STES_REVISIONS(4.0),Short-term economic statistics revisions,I,USA,United States,M,Monthly,PRVM,Production volume,IX,Index,BTE,Industry (except construction),202201,January 2022,2020-12,,97.42,,A,Normal value,0,Units,1,One,2015,
DATAFLOW,OECD.SDD.STES:DSD_STES_REVISIONS@DF_STES_REVISIONS(4.0),Short-term economic statistics revisions,I,USA,United States,M,Monthly,PRVM,Production volume,IX,Index,BTE,Industry (except construction),202106,June 2021,2020-12,,101.72,,A,Normal value,0,Units,1,One,2015,
DATAFLOW,OECD.SDD.STES:DSD_STES_REVISIONS@DF_STES_REVISIONS(4.0),Short-term economic statistics revisions,I,USA,United States,M,Monthly,PRVM,Production volume,IX,Index,BTE,Industry (except construction),202308,August 2023,2020-12,,97.12,,A,Normal value,0,Units,1,One,2015,
DATAFLOW,OECD.SDD.STES:DSD_STES_REVISIONS@DF_STES_REVISIONS(4.0),Short-term economic statistics revisions,I,USA,United States,M,Monthly,PRVM,Production volume,IX,Index,BTE,Industry (except construction),202210,October 2022,2020-12,,97.31,,A,Normal value,0,Units,1,One,2015,
DATAFLOW,OECD.SDD.STES:DSD_STES_REVISIONS@DF_STES_REVISIONS(4.0),Short-term economic statistics revisions,I,USA,United States,M,Monthly,PRVM,Production volume,IX,Index,BTE,Industry (except construction),202304,April 2023,2020-12,,97.12,,A,Normal value,0,Units,1,One,2015,
DATAFLOW,OECD.SDD.STES:DSD_STES_REVISIONS@DF_STES_REVISIONS(4.0),Short-term economic statistics revisions,I,USA,United States,M,Monthly,PRVM,Production volume,IX,Index,BTE,Industry (except construction),202108,August 2021,2020-12,,97.42,,A,Normal value,0,Units,1,One,2015,
DATAFLOW,OECD.SDD.STES:DSD_STES_REVISIONS@DF_STES_REVISIONS(4.0),Short-term economic statistics revisions,I,USA,United States,M,Monthly,PRVM,Production volume,IX,Index,BTE,Industry (except construction),202312,December 2023,2020-12,,97.12,,A,Normal value,0,Units,1,One,2015,
DATAFLOW,OECD.SDD.STES:DSD_STES_REVISIONS@DF_STES_REVISIONS(4.0),Short-term economic statistics revisions,I,USA,United States,M,Monthly,PRVM,Production volume,IX,Index,BTE,Industry (except construction),202209,September 2022,2020-12,,97.31,,A,Normal value,0,Units,1,One,2015,
DATAFLOW,OECD.SDD.STES:DSD_STES_REVISIONS@DF_STES_REVISIONS(4.0),Short-term economic statistics revisions,I,USA,United States,M,Monthly,PRVM,Production volume,IX,Index,BTE,Industry (except construction),202207,July 2022,2020-12,,97.31,,A,Normal value,0,Units,1,One,2015,
DATAFLOW,OECD.SDD.STES:DSD_STES_REVISIONS@DF_STES_REVISIONS(4.0),Short-term economic statistics revisions,I,USA,United States,M,Monthly,PRVM,Production volume,IX,Index,BTE,Industry (except construction),202302,February 2023,2020-12,,97.31,,A,Normal value,0,Units,1,One,2015,
DATAFLOW,OECD.SDD.STES:DSD_STES_REVISIONS@DF_STES_REVISIONS(4.0),Short-term economic statistics revisions,I,USA,United States,M,Monthly,PRVM,Production volume,IX,Index,BTE,Industry (except construction),202107,July 2021,2020-12,,101.72,,A,Normal value,0,Units,1,One,2015,
DATAFLOW,OECD.SDD.STES:DSD_STES_REVISIONS@DF_STES_REVISIONS(4.0),Short-term economic statistics revisions,I,USA,United States,M,Monthly,PRVM,Production volume,IX,Index,BTE,Industry (except construction),202211,November 2022,2020-12,,97.31,,A,Normal value,0,Units,1,One,2015,
DATAFLOW,OECD.SDD.STES:DSD_STES_REVISIONS@DF_STES_REVISIONS(4.0),Short-term economic statistics revisions,I,USA,United States,M,Monthly,PRVM,Production volume,IX,Index,BTE,Industry (except construction),202309,September 2023,2020-12,,97.12,,A,Normal value,0,Units,1,One,2015,
DATAFLOW,OECD.SDD.STES:DSD_STES_REVISIONS@DF_STES_REVISIONS(4.0),Short-term economic statistics revisions,I,USA,United States,M,Monthly,PRVM,Production volume,IX,Index,BTE,Industry (except construction),202309,September 2023,2020-11,,96.01,,A,Normal value,0,Units,1,One,2015,
DATAFLOW,OECD.SDD.STES:DSD_STES_REVISIONS@DF_STES_REVISIONS(4.0),Short-term economic statistics revisions,I,USA,United States,M,Monthly,PRVM,Production volume,IX,Index,BTE,Industry (except construction),202211,November 2022,2020-11,,96.3,,A,Normal value,0,Units,1,One,2015,
DATAFLOW,OECD.SDD.STES:DSD_STES_REVISIONS@DF_STES_REVISIONS(4.0),Short-term economic statistics revisions,I,USA,United States,M,Monthly,PRVM,Production volume,IX,Index,BTE,Industry (except construction),202107,July 2021,2020-11,,100.69,,A,Normal value,0,Units,1,One,2015,
DATAFLOW,OECD.SDD.STES:DSD_STES_REVISIONS@DF_STES_REVISIONS(4.0),Short-term economic statistics revisions,I,USA,United States,M,Monthly,PRVM,Production volume,IX,Index,BTE,Industry (except construction),202302,February 2023,2020-11,,96.3,,A,Normal value,0,Units,1,One,2015,
DATAFLOW,OECD.SDD.STES:DSD_STES_REVISIONS@DF_STES_REVISIONS(4.0),Short-term economic statistics revisions,I,USA,United States,M,Monthly,PRVM,Production volume,IX,Index,BTE,Industry (except construction),202207,July 2022,2020-11,,96.3,,A,Normal value,0,Units,1,One,2015,
DATAFLOW,OECD.SDD.STES:DSD_STES_REVISIONS@DF_STES_REVISIONS(4.0),Short-term economic statistics revisions,I,USA,United States,M,Monthly,PRVM,Production volume,IX,Index,BTE,Industry (except construction),202209,September 2022,2020-11,,96.3,,A,Normal value,0,Units,1,One,2015,
DATAFLOW,OECD.SDD.STES:DSD_STES_REVISIONS@DF_STES_REVISIONS(4.0),Short-term economic statistics revisions,I,USA,United States,M,Monthly,PRVM,Production volume,IX,Index,BTE,Industry (except construction),202312,December 2023,2020-11,,96.01,,A,Normal value,0,Units,1,One,2015,
DATAFLOW,OECD.SDD.STES:DSD_STES_REVISIONS@DF_STES_REVISIONS(4.0),Short-term economic statistics revisions,I,USA,United States,M,Monthly,PRVM,Production volume,IX,Index,BTE,Industry (except construction),202108,August 2021,2020-11,,96.3,,A,Normal value,0,Units,1,One,2015,
DATAFLOW,OECD.SDD.STES:DSD_STES_REVISIONS@DF_STES_REVISIONS(4.0),Short-term economic statistics revisions,I,USA,United States,M,Monthly,PRVM,Production volume,IX,Index,BTE,Industry (except construction),202304,April 2023,2020-11,,96.01,,A,Normal value,0,Units,1,One,2015,
DATAFLOW,OECD.SDD.STES:DSD_STES_REVISIONS@DF_STES_REVISIONS(4.0),Short-term economic statistics revisions,I,USA,United States,M,Monthly,PRVM,Production volume,IX,Index,BTE,Industry (except construction),202210,October 2022,2020-11,,96.3,,A,Normal value,0,Units,1,One,2015,
DATAFLOW,OECD.SDD.STES:DSD_STES_REVISIONS@DF_STES_REVISIONS(4.0),Short-term economic statistics revisions,I,USA,United States,M,Monthly,PRVM,Production volume,IX,Index,BTE,Industry (except construction),202308,August 2023,2020-11,,96.01,,A,Normal value,0,Units,1,One,2015,
DATAFLOW,OECD.SDD.STES:DSD_STES_REVISIONS@DF_STES_REVISIONS(4.0),Short-term economic statistics revisions,I,USA,United States,M,Monthly,PRVM,Production volume,IX,Index,BTE,Industry (except construction),202106,June 2021,2020-11,,100.69,,A,Normal value,0,Units,1,One,2015,
DATAFLOW,OECD.SDD.STES:DSD_STES_REVISIONS@DF_STES_REVISIONS(4.0),Short-term economic statistics revisions,I,USA,United States,M,Monthly,PRVM,Production volume,IX,Index,BTE,Industry (except construction),202201,January 2022,2020-11,,96.3,,A,Normal value,0,Units,1,One,2015,
DATAFLOW,OECD.SDD.STES:DSD_STES_REVISIONS@DF_STES_REVISIONS(4.0),Short-term economic statistics revisions,I,USA,United States,M,Monthly,PRVM,Production volume,IX,Index,BTE,Industry (except construction),202307,July 2023,2020-11,,96.01,,A,Normal value,0,Units,1,One,2015,
DATAFLOW,OECD.SDD.STES:DSD_STES_REVISIONS@DF_STES_REVISIONS(4.0),Short-term economic statistics revisions,I,USA,United States,M,Monthly,PRVM,Production volume,IX,Index,BTE,Industry (except construction),202111,November 2021,2020-11,,96.3,,A,Normal value,0,Units,1,One,2015,
DATAFLOW,OECD.SDD.STES:DSD_STES_REVISIONS@DF_STES_REVISIONS(4.0),Short-term economic statistics revisions,I,USA,United States,M,Monthly,PRVM,Production volume,IX,Index,BTE,Industry (except construction),202303,March 2023,2020-11,,96.3,,A,Normal value,0,Units,1,One,2015,
DATAFLOW,OECD.SDD.STES:DSD_STES_REVISIONS@DF_STES_REVISIONS(4.0),Short-term economic statistics revisions,I,USA,United States,M,Monthly,PRVM,Production volume,IX,Index,BTE,Industry (except construction),202301,January 2023,2020-11,,96.3,,A,Normal value,0,Units,1,One,2015,
DATAFLOW,OECD.SDD.STES:DSD_STES_REVISIONS@DF_STES_REVISIONS(4.0),Short-term economic statistics revisions,I,USA,United States,M,Monthly,PRVM,Production volume,IX,Index,BTE,Industry (except construction),202206,June 2022,2020-11,,96.3,,A,Normal value,0,Units,1,One,2015,
DATAFLOW,OECD.SDD.STES:DSD_STES_REVISIONS@DF_STES_REVISIONS(4.0),Short-term economic statistics revisions,I,USA,United States,M,Monthly,PRVM,Production volume,IX,Index,BTE,Industry (except construction),202305,May 2023,2020-11,,96.01,,A,Normal value,0,Units,1,One,2015,
DATAFLOW,OECD.SDD.STES:DSD_STES_REVISIONS@DF_STES_REVISIONS(4.0),Short-term economic statistics revisions,I,USA,United States,M,Monthly,PRVM,Production volume,IX,Index,BTE,Industry (except construction),202101,January 2021,2020-11,,99.88,,A,Normal value,0,Units,1,One,2015,
DATAFLOW,OECD.SDD.STES:DSD_STES_REVISIONS@DF_STES_REVISIONS(4.0),Short-term economic statistics revisions,I,USA,United States,M,Monthly,PRVM,Production volume,IX,Index,BTE,Industry (except construction),202203,March 2022,2020-11,,96.3,,A,Normal value,0,Units,1,One,2015,
DATAFLOW,OECD.SDD.STES:DSD_STES_REVISIONS@DF_STES_REVISIONS(4.0),Short-term economic statistics revisions,I,USA,United States,M,Monthly,PRVM,Production volume,IX,Index,BTE,Industry (except construction),202205,May 2022,2020-11,,96.3,,A,Normal value,0,Units,1,One,2015,
DATAFLOW,OECD.SDD.STES:DSD_STES_REVISIONS@DF_STES_REVISIONS(4.0),Short-term economic statistics revisions,I,USA,United States,M,Monthly,PRVM,Production volume,IX,Index,BTE,Industry (except construction),202310,October 2023,2020-11,,96.01,,A,Normal value,0,Units,1,One,2015,
DATAFLOW,OECD.SDD.STES:DSD_STES_REVISIONS@DF_STES_REVISIONS(4.0),Short-term economic statistics revisions,I,USA,United States,M,Monthly,PRVM,Production volume,IX,Index,BTE,Industry (except construction),202110,October 2021,2020-11,,96.3,,A,Normal value,0,Units,1,One,2015,
DATAFLOW,OECD.SDD.STES:DSD_STES_REVISIONS@DF_STES_REVISIONS(4.0),Short-term economic statistics revisions,I,USA,United States,M,Monthly,PRVM,Production volume,IX,Index,BTE,Industry (except construction),202103,March 2021,2020-11,,100.71,,A,Normal value,0,Units,1,One,2015,
DATAFLOW,OECD.SDD.STES:DSD_STES_REVISIONS@DF_STES_REVISIONS(4.0),Short-term economic statistics revisions,I,USA,United States,M,Monthly,PRVM,Production volume,IX,Index,BTE,Industry (except construction),202306,June 2023,2020-11,,96.01,,A,Normal value,0,Units,1,One,2015,
DATAFLOW,OECD.SDD.STES:DSD_STES_REVISIONS@DF_STES_REVISIONS(4.0),Short-term economic statistics revisions,I,USA,United States,M,Monthly,PRVM,Production volume,IX,Index,BTE,Industry (except construction),202104,April 2021,2020-11,,100.63,,A,Normal value,0,Units,1,One,2015,
DATAFLOW,OECD.SDD.STES:DSD_STES_REVISIONS@DF_STES_REVISIONS(4.0),Short-term economic statistics revisions,I,USA,United States,M,Monthly,PRVM,Production volume,IX,Index,BTE,Industry (except construction),202105,May 2021,2020-11,,100.69,,A,Normal value,0,Units,1,One,2015,
DATAFLOW,OECD.SDD.STES:DSD_STES_REVISIONS@DF_STES_REVISIONS(4.0),Short-term economic statistics revisions,I,USA,United States,M,Monthly,PRVM,Production volume,IX,Index,BTE,Industry (except construction),202112,December 2021,2020-11,,96.3,,A,Normal value,0,Units,1,One,2015,
DATAFLOW,OECD.SDD.STES:DSD_STES_REVISIONS@DF_STES_REVISIONS(4.0),Short-term economic statistics revisions,I,USA,United States,M,Monthly,PRVM,Production volume,IX,Index,BTE,Industry (except construction),202208,August 2022,2020-11,,96.3,,A,Normal value,0,Units,1,One,2015,
DATAFLOW,OECD.SDD.STES:DSD_STES_REVISIONS@DF_STES_REVISIONS(4.0),Short-term economic statistics revisions,I,USA,United States,M,Monthly,PRVM,Production volume,IX,Index,BTE,Industry (except construction),202311,November 2023,2020-11,,96.01,,A,Normal value,0,Units,1,One,2015,
DATAFLOW,OECD.SDD.STES:DSD_STES_REVISIONS@DF_STES_REVISIONS(4.0),Short-term economic statistics revisions,I,USA,United States,M,Monthly,PRVM,Production volume,IX,Index,BTE,Industry (except construction),202212,December 2022,2020-11,,96.3,,A,Normal value,0,Units,1,One,2015,
DATAFLOW,OECD.SDD.STES:DSD_STES_REVISIONS@DF_STES_REVISIONS(4.0),Short-term economic statistics revisions,I,USA,United States,M,Monthly,PRVM,Production volume,IX,Index,BTE,Industry (except construction),202102,February 2021,2020-11,,99.98,,A,Normal value,0,Units,1,One,2015,
DATAFLOW,OECD.SDD.STES:DSD_STES_REVISIONS@DF_STES_REVISIONS(4.0),Short-term economic statistics revisions,I,USA,United States,M,Monthly,PRVM,Production volume,IX,Index,BTE,Industry (except construction),202202,February 2022,2020-11,,96.3,,A,Normal value,0,Units,1,One,2015,
DATAFLOW,OECD.SDD.STES:DSD_STES_REVISIONS@DF_STES_REVISIONS(4.0),Short-term economic statistics revisions,I,USA,United States,M,Monthly,PRVM,Production volume,IX,Index,BTE,Industry (except construction),202109,September 2021,2020-11,,96.3,,A,Normal value,0,Units,1,One,2015,
DATAFLOW,OECD.SDD.STES:DSD_STES_REVISIONS@DF_STES_REVISIONS(4.0),Short-term economic statistics revisions,I,USA,United States,M,Monthly,PRVM,Production volume,IX,Index,BTE,Industry (except construction),202204,April 2022,2020-11,,96.3,,A,Normal value,0,Units,1,One,2015,
DATAFLOW,OECD.SDD.STES:DSD_STES_REVISIONS@DF_STES_REVISIONS(4.0),Short-term economic statistics revisions,I,USA,United States,M,Monthly,PRVM,Production volume,IX,Index,BTE,Industry (except construction),202204,April 2022,2020-10,,95.79,,A,Normal value,0,Units,1,One,2015,
DATAFLOW,OECD.SDD.STES:DSD_STES_REVISIONS@DF_STES_REVISIONS(4.0),Short-term economic statistics revisions,I,USA,United States,M,Monthly,PRVM,Production volume,IX,Index,BTE,Industry (except construction),202109,September 2021,2020-10,,95.79,,A,Normal value,0,Units,1,One,2015,
DATAFLOW,OECD.SDD.STES:DSD_STES_REVISIONS@DF_STES_REVISIONS(4.0),Short-term economic statistics revisions,I,USA,United States,M,Monthly,PRVM,Production volume,IX,Index,BTE,Industry (except construction),202202,February 2022,2020-10,,95.79,,A,Normal value,0,Units,1,One,2015,
DATAFLOW,OECD.SDD.STES:DSD_STES_REVISIONS@DF_STES_REVISIONS(4.0),Short-term economic statistics revisions,I,USA,United States,M,Monthly,PRVM,Production volume,IX,Index,BTE,Industry (except construction),202102,February 2021,2020-10,,99.51,,A,Normal value,0,Units,1,One,2015,
DATAFLOW,OECD.SDD.STES:DSD_STES_REVISIONS@DF_STES_REVISIONS(4.0),Short-term economic statistics revisions,I,USA,United States,M,Monthly,PRVM,Production volume,IX,Index,BTE,Industry (except construction),202212,December 2022,2020-10,,96.01,,A,Normal value,0,Units,1,One,2015,
DATAFLOW,OECD.SDD.STES:DSD_STES_REVISIONS@DF_STES_REVISIONS(4.0),Short-term economic statistics revisions,I,USA,United States,M,Monthly,PRVM,Production volume,IX,Index,BTE,Industry (except construction),202311,November 2023,2020-10,,95.59,,A,Normal value,0,Units,1,One,2015,
DATAFLOW,OECD.SDD.STES:DSD_STES_REVISIONS@DF_STES_REVISIONS(4.0),Short-term economic statistics revisions,I,USA,United States,M,Monthly,PRVM,Production volume,IX,Index,BTE,Industry (except construction),202208,August 2022,2020-10,,96.01,,A,Normal value,0,Units,1,One,2015,
DATAFLOW,OECD.SDD.STES:DSD_STES_REVISIONS@DF_STES_REVISIONS(4.0),Short-term economic statistics revisions,I,USA,United States,M,Monthly,PRVM,Production volume,IX,Index,BTE,Industry (except construction),202112,December 2021,2020-10,,95.79,,A,Normal value,0,Units,1,One,2015,
DATAFLOW,OECD.SDD.STES:DSD_STES_REVISIONS@DF_STES_REVISIONS(4.0),Short-term economic statistics revisions,I,USA,United States,M,Monthly,PRVM,Production volume,IX,Index,BTE,Industry (except construction),202105,May 2021,2020-10,,99.79,,A,Normal value,0,Units,1,One,2015,
DATAFLOW,OECD.SDD.STES:DSD_STES_REVISIONS@DF_STES_REVISIONS(4.0),Short-term economic statistics revisions,I,USA,United States,M,Monthly,PRVM,Production volume,IX,Index,BTE,Industry (except construction),202104,April 2021,2020-10,,99.74,,A,Normal value,0,Units,1,One,2015,
DATAFLOW,OECD.SDD.STES:DSD_STES_REVISIONS@DF_STES_REVISIONS(4.0),Short-term economic statistics revisions,I,USA,United States,M,Monthly,PRVM,Production volume,IX,Index,BTE,Industry (except construction),202306,June 2023,2020-10,,95.59,,A,Normal value,0,Units,1,One,2015,
DATAFLOW,OECD.SDD.STES:DSD_STES_REVISIONS@DF_STES_REVISIONS(4.0),Short-term economic statistics revisions,I,USA,United States,M,Monthly,PRVM,Production volume,IX,Index,BTE,Industry (except construction),202103,March 2021,2020-10,,99.84,,A,Normal value,0,Units,1,One,2015,
DATAFLOW,OECD.SDD.STES:DSD_STES_REVISIONS@DF_STES_REVISIONS(4.0),Short-term economic statistics revisions,I,USA,United States,M,Monthly,PRVM,Production volume,IX,Index,BTE,Industry (except construction),202110,October 2021,2020-10,,95.79,,A,Normal value,0,Units,1,One,2015,
DATAFLOW,OECD.SDD.STES:DSD_STES_REVISIONS@DF_STES_REVISIONS(4.0),Short-term economic statistics revisions,I,USA,United States,M,Monthly,PRVM,Production volume,IX,Index,BTE,Industry (except construction),202310,October 2023,2020-10,,95.59,,A,Normal value,0,Units,1,One,2015,
DATAFLOW,OECD.SDD.STES:DSD_STES_REVISIONS@DF_STES_REVISIONS(4.0),Short-term economic statistics revisions,I,USA,United States,M,Monthly,PRVM,Production volume,IX,Index,BTE,Industry (except construction),202205,May 2022,2020-10,,95.79,,A,Normal value,0,Units,1,One,2015,
DATAFLOW,OECD.SDD.STES:DSD_STES_REVISIONS@DF_STES_REVISIONS(4.0),Short-term economic statistics revisions,I,USA,United States,M,Monthly,PRVM,Production volume,IX,Index,BTE,Industry (except construction),202203,March 2022,2020-10,,95.79,,A,Normal value,0,Units,1,One,2015,
DATAFLOW,OECD.SDD.STES:DSD_STES_REVISIONS@DF_STES_REVISIONS(4.0),Short-term economic statistics revisions,I,USA,United States,M,Monthly,PRVM,Production volume,IX,Index,BTE,Industry (except construction),202101,January 2021,2020-10,,99.48,,A,Normal value,0,Units,1,One,2015,
DATAFLOW,OECD.SDD.STES:DSD_STES_REVISIONS@DF_STES_REVISIONS(4.0),Short-term economic statistics revisions,I,USA,United States,M,Monthly,PRVM,Production volume,IX,Index,BTE,Industry (except construction),202305,May 2023,2020-10,,95.59,,A,Normal value,0,Units,1,One,2015,
DATAFLOW,OECD.SDD.STES:DSD_STES_REVISIONS@DF_STES_REVISIONS(4.0),Short-term economic statistics revisions,I,USA,United States,M,Monthly,PRVM,Production volume,IX,Index,BTE,Industry (except construction),202206,June 2022,2020-10,,95.79,,A,Normal value,0,Units,1,One,2015,
DATAFLOW,OECD.SDD.STES:DSD_STES_REVISIONS@DF_STES_REVISIONS(4.0),Short-term economic statistics revisions,I,USA,United States,M,Monthly,PRVM,Production volume,IX,Index,BTE,Industry (except construction),202301,January 2023,2020-10,,96.01,,A,Normal value,0,Units,1,One,2015,
DATAFLOW,OECD.SDD.STES:DSD_STES_REVISIONS@DF_STES_REVISIONS(4.0),Short-term economic statistics revisions,I,USA,United States,M,Monthly,PRVM,Production volume,IX,Index,BTE,Industry (except construction),202303,March 2023,2020-10,,96.01,,A,Normal value,0,Units,1,One,2015,
DATAFLOW,OECD.SDD.STES:DSD_STES_REVISIONS@DF_STES_REVISIONS(4.0),Short-term economic statistics revisions,I,USA,United States,M,Monthly,PRVM,Production volume,IX,Index,BTE,Industry (except construction),202111,November 2021,2020-10,,95.79,,A,Normal value,0,Units,1,One,2015,
DATAFLOW,OECD.SDD.STES:DSD_STES_REVISIONS@DF_STES_REVISIONS(4.0),Short-term economic statistics revisions,I,USA,United States,M,Monthly,PRVM,Production volume,IX,Index,BTE,Industry (except construction),202307,July 2023,2020-10,,95.59,,A,Normal value,0,Units,1,One,2015,
DATAFLOW,OECD.SDD.STES:DSD_STES_REVISIONS@DF_STES_REVISIONS(4.0),Short-term economic statistics revisions,I,USA,United States,M,Monthly,PRVM,Production volume,IX,Index,BTE,Industry (except construction),202201,January 2022,2020-10,,95.79,,A,Normal value,0,Units,1,One,2015,
DATAFLOW,OECD.SDD.STES:DSD_STES_REVISIONS@DF_STES_REVISIONS(4.0),Short-term economic statistics revisions,I,USA,United States,M,Monthly,PRVM,Production volume,IX,Index,BTE,Industry (except construction),202106,June 2021,2020-10,,99.79,,A,Normal value,0,Units,1,One,2015,
DATAFLOW,OECD.SDD.STES:DSD_STES_REVISIONS@DF_STES_REVISIONS(4.0),Short-term economic statistics revisions,I,USA,United States,M,Monthly,PRVM,Production volume,IX,Index,BTE,Industry (except construction),202308,August 2023,2020-10,,95.59,,A,Normal value,0,Units,1,One,2015,
DATAFLOW,OECD.SDD.STES:DSD_STES_REVISIONS@DF_STES_REVISIONS(4.0),Short-term economic statistics revisions,I,USA,United States,M,Monthly,PRVM,Production volume,IX,Index,BTE,Industry (except construction),202210,October 2022,2020-10,,96.01,,A,Normal value,0,Units,1,One,2015,
DATAFLOW,OECD.SDD.STES:DSD_STES_REVISIONS@DF_STES_REVISIONS(4.0),Short-term economic statistics revisions,I,USA,United States,M,Monthly,PRVM,Production volume,IX,Index,BTE,Industry (except construction),202304,April 2023,2020-10,,95.59,,A,Normal value,0,Units,1,One,2015,
DATAFLOW,OECD.SDD.STES:DSD_STES_REVISIONS@DF_STES_REVISIONS(4.0),Short-term economic statistics revisions,I,USA,United States,M,Monthly,PRVM,Production volume,IX,Index,BTE,Industry (except construction),202108,August 2021,2020-10,,95.79,,A,Normal value,0,Units,1,One,2015,
DATAFLOW,OECD.SDD.STES:DSD_STES_REVISIONS@DF_STES_REVISIONS(4.0),Short-term economic statistics revisions,I,USA,United States,M,Monthly,PRVM,Production volume,IX,Index,BTE,Industry (except construction),202312,December 2023,2020-10,,95.59,,A,Normal value,0,Units,1,One,2015,
DATAFLOW,OECD.SDD.STES:DSD_STES_REVISIONS@DF_STES_REVISIONS(4.0),Short-term economic statistics revisions,I,USA,United States,M,Monthly,PRVM,Production volume,IX,Index,BTE,Industry (except construction),202209,September 2022,2020-10,,96.01,,A,Normal value,0,Units,1,One,2015,
DATAFLOW,OECD.SDD.STES:DSD_STES_REVISIONS@DF_STES_REVISIONS(4.0),Short-term economic statistics revisions,I,USA,United States,M,Monthly,PRVM,Production volume,IX,Index,BTE,Industry (except construction),202207,July 2022,2020-10,,96.01,,A,Normal value,0,Units,1,One,2015,
DATAFLOW,OECD.SDD.STES:DSD_STES_REVISIONS@DF_STES_REVISIONS(4.0),Short-term economic statistics revisions,I,USA,United States,M,Monthly,PRVM,Production volume,IX,Index,BTE,Industry (except construction),202302,February 2023,2020-10,,96.01,,A,Normal value,0,Units,1,One,2015,
DATAFLOW,OECD.SDD.STES:DSD_STES_REVISIONS@DF_STES_REVISIONS(4.0),Short-term economic statistics revisions,I,USA,United States,M,Monthly,PRVM,Production volume,IX,Index,BTE,Industry (except construction),202107,July 2021,2020-10,,99.79,,A,Normal value,0,Units,1,One,2015,
DATAFLOW,OECD.SDD.STES:DSD_STES_REVISIONS@DF_STES_REVISIONS(4.0),Short-term economic statistics revisions,I,USA,United States,M,Monthly,PRVM,Production volume,IX,Index,BTE,Industry (except construction),202211,November 2022,2020-10,,96.01,,A,Normal value,0,Units,1,One,2015,
DATAFLOW,OECD.SDD.STES:DSD_STES_REVISIONS@DF_STES_REVISIONS(4.0),Short-term economic statistics revisions,I,USA,United States,M,Monthly,PRVM,Production volume,IX,Index,BTE,Industry (except construction),202309,September 2023,2020-10,,95.59,,A,Normal value,0,Units,1,One,2015,
DATAFLOW,OECD.SDD.STES:DSD_STES_REVISIONS@DF_STES_REVISIONS(4.0),Short-term economic statistics revisions,I,USA,United States,M,Monthly,PRVM,Production volume,IX,Index,BTE,Industry (except construction),202012,December 2020,2020-10,,99.13,,A,Normal value,0,Units,1,One,2015,
DATAFLOW,OECD.SDD.STES:DSD_STES_REVISIONS@DF_STES_REVISIONS(4.0),Short-term economic statistics revisions,I,USA,United States,M,Monthly,PRVM,Production volume,IX,Index,BTE,Industry (except construction),202204,April 2022,2020-09,,94.76,,A,Normal value,0,Units,1,One,2015,
DATAFLOW,OECD.SDD.STES:DSD_STES_REVISIONS@DF_STES_REVISIONS(4.0),Short-term economic statistics revisions,I,USA,United States,M,Monthly,PRVM,Production volume,IX,Index,BTE,Industry (except construction),202109,September 2021,2020-09,,94.76,,A,Normal value,0,Units,1,One,2015,
DATAFLOW,OECD.SDD.STES:DSD_STES_REVISIONS@DF_STES_REVISIONS(4.0),Short-term economic statistics revisions,I,USA,United States,M,Monthly,PRVM,Production volume,IX,Index,BTE,Industry (except construction),202202,February 2022,2020-09,,94.76,,A,Normal value,0,Units,1,One,2015,
DATAFLOW,OECD.SDD.STES:DSD_STES_REVISIONS@DF_STES_REVISIONS(4.0),Short-term economic statistics revisions,I,USA,United States,M,Monthly,PRVM,Production volume,IX,Index,BTE,Industry (except construction),202102,February 2021,2020-09,,98.55,,A,Normal value,0,Units,1,One,2015,
DATAFLOW,OECD.SDD.STES:DSD_STES_REVISIONS@DF_STES_REVISIONS(4.0),Short-term economic statistics revisions,I,USA,United States,M,Monthly,PRVM,Production volume,IX,Index,BTE,Industry (except construction),202212,December 2022,2020-09,,95.26,,A,Normal value,0,Units,1,One,2015,
DATAFLOW,OECD.SDD.STES:DSD_STES_REVISIONS@DF_STES_REVISIONS(4.0),Short-term economic statistics revisions,I,USA,United States,M,Monthly,PRVM,Production volume,IX,Index,BTE,Industry (except construction),202311,November 2023,2020-09,,95.01,,A,Normal value,0,Units,1,One,2015,
DATAFLOW,OECD.SDD.STES:DSD_STES_REVISIONS@DF_STES_REVISIONS(4.0),Short-term economic statistics revisions,I,USA,United States,M,Monthly,PRVM,Production volume,IX,Index,BTE,Industry (except construction),202208,August 2022,2020-09,,95.26,,A,Normal value,0,Units,1,One,2015,
DATAFLOW,OECD.SDD.STES:DSD_STES_REVISIONS@DF_STES_REVISIONS(4.0),Short-term economic statistics revisions,I,USA,United States,M,Monthly,PRVM,Production volume,IX,Index,BTE,Industry (except construction),202112,December 2021,2020-09,,94.76,,A,Normal value,0,Units,1,One,2015,
DATAFLOW,OECD.SDD.STES:DSD_STES_REVISIONS@DF_STES_REVISIONS(4.0),Short-term economic statistics revisions,I,USA,United States,M,Monthly,PRVM,Production volume,IX,Index,BTE,Industry (except construction),202105,May 2021,2020-09,,98.74,,A,Normal value,0,Units,1,One,2015,
DATAFLOW,OECD.SDD.STES:DSD_STES_REVISIONS@DF_STES_REVISIONS(4.0),Short-term economic statistics revisions,I,USA,United States,M,Monthly,PRVM,Production volume,IX,Index,BTE,Industry (except construction),202104,April 2021,2020-09,,98.74,,A,Normal value,0,Units,1,One,2015,
DATAFLOW,OECD.SDD.STES:DSD_STES_REVISIONS@DF_STES_REVISIONS(4.0),Short-term economic statistics revisions,I,USA,United States,M,Monthly,PRVM,Production volume,IX,Index,BTE,Industry (except construction),202306,June 2023,2020-09,,95.01,,A,Normal value,0,Units,1,One,2015,
DATAFLOW,OECD.SDD.STES:DSD_STES_REVISIONS@DF_STES_REVISIONS(4.0),Short-term economic statistics revisions,I,USA,United States,M,Monthly,PRVM,Production volume,IX,Index,BTE,Industry (except construction),202103,March 2021,2020-09,,98.72,,A,Normal value,0,Units,1,One,2015,
DATAFLOW,OECD.SDD.STES:DSD_STES_REVISIONS@DF_STES_REVISIONS(4.0),Short-term economic statistics revisions,I,USA,United States,M,Monthly,PRVM,Production volume,IX,Index,BTE,Industry (except construction),202110,October 2021,2020-09,,94.76,,A,Normal value,0,Units,1,One,2015,
DATAFLOW,OECD.SDD.STES:DSD_STES_REVISIONS@DF_STES_REVISIONS(4.0),Short-term economic statistics revisions,I,USA,United States,M,Monthly,PRVM,Production volume,IX,Index,BTE,Industry (except construction),202310,October 2023,2020-09,,95.01,,A,Normal value,0,Units,1,One,2015,
DATAFLOW,OECD.SDD.STES:DSD_STES_REVISIONS@DF_STES_REVISIONS(4.0),Short-term economic statistics revisions,I,USA,United States,M,Monthly,PRVM,Production volume,IX,Index,BTE,Industry (except construction),202205,May 2022,2020-09,,94.76,,A,Normal value,0,Units,1,One,2015,
DATAFLOW,OECD.SDD.STES:DSD_STES_REVISIONS@DF_STES_REVISIONS(4.0),Short-term economic statistics revisions,I,USA,United States,M,Monthly,PRVM,Production volume,IX,Index,BTE,Industry (except construction),202203,March 2022,2020-09,,94.76,,A,Normal value,0,Units,1,One,2015,
DATAFLOW,OECD.SDD.STES:DSD_STES_REVISIONS@DF_STES_REVISIONS(4.0),Short-term economic statistics revisions,I,USA,United States,M,Monthly,PRVM,Production volume,IX,Index,BTE,Industry (except construction),202101,January 2021,2020-09,,98.55,,A,Normal value,0,Units,1,One,2015,
DATAFLOW,OECD.SDD.STES:DSD_STES_REVISIONS@DF_STES_REVISIONS(4.0),Short-term economic statistics revisions,I,USA,United States,M,Monthly,PRVM,Production volume,IX,Index,BTE,Industry (except construction),202305,May 2023,2020-09,,95.01,,A,Normal value,0,Units,1,One,2015,
DATAFLOW,OECD.SDD.STES:DSD_STES_REVISIONS@DF_STES_REVISIONS(4.0),Short-term economic statistics revisions,I,USA,United States,M,Monthly,PRVM,Production volume,IX,Index,BTE,Industry (except construction),202206,June 2022,2020-09,,94.76,,A,Normal value,0,Units,1,One,2015,
DATAFLOW,OECD.SDD.STES:DSD_STES_REVISIONS@DF_STES_REVISIONS(4.0),Short-term economic statistics revisions,I,USA,United States,M,Monthly,PRVM,Production volume,IX,Index,BTE,Industry (except construction),202301,January 2023,2020-09,,95.26,,A,Normal value,0,Units,1,One,2015,
DATAFLOW,OECD.SDD.STES:DSD_STES_REVISIONS@DF_STES_REVISIONS(4.0),Short-term economic statistics revisions,I,USA,United States,M,Monthly,PRVM,Production volume,IX,Index,BTE,Industry (except construction),202303,March 2023,2020-09,,95.26,,A,Normal value,0,Units,1,One,2015,
DATAFLOW,OECD.SDD.STES:DSD_STES_REVISIONS@DF_STES_REVISIONS(4.0),Short-term economic statistics revisions,I,USA,United States,M,Monthly,PRVM,Production volume,IX,Index,BTE,Industry (except construction),202111,November 2021,2020-09,,94.76,,A,Normal value,0,Units,1,One,2015,
DATAFLOW,OECD.SDD.STES:DSD_STES_REVISIONS@DF_STES_REVISIONS(4.0),Short-term economic statistics revisions,I,USA,United States,M,Monthly,PRVM,Production volume,IX,Index,BTE,Industry (except construction),202307,July 2023,2020-09,,95.01,,A,Normal value,0,Units,1,One,2015,
DATAFLOW,OECD.SDD.STES:DSD_STES_REVISIONS@DF_STES_REVISIONS(4.0),Short-term economic statistics revisions,I,USA,United States,M,Monthly,PRVM,Production volume,IX,Index,BTE,Industry (except construction),202201,January 2022,2020-09,,94.76,,A,Normal value,0,Units,1,One,2015,
DATAFLOW,OECD.SDD.STES:DSD_STES_REVISIONS@DF_STES_REVISIONS(4.0),Short-term economic statistics revisions,I,USA,United States,M,Monthly,PRVM,Production volume,IX,Index,BTE,Industry (except construction),202106,June 2021,2020-09,,98.74,,A,Normal value,0,Units,1,One,2015,
DATAFLOW,OECD.SDD.STES:DSD_STES_REVISIONS@DF_STES_REVISIONS(4.0),Short-term economic statistics revisions,I,USA,United States,M,Monthly,PRVM,Production volume,IX,Index,BTE,Industry (except construction),202308,August 2023,2020-09,,95.01,,A,Normal value,0,Units,1,One,2015,
DATAFLOW,OECD.SDD.STES:DSD_STES_REVISIONS@DF_STES_REVISIONS(4.0),Short-term economic statistics revisions,I,USA,United States,M,Monthly,PRVM,Production volume,IX,Index,BTE,Industry (except construction),202210,October 2022,2020-09,,95.26,,A,Normal value,0,Units,1,One,2015,
DATAFLOW,OECD.SDD.STES:DSD_STES_REVISIONS@DF_STES_REVISIONS(4.0),Short-term economic statistics revisions,I,USA,United States,M,Monthly,PRVM,Production volume,IX,Index,BTE,Industry (except construction),202011,November 2020,2020-09,,97.5,,A,Normal value,0,Units,1,One,2015,
DATAFLOW,OECD.SDD.STES:DSD_STES_REVISIONS@DF_STES_REVISIONS(4.0),Short-term economic statistics revisions,I,USA,United States,M,Monthly,PRVM,Production volume,IX,Index,BTE,Industry (except construction),202304,April 2023,2020-09,,95.01,,A,Normal value,0,Units,1,One,2015,
DATAFLOW,OECD.SDD.STES:DSD_STES_REVISIONS@DF_STES_REVISIONS(4.0),Short-term economic statistics revisions,I,USA,United States,M,Monthly,PRVM,Production volume,IX,Index,BTE,Industry (except construction),202108,August 2021,2020-09,,94.76,,A,Normal value,0,Units,1,One,2015,
DATAFLOW,OECD.SDD.STES:DSD_STES_REVISIONS@DF_STES_REVISIONS(4.0),Short-term economic statistics revisions,I,USA,United States,M,Monthly,PRVM,Production volume,IX,Index,BTE,Industry (except construction),202312,December 2023,2020-09,,95.01,,A,Normal value,0,Units,1,One,2015,
DATAFLOW,OECD.SDD.STES:DSD_STES_REVISIONS@DF_STES_REVISIONS(4.0),Short-term economic statistics revisions,I,USA,United States,M,Monthly,PRVM,Production volume,IX,Index,BTE,Industry (except construction),202209,September 2022,2020-09,,95.26,,A,Normal value,0,Units,1,One,2015,
DATAFLOW,OECD.SDD.STES:DSD_STES_REVISIONS@DF_STES_REVISIONS(4.0),Short-term economic statistics revisions,I,USA,United States,M,Monthly,PRVM,Production volume,IX,Index,BTE,Industry (except construction),202302,February 2023,2020-09,,95.26,,A,Normal value,0,Units,1,One,2015,
DATAFLOW,OECD.SDD.STES:DSD_STES_REVISIONS@DF_STES_REVISIONS(4.0),Short-term economic statistics revisions,I,USA,United States,M,Monthly,PRVM,Production volume,IX,Index,BTE,Industry (except construction),202207,July 2022,2020-09,,95.26,,A,Normal value,0,Units,1,One,2015,
DATAFLOW,OECD.SDD.STES:DSD_STES_REVISIONS@DF_STES_REVISIONS(4.0),Short-term economic statistics revisions,I,USA,United States,M,Monthly,PRVM,Production volume,IX,Index,BTE,Industry (except construction),202107,July 2021,2020-09,,98.74,,A,Normal value,0,Units,1,One,2015,
DATAFLOW,OECD.SDD.STES:DSD_STES_REVISIONS@DF_STES_REVISIONS(4.0),Short-term economic statistics revisions,I,USA,United States,M,Monthly,PRVM,Production volume,IX,Index,BTE,Industry (except construction),202309,September 2023,2020-09,,95.01,,A,Normal value,0,Units,1,One,2015,
DATAFLOW,OECD.SDD.STES:DSD_STES_REVISIONS@DF_STES_REVISIONS(4.0),Short-term economic statistics revisions,I,USA,United States,M,Monthly,PRVM,Production volume,IX,Index,BTE,Industry (except construction),202211,November 2022,2020-09,,95.26,,A,Normal value,0,Units,1,One,2015,
DATAFLOW,OECD.SDD.STES:DSD_STES_REVISIONS@DF_STES_REVISIONS(4.0),Short-term economic statistics revisions,I,USA,United States,M,Monthly,PRVM,Production volume,IX,Index,BTE,Industry (except construction),202012,December 2020,2020-09,,98.07,,A,Normal value,0,Units,1,One,2015,
DATAFLOW,OECD.SDD.STES:DSD_STES_REVISIONS@DF_STES_REVISIONS(4.0),Short-term economic statistics revisions,I,USA,United States,M,Monthly,PRVM,Production volume,IX,Index,BTE,Industry (except construction),202012,December 2020,2020-08,,98.44,,A,Normal value,0,Units,1,One,2015,
DATAFLOW,OECD.SDD.STES:DSD_STES_REVISIONS@DF_STES_REVISIONS(4.0),Short-term economic statistics revisions,I,USA,United States,M,Monthly,PRVM,Production volume,IX,Index,BTE,Industry (except construction),202211,November 2022,2020-08,,95.31,,A,Normal value,0,Units,1,One,2015,
DATAFLOW,OECD.SDD.STES:DSD_STES_REVISIONS@DF_STES_REVISIONS(4.0),Short-term economic statistics revisions,I,USA,United States,M,Monthly,PRVM,Production volume,IX,Index,BTE,Industry (except construction),202309,September 2023,2020-08,,95.05,,A,Normal value,0,Units,1,One,2015,
DATAFLOW,OECD.SDD.STES:DSD_STES_REVISIONS@DF_STES_REVISIONS(4.0),Short-term economic statistics revisions,I,USA,United States,M,Monthly,PRVM,Production volume,IX,Index,BTE,Industry (except construction),202107,July 2021,2020-08,,98.83,,A,Normal value,0,Units,1,One,2015,
DATAFLOW,OECD.SDD.STES:DSD_STES_REVISIONS@DF_STES_REVISIONS(4.0),Short-term economic statistics revisions,I,USA,United States,M,Monthly,PRVM,Production volume,IX,Index,BTE,Industry (except construction),202207,July 2022,2020-08,,95.31,,A,Normal value,0,Units,1,One,2015,
DATAFLOW,OECD.SDD.STES:DSD_STES_REVISIONS@DF_STES_REVISIONS(4.0),Short-term economic statistics revisions,I,USA,United States,M,Monthly,PRVM,Production volume,IX,Index,BTE,Industry (except construction),202302,February 2023,2020-08,,95.31,,A,Normal value,0,Units,1,One,2015,
DATAFLOW,OECD.SDD.STES:DSD_STES_REVISIONS@DF_STES_REVISIONS(4.0),Short-term economic statistics revisions,I,USA,United States,M,Monthly,PRVM,Production volume,IX,Index,BTE,Industry (except construction),202209,September 2022,2020-08,,95.31,,A,Normal value,0,Units,1,One,2015,
DATAFLOW,OECD.SDD.STES:DSD_STES_REVISIONS@DF_STES_REVISIONS(4.0),Short-term economic statistics revisions,I,USA,United States,M,Monthly,PRVM,Production volume,IX,Index,BTE,Industry (except construction),202312,December 2023,2020-08,,95.05,,A,Normal value,0,Units,1,One,2015,
DATAFLOW,OECD.SDD.STES:DSD_STES_REVISIONS@DF_STES_REVISIONS(4.0),Short-term economic statistics revisions,I,USA,United States,M,Monthly,PRVM,Production volume,IX,Index,BTE,Industry (except construction),202108,August 2021,2020-08,,95.05,,A,Normal value,0,Units,1,One,2015,
DATAFLOW,OECD.SDD.STES:DSD_STES_REVISIONS@DF_STES_REVISIONS(4.0),Short-term economic statistics revisions,I,USA,United States,M,Monthly,PRVM,Production volume,IX,Index,BTE,Industry (except construction),202304,April 2023,2020-08,,95.05,,A,Normal value,0,Units,1,One,2015,
DATAFLOW,OECD.SDD.STES:DSD_STES_REVISIONS@DF_STES_REVISIONS(4.0),Short-term economic statistics revisions,I,USA,United States,M,Monthly,PRVM,Production volume,IX,Index,BTE,Industry (except construction),202011,November 2020,2020-08,,98.12,,A,Normal value,0,Units,1,One,2015,
DATAFLOW,OECD.SDD.STES:DSD_STES_REVISIONS@DF_STES_REVISIONS(4.0),Short-term economic statistics revisions,I,USA,United States,M,Monthly,PRVM,Production volume,IX,Index,BTE,Industry (except construction),202210,October 2022,2020-08,,95.31,,A,Normal value,0,Units,1,One,2015,
DATAFLOW,OECD.SDD.STES:DSD_STES_REVISIONS@DF_STES_REVISIONS(4.0),Short-term economic statistics revisions,I,USA,United States,M,Monthly,PRVM,Production volume,IX,Index,BTE,Industry (except construction),202308,August 2023,2020-08,,95.05,,A,Normal value,0,Units,1,One,2015,
DATAFLOW,OECD.SDD.STES:DSD_STES_REVISIONS@DF_STES_REVISIONS(4.0),Short-term economic statistics revisions,I,USA,United States,M,Monthly,PRVM,Production volume,IX,Index,BTE,Industry (except construction),202106,June 2021,2020-08,,98.83,,A,Normal value,0,Units,1,One,2015,
DATAFLOW,OECD.SDD.STES:DSD_STES_REVISIONS@DF_STES_REVISIONS(4.0),Short-term economic statistics revisions,I,USA,United States,M,Monthly,PRVM,Production volume,IX,Index,BTE,Industry (except construction),202201,January 2022,2020-08,,95.05,,A,Normal value,0,Units,1,One,2015,
DATAFLOW,OECD.SDD.STES:DSD_STES_REVISIONS@DF_STES_REVISIONS(4.0),Short-term economic statistics revisions,I,USA,United States,M,Monthly,PRVM,Production volume,IX,Index,BTE,Industry (except construction),202212,December 2022,2021-08,,99.99,,A,Normal value,0,Units,1,One,2015,
DATAFLOW,OECD.SDD.STES:DSD_STES_REVISIONS@DF_STES_REVISIONS(4.0),Short-term economic statistics revisions,I,USA,United States,M,Monthly,PRVM,Production volume,IX,Index,BTE,Industry (except construction),202202,February 2022,2021-08,,100.11,,A,Normal value,0,Units,1,One,2015,
DATAFLOW,OECD.SDD.STES:DSD_STES_REVISIONS@DF_STES_REVISIONS(4.0),Short-term economic statistics revisions,I,USA,United States,M,Monthly,PRVM,Production volume,IX,Index,BTE,Industry (except construction),202204,April 2022,2021-08,,100.2,,A,Normal value,0,Units,1,One,2015,
DATAFLOW,OECD.SDD.STES:DSD_STES_REVISIONS@DF_STES_REVISIONS(4.0),Short-term economic statistics revisions,I,USA,United States,M,Monthly,PRVM,Production volume,IX,Index,BTE,Industry (except construction),202204,April 2022,2021-07,,100.28,,A,Normal value,0,Units,1,One,2015,
DATAFLOW,OECD.SDD.STES:DSD_STES_REVISIONS@DF_STES_REVISIONS(4.0),Short-term economic statistics revisions,I,USA,United States,M,Monthly,PRVM,Production volume,IX,Index,BTE,Industry (except construction),202202,February 2022,2021-07,,100.28,,A,Normal value,0,Units,1,One,2015,
DATAFLOW,OECD.SDD.STES:DSD_STES_REVISIONS@DF_STES_REVISIONS(4.0),Short-term economic statistics revisions,I,USA,United States,M,Monthly,PRVM,Production volume,IX,Index,BTE,Industry (except construction),202212,December 2022,2021-07,,100.02,,A,Normal value,0,Units,1,One,2015,
DATAFLOW,OECD.SDD.STES:DSD_STES_REVISIONS@DF_STES_REVISIONS(4.0),Short-term economic statistics revisions,I,USA,United States,M,Monthly,PRVM,Production volume,IX,Index,BTE,Industry (except construction),202311,November 2023,2021-07,,99.25,,A,Normal value,0,Units,1,One,2015,
DATAFLOW,OECD.SDD.STES:DSD_STES_REVISIONS@DF_STES_REVISIONS(4.0),Short-term economic statistics revisions,I,USA,United States,M,Monthly,PRVM,Production volume,IX,Index,BTE,Industry (except construction),202208,August 2022,2021-07,,100.02,,A,Normal value,0,Units,1,One,2015,
DATAFLOW,OECD.SDD.STES:DSD_STES_REVISIONS@DF_STES_REVISIONS(4.0),Short-term economic statistics revisions,I,USA,United States,M,Monthly,PRVM,Production volume,IX,Index,BTE,Industry (except construction),202112,December 2021,2021-07,,100.37,,A,Normal value,0,Units,1,One,2015,
DATAFLOW,OECD.SDD.STES:DSD_STES_REVISIONS@DF_STES_REVISIONS(4.0),Short-term economic statistics revisions,I,USA,United States,M,Monthly,PRVM,Production volume,IX,Index,BTE,Industry (except construction),202306,June 2023,2021-07,,99.25,,A,Normal value,0,Units,1,One,2015,
DATAFLOW,OECD.SDD.STES:DSD_STES_REVISIONS@DF_STES_REVISIONS(4.0),Short-term economic statistics revisions,I,USA,United States,M,Monthly,PRVM,Production volume,IX,Index,BTE,Industry (except construction),202110,October 2021,2021-07,,100.3,,A,Normal value,0,Units,1,One,2015,
DATAFLOW,OECD.SDD.STES:DSD_STES_REVISIONS@DF_STES_REVISIONS(4.0),Short-term economic statistics revisions,I,USA,United States,M,Monthly,PRVM,Production volume,IX,Index,BTE,Industry (except construction),202310,October 2023,2021-07,,99.25,,A,Normal value,0,Units,1,One,2015,
DATAFLOW,OECD.SDD.STES:DSD_STES_REVISIONS@DF_STES_REVISIONS(4.0),Short-term economic statistics revisions,I,USA,United States,M,Monthly,PRVM,Production volume,IX,Index,BTE,Industry (except construction),202205,May 2022,2021-07,,100.28,,A,Normal value,0,Units,1,One,2015,
DATAFLOW,OECD.SDD.STES:DSD_STES_REVISIONS@DF_STES_REVISIONS(4.0),Short-term economic statistics revisions,I,USA,United States,M,Monthly,PRVM,Production volume,IX,Index,BTE,Industry (except construction),202203,March 2022,2021-07,,100.28,,A,Normal value,0,Units,1,One,2015,
DATAFLOW,OECD.SDD.STES:DSD_STES_REVISIONS@DF_STES_REVISIONS(4.0),Short-term economic statistics revisions,I,USA,United States,M,Monthly,PRVM,Production volume,IX,Index,BTE,Industry (except construction),202305,May 2023,2021-07,,99.25,,A,Normal value,0,Units,1,One,2015,
DATAFLOW,OECD.SDD.STES:DSD_STES_REVISIONS@DF_STES_REVISIONS(4.0),Short-term economic statistics revisions,I,USA,United States,M,Monthly,PRVM,Production volume,IX,Index,BTE,Industry (except construction),202301,January 2023,2021-07,,100.02,,A,Normal value,0,Units,1,One,2015,
DATAFLOW,OECD.SDD.STES:DSD_STES_REVISIONS@DF_STES_REVISIONS(4.0),Short-term economic statistics revisions,I,USA,United States,M,Monthly,PRVM,Production volume,IX,Index,BTE,Industry (except construction),202206,June 2022,2021-07,,100.28,,A,Normal value,0,Units,1,One,2015,
DATAFLOW,OECD.SDD.STES:DSD_STES_REVISIONS@DF_STES_REVISIONS(4.0),Short-term economic statistics revisions,I,USA,United States,M,Monthly,PRVM,Production volume,IX,Index,BTE,Industry (except construction),202303,March 2023,2021-07,,100.02,,A,Normal value,0,Units,1,One,2015,
DATAFLOW,OECD.SDD.STES:DSD_STES_REVISIONS@DF_STES_REVISIONS(4.0),Short-term economic statistics revisions,I,USA,United States,M,Monthly,PRVM,Production volume,IX,Index,BTE,Industry (except construction),202111,November 2021,2021-07,,100.52,,A,Normal value,0,Units,1,One,2015,
DATAFLOW,OECD.SDD.STES:DSD_STES_REVISIONS@DF_STES_REVISIONS(4.0),Short-term economic statistics revisions,I,USA,United States,M,Monthly,PRVM,Production volume,IX,Index,BTE,Industry (except construction),202307,July 2023,2021-07,,99.25,,A,Normal value,0,Units,1,One,2015,
DATAFLOW,OECD.SDD.STES:DSD_STES_REVISIONS@DF_STES_REVISIONS(4.0),Short-term economic statistics revisions,I,USA,United States,M,Monthly,PRVM,Production volume,IX,Index,BTE,Industry (except construction),202201,January 2022,2021-07,,100.35,,A,Normal value,0,Units,1,One,2015,
DATAFLOW,OECD.SDD.STES:DSD_STES_REVISIONS@DF_STES_REVISIONS(4.0),Short-term economic statistics revisions,I,USA,United States,M,Monthly,PRVM,Production volume,IX,Index,BTE,Industry (except construction),202308,August 2023,2021-07,,99.25,,A,Normal value,0,Units,1,One,2015,
DATAFLOW,OECD.SDD.STES:DSD_STES_REVISIONS@DF_STES_REVISIONS(4.0),Short-term economic statistics revisions,I,USA,United States,M,Monthly,PRVM,Production volume,IX,Index,BTE,Industry (except construction),202210,October 2022,2021-07,,100.02,,A,Normal value,0,Units,1,One,2015,
DATAFLOW,OECD.SDD.STES:DSD_STES_REVISIONS@DF_STES_REVISIONS(4.0),Short-term economic statistics revisions,I,USA,United States,M,Monthly,PRVM,Production volume,IX,Index,BTE,Industry (except construction),202304,April 2023,2021-07,,99.25,,A,Normal value,0,Units,1,One,2015,
DATAFLOW,OECD.SDD.STES:DSD_STES_REVISIONS@DF_STES_REVISIONS(4.0),Short-term economic statistics revisions,I,USA,United States,M,Monthly,PRVM,Production volume,IX,Index,BTE,Industry (except construction),202312,December 2023,2021-07,,99.25,,A,Normal value,0,Units,1,One,2015,
DATAFLOW,OECD.SDD.STES:DSD_STES_REVISIONS@DF_STES_REVISIONS(4.0),Short-term economic statistics revisions,I,USA,United States,M,Monthly,PRVM,Production volume,IX,Index,BTE,Industry (except construction),202209,September 2022,2021-07,,100.02,,A,Normal value,0,Units,1,One,2015,
DATAFLOW,OECD.SDD.STES:DSD_STES_REVISIONS@DF_STES_REVISIONS(4.0),Short-term economic statistics revisions,I,USA,United States,M,Monthly,PRVM,Production volume,IX,Index,BTE,Industry (except construction),202302,February 2023,2021-07,,100.02,,A,Normal value,0,Units,1,One,2015,
DATAFLOW,OECD.SDD.STES:DSD_STES_REVISIONS@DF_STES_REVISIONS(4.0),Short-term economic statistics revisions,I,USA,United States,M,Monthly,PRVM,Production volume,IX,Index,BTE,Industry (except construction),202207,July 2022,2021-07,,100.02,,A,Normal value,0,Units,1,One,2015,
DATAFLOW,OECD.SDD.STES:DSD_STES_REVISIONS@DF_STES_REVISIONS(4.0),Short-term economic statistics revisions,I,USA,United States,M,Monthly,PRVM,Production volume,IX,Index,BTE,Industry (except construction),202309,September 2023,2021-07,,99.25,,A,Normal value,0,Units,1,One,2015,
DATAFLOW,OECD.SDD.STES:DSD_STES_REVISIONS@DF_STES_REVISIONS(4.0),Short-term economic statistics revisions,I,USA,United States,M,Monthly,PRVM,Production volume,IX,Index,BTE,Industry (except construction),202211,November 2022,2021-07,,100.02,,A,Normal value,0,Units,1,One,2015,
DATAFLOW,OECD.SDD.STES:DSD_STES_REVISIONS@DF_STES_REVISIONS(4.0),Short-term economic statistics revisions,I,USA,United States,M,Monthly,PRVM,Production volume,IX,Index,BTE,Industry (except construction),202204,April 2022,2021-06,,99.59,,A,Normal value,0,Units,1,One,2015,
DATAFLOW,OECD.SDD.STES:DSD_STES_REVISIONS@DF_STES_REVISIONS(4.0),Short-term economic statistics revisions,I,USA,United States,M,Monthly,PRVM,Production volume,IX,Index,BTE,Industry (except construction),202109,September 2021,2021-06,,99.21,,A,Normal value,0,Units,1,One,2015,
DATAFLOW,OECD.SDD.STES:DSD_STES_REVISIONS@DF_STES_REVISIONS(4.0),Short-term economic statistics revisions,I,USA,United States,M,Monthly,PRVM,Production volume,IX,Index,BTE,Industry (except construction),202202,February 2022,2021-06,,99.59,,A,Normal value,0,Units,1,One,2015,
DATAFLOW,OECD.SDD.STES:DSD_STES_REVISIONS@DF_STES_REVISIONS(4.0),Short-term economic statistics revisions,I,USA,United States,M,Monthly,PRVM,Production volume,IX,Index,BTE,Industry (except construction),202212,December 2022,2021-06,,99.35,,A,Normal value,0,Units,1,One,2015,
DATAFLOW,OECD.SDD.STES:DSD_STES_REVISIONS@DF_STES_REVISIONS(4.0),Short-term economic statistics revisions,I,USA,United States,M,Monthly,PRVM,Production volume,IX,Index,BTE,Industry (except construction),202311,November 2023,2021-06,,98.64,,A,Normal value,0,Units,1,One,2015,
DATAFLOW,OECD.SDD.STES:DSD_STES_REVISIONS@DF_STES_REVISIONS(4.0),Short-term economic statistics revisions,I,USA,United States,M,Monthly,PRVM,Production volume,IX,Index,BTE,Industry (except construction),202208,August 2022,2021-06,,99.35,,A,Normal value,0,Units,1,One,2015,
DATAFLOW,OECD.SDD.STES:DSD_STES_REVISIONS@DF_STES_REVISIONS(4.0),Short-term economic statistics revisions,I,USA,United States,M,Monthly,PRVM,Production volume,IX,Index,BTE,Industry (except construction),202112,December 2021,2021-06,,99.55,,A,Normal value,0,Units,1,One,2015,
DATAFLOW,OECD.SDD.STES:DSD_STES_REVISIONS@DF_STES_REVISIONS(4.0),Short-term economic statistics revisions,I,USA,United States,M,Monthly,PRVM,Production volume,IX,Index,BTE,Industry (except construction),202306,June 2023,2021-06,,98.64,,A,Normal value,0,Units,1,One,2015,
DATAFLOW,OECD.SDD.STES:DSD_STES_REVISIONS@DF_STES_REVISIONS(4.0),Short-term economic statistics revisions,I,USA,United States,M,Monthly,PRVM,Production volume,IX,Index,BTE,Industry (except construction),202110,October 2021,2021-06,,99.46,,A,Normal value,0,Units,1,One,2015,
DATAFLOW,OECD.SDD.STES:DSD_STES_REVISIONS@DF_STES_REVISIONS(4.0),Short-term economic statistics revisions,I,USA,United States,M,Monthly,PRVM,Production volume,IX,Index,BTE,Industry (except construction),202310,October 2023,2021-06,,98.64,,A,Normal value,0,Units,1,One,2015,
DATAFLOW,OECD.SDD.STES:DSD_STES_REVISIONS@DF_STES_REVISIONS(4.0),Short-term economic statistics revisions,I,USA,United States,M,Monthly,PRVM,Production volume,IX,Index,BTE,Industry (except construction),202205,May 2022,2021-06,,99.59,,A,Normal value,0,Units,1,One,2015,
DATAFLOW,OECD.SDD.STES:DSD_STES_REVISIONS@DF_STES_REVISIONS(4.0),Short-term economic statistics revisions,I,USA,United States,M,Monthly,PRVM,Production volume,IX,Index,BTE,Industry (except construction),202203,March 2022,2021-06,,99.59,,A,Normal value,0,Units,1,One,2015,
DATAFLOW,OECD.SDD.STES:DSD_STES_REVISIONS@DF_STES_REVISIONS(4.0),Short-term economic statistics revisions,I,USA,United States,M,Monthly,PRVM,Production volume,IX,Index,BTE,Industry (except construction),202305,May 2023,2021-06,,98.64,,A,Normal value,0,Units,1,One,2015,
DATAFLOW,OECD.SDD.STES:DSD_STES_REVISIONS@DF_STES_REVISIONS(4.0),Short-term economic statistics revisions,I,USA,United States,M,Monthly,PRVM,Production volume,IX,Index,BTE,Industry (except construction),202301,January 2023,2021-06,,99.35,,A,Normal value,0,Units,1,One,2015,
DATAFLOW,OECD.SDD.STES:DSD_STES_REVISIONS@DF_STES_REVISIONS(4.0),Short-term economic statistics revisions,I,USA,United States,M,Monthly,PRVM,Production volume,IX,Index,BTE,Industry (except construction),202206,June 2022,2021-06,,99.59,,A,Normal value,0,Units,1,One,2015,
DATAFLOW,OECD.SDD.STES:DSD_STES_REVISIONS@DF_STES_REVISIONS(4.0),Short-term economic statistics revisions,I,USA,United States,M,Monthly,PRVM,Production volume,IX,Index,BTE,Industry (except construction),202303,March 2023,2021-06,,99.35,,A,Normal value,0,Units,1,One,2015,
DATAFLOW,OECD.SDD.STES:DSD_STES_REVISIONS@DF_STES_REVISIONS(4.0),Short-term economic statistics revisions,I,USA,United States,M,Monthly,PRVM,Production volume,IX,Index,BTE,Industry (except construction),202111,November 2021,2021-06,,99.54,,A,Normal value,0,Units,1,One,2015,
DATAFLOW,OECD.SDD.STES:DSD_STES_REVISIONS@DF_STES_REVISIONS(4.0),Short-term economic statistics revisions,I,USA,United States,M,Monthly,PRVM,Production volume,IX,Index,BTE,Industry (except construction),202307,July 2023,2021-06,,98.64,,A,Normal value,0,Units,1,One,2015,
DATAFLOW,OECD.SDD.STES:DSD_STES_REVISIONS@DF_STES_REVISIONS(4.0),Short-term economic statistics revisions,I,USA,United States,M,Monthly,PRVM,Production volume,IX,Index,BTE,Industry (except construction),202201,January 2022,2021-06,,99.59,,A,Normal value,0,Units,1,One,2015,
DATAFLOW,OECD.SDD.STES:DSD_STES_REVISIONS@DF_STES_REVISIONS(4.0),Short-term economic statistics revisions,I,USA,United States,M,Monthly,PRVM,Production volume,IX,Index,BTE,Industry (except construction),202308,August 2023,2021-06,,98.64,,A,Normal value,0,Units,1,One,2015,
DATAFLOW,OECD.SDD.STES:DSD_STES_REVISIONS@DF_STES_REVISIONS(4.0),Short-term economic statistics revisions,I,USA,United States,M,Monthly,PRVM,Production volume,IX,Index,BTE,Industry (except construction),202210,October 2022,2021-06,,99.35,,A,Normal value,0,Units,1,One,2015,
DATAFLOW,OECD.SDD.STES:DSD_STES_REVISIONS@DF_STES_REVISIONS(4.0),Short-term economic statistics revisions,I,USA,United States,M,Monthly,PRVM,Production volume,IX,Index,BTE,Industry (except construction),202304,April 2023,2021-06,,98.64,,A,Normal value,0,Units,1,One,2015,
DATAFLOW,OECD.SDD.STES:DSD_STES_REVISIONS@DF_STES_REVISIONS(4.0),Short-term economic statistics revisions,I,USA,United States,M,Monthly,PRVM,Production volume,IX,Index,BTE,Industry (except construction),202108,August 2021,2021-06,,99.21,,A,Normal value,0,Units,1,One,2015,
DATAFLOW,OECD.SDD.STES:DSD_STES_REVISIONS@DF_STES_REVISIONS(4.0),Short-term economic statistics revisions,I,USA,United States,M,Monthly,PRVM,Production volume,IX,Index,BTE,Industry (except construction),202312,December 2023,2021-06,,98.64,,A,Normal value,0,Units,1,One,2015,
DATAFLOW,OECD.SDD.STES:DSD_STES_REVISIONS@DF_STES_REVISIONS(4.0),Short-term economic statistics revisions,I,USA,United States,M,Monthly,PRVM,Production volume,IX,Index,BTE,Industry (except construction),202209,September 2022,2021-06,,99.35,,A,Normal value,0,Units,1,One,2015,
DATAFLOW,OECD.SDD.STES:DSD_STES_REVISIONS@DF_STES_REVISIONS(4.0),Short-term economic statistics revisions,I,USA,United States,M,Monthly,PRVM,Production volume,IX,Index,BTE,Industry (except construction),202207,July 2022,2021-06,,99.35,,A,Normal value,0,Units,1,One,2015,
DATAFLOW,OECD.SDD.STES:DSD_STES_REVISIONS@DF_STES_REVISIONS(4.0),Short-term economic statistics revisions,I,USA,United States,M,Monthly,PRVM,Production volume,IX,Index,BTE,Industry (except construction),202302,February 2023,2021-06,,99.35,,A,Normal value,0,Units,1,One,2015,
DATAFLOW,OECD.SDD.STES:DSD_STES_REVISIONS@DF_STES_REVISIONS(4.0),Short-term economic statistics revisions,I,USA,United States,M,Monthly,PRVM,Production volume,IX,Index,BTE,Industry (except construction),202211,November 2022,2021-06,,99.35,,A,Normal value,0,Units,1,One,2015,
DATAFLOW,OECD.SDD.STES:DSD_STES_REVISIONS@DF_STES_REVISIONS(4.0),Short-term economic statistics revisions,I,USA,United States,M,Monthly,PRVM,Production volume,IX,Index,BTE,Industry (except construction),202309,September 2023,2021-06,,98.64,,A,Normal value,0,Units,1,One,2015,
DATAFLOW,OECD.SDD.STES:DSD_STES_REVISIONS@DF_STES_REVISIONS(4.0),Short-term economic statistics revisions,I,USA,United States,M,Monthly,PRVM,Production volume,IX,Index,BTE,Industry (except construction),202309,September 2023,2021-05,,98.29,,A,Normal value,0,Units,1,One,2015,
DATAFLOW,OECD.SDD.STES:DSD_STES_REVISIONS@DF_STES_REVISIONS(4.0),Short-term economic statistics revisions,I,USA,United States,M,Monthly,PRVM,Production volume,IX,Index,BTE,Industry (except construction),202211,November 2022,2021-05,,98.94,,A,Normal value,0,Units,1,One,2015,
DATAFLOW,OECD.SDD.STES:DSD_STES_REVISIONS@DF_STES_REVISIONS(4.0),Short-term economic statistics revisions,I,USA,United States,M,Monthly,PRVM,Production volume,IX,Index,BTE,Industry (except construction),202302,February 2023,2021-05,,98.94,,A,Normal value,0,Units,1,One,2015,
DATAFLOW,OECD.SDD.STES:DSD_STES_REVISIONS@DF_STES_REVISIONS(4.0),Short-term economic statistics revisions,I,USA,United States,M,Monthly,PRVM,Production volume,IX,Index,BTE,Industry (except construction),202207,July 2022,2021-05,,98.94,,A,Normal value,0,Units,1,One,2015,
DATAFLOW,OECD.SDD.STES:DSD_STES_REVISIONS@DF_STES_REVISIONS(4.0),Short-term economic statistics revisions,I,USA,United States,M,Monthly,PRVM,Production volume,IX,Index,BTE,Industry (except construction),202209,September 2022,2021-05,,98.94,,A,Normal value,0,Units,1,One,2015,
DATAFLOW,OECD.SDD.STES:DSD_STES_REVISIONS@DF_STES_REVISIONS(4.0),Short-term economic statistics revisions,I,USA,United States,M,Monthly,PRVM,Production volume,IX,Index,BTE,Industry (except construction),202312,December 2023,2021-05,,98.29,,A,Normal value,0,Units,1,One,2015,
DATAFLOW,OECD.SDD.STES:DSD_STES_REVISIONS@DF_STES_REVISIONS(4.0),Short-term economic statistics revisions,I,USA,United States,M,Monthly,PRVM,Production volume,IX,Index,BTE,Industry (except construction),202108,August 2021,2021-05,,98.78,,A,Normal value,0,Units,1,One,2015,
DATAFLOW,OECD.SDD.STES:DSD_STES_REVISIONS@DF_STES_REVISIONS(4.0),Short-term economic statistics revisions,I,USA,United States,M,Monthly,PRVM,Production volume,IX,Index,BTE,Industry (except construction),202304,April 2023,2021-05,,98.29,,A,Normal value,0,Units,1,One,2015,
DATAFLOW,OECD.SDD.STES:DSD_STES_REVISIONS@DF_STES_REVISIONS(4.0),Short-term economic statistics revisions,I,USA,United States,M,Monthly,PRVM,Production volume,IX,Index,BTE,Industry (except construction),202210,October 2022,2021-05,,98.94,,A,Normal value,0,Units,1,One,2015,
DATAFLOW,OECD.SDD.STES:DSD_STES_REVISIONS@DF_STES_REVISIONS(4.0),Short-term economic statistics revisions,I,USA,United States,M,Monthly,PRVM,Production volume,IX,Index,BTE,Industry (except construction),202308,August 2023,2021-05,,98.29,,A,Normal value,0,Units,1,One,2015,
DATAFLOW,OECD.SDD.STES:DSD_STES_REVISIONS@DF_STES_REVISIONS(4.0),Short-term economic statistics revisions,I,USA,United States,M,Monthly,PRVM,Production volume,IX,Index,BTE,Industry (except construction),202201,January 2022,2021-05,,99.04,,A,Normal value,0,Units,1,One,2015,
DATAFLOW,OECD.SDD.STES:DSD_STES_REVISIONS@DF_STES_REVISIONS(4.0),Short-term economic statistics revisions,I,USA,United States,M,Monthly,PRVM,Production volume,IX,Index,BTE,Industry (except construction),202307,July 2023,2021-05,,98.29,,A,Normal value,0,Units,1,One,2015,
DATAFLOW,OECD.SDD.STES:DSD_STES_REVISIONS@DF_STES_REVISIONS(4.0),Short-term economic statistics revisions,I,USA,United States,M,Monthly,PRVM,Production volume,IX,Index,BTE,Industry (except construction),202111,November 2021,2021-05,,99.05,,A,Normal value,0,Units,1,One,2015,
DATAFLOW,OECD.SDD.STES:DSD_STES_REVISIONS@DF_STES_REVISIONS(4.0),Short-term economic statistics revisions,I,USA,United States,M,Monthly,PRVM,Production volume,IX,Index,BTE,Industry (except construction),202303,March 2023,2021-05,,98.94,,A,Normal value,0,Units,1,One,2015,
DATAFLOW,OECD.SDD.STES:DSD_STES_REVISIONS@DF_STES_REVISIONS(4.0),Short-term economic statistics revisions,I,USA,United States,M,Monthly,PRVM,Production volume,IX,Index,BTE,Industry (except construction),202206,June 2022,2021-05,,99.04,,A,Normal value,0,Units,1,One,2015,
DATAFLOW,OECD.SDD.STES:DSD_STES_REVISIONS@DF_STES_REVISIONS(4.0),Short-term economic statistics revisions,I,USA,United States,M,Monthly,PRVM,Production volume,IX,Index,BTE,Industry (except construction),202301,January 2023,2021-05,,98.94,,A,Normal value,0,Units,1,One,2015,
DATAFLOW,OECD.SDD.STES:DSD_STES_REVISIONS@DF_STES_REVISIONS(4.0),Short-term economic statistics revisions,I,USA,United States,M,Monthly,PRVM,Production volume,IX,Index,BTE,Industry (except construction),202305,May 2023,2021-05,,98.29,,A,Normal value,0,Units,1,One,2015,
DATAFLOW,OECD.SDD.STES:DSD_STES_REVISIONS@DF_STES_REVISIONS(4.0),Short-term economic statistics revisions,I,USA,United States,M,Monthly,PRVM,Production volume,IX,Index,BTE,Industry (except construction),202203,March 2022,2021-05,,99.04,,A,Normal value,0,Units,1,One,2015,
DATAFLOW,OECD.SDD.STES:DSD_STES_REVISIONS@DF_STES_REVISIONS(4.0),Short-term economic statistics revisions,I,USA,United States,M,Monthly,PRVM,Production volume,IX,Index,BTE,Industry (except construction),202205,May 2022,2021-05,,99.04,,A,Normal value,0,Units,1,One,2015,
DATAFLOW,OECD.SDD.STES:DSD_STES_REVISIONS@DF_STES_REVISIONS(4.0),Short-term economic statistics revisions,I,USA,United States,M,Monthly,PRVM,Production volume,IX,Index,BTE,Industry (except construction),202310,October 2023,2021-05,,98.29,,A,Normal value,0,Units,1,One,2015,
DATAFLOW,OECD.SDD.STES:DSD_STES_REVISIONS@DF_STES_REVISIONS(4.0),Short-term economic statistics revisions,I,USA,United States,M,Monthly,PRVM,Production volume,IX,Index,BTE,Industry (except construction),202110,October 2021,2021-05,,98.97,,A,Normal value,0,Units,1,One,2015,
DATAFLOW,OECD.SDD.STES:DSD_STES_REVISIONS@DF_STES_REVISIONS(4.0),Short-term economic statistics revisions,I,USA,United States,M,Monthly,PRVM,Production volume,IX,Index,BTE,Industry (except construction),202306,June 2023,2021-05,,98.29,,A,Normal value,0,Units,1,One,2015,
DATAFLOW,OECD.SDD.STES:DSD_STES_REVISIONS@DF_STES_REVISIONS(4.0),Short-term economic statistics revisions,I,USA,United States,M,Monthly,PRVM,Production volume,IX,Index,BTE,Industry (except construction),202112,December 2021,2021-05,,99.04,,A,Normal value,0,Units,1,One,2015,
DATAFLOW,OECD.SDD.STES:DSD_STES_REVISIONS@DF_STES_REVISIONS(4.0),Short-term economic statistics revisions,I,USA,United States,M,Monthly,PRVM,Production volume,IX,Index,BTE,Industry (except construction),202208,August 2022,2021-05,,98.94,,A,Normal value,0,Units,1,One,2015,
DATAFLOW,OECD.SDD.STES:DSD_STES_REVISIONS@DF_STES_REVISIONS(4.0),Short-term economic statistics revisions,I,USA,United States,M,Monthly,PRVM,Production volume,IX,Index,BTE,Industry (except construction),202311,November 2023,2021-05,,98.29,,A,Normal value,0,Units,1,One,2015,
DATAFLOW,OECD.SDD.STES:DSD_STES_REVISIONS@DF_STES_REVISIONS(4.0),Short-term economic statistics revisions,I,USA,United States,M,Monthly,PRVM,Production volume,IX,Index,BTE,Industry (except construction),202212,December 2022,2021-05,,98.94,,A,Normal value,0,Units,1,One,2015,
DATAFLOW,OECD.SDD.STES:DSD_STES_REVISIONS@DF_STES_REVISIONS(4.0),Short-term economic statistics revisions,I,USA,United States,M,Monthly,PRVM,Production volume,IX,Index,BTE,Industry (except construction),202202,February 2022,2021-05,,99.04,,A,Normal value,0,Units,1,One,2015,
DATAFLOW,OECD.SDD.STES:DSD_STES_REVISIONS@DF_STES_REVISIONS(4.0),Short-term economic statistics revisions,I,USA,United States,M,Monthly,PRVM,Production volume,IX,Index,BTE,Industry (except construction),202109,September 2021,2021-05,,98.78,,A,Normal value,0,Units,1,One,2015,
DATAFLOW,OECD.SDD.STES:DSD_STES_REVISIONS@DF_STES_REVISIONS(4.0),Short-term economic statistics revisions,I,USA,United States,M,Monthly,PRVM,Production volume,IX,Index,BTE,Industry (except construction),202204,April 2022,2021-05,,99.04,,A,Normal value,0,Units,1,One,2015,
DATAFLOW,OECD.SDD.STES:DSD_STES_REVISIONS@DF_STES_REVISIONS(4.0),Short-term economic statistics revisions,I,USA,United States,M,Monthly,PRVM,Production volume,IX,Index,BTE,Industry (except construction),202204,April 2022,2021-04,,98.37,,A,Normal value,0,Units,1,One,2015,
DATAFLOW,OECD.SDD.STES:DSD_STES_REVISIONS@DF_STES_REVISIONS(4.0),Short-term economic statistics revisions,I,USA,United States,M,Monthly,PRVM,Production volume,IX,Index,BTE,Industry (except construction),202109,September 2021,2021-04,,98.09,,A,Normal value,0,Units,1,One,2015,
DATAFLOW,OECD.SDD.STES:DSD_STES_REVISIONS@DF_STES_REVISIONS(4.0),Short-term economic statistics revisions,I,USA,United States,M,Monthly,PRVM,Production volume,IX,Index,BTE,Industry (except construction),202202,February 2022,2021-04,,98.37,,A,Normal value,0,Units,1,One,2015,
DATAFLOW,OECD.SDD.STES:DSD_STES_REVISIONS@DF_STES_REVISIONS(4.0),Short-term economic statistics revisions,I,USA,United States,M,Monthly,PRVM,Production volume,IX,Index,BTE,Industry (except construction),202212,December 2022,2021-04,,98.19,,A,Normal value,0,Units,1,One,2015,
DATAFLOW,OECD.SDD.STES:DSD_STES_REVISIONS@DF_STES_REVISIONS(4.0),Short-term economic statistics revisions,I,USA,United States,M,Monthly,PRVM,Production volume,IX,Index,BTE,Industry (except construction),202311,November 2023,2021-04,,97.43,,A,Normal value,0,Units,1,One,2015,
DATAFLOW,OECD.SDD.STES:DSD_STES_REVISIONS@DF_STES_REVISIONS(4.0),Short-term economic statistics revisions,I,USA,United States,M,Monthly,PRVM,Production volume,IX,Index,BTE,Industry (except construction),202208,August 2022,2021-04,,98.19,,A,Normal value,0,Units,1,One,2015,
DATAFLOW,OECD.SDD.STES:DSD_STES_REVISIONS@DF_STES_REVISIONS(4.0),Short-term economic statistics revisions,I,USA,United States,M,Monthly,PRVM,Production volume,IX,Index,BTE,Industry (except construction),202112,December 2021,2021-04,,98.37,,A,Normal value,0,Units,1,One,2015,
DATAFLOW,OECD.SDD.STES:DSD_STES_REVISIONS@DF_STES_REVISIONS(4.0),Short-term economic statistics revisions,I,USA,United States,M,Monthly,PRVM,Production volume,IX,Index,BTE,Industry (except construction),202306,June 2023,2021-04,,97.43,,A,Normal value,0,Units,1,One,2015,
DATAFLOW,OECD.SDD.STES:DSD_STES_REVISIONS@DF_STES_REVISIONS(4.0),Short-term economic statistics revisions,I,USA,United States,M,Monthly,PRVM,Production volume,IX,Index,BTE,Industry (except construction),202110,October 2021,2021-04,,98.36,,A,Normal value,0,Units,1,One,2015,
DATAFLOW,OECD.SDD.STES:DSD_STES_REVISIONS@DF_STES_REVISIONS(4.0),Short-term economic statistics revisions,I,USA,United States,M,Monthly,PRVM,Production volume,IX,Index,BTE,Industry (except construction),202310,October 2023,2021-04,,97.43,,A,Normal value,0,Units,1,One,2015,
DATAFLOW,OECD.SDD.STES:DSD_STES_REVISIONS@DF_STES_REVISIONS(4.0),Short-term economic statistics revisions,I,USA,United States,M,Monthly,PRVM,Production volume,IX,Index,BTE,Industry (except construction),202205,May 2022,2021-04,,98.37,,A,Normal value,0,Units,1,One,2015,
DATAFLOW,OECD.SDD.STES:DSD_STES_REVISIONS@DF_STES_REVISIONS(4.0),Short-term economic statistics revisions,I,USA,United States,M,Monthly,PRVM,Production volume,IX,Index,BTE,Industry (except construction),202203,March 2022,2021-04,,98.37,,A,Normal value,0,Units,1,One,2015,
DATAFLOW,OECD.SDD.STES:DSD_STES_REVISIONS@DF_STES_REVISIONS(4.0),Short-term economic statistics revisions,I,USA,United States,M,Monthly,PRVM,Production volume,IX,Index,BTE,Industry (except construction),202305,May 2023,2021-04,,97.43,,A,Normal value,0,Units,1,One,2015,
DATAFLOW,OECD.SDD.STES:DSD_STES_REVISIONS@DF_STES_REVISIONS(4.0),Short-term economic statistics revisions,I,USA,United States,M,Monthly,PRVM,Production volume,IX,Index,BTE,Industry (except construction),202301,January 2023,2021-04,,98.19,,A,Normal value,0,Units,1,One,2015,
DATAFLOW,OECD.SDD.STES:DSD_STES_REVISIONS@DF_STES_REVISIONS(4.0),Short-term economic statistics revisions,I,USA,United States,M,Monthly,PRVM,Production volume,IX,Index,BTE,Industry (except construction),202206,June 2022,2021-04,,98.37,,A,Normal value,0,Units,1,One,2015,
DATAFLOW,OECD.SDD.STES:DSD_STES_REVISIONS@DF_STES_REVISIONS(4.0),Short-term economic statistics revisions,I,USA,United States,M,Monthly,PRVM,Production volume,IX,Index,BTE,Industry (except construction),202303,March 2023,2021-04,,98.19,,A,Normal value,0,Units,1,One,2015,
DATAFLOW,OECD.SDD.STES:DSD_STES_REVISIONS@DF_STES_REVISIONS(4.0),Short-term economic statistics revisions,I,USA,United States,M,Monthly,PRVM,Production volume,IX,Index,BTE,Industry (except construction),202111,November 2021,2021-04,,98.37,,A,Normal value,0,Units,1,One,2015,
DATAFLOW,OECD.SDD.STES:DSD_STES_REVISIONS@DF_STES_REVISIONS(4.0),Short-term economic statistics revisions,I,USA,United States,M,Monthly,PRVM,Production volume,IX,Index,BTE,Industry (except construction),202307,July 2023,2021-04,,97.43,,A,Normal value,0,Units,1,One,2015,
DATAFLOW,OECD.SDD.STES:DSD_STES_REVISIONS@DF_STES_REVISIONS(4.0),Short-term economic statistics revisions,I,USA,United States,M,Monthly,PRVM,Production volume,IX,Index,BTE,Industry (except construction),202201,January 2022,2021-04,,98.37,,A,Normal value,0,Units,1,One,2015,
DATAFLOW,OECD.SDD.STES:DSD_STES_REVISIONS@DF_STES_REVISIONS(4.0),Short-term economic statistics revisions,I,USA,United States,M,Monthly,PRVM,Production volume,IX,Index,BTE,Industry (except construction),202308,August 2023,2021-04,,97.43,,A,Normal value,0,Units,1,One,2015,
DATAFLOW,OECD.SDD.STES:DSD_STES_REVISIONS@DF_STES_REVISIONS(4.0),Short-term economic statistics revisions,I,USA,United States,M,Monthly,PRVM,Production volume,IX,Index,BTE,Industry (except construction),202210,October 2022,2021-04,,98.19,,A,Normal value,0,Units,1,One,2015,
DATAFLOW,OECD.SDD.STES:DSD_STES_REVISIONS@DF_STES_REVISIONS(4.0),Short-term economic statistics revisions,I,USA,United States,M,Monthly,PRVM,Production volume,IX,Index,BTE,Industry (except construction),202304,April 2023,2021-04,,97.43,,A,Normal value,0,Units,1,One,2015,
DATAFLOW,OECD.SDD.STES:DSD_STES_REVISIONS@DF_STES_REVISIONS(4.0),Short-term economic statistics revisions,I,USA,United States,M,Monthly,PRVM,Production volume,IX,Index,BTE,Industry (except construction),202108,August 2021,2021-04,,98.09,,A,Normal value,0,Units,1,One,2015,
DATAFLOW,OECD.SDD.STES:DSD_STES_REVISIONS@DF_STES_REVISIONS(4.0),Short-term economic statistics revisions,I,USA,United States,M,Monthly,PRVM,Production volume,IX,Index,BTE,Industry (except construction),202312,December 2023,2021-04,,97.43,,A,Normal value,0,Units,1,One,2015,
DATAFLOW,OECD.SDD.STES:DSD_STES_REVISIONS@DF_STES_REVISIONS(4.0),Short-term economic statistics revisions,I,USA,United States,M,Monthly,PRVM,Production volume,IX,Index,BTE,Industry (except construction),202209,September 2022,2021-04,,98.19,,A,Normal value,0,Units,1,One,2015,
DATAFLOW,OECD.SDD.STES:DSD_STES_REVISIONS@DF_STES_REVISIONS(4.0),Short-term economic statistics revisions,I,USA,United States,M,Monthly,PRVM,Production volume,IX,Index,BTE,Industry (except construction),202207,July 2022,2021-04,,98.19,,A,Normal value,0,Units,1,One,2015,
DATAFLOW,OECD.SDD.STES:DSD_STES_REVISIONS@DF_STES_REVISIONS(4.0),Short-term economic statistics revisions,I,USA,United States,M,Monthly,PRVM,Production volume,IX,Index,BTE,Industry (except construction),202302,February 2023,2021-04,,98.19,,A,Normal value,0,Units,1,One,2015,
DATAFLOW,OECD.SDD.STES:DSD_STES_REVISIONS@DF_STES_REVISIONS(4.0),Short-term economic statistics revisions,I,USA,United States,M,Monthly,PRVM,Production volume,IX,Index,BTE,Industry (except construction),202211,November 2022,2021-04,,98.19,,A,Normal value,0,Units,1,One,2015,
DATAFLOW,OECD.SDD.STES:DSD_STES_REVISIONS@DF_STES_REVISIONS(4.0),Short-term economic statistics revisions,I,USA,United States,M,Monthly,PRVM,Production volume,IX,Index,BTE,Industry (except construction),202309,September 2023,2021-04,,97.43,,A,Normal value,0,Units,1,One,2015,
DATAFLOW,OECD.SDD.STES:DSD_STES_REVISIONS@DF_STES_REVISIONS(4.0),Short-term economic statistics revisions,I,USA,United States,M,Monthly,PRVM,Production volume,IX,Index,BTE,Industry (except construction),202204,April 2022,2021-03,,98.29,,A,Normal value,0,Units,1,One,2015,
DATAFLOW,OECD.SDD.STES:DSD_STES_REVISIONS@DF_STES_REVISIONS(4.0),Short-term economic statistics revisions,I,USA,United States,M,Monthly,PRVM,Production volume,IX,Index,BTE,Industry (except construction),202109,September 2021,2021-03,,98.07,,A,Normal value,0,Units,1,One,2015,
DATAFLOW,OECD.SDD.STES:DSD_STES_REVISIONS@DF_STES_REVISIONS(4.0),Short-term economic statistics revisions,I,USA,United States,M,Monthly,PRVM,Production volume,IX,Index,BTE,Industry (except construction),202202,February 2022,2021-03,,98.29,,A,Normal value,0,Units,1,One,2015,
DATAFLOW,OECD.SDD.STES:DSD_STES_REVISIONS@DF_STES_REVISIONS(4.0),Short-term economic statistics revisions,I,USA,United States,M,Monthly,PRVM,Production volume,IX,Index,BTE,Industry (except construction),202212,December 2022,2021-03,,98.03,,A,Normal value,0,Units,1,One,2015,
DATAFLOW,OECD.SDD.STES:DSD_STES_REVISIONS@DF_STES_REVISIONS(4.0),Short-term economic statistics revisions,I,USA,United States,M,Monthly,PRVM,Production volume,IX,Index,BTE,Industry (except construction),202311,November 2023,2021-03,,97.28,,A,Normal value,0,Units,1,One,2015,
DATAFLOW,OECD.SDD.STES:DSD_STES_REVISIONS@DF_STES_REVISIONS(4.0),Short-term economic statistics revisions,I,USA,United States,M,Monthly,PRVM,Production volume,IX,Index,BTE,Industry (except construction),202208,August 2022,2021-03,,98.03,,A,Normal value,0,Units,1,One,2015,
DATAFLOW,OECD.SDD.STES:DSD_STES_REVISIONS@DF_STES_REVISIONS(4.0),Short-term economic statistics revisions,I,USA,United States,M,Monthly,PRVM,Production volume,IX,Index,BTE,Industry (except construction),202112,December 2021,2021-03,,98.29,,A,Normal value,0,Units,1,One,2015,
DATAFLOW,OECD.SDD.STES:DSD_STES_REVISIONS@DF_STES_REVISIONS(4.0),Short-term economic statistics revisions,I,USA,United States,M,Monthly,PRVM,Production volume,IX,Index,BTE,Industry (except construction),202105,May 2021,2021-03,,101.41,,A,Normal value,0,Units,1,One,2015,
DATAFLOW,OECD.SDD.STES:DSD_STES_REVISIONS@DF_STES_REVISIONS(4.0),Short-term economic statistics revisions,I,USA,United States,M,Monthly,PRVM,Production volume,IX,Index,BTE,Industry (except construction),202306,June 2023,2021-03,,97.28,,A,Normal value,0,Units,1,One,2015,
DATAFLOW,OECD.SDD.STES:DSD_STES_REVISIONS@DF_STES_REVISIONS(4.0),Short-term economic statistics revisions,I,USA,United States,M,Monthly,PRVM,Production volume,IX,Index,BTE,Industry (except construction),202110,October 2021,2021-03,,98.29,,A,Normal value,0,Units,1,One,2015,
DATAFLOW,OECD.SDD.STES:DSD_STES_REVISIONS@DF_STES_REVISIONS(4.0),Short-term economic statistics revisions,I,USA,United States,M,Monthly,PRVM,Production volume,IX,Index,BTE,Industry (except construction),202310,October 2023,2021-03,,97.28,,A,Normal value,0,Units,1,One,2015,
DATAFLOW,OECD.SDD.STES:DSD_STES_REVISIONS@DF_STES_REVISIONS(4.0),Short-term economic statistics revisions,I,USA,United States,M,Monthly,PRVM,Production volume,IX,Index,BTE,Industry (except construction),202205,May 2022,2021-03,,98.29,,A,Normal value,0,Units,1,One,2015,
DATAFLOW,OECD.SDD.STES:DSD_STES_REVISIONS@DF_STES_REVISIONS(4.0),Short-term economic statistics revisions,I,USA,United States,M,Monthly,PRVM,Production volume,IX,Index,BTE,Industry (except construction),202203,March 2022,2021-03,,98.29,,A,Normal value,0,Units,1,One,2015,
DATAFLOW,OECD.SDD.STES:DSD_STES_REVISIONS@DF_STES_REVISIONS(4.0),Short-term economic statistics revisions,I,USA,United States,M,Monthly,PRVM,Production volume,IX,Index,BTE,Industry (except construction),202305,May 2023,2021-03,,97.28,,A,Normal value,0,Units,1,One,2015,
DATAFLOW,OECD.SDD.STES:DSD_STES_REVISIONS@DF_STES_REVISIONS(4.0),Short-term economic statistics revisions,I,USA,United States,M,Monthly,PRVM,Production volume,IX,Index,BTE,Industry (except construction),202206,June 2022,2021-03,,98.29,,A,Normal value,0,Units,1,One,2015,
DATAFLOW,OECD.SDD.STES:DSD_STES_REVISIONS@DF_STES_REVISIONS(4.0),Short-term economic statistics revisions,I,USA,United States,M,Monthly,PRVM,Production volume,IX,Index,BTE,Industry (except construction),202301,January 2023,2021-03,,98.03,,A,Normal value,0,Units,1,One,2015,
DATAFLOW,OECD.SDD.STES:DSD_STES_REVISIONS@DF_STES_REVISIONS(4.0),Short-term economic statistics revisions,I,USA,United States,M,Monthly,PRVM,Production volume,IX,Index,BTE,Industry (except construction),202303,March 2023,2021-03,,98.03,,A,Normal value,0,Units,1,One,2015,
DATAFLOW,OECD.SDD.STES:DSD_STES_REVISIONS@DF_STES_REVISIONS(4.0),Short-term economic statistics revisions,I,USA,United States,M,Monthly,PRVM,Production volume,IX,Index,BTE,Industry (except construction),202111,November 2021,2021-03,,98.29,,A,Normal value,0,Units,1,One,2015,
DATAFLOW,OECD.SDD.STES:DSD_STES_REVISIONS@DF_STES_REVISIONS(4.0),Short-term economic statistics revisions,I,USA,United States,M,Monthly,PRVM,Production volume,IX,Index,BTE,Industry (except construction),202307,July 2023,2021-03,,97.28,,A,Normal value,0,Units,1,One,2015,
DATAFLOW,OECD.SDD.STES:DSD_STES_REVISIONS@DF_STES_REVISIONS(4.0),Short-term economic statistics revisions,I,USA,United States,M,Monthly,PRVM,Production volume,IX,Index,BTE,Industry (except construction),202201,January 2022,2021-03,,98.29,,A,Normal value,0,Units,1,One,2015,
DATAFLOW,OECD.SDD.STES:DSD_STES_REVISIONS@DF_STES_REVISIONS(4.0),Short-term economic statistics revisions,I,USA,United States,M,Monthly,PRVM,Production volume,IX,Index,BTE,Industry (except construction),202106,June 2021,2021-03,,101.41,,A,Normal value,0,Units,1,One,2015,
DATAFLOW,OECD.SDD.STES:DSD_STES_REVISIONS@DF_STES_REVISIONS(4.0),Short-term economic statistics revisions,I,USA,United States,M,Monthly,PRVM,Production volume,IX,Index,BTE,Industry (except construction),202308,August 2023,2021-03,,97.28,,A,Normal value,0,Units,1,One,2015,
DATAFLOW,OECD.SDD.STES:DSD_STES_REVISIONS@DF_STES_REVISIONS(4.0),Short-term economic statistics revisions,I,USA,United States,M,Monthly,PRVM,Production volume,IX,Index,BTE,Industry (except construction),202210,October 2022,2021-03,,98.03,,A,Normal value,0,Units,1,One,2015,
DATAFLOW,OECD.SDD.STES:DSD_STES_REVISIONS@DF_STES_REVISIONS(4.0),Short-term economic statistics revisions,I,USA,United States,M,Monthly,PRVM,Production volume,IX,Index,BTE,Industry (except construction),202304,April 2023,2021-03,,97.28,,A,Normal value,0,Units,1,One,2015,
DATAFLOW,OECD.SDD.STES:DSD_STES_REVISIONS@DF_STES_REVISIONS(4.0),Short-term economic statistics revisions,I,USA,United States,M,Monthly,PRVM,Production volume,IX,Index,BTE,Industry (except construction),202108,August 2021,2021-03,,98.07,,A,Normal value,0,Units,1,One,2015,
DATAFLOW,OECD.SDD.STES:DSD_STES_REVISIONS@DF_STES_REVISIONS(4.0),Short-term economic statistics revisions,I,USA,United States,M,Monthly,PRVM,Production volume,IX,Index,BTE,Industry (except construction),202312,December 2023,2021-03,,97.28,,A,Normal value,0,Units,1,One,2015,
DATAFLOW,OECD.SDD.STES:DSD_STES_REVISIONS@DF_STES_REVISIONS(4.0),Short-term economic statistics revisions,I,USA,United States,M,Monthly,PRVM,Production volume,IX,Index,BTE,Industry (except construction),202209,September 2022,2021-03,,98.03,,A,Normal value,0,Units,1,One,2015,
DATAFLOW,OECD.SDD.STES:DSD_STES_REVISIONS@DF_STES_REVISIONS(4.0),Short-term economic statistics revisions,I,USA,United States,M,Monthly,PRVM,Production volume,IX,Index,BTE,Industry (except construction),202302,February 2023,2021-03,,98.03,,A,Normal value,0,Units,1,One,2015,
DATAFLOW,OECD.SDD.STES:DSD_STES_REVISIONS@DF_STES_REVISIONS(4.0),Short-term economic statistics revisions,I,USA,United States,M,Monthly,PRVM,Production volume,IX,Index,BTE,Industry (except construction),202207,July 2022,2021-03,,98.03,,A,Normal value,0,Units,1,One,2015,
DATAFLOW,OECD.SDD.STES:DSD_STES_REVISIONS@DF_STES_REVISIONS(4.0),Short-term economic statistics revisions,I,USA,United States,M,Monthly,PRVM,Production volume,IX,Index,BTE,Industry (except construction),202107,July 2021,2021-03,,101.41,,A,Normal value,0,Units,1,One,2015,
DATAFLOW,OECD.SDD.STES:DSD_STES_REVISIONS@DF_STES_REVISIONS(4.0),Short-term economic statistics revisions,I,USA,United States,M,Monthly,PRVM,Production volume,IX,Index,BTE,Industry (except construction),202309,September 2023,2021-03,,97.28,,A,Normal value,0,Units,1,One,2015,
DATAFLOW,OECD.SDD.STES:DSD_STES_REVISIONS@DF_STES_REVISIONS(4.0),Short-term economic statistics revisions,I,USA,United States,M,Monthly,PRVM,Production volume,IX,Index,BTE,Industry (except construction),202211,November 2022,2021-03,,98.03,,A,Normal value,0,Units,1,One,2015,
DATAFLOW,OECD.SDD.STES:DSD_STES_REVISIONS@DF_STES_REVISIONS(4.0),Short-term economic statistics revisions,I,USA,United States,M,Monthly,PRVM,Production volume,IX,Index,BTE,Industry (except construction),202211,November 2022,2021-02,,95.41,,A,Normal value,0,Units,1,One,2015,
DATAFLOW,OECD.SDD.STES:DSD_STES_REVISIONS@DF_STES_REVISIONS(4.0),Short-term economic statistics revisions,I,USA,United States,M,Monthly,PRVM,Production volume,IX,Index,BTE,Industry (except construction),202309,September 2023,2021-02,,94.54,,A,Normal value,0,Units,1,One,2015,
DATAFLOW,OECD.SDD.STES:DSD_STES_REVISIONS@DF_STES_REVISIONS(4.0),Short-term economic statistics revisions,I,USA,United States,M,Monthly,PRVM,Production volume,IX,Index,BTE,Industry (except construction),202107,July 2021,2021-02,,99.97,,A,Normal value,0,Units,1,One,2015,
DATAFLOW,OECD.SDD.STES:DSD_STES_REVISIONS@DF_STES_REVISIONS(4.0),Short-term economic statistics revisions,I,USA,United States,M,Monthly,PRVM,Production volume,IX,Index,BTE,Industry (except construction),202207,July 2022,2021-02,,95.41,,A,Normal value,0,Units,1,One,2015,
DATAFLOW,OECD.SDD.STES:DSD_STES_REVISIONS@DF_STES_REVISIONS(4.0),Short-term economic statistics revisions,I,USA,United States,M,Monthly,PRVM,Production volume,IX,Index,BTE,Industry (except construction),202302,February 2023,2021-02,,95.41,,A,Normal value,0,Units,1,One,2015,
DATAFLOW,OECD.SDD.STES:DSD_STES_REVISIONS@DF_STES_REVISIONS(4.0),Short-term economic statistics revisions,I,USA,United States,M,Monthly,PRVM,Production volume,IX,Index,BTE,Industry (except construction),202209,September 2022,2021-02,,95.41,,A,Normal value,0,Units,1,One,2015,
DATAFLOW,OECD.SDD.STES:DSD_STES_REVISIONS@DF_STES_REVISIONS(4.0),Short-term economic statistics revisions,I,USA,United States,M,Monthly,PRVM,Production volume,IX,Index,BTE,Industry (except construction),202312,December 2023,2021-02,,94.54,,A,Normal value,0,Units,1,One,2015,
DATAFLOW,OECD.SDD.STES:DSD_STES_REVISIONS@DF_STES_REVISIONS(4.0),Short-term economic statistics revisions,I,USA,United States,M,Monthly,PRVM,Production volume,IX,Index,BTE,Industry (except construction),202108,August 2021,2021-02,,95.52,,A,Normal value,0,Units,1,One,2015,
DATAFLOW,OECD.SDD.STES:DSD_STES_REVISIONS@DF_STES_REVISIONS(4.0),Short-term economic statistics revisions,I,USA,United States,M,Monthly,PRVM,Production volume,IX,Index,BTE,Industry (except construction),202304,April 2023,2021-02,,94.54,,A,Normal value,0,Units,1,One,2015,
DATAFLOW,OECD.SDD.STES:DSD_STES_REVISIONS@DF_STES_REVISIONS(4.0),Short-term economic statistics revisions,I,USA,United States,M,Monthly,PRVM,Production volume,IX,Index,BTE,Industry (except construction),202210,October 2022,2021-02,,95.41,,A,Normal value,0,Units,1,One,2015,
DATAFLOW,OECD.SDD.STES:DSD_STES_REVISIONS@DF_STES_REVISIONS(4.0),Short-term economic statistics revisions,I,USA,United States,M,Monthly,PRVM,Production volume,IX,Index,BTE,Industry (except construction),202308,August 2023,2021-02,,94.54,,A,Normal value,0,Units,1,One,2015,
DATAFLOW,OECD.SDD.STES:DSD_STES_REVISIONS@DF_STES_REVISIONS(4.0),Short-term economic statistics revisions,I,USA,United States,M,Monthly,PRVM,Production volume,IX,Index,BTE,Industry (except construction),202106,June 2021,2021-02,,99.97,,A,Normal value,0,Units,1,One,2015,
DATAFLOW,OECD.SDD.STES:DSD_STES_REVISIONS@DF_STES_REVISIONS(4.0),Short-term economic statistics revisions,I,USA,United States,M,Monthly,PRVM,Production volume,IX,Index,BTE,Industry (except construction),202201,January 2022,2021-02,,95.55,,A,Normal value,0,Units,1,One,2015,
DATAFLOW,OECD.SDD.STES:DSD_STES_REVISIONS@DF_STES_REVISIONS(4.0),Short-term economic statistics revisions,I,USA,United States,M,Monthly,PRVM,Production volume,IX,Index,BTE,Industry (except construction),202307,July 2023,2021-02,,94.54,,A,Normal value,0,Units,1,One,2015,
DATAFLOW,OECD.SDD.STES:DSD_STES_REVISIONS@DF_STES_REVISIONS(4.0),Short-term economic statistics revisions,I,USA,United States,M,Monthly,PRVM,Production volume,IX,Index,BTE,Industry (except construction),202111,November 2021,2021-02,,95.55,,A,Normal value,0,Units,1,One,2015,
DATAFLOW,OECD.SDD.STES:DSD_STES_REVISIONS@DF_STES_REVISIONS(4.0),Short-term economic statistics revisions,I,USA,United States,M,Monthly,PRVM,Production volume,IX,Index,BTE,Industry (except construction),202303,March 2023,2021-02,,95.41,,A,Normal value,0,Units,1,One,2015,
DATAFLOW,OECD.SDD.STES:DSD_STES_REVISIONS@DF_STES_REVISIONS(4.0),Short-term economic statistics revisions,I,USA,United States,M,Monthly,PRVM,Production volume,IX,Index,BTE,Industry (except construction),202301,January 2023,2021-02,,95.41,,A,Normal value,0,Units,1,One,2015,
DATAFLOW,OECD.SDD.STES:DSD_STES_REVISIONS@DF_STES_REVISIONS(4.0),Short-term economic statistics revisions,I,USA,United States,M,Monthly,PRVM,Production volume,IX,Index,BTE,Industry (except construction),202206,June 2022,2021-02,,95.55,,A,Normal value,0,Units,1,One,2015,
DATAFLOW,OECD.SDD.STES:DSD_STES_REVISIONS@DF_STES_REVISIONS(4.0),Short-term economic statistics revisions,I,USA,United States,M,Monthly,PRVM,Production volume,IX,Index,BTE,Industry (except construction),202305,May 2023,2021-02,,94.54,,A,Normal value,0,Units,1,One,2015,
DATAFLOW,OECD.SDD.STES:DSD_STES_REVISIONS@DF_STES_REVISIONS(4.0),Short-term economic statistics revisions,I,USA,United States,M,Monthly,PRVM,Production volume,IX,Index,BTE,Industry (except construction),202203,March 2022,2021-02,,95.55,,A,Normal value,0,Units,1,One,2015,
DATAFLOW,OECD.SDD.STES:DSD_STES_REVISIONS@DF_STES_REVISIONS(4.0),Short-term economic statistics revisions,I,USA,United States,M,Monthly,PRVM,Production volume,IX,Index,BTE,Industry (except construction),202205,May 2022,2021-02,,95.55,,A,Normal value,0,Units,1,One,2015,
DATAFLOW,OECD.SDD.STES:DSD_STES_REVISIONS@DF_STES_REVISIONS(4.0),Short-term economic statistics revisions,I,USA,United States,M,Monthly,PRVM,Production volume,IX,Index,BTE,Industry (except construction),202310,October 2023,2021-02,,94.54,,A,Normal value,0,Units,1,One,2015,
DATAFLOW,OECD.SDD.STES:DSD_STES_REVISIONS@DF_STES_REVISIONS(4.0),Short-term economic statistics revisions,I,USA,United States,M,Monthly,PRVM,Production volume,IX,Index,BTE,Industry (except construction),202110,October 2021,2021-02,,95.55,,A,Normal value,0,Units,1,One,2015,
DATAFLOW,OECD.SDD.STES:DSD_STES_REVISIONS@DF_STES_REVISIONS(4.0),Short-term economic statistics revisions,I,USA,United States,M,Monthly,PRVM,Production volume,IX,Index,BTE,Industry (except construction),202306,June 2023,2021-02,,94.54,,A,Normal value,0,Units,1,One,2015,
DATAFLOW,OECD.SDD.STES:DSD_STES_REVISIONS@DF_STES_REVISIONS(4.0),Short-term economic statistics revisions,I,USA,United States,M,Monthly,PRVM,Production volume,IX,Index,BTE,Industry (except construction),202104,April 2021,2021-02,,100.52,,A,Normal value,0,Units,1,One,2015,
DATAFLOW,OECD.SDD.STES:DSD_STES_REVISIONS@DF_STES_REVISIONS(4.0),Short-term economic statistics revisions,I,USA,United States,M,Monthly,PRVM,Production volume,IX,Index,BTE,Industry (except construction),202105,May 2021,2021-02,,99.97,,A,Normal value,0,Units,1,One,2015,
DATAFLOW,OECD.SDD.STES:DSD_STES_REVISIONS@DF_STES_REVISIONS(4.0),Short-term economic statistics revisions,I,USA,United States,M,Monthly,PRVM,Production volume,IX,Index,BTE,Industry (except construction),202112,December 2021,2021-02,,95.55,,A,Normal value,0,Units,1,One,2015,
DATAFLOW,OECD.SDD.STES:DSD_STES_REVISIONS@DF_STES_REVISIONS(4.0),Short-term economic statistics revisions,I,USA,United States,M,Monthly,PRVM,Production volume,IX,Index,BTE,Industry (except construction),202208,August 2022,2021-02,,95.41,,A,Normal value,0,Units,1,One,2015,
DATAFLOW,OECD.SDD.STES:DSD_STES_REVISIONS@DF_STES_REVISIONS(4.0),Short-term economic statistics revisions,I,USA,United States,M,Monthly,PRVM,Production volume,IX,Index,BTE,Industry (except construction),202311,November 2023,2021-02,,94.54,,A,Normal value,0,Units,1,One,2015,
DATAFLOW,OECD.SDD.STES:DSD_STES_REVISIONS@DF_STES_REVISIONS(4.0),Short-term economic statistics revisions,I,USA,United States,M,Monthly,PRVM,Production volume,IX,Index,BTE,Industry (except construction),202212,December 2022,2021-02,,95.41,,A,Normal value,0,Units,1,One,2015,
DATAFLOW,OECD.SDD.STES:DSD_STES_REVISIONS@DF_STES_REVISIONS(4.0),Short-term economic statistics revisions,I,USA,United States,M,Monthly,PRVM,Production volume,IX,Index,BTE,Industry (except construction),202202,February 2022,2021-02,,95.55,,A,Normal value,0,Units,1,One,2015,
DATAFLOW,OECD.SDD.STES:DSD_STES_REVISIONS@DF_STES_REVISIONS(4.0),Short-term economic statistics revisions,I,USA,United States,M,Monthly,PRVM,Production volume,IX,Index,BTE,Industry (except construction),202109,September 2021,2021-02,,95.52,,A,Normal value,0,Units,1,One,2015,
DATAFLOW,OECD.SDD.STES:DSD_STES_REVISIONS@DF_STES_REVISIONS(4.0),Short-term economic statistics revisions,I,USA,United States,M,Monthly,PRVM,Production volume,IX,Index,BTE,Industry (except construction),202204,April 2022,2021-02,,95.55,,A,Normal value,0,Units,1,One,2015,
DATAFLOW,OECD.SDD.STES:DSD_STES_REVISIONS@DF_STES_REVISIONS(4.0),Short-term economic statistics revisions,I,USA,United States,M,Monthly,PRVM,Production volume,IX,Index,BTE,Industry (except construction),202204,April 2022,2021-01,,98.53,,A,Normal value,0,Units,1,One,2015,
DATAFLOW,OECD.SDD.STES:DSD_STES_REVISIONS@DF_STES_REVISIONS(4.0),Short-term economic statistics revisions,I,USA,United States,M,Monthly,PRVM,Production volume,IX,Index,BTE,Industry (except construction),202109,September 2021,2021-01,,98.53,,A,Normal value,0,Units,1,One,2015,
DATAFLOW,OECD.SDD.STES:DSD_STES_REVISIONS@DF_STES_REVISIONS(4.0),Short-term economic statistics revisions,I,USA,United States,M,Monthly,PRVM,Production volume,IX,Index,BTE,Industry (except construction),202202,February 2022,2021-01,,98.53,,A,Normal value,0,Units,1,One,2015,
DATAFLOW,OECD.SDD.STES:DSD_STES_REVISIONS@DF_STES_REVISIONS(4.0),Short-term economic statistics revisions,I,USA,United States,M,Monthly,PRVM,Production volume,IX,Index,BTE,Industry (except construction),202212,December 2022,2021-01,,98.43,,A,Normal value,0,Units,1,One,2015,
DATAFLOW,OECD.SDD.STES:DSD_STES_REVISIONS@DF_STES_REVISIONS(4.0),Short-term economic statistics revisions,I,USA,United States,M,Monthly,PRVM,Production volume,IX,Index,BTE,Industry (except construction),202311,November 2023,2021-01,,97.92,,A,Normal value,0,Units,1,One,2015,
DATAFLOW,OECD.SDD.STES:DSD_STES_REVISIONS@DF_STES_REVISIONS(4.0),Short-term economic statistics revisions,I,USA,United States,M,Monthly,PRVM,Production volume,IX,Index,BTE,Industry (except construction),202208,August 2022,2021-01,,98.43,,A,Normal value,0,Units,1,One,2015,
DATAFLOW,OECD.SDD.STES:DSD_STES_REVISIONS@DF_STES_REVISIONS(4.0),Short-term economic statistics revisions,I,USA,United States,M,Monthly,PRVM,Production volume,IX,Index,BTE,Industry (except construction),202302,February 2023,2022-04,,103.39,,A,Normal value,0,Units,1,One,2015,
DATAFLOW,OECD.SDD.STES:DSD_STES_REVISIONS@DF_STES_REVISIONS(4.0),Short-term economic statistics revisions,I,USA,United States,M,Monthly,PRVM,Production volume,IX,Index,BTE,Industry (except construction),202211,November 2022,2022-04,,103.39,,A,Normal value,0,Units,1,One,2015,
DATAFLOW,OECD.SDD.STES:DSD_STES_REVISIONS@DF_STES_REVISIONS(4.0),Short-term economic statistics revisions,I,USA,United States,M,Monthly,PRVM,Production volume,IX,Index,BTE,Industry (except construction),202309,September 2023,2022-04,,101.9,,A,Normal value,0,Units,1,One,2015,
DATAFLOW,OECD.SDD.STES:DSD_STES_REVISIONS@DF_STES_REVISIONS(4.0),Short-term economic statistics revisions,I,USA,United States,M,Monthly,PRVM,Production volume,IX,Index,BTE,Industry (except construction),202212,December 2022,2022-03,,102.7,,A,Normal value,0,Units,1,One,2015,
DATAFLOW,OECD.SDD.STES:DSD_STES_REVISIONS@DF_STES_REVISIONS(4.0),Short-term economic statistics revisions,I,USA,United States,M,Monthly,PRVM,Production volume,IX,Index,BTE,Industry (except construction),202311,November 2023,2022-03,,101.58,,A,Normal value,0,Units,1,One,2015,
DATAFLOW,OECD.SDD.STES:DSD_STES_REVISIONS@DF_STES_REVISIONS(4.0),Short-term economic statistics revisions,I,USA,United States,M,Monthly,PRVM,Production volume,IX,Index,BTE,Industry (except construction),202208,August 2022,2022-03,,102.86,,A,Normal value,0,Units,1,One,2015,
DATAFLOW,OECD.SDD.STES:DSD_STES_REVISIONS@DF_STES_REVISIONS(4.0),Short-term economic statistics revisions,I,USA,United States,M,Monthly,PRVM,Production volume,IX,Index,BTE,Industry (except construction),202306,June 2023,2022-03,,101.58,,A,Normal value,0,Units,1,One,2015,
DATAFLOW,OECD.SDD.STES:DSD_STES_REVISIONS@DF_STES_REVISIONS(4.0),Short-term economic statistics revisions,I,USA,United States,M,Monthly,PRVM,Production volume,IX,Index,BTE,Industry (except construction),202310,October 2023,2022-03,,101.58,,A,Normal value,0,Units,1,One,2015,
DATAFLOW,OECD.SDD.STES:DSD_STES_REVISIONS@DF_STES_REVISIONS(4.0),Short-term economic statistics revisions,I,USA,United States,M,Monthly,PRVM,Production volume,IX,Index,BTE,Industry (except construction),202205,May 2022,2022-03,,103.66,,A,Normal value,0,Units,1,One,2015,
DATAFLOW,OECD.SDD.STES:DSD_STES_REVISIONS@DF_STES_REVISIONS(4.0),Short-term economic statistics revisions,I,USA,United States,M,Monthly,PRVM,Production volume,IX,Index,BTE,Industry (except construction),202305,May 2023,2022-03,,101.58,,A,Normal value,0,Units,1,One,2015,
DATAFLOW,OECD.SDD.STES:DSD_STES_REVISIONS@DF_STES_REVISIONS(4.0),Short-term economic statistics revisions,I,USA,United States,M,Monthly,PRVM,Production volume,IX,Index,BTE,Industry (except construction),202206,June 2022,2022-03,,103.55,,A,Normal value,0,Units,1,One,2015,
DATAFLOW,OECD.SDD.STES:DSD_STES_REVISIONS@DF_STES_REVISIONS(4.0),Short-term economic statistics revisions,I,USA,United States,M,Monthly,PRVM,Production volume,IX,Index,BTE,Industry (except construction),202301,January 2023,2022-03,,102.7,,A,Normal value,0,Units,1,One,2015,
DATAFLOW,OECD.SDD.STES:DSD_STES_REVISIONS@DF_STES_REVISIONS(4.0),Short-term economic statistics revisions,I,USA,United States,M,Monthly,PRVM,Production volume,IX,Index,BTE,Industry (except construction),202303,March 2023,2022-03,,102.7,,A,Normal value,0,Units,1,One,2015,
DATAFLOW,OECD.SDD.STES:DSD_STES_REVISIONS@DF_STES_REVISIONS(4.0),Short-term economic statistics revisions,I,USA,United States,M,Monthly,PRVM,Production volume,IX,Index,BTE,Industry (except construction),202307,July 2023,2022-03,,101.58,,A,Normal value,0,Units,1,One,2015,
DATAFLOW,OECD.SDD.STES:DSD_STES_REVISIONS@DF_STES_REVISIONS(4.0),Short-term economic statistics revisions,I,USA,United States,M,Monthly,PRVM,Production volume,IX,Index,BTE,Industry (except construction),202308,August 2023,2022-03,,101.58,,A,Normal value,0,Units,1,One,2015,
DATAFLOW,OECD.SDD.STES:DSD_STES_REVISIONS@DF_STES_REVISIONS(4.0),Short-term economic statistics revisions,I,USA,United States,M,Monthly,PRVM,Production volume,IX,Index,BTE,Industry (except construction),202210,October 2022,2022-03,,102.7,,A,Normal value,0,Units,1,One,2015,
DATAFLOW,OECD.SDD.STES:DSD_STES_REVISIONS@DF_STES_REVISIONS(4.0),Short-term economic statistics revisions,I,USA,United States,M,Monthly,PRVM,Production volume,IX,Index,BTE,Industry (except construction),202304,April 2023,2022-03,,101.58,,A,Normal value,0,Units,1,One,2015,
DATAFLOW,OECD.SDD.STES:DSD_STES_REVISIONS@DF_STES_REVISIONS(4.0),Short-term economic statistics revisions,I,USA,United States,M,Monthly,PRVM,Production volume,IX,Index,BTE,Industry (except construction),202312,December 2023,2022-03,,101.58,,A,Normal value,0,Units,1,One,2015,
DATAFLOW,OECD.SDD.STES:DSD_STES_REVISIONS@DF_STES_REVISIONS(4.0),Short-term economic statistics revisions,I,USA,United States,M,Monthly,PRVM,Production volume,IX,Index,BTE,Industry (except construction),202209,September 2022,2022-03,,102.75,,A,Normal value,0,Units,1,One,2015,
DATAFLOW,OECD.SDD.STES:DSD_STES_REVISIONS@DF_STES_REVISIONS(4.0),Short-term economic statistics revisions,I,USA,United States,M,Monthly,PRVM,Production volume,IX,Index,BTE,Industry (except construction),202302,February 2023,2022-03,,102.7,,A,Normal value,0,Units,1,One,2015,
DATAFLOW,OECD.SDD.STES:DSD_STES_REVISIONS@DF_STES_REVISIONS(4.0),Short-term economic statistics revisions,I,USA,United States,M,Monthly,PRVM,Production volume,IX,Index,BTE,Industry (except construction),202207,July 2022,2022-03,,102.85,,A,Normal value,0,Units,1,One,2015,
DATAFLOW,OECD.SDD.STES:DSD_STES_REVISIONS@DF_STES_REVISIONS(4.0),Short-term economic statistics revisions,I,USA,United States,M,Monthly,PRVM,Production volume,IX,Index,BTE,Industry (except construction),202309,September 2023,2022-03,,101.58,,A,Normal value,0,Units,1,One,2015,
DATAFLOW,OECD.SDD.STES:DSD_STES_REVISIONS@DF_STES_REVISIONS(4.0),Short-term economic statistics revisions,I,USA,United States,M,Monthly,PRVM,Production volume,IX,Index,BTE,Industry (except construction),202211,November 2022,2022-03,,102.7,,A,Normal value,0,Units,1,One,2015,
DATAFLOW,OECD.SDD.STES:DSD_STES_REVISIONS@DF_STES_REVISIONS(4.0),Short-term economic statistics revisions,I,USA,United States,M,Monthly,PRVM,Production volume,IX,Index,BTE,Industry (except construction),202211,November 2022,2022-02,,102.03,,A,Normal value,0,Units,1,One,2015,
DATAFLOW,OECD.SDD.STES:DSD_STES_REVISIONS@DF_STES_REVISIONS(4.0),Short-term economic statistics revisions,I,USA,United States,M,Monthly,PRVM,Production volume,IX,Index,BTE,Industry (except construction),202309,September 2023,2022-02,,100.79,,A,Normal value,0,Units,1,One,2015,
DATAFLOW,OECD.SDD.STES:DSD_STES_REVISIONS@DF_STES_REVISIONS(4.0),Short-term economic statistics revisions,I,USA,United States,M,Monthly,PRVM,Production volume,IX,Index,BTE,Industry (except construction),202207,July 2022,2022-02,,102.15,,A,Normal value,0,Units,1,One,2015,
DATAFLOW,OECD.SDD.STES:DSD_STES_REVISIONS@DF_STES_REVISIONS(4.0),Short-term economic statistics revisions,I,USA,United States,M,Monthly,PRVM,Production volume,IX,Index,BTE,Industry (except construction),202302,February 2023,2022-02,,102.03,,A,Normal value,0,Units,1,One,2015,
DATAFLOW,OECD.SDD.STES:DSD_STES_REVISIONS@DF_STES_REVISIONS(4.0),Short-term economic statistics revisions,I,USA,United States,M,Monthly,PRVM,Production volume,IX,Index,BTE,Industry (except construction),202209,September 2022,2022-02,,102.03,,A,Normal value,0,Units,1,One,2015,
DATAFLOW,OECD.SDD.STES:DSD_STES_REVISIONS@DF_STES_REVISIONS(4.0),Short-term economic statistics revisions,I,USA,United States,M,Monthly,PRVM,Production volume,IX,Index,BTE,Industry (except construction),202312,December 2023,2022-02,,100.79,,A,Normal value,0,Units,1,One,2015,
DATAFLOW,OECD.SDD.STES:DSD_STES_REVISIONS@DF_STES_REVISIONS(4.0),Short-term economic statistics revisions,I,USA,United States,M,Monthly,PRVM,Production volume,IX,Index,BTE,Industry (except construction),202304,April 2023,2022-02,,100.79,,A,Normal value,0,Units,1,One,2015,
DATAFLOW,OECD.SDD.STES:DSD_STES_REVISIONS@DF_STES_REVISIONS(4.0),Short-term economic statistics revisions,I,USA,United States,M,Monthly,PRVM,Production volume,IX,Index,BTE,Industry (except construction),202210,October 2022,2022-02,,102.03,,A,Normal value,0,Units,1,One,2015,
DATAFLOW,OECD.SDD.STES:DSD_STES_REVISIONS@DF_STES_REVISIONS(4.0),Short-term economic statistics revisions,I,USA,United States,M,Monthly,PRVM,Production volume,IX,Index,BTE,Industry (except construction),202308,August 2023,2022-02,,100.79,,A,Normal value,0,Units,1,One,2015,
DATAFLOW,OECD.SDD.STES:DSD_STES_REVISIONS@DF_STES_REVISIONS(4.0),Short-term economic statistics revisions,I,USA,United States,M,Monthly,PRVM,Production volume,IX,Index,BTE,Industry (except construction),202307,July 2023,2022-02,,100.79,,A,Normal value,0,Units,1,One,2015,
DATAFLOW,OECD.SDD.STES:DSD_STES_REVISIONS@DF_STES_REVISIONS(4.0),Short-term economic statistics revisions,I,USA,United States,M,Monthly,PRVM,Production volume,IX,Index,BTE,Industry (except construction),202303,March 2023,2022-02,,102.03,,A,Normal value,0,Units,1,One,2015,
DATAFLOW,OECD.SDD.STES:DSD_STES_REVISIONS@DF_STES_REVISIONS(4.0),Short-term economic statistics revisions,I,USA,United States,M,Monthly,PRVM,Production volume,IX,Index,BTE,Industry (except construction),202301,January 2023,2022-02,,102.03,,A,Normal value,0,Units,1,One,2015,
DATAFLOW,OECD.SDD.STES:DSD_STES_REVISIONS@DF_STES_REVISIONS(4.0),Short-term economic statistics revisions,I,USA,United States,M,Monthly,PRVM,Production volume,IX,Index,BTE,Industry (except construction),202206,June 2022,2022-02,,102.67,,A,Normal value,0,Units,1,One,2015,
DATAFLOW,OECD.SDD.STES:DSD_STES_REVISIONS@DF_STES_REVISIONS(4.0),Short-term economic statistics revisions,I,USA,United States,M,Monthly,PRVM,Production volume,IX,Index,BTE,Industry (except construction),202305,May 2023,2022-02,,100.79,,A,Normal value,0,Units,1,One,2015,
DATAFLOW,OECD.SDD.STES:DSD_STES_REVISIONS@DF_STES_REVISIONS(4.0),Short-term economic statistics revisions,I,USA,United States,M,Monthly,PRVM,Production volume,IX,Index,BTE,Industry (except construction),202205,May 2022,2022-02,,102.72,,A,Normal value,0,Units,1,One,2015,
DATAFLOW,OECD.SDD.STES:DSD_STES_REVISIONS@DF_STES_REVISIONS(4.0),Short-term economic statistics revisions,I,USA,United States,M,Monthly,PRVM,Production volume,IX,Index,BTE,Industry (except construction),202310,October 2023,2022-02,,100.79,,A,Normal value,0,Units,1,One,2015,
DATAFLOW,OECD.SDD.STES:DSD_STES_REVISIONS@DF_STES_REVISIONS(4.0),Short-term economic statistics revisions,I,USA,United States,M,Monthly,PRVM,Production volume,IX,Index,BTE,Industry (except construction),202306,June 2023,2022-02,,100.79,,A,Normal value,0,Units,1,One,2015,
DATAFLOW,OECD.SDD.STES:DSD_STES_REVISIONS@DF_STES_REVISIONS(4.0),Short-term economic statistics revisions,I,USA,United States,M,Monthly,PRVM,Production volume,IX,Index,BTE,Industry (except construction),202208,August 2022,2022-02,,102.13,,A,Normal value,0,Units,1,One,2015,
DATAFLOW,OECD.SDD.STES:DSD_STES_REVISIONS@DF_STES_REVISIONS(4.0),Short-term economic statistics revisions,I,USA,United States,M,Monthly,PRVM,Production volume,IX,Index,BTE,Industry (except construction),202311,November 2023,2022-02,,100.79,,A,Normal value,0,Units,1,One,2015,
DATAFLOW,OECD.SDD.STES:DSD_STES_REVISIONS@DF_STES_REVISIONS(4.0),Short-term economic statistics revisions,I,USA,United States,M,Monthly,PRVM,Production volume,IX,Index,BTE,Industry (except construction),202212,December 2022,2022-02,,102.03,,A,Normal value,0,Units,1,One,2015,
DATAFLOW,OECD.SDD.STES:DSD_STES_REVISIONS@DF_STES_REVISIONS(4.0),Short-term economic statistics revisions,I,USA,United States,M,Monthly,PRVM,Production volume,IX,Index,BTE,Industry (except construction),202204,April 2022,2022-02,,102.67,,A,Normal value,0,Units,1,One,2015,
DATAFLOW,OECD.SDD.STES:DSD_STES_REVISIONS@DF_STES_REVISIONS(4.0),Short-term economic statistics revisions,I,USA,United States,M,Monthly,PRVM,Production volume,IX,Index,BTE,Industry (except construction),202204,April 2022,2022-01,,102.12,,A,Normal value,0,Units,1,One,2015,
DATAFLOW,OECD.SDD.STES:DSD_STES_REVISIONS@DF_STES_REVISIONS(4.0),Short-term economic statistics revisions,I,USA,United States,M,Monthly,PRVM,Production volume,IX,Index,BTE,Industry (except construction),202212,December 2022,2022-01,,101.29,,A,Normal value,0,Units,1,One,2015,
DATAFLOW,OECD.SDD.STES:DSD_STES_REVISIONS@DF_STES_REVISIONS(4.0),Short-term economic statistics revisions,I,USA,United States,M,Monthly,PRVM,Production volume,IX,Index,BTE,Industry (except construction),202311,November 2023,2022-01,,100.14,,A,Normal value,0,Units,1,One,2015,
DATAFLOW,OECD.SDD.STES:DSD_STES_REVISIONS@DF_STES_REVISIONS(4.0),Short-term economic statistics revisions,I,USA,United States,M,Monthly,PRVM,Production volume,IX,Index,BTE,Industry (except construction),202208,August 2022,2022-01,,101.29,,A,Normal value,0,Units,1,One,2015,
DATAFLOW,OECD.SDD.STES:DSD_STES_REVISIONS@DF_STES_REVISIONS(4.0),Short-term economic statistics revisions,I,USA,United States,M,Monthly,PRVM,Production volume,IX,Index,BTE,Industry (except construction),202306,June 2023,2022-01,,100.14,,A,Normal value,0,Units,1,One,2015,
DATAFLOW,OECD.SDD.STES:DSD_STES_REVISIONS@DF_STES_REVISIONS(4.0),Short-term economic statistics revisions,I,USA,United States,M,Monthly,PRVM,Production volume,IX,Index,BTE,Industry (except construction),202310,October 2023,2022-01,,100.14,,A,Normal value,0,Units,1,One,2015,
DATAFLOW,OECD.SDD.STES:DSD_STES_REVISIONS@DF_STES_REVISIONS(4.0),Short-term economic statistics revisions,I,USA,United States,M,Monthly,PRVM,Production volume,IX,Index,BTE,Industry (except construction),202205,May 2022,2022-01,,101.78,,A,Normal value,0,Units,1,One,2015,
DATAFLOW,OECD.SDD.STES:DSD_STES_REVISIONS@DF_STES_REVISIONS(4.0),Short-term economic statistics revisions,I,USA,United States,M,Monthly,PRVM,Production volume,IX,Index,BTE,Industry (except construction),202203,March 2022,2022-01,,102.56,,A,Normal value,0,Units,1,One,2015,
DATAFLOW,OECD.SDD.STES:DSD_STES_REVISIONS@DF_STES_REVISIONS(4.0),Short-term economic statistics revisions,I,USA,United States,M,Monthly,PRVM,Production volume,IX,Index,BTE,Industry (except construction),202305,May 2023,2022-01,,100.14,,A,Normal value,0,Units,1,One,2015,
DATAFLOW,OECD.SDD.STES:DSD_STES_REVISIONS@DF_STES_REVISIONS(4.0),Short-term economic statistics revisions,I,USA,United States,M,Monthly,PRVM,Production volume,IX,Index,BTE,Industry (except construction),202206,June 2022,2022-01,,101.66,,A,Normal value,0,Units,1,One,2015,
DATAFLOW,OECD.SDD.STES:DSD_STES_REVISIONS@DF_STES_REVISIONS(4.0),Short-term economic statistics revisions,I,USA,United States,M,Monthly,PRVM,Production volume,IX,Index,BTE,Industry (except construction),202301,January 2023,2022-01,,101.29,,A,Normal value,0,Units,1,One,2015,
DATAFLOW,OECD.SDD.STES:DSD_STES_REVISIONS@DF_STES_REVISIONS(4.0),Short-term economic statistics revisions,I,USA,United States,M,Monthly,PRVM,Production volume,IX,Index,BTE,Industry (except construction),202303,March 2023,2022-01,,101.29,,A,Normal value,0,Units,1,One,2015,
DATAFLOW,OECD.SDD.STES:DSD_STES_REVISIONS@DF_STES_REVISIONS(4.0),Short-term economic statistics revisions,I,USA,United States,M,Monthly,PRVM,Production volume,IX,Index,BTE,Industry (except construction),202307,July 2023,2022-01,,100.14,,A,Normal value,0,Units,1,One,2015,
DATAFLOW,OECD.SDD.STES:DSD_STES_REVISIONS@DF_STES_REVISIONS(4.0),Short-term economic statistics revisions,I,USA,United States,M,Monthly,PRVM,Production volume,IX,Index,BTE,Industry (except construction),202308,August 2023,2022-01,,100.14,,A,Normal value,0,Units,1,One,2015,
DATAFLOW,OECD.SDD.STES:DSD_STES_REVISIONS@DF_STES_REVISIONS(4.0),Short-term economic statistics revisions,I,USA,United States,M,Monthly,PRVM,Production volume,IX,Index,BTE,Industry (except construction),202210,October 2022,2022-01,,101.29,,A,Normal value,0,Units,1,One,2015,
DATAFLOW,OECD.SDD.STES:DSD_STES_REVISIONS@DF_STES_REVISIONS(4.0),Short-term economic statistics revisions,I,USA,United States,M,Monthly,PRVM,Production volume,IX,Index,BTE,Industry (except construction),202304,April 2023,2022-01,,100.14,,A,Normal value,0,Units,1,One,2015,
DATAFLOW,OECD.SDD.STES:DSD_STES_REVISIONS@DF_STES_REVISIONS(4.0),Short-term economic statistics revisions,I,USA,United States,M,Monthly,PRVM,Production volume,IX,Index,BTE,Industry (except construction),202312,December 2023,2022-01,,100.14,,A,Normal value,0,Units,1,One,2015,
DATAFLOW,OECD.SDD.STES:DSD_STES_REVISIONS@DF_STES_REVISIONS(4.0),Short-term economic statistics revisions,I,USA,United States,M,Monthly,PRVM,Production volume,IX,Index,BTE,Industry (except construction),202209,September 2022,2022-01,,101.29,,A,Normal value,0,Units,1,One,2015,
DATAFLOW,OECD.SDD.STES:DSD_STES_REVISIONS@DF_STES_REVISIONS(4.0),Short-term economic statistics revisions,I,USA,United States,M,Monthly,PRVM,Production volume,IX,Index,BTE,Industry (except construction),202302,February 2023,2022-01,,101.29,,A,Normal value,0,Units,1,One,2015,
DATAFLOW,OECD.SDD.STES:DSD_STES_REVISIONS@DF_STES_REVISIONS(4.0),Short-term economic statistics revisions,I,USA,United States,M,Monthly,PRVM,Production volume,IX,Index,BTE,Industry (except construction),202207,July 2022,2022-01,,101.33,,A,Normal value,0,Units,1,One,2015,
DATAFLOW,OECD.SDD.STES:DSD_STES_REVISIONS@DF_STES_REVISIONS(4.0),Short-term economic statistics revisions,I,USA,United States,M,Monthly,PRVM,Production volume,IX,Index,BTE,Industry (except construction),202309,September 2023,2022-01,,100.14,,A,Normal value,0,Units,1,One,2015,
DATAFLOW,OECD.SDD.STES:DSD_STES_REVISIONS@DF_STES_REVISIONS(4.0),Short-term economic statistics revisions,I,USA,United States,M,Monthly,PRVM,Production volume,IX,Index,BTE,Industry (except construction),202211,November 2022,2022-01,,101.29,,A,Normal value,0,Units,1,One,2015,
DATAFLOW,OECD.SDD.STES:DSD_STES_REVISIONS@DF_STES_REVISIONS(4.0),Short-term economic statistics revisions,I,USA,United States,M,Monthly,PRVM,Production volume,IX,Index,BTE,Industry (except construction),202204,April 2022,2021-12,,100.72,,A,Normal value,0,Units,1,One,2015,
DATAFLOW,OECD.SDD.STES:DSD_STES_REVISIONS@DF_STES_REVISIONS(4.0),Short-term economic statistics revisions,I,USA,United States,M,Monthly,PRVM,Production volume,IX,Index,BTE,Industry (except construction),202202,February 2022,2021-12,,100.99,,A,Normal value,0,Units,1,One,2015,
DATAFLOW,OECD.SDD.STES:DSD_STES_REVISIONS@DF_STES_REVISIONS(4.0),Short-term economic statistics revisions,I,USA,United States,M,Monthly,PRVM,Production volume,IX,Index,BTE,Industry (except construction),202212,December 2022,2021-12,,100.9,,A,Normal value,0,Units,1,One,2015,
DATAFLOW,OECD.SDD.STES:DSD_STES_REVISIONS@DF_STES_REVISIONS(4.0),Short-term economic statistics revisions,I,USA,United States,M,Monthly,PRVM,Production volume,IX,Index,BTE,Industry (except construction),202311,November 2023,2021-12,,100.01,,A,Normal value,0,Units,1,One,2015,
DATAFLOW,OECD.SDD.STES:DSD_STES_REVISIONS@DF_STES_REVISIONS(4.0),Short-term economic statistics revisions,I,USA,United States,M,Monthly,PRVM,Production volume,IX,Index,BTE,Industry (except construction),202208,August 2022,2021-12,,100.9,,A,Normal value,0,Units,1,One,2015,
DATAFLOW,OECD.SDD.STES:DSD_STES_REVISIONS@DF_STES_REVISIONS(4.0),Short-term economic statistics revisions,I,USA,United States,M,Monthly,PRVM,Production volume,IX,Index,BTE,Industry (except construction),202306,June 2023,2021-12,,100.01,,A,Normal value,0,Units,1,One,2015,
DATAFLOW,OECD.SDD.STES:DSD_STES_REVISIONS@DF_STES_REVISIONS(4.0),Short-term economic statistics revisions,I,USA,United States,M,Monthly,PRVM,Production volume,IX,Index,BTE,Industry (except construction),202310,October 2023,2021-12,,100.01,,A,Normal value,0,Units,1,One,2015,
DATAFLOW,OECD.SDD.STES:DSD_STES_REVISIONS@DF_STES_REVISIONS(4.0),Short-term economic statistics revisions,I,USA,United States,M,Monthly,PRVM,Production volume,IX,Index,BTE,Industry (except construction),202205,May 2022,2021-12,,100.74,,A,Normal value,0,Units,1,One,2015,
DATAFLOW,OECD.SDD.STES:DSD_STES_REVISIONS@DF_STES_REVISIONS(4.0),Short-term economic statistics revisions,I,USA,United States,M,Monthly,PRVM,Production volume,IX,Index,BTE,Industry (except construction),202203,March 2022,2021-12,,101.12,,A,Normal value,0,Units,1,One,2015,
DATAFLOW,OECD.SDD.STES:DSD_STES_REVISIONS@DF_STES_REVISIONS(4.0),Short-term economic statistics revisions,I,USA,United States,M,Monthly,PRVM,Production volume,IX,Index,BTE,Industry (except construction),202305,May 2023,2021-12,,100.01,,A,Normal value,0,Units,1,One,2015,
DATAFLOW,OECD.SDD.STES:DSD_STES_REVISIONS@DF_STES_REVISIONS(4.0),Short-term economic statistics revisions,I,USA,United States,M,Monthly,PRVM,Production volume,IX,Index,BTE,Industry (except construction),202301,January 2023,2021-12,,100.9,,A,Normal value,0,Units,1,One,2015,
DATAFLOW,OECD.SDD.STES:DSD_STES_REVISIONS@DF_STES_REVISIONS(4.0),Short-term economic statistics revisions,I,USA,United States,M,Monthly,PRVM,Production volume,IX,Index,BTE,Industry (except construction),202206,June 2022,2021-12,,100.81,,A,Normal value,0,Units,1,One,2015,
DATAFLOW,OECD.SDD.STES:DSD_STES_REVISIONS@DF_STES_REVISIONS(4.0),Short-term economic statistics revisions,I,USA,United States,M,Monthly,PRVM,Production volume,IX,Index,BTE,Industry (except construction),202303,March 2023,2021-12,,100.9,,A,Normal value,0,Units,1,One,2015,
DATAFLOW,OECD.SDD.STES:DSD_STES_REVISIONS@DF_STES_REVISIONS(4.0),Short-term economic statistics revisions,I,USA,United States,M,Monthly,PRVM,Production volume,IX,Index,BTE,Industry (except construction),202307,July 2023,2021-12,,100.01,,A,Normal value,0,Units,1,One,2015,
DATAFLOW,OECD.SDD.STES:DSD_STES_REVISIONS@DF_STES_REVISIONS(4.0),Short-term economic statistics revisions,I,USA,United States,M,Monthly,PRVM,Production volume,IX,Index,BTE,Industry (except construction),202308,August 2023,2021-12,,100.01,,A,Normal value,0,Units,1,One,2015,
DATAFLOW,OECD.SDD.STES:DSD_STES_REVISIONS@DF_STES_REVISIONS(4.0),Short-term economic statistics revisions,I,USA,United States,M,Monthly,PRVM,Production volume,IX,Index,BTE,Industry (except construction),202210,October 2022,2021-12,,100.9,,A,Normal value,0,Units,1,One,2015,
DATAFLOW,OECD.SDD.STES:DSD_STES_REVISIONS@DF_STES_REVISIONS(4.0),Short-term economic statistics revisions,I,USA,United States,M,Monthly,PRVM,Production volume,IX,Index,BTE,Industry (except construction),202304,April 2023,2021-12,,100.01,,A,Normal value,0,Units,1,One,2015,
DATAFLOW,OECD.SDD.STES:DSD_STES_REVISIONS@DF_STES_REVISIONS(4.0),Short-term economic statistics revisions,I,USA,United States,M,Monthly,PRVM,Production volume,IX,Index,BTE,Industry (except construction),202312,December 2023,2021-12,,100.01,,A,Normal value,0,Units,1,One,2015,
DATAFLOW,OECD.SDD.STES:DSD_STES_REVISIONS@DF_STES_REVISIONS(4.0),Short-term economic statistics revisions,I,USA,United States,M,Monthly,PRVM,Production volume,IX,Index,BTE,Industry (except construction),202209,September 2022,2021-12,,100.9,,A,Normal value,0,Units,1,One,2015,
DATAFLOW,OECD.SDD.STES:DSD_STES_REVISIONS@DF_STES_REVISIONS(4.0),Short-term economic statistics revisions,I,USA,United States,M,Monthly,PRVM,Production volume,IX,Index,BTE,Industry (except construction),202207,July 2022,2021-12,,100.9,,A,Normal value,0,Units,1,One,2015,
DATAFLOW,OECD.SDD.STES:DSD_STES_REVISIONS@DF_STES_REVISIONS(4.0),Short-term economic statistics revisions,I,USA,United States,M,Monthly,PRVM,Production volume,IX,Index,BTE,Industry (except construction),202302,February 2023,2021-12,,100.9,,A,Normal value,0,Units,1,One,2015,
DATAFLOW,OECD.SDD.STES:DSD_STES_REVISIONS@DF_STES_REVISIONS(4.0),Short-term economic statistics revisions,I,USA,United States,M,Monthly,PRVM,Production volume,IX,Index,BTE,Industry (except construction),202211,November 2022,2021-12,,100.9,,A,Normal value,0,Units,1,One,2015,
DATAFLOW,OECD.SDD.STES:DSD_STES_REVISIONS@DF_STES_REVISIONS(4.0),Short-term economic statistics revisions,I,USA,United States,M,Monthly,PRVM,Production volume,IX,Index,BTE,Industry (except construction),202309,September 2023,2021-12,,100.01,,A,Normal value,0,Units,1,One,2015,
DATAFLOW,OECD.SDD.STES:DSD_STES_REVISIONS@DF_STES_REVISIONS(4.0),Short-term economic statistics revisions,I,USA,United States,M,Monthly,PRVM,Production volume,IX,Index,BTE,Industry (except construction),202309,September 2023,2021-11,,100.31,,A,Normal value,0,Units,1,One,2015,
DATAFLOW,OECD.SDD.STES:DSD_STES_REVISIONS@DF_STES_REVISIONS(4.0),Short-term economic statistics revisions,I,USA,United States,M,Monthly,PRVM,Production volume,IX,Index,BTE,Industry (except construction),202211,November 2022,2021-11,,101.1,,A,Normal value,0,Units,1,One,2015,
DATAFLOW,OECD.SDD.STES:DSD_STES_REVISIONS@DF_STES_REVISIONS(4.0),Short-term economic statistics revisions,I,USA,United States,M,Monthly,PRVM,Production volume,IX,Index,BTE,Industry (except construction),202302,February 2023,2021-11,,101.1,,A,Normal value,0,Units,1,One,2015,
DATAFLOW,OECD.SDD.STES:DSD_STES_REVISIONS@DF_STES_REVISIONS(4.0),Short-term economic statistics revisions,I,USA,United States,M,Monthly,PRVM,Production volume,IX,Index,BTE,Industry (except construction),202207,July 2022,2021-11,,101.1,,A,Normal value,0,Units,1,One,2015,
DATAFLOW,OECD.SDD.STES:DSD_STES_REVISIONS@DF_STES_REVISIONS(4.0),Short-term economic statistics revisions,I,USA,United States,M,Monthly,PRVM,Production volume,IX,Index,BTE,Industry (except construction),202209,September 2022,2021-11,,101.1,,A,Normal value,0,Units,1,One,2015,
DATAFLOW,OECD.SDD.STES:DSD_STES_REVISIONS@DF_STES_REVISIONS(4.0),Short-term economic statistics revisions,I,USA,United States,M,Monthly,PRVM,Production volume,IX,Index,BTE,Industry (except construction),202312,December 2023,2021-11,,100.31,,A,Normal value,0,Units,1,One,2015,
DATAFLOW,OECD.SDD.STES:DSD_STES_REVISIONS@DF_STES_REVISIONS(4.0),Short-term economic statistics revisions,I,USA,United States,M,Monthly,PRVM,Production volume,IX,Index,BTE,Industry (except construction),202304,April 2023,2021-11,,100.31,,A,Normal value,0,Units,1,One,2015,
DATAFLOW,OECD.SDD.STES:DSD_STES_REVISIONS@DF_STES_REVISIONS(4.0),Short-term economic statistics revisions,I,USA,United States,M,Monthly,PRVM,Production volume,IX,Index,BTE,Industry (except construction),202210,October 2022,2021-11,,101.1,,A,Normal value,0,Units,1,One,2015,
DATAFLOW,OECD.SDD.STES:DSD_STES_REVISIONS@DF_STES_REVISIONS(4.0),Short-term economic statistics revisions,I,USA,United States,M,Monthly,PRVM,Production volume,IX,Index,BTE,Industry (except construction),202308,August 2023,2021-11,,100.31,,A,Normal value,0,Units,1,One,2015,
DATAFLOW,OECD.SDD.STES:DSD_STES_REVISIONS@DF_STES_REVISIONS(4.0),Short-term economic statistics revisions,I,USA,United States,M,Monthly,PRVM,Production volume,IX,Index,BTE,Industry (except construction),202307,July 2023,2021-11,,100.31,,A,Normal value,0,Units,1,One,2015,
DATAFLOW,OECD.SDD.STES:DSD_STES_REVISIONS@DF_STES_REVISIONS(4.0),Short-term economic statistics revisions,I,USA,United States,M,Monthly,PRVM,Production volume,IX,Index,BTE,Industry (except construction),202201,January 2022,2021-11,,101.38,,A,Normal value,0,Units,1,One,2015,
DATAFLOW,OECD.SDD.STES:DSD_STES_REVISIONS@DF_STES_REVISIONS(4.0),Short-term economic statistics revisions,I,USA,United States,M,Monthly,PRVM,Production volume,IX,Index,BTE,Industry (except construction),202303,March 2023,2021-11,,101.1,,A,Normal value,0,Units,1,One,2015,
DATAFLOW,OECD.SDD.STES:DSD_STES_REVISIONS@DF_STES_REVISIONS(4.0),Short-term economic statistics revisions,I,USA,United States,M,Monthly,PRVM,Production volume,IX,Index,BTE,Industry (except construction),202206,June 2022,2021-11,,101.1,,A,Normal value,0,Units,1,One,2015,
DATAFLOW,OECD.SDD.STES:DSD_STES_REVISIONS@DF_STES_REVISIONS(4.0),Short-term economic statistics revisions,I,USA,United States,M,Monthly,PRVM,Production volume,IX,Index,BTE,Industry (except construction),202301,January 2023,2021-11,,101.1,,A,Normal value,0,Units,1,One,2015,
DATAFLOW,OECD.SDD.STES:DSD_STES_REVISIONS@DF_STES_REVISIONS(4.0),Short-term economic statistics revisions,I,USA,United States,M,Monthly,PRVM,Production volume,IX,Index,BTE,Industry (except construction),202305,May 2023,2021-11,,100.31,,A,Normal value,0,Units,1,One,2015,
DATAFLOW,OECD.SDD.STES:DSD_STES_REVISIONS@DF_STES_REVISIONS(4.0),Short-term economic statistics revisions,I,USA,United States,M,Monthly,PRVM,Production volume,IX,Index,BTE,Industry (except construction),202203,March 2022,2021-11,,101.23,,A,Normal value,0,Units,1,One,2015,
DATAFLOW,OECD.SDD.STES:DSD_STES_REVISIONS@DF_STES_REVISIONS(4.0),Short-term economic statistics revisions,I,USA,United States,M,Monthly,PRVM,Production volume,IX,Index,BTE,Industry (except construction),202205,May 2022,2021-11,,101.14,,A,Normal value,0,Units,1,One,2015,
DATAFLOW,OECD.SDD.STES:DSD_STES_REVISIONS@DF_STES_REVISIONS(4.0),Short-term economic statistics revisions,I,USA,United States,M,Monthly,PRVM,Production volume,IX,Index,BTE,Industry (except construction),202310,October 2023,2021-11,,100.31,,A,Normal value,0,Units,1,One,2015,
DATAFLOW,OECD.SDD.STES:DSD_STES_REVISIONS@DF_STES_REVISIONS(4.0),Short-term economic statistics revisions,I,USA,United States,M,Monthly,PRVM,Production volume,IX,Index,BTE,Industry (except construction),202306,June 2023,2021-11,,100.31,,A,Normal value,0,Units,1,One,2015,
DATAFLOW,OECD.SDD.STES:DSD_STES_REVISIONS@DF_STES_REVISIONS(4.0),Short-term economic statistics revisions,I,USA,United States,M,Monthly,PRVM,Production volume,IX,Index,BTE,Industry (except construction),202208,August 2022,2021-11,,101.1,,A,Normal value,0,Units,1,One,2015,
DATAFLOW,OECD.SDD.STES:DSD_STES_REVISIONS@DF_STES_REVISIONS(4.0),Short-term economic statistics revisions,I,USA,United States,M,Monthly,PRVM,Production volume,IX,Index,BTE,Industry (except construction),202311,November 2023,2021-11,,100.31,,A,Normal value,0,Units,1,One,2015,
DATAFLOW,OECD.SDD.STES:DSD_STES_REVISIONS@DF_STES_REVISIONS(4.0),Short-term economic statistics revisions,I,USA,United States,M,Monthly,PRVM,Production volume,IX,Index,BTE,Industry (except construction),202212,December 2022,2021-11,,101.1,,A,Normal value,0,Units,1,One,2015,
DATAFLOW,OECD.SDD.STES:DSD_STES_REVISIONS@DF_STES_REVISIONS(4.0),Short-term economic statistics revisions,I,USA,United States,M,Monthly,PRVM,Production volume,IX,Index,BTE,Industry (except construction),202202,February 2022,2021-11,,101.1,,A,Normal value,0,Units,1,One,2015,
DATAFLOW,OECD.SDD.STES:DSD_STES_REVISIONS@DF_STES_REVISIONS(4.0),Short-term economic statistics revisions,I,USA,United States,M,Monthly,PRVM,Production volume,IX,Index,BTE,Industry (except construction),202204,April 2022,2021-11,,101.13,,A,Normal value,0,Units,1,One,2015,
DATAFLOW,OECD.SDD.STES:DSD_STES_REVISIONS@DF_STES_REVISIONS(4.0),Short-term economic statistics revisions,I,USA,United States,M,Monthly,PRVM,Production volume,IX,Index,BTE,Industry (except construction),202204,April 2022,2021-10,,100.32,,A,Normal value,0,Units,1,One,2015,
DATAFLOW,OECD.SDD.STES:DSD_STES_REVISIONS@DF_STES_REVISIONS(4.0),Short-term economic statistics revisions,I,USA,United States,M,Monthly,PRVM,Production volume,IX,Index,BTE,Industry (except construction),202202,February 2022,2021-10,,100.36,,A,Normal value,0,Units,1,One,2015,
DATAFLOW,OECD.SDD.STES:DSD_STES_REVISIONS@DF_STES_REVISIONS(4.0),Short-term economic statistics revisions,I,USA,United States,M,Monthly,PRVM,Production volume,IX,Index,BTE,Industry (except construction),202212,December 2022,2021-10,,100.51,,A,Normal value,0,Units,1,One,2015,
DATAFLOW,OECD.SDD.STES:DSD_STES_REVISIONS@DF_STES_REVISIONS(4.0),Short-term economic statistics revisions,I,USA,United States,M,Monthly,PRVM,Production volume,IX,Index,BTE,Industry (except construction),202311,November 2023,2021-10,,99.43,,A,Normal value,0,Units,1,One,2015,
DATAFLOW,OECD.SDD.STES:DSD_STES_REVISIONS@DF_STES_REVISIONS(4.0),Short-term economic statistics revisions,I,USA,United States,M,Monthly,PRVM,Production volume,IX,Index,BTE,Industry (except construction),202208,August 2022,2021-10,,100.51,,A,Normal value,0,Units,1,One,2015,
DATAFLOW,OECD.SDD.STES:DSD_STES_REVISIONS@DF_STES_REVISIONS(4.0),Short-term economic statistics revisions,I,USA,United States,M,Monthly,PRVM,Production volume,IX,Index,BTE,Industry (except construction),202112,December 2021,2021-10,,100.72,,A,Normal value,0,Units,1,One,2015,
DATAFLOW,OECD.SDD.STES:DSD_STES_REVISIONS@DF_STES_REVISIONS(4.0),Short-term economic statistics revisions,I,USA,United States,M,Monthly,PRVM,Production volume,IX,Index,BTE,Industry (except construction),202306,June 2023,2021-10,,99.43,,A,Normal value,0,Units,1,One,2015,
DATAFLOW,OECD.SDD.STES:DSD_STES_REVISIONS@DF_STES_REVISIONS(4.0),Short-term economic statistics revisions,I,USA,United States,M,Monthly,PRVM,Production volume,IX,Index,BTE,Industry (except construction),202310,October 2023,2021-10,,99.43,,A,Normal value,0,Units,1,One,2015,
DATAFLOW,OECD.SDD.STES:DSD_STES_REVISIONS@DF_STES_REVISIONS(4.0),Short-term economic statistics revisions,I,USA,United States,M,Monthly,PRVM,Production volume,IX,Index,BTE,Industry (except construction),202205,May 2022,2021-10,,100.36,,A,Normal value,0,Units,1,One,2015,
DATAFLOW,OECD.SDD.STES:DSD_STES_REVISIONS@DF_STES_REVISIONS(4.0),Short-term economic statistics revisions,I,USA,United States,M,Monthly,PRVM,Production volume,IX,Index,BTE,Industry (except construction),202203,March 2022,2021-10,,100.34,,A,Normal value,0,Units,1,One,2015,
DATAFLOW,OECD.SDD.STES:DSD_STES_REVISIONS@DF_STES_REVISIONS(4.0),Short-term economic statistics revisions,I,USA,United States,M,Monthly,PRVM,Production volume,IX,Index,BTE,Industry (except construction),202305,May 2023,2021-10,,99.43,,A,Normal value,0,Units,1,One,2015,
DATAFLOW,OECD.SDD.STES:DSD_STES_REVISIONS@DF_STES_REVISIONS(4.0),Short-term economic statistics revisions,I,USA,United States,M,Monthly,PRVM,Production volume,IX,Index,BTE,Industry (except construction),202301,January 2023,2021-10,,100.51,,A,Normal value,0,Units,1,One,2015,
DATAFLOW,OECD.SDD.STES:DSD_STES_REVISIONS@DF_STES_REVISIONS(4.0),Short-term economic statistics revisions,I,USA,United States,M,Monthly,PRVM,Production volume,IX,Index,BTE,Industry (except construction),202206,June 2022,2021-10,,100.36,,A,Normal value,0,Units,1,One,2015,
DATAFLOW,OECD.SDD.STES:DSD_STES_REVISIONS@DF_STES_REVISIONS(4.0),Short-term economic statistics revisions,I,USA,United States,M,Monthly,PRVM,Production volume,IX,Index,BTE,Industry (except construction),202303,March 2023,2021-10,,100.51,,A,Normal value,0,Units,1,One,2015,
DATAFLOW,OECD.SDD.STES:DSD_STES_REVISIONS@DF_STES_REVISIONS(4.0),Short-term economic statistics revisions,I,USA,United States,M,Monthly,PRVM,Production volume,IX,Index,BTE,Industry (except construction),202201,January 2022,2021-10,,100.86,,A,Normal value,0,Units,1,One,2015,
DATAFLOW,OECD.SDD.STES:DSD_STES_REVISIONS@DF_STES_REVISIONS(4.0),Short-term economic statistics revisions,I,USA,United States,M,Monthly,PRVM,Production volume,IX,Index,BTE,Industry (except construction),202307,July 2023,2021-10,,99.43,,A,Normal value,0,Units,1,One,2015,
DATAFLOW,OECD.SDD.STES:DSD_STES_REVISIONS@DF_STES_REVISIONS(4.0),Short-term economic statistics revisions,I,USA,United States,M,Monthly,PRVM,Production volume,IX,Index,BTE,Industry (except construction),202308,August 2023,2021-10,,99.43,,A,Normal value,0,Units,1,One,2015,
DATAFLOW,OECD.SDD.STES:DSD_STES_REVISIONS@DF_STES_REVISIONS(4.0),Short-term economic statistics revisions,I,USA,United States,M,Monthly,PRVM,Production volume,IX,Index,BTE,Industry (except construction),202210,October 2022,2021-10,,100.51,,A,Normal value,0,Units,1,One,2015,
DATAFLOW,OECD.SDD.STES:DSD_STES_REVISIONS@DF_STES_REVISIONS(4.0),Short-term economic statistics revisions,I,USA,United States,M,Monthly,PRVM,Production volume,IX,Index,BTE,Industry (except construction),202304,April 2023,2021-10,,99.43,,A,Normal value,0,Units,1,One,2015,
DATAFLOW,OECD.SDD.STES:DSD_STES_REVISIONS@DF_STES_REVISIONS(4.0),Short-term economic statistics revisions,I,USA,United States,M,Monthly,PRVM,Production volume,IX,Index,BTE,Industry (except construction),202312,December 2023,2021-10,,99.43,,A,Normal value,0,Units,1,One,2015,
DATAFLOW,OECD.SDD.STES:DSD_STES_REVISIONS@DF_STES_REVISIONS(4.0),Short-term economic statistics revisions,I,USA,United States,M,Monthly,PRVM,Production volume,IX,Index,BTE,Industry (except construction),202209,September 2022,2021-10,,100.51,,A,Normal value,0,Units,1,One,2015,
DATAFLOW,OECD.SDD.STES:DSD_STES_REVISIONS@DF_STES_REVISIONS(4.0),Short-term economic statistics revisions,I,USA,United States,M,Monthly,PRVM,Production volume,IX,Index,BTE,Industry (except construction),202207,July 2022,2021-10,,100.51,,A,Normal value,0,Units,1,One,2015,
DATAFLOW,OECD.SDD.STES:DSD_STES_REVISIONS@DF_STES_REVISIONS(4.0),Short-term economic statistics revisions,I,USA,United States,M,Monthly,PRVM,Production volume,IX,Index,BTE,Industry (except construction),202302,February 2023,2021-10,,100.51,,A,Normal value,0,Units,1,One,2015,
DATAFLOW,OECD.SDD.STES:DSD_STES_REVISIONS@DF_STES_REVISIONS(4.0),Short-term economic statistics revisions,I,USA,United States,M,Monthly,PRVM,Production volume,IX,Index,BTE,Industry (except construction),202211,November 2022,2021-10,,100.51,,A,Normal value,0,Units,1,One,2015,
DATAFLOW,OECD.SDD.STES:DSD_STES_REVISIONS@DF_STES_REVISIONS(4.0),Short-term economic statistics revisions,I,USA,United States,M,Monthly,PRVM,Production volume,IX,Index,BTE,Industry (except construction),202309,September 2023,2021-10,,99.43,,A,Normal value,0,Units,1,One,2015,
DATAFLOW,OECD.SDD.STES:DSD_STES_REVISIONS@DF_STES_REVISIONS(4.0),Short-term economic statistics revisions,I,USA,United States,M,Monthly,PRVM,Production volume,IX,Index,BTE,Industry (except construction),202204,April 2022,2021-09,,98.98,,A,Normal value,0,Units,1,One,2015,
DATAFLOW,OECD.SDD.STES:DSD_STES_REVISIONS@DF_STES_REVISIONS(4.0),Short-term economic statistics revisions,I,USA,United States,M,Monthly,PRVM,Production volume,IX,Index,BTE,Industry (except construction),202202,February 2022,2021-09,,99.14,,A,Normal value,0,Units,1,One,2015,
DATAFLOW,OECD.SDD.STES:DSD_STES_REVISIONS@DF_STES_REVISIONS(4.0),Short-term economic statistics revisions,I,USA,United States,M,Monthly,PRVM,Production volume,IX,Index,BTE,Industry (except construction),202212,December 2022,2021-09,,99.01,,A,Normal value,0,Units,1,One,2015,
DATAFLOW,OECD.SDD.STES:DSD_STES_REVISIONS@DF_STES_REVISIONS(4.0),Short-term economic statistics revisions,I,USA,United States,M,Monthly,PRVM,Production volume,IX,Index,BTE,Industry (except construction),202311,November 2023,2021-09,,98.2,,A,Normal value,0,Units,1,One,2015,
DATAFLOW,OECD.SDD.STES:DSD_STES_REVISIONS@DF_STES_REVISIONS(4.0),Short-term economic statistics revisions,I,USA,United States,M,Monthly,PRVM,Production volume,IX,Index,BTE,Industry (except construction),202208,August 2022,2021-09,,99.01,,A,Normal value,0,Units,1,One,2015,
DATAFLOW,OECD.SDD.STES:DSD_STES_REVISIONS@DF_STES_REVISIONS(4.0),Short-term economic statistics revisions,I,USA,United States,M,Monthly,PRVM,Production volume,IX,Index,BTE,Industry (except construction),202112,December 2021,2021-09,,99.1,,A,Normal value,0,Units,1,One,2015,
DATAFLOW,OECD.SDD.STES:DSD_STES_REVISIONS@DF_STES_REVISIONS(4.0),Short-term economic statistics revisions,I,USA,United States,M,Monthly,PRVM,Production volume,IX,Index,BTE,Industry (except construction),202306,June 2023,2021-09,,98.2,,A,Normal value,0,Units,1,One,2015,
DATAFLOW,OECD.SDD.STES:DSD_STES_REVISIONS@DF_STES_REVISIONS(4.0),Short-term economic statistics revisions,I,USA,United States,M,Monthly,PRVM,Production volume,IX,Index,BTE,Industry (except construction),202310,October 2023,2021-09,,98.2,,A,Normal value,0,Units,1,One,2015,
DATAFLOW,OECD.SDD.STES:DSD_STES_REVISIONS@DF_STES_REVISIONS(4.0),Short-term economic statistics revisions,I,USA,United States,M,Monthly,PRVM,Production volume,IX,Index,BTE,Industry (except construction),202205,May 2022,2021-09,,98.98,,A,Normal value,0,Units,1,One,2015,
DATAFLOW,OECD.SDD.STES:DSD_STES_REVISIONS@DF_STES_REVISIONS(4.0),Short-term economic statistics revisions,I,USA,United States,M,Monthly,PRVM,Production volume,IX,Index,BTE,Industry (except construction),202203,March 2022,2021-09,,98.96,,A,Normal value,0,Units,1,One,2015,
DATAFLOW,OECD.SDD.STES:DSD_STES_REVISIONS@DF_STES_REVISIONS(4.0),Short-term economic statistics revisions,I,USA,United States,M,Monthly,PRVM,Production volume,IX,Index,BTE,Industry (except construction),202305,May 2023,2021-09,,98.2,,A,Normal value,0,Units,1,One,2015,
DATAFLOW,OECD.SDD.STES:DSD_STES_REVISIONS@DF_STES_REVISIONS(4.0),Short-term economic statistics revisions,I,USA,United States,M,Monthly,PRVM,Production volume,IX,Index,BTE,Industry (except construction),202301,January 2023,2021-09,,99.01,,A,Normal value,0,Units,1,One,2015,
DATAFLOW,OECD.SDD.STES:DSD_STES_REVISIONS@DF_STES_REVISIONS(4.0),Short-term economic statistics revisions,I,USA,United States,M,Monthly,PRVM,Production volume,IX,Index,BTE,Industry (except construction),202206,June 2022,2021-09,,98.98,,A,Normal value,0,Units,1,One,2015,
DATAFLOW,OECD.SDD.STES:DSD_STES_REVISIONS@DF_STES_REVISIONS(4.0),Short-term economic statistics revisions,I,USA,United States,M,Monthly,PRVM,Production volume,IX,Index,BTE,Industry (except construction),202303,March 2023,2021-09,,99.01,,A,Normal value,0,Units,1,One,2015,
DATAFLOW,OECD.SDD.STES:DSD_STES_REVISIONS@DF_STES_REVISIONS(4.0),Short-term economic statistics revisions,I,USA,United States,M,Monthly,PRVM,Production volume,IX,Index,BTE,Industry (except construction),202111,November 2021,2021-09,,99.14,,A,Normal value,0,Units,1,One,2015,
DATAFLOW,OECD.SDD.STES:DSD_STES_REVISIONS@DF_STES_REVISIONS(4.0),Short-term economic statistics revisions,I,USA,United States,M,Monthly,PRVM,Production volume,IX,Index,BTE,Industry (except construction),202307,July 2023,2021-09,,98.2,,A,Normal value,0,Units,1,One,2015,
DATAFLOW,OECD.SDD.STES:DSD_STES_REVISIONS@DF_STES_REVISIONS(4.0),Short-term economic statistics revisions,I,USA,United States,M,Monthly,PRVM,Production volume,IX,Index,BTE,Industry (except construction),202201,January 2022,2021-09,,99.2,,A,Normal value,0,Units,1,One,2015,
DATAFLOW,OECD.SDD.STES:DSD_STES_REVISIONS@DF_STES_REVISIONS(4.0),Short-term economic statistics revisions,I,USA,United States,M,Monthly,PRVM,Production volume,IX,Index,BTE,Industry (except construction),202308,August 2023,2021-09,,98.2,,A,Normal value,0,Units,1,One,2015,
DATAFLOW,OECD.SDD.STES:DSD_STES_REVISIONS@DF_STES_REVISIONS(4.0),Short-term economic statistics revisions,I,USA,United States,M,Monthly,PRVM,Production volume,IX,Index,BTE,Industry (except construction),202210,October 2022,2021-09,,99.01,,A,Normal value,0,Units,1,One,2015,
DATAFLOW,OECD.SDD.STES:DSD_STES_REVISIONS@DF_STES_REVISIONS(4.0),Short-term economic statistics revisions,I,USA,United States,M,Monthly,PRVM,Production volume,IX,Index,BTE,Industry (except construction),202304,April 2023,2021-09,,98.2,,A,Normal value,0,Units,1,One,2015,
DATAFLOW,OECD.SDD.STES:DSD_STES_REVISIONS@DF_STES_REVISIONS(4.0),Short-term economic statistics revisions,I,USA,United States,M,Monthly,PRVM,Production volume,IX,Index,BTE,Industry (except construction),202312,December 2023,2021-09,,98.2,,A,Normal value,0,Units,1,One,2015,
DATAFLOW,OECD.SDD.STES:DSD_STES_REVISIONS@DF_STES_REVISIONS(4.0),Short-term economic statistics revisions,I,USA,United States,M,Monthly,PRVM,Production volume,IX,Index,BTE,Industry (except construction),202209,September 2022,2021-09,,99.01,,A,Normal value,0,Units,1,One,2015,
DATAFLOW,OECD.SDD.STES:DSD_STES_REVISIONS@DF_STES_REVISIONS(4.0),Short-term economic statistics revisions,I,USA,United States,M,Monthly,PRVM,Production volume,IX,Index,BTE,Industry (except construction),202302,February 2023,2021-09,,99.01,,A,Normal value,0,Units,1,One,2015,
DATAFLOW,OECD.SDD.STES:DSD_STES_REVISIONS@DF_STES_REVISIONS(4.0),Short-term economic statistics revisions,I,USA,United States,M,Monthly,PRVM,Production volume,IX,Index,BTE,Industry (except construction),202207,July 2022,2021-09,,99.01,,A,Normal value,0,Units,1,One,2015,
DATAFLOW,OECD.SDD.STES:DSD_STES_REVISIONS@DF_STES_REVISIONS(4.0),Short-term economic statistics revisions,I,USA,United States,M,Monthly,PRVM,Production volume,IX,Index,BTE,Industry (except construction),202309,September 2023,2021-09,,98.2,,A,Normal value,0,Units,1,One,2015,
DATAFLOW,OECD.SDD.STES:DSD_STES_REVISIONS@DF_STES_REVISIONS(4.0),Short-term economic statistics revisions,I,USA,United States,M,Monthly,PRVM,Production volume,IX,Index,BTE,Industry (except construction),202211,November 2022,2021-09,,99.01,,A,Normal value,0,Units,1,One,2015,
DATAFLOW,OECD.SDD.STES:DSD_STES_REVISIONS@DF_STES_REVISIONS(4.0),Short-term economic statistics revisions,I,USA,United States,M,Monthly,PRVM,Production volume,IX,Index,BTE,Industry (except construction),202211,November 2022,2021-08,,99.99,,A,Normal value,0,Units,1,One,2015,
DATAFLOW,OECD.SDD.STES:DSD_STES_REVISIONS@DF_STES_REVISIONS(4.0),Short-term economic statistics revisions,I,USA,United States,M,Monthly,PRVM,Production volume,IX,Index,BTE,Industry (except construction),202309,September 2023,2021-08,,99.25,,A,Normal value,0,Units,1,One,2015,
DATAFLOW,OECD.SDD.STES:DSD_STES_REVISIONS@DF_STES_REVISIONS(4.0),Short-term economic statistics revisions,I,USA,United States,M,Monthly,PRVM,Production volume,IX,Index,BTE,Industry (except construction),202207,July 2022,2021-08,,99.99,,A,Normal value,0,Units,1,One,2015,
DATAFLOW,OECD.SDD.STES:DSD_STES_REVISIONS@DF_STES_REVISIONS(4.0),Short-term economic statistics revisions,I,USA,United States,M,Monthly,PRVM,Production volume,IX,Index,BTE,Industry (except construction),202302,February 2023,2021-08,,99.99,,A,Normal value,0,Units,1,One,2015,
DATAFLOW,OECD.SDD.STES:DSD_STES_REVISIONS@DF_STES_REVISIONS(4.0),Short-term economic statistics revisions,I,USA,United States,M,Monthly,PRVM,Production volume,IX,Index,BTE,Industry (except construction),202209,September 2022,2021-08,,99.99,,A,Normal value,0,Units,1,One,2015,
DATAFLOW,OECD.SDD.STES:DSD_STES_REVISIONS@DF_STES_REVISIONS(4.0),Short-term economic statistics revisions,I,USA,United States,M,Monthly,PRVM,Production volume,IX,Index,BTE,Industry (except construction),202312,December 2023,2021-08,,99.25,,A,Normal value,0,Units,1,One,2015,
DATAFLOW,OECD.SDD.STES:DSD_STES_REVISIONS@DF_STES_REVISIONS(4.0),Short-term economic statistics revisions,I,USA,United States,M,Monthly,PRVM,Production volume,IX,Index,BTE,Industry (except construction),202304,April 2023,2021-08,,99.25,,A,Normal value,0,Units,1,One,2015,
DATAFLOW,OECD.SDD.STES:DSD_STES_REVISIONS@DF_STES_REVISIONS(4.0),Short-term economic statistics revisions,I,USA,United States,M,Monthly,PRVM,Production volume,IX,Index,BTE,Industry (except construction),202210,October 2022,2021-08,,99.99,,A,Normal value,0,Units,1,One,2015,
DATAFLOW,OECD.SDD.STES:DSD_STES_REVISIONS@DF_STES_REVISIONS(4.0),Short-term economic statistics revisions,I,USA,United States,M,Monthly,PRVM,Production volume,IX,Index,BTE,Industry (except construction),202308,August 2023,2021-08,,99.25,,A,Normal value,0,Units,1,One,2015,
DATAFLOW,OECD.SDD.STES:DSD_STES_REVISIONS@DF_STES_REVISIONS(4.0),Short-term economic statistics revisions,I,USA,United States,M,Monthly,PRVM,Production volume,IX,Index,BTE,Industry (except construction),202201,January 2022,2021-08,,100.22,,A,Normal value,0,Units,1,One,2015,
DATAFLOW,OECD.SDD.STES:DSD_STES_REVISIONS@DF_STES_REVISIONS(4.0),Short-term economic statistics revisions,I,USA,United States,M,Monthly,PRVM,Production volume,IX,Index,BTE,Industry (except construction),202307,July 2023,2021-08,,99.25,,A,Normal value,0,Units,1,One,2015,
DATAFLOW,OECD.SDD.STES:DSD_STES_REVISIONS@DF_STES_REVISIONS(4.0),Short-term economic statistics revisions,I,USA,United States,M,Monthly,PRVM,Production volume,IX,Index,BTE,Industry (except construction),202111,November 2021,2021-08,,100.43,,A,Normal value,0,Units,1,One,2015,
DATAFLOW,OECD.SDD.STES:DSD_STES_REVISIONS@DF_STES_REVISIONS(4.0),Short-term economic statistics revisions,I,USA,United States,M,Monthly,PRVM,Production volume,IX,Index,BTE,Industry (except construction),202303,March 2023,2021-08,,99.99,,A,Normal value,0,Units,1,One,2015,
DATAFLOW,OECD.SDD.STES:DSD_STES_REVISIONS@DF_STES_REVISIONS(4.0),Short-term economic statistics revisions,I,USA,United States,M,Monthly,PRVM,Production volume,IX,Index,BTE,Industry (except construction),202206,June 2022,2021-08,,100.2,,A,Normal value,0,Units,1,One,2015,
DATAFLOW,OECD.SDD.STES:DSD_STES_REVISIONS@DF_STES_REVISIONS(4.0),Short-term economic statistics revisions,I,USA,United States,M,Monthly,PRVM,Production volume,IX,Index,BTE,Industry (except construction),202301,January 2023,2021-08,,99.99,,A,Normal value,0,Units,1,One,2015,
DATAFLOW,OECD.SDD.STES:DSD_STES_REVISIONS@DF_STES_REVISIONS(4.0),Short-term economic statistics revisions,I,USA,United States,M,Monthly,PRVM,Production volume,IX,Index,BTE,Industry (except construction),202305,May 2023,2021-08,,99.25,,A,Normal value,0,Units,1,One,2015,
DATAFLOW,OECD.SDD.STES:DSD_STES_REVISIONS@DF_STES_REVISIONS(4.0),Short-term economic statistics revisions,I,USA,United States,M,Monthly,PRVM,Production volume,IX,Index,BTE,Industry (except construction),202203,March 2022,2021-08,,100.2,,A,Normal value,0,Units,1,One,2015,
DATAFLOW,OECD.SDD.STES:DSD_STES_REVISIONS@DF_STES_REVISIONS(4.0),Short-term economic statistics revisions,I,USA,United States,M,Monthly,PRVM,Production volume,IX,Index,BTE,Industry (except construction),202205,May 2022,2021-08,,100.2,,A,Normal value,0,Units,1,One,2015,
DATAFLOW,OECD.SDD.STES:DSD_STES_REVISIONS@DF_STES_REVISIONS(4.0),Short-term economic statistics revisions,I,USA,United States,M,Monthly,PRVM,Production volume,IX,Index,BTE,Industry (except construction),202310,October 2023,2021-08,,99.25,,A,Normal value,0,Units,1,One,2015,
DATAFLOW,OECD.SDD.STES:DSD_STES_REVISIONS@DF_STES_REVISIONS(4.0),Short-term economic statistics revisions,I,USA,United States,M,Monthly,PRVM,Production volume,IX,Index,BTE,Industry (except construction),202110,October 2021,2021-08,,100.7,,A,Normal value,0,Units,1,One,2015,
DATAFLOW,OECD.SDD.STES:DSD_STES_REVISIONS@DF_STES_REVISIONS(4.0),Short-term economic statistics revisions,I,USA,United States,M,Monthly,PRVM,Production volume,IX,Index,BTE,Industry (except construction),202306,June 2023,2021-08,,99.25,,A,Normal value,0,Units,1,One,2015,
DATAFLOW,OECD.SDD.STES:DSD_STES_REVISIONS@DF_STES_REVISIONS(4.0),Short-term economic statistics revisions,I,USA,United States,M,Monthly,PRVM,Production volume,IX,Index,BTE,Industry (except construction),202112,December 2021,2021-08,,100.37,,A,Normal value,0,Units,1,One,2015,
DATAFLOW,OECD.SDD.STES:DSD_STES_REVISIONS@DF_STES_REVISIONS(4.0),Short-term economic statistics revisions,I,USA,United States,M,Monthly,PRVM,Production volume,IX,Index,BTE,Industry (except construction),202208,August 2022,2021-08,,99.99,,A,Normal value,0,Units,1,One,2015,
DATAFLOW,OECD.SDD.STES:DSD_STES_REVISIONS@DF_STES_REVISIONS(4.0),Short-term economic statistics revisions,I,USA,United States,M,Monthly,PRVM,Production volume,IX,Index,BTE,Industry (except construction),202311,November 2023,2021-08,,99.25,,A,Normal value,0,Units,1,One,2015,
DATAFLOW,OECD.SDD.STES:DSD_STES_REVISIONS@DF_STES_REVISIONS(4.0),Short-term economic statistics revisions,I,USA,United States,M,Monthly,PRVM,Production volume,IX,Index,BTE,Industry (except construction),202404,April 2024,2020-01,,100.49,,A,Normal value,0,Units,1,One,2015,
DATAFLOW,OECD.SDD.STES:DSD_STES_REVISIONS@DF_STES_REVISIONS(4.0),Short-term economic statistics revisions,I,USA,United States,M,Monthly,PRVM,Production volume,IX,Index,BTE,Industry (except construction),202405,May 2024,2020-01,,100.49,,A,Normal value,0,Units,1,One,2015,
DATAFLOW,OECD.SDD.STES:DSD_STES_REVISIONS@DF_STES_REVISIONS(4.0),Short-term economic statistics revisions,I,USA,United States,M,Monthly,PRVM,Production volume,IX,Index,BTE,Industry (except construction),202403,March 2024,2020-01,,100.49,,A,Normal value,0,Units,1,One,2015,
DATAFLOW,OECD.SDD.STES:DSD_STES_REVISIONS@DF_STES_REVISIONS(4.0),Short-term economic statistics revisions,I,USA,United States,M,Monthly,PRVM,Production volume,IX,Index,BTE,Industry (except construction),202312,December 2023,2023-10,,101.81,,A,Normal value,0,Units,1,One,2015,
DATAFLOW,OECD.SDD.STES:DSD_STES_REVISIONS@DF_STES_REVISIONS(4.0),Short-term economic statistics revisions,I,USA,United States,M,Monthly,PRVM,Production volume,IX,Index,BTE,Industry (except construction),202311,November 2023,2023-09,,102.71,,A,Normal value,0,Units,1,One,2015,
DATAFLOW,OECD.SDD.STES:DSD_STES_REVISIONS@DF_STES_REVISIONS(4.0),Short-term economic statistics revisions,I,USA,United States,M,Monthly,PRVM,Production volume,IX,Index,BTE,Industry (except construction),202312,December 2023,2023-09,,102.46,,A,Normal value,0,Units,1,One,2015,
DATAFLOW,OECD.SDD.STES:DSD_STES_REVISIONS@DF_STES_REVISIONS(4.0),Short-term economic statistics revisions,I,USA,United States,M,Monthly,PRVM,Production volume,IX,Index,BTE,Industry (except construction),202312,December 2023,2023-08,,102.39,,A,Normal value,0,Units,1,One,2015,
DATAFLOW,OECD.SDD.STES:DSD_STES_REVISIONS@DF_STES_REVISIONS(4.0),Short-term economic statistics revisions,I,USA,United States,M,Monthly,PRVM,Production volume,IX,Index,BTE,Industry (except construction),202310,October 2023,2023-08,,102.59,,A,Normal value,0,Units,1,One,2015,
DATAFLOW,OECD.SDD.STES:DSD_STES_REVISIONS@DF_STES_REVISIONS(4.0),Short-term economic statistics revisions,I,USA,United States,M,Monthly,PRVM,Production volume,IX,Index,BTE,Industry (except construction),202311,November 2023,2023-08,,102.42,,A,Normal value,0,Units,1,One,2015,
DATAFLOW,OECD.SDD.STES:DSD_STES_REVISIONS@DF_STES_REVISIONS(4.0),Short-term economic statistics revisions,I,USA,United States,M,Monthly,PRVM,Production volume,IX,Index,BTE,Industry (except construction),202311,November 2023,2023-07,,102.39,,A,Normal value,0,Units,1,One,2015,
DATAFLOW,OECD.SDD.STES:DSD_STES_REVISIONS@DF_STES_REVISIONS(4.0),Short-term economic statistics revisions,I,USA,United States,M,Monthly,PRVM,Production volume,IX,Index,BTE,Industry (except construction),202310,October 2023,2023-07,,102.19,,A,Normal value,0,Units,1,One,2015,
DATAFLOW,OECD.SDD.STES:DSD_STES_REVISIONS@DF_STES_REVISIONS(4.0),Short-term economic statistics revisions,I,USA,United States,M,Monthly,PRVM,Production volume,IX,Index,BTE,Industry (except construction),202312,December 2023,2023-07,,102.37,,A,Normal value,0,Units,1,One,2015,
DATAFLOW,OECD.SDD.STES:DSD_STES_REVISIONS@DF_STES_REVISIONS(4.0),Short-term economic statistics revisions,I,USA,United States,M,Monthly,PRVM,Production volume,IX,Index,BTE,Industry (except construction),202309,September 2023,2023-07,,102,,A,Normal value,0,Units,1,One,2015,
DATAFLOW,OECD.SDD.STES:DSD_STES_REVISIONS@DF_STES_REVISIONS(4.0),Short-term economic statistics revisions,I,USA,United States,M,Monthly,PRVM,Production volume,IX,Index,BTE,Industry (except construction),202311,November 2023,2023-06,,101.4,,A,Normal value,0,Units,1,One,2015,
DATAFLOW,OECD.SDD.STES:DSD_STES_REVISIONS@DF_STES_REVISIONS(4.0),Short-term economic statistics revisions,I,USA,United States,M,Monthly,PRVM,Production volume,IX,Index,BTE,Industry (except construction),202310,October 2023,2023-06,,101.47,,A,Normal value,0,Units,1,One,2015,
DATAFLOW,OECD.SDD.STES:DSD_STES_REVISIONS@DF_STES_REVISIONS(4.0),Short-term economic statistics revisions,I,USA,United States,M,Monthly,PRVM,Production volume,IX,Index,BTE,Industry (except construction),202308,August 2023,2023-06,,101.35,,A,Normal value,0,Units,1,One,2015,
DATAFLOW,OECD.SDD.STES:DSD_STES_REVISIONS@DF_STES_REVISIONS(4.0),Short-term economic statistics revisions,I,USA,United States,M,Monthly,PRVM,Production volume,IX,Index,BTE,Industry (except construction),202312,December 2023,2023-06,,101.41,,A,Normal value,0,Units,1,One,2015,
DATAFLOW,OECD.SDD.STES:DSD_STES_REVISIONS@DF_STES_REVISIONS(4.0),Short-term economic statistics revisions,I,USA,United States,M,Monthly,PRVM,Production volume,IX,Index,BTE,Industry (except construction),202309,September 2023,2023-06,,100.99,,A,Normal value,0,Units,1,One,2015,
DATAFLOW,OECD.SDD.STES:DSD_STES_REVISIONS@DF_STES_REVISIONS(4.0),Short-term economic statistics revisions,I,USA,United States,M,Monthly,PRVM,Production volume,IX,Index,BTE,Industry (except construction),202309,September 2023,2023-05,,101.85,,A,Normal value,0,Units,1,One,2015,
DATAFLOW,OECD.SDD.STES:DSD_STES_REVISIONS@DF_STES_REVISIONS(4.0),Short-term economic statistics revisions,I,USA,United States,M,Monthly,PRVM,Production volume,IX,Index,BTE,Industry (except construction),202312,December 2023,2023-05,,102.03,,A,Normal value,0,Units,1,One,2015,
DATAFLOW,OECD.SDD.STES:DSD_STES_REVISIONS@DF_STES_REVISIONS(4.0),Short-term economic statistics revisions,I,USA,United States,M,Monthly,PRVM,Production volume,IX,Index,BTE,Industry (except construction),202308,August 2023,2023-05,,101.91,,A,Normal value,0,Units,1,One,2015,
DATAFLOW,OECD.SDD.STES:DSD_STES_REVISIONS@DF_STES_REVISIONS(4.0),Short-term economic statistics revisions,I,USA,United States,M,Monthly,PRVM,Production volume,IX,Index,BTE,Industry (except construction),202310,October 2023,2023-05,,101.89,,A,Normal value,0,Units,1,One,2015,
DATAFLOW,OECD.SDD.STES:DSD_STES_REVISIONS@DF_STES_REVISIONS(4.0),Short-term economic statistics revisions,I,USA,United States,M,Monthly,PRVM,Production volume,IX,Index,BTE,Industry (except construction),202311,November 2023,2023-05,,101.95,,A,Normal value,0,Units,1,One,2015,
DATAFLOW,OECD.SDD.STES:DSD_STES_REVISIONS@DF_STES_REVISIONS(4.0),Short-term economic statistics revisions,I,USA,United States,M,Monthly,PRVM,Production volume,IX,Index,BTE,Industry (except construction),202311,November 2023,2023-04,,102.25,,A,Normal value,0,Units,1,One,2015,
DATAFLOW,OECD.SDD.STES:DSD_STES_REVISIONS@DF_STES_REVISIONS(4.0),Short-term economic statistics revisions,I,USA,United States,M,Monthly,PRVM,Production volume,IX,Index,BTE,Industry (except construction),202306,June 2023,2023-04,,102.14,,A,Normal value,0,Units,1,One,2015,
DATAFLOW,OECD.SDD.STES:DSD_STES_REVISIONS@DF_STES_REVISIONS(4.0),Short-term economic statistics revisions,I,USA,United States,M,Monthly,PRVM,Production volume,IX,Index,BTE,Industry (except construction),202310,October 2023,2023-04,,102.23,,A,Normal value,0,Units,1,One,2015,
DATAFLOW,OECD.SDD.STES:DSD_STES_REVISIONS@DF_STES_REVISIONS(4.0),Short-term economic statistics revisions,I,USA,United States,M,Monthly,PRVM,Production volume,IX,Index,BTE,Industry (except construction),202307,July 2023,2023-04,,102.14,,A,Normal value,0,Units,1,One,2015,
DATAFLOW,OECD.SDD.STES:DSD_STES_REVISIONS@DF_STES_REVISIONS(4.0),Short-term economic statistics revisions,I,USA,United States,M,Monthly,PRVM,Production volume,IX,Index,BTE,Industry (except construction),202308,August 2023,2023-04,,102.38,,A,Normal value,0,Units,1,One,2015,
DATAFLOW,OECD.SDD.STES:DSD_STES_REVISIONS@DF_STES_REVISIONS(4.0),Short-term economic statistics revisions,I,USA,United States,M,Monthly,PRVM,Production volume,IX,Index,BTE,Industry (except construction),202312,December 2023,2023-04,,102.25,,A,Normal value,0,Units,1,One,2015,
DATAFLOW,OECD.SDD.STES:DSD_STES_REVISIONS@DF_STES_REVISIONS(4.0),Short-term economic statistics revisions,I,USA,United States,M,Monthly,PRVM,Production volume,IX,Index,BTE,Industry (except construction),202309,September 2023,2023-04,,102.22,,A,Normal value,0,Units,1,One,2015,
DATAFLOW,OECD.SDD.STES:DSD_STES_REVISIONS@DF_STES_REVISIONS(4.0),Short-term economic statistics revisions,I,USA,United States,M,Monthly,PRVM,Production volume,IX,Index,BTE,Industry (except construction),202311,November 2023,2023-03,,101.76,,A,Normal value,0,Units,1,One,2015,
DATAFLOW,OECD.SDD.STES:DSD_STES_REVISIONS@DF_STES_REVISIONS(4.0),Short-term economic statistics revisions,I,USA,United States,M,Monthly,PRVM,Production volume,IX,Index,BTE,Industry (except construction),202306,June 2023,2023-03,,101.65,,A,Normal value,0,Units,1,One,2015,
DATAFLOW,OECD.SDD.STES:DSD_STES_REVISIONS@DF_STES_REVISIONS(4.0),Short-term economic statistics revisions,I,USA,United States,M,Monthly,PRVM,Production volume,IX,Index,BTE,Industry (except construction),202310,October 2023,2023-03,,101.76,,A,Normal value,0,Units,1,One,2015,
DATAFLOW,OECD.SDD.STES:DSD_STES_REVISIONS@DF_STES_REVISIONS(4.0),Short-term economic statistics revisions,I,USA,United States,M,Monthly,PRVM,Production volume,IX,Index,BTE,Industry (except construction),202307,July 2023,2023-03,,101.65,,A,Normal value,0,Units,1,One,2015,
DATAFLOW,OECD.SDD.STES:DSD_STES_REVISIONS@DF_STES_REVISIONS(4.0),Short-term economic statistics revisions,I,USA,United States,M,Monthly,PRVM,Production volume,IX,Index,BTE,Industry (except construction),202308,August 2023,2023-03,,101.77,,A,Normal value,0,Units,1,One,2015,
DATAFLOW,OECD.SDD.STES:DSD_STES_REVISIONS@DF_STES_REVISIONS(4.0),Short-term economic statistics revisions,I,USA,United States,M,Monthly,PRVM,Production volume,IX,Index,BTE,Industry (except construction),202312,December 2023,2023-03,,101.76,,A,Normal value,0,Units,1,One,2015,
DATAFLOW,OECD.SDD.STES:DSD_STES_REVISIONS@DF_STES_REVISIONS(4.0),Short-term economic statistics revisions,I,USA,United States,M,Monthly,PRVM,Production volume,IX,Index,BTE,Industry (except construction),202309,September 2023,2023-03,,101.75,,A,Normal value,0,Units,1,One,2015,
DATAFLOW,OECD.SDD.STES:DSD_STES_REVISIONS@DF_STES_REVISIONS(4.0),Short-term economic statistics revisions,I,USA,United States,M,Monthly,PRVM,Production volume,IX,Index,BTE,Industry (except construction),202309,September 2023,2023-02,,101.67,,A,Normal value,0,Units,1,One,2015,
DATAFLOW,OECD.SDD.STES:DSD_STES_REVISIONS@DF_STES_REVISIONS(4.0),Short-term economic statistics revisions,I,USA,United States,M,Monthly,PRVM,Production volume,IX,Index,BTE,Industry (except construction),202312,December 2023,2023-02,,101.67,,A,Normal value,0,Units,1,One,2015,
DATAFLOW,OECD.SDD.STES:DSD_STES_REVISIONS@DF_STES_REVISIONS(4.0),Short-term economic statistics revisions,I,USA,United States,M,Monthly,PRVM,Production volume,IX,Index,BTE,Industry (except construction),202304,April 2023,2023-02,,101.11,,A,Normal value,0,Units,1,One,2015,
DATAFLOW,OECD.SDD.STES:DSD_STES_REVISIONS@DF_STES_REVISIONS(4.0),Short-term economic statistics revisions,I,USA,United States,M,Monthly,PRVM,Production volume,IX,Index,BTE,Industry (except construction),202308,August 2023,2023-02,,101.68,,A,Normal value,0,Units,1,One,2015,
DATAFLOW,OECD.SDD.STES:DSD_STES_REVISIONS@DF_STES_REVISIONS(4.0),Short-term economic statistics revisions,I,USA,United States,M,Monthly,PRVM,Production volume,IX,Index,BTE,Industry (except construction),202307,July 2023,2023-02,,101.61,,A,Normal value,0,Units,1,One,2015,
DATAFLOW,OECD.SDD.STES:DSD_STES_REVISIONS@DF_STES_REVISIONS(4.0),Short-term economic statistics revisions,I,USA,United States,M,Monthly,PRVM,Production volume,IX,Index,BTE,Industry (except construction),202305,May 2023,2023-02,,101.11,,A,Normal value,0,Units,1,One,2015,
DATAFLOW,OECD.SDD.STES:DSD_STES_REVISIONS@DF_STES_REVISIONS(4.0),Short-term economic statistics revisions,I,USA,United States,M,Monthly,PRVM,Production volume,IX,Index,BTE,Industry (except construction),202310,October 2023,2023-02,,101.67,,A,Normal value,0,Units,1,One,2015,
DATAFLOW,OECD.SDD.STES:DSD_STES_REVISIONS@DF_STES_REVISIONS(4.0),Short-term economic statistics revisions,I,USA,United States,M,Monthly,PRVM,Production volume,IX,Index,BTE,Industry (except construction),202306,June 2023,2023-02,,101.61,,A,Normal value,0,Units,1,One,2015,
DATAFLOW,OECD.SDD.STES:DSD_STES_REVISIONS@DF_STES_REVISIONS(4.0),Short-term economic statistics revisions,I,USA,United States,M,Monthly,PRVM,Production volume,IX,Index,BTE,Industry (except construction),202311,November 2023,2023-02,,101.67,,A,Normal value,0,Units,1,One,2015,
DATAFLOW,OECD.SDD.STES:DSD_STES_REVISIONS@DF_STES_REVISIONS(4.0),Short-term economic statistics revisions,I,USA,United States,M,Monthly,PRVM,Production volume,IX,Index,BTE,Industry (except construction),202311,November 2023,2023-01,,101.65,,A,Normal value,0,Units,1,One,2015,
DATAFLOW,OECD.SDD.STES:DSD_STES_REVISIONS@DF_STES_REVISIONS(4.0),Short-term economic statistics revisions,I,USA,United States,M,Monthly,PRVM,Production volume,IX,Index,BTE,Industry (except construction),202306,June 2023,2023-01,,101.6,,A,Normal value,0,Units,1,One,2015,
DATAFLOW,OECD.SDD.STES:DSD_STES_REVISIONS@DF_STES_REVISIONS(4.0),Short-term economic statistics revisions,I,USA,United States,M,Monthly,PRVM,Production volume,IX,Index,BTE,Industry (except construction),202310,October 2023,2023-01,,101.65,,A,Normal value,0,Units,1,One,2015,
DATAFLOW,OECD.SDD.STES:DSD_STES_REVISIONS@DF_STES_REVISIONS(4.0),Short-term economic statistics revisions,I,USA,United States,M,Monthly,PRVM,Production volume,IX,Index,BTE,Industry (except construction),202305,May 2023,2023-01,,101.13,,A,Normal value,0,Units,1,One,2015,
DATAFLOW,OECD.SDD.STES:DSD_STES_REVISIONS@DF_STES_REVISIONS(4.0),Short-term economic statistics revisions,I,USA,United States,M,Monthly,PRVM,Production volume,IX,Index,BTE,Industry (except construction),202303,March 2023,2023-01,,102.09,,A,Normal value,0,Units,1,One,2015,
DATAFLOW,OECD.SDD.STES:DSD_STES_REVISIONS@DF_STES_REVISIONS(4.0),Short-term economic statistics revisions,I,USA,United States,M,Monthly,PRVM,Production volume,IX,Index,BTE,Industry (except construction),202307,July 2023,2023-01,,101.6,,A,Normal value,0,Units,1,One,2015,
DATAFLOW,OECD.SDD.STES:DSD_STES_REVISIONS@DF_STES_REVISIONS(4.0),Short-term economic statistics revisions,I,USA,United States,M,Monthly,PRVM,Production volume,IX,Index,BTE,Industry (except construction),202308,August 2023,2023-01,,101.65,,A,Normal value,0,Units,1,One,2015,
DATAFLOW,OECD.SDD.STES:DSD_STES_REVISIONS@DF_STES_REVISIONS(4.0),Short-term economic statistics revisions,I,USA,United States,M,Monthly,PRVM,Production volume,IX,Index,BTE,Industry (except construction),202304,April 2023,2023-01,,101.13,,A,Normal value,0,Units,1,One,2015,
DATAFLOW,OECD.SDD.STES:DSD_STES_REVISIONS@DF_STES_REVISIONS(4.0),Short-term economic statistics revisions,I,USA,United States,M,Monthly,PRVM,Production volume,IX,Index,BTE,Industry (except construction),202312,December 2023,2023-01,,101.65,,A,Normal value,0,Units,1,One,2015,
DATAFLOW,OECD.SDD.STES:DSD_STES_REVISIONS@DF_STES_REVISIONS(4.0),Short-term economic statistics revisions,I,USA,United States,M,Monthly,PRVM,Production volume,IX,Index,BTE,Industry (except construction),202309,September 2023,2023-01,,101.65,,A,Normal value,0,Units,1,One,2015,
DATAFLOW,OECD.SDD.STES:DSD_STES_REVISIONS@DF_STES_REVISIONS(4.0),Short-term economic statistics revisions,I,USA,United States,M,Monthly,PRVM,Production volume,IX,Index,BTE,Industry (except construction),202311,November 2023,2022-12,,100.6,,A,Normal value,0,Units,1,One,2015,
DATAFLOW,OECD.SDD.STES:DSD_STES_REVISIONS@DF_STES_REVISIONS(4.0),Short-term economic statistics revisions,I,USA,United States,M,Monthly,PRVM,Production volume,IX,Index,BTE,Industry (except construction),202306,June 2023,2022-12,,100.59,,A,Normal value,0,Units,1,One,2015,
DATAFLOW,OECD.SDD.STES:DSD_STES_REVISIONS@DF_STES_REVISIONS(4.0),Short-term economic statistics revisions,I,USA,United States,M,Monthly,PRVM,Production volume,IX,Index,BTE,Industry (except construction),202310,October 2023,2022-12,,100.6,,A,Normal value,0,Units,1,One,2015,
DATAFLOW,OECD.SDD.STES:DSD_STES_REVISIONS@DF_STES_REVISIONS(4.0),Short-term economic statistics revisions,I,USA,United States,M,Monthly,PRVM,Production volume,IX,Index,BTE,Industry (except construction),202305,May 2023,2022-12,,100.72,,A,Normal value,0,Units,1,One,2015,
DATAFLOW,OECD.SDD.STES:DSD_STES_REVISIONS@DF_STES_REVISIONS(4.0),Short-term economic statistics revisions,I,USA,United States,M,Monthly,PRVM,Production volume,IX,Index,BTE,Industry (except construction),202303,March 2023,2022-12,,102.06,,A,Normal value,0,Units,1,One,2015,
DATAFLOW,OECD.SDD.STES:DSD_STES_REVISIONS@DF_STES_REVISIONS(4.0),Short-term economic statistics revisions,I,USA,United States,M,Monthly,PRVM,Production volume,IX,Index,BTE,Industry (except construction),202307,July 2023,2022-12,,100.59,,A,Normal value,0,Units,1,One,2015,
DATAFLOW,OECD.SDD.STES:DSD_STES_REVISIONS@DF_STES_REVISIONS(4.0),Short-term economic statistics revisions,I,USA,United States,M,Monthly,PRVM,Production volume,IX,Index,BTE,Industry (except construction),202308,August 2023,2022-12,,100.6,,A,Normal value,0,Units,1,One,2015,
DATAFLOW,OECD.SDD.STES:DSD_STES_REVISIONS@DF_STES_REVISIONS(4.0),Short-term economic statistics revisions,I,USA,United States,M,Monthly,PRVM,Production volume,IX,Index,BTE,Industry (except construction),202304,April 2023,2022-12,,100.72,,A,Normal value,0,Units,1,One,2015,
DATAFLOW,OECD.SDD.STES:DSD_STES_REVISIONS@DF_STES_REVISIONS(4.0),Short-term economic statistics revisions,I,USA,United States,M,Monthly,PRVM,Production volume,IX,Index,BTE,Industry (except construction),202312,December 2023,2022-12,,100.6,,A,Normal value,0,Units,1,One,2015,
DATAFLOW,OECD.SDD.STES:DSD_STES_REVISIONS@DF_STES_REVISIONS(4.0),Short-term economic statistics revisions,I,USA,United States,M,Monthly,PRVM,Production volume,IX,Index,BTE,Industry (except construction),202302,February 2023,2022-12,,102.56,,A,Normal value,0,Units,1,One,2015,
DATAFLOW,OECD.SDD.STES:DSD_STES_REVISIONS@DF_STES_REVISIONS(4.0),Short-term economic statistics revisions,I,USA,United States,M,Monthly,PRVM,Production volume,IX,Index,BTE,Industry (except construction),202309,September 2023,2022-12,,100.6,,A,Normal value,0,Units,1,One,2015,
DATAFLOW,OECD.SDD.STES:DSD_STES_REVISIONS@DF_STES_REVISIONS(4.0),Short-term economic statistics revisions,I,USA,United States,M,Monthly,PRVM,Production volume,IX,Index,BTE,Industry (except construction),202309,September 2023,2022-11,,102.17,,A,Normal value,0,Units,1,One,2015,
DATAFLOW,OECD.SDD.STES:DSD_STES_REVISIONS@DF_STES_REVISIONS(4.0),Short-term economic statistics revisions,I,USA,United States,M,Monthly,PRVM,Production volume,IX,Index,BTE,Industry (except construction),202302,February 2023,2022-11,,103.31,,A,Normal value,0,Units,1,One,2015,
DATAFLOW,OECD.SDD.STES:DSD_STES_REVISIONS@DF_STES_REVISIONS(4.0),Short-term economic statistics revisions,I,USA,United States,M,Monthly,PRVM,Production volume,IX,Index,BTE,Industry (except construction),202312,December 2023,2022-11,,102.17,,A,Normal value,0,Units,1,One,2015,
DATAFLOW,OECD.SDD.STES:DSD_STES_REVISIONS@DF_STES_REVISIONS(4.0),Short-term economic statistics revisions,I,USA,United States,M,Monthly,PRVM,Production volume,IX,Index,BTE,Industry (except construction),202304,April 2023,2022-11,,102.13,,A,Normal value,0,Units,1,One,2015,
DATAFLOW,OECD.SDD.STES:DSD_STES_REVISIONS@DF_STES_REVISIONS(4.0),Short-term economic statistics revisions,I,USA,United States,M,Monthly,PRVM,Production volume,IX,Index,BTE,Industry (except construction),202308,August 2023,2022-11,,102.17,,A,Normal value,0,Units,1,One,2015,
DATAFLOW,OECD.SDD.STES:DSD_STES_REVISIONS@DF_STES_REVISIONS(4.0),Short-term economic statistics revisions,I,USA,United States,M,Monthly,PRVM,Production volume,IX,Index,BTE,Industry (except construction),202307,July 2023,2022-11,,102.17,,A,Normal value,0,Units,1,One,2015,
DATAFLOW,OECD.SDD.STES:DSD_STES_REVISIONS@DF_STES_REVISIONS(4.0),Short-term economic statistics revisions,I,USA,United States,M,Monthly,PRVM,Production volume,IX,Index,BTE,Industry (except construction),202303,March 2023,2022-11,,103.11,,A,Normal value,0,Units,1,One,2015,
DATAFLOW,OECD.SDD.STES:DSD_STES_REVISIONS@DF_STES_REVISIONS(4.0),Short-term economic statistics revisions,I,USA,United States,M,Monthly,PRVM,Production volume,IX,Index,BTE,Industry (except construction),202301,January 2023,2022-11,,103.64,,A,Normal value,0,Units,1,One,2015,
DATAFLOW,OECD.SDD.STES:DSD_STES_REVISIONS@DF_STES_REVISIONS(4.0),Short-term economic statistics revisions,I,USA,United States,M,Monthly,PRVM,Production volume,IX,Index,BTE,Industry (except construction),202305,May 2023,2022-11,,102.13,,A,Normal value,0,Units,1,One,2015,
DATAFLOW,OECD.SDD.STES:DSD_STES_REVISIONS@DF_STES_REVISIONS(4.0),Short-term economic statistics revisions,I,USA,United States,M,Monthly,PRVM,Production volume,IX,Index,BTE,Industry (except construction),202310,October 2023,2022-11,,102.17,,A,Normal value,0,Units,1,One,2015,
DATAFLOW,OECD.SDD.STES:DSD_STES_REVISIONS@DF_STES_REVISIONS(4.0),Short-term economic statistics revisions,I,USA,United States,M,Monthly,PRVM,Production volume,IX,Index,BTE,Industry (except construction),202306,June 2023,2022-11,,102.17,,A,Normal value,0,Units,1,One,2015,
DATAFLOW,OECD.SDD.STES:DSD_STES_REVISIONS@DF_STES_REVISIONS(4.0),Short-term economic statistics revisions,I,USA,United States,M,Monthly,PRVM,Production volume,IX,Index,BTE,Industry (except construction),202311,November 2023,2022-11,,102.17,,A,Normal value,0,Units,1,One,2015,
DATAFLOW,OECD.SDD.STES:DSD_STES_REVISIONS@DF_STES_REVISIONS(4.0),Short-term economic statistics revisions,I,USA,United States,M,Monthly,PRVM,Production volume,IX,Index,BTE,Industry (except construction),202212,December 2022,2022-10,,103.81,,A,Normal value,0,Units,1,One,2015,
DATAFLOW,OECD.SDD.STES:DSD_STES_REVISIONS@DF_STES_REVISIONS(4.0),Short-term economic statistics revisions,I,USA,United States,M,Monthly,PRVM,Production volume,IX,Index,BTE,Industry (except construction),202311,November 2023,2022-10,,102.51,,A,Normal value,0,Units,1,One,2015,
DATAFLOW,OECD.SDD.STES:DSD_STES_REVISIONS@DF_STES_REVISIONS(4.0),Short-term economic statistics revisions,I,USA,United States,M,Monthly,PRVM,Production volume,IX,Index,BTE,Industry (except construction),202306,June 2023,2022-10,,102.51,,A,Normal value,0,Units,1,One,2015,
DATAFLOW,OECD.SDD.STES:DSD_STES_REVISIONS@DF_STES_REVISIONS(4.0),Short-term economic statistics revisions,I,USA,United States,M,Monthly,PRVM,Production volume,IX,Index,BTE,Industry (except construction),202310,October 2023,2022-10,,102.51,,A,Normal value,0,Units,1,One,2015,
DATAFLOW,OECD.SDD.STES:DSD_STES_REVISIONS@DF_STES_REVISIONS(4.0),Short-term economic statistics revisions,I,USA,United States,M,Monthly,PRVM,Production volume,IX,Index,BTE,Industry (except construction),202305,May 2023,2022-10,,102.47,,A,Normal value,0,Units,1,One,2015,
DATAFLOW,OECD.SDD.STES:DSD_STES_REVISIONS@DF_STES_REVISIONS(4.0),Short-term economic statistics revisions,I,USA,United States,M,Monthly,PRVM,Production volume,IX,Index,BTE,Industry (except construction),202301,January 2023,2022-10,,103.87,,A,Normal value,0,Units,1,One,2015,
DATAFLOW,OECD.SDD.STES:DSD_STES_REVISIONS@DF_STES_REVISIONS(4.0),Short-term economic statistics revisions,I,USA,United States,M,Monthly,PRVM,Production volume,IX,Index,BTE,Industry (except construction),202303,March 2023,2022-10,,103.71,,A,Normal value,0,Units,1,One,2015,
DATAFLOW,OECD.SDD.STES:DSD_STES_REVISIONS@DF_STES_REVISIONS(4.0),Short-term economic statistics revisions,I,USA,United States,M,Monthly,PRVM,Production volume,IX,Index,BTE,Industry (except construction),202307,July 2023,2022-10,,102.51,,A,Normal value,0,Units,1,One,2015,
DATAFLOW,OECD.SDD.STES:DSD_STES_REVISIONS@DF_STES_REVISIONS(4.0),Short-term economic statistics revisions,I,USA,United States,M,Monthly,PRVM,Production volume,IX,Index,BTE,Industry (except construction),202308,August 2023,2022-10,,102.51,,A,Normal value,0,Units,1,One,2015,
DATAFLOW,OECD.SDD.STES:DSD_STES_REVISIONS@DF_STES_REVISIONS(4.0),Short-term economic statistics revisions,I,USA,United States,M,Monthly,PRVM,Production volume,IX,Index,BTE,Industry (except construction),202304,April 2023,2022-10,,102.47,,A,Normal value,0,Units,1,One,2015,
DATAFLOW,OECD.SDD.STES:DSD_STES_REVISIONS@DF_STES_REVISIONS(4.0),Short-term economic statistics revisions,I,USA,United States,M,Monthly,PRVM,Production volume,IX,Index,BTE,Industry (except construction),202312,December 2023,2022-10,,102.51,,A,Normal value,0,Units,1,One,2015,
DATAFLOW,OECD.SDD.STES:DSD_STES_REVISIONS@DF_STES_REVISIONS(4.0),Short-term economic statistics revisions,I,USA,United States,M,Monthly,PRVM,Production volume,IX,Index,BTE,Industry (except construction),202302,February 2023,2022-10,,103.92,,A,Normal value,0,Units,1,One,2015,
DATAFLOW,OECD.SDD.STES:DSD_STES_REVISIONS@DF_STES_REVISIONS(4.0),Short-term economic statistics revisions,I,USA,United States,M,Monthly,PRVM,Production volume,IX,Index,BTE,Industry (except construction),202309,September 2023,2022-10,,102.51,,A,Normal value,0,Units,1,One,2015,
DATAFLOW,OECD.SDD.STES:DSD_STES_REVISIONS@DF_STES_REVISIONS(4.0),Short-term economic statistics revisions,I,USA,United States,M,Monthly,PRVM,Production volume,IX,Index,BTE,Industry (except construction),202212,December 2022,2022-09,,103.92,,A,Normal value,0,Units,1,One,2015,
DATAFLOW,OECD.SDD.STES:DSD_STES_REVISIONS@DF_STES_REVISIONS(4.0),Short-term economic statistics revisions,I,USA,United States,M,Monthly,PRVM,Production volume,IX,Index,BTE,Industry (except construction),202311,November 2023,2022-09,,102.62,,A,Normal value,0,Units,1,One,2015,
DATAFLOW,OECD.SDD.STES:DSD_STES_REVISIONS@DF_STES_REVISIONS(4.0),Short-term economic statistics revisions,I,USA,United States,M,Monthly,PRVM,Production volume,IX,Index,BTE,Industry (except construction),202306,June 2023,2022-09,,102.62,,A,Normal value,0,Units,1,One,2015,
DATAFLOW,OECD.SDD.STES:DSD_STES_REVISIONS@DF_STES_REVISIONS(4.0),Short-term economic statistics revisions,I,USA,United States,M,Monthly,PRVM,Production volume,IX,Index,BTE,Industry (except construction),202310,October 2023,2022-09,,102.62,,A,Normal value,0,Units,1,One,2015,
DATAFLOW,OECD.SDD.STES:DSD_STES_REVISIONS@DF_STES_REVISIONS(4.0),Short-term economic statistics revisions,I,USA,United States,M,Monthly,PRVM,Production volume,IX,Index,BTE,Industry (except construction),202305,May 2023,2022-09,,102.62,,A,Normal value,0,Units,1,One,2015,
DATAFLOW,OECD.SDD.STES:DSD_STES_REVISIONS@DF_STES_REVISIONS(4.0),Short-term economic statistics revisions,I,USA,United States,M,Monthly,PRVM,Production volume,IX,Index,BTE,Industry (except construction),202301,January 2023,2022-09,,103.93,,A,Normal value,0,Units,1,One,2015,
DATAFLOW,OECD.SDD.STES:DSD_STES_REVISIONS@DF_STES_REVISIONS(4.0),Short-term economic statistics revisions,I,USA,United States,M,Monthly,PRVM,Production volume,IX,Index,BTE,Industry (except construction),202303,March 2023,2022-09,,103.69,,A,Normal value,0,Units,1,One,2015,
DATAFLOW,OECD.SDD.STES:DSD_STES_REVISIONS@DF_STES_REVISIONS(4.0),Short-term economic statistics revisions,I,USA,United States,M,Monthly,PRVM,Production volume,IX,Index,BTE,Industry (except construction),202307,July 2023,2022-09,,102.62,,A,Normal value,0,Units,1,One,2015,
DATAFLOW,OECD.SDD.STES:DSD_STES_REVISIONS@DF_STES_REVISIONS(4.0),Short-term economic statistics revisions,I,USA,United States,M,Monthly,PRVM,Production volume,IX,Index,BTE,Industry (except construction),202308,August 2023,2022-09,,102.62,,A,Normal value,0,Units,1,One,2015,
DATAFLOW,OECD.SDD.STES:DSD_STES_REVISIONS@DF_STES_REVISIONS(4.0),Short-term economic statistics revisions,I,USA,United States,M,Monthly,PRVM,Production volume,IX,Index,BTE,Industry (except construction),202304,April 2023,2022-09,,102.62,,A,Normal value,0,Units,1,One,2015,
DATAFLOW,OECD.SDD.STES:DSD_STES_REVISIONS@DF_STES_REVISIONS(4.0),Short-term economic statistics revisions,I,USA,United States,M,Monthly,PRVM,Production volume,IX,Index,BTE,Industry (except construction),202312,December 2023,2022-09,,102.62,,A,Normal value,0,Units,1,One,2015,
DATAFLOW,OECD.SDD.STES:DSD_STES_REVISIONS@DF_STES_REVISIONS(4.0),Short-term economic statistics revisions,I,USA,United States,M,Monthly,PRVM,Production volume,IX,Index,BTE,Industry (except construction),202302,February 2023,2022-09,,103.95,,A,Normal value,0,Units,1,One,2015,
DATAFLOW,OECD.SDD.STES:DSD_STES_REVISIONS@DF_STES_REVISIONS(4.0),Short-term economic statistics revisions,I,USA,United States,M,Monthly,PRVM,Production volume,IX,Index,BTE,Industry (except construction),202309,September 2023,2022-09,,102.62,,A,Normal value,0,Units,1,One,2015,
DATAFLOW,OECD.SDD.STES:DSD_STES_REVISIONS@DF_STES_REVISIONS(4.0),Short-term economic statistics revisions,I,USA,United States,M,Monthly,PRVM,Production volume,IX,Index,BTE,Industry (except construction),202211,November 2022,2022-09,,104.29,,A,Normal value,0,Units,1,One,2015,
DATAFLOW,OECD.SDD.STES:DSD_STES_REVISIONS@DF_STES_REVISIONS(4.0),Short-term economic statistics revisions,I,USA,United States,M,Monthly,PRVM,Production volume,IX,Index,BTE,Industry (except construction),202211,November 2022,2022-08,,103.9,,A,Normal value,0,Units,1,One,2015,
DATAFLOW,OECD.SDD.STES:DSD_STES_REVISIONS@DF_STES_REVISIONS(4.0),Short-term economic statistics revisions,I,USA,United States,M,Monthly,PRVM,Production volume,IX,Index,BTE,Industry (except construction),202309,September 2023,2022-08,,102.33,,A,Normal value,0,Units,1,One,2015,
DATAFLOW,OECD.SDD.STES:DSD_STES_REVISIONS@DF_STES_REVISIONS(4.0),Short-term economic statistics revisions,I,USA,United States,M,Monthly,PRVM,Production volume,IX,Index,BTE,Industry (except construction),202302,February 2023,2022-08,,103.59,,A,Normal value,0,Units,1,One,2015,
DATAFLOW,OECD.SDD.STES:DSD_STES_REVISIONS@DF_STES_REVISIONS(4.0),Short-term economic statistics revisions,I,USA,United States,M,Monthly,PRVM,Production volume,IX,Index,BTE,Industry (except construction),202312,December 2023,2022-08,,102.33,,A,Normal value,0,Units,1,One,2015,
DATAFLOW,OECD.SDD.STES:DSD_STES_REVISIONS@DF_STES_REVISIONS(4.0),Short-term economic statistics revisions,I,USA,United States,M,Monthly,PRVM,Production volume,IX,Index,BTE,Industry (except construction),202304,April 2023,2022-08,,102.33,,A,Normal value,0,Units,1,One,2015,
DATAFLOW,OECD.SDD.STES:DSD_STES_REVISIONS@DF_STES_REVISIONS(4.0),Short-term economic statistics revisions,I,USA,United States,M,Monthly,PRVM,Production volume,IX,Index,BTE,Industry (except construction),202210,October 2022,2022-08,,103.67,,A,Normal value,0,Units,1,One,2015,
DATAFLOW,OECD.SDD.STES:DSD_STES_REVISIONS@DF_STES_REVISIONS(4.0),Short-term economic statistics revisions,I,USA,United States,M,Monthly,PRVM,Production volume,IX,Index,BTE,Industry (except construction),202308,August 2023,2022-08,,102.33,,A,Normal value,0,Units,1,One,2015,
DATAFLOW,OECD.SDD.STES:DSD_STES_REVISIONS@DF_STES_REVISIONS(4.0),Short-term economic statistics revisions,I,USA,United States,M,Monthly,PRVM,Production volume,IX,Index,BTE,Industry (except construction),202307,July 2023,2022-08,,102.33,,A,Normal value,0,Units,1,One,2015,
DATAFLOW,OECD.SDD.STES:DSD_STES_REVISIONS@DF_STES_REVISIONS(4.0),Short-term economic statistics revisions,I,USA,United States,M,Monthly,PRVM,Production volume,IX,Index,BTE,Industry (except construction),202303,March 2023,2022-08,,103.49,,A,Normal value,0,Units,1,One,2015,
DATAFLOW,OECD.SDD.STES:DSD_STES_REVISIONS@DF_STES_REVISIONS(4.0),Short-term economic statistics revisions,I,USA,United States,M,Monthly,PRVM,Production volume,IX,Index,BTE,Industry (except construction),202301,January 2023,2022-08,,103.53,,A,Normal value,0,Units,1,One,2015,
DATAFLOW,OECD.SDD.STES:DSD_STES_REVISIONS@DF_STES_REVISIONS(4.0),Short-term economic statistics revisions,I,USA,United States,M,Monthly,PRVM,Production volume,IX,Index,BTE,Industry (except construction),202305,May 2023,2022-08,,102.33,,A,Normal value,0,Units,1,One,2015,
DATAFLOW,OECD.SDD.STES:DSD_STES_REVISIONS@DF_STES_REVISIONS(4.0),Short-term economic statistics revisions,I,USA,United States,M,Monthly,PRVM,Production volume,IX,Index,BTE,Industry (except construction),202310,October 2023,2022-08,,102.33,,A,Normal value,0,Units,1,One,2015,
DATAFLOW,OECD.SDD.STES:DSD_STES_REVISIONS@DF_STES_REVISIONS(4.0),Short-term economic statistics revisions,I,USA,United States,M,Monthly,PRVM,Production volume,IX,Index,BTE,Industry (except construction),202306,June 2023,2022-08,,102.33,,A,Normal value,0,Units,1,One,2015,
DATAFLOW,OECD.SDD.STES:DSD_STES_REVISIONS@DF_STES_REVISIONS(4.0),Short-term economic statistics revisions,I,USA,United States,M,Monthly,PRVM,Production volume,IX,Index,BTE,Industry (except construction),202311,November 2023,2022-08,,102.33,,A,Normal value,0,Units,1,One,2015,
DATAFLOW,OECD.SDD.STES:DSD_STES_REVISIONS@DF_STES_REVISIONS(4.0),Short-term economic statistics revisions,I,USA,United States,M,Monthly,PRVM,Production volume,IX,Index,BTE,Industry (except construction),202212,December 2022,2022-08,,103.77,,A,Normal value,0,Units,1,One,2015,
DATAFLOW,OECD.SDD.STES:DSD_STES_REVISIONS@DF_STES_REVISIONS(4.0),Short-term economic statistics revisions,I,USA,United States,M,Monthly,PRVM,Production volume,IX,Index,BTE,Industry (except construction),202212,December 2022,2022-07,,103.88,,A,Normal value,0,Units,1,One,2015,
DATAFLOW,OECD.SDD.STES:DSD_STES_REVISIONS@DF_STES_REVISIONS(4.0),Short-term economic statistics revisions,I,USA,United States,M,Monthly,PRVM,Production volume,IX,Index,BTE,Industry (except construction),202311,November 2023,2022-07,,102.23,,A,Normal value,0,Units,1,One,2015,
DATAFLOW,OECD.SDD.STES:DSD_STES_REVISIONS@DF_STES_REVISIONS(4.0),Short-term economic statistics revisions,I,USA,United States,M,Monthly,PRVM,Production volume,IX,Index,BTE,Industry (except construction),202306,June 2023,2022-07,,102.23,,A,Normal value,0,Units,1,One,2015,
DATAFLOW,OECD.SDD.STES:DSD_STES_REVISIONS@DF_STES_REVISIONS(4.0),Short-term economic statistics revisions,I,USA,United States,M,Monthly,PRVM,Production volume,IX,Index,BTE,Industry (except construction),202310,October 2023,2022-07,,102.23,,A,Normal value,0,Units,1,One,2015,
DATAFLOW,OECD.SDD.STES:DSD_STES_REVISIONS@DF_STES_REVISIONS(4.0),Short-term economic statistics revisions,I,USA,United States,M,Monthly,PRVM,Production volume,IX,Index,BTE,Industry (except construction),202305,May 2023,2022-07,,102.23,,A,Normal value,0,Units,1,One,2015,
DATAFLOW,OECD.SDD.STES:DSD_STES_REVISIONS@DF_STES_REVISIONS(4.0),Short-term economic statistics revisions,I,USA,United States,M,Monthly,PRVM,Production volume,IX,Index,BTE,Industry (except construction),202301,January 2023,2022-07,,103.61,,A,Normal value,0,Units,1,One,2015,
DATAFLOW,OECD.SDD.STES:DSD_STES_REVISIONS@DF_STES_REVISIONS(4.0),Short-term economic statistics revisions,I,USA,United States,M,Monthly,PRVM,Production volume,IX,Index,BTE,Industry (except construction),202303,March 2023,2022-07,,103.6,,A,Normal value,0,Units,1,One,2015,
DATAFLOW,OECD.SDD.STES:DSD_STES_REVISIONS@DF_STES_REVISIONS(4.0),Short-term economic statistics revisions,I,USA,United States,M,Monthly,PRVM,Production volume,IX,Index,BTE,Industry (except construction),202307,July 2023,2022-07,,102.23,,A,Normal value,0,Units,1,One,2015,
DATAFLOW,OECD.SDD.STES:DSD_STES_REVISIONS@DF_STES_REVISIONS(4.0),Short-term economic statistics revisions,I,USA,United States,M,Monthly,PRVM,Production volume,IX,Index,BTE,Industry (except construction),202308,August 2023,2022-07,,102.23,,A,Normal value,0,Units,1,One,2015,
DATAFLOW,OECD.SDD.STES:DSD_STES_REVISIONS@DF_STES_REVISIONS(4.0),Short-term economic statistics revisions,I,USA,United States,M,Monthly,PRVM,Production volume,IX,Index,BTE,Industry (except construction),202210,October 2022,2022-07,,103.84,,A,Normal value,0,Units,1,One,2015,
DATAFLOW,OECD.SDD.STES:DSD_STES_REVISIONS@DF_STES_REVISIONS(4.0),Short-term economic statistics revisions,I,USA,United States,M,Monthly,PRVM,Production volume,IX,Index,BTE,Industry (except construction),202304,April 2023,2022-07,,102.23,,A,Normal value,0,Units,1,One,2015,
DATAFLOW,OECD.SDD.STES:DSD_STES_REVISIONS@DF_STES_REVISIONS(4.0),Short-term economic statistics revisions,I,USA,United States,M,Monthly,PRVM,Production volume,IX,Index,BTE,Industry (except construction),202312,December 2023,2022-07,,102.23,,A,Normal value,0,Units,1,One,2015,
DATAFLOW,OECD.SDD.STES:DSD_STES_REVISIONS@DF_STES_REVISIONS(4.0),Short-term economic statistics revisions,I,USA,United States,M,Monthly,PRVM,Production volume,IX,Index,BTE,Industry (except construction),202209,September 2022,2022-07,,103.93,,A,Normal value,0,Units,1,One,2015,
DATAFLOW,OECD.SDD.STES:DSD_STES_REVISIONS@DF_STES_REVISIONS(4.0),Short-term economic statistics revisions,I,USA,United States,M,Monthly,PRVM,Production volume,IX,Index,BTE,Industry (except construction),202302,February 2023,2022-07,,103.6,,A,Normal value,0,Units,1,One,2015,
DATAFLOW,OECD.SDD.STES:DSD_STES_REVISIONS@DF_STES_REVISIONS(4.0),Short-term economic statistics revisions,I,USA,United States,M,Monthly,PRVM,Production volume,IX,Index,BTE,Industry (except construction),202309,September 2023,2022-07,,102.23,,A,Normal value,0,Units,1,One,2015,
DATAFLOW,OECD.SDD.STES:DSD_STES_REVISIONS@DF_STES_REVISIONS(4.0),Short-term economic statistics revisions,I,USA,United States,M,Monthly,PRVM,Production volume,IX,Index,BTE,Industry (except construction),202211,November 2022,2022-07,,103.97,,A,Normal value,0,Units,1,One,2015,
DATAFLOW,OECD.SDD.STES:DSD_STES_REVISIONS@DF_STES_REVISIONS(4.0),Short-term economic statistics revisions,I,USA,United States,M,Monthly,PRVM,Production volume,IX,Index,BTE,Industry (except construction),202212,December 2022,2022-06,,103.2,,A,Normal value,0,Units,1,One,2015,
DATAFLOW,OECD.SDD.STES:DSD_STES_REVISIONS@DF_STES_REVISIONS(4.0),Short-term economic statistics revisions,I,USA,United States,M,Monthly,PRVM,Production volume,IX,Index,BTE,Industry (except construction),202311,November 2023,2022-06,,101.79,,A,Normal value,0,Units,1,One,2015,
DATAFLOW,OECD.SDD.STES:DSD_STES_REVISIONS@DF_STES_REVISIONS(4.0),Short-term economic statistics revisions,I,USA,United States,M,Monthly,PRVM,Production volume,IX,Index,BTE,Industry (except construction),202208,August 2022,2022-06,,103.49,,A,Normal value,0,Units,1,One,2015,
DATAFLOW,OECD.SDD.STES:DSD_STES_REVISIONS@DF_STES_REVISIONS(4.0),Short-term economic statistics revisions,I,USA,United States,M,Monthly,PRVM,Production volume,IX,Index,BTE,Industry (except construction),202306,June 2023,2022-06,,101.79,,A,Normal value,0,Units,1,One,2015,
DATAFLOW,OECD.SDD.STES:DSD_STES_REVISIONS@DF_STES_REVISIONS(4.0),Short-term economic statistics revisions,I,USA,United States,M,Monthly,PRVM,Production volume,IX,Index,BTE,Industry (except construction),202310,October 2023,2022-06,,101.79,,A,Normal value,0,Units,1,One,2015,
DATAFLOW,OECD.SDD.STES:DSD_STES_REVISIONS@DF_STES_REVISIONS(4.0),Short-term economic statistics revisions,I,USA,United States,M,Monthly,PRVM,Production volume,IX,Index,BTE,Industry (except construction),202305,May 2023,2022-06,,101.79,,A,Normal value,0,Units,1,One,2015,
DATAFLOW,OECD.SDD.STES:DSD_STES_REVISIONS@DF_STES_REVISIONS(4.0),Short-term economic statistics revisions,I,USA,United States,M,Monthly,PRVM,Production volume,IX,Index,BTE,Industry (except construction),202301,January 2023,2022-06,,103.07,,A,Normal value,0,Units,1,One,2015,
DATAFLOW,OECD.SDD.STES:DSD_STES_REVISIONS@DF_STES_REVISIONS(4.0),Short-term economic statistics revisions,I,USA,United States,M,Monthly,PRVM,Production volume,IX,Index,BTE,Industry (except construction),202303,March 2023,2022-06,,103.07,,A,Normal value,0,Units,1,One,2015,
DATAFLOW,OECD.SDD.STES:DSD_STES_REVISIONS@DF_STES_REVISIONS(4.0),Short-term economic statistics revisions,I,USA,United States,M,Monthly,PRVM,Production volume,IX,Index,BTE,Industry (except construction),202307,July 2023,2022-06,,101.79,,A,Normal value,0,Units,1,One,2015,
DATAFLOW,OECD.SDD.STES:DSD_STES_REVISIONS@DF_STES_REVISIONS(4.0),Short-term economic statistics revisions,I,USA,United States,M,Monthly,PRVM,Production volume,IX,Index,BTE,Industry (except construction),202308,August 2023,2022-06,,101.79,,A,Normal value,0,Units,1,One,2015,
DATAFLOW,OECD.SDD.STES:DSD_STES_REVISIONS@DF_STES_REVISIONS(4.0),Short-term economic statistics revisions,I,USA,United States,M,Monthly,PRVM,Production volume,IX,Index,BTE,Industry (except construction),202304,April 2023,2022-06,,101.79,,A,Normal value,0,Units,1,One,2015,
DATAFLOW,OECD.SDD.STES:DSD_STES_REVISIONS@DF_STES_REVISIONS(4.0),Short-term economic statistics revisions,I,USA,United States,M,Monthly,PRVM,Production volume,IX,Index,BTE,Industry (except construction),202210,October 2022,2022-06,,103.3,,A,Normal value,0,Units,1,One,2015,
DATAFLOW,OECD.SDD.STES:DSD_STES_REVISIONS@DF_STES_REVISIONS(4.0),Short-term economic statistics revisions,I,USA,United States,M,Monthly,PRVM,Production volume,IX,Index,BTE,Industry (except construction),202209,September 2022,2022-06,,103.35,,A,Normal value,0,Units,1,One,2015,
DATAFLOW,OECD.SDD.STES:DSD_STES_REVISIONS@DF_STES_REVISIONS(4.0),Short-term economic statistics revisions,I,USA,United States,M,Monthly,PRVM,Production volume,IX,Index,BTE,Industry (except construction),202312,December 2023,2022-06,,101.79,,A,Normal value,0,Units,1,One,2015,
DATAFLOW,OECD.SDD.STES:DSD_STES_REVISIONS@DF_STES_REVISIONS(4.0),Short-term economic statistics revisions,I,USA,United States,M,Monthly,PRVM,Production volume,IX,Index,BTE,Industry (except construction),202302,February 2023,2022-06,,103.07,,A,Normal value,0,Units,1,One,2015,
DATAFLOW,OECD.SDD.STES:DSD_STES_REVISIONS@DF_STES_REVISIONS(4.0),Short-term economic statistics revisions,I,USA,United States,M,Monthly,PRVM,Production volume,IX,Index,BTE,Industry (except construction),202211,November 2022,2022-06,,103.22,,A,Normal value,0,Units,1,One,2015,
DATAFLOW,OECD.SDD.STES:DSD_STES_REVISIONS@DF_STES_REVISIONS(4.0),Short-term economic statistics revisions,I,USA,United States,M,Monthly,PRVM,Production volume,IX,Index,BTE,Industry (except construction),202309,September 2023,2022-06,,101.79,,A,Normal value,0,Units,1,One,2015,
DATAFLOW,OECD.SDD.STES:DSD_STES_REVISIONS@DF_STES_REVISIONS(4.0),Short-term economic statistics revisions,I,USA,United States,M,Monthly,PRVM,Production volume,IX,Index,BTE,Industry (except construction),202309,September 2023,2022-05,,101.88,,A,Normal value,0,Units,1,One,2015,
DATAFLOW,OECD.SDD.STES:DSD_STES_REVISIONS@DF_STES_REVISIONS(4.0),Short-term economic statistics revisions,I,USA,United States,M,Monthly,PRVM,Production volume,IX,Index,BTE,Industry (except construction),202211,November 2022,2022-05,,103.31,,A,Normal value,0,Units,1,One,2015,
DATAFLOW,OECD.SDD.STES:DSD_STES_REVISIONS@DF_STES_REVISIONS(4.0),Short-term economic statistics revisions,I,USA,United States,M,Monthly,PRVM,Production volume,IX,Index,BTE,Industry (except construction),202302,February 2023,2022-05,,103.29,,A,Normal value,0,Units,1,One,2015,
DATAFLOW,OECD.SDD.STES:DSD_STES_REVISIONS@DF_STES_REVISIONS(4.0),Short-term economic statistics revisions,I,USA,United States,M,Monthly,PRVM,Production volume,IX,Index,BTE,Industry (except construction),202207,July 2022,2022-05,,104.31,,A,Normal value,0,Units,1,One,2015,
DATAFLOW,OECD.SDD.STES:DSD_STES_REVISIONS@DF_STES_REVISIONS(4.0),Short-term economic statistics revisions,I,USA,United States,M,Monthly,PRVM,Production volume,IX,Index,BTE,Industry (except construction),202312,December 2023,2022-05,,101.88,,A,Normal value,0,Units,1,One,2015,
DATAFLOW,OECD.SDD.STES:DSD_STES_REVISIONS@DF_STES_REVISIONS(4.0),Short-term economic statistics revisions,I,USA,United States,M,Monthly,PRVM,Production volume,IX,Index,BTE,Industry (except construction),202209,September 2022,2022-05,,103.33,,A,Normal value,0,Units,1,One,2015,
DATAFLOW,OECD.SDD.STES:DSD_STES_REVISIONS@DF_STES_REVISIONS(4.0),Short-term economic statistics revisions,I,USA,United States,M,Monthly,PRVM,Production volume,IX,Index,BTE,Industry (except construction),202210,October 2022,2022-05,,103.31,,A,Normal value,0,Units,1,One,2015,
DATAFLOW,OECD.SDD.STES:DSD_STES_REVISIONS@DF_STES_REVISIONS(4.0),Short-term economic statistics revisions,I,USA,United States,M,Monthly,PRVM,Production volume,IX,Index,BTE,Industry (except construction),202304,April 2023,2022-05,,101.88,,A,Normal value,0,Units,1,One,2015,
DATAFLOW,OECD.SDD.STES:DSD_STES_REVISIONS@DF_STES_REVISIONS(4.0),Short-term economic statistics revisions,I,USA,United States,M,Monthly,PRVM,Production volume,IX,Index,BTE,Industry (except construction),202308,August 2023,2022-05,,101.88,,A,Normal value,0,Units,1,One,2015,
DATAFLOW,OECD.SDD.STES:DSD_STES_REVISIONS@DF_STES_REVISIONS(4.0),Short-term economic statistics revisions,I,USA,United States,M,Monthly,PRVM,Production volume,IX,Index,BTE,Industry (except construction),202307,July 2023,2022-05,,101.88,,A,Normal value,0,Units,1,One,2015,
DATAFLOW,OECD.SDD.STES:DSD_STES_REVISIONS@DF_STES_REVISIONS(4.0),Short-term economic statistics revisions,I,USA,United States,M,Monthly,PRVM,Production volume,IX,Index,BTE,Industry (except construction),202303,March 2023,2022-05,,103.29,,A,Normal value,0,Units,1,One,2015,
DATAFLOW,OECD.SDD.STES:DSD_STES_REVISIONS@DF_STES_REVISIONS(4.0),Short-term economic statistics revisions,I,USA,United States,M,Monthly,PRVM,Production volume,IX,Index,BTE,Industry (except construction),202301,January 2023,2022-05,,103.29,,A,Normal value,0,Units,1,One,2015,
DATAFLOW,OECD.SDD.STES:DSD_STES_REVISIONS@DF_STES_REVISIONS(4.0),Short-term economic statistics revisions,I,USA,United States,M,Monthly,PRVM,Production volume,IX,Index,BTE,Industry (except construction),202305,May 2023,2022-05,,101.88,,A,Normal value,0,Units,1,One,2015,
DATAFLOW,OECD.SDD.STES:DSD_STES_REVISIONS@DF_STES_REVISIONS(4.0),Short-term economic statistics revisions,I,USA,United States,M,Monthly,PRVM,Production volume,IX,Index,BTE,Industry (except construction),202310,October 2023,2022-05,,101.88,,A,Normal value,0,Units,1,One,2015,
DATAFLOW,OECD.SDD.STES:DSD_STES_REVISIONS@DF_STES_REVISIONS(4.0),Short-term economic statistics revisions,I,USA,United States,M,Monthly,PRVM,Production volume,IX,Index,BTE,Industry (except construction),202306,June 2023,2022-05,,101.88,,A,Normal value,0,Units,1,One,2015,
DATAFLOW,OECD.SDD.STES:DSD_STES_REVISIONS@DF_STES_REVISIONS(4.0),Short-term economic statistics revisions,I,USA,United States,M,Monthly,PRVM,Production volume,IX,Index,BTE,Industry (except construction),202208,August 2022,2022-05,,103.69,,A,Normal value,0,Units,1,One,2015,
DATAFLOW,OECD.SDD.STES:DSD_STES_REVISIONS@DF_STES_REVISIONS(4.0),Short-term economic statistics revisions,I,USA,United States,M,Monthly,PRVM,Production volume,IX,Index,BTE,Industry (except construction),202311,November 2023,2022-05,,101.88,,A,Normal value,0,Units,1,One,2015,
DATAFLOW,OECD.SDD.STES:DSD_STES_REVISIONS@DF_STES_REVISIONS(4.0),Short-term economic statistics revisions,I,USA,United States,M,Monthly,PRVM,Production volume,IX,Index,BTE,Industry (except construction),202212,December 2022,2022-05,,103.29,,A,Normal value,0,Units,1,One,2015,
DATAFLOW,OECD.SDD.STES:DSD_STES_REVISIONS@DF_STES_REVISIONS(4.0),Short-term economic statistics revisions,I,USA,United States,M,Monthly,PRVM,Production volume,IX,Index,BTE,Industry (except construction),202212,December 2022,2022-04,,103.39,,A,Normal value,0,Units,1,One,2015,
DATAFLOW,OECD.SDD.STES:DSD_STES_REVISIONS@DF_STES_REVISIONS(4.0),Short-term economic statistics revisions,I,USA,United States,M,Monthly,PRVM,Production volume,IX,Index,BTE,Industry (except construction),202311,November 2023,2022-04,,101.9,,A,Normal value,0,Units,1,One,2015,
DATAFLOW,OECD.SDD.STES:DSD_STES_REVISIONS@DF_STES_REVISIONS(4.0),Short-term economic statistics revisions,I,USA,United States,M,Monthly,PRVM,Production volume,IX,Index,BTE,Industry (except construction),202208,August 2022,2022-04,,103.64,,A,Normal value,0,Units,1,One,2015,
DATAFLOW,OECD.SDD.STES:DSD_STES_REVISIONS@DF_STES_REVISIONS(4.0),Short-term economic statistics revisions,I,USA,United States,M,Monthly,PRVM,Production volume,IX,Index,BTE,Industry (except construction),202306,June 2023,2022-04,,101.9,,A,Normal value,0,Units,1,One,2015,
DATAFLOW,OECD.SDD.STES:DSD_STES_REVISIONS@DF_STES_REVISIONS(4.0),Short-term economic statistics revisions,I,USA,United States,M,Monthly,PRVM,Production volume,IX,Index,BTE,Industry (except construction),202310,October 2023,2022-04,,101.9,,A,Normal value,0,Units,1,One,2015,
DATAFLOW,OECD.SDD.STES:DSD_STES_REVISIONS@DF_STES_REVISIONS(4.0),Short-term economic statistics revisions,I,USA,United States,M,Monthly,PRVM,Production volume,IX,Index,BTE,Industry (except construction),202305,May 2023,2022-04,,101.9,,A,Normal value,0,Units,1,One,2015,
DATAFLOW,OECD.SDD.STES:DSD_STES_REVISIONS@DF_STES_REVISIONS(4.0),Short-term economic statistics revisions,I,USA,United States,M,Monthly,PRVM,Production volume,IX,Index,BTE,Industry (except construction),202301,January 2023,2022-04,,103.39,,A,Normal value,0,Units,1,One,2015,
DATAFLOW,OECD.SDD.STES:DSD_STES_REVISIONS@DF_STES_REVISIONS(4.0),Short-term economic statistics revisions,I,USA,United States,M,Monthly,PRVM,Production volume,IX,Index,BTE,Industry (except construction),202206,June 2022,2022-04,,104.67,,A,Normal value,0,Units,1,One,2015,
DATAFLOW,OECD.SDD.STES:DSD_STES_REVISIONS@DF_STES_REVISIONS(4.0),Short-term economic statistics revisions,I,USA,United States,M,Monthly,PRVM,Production volume,IX,Index,BTE,Industry (except construction),202303,March 2023,2022-04,,103.39,,A,Normal value,0,Units,1,One,2015,
DATAFLOW,OECD.SDD.STES:DSD_STES_REVISIONS@DF_STES_REVISIONS(4.0),Short-term economic statistics revisions,I,USA,United States,M,Monthly,PRVM,Production volume,IX,Index,BTE,Industry (except construction),202307,July 2023,2022-04,,101.9,,A,Normal value,0,Units,1,One,2015,
DATAFLOW,OECD.SDD.STES:DSD_STES_REVISIONS@DF_STES_REVISIONS(4.0),Short-term economic statistics revisions,I,USA,United States,M,Monthly,PRVM,Production volume,IX,Index,BTE,Industry (except construction),202308,August 2023,2022-04,,101.9,,A,Normal value,0,Units,1,One,2015,
DATAFLOW,OECD.SDD.STES:DSD_STES_REVISIONS@DF_STES_REVISIONS(4.0),Short-term economic statistics revisions,I,USA,United States,M,Monthly,PRVM,Production volume,IX,Index,BTE,Industry (except construction),202304,April 2023,2022-04,,101.9,,A,Normal value,0,Units,1,One,2015,
DATAFLOW,OECD.SDD.STES:DSD_STES_REVISIONS@DF_STES_REVISIONS(4.0),Short-term economic statistics revisions,I,USA,United States,M,Monthly,PRVM,Production volume,IX,Index,BTE,Industry (except construction),202210,October 2022,2022-04,,103.38,,A,Normal value,0,Units,1,One,2015,
DATAFLOW,OECD.SDD.STES:DSD_STES_REVISIONS@DF_STES_REVISIONS(4.0),Short-term economic statistics revisions,I,USA,United States,M,Monthly,PRVM,Production volume,IX,Index,BTE,Industry (except construction),202209,September 2022,2022-04,,103.42,,A,Normal value,0,Units,1,One,2015,
DATAFLOW,OECD.SDD.STES:DSD_STES_REVISIONS@DF_STES_REVISIONS(4.0),Short-term economic statistics revisions,I,USA,United States,M,Monthly,PRVM,Production volume,IX,Index,BTE,Industry (except construction),202312,December 2023,2022-04,,101.9,,A,Normal value,0,Units,1,One,2015,
DATAFLOW,OECD.SDD.STES:DSD_STES_REVISIONS@DF_STES_REVISIONS(4.0),Short-term economic statistics revisions,I,USA,United States,M,Monthly,PRVM,Production volume,IX,Index,BTE,Industry (except construction),202207,July 2022,2022-04,,104.2,,A,Normal value,0,Units,1,One,2015,
DATAFLOW,OECD.SDD.STES:DSD_STES_REVISIONS@DF_STES_REVISIONS(4.0),Short-term economic statistics revisions,I,USA,United States,M,Monthly,PRVM,Production volume,IX,Index,BTE,Industry (except construction),202407,July 2024,2021-06,,98.64,,A,Normal value,0,Units,1,One,2015,
DATAFLOW,OECD.SDD.STES:DSD_STES_REVISIONS@DF_STES_REVISIONS(4.0),Short-term economic statistics revisions,I,USA,United States,M,Monthly,PRVM,Production volume,IX,Index,BTE,Industry (except construction),202406,June 2024,2021-06,,98.64,,A,Normal value,0,Units,1,One,2015,
DATAFLOW,OECD.SDD.STES:DSD_STES_REVISIONS@DF_STES_REVISIONS(4.0),Short-term economic statistics revisions,I,USA,United States,M,Monthly,PRVM,Production volume,IX,Index,BTE,Industry (except construction),202404,April 2024,2021-06,,98.64,,A,Normal value,0,Units,1,One,2015,
DATAFLOW,OECD.SDD.STES:DSD_STES_REVISIONS@DF_STES_REVISIONS(4.0),Short-term economic statistics revisions,I,USA,United States,M,Monthly,PRVM,Production volume,IX,Index,BTE,Industry (except construction),202405,May 2024,2021-06,,98.64,,A,Normal value,0,Units,1,One,2015,
DATAFLOW,OECD.SDD.STES:DSD_STES_REVISIONS@DF_STES_REVISIONS(4.0),Short-term economic statistics revisions,I,USA,United States,M,Monthly,PRVM,Production volume,IX,Index,BTE,Industry (except construction),202403,March 2024,2021-06,,98.64,,A,Normal value,0,Units,1,One,2015,
DATAFLOW,OECD.SDD.STES:DSD_STES_REVISIONS@DF_STES_REVISIONS(4.0),Short-term economic statistics revisions,I,USA,United States,M,Monthly,PRVM,Production volume,IX,Index,BTE,Industry (except construction),202403,March 2024,2021-05,,98.29,,A,Normal value,0,Units,1,One,2015,
DATAFLOW,OECD.SDD.STES:DSD_STES_REVISIONS@DF_STES_REVISIONS(4.0),Short-term economic statistics revisions,I,USA,United States,M,Monthly,PRVM,Production volume,IX,Index,BTE,Industry (except construction),202405,May 2024,2021-05,,98.29,,A,Normal value,0,Units,1,One,2015,
DATAFLOW,OECD.SDD.STES:DSD_STES_REVISIONS@DF_STES_REVISIONS(4.0),Short-term economic statistics revisions,I,USA,United States,M,Monthly,PRVM,Production volume,IX,Index,BTE,Industry (except construction),202404,April 2024,2021-05,,98.29,,A,Normal value,0,Units,1,One,2015,
DATAFLOW,OECD.SDD.STES:DSD_STES_REVISIONS@DF_STES_REVISIONS(4.0),Short-term economic statistics revisions,I,USA,United States,M,Monthly,PRVM,Production volume,IX,Index,BTE,Industry (except construction),202406,June 2024,2021-05,,98.29,,A,Normal value,0,Units,1,One,2015,
DATAFLOW,OECD.SDD.STES:DSD_STES_REVISIONS@DF_STES_REVISIONS(4.0),Short-term economic statistics revisions,I,USA,United States,M,Monthly,PRVM,Production volume,IX,Index,BTE,Industry (except construction),202407,July 2024,2021-05,,98.29,,A,Normal value,0,Units,1,One,2015,
DATAFLOW,OECD.SDD.STES:DSD_STES_REVISIONS@DF_STES_REVISIONS(4.0),Short-term economic statistics revisions,I,USA,United States,M,Monthly,PRVM,Production volume,IX,Index,BTE,Industry (except construction),202409,September 2024,2021-05,,98.34,,A,Normal value,0,Units,1,One,2015,
DATAFLOW,OECD.SDD.STES:DSD_STES_REVISIONS@DF_STES_REVISIONS(4.0),Short-term economic statistics revisions,I,USA,United States,M,Monthly,PRVM,Production volume,IX,Index,BTE,Industry (except construction),202408,August 2024,2021-05,,98.34,,A,Normal value,0,Units,1,One,2015,
DATAFLOW,OECD.SDD.STES:DSD_STES_REVISIONS@DF_STES_REVISIONS(4.0),Short-term economic statistics revisions,I,USA,United States,M,Monthly,PRVM,Production volume,IX,Index,BTE,Industry (except construction),202410,October 2024,2021-05,,98.34,,A,Normal value,0,Units,1,One,2015,
DATAFLOW,OECD.SDD.STES:DSD_STES_REVISIONS@DF_STES_REVISIONS(4.0),Short-term economic statistics revisions,I,USA,United States,M,Monthly,PRVM,Production volume,IX,Index,BTE,Industry (except construction),202411,November 2024,2021-05,,98.34,,A,Normal value,0,Units,1,One,2015,
DATAFLOW,OECD.SDD.STES:DSD_STES_REVISIONS@DF_STES_REVISIONS(4.0),Short-term economic statistics revisions,I,USA,United States,M,Monthly,PRVM,Production volume,IX,Index,BTE,Industry (except construction),202402,February 2024,2021-05,,98.29,,A,Normal value,0,Units,1,One,2015,
DATAFLOW,OECD.SDD.STES:DSD_STES_REVISIONS@DF_STES_REVISIONS(4.0),Short-term economic statistics revisions,I,USA,United States,M,Monthly,PRVM,Production volume,IX,Index,BTE,Industry (except construction),202401,January 2024,2021-05,,98.29,,A,Normal value,0,Units,1,One,2015,
DATAFLOW,OECD.SDD.STES:DSD_STES_REVISIONS@DF_STES_REVISIONS(4.0),Short-term economic statistics revisions,I,USA,United States,M,Monthly,PRVM,Production volume,IX,Index,BTE,Industry (except construction),202401,January 2024,2021-04,,97.43,,A,Normal value,0,Units,1,One,2015,
DATAFLOW,OECD.SDD.STES:DSD_STES_REVISIONS@DF_STES_REVISIONS(4.0),Short-term economic statistics revisions,I,USA,United States,M,Monthly,PRVM,Production volume,IX,Index,BTE,Industry (except construction),202402,February 2024,2021-04,,97.43,,A,Normal value,0,Units,1,One,2015,
DATAFLOW,OECD.SDD.STES:DSD_STES_REVISIONS@DF_STES_REVISIONS(4.0),Short-term economic statistics revisions,I,USA,United States,M,Monthly,PRVM,Production volume,IX,Index,BTE,Industry (except construction),202411,November 2024,2021-04,,97.49,,A,Normal value,0,Units,1,One,2015,
DATAFLOW,OECD.SDD.STES:DSD_STES_REVISIONS@DF_STES_REVISIONS(4.0),Short-term economic statistics revisions,I,USA,United States,M,Monthly,PRVM,Production volume,IX,Index,BTE,Industry (except construction),202410,October 2024,2021-04,,97.49,,A,Normal value,0,Units,1,One,2015,
DATAFLOW,OECD.SDD.STES:DSD_STES_REVISIONS@DF_STES_REVISIONS(4.0),Short-term economic statistics revisions,I,USA,United States,M,Monthly,PRVM,Production volume,IX,Index,BTE,Industry (except construction),202408,August 2024,2021-04,,97.49,,A,Normal value,0,Units,1,One,2015,
DATAFLOW,OECD.SDD.STES:DSD_STES_REVISIONS@DF_STES_REVISIONS(4.0),Short-term economic statistics revisions,I,USA,United States,M,Monthly,PRVM,Production volume,IX,Index,BTE,Industry (except construction),202409,September 2024,2021-04,,97.49,,A,Normal value,0,Units,1,One,2015,
DATAFLOW,OECD.SDD.STES:DSD_STES_REVISIONS@DF_STES_REVISIONS(4.0),Short-term economic statistics revisions,I,USA,United States,M,Monthly,PRVM,Production volume,IX,Index,BTE,Industry (except construction),202407,July 2024,2021-04,,97.43,,A,Normal value,0,Units,1,One,2015,
DATAFLOW,OECD.SDD.STES:DSD_STES_REVISIONS@DF_STES_REVISIONS(4.0),Short-term economic statistics revisions,I,USA,United States,M,Monthly,PRVM,Production volume,IX,Index,BTE,Industry (except construction),202406,June 2024,2021-04,,97.43,,A,Normal value,0,Units,1,One,2015,
DATAFLOW,OECD.SDD.STES:DSD_STES_REVISIONS@DF_STES_REVISIONS(4.0),Short-term economic statistics revisions,I,USA,United States,M,Monthly,PRVM,Production volume,IX,Index,BTE,Industry (except construction),202404,April 2024,2021-04,,97.43,,A,Normal value,0,Units,1,One,2015,
DATAFLOW,OECD.SDD.STES:DSD_STES_REVISIONS@DF_STES_REVISIONS(4.0),Short-term economic statistics revisions,I,USA,United States,M,Monthly,PRVM,Production volume,IX,Index,BTE,Industry (except construction),202405,May 2024,2021-04,,97.43,,A,Normal value,0,Units,1,One,2015,
DATAFLOW,OECD.SDD.STES:DSD_STES_REVISIONS@DF_STES_REVISIONS(4.0),Short-term economic statistics revisions,I,USA,United States,M,Monthly,PRVM,Production volume,IX,Index,BTE,Industry (except construction),202403,March 2024,2021-04,,97.43,,A,Normal value,0,Units,1,One,2015,
DATAFLOW,OECD.SDD.STES:DSD_STES_REVISIONS@DF_STES_REVISIONS(4.0),Short-term economic statistics revisions,I,USA,United States,M,Monthly,PRVM,Production volume,IX,Index,BTE,Industry (except construction),202401,January 2024,2021-03,,97.28,,A,Normal value,0,Units,1,One,2015,
DATAFLOW,OECD.SDD.STES:DSD_STES_REVISIONS@DF_STES_REVISIONS(4.0),Short-term economic statistics revisions,I,USA,United States,M,Monthly,PRVM,Production volume,IX,Index,BTE,Industry (except construction),202402,February 2024,2021-03,,97.28,,A,Normal value,0,Units,1,One,2015,
DATAFLOW,OECD.SDD.STES:DSD_STES_REVISIONS@DF_STES_REVISIONS(4.0),Short-term economic statistics revisions,I,USA,United States,M,Monthly,PRVM,Production volume,IX,Index,BTE,Industry (except construction),202411,November 2024,2021-03,,97.35,,A,Normal value,0,Units,1,One,2015,
DATAFLOW,OECD.SDD.STES:DSD_STES_REVISIONS@DF_STES_REVISIONS(4.0),Short-term economic statistics revisions,I,USA,United States,M,Monthly,PRVM,Production volume,IX,Index,BTE,Industry (except construction),202410,October 2024,2021-03,,97.35,,A,Normal value,0,Units,1,One,2015,
DATAFLOW,OECD.SDD.STES:DSD_STES_REVISIONS@DF_STES_REVISIONS(4.0),Short-term economic statistics revisions,I,USA,United States,M,Monthly,PRVM,Production volume,IX,Index,BTE,Industry (except construction),202408,August 2024,2021-03,,97.35,,A,Normal value,0,Units,1,One,2015,
DATAFLOW,OECD.SDD.STES:DSD_STES_REVISIONS@DF_STES_REVISIONS(4.0),Short-term economic statistics revisions,I,USA,United States,M,Monthly,PRVM,Production volume,IX,Index,BTE,Industry (except construction),202409,September 2024,2021-03,,97.35,,A,Normal value,0,Units,1,One,2015,
DATAFLOW,OECD.SDD.STES:DSD_STES_REVISIONS@DF_STES_REVISIONS(4.0),Short-term economic statistics revisions,I,USA,United States,M,Monthly,PRVM,Production volume,IX,Index,BTE,Industry (except construction),202407,July 2024,2021-03,,97.28,,A,Normal value,0,Units,1,One,2015,
DATAFLOW,OECD.SDD.STES:DSD_STES_REVISIONS@DF_STES_REVISIONS(4.0),Short-term economic statistics revisions,I,USA,United States,M,Monthly,PRVM,Production volume,IX,Index,BTE,Industry (except construction),202406,June 2024,2021-03,,97.28,,A,Normal value,0,Units,1,One,2015,
DATAFLOW,OECD.SDD.STES:DSD_STES_REVISIONS@DF_STES_REVISIONS(4.0),Short-term economic statistics revisions,I,USA,United States,M,Monthly,PRVM,Production volume,IX,Index,BTE,Industry (except construction),202404,April 2024,2021-03,,97.28,,A,Normal value,0,Units,1,One,2015,
DATAFLOW,OECD.SDD.STES:DSD_STES_REVISIONS@DF_STES_REVISIONS(4.0),Short-term economic statistics revisions,I,USA,United States,M,Monthly,PRVM,Production volume,IX,Index,BTE,Industry (except construction),202405,May 2024,2021-03,,97.28,,A,Normal value,0,Units,1,One,2015,
DATAFLOW,OECD.SDD.STES:DSD_STES_REVISIONS@DF_STES_REVISIONS(4.0),Short-term economic statistics revisions,I,USA,United States,M,Monthly,PRVM,Production volume,IX,Index,BTE,Industry (except construction),202403,March 2024,2021-03,,97.28,,A,Normal value,0,Units,1,One,2015,
DATAFLOW,OECD.SDD.STES:DSD_STES_REVISIONS@DF_STES_REVISIONS(4.0),Short-term economic statistics revisions,I,USA,United States,M,Monthly,PRVM,Production volume,IX,Index,BTE,Industry (except construction),202403,March 2024,2021-02,,94.54,,A,Normal value,0,Units,1,One,2015,
DATAFLOW,OECD.SDD.STES:DSD_STES_REVISIONS@DF_STES_REVISIONS(4.0),Short-term economic statistics revisions,I,USA,United States,M,Monthly,PRVM,Production volume,IX,Index,BTE,Industry (except construction),202405,May 2024,2021-02,,94.54,,A,Normal value,0,Units,1,One,2015,
DATAFLOW,OECD.SDD.STES:DSD_STES_REVISIONS@DF_STES_REVISIONS(4.0),Short-term economic statistics revisions,I,USA,United States,M,Monthly,PRVM,Production volume,IX,Index,BTE,Industry (except construction),202404,April 2024,2021-02,,94.54,,A,Normal value,0,Units,1,One,2015,
DATAFLOW,OECD.SDD.STES:DSD_STES_REVISIONS@DF_STES_REVISIONS(4.0),Short-term economic statistics revisions,I,USA,United States,M,Monthly,PRVM,Production volume,IX,Index,BTE,Industry (except construction),202406,June 2024,2021-02,,94.54,,A,Normal value,0,Units,1,One,2015,
DATAFLOW,OECD.SDD.STES:DSD_STES_REVISIONS@DF_STES_REVISIONS(4.0),Short-term economic statistics revisions,I,USA,United States,M,Monthly,PRVM,Production volume,IX,Index,BTE,Industry (except construction),202407,July 2024,2021-02,,94.54,,A,Normal value,0,Units,1,One,2015,
DATAFLOW,OECD.SDD.STES:DSD_STES_REVISIONS@DF_STES_REVISIONS(4.0),Short-term economic statistics revisions,I,USA,United States,M,Monthly,PRVM,Production volume,IX,Index,BTE,Industry (except construction),202409,September 2024,2021-02,,94.69,,A,Normal value,0,Units,1,One,2015,
DATAFLOW,OECD.SDD.STES:DSD_STES_REVISIONS@DF_STES_REVISIONS(4.0),Short-term economic statistics revisions,I,USA,United States,M,Monthly,PRVM,Production volume,IX,Index,BTE,Industry (except construction),202408,August 2024,2021-02,,94.69,,A,Normal value,0,Units,1,One,2015,
DATAFLOW,OECD.SDD.STES:DSD_STES_REVISIONS@DF_STES_REVISIONS(4.0),Short-term economic statistics revisions,I,USA,United States,M,Monthly,PRVM,Production volume,IX,Index,BTE,Industry (except construction),202410,October 2024,2021-02,,94.69,,A,Normal value,0,Units,1,One,2015,
DATAFLOW,OECD.SDD.STES:DSD_STES_REVISIONS@DF_STES_REVISIONS(4.0),Short-term economic statistics revisions,I,USA,United States,M,Monthly,PRVM,Production volume,IX,Index,BTE,Industry (except construction),202411,November 2024,2021-02,,94.69,,A,Normal value,0,Units,1,One,2015,
DATAFLOW,OECD.SDD.STES:DSD_STES_REVISIONS@DF_STES_REVISIONS(4.0),Short-term economic statistics revisions,I,USA,United States,M,Monthly,PRVM,Production volume,IX,Index,BTE,Industry (except construction),202402,February 2024,2021-02,,94.54,,A,Normal value,0,Units,1,One,2015,
DATAFLOW,OECD.SDD.STES:DSD_STES_REVISIONS@DF_STES_REVISIONS(4.0),Short-term economic statistics revisions,I,USA,United States,M,Monthly,PRVM,Production volume,IX,Index,BTE,Industry (except construction),202401,January 2024,2021-02,,94.54,,A,Normal value,0,Units,1,One,2015,
DATAFLOW,OECD.SDD.STES:DSD_STES_REVISIONS@DF_STES_REVISIONS(4.0),Short-term economic statistics revisions,I,USA,United States,M,Monthly,PRVM,Production volume,IX,Index,BTE,Industry (except construction),202401,January 2024,2021-01,,97.92,,A,Normal value,0,Units,1,One,2015,
DATAFLOW,OECD.SDD.STES:DSD_STES_REVISIONS@DF_STES_REVISIONS(4.0),Short-term economic statistics revisions,I,USA,United States,M,Monthly,PRVM,Production volume,IX,Index,BTE,Industry (except construction),202402,February 2024,2021-01,,97.92,,A,Normal value,0,Units,1,One,2015,
DATAFLOW,OECD.SDD.STES:DSD_STES_REVISIONS@DF_STES_REVISIONS(4.0),Short-term economic statistics revisions,I,USA,United States,M,Monthly,PRVM,Production volume,IX,Index,BTE,Industry (except construction),202411,November 2024,2021-01,,97.97,,A,Normal value,0,Units,1,One,2015,
DATAFLOW,OECD.SDD.STES:DSD_STES_REVISIONS@DF_STES_REVISIONS(4.0),Short-term economic statistics revisions,I,USA,United States,M,Monthly,PRVM,Production volume,IX,Index,BTE,Industry (except construction),202410,October 2024,2021-01,,97.97,,A,Normal value,0,Units,1,One,2015,
DATAFLOW,OECD.SDD.STES:DSD_STES_REVISIONS@DF_STES_REVISIONS(4.0),Short-term economic statistics revisions,I,USA,United States,M,Monthly,PRVM,Production volume,IX,Index,BTE,Industry (except construction),202408,August 2024,2021-01,,97.97,,A,Normal value,0,Units,1,One,2015,
DATAFLOW,OECD.SDD.STES:DSD_STES_REVISIONS@DF_STES_REVISIONS(4.0),Short-term economic statistics revisions,I,USA,United States,M,Monthly,PRVM,Production volume,IX,Index,BTE,Industry (except construction),202409,September 2024,2021-01,,97.97,,A,Normal value,0,Units,1,One,2015,
DATAFLOW,OECD.SDD.STES:DSD_STES_REVISIONS@DF_STES_REVISIONS(4.0),Short-term economic statistics revisions,I,USA,United States,M,Monthly,PRVM,Production volume,IX,Index,BTE,Industry (except construction),202407,July 2024,2021-01,,97.92,,A,Normal value,0,Units,1,One,2015,
DATAFLOW,OECD.SDD.STES:DSD_STES_REVISIONS@DF_STES_REVISIONS(4.0),Short-term economic statistics revisions,I,USA,United States,M,Monthly,PRVM,Production volume,IX,Index,BTE,Industry (except construction),202406,June 2024,2021-01,,97.92,,A,Normal value,0,Units,1,One,2015,
DATAFLOW,OECD.SDD.STES:DSD_STES_REVISIONS@DF_STES_REVISIONS(4.0),Short-term economic statistics revisions,I,USA,United States,M,Monthly,PRVM,Production volume,IX,Index,BTE,Industry (except construction),202404,April 2024,2021-01,,97.92,,A,Normal value,0,Units,1,One,2015,
DATAFLOW,OECD.SDD.STES:DSD_STES_REVISIONS@DF_STES_REVISIONS(4.0),Short-term economic statistics revisions,I,USA,United States,M,Monthly,PRVM,Production volume,IX,Index,BTE,Industry (except construction),202405,May 2024,2021-01,,97.92,,A,Normal value,0,Units,1,One,2015,
DATAFLOW,OECD.SDD.STES:DSD_STES_REVISIONS@DF_STES_REVISIONS(4.0),Short-term economic statistics revisions,I,USA,United States,M,Monthly,PRVM,Production volume,IX,Index,BTE,Industry (except construction),202403,March 2024,2021-01,,97.92,,A,Normal value,0,Units,1,One,2015,
DATAFLOW,OECD.SDD.STES:DSD_STES_REVISIONS@DF_STES_REVISIONS(4.0),Short-term economic statistics revisions,I,USA,United States,M,Monthly,PRVM,Production volume,IX,Index,BTE,Industry (except construction),202401,January 2024,2020-12,,97.12,,A,Normal value,0,Units,1,One,2015,
DATAFLOW,OECD.SDD.STES:DSD_STES_REVISIONS@DF_STES_REVISIONS(4.0),Short-term economic statistics revisions,I,USA,United States,M,Monthly,PRVM,Production volume,IX,Index,BTE,Industry (except construction),202402,February 2024,2020-12,,97.12,,A,Normal value,0,Units,1,One,2015,
DATAFLOW,OECD.SDD.STES:DSD_STES_REVISIONS@DF_STES_REVISIONS(4.0),Short-term economic statistics revisions,I,USA,United States,M,Monthly,PRVM,Production volume,IX,Index,BTE,Industry (except construction),202411,November 2024,2020-12,,97.36,,A,Normal value,0,Units,1,One,2015,
DATAFLOW,OECD.SDD.STES:DSD_STES_REVISIONS@DF_STES_REVISIONS(4.0),Short-term economic statistics revisions,I,USA,United States,M,Monthly,PRVM,Production volume,IX,Index,BTE,Industry (except construction),202410,October 2024,2020-12,,97.36,,A,Normal value,0,Units,1,One,2015,
DATAFLOW,OECD.SDD.STES:DSD_STES_REVISIONS@DF_STES_REVISIONS(4.0),Short-term economic statistics revisions,I,USA,United States,M,Monthly,PRVM,Production volume,IX,Index,BTE,Industry (except construction),202408,August 2024,2020-12,,97.36,,A,Normal value,0,Units,1,One,2015,
DATAFLOW,OECD.SDD.STES:DSD_STES_REVISIONS@DF_STES_REVISIONS(4.0),Short-term economic statistics revisions,I,USA,United States,M,Monthly,PRVM,Production volume,IX,Index,BTE,Industry (except construction),202409,September 2024,2020-12,,97.36,,A,Normal value,0,Units,1,One,2015,
DATAFLOW,OECD.SDD.STES:DSD_STES_REVISIONS@DF_STES_REVISIONS(4.0),Short-term economic statistics revisions,I,USA,United States,M,Monthly,PRVM,Production volume,IX,Index,BTE,Industry (except construction),202407,July 2024,2020-12,,97.12,,A,Normal value,0,Units,1,One,2015,
DATAFLOW,OECD.SDD.STES:DSD_STES_REVISIONS@DF_STES_REVISIONS(4.0),Short-term economic statistics revisions,I,USA,United States,M,Monthly,PRVM,Production volume,IX,Index,BTE,Industry (except construction),202406,June 2024,2020-12,,97.12,,A,Normal value,0,Units,1,One,2015,
DATAFLOW,OECD.SDD.STES:DSD_STES_REVISIONS@DF_STES_REVISIONS(4.0),Short-term economic statistics revisions,I,USA,United States,M,Monthly,PRVM,Production volume,IX,Index,BTE,Industry (except construction),202404,April 2024,2020-12,,97.12,,A,Normal value,0,Units,1,One,2015,
DATAFLOW,OECD.SDD.STES:DSD_STES_REVISIONS@DF_STES_REVISIONS(4.0),Short-term economic statistics revisions,I,USA,United States,M,Monthly,PRVM,Production volume,IX,Index,BTE,Industry (except construction),202405,May 2024,2020-12,,97.12,,A,Normal value,0,Units,1,One,2015,
DATAFLOW,OECD.SDD.STES:DSD_STES_REVISIONS@DF_STES_REVISIONS(4.0),Short-term economic statistics revisions,I,USA,United States,M,Monthly,PRVM,Production volume,IX,Index,BTE,Industry (except construction),202403,March 2024,2020-12,,97.12,,A,Normal value,0,Units,1,One,2015,
DATAFLOW,OECD.SDD.STES:DSD_STES_REVISIONS@DF_STES_REVISIONS(4.0),Short-term economic statistics revisions,I,USA,United States,M,Monthly,PRVM,Production volume,IX,Index,BTE,Industry (except construction),202403,March 2024,2020-11,,96.01,,A,Normal value,0,Units,1,One,2015,
DATAFLOW,OECD.SDD.STES:DSD_STES_REVISIONS@DF_STES_REVISIONS(4.0),Short-term economic statistics revisions,I,USA,United States,M,Monthly,PRVM,Production volume,IX,Index,BTE,Industry (except construction),202405,May 2024,2020-11,,96.01,,A,Normal value,0,Units,1,One,2015,
DATAFLOW,OECD.SDD.STES:DSD_STES_REVISIONS@DF_STES_REVISIONS(4.0),Short-term economic statistics revisions,I,USA,United States,M,Monthly,PRVM,Production volume,IX,Index,BTE,Industry (except construction),202404,April 2024,2020-11,,96.01,,A,Normal value,0,Units,1,One,2015,
DATAFLOW,OECD.SDD.STES:DSD_STES_REVISIONS@DF_STES_REVISIONS(4.0),Short-term economic statistics revisions,I,USA,United States,M,Monthly,PRVM,Production volume,IX,Index,BTE,Industry (except construction),202406,June 2024,2020-11,,96.01,,A,Normal value,0,Units,1,One,2015,
DATAFLOW,OECD.SDD.STES:DSD_STES_REVISIONS@DF_STES_REVISIONS(4.0),Short-term economic statistics revisions,I,USA,United States,M,Monthly,PRVM,Production volume,IX,Index,BTE,Industry (except construction),202407,July 2024,2020-11,,96.01,,A,Normal value,0,Units,1,One,2015,
DATAFLOW,OECD.SDD.STES:DSD_STES_REVISIONS@DF_STES_REVISIONS(4.0),Short-term economic statistics revisions,I,USA,United States,M,Monthly,PRVM,Production volume,IX,Index,BTE,Industry (except construction),202409,September 2024,2020-11,,96.12,,A,Normal value,0,Units,1,One,2015,
DATAFLOW,OECD.SDD.STES:DSD_STES_REVISIONS@DF_STES_REVISIONS(4.0),Short-term economic statistics revisions,I,USA,United States,M,Monthly,PRVM,Production volume,IX,Index,BTE,Industry (except construction),202408,August 2024,2020-11,,96.12,,A,Normal value,0,Units,1,One,2015,
DATAFLOW,OECD.SDD.STES:DSD_STES_REVISIONS@DF_STES_REVISIONS(4.0),Short-term economic statistics revisions,I,USA,United States,M,Monthly,PRVM,Production volume,IX,Index,BTE,Industry (except construction),202410,October 2024,2020-11,,96.12,,A,Normal value,0,Units,1,One,2015,
DATAFLOW,OECD.SDD.STES:DSD_STES_REVISIONS@DF_STES_REVISIONS(4.0),Short-term economic statistics revisions,I,USA,United States,M,Monthly,PRVM,Production volume,IX,Index,BTE,Industry (except construction),202411,November 2024,2020-11,,96.12,,A,Normal value,0,Units,1,One,2015,
DATAFLOW,OECD.SDD.STES:DSD_STES_REVISIONS@DF_STES_REVISIONS(4.0),Short-term economic statistics revisions,I,USA,United States,M,Monthly,PRVM,Production volume,IX,Index,BTE,Industry (except construction),202402,February 2024,2020-11,,96.01,,A,Normal value,0,Units,1,One,2015,
DATAFLOW,OECD.SDD.STES:DSD_STES_REVISIONS@DF_STES_REVISIONS(4.0),Short-term economic statistics revisions,I,USA,United States,M,Monthly,PRVM,Production volume,IX,Index,BTE,Industry (except construction),202401,January 2024,2020-11,,96.01,,A,Normal value,0,Units,1,One,2015,
DATAFLOW,OECD.SDD.STES:DSD_STES_REVISIONS@DF_STES_REVISIONS(4.0),Short-term economic statistics revisions,I,USA,United States,M,Monthly,PRVM,Production volume,IX,Index,BTE,Industry (except construction),202401,January 2024,2020-10,,95.59,,A,Normal value,0,Units,1,One,2015,
DATAFLOW,OECD.SDD.STES:DSD_STES_REVISIONS@DF_STES_REVISIONS(4.0),Short-term economic statistics revisions,I,USA,United States,M,Monthly,PRVM,Production volume,IX,Index,BTE,Industry (except construction),202402,February 2024,2020-10,,95.59,,A,Normal value,0,Units,1,One,2015,
DATAFLOW,OECD.SDD.STES:DSD_STES_REVISIONS@DF_STES_REVISIONS(4.0),Short-term economic statistics revisions,I,USA,United States,M,Monthly,PRVM,Production volume,IX,Index,BTE,Industry (except construction),202411,November 2024,2020-10,,95.7,,A,Normal value,0,Units,1,One,2015,
DATAFLOW,OECD.SDD.STES:DSD_STES_REVISIONS@DF_STES_REVISIONS(4.0),Short-term economic statistics revisions,I,USA,United States,M,Monthly,PRVM,Production volume,IX,Index,BTE,Industry (except construction),202410,October 2024,2020-10,,95.7,,A,Normal value,0,Units,1,One,2015,
DATAFLOW,OECD.SDD.STES:DSD_STES_REVISIONS@DF_STES_REVISIONS(4.0),Short-term economic statistics revisions,I,USA,United States,M,Monthly,PRVM,Production volume,IX,Index,BTE,Industry (except construction),202408,August 2024,2020-10,,95.7,,A,Normal value,0,Units,1,One,2015,
DATAFLOW,OECD.SDD.STES:DSD_STES_REVISIONS@DF_STES_REVISIONS(4.0),Short-term economic statistics revisions,I,USA,United States,M,Monthly,PRVM,Production volume,IX,Index,BTE,Industry (except construction),202409,September 2024,2020-10,,95.7,,A,Normal value,0,Units,1,One,2015,
DATAFLOW,OECD.SDD.STES:DSD_STES_REVISIONS@DF_STES_REVISIONS(4.0),Short-term economic statistics revisions,I,USA,United States,M,Monthly,PRVM,Production volume,IX,Index,BTE,Industry (except construction),202407,July 2024,2020-10,,95.59,,A,Normal value,0,Units,1,One,2015,
DATAFLOW,OECD.SDD.STES:DSD_STES_REVISIONS@DF_STES_REVISIONS(4.0),Short-term economic statistics revisions,I,USA,United States,M,Monthly,PRVM,Production volume,IX,Index,BTE,Industry (except construction),202406,June 2024,2020-10,,95.59,,A,Normal value,0,Units,1,One,2015,
DATAFLOW,OECD.SDD.STES:DSD_STES_REVISIONS@DF_STES_REVISIONS(4.0),Short-term economic statistics revisions,I,USA,United States,M,Monthly,PRVM,Production volume,IX,Index,BTE,Industry (except construction),202404,April 2024,2020-10,,95.59,,A,Normal value,0,Units,1,One,2015,
DATAFLOW,OECD.SDD.STES:DSD_STES_REVISIONS@DF_STES_REVISIONS(4.0),Short-term economic statistics revisions,I,USA,United States,M,Monthly,PRVM,Production volume,IX,Index,BTE,Industry (except construction),202405,May 2024,2020-10,,95.59,,A,Normal value,0,Units,1,One,2015,
DATAFLOW,OECD.SDD.STES:DSD_STES_REVISIONS@DF_STES_REVISIONS(4.0),Short-term economic statistics revisions,I,USA,United States,M,Monthly,PRVM,Production volume,IX,Index,BTE,Industry (except construction),202403,March 2024,2020-10,,95.59,,A,Normal value,0,Units,1,One,2015,
DATAFLOW,OECD.SDD.STES:DSD_STES_REVISIONS@DF_STES_REVISIONS(4.0),Short-term economic statistics revisions,I,USA,United States,M,Monthly,PRVM,Production volume,IX,Index,BTE,Industry (except construction),202401,January 2024,2020-09,,95.01,,A,Normal value,0,Units,1,One,2015,
DATAFLOW,OECD.SDD.STES:DSD_STES_REVISIONS@DF_STES_REVISIONS(4.0),Short-term economic statistics revisions,I,USA,United States,M,Monthly,PRVM,Production volume,IX,Index,BTE,Industry (except construction),202402,February 2024,2020-09,,95.01,,A,Normal value,0,Units,1,One,2015,
DATAFLOW,OECD.SDD.STES:DSD_STES_REVISIONS@DF_STES_REVISIONS(4.0),Short-term economic statistics revisions,I,USA,United States,M,Monthly,PRVM,Production volume,IX,Index,BTE,Industry (except construction),202411,November 2024,2020-09,,95.07,,A,Normal value,0,Units,1,One,2015,
DATAFLOW,OECD.SDD.STES:DSD_STES_REVISIONS@DF_STES_REVISIONS(4.0),Short-term economic statistics revisions,I,USA,United States,M,Monthly,PRVM,Production volume,IX,Index,BTE,Industry (except construction),202410,October 2024,2020-09,,95.07,,A,Normal value,0,Units,1,One,2015,
DATAFLOW,OECD.SDD.STES:DSD_STES_REVISIONS@DF_STES_REVISIONS(4.0),Short-term economic statistics revisions,I,USA,United States,M,Monthly,PRVM,Production volume,IX,Index,BTE,Industry (except construction),202408,August 2024,2020-09,,95.07,,A,Normal value,0,Units,1,One,2015,
DATAFLOW,OECD.SDD.STES:DSD_STES_REVISIONS@DF_STES_REVISIONS(4.0),Short-term economic statistics revisions,I,USA,United States,M,Monthly,PRVM,Production volume,IX,Index,BTE,Industry (except construction),202409,September 2024,2020-09,,95.07,,A,Normal value,0,Units,1,One,2015,
DATAFLOW,OECD.SDD.STES:DSD_STES_REVISIONS@DF_STES_REVISIONS(4.0),Short-term economic statistics revisions,I,USA,United States,M,Monthly,PRVM,Production volume,IX,Index,BTE,Industry (except construction),202407,July 2024,2020-09,,95.01,,A,Normal value,0,Units,1,One,2015,
DATAFLOW,OECD.SDD.STES:DSD_STES_REVISIONS@DF_STES_REVISIONS(4.0),Short-term economic statistics revisions,I,USA,United States,M,Monthly,PRVM,Production volume,IX,Index,BTE,Industry (except construction),202406,June 2024,2020-09,,95.01,,A,Normal value,0,Units,1,One,2015,
DATAFLOW,OECD.SDD.STES:DSD_STES_REVISIONS@DF_STES_REVISIONS(4.0),Short-term economic statistics revisions,I,USA,United States,M,Monthly,PRVM,Production volume,IX,Index,BTE,Industry (except construction),202404,April 2024,2020-09,,95.01,,A,Normal value,0,Units,1,One,2015,
DATAFLOW,OECD.SDD.STES:DSD_STES_REVISIONS@DF_STES_REVISIONS(4.0),Short-term economic statistics revisions,I,USA,United States,M,Monthly,PRVM,Production volume,IX,Index,BTE,Industry (except construction),202405,May 2024,2020-09,,95.01,,A,Normal value,0,Units,1,One,2015,
DATAFLOW,OECD.SDD.STES:DSD_STES_REVISIONS@DF_STES_REVISIONS(4.0),Short-term economic statistics revisions,I,USA,United States,M,Monthly,PRVM,Production volume,IX,Index,BTE,Industry (except construction),202403,March 2024,2020-09,,95.01,,A,Normal value,0,Units,1,One,2015,
DATAFLOW,OECD.SDD.STES:DSD_STES_REVISIONS@DF_STES_REVISIONS(4.0),Short-term economic statistics revisions,I,USA,United States,M,Monthly,PRVM,Production volume,IX,Index,BTE,Industry (except construction),202403,March 2024,2020-08,,95.05,,A,Normal value,0,Units,1,One,2015,
DATAFLOW,OECD.SDD.STES:DSD_STES_REVISIONS@DF_STES_REVISIONS(4.0),Short-term economic statistics revisions,I,USA,United States,M,Monthly,PRVM,Production volume,IX,Index,BTE,Industry (except construction),202405,May 2024,2020-08,,95.05,,A,Normal value,0,Units,1,One,2015,
DATAFLOW,OECD.SDD.STES:DSD_STES_REVISIONS@DF_STES_REVISIONS(4.0),Short-term economic statistics revisions,I,USA,United States,M,Monthly,PRVM,Production volume,IX,Index,BTE,Industry (except construction),202404,April 2024,2020-08,,95.05,,A,Normal value,0,Units,1,One,2015,
DATAFLOW,OECD.SDD.STES:DSD_STES_REVISIONS@DF_STES_REVISIONS(4.0),Short-term economic statistics revisions,I,USA,United States,M,Monthly,PRVM,Production volume,IX,Index,BTE,Industry (except construction),202406,June 2024,2020-08,,95.05,,A,Normal value,0,Units,1,One,2015,
DATAFLOW,OECD.SDD.STES:DSD_STES_REVISIONS@DF_STES_REVISIONS(4.0),Short-term economic statistics revisions,I,USA,United States,M,Monthly,PRVM,Production volume,IX,Index,BTE,Industry (except construction),202407,July 2024,2020-08,,95.05,,A,Normal value,0,Units,1,One,2015,
DATAFLOW,OECD.SDD.STES:DSD_STES_REVISIONS@DF_STES_REVISIONS(4.0),Short-term economic statistics revisions,I,USA,United States,M,Monthly,PRVM,Production volume,IX,Index,BTE,Industry (except construction),202409,September 2024,2020-08,,95.11,,A,Normal value,0,Units,1,One,2015,
DATAFLOW,OECD.SDD.STES:DSD_STES_REVISIONS@DF_STES_REVISIONS(4.0),Short-term economic statistics revisions,I,USA,United States,M,Monthly,PRVM,Production volume,IX,Index,BTE,Industry (except construction),202408,August 2024,2020-08,,95.11,,A,Normal value,0,Units,1,One,2015,
DATAFLOW,OECD.SDD.STES:DSD_STES_REVISIONS@DF_STES_REVISIONS(4.0),Short-term economic statistics revisions,I,USA,United States,M,Monthly,PRVM,Production volume,IX,Index,BTE,Industry (except construction),202410,October 2024,2020-08,,95.11,,A,Normal value,0,Units,1,One,2015,
DATAFLOW,OECD.SDD.STES:DSD_STES_REVISIONS@DF_STES_REVISIONS(4.0),Short-term economic statistics revisions,I,USA,United States,M,Monthly,PRVM,Production volume,IX,Index,BTE,Industry (except construction),202411,November 2024,2020-08,,95.11,,A,Normal value,0,Units,1,One,2015,
DATAFLOW,OECD.SDD.STES:DSD_STES_REVISIONS@DF_STES_REVISIONS(4.0),Short-term economic statistics revisions,I,USA,United States,M,Monthly,PRVM,Production volume,IX,Index,BTE,Industry (except construction),202402,February 2024,2020-08,,95.05,,A,Normal value,0,Units,1,One,2015,
DATAFLOW,OECD.SDD.STES:DSD_STES_REVISIONS@DF_STES_REVISIONS(4.0),Short-term economic statistics revisions,I,USA,United States,M,Monthly,PRVM,Production volume,IX,Index,BTE,Industry (except construction),202401,January 2024,2020-08,,95.05,,A,Normal value,0,Units,1,One,2015,
DATAFLOW,OECD.SDD.STES:DSD_STES_REVISIONS@DF_STES_REVISIONS(4.0),Short-term economic statistics revisions,I,USA,United States,M,Monthly,PRVM,Production volume,IX,Index,BTE,Industry (except construction),202401,January 2024,2020-07,,94.18,,A,Normal value,0,Units,1,One,2015,
DATAFLOW,OECD.SDD.STES:DSD_STES_REVISIONS@DF_STES_REVISIONS(4.0),Short-term economic statistics revisions,I,USA,United States,M,Monthly,PRVM,Production volume,IX,Index,BTE,Industry (except construction),202402,February 2024,2020-07,,94.18,,A,Normal value,0,Units,1,One,2015,
DATAFLOW,OECD.SDD.STES:DSD_STES_REVISIONS@DF_STES_REVISIONS(4.0),Short-term economic statistics revisions,I,USA,United States,M,Monthly,PRVM,Production volume,IX,Index,BTE,Industry (except construction),202411,November 2024,2020-07,,94.19,,A,Normal value,0,Units,1,One,2015,
DATAFLOW,OECD.SDD.STES:DSD_STES_REVISIONS@DF_STES_REVISIONS(4.0),Short-term economic statistics revisions,I,USA,United States,M,Monthly,PRVM,Production volume,IX,Index,BTE,Industry (except construction),202410,October 2024,2020-07,,94.19,,A,Normal value,0,Units,1,One,2015,
DATAFLOW,OECD.SDD.STES:DSD_STES_REVISIONS@DF_STES_REVISIONS(4.0),Short-term economic statistics revisions,I,USA,United States,M,Monthly,PRVM,Production volume,IX,Index,BTE,Industry (except construction),202408,August 2024,2020-07,,94.19,,A,Normal value,0,Units,1,One,2015,
DATAFLOW,OECD.SDD.STES:DSD_STES_REVISIONS@DF_STES_REVISIONS(4.0),Short-term economic statistics revisions,I,USA,United States,M,Monthly,PRVM,Production volume,IX,Index,BTE,Industry (except construction),202409,September 2024,2020-07,,94.19,,A,Normal value,0,Units,1,One,2015,
DATAFLOW,OECD.SDD.STES:DSD_STES_REVISIONS@DF_STES_REVISIONS(4.0),Short-term economic statistics revisions,I,USA,United States,M,Monthly,PRVM,Production volume,IX,Index,BTE,Industry (except construction),202407,July 2024,2020-07,,94.18,,A,Normal value,0,Units,1,One,2015,
DATAFLOW,OECD.SDD.STES:DSD_STES_REVISIONS@DF_STES_REVISIONS(4.0),Short-term economic statistics revisions,I,USA,United States,M,Monthly,PRVM,Production volume,IX,Index,BTE,Industry (except construction),202406,June 2024,2020-07,,94.18,,A,Normal value,0,Units,1,One,2015,
DATAFLOW,OECD.SDD.STES:DSD_STES_REVISIONS@DF_STES_REVISIONS(4.0),Short-term economic statistics revisions,I,USA,United States,M,Monthly,PRVM,Production volume,IX,Index,BTE,Industry (except construction),202404,April 2024,2020-07,,94.18,,A,Normal value,0,Units,1,One,2015,
DATAFLOW,OECD.SDD.STES:DSD_STES_REVISIONS@DF_STES_REVISIONS(4.0),Short-term economic statistics revisions,I,USA,United States,M,Monthly,PRVM,Production volume,IX,Index,BTE,Industry (except construction),202405,May 2024,2020-07,,94.18,,A,Normal value,0,Units,1,One,2015,
DATAFLOW,OECD.SDD.STES:DSD_STES_REVISIONS@DF_STES_REVISIONS(4.0),Short-term economic statistics revisions,I,USA,United States,M,Monthly,PRVM,Production volume,IX,Index,BTE,Industry (except construction),202403,March 2024,2020-07,,94.18,,A,Normal value,0,Units,1,One,2015,
DATAFLOW,OECD.SDD.STES:DSD_STES_REVISIONS@DF_STES_REVISIONS(4.0),Short-term economic statistics revisions,I,USA,United States,M,Monthly,PRVM,Production volume,IX,Index,BTE,Industry (except construction),202401,January 2024,2020-06,,90.76,,A,Normal value,0,Units,1,One,2015,
DATAFLOW,OECD.SDD.STES:DSD_STES_REVISIONS@DF_STES_REVISIONS(4.0),Short-term economic statistics revisions,I,USA,United States,M,Monthly,PRVM,Production volume,IX,Index,BTE,Industry (except construction),202402,February 2024,2020-06,,90.76,,A,Normal value,0,Units,1,One,2015,
DATAFLOW,OECD.SDD.STES:DSD_STES_REVISIONS@DF_STES_REVISIONS(4.0),Short-term economic statistics revisions,I,USA,United States,M,Monthly,PRVM,Production volume,IX,Index,BTE,Industry (except construction),202411,November 2024,2020-06,,90.89,,A,Normal value,0,Units,1,One,2015,
DATAFLOW,OECD.SDD.STES:DSD_STES_REVISIONS@DF_STES_REVISIONS(4.0),Short-term economic statistics revisions,I,USA,United States,M,Monthly,PRVM,Production volume,IX,Index,BTE,Industry (except construction),202410,October 2024,2020-06,,90.89,,A,Normal value,0,Units,1,One,2015,
DATAFLOW,OECD.SDD.STES:DSD_STES_REVISIONS@DF_STES_REVISIONS(4.0),Short-term economic statistics revisions,I,USA,United States,M,Monthly,PRVM,Production volume,IX,Index,BTE,Industry (except construction),202408,August 2024,2020-06,,90.89,,A,Normal value,0,Units,1,One,2015,
DATAFLOW,OECD.SDD.STES:DSD_STES_REVISIONS@DF_STES_REVISIONS(4.0),Short-term economic statistics revisions,I,USA,United States,M,Monthly,PRVM,Production volume,IX,Index,BTE,Industry (except construction),202409,September 2024,2020-06,,90.89,,A,Normal value,0,Units,1,One,2015,
DATAFLOW,OECD.SDD.STES:DSD_STES_REVISIONS@DF_STES_REVISIONS(4.0),Short-term economic statistics revisions,I,USA,United States,M,Monthly,PRVM,Production volume,IX,Index,BTE,Industry (except construction),202407,July 2024,2020-06,,90.76,,A,Normal value,0,Units,1,One,2015,
DATAFLOW,OECD.SDD.STES:DSD_STES_REVISIONS@DF_STES_REVISIONS(4.0),Short-term economic statistics revisions,I,USA,United States,M,Monthly,PRVM,Production volume,IX,Index,BTE,Industry (except construction),202406,June 2024,2020-06,,90.76,,A,Normal value,0,Units,1,One,2015,
DATAFLOW,OECD.SDD.STES:DSD_STES_REVISIONS@DF_STES_REVISIONS(4.0),Short-term economic statistics revisions,I,USA,United States,M,Monthly,PRVM,Production volume,IX,Index,BTE,Industry (except construction),202404,April 2024,2020-06,,90.76,,A,Normal value,0,Units,1,One,2015,
DATAFLOW,OECD.SDD.STES:DSD_STES_REVISIONS@DF_STES_REVISIONS(4.0),Short-term economic statistics revisions,I,USA,United States,M,Monthly,PRVM,Production volume,IX,Index,BTE,Industry (except construction),202405,May 2024,2020-06,,90.76,,A,Normal value,0,Units,1,One,2015,
DATAFLOW,OECD.SDD.STES:DSD_STES_REVISIONS@DF_STES_REVISIONS(4.0),Short-term economic statistics revisions,I,USA,United States,M,Monthly,PRVM,Production volume,IX,Index,BTE,Industry (except construction),202403,March 2024,2020-06,,90.76,,A,Normal value,0,Units,1,One,2015,
DATAFLOW,OECD.SDD.STES:DSD_STES_REVISIONS@DF_STES_REVISIONS(4.0),Short-term economic statistics revisions,I,USA,United States,M,Monthly,PRVM,Production volume,IX,Index,BTE,Industry (except construction),202403,March 2024,2020-05,,85.22,,A,Normal value,0,Units,1,One,2015,
DATAFLOW,OECD.SDD.STES:DSD_STES_REVISIONS@DF_STES_REVISIONS(4.0),Short-term economic statistics revisions,I,USA,United States,M,Monthly,PRVM,Production volume,IX,Index,BTE,Industry (except construction),202405,May 2024,2020-05,,85.22,,A,Normal value,0,Units,1,One,2015,
DATAFLOW,OECD.SDD.STES:DSD_STES_REVISIONS@DF_STES_REVISIONS(4.0),Short-term economic statistics revisions,I,USA,United States,M,Monthly,PRVM,Production volume,IX,Index,BTE,Industry (except construction),202404,April 2024,2020-05,,85.22,,A,Normal value,0,Units,1,One,2015,
DATAFLOW,OECD.SDD.STES:DSD_STES_REVISIONS@DF_STES_REVISIONS(4.0),Short-term economic statistics revisions,I,USA,United States,M,Monthly,PRVM,Production volume,IX,Index,BTE,Industry (except construction),202406,June 2024,2020-05,,85.22,,A,Normal value,0,Units,1,One,2015,
DATAFLOW,OECD.SDD.STES:DSD_STES_REVISIONS@DF_STES_REVISIONS(4.0),Short-term economic statistics revisions,I,USA,United States,M,Monthly,PRVM,Production volume,IX,Index,BTE,Industry (except construction),202407,July 2024,2020-05,,85.22,,A,Normal value,0,Units,1,One,2015,
DATAFLOW,OECD.SDD.STES:DSD_STES_REVISIONS@DF_STES_REVISIONS(4.0),Short-term economic statistics revisions,I,USA,United States,M,Monthly,PRVM,Production volume,IX,Index,BTE,Industry (except construction),202409,September 2024,2020-05,,85.28,,A,Normal value,0,Units,1,One,2015,
DATAFLOW,OECD.SDD.STES:DSD_STES_REVISIONS@DF_STES_REVISIONS(4.0),Short-term economic statistics revisions,I,USA,United States,M,Monthly,PRVM,Production volume,IX,Index,BTE,Industry (except construction),202408,August 2024,2020-05,,85.28,,A,Normal value,0,Units,1,One,2015,
DATAFLOW,OECD.SDD.STES:DSD_STES_REVISIONS@DF_STES_REVISIONS(4.0),Short-term economic statistics revisions,I,USA,United States,M,Monthly,PRVM,Production volume,IX,Index,BTE,Industry (except construction),202410,October 2024,2020-05,,85.28,,A,Normal value,0,Units,1,One,2015,
DATAFLOW,OECD.SDD.STES:DSD_STES_REVISIONS@DF_STES_REVISIONS(4.0),Short-term economic statistics revisions,I,USA,United States,M,Monthly,PRVM,Production volume,IX,Index,BTE,Industry (except construction),202411,November 2024,2020-05,,85.28,,A,Normal value,0,Units,1,One,2015,
DATAFLOW,OECD.SDD.STES:DSD_STES_REVISIONS@DF_STES_REVISIONS(4.0),Short-term economic statistics revisions,I,USA,United States,M,Monthly,PRVM,Production volume,IX,Index,BTE,Industry (except construction),202402,February 2024,2020-05,,85.22,,A,Normal value,0,Units,1,One,2015,
DATAFLOW,OECD.SDD.STES:DSD_STES_REVISIONS@DF_STES_REVISIONS(4.0),Short-term economic statistics revisions,I,USA,United States,M,Monthly,PRVM,Production volume,IX,Index,BTE,Industry (except construction),202401,January 2024,2020-05,,85.22,,A,Normal value,0,Units,1,One,2015,
DATAFLOW,OECD.SDD.STES:DSD_STES_REVISIONS@DF_STES_REVISIONS(4.0),Short-term economic statistics revisions,I,USA,United States,M,Monthly,PRVM,Production volume,IX,Index,BTE,Industry (except construction),202401,January 2024,2020-04,,83.86,,A,Normal value,0,Units,1,One,2015,
DATAFLOW,OECD.SDD.STES:DSD_STES_REVISIONS@DF_STES_REVISIONS(4.0),Short-term economic statistics revisions,I,USA,United States,M,Monthly,PRVM,Production volume,IX,Index,BTE,Industry (except construction),202402,February 2024,2020-04,,83.86,,A,Normal value,0,Units,1,One,2015,
DATAFLOW,OECD.SDD.STES:DSD_STES_REVISIONS@DF_STES_REVISIONS(4.0),Short-term economic statistics revisions,I,USA,United States,M,Monthly,PRVM,Production volume,IX,Index,BTE,Industry (except construction),202411,November 2024,2020-04,,83.96,,A,Normal value,0,Units,1,One,2015,
DATAFLOW,OECD.SDD.STES:DSD_STES_REVISIONS@DF_STES_REVISIONS(4.0),Short-term economic statistics revisions,I,USA,United States,M,Monthly,PRVM,Production volume,IX,Index,BTE,Industry (except construction),202410,October 2024,2020-04,,83.96,,A,Normal value,0,Units,1,One,2015,
DATAFLOW,OECD.SDD.STES:DSD_STES_REVISIONS@DF_STES_REVISIONS(4.0),Short-term economic statistics revisions,I,USA,United States,M,Monthly,PRVM,Production volume,IX,Index,BTE,Industry (except construction),202408,August 2024,2020-04,,83.96,,A,Normal value,0,Units,1,One,2015,
DATAFLOW,OECD.SDD.STES:DSD_STES_REVISIONS@DF_STES_REVISIONS(4.0),Short-term economic statistics revisions,I,USA,United States,M,Monthly,PRVM,Production volume,IX,Index,BTE,Industry (except construction),202409,September 2024,2020-04,,83.96,,A,Normal value,0,Units,1,One,2015,
DATAFLOW,OECD.SDD.STES:DSD_STES_REVISIONS@DF_STES_REVISIONS(4.0),Short-term economic statistics revisions,I,USA,United States,M,Monthly,PRVM,Production volume,IX,Index,BTE,Industry (except construction),202407,July 2024,2020-04,,83.86,,A,Normal value,0,Units,1,One,2015,
DATAFLOW,OECD.SDD.STES:DSD_STES_REVISIONS@DF_STES_REVISIONS(4.0),Short-term economic statistics revisions,I,USA,United States,M,Monthly,PRVM,Production volume,IX,Index,BTE,Industry (except construction),202406,June 2024,2020-04,,83.86,,A,Normal value,0,Units,1,One,2015,
DATAFLOW,OECD.SDD.STES:DSD_STES_REVISIONS@DF_STES_REVISIONS(4.0),Short-term economic statistics revisions,I,USA,United States,M,Monthly,PRVM,Production volume,IX,Index,BTE,Industry (except construction),202404,April 2024,2020-04,,83.86,,A,Normal value,0,Units,1,One,2015,
DATAFLOW,OECD.SDD.STES:DSD_STES_REVISIONS@DF_STES_REVISIONS(4.0),Short-term economic statistics revisions,I,USA,United States,M,Monthly,PRVM,Production volume,IX,Index,BTE,Industry (except construction),202405,May 2024,2020-04,,83.86,,A,Normal value,0,Units,1,One,2015,
DATAFLOW,OECD.SDD.STES:DSD_STES_REVISIONS@DF_STES_REVISIONS(4.0),Short-term economic statistics revisions,I,USA,United States,M,Monthly,PRVM,Production volume,IX,Index,BTE,Industry (except construction),202403,March 2024,2020-04,,83.86,,A,Normal value,0,Units,1,One,2015,
DATAFLOW,OECD.SDD.STES:DSD_STES_REVISIONS@DF_STES_REVISIONS(4.0),Short-term economic statistics revisions,I,USA,United States,M,Monthly,PRVM,Production volume,IX,Index,BTE,Industry (except construction),202401,January 2024,2020-03,,96.81,,A,Normal value,0,Units,1,One,2015,
DATAFLOW,OECD.SDD.STES:DSD_STES_REVISIONS@DF_STES_REVISIONS(4.0),Short-term economic statistics revisions,I,USA,United States,M,Monthly,PRVM,Production volume,IX,Index,BTE,Industry (except construction),202402,February 2024,2020-03,,96.81,,A,Normal value,0,Units,1,One,2015,
DATAFLOW,OECD.SDD.STES:DSD_STES_REVISIONS@DF_STES_REVISIONS(4.0),Short-term economic statistics revisions,I,USA,United States,M,Monthly,PRVM,Production volume,IX,Index,BTE,Industry (except construction),202411,November 2024,2020-03,,96.77,,A,Normal value,0,Units,1,One,2015,
DATAFLOW,OECD.SDD.STES:DSD_STES_REVISIONS@DF_STES_REVISIONS(4.0),Short-term economic statistics revisions,I,USA,United States,M,Monthly,PRVM,Production volume,IX,Index,BTE,Industry (except construction),202410,October 2024,2020-03,,96.77,,A,Normal value,0,Units,1,One,2015,
DATAFLOW,OECD.SDD.STES:DSD_STES_REVISIONS@DF_STES_REVISIONS(4.0),Short-term economic statistics revisions,I,USA,United States,M,Monthly,PRVM,Production volume,IX,Index,BTE,Industry (except construction),202408,August 2024,2020-03,,96.77,,A,Normal value,0,Units,1,One,2015,
DATAFLOW,OECD.SDD.STES:DSD_STES_REVISIONS@DF_STES_REVISIONS(4.0),Short-term economic statistics revisions,I,USA,United States,M,Monthly,PRVM,Production volume,IX,Index,BTE,Industry (except construction),202409,September 2024,2020-03,,96.77,,A,Normal value,0,Units,1,One,2015,
DATAFLOW,OECD.SDD.STES:DSD_STES_REVISIONS@DF_STES_REVISIONS(4.0),Short-term economic statistics revisions,I,USA,United States,M,Monthly,PRVM,Production volume,IX,Index,BTE,Industry (except construction),202407,July 2024,2020-03,,96.81,,A,Normal value,0,Units,1,One,2015,
DATAFLOW,OECD.SDD.STES:DSD_STES_REVISIONS@DF_STES_REVISIONS(4.0),Short-term economic statistics revisions,I,USA,United States,M,Monthly,PRVM,Production volume,IX,Index,BTE,Industry (except construction),202406,June 2024,2020-03,,96.81,,A,Normal value,0,Units,1,One,2015,
DATAFLOW,OECD.SDD.STES:DSD_STES_REVISIONS@DF_STES_REVISIONS(4.0),Short-term economic statistics revisions,I,USA,United States,M,Monthly,PRVM,Production volume,IX,Index,BTE,Industry (except construction),202404,April 2024,2020-03,,96.81,,A,Normal value,0,Units,1,One,2015,
DATAFLOW,OECD.SDD.STES:DSD_STES_REVISIONS@DF_STES_REVISIONS(4.0),Short-term economic statistics revisions,I,USA,United States,M,Monthly,PRVM,Production volume,IX,Index,BTE,Industry (except construction),202405,May 2024,2020-03,,96.81,,A,Normal value,0,Units,1,One,2015,
DATAFLOW,OECD.SDD.STES:DSD_STES_REVISIONS@DF_STES_REVISIONS(4.0),Short-term economic statistics revisions,I,USA,United States,M,Monthly,PRVM,Production volume,IX,Index,BTE,Industry (except construction),202403,March 2024,2020-03,,96.81,,A,Normal value,0,Units,1,One,2015,
DATAFLOW,OECD.SDD.STES:DSD_STES_REVISIONS@DF_STES_REVISIONS(4.0),Short-term economic statistics revisions,I,USA,United States,M,Monthly,PRVM,Production volume,IX,Index,BTE,Industry (except construction),202403,March 2024,2020-02,,100.75,,A,Normal value,0,Units,1,One,2015,
DATAFLOW,OECD.SDD.STES:DSD_STES_REVISIONS@DF_STES_REVISIONS(4.0),Short-term economic statistics revisions,I,USA,United States,M,Monthly,PRVM,Production volume,IX,Index,BTE,Industry (except construction),202405,May 2024,2020-02,,100.75,,A,Normal value,0,Units,1,One,2015,
DATAFLOW,OECD.SDD.STES:DSD_STES_REVISIONS@DF_STES_REVISIONS(4.0),Short-term economic statistics revisions,I,USA,United States,M,Monthly,PRVM,Production volume,IX,Index,BTE,Industry (except construction),202404,April 2024,2020-02,,100.75,,A,Normal value,0,Units,1,One,2015,
DATAFLOW,OECD.SDD.STES:DSD_STES_REVISIONS@DF_STES_REVISIONS(4.0),Short-term economic statistics revisions,I,USA,United States,M,Monthly,PRVM,Production volume,IX,Index,BTE,Industry (except construction),202406,June 2024,2020-02,,100.75,,A,Normal value,0,Units,1,One,2015,
DATAFLOW,OECD.SDD.STES:DSD_STES_REVISIONS@DF_STES_REVISIONS(4.0),Short-term economic statistics revisions,I,USA,United States,M,Monthly,PRVM,Production volume,IX,Index,BTE,Industry (except construction),202407,July 2024,2020-02,,100.75,,A,Normal value,0,Units,1,One,2015,
DATAFLOW,OECD.SDD.STES:DSD_STES_REVISIONS@DF_STES_REVISIONS(4.0),Short-term economic statistics revisions,I,USA,United States,M,Monthly,PRVM,Production volume,IX,Index,BTE,Industry (except construction),202409,September 2024,2020-02,,100.8,,A,Normal value,0,Units,1,One,2015,
DATAFLOW,OECD.SDD.STES:DSD_STES_REVISIONS@DF_STES_REVISIONS(4.0),Short-term economic statistics revisions,I,USA,United States,M,Monthly,PRVM,Production volume,IX,Index,BTE,Industry (except construction),202408,August 2024,2020-02,,100.8,,A,Normal value,0,Units,1,One,2015,
DATAFLOW,OECD.SDD.STES:DSD_STES_REVISIONS@DF_STES_REVISIONS(4.0),Short-term economic statistics revisions,I,USA,United States,M,Monthly,PRVM,Production volume,IX,Index,BTE,Industry (except construction),202410,October 2024,2020-02,,100.8,,A,Normal value,0,Units,1,One,2015,
DATAFLOW,OECD.SDD.STES:DSD_STES_REVISIONS@DF_STES_REVISIONS(4.0),Short-term economic statistics revisions,I,USA,United States,M,Monthly,PRVM,Production volume,IX,Index,BTE,Industry (except construction),202411,November 2024,2020-02,,100.8,,A,Normal value,0,Units,1,One,2015,
DATAFLOW,OECD.SDD.STES:DSD_STES_REVISIONS@DF_STES_REVISIONS(4.0),Short-term economic statistics revisions,I,USA,United States,M,Monthly,PRVM,Production volume,IX,Index,BTE,Industry (except construction),202402,February 2024,2020-02,,100.75,,A,Normal value,0,Units,1,One,2015,
DATAFLOW,OECD.SDD.STES:DSD_STES_REVISIONS@DF_STES_REVISIONS(4.0),Short-term economic statistics revisions,I,USA,United States,M,Monthly,PRVM,Production volume,IX,Index,BTE,Industry (except construction),202401,January 2024,2020-02,,100.75,,A,Normal value,0,Units,1,One,2015,
DATAFLOW,OECD.SDD.STES:DSD_STES_REVISIONS@DF_STES_REVISIONS(4.0),Short-term economic statistics revisions,I,USA,United States,M,Monthly,PRVM,Production volume,IX,Index,BTE,Industry (except construction),202401,January 2024,2020-01,,100.49,,A,Normal value,0,Units,1,One,2015,
DATAFLOW,OECD.SDD.STES:DSD_STES_REVISIONS@DF_STES_REVISIONS(4.0),Short-term economic statistics revisions,I,USA,United States,M,Monthly,PRVM,Production volume,IX,Index,BTE,Industry (except construction),202402,February 2024,2020-01,,100.49,,A,Normal value,0,Units,1,One,2015,
DATAFLOW,OECD.SDD.STES:DSD_STES_REVISIONS@DF_STES_REVISIONS(4.0),Short-term economic statistics revisions,I,USA,United States,M,Monthly,PRVM,Production volume,IX,Index,BTE,Industry (except construction),202411,November 2024,2020-01,,100.47,,A,Normal value,0,Units,1,One,2015,
DATAFLOW,OECD.SDD.STES:DSD_STES_REVISIONS@DF_STES_REVISIONS(4.0),Short-term economic statistics revisions,I,USA,United States,M,Monthly,PRVM,Production volume,IX,Index,BTE,Industry (except construction),202410,October 2024,2020-01,,100.47,,A,Normal value,0,Units,1,One,2015,
DATAFLOW,OECD.SDD.STES:DSD_STES_REVISIONS@DF_STES_REVISIONS(4.0),Short-term economic statistics revisions,I,USA,United States,M,Monthly,PRVM,Production volume,IX,Index,BTE,Industry (except construction),202408,August 2024,2020-01,,100.47,,A,Normal value,0,Units,1,One,2015,
DATAFLOW,OECD.SDD.STES:DSD_STES_REVISIONS@DF_STES_REVISIONS(4.0),Short-term economic statistics revisions,I,USA,United States,M,Monthly,PRVM,Production volume,IX,Index,BTE,Industry (except construction),202409,September 2024,2020-01,,100.47,,A,Normal value,0,Units,1,One,2015,
DATAFLOW,OECD.SDD.STES:DSD_STES_REVISIONS@DF_STES_REVISIONS(4.0),Short-term economic statistics revisions,I,USA,United States,M,Monthly,PRVM,Production volume,IX,Index,BTE,Industry (except construction),202407,July 2024,2020-01,,100.49,,A,Normal value,0,Units,1,One,2015,
DATAFLOW,OECD.SDD.STES:DSD_STES_REVISIONS@DF_STES_REVISIONS(4.0),Short-term economic statistics revisions,I,USA,United States,M,Monthly,PRVM,Production volume,IX,Index,BTE,Industry (except construction),202406,June 2024,2020-01,,100.49,,A,Normal value,0,Units,1,One,2015,
DATAFLOW,OECD.SDD.STES:DSD_STES_REVISIONS@DF_STES_REVISIONS(4.0),Short-term economic statistics revisions,I,USA,United States,M,Monthly,PRVM,Production volume,IX,Index,BTE,Industry (except construction),202409,September 2024,2022-11,,102.22,,A,Normal value,0,Units,1,One,2015,
DATAFLOW,OECD.SDD.STES:DSD_STES_REVISIONS@DF_STES_REVISIONS(4.0),Short-term economic statistics revisions,I,USA,United States,M,Monthly,PRVM,Production volume,IX,Index,BTE,Industry (except construction),202408,August 2024,2022-11,,102.22,,A,Normal value,0,Units,1,One,2015,
DATAFLOW,OECD.SDD.STES:DSD_STES_REVISIONS@DF_STES_REVISIONS(4.0),Short-term economic statistics revisions,I,USA,United States,M,Monthly,PRVM,Production volume,IX,Index,BTE,Industry (except construction),202410,October 2024,2022-11,,102.22,,A,Normal value,0,Units,1,One,2015,
DATAFLOW,OECD.SDD.STES:DSD_STES_REVISIONS@DF_STES_REVISIONS(4.0),Short-term economic statistics revisions,I,USA,United States,M,Monthly,PRVM,Production volume,IX,Index,BTE,Industry (except construction),202411,November 2024,2022-11,,102.22,,A,Normal value,0,Units,1,One,2015,
DATAFLOW,OECD.SDD.STES:DSD_STES_REVISIONS@DF_STES_REVISIONS(4.0),Short-term economic statistics revisions,I,USA,United States,M,Monthly,PRVM,Production volume,IX,Index,BTE,Industry (except construction),202402,February 2024,2022-11,,102.17,,A,Normal value,0,Units,1,One,2015,
DATAFLOW,OECD.SDD.STES:DSD_STES_REVISIONS@DF_STES_REVISIONS(4.0),Short-term economic statistics revisions,I,USA,United States,M,Monthly,PRVM,Production volume,IX,Index,BTE,Industry (except construction),202401,January 2024,2022-11,,102.17,,A,Normal value,0,Units,1,One,2015,
DATAFLOW,OECD.SDD.STES:DSD_STES_REVISIONS@DF_STES_REVISIONS(4.0),Short-term economic statistics revisions,I,USA,United States,M,Monthly,PRVM,Production volume,IX,Index,BTE,Industry (except construction),202401,January 2024,2022-10,,102.51,,A,Normal value,0,Units,1,One,2015,
DATAFLOW,OECD.SDD.STES:DSD_STES_REVISIONS@DF_STES_REVISIONS(4.0),Short-term economic statistics revisions,I,USA,United States,M,Monthly,PRVM,Production volume,IX,Index,BTE,Industry (except construction),202402,February 2024,2022-10,,102.51,,A,Normal value,0,Units,1,One,2015,
DATAFLOW,OECD.SDD.STES:DSD_STES_REVISIONS@DF_STES_REVISIONS(4.0),Short-term economic statistics revisions,I,USA,United States,M,Monthly,PRVM,Production volume,IX,Index,BTE,Industry (except construction),202411,November 2024,2022-10,,102.56,,A,Normal value,0,Units,1,One,2015,
DATAFLOW,OECD.SDD.STES:DSD_STES_REVISIONS@DF_STES_REVISIONS(4.0),Short-term economic statistics revisions,I,USA,United States,M,Monthly,PRVM,Production volume,IX,Index,BTE,Industry (except construction),202410,October 2024,2022-10,,102.56,,A,Normal value,0,Units,1,One,2015,
DATAFLOW,OECD.SDD.STES:DSD_STES_REVISIONS@DF_STES_REVISIONS(4.0),Short-term economic statistics revisions,I,USA,United States,M,Monthly,PRVM,Production volume,IX,Index,BTE,Industry (except construction),202408,August 2024,2022-10,,102.56,,A,Normal value,0,Units,1,One,2015,
DATAFLOW,OECD.SDD.STES:DSD_STES_REVISIONS@DF_STES_REVISIONS(4.0),Short-term economic statistics revisions,I,USA,United States,M,Monthly,PRVM,Production volume,IX,Index,BTE,Industry (except construction),202409,September 2024,2022-10,,102.56,,A,Normal value,0,Units,1,One,2015,
DATAFLOW,OECD.SDD.STES:DSD_STES_REVISIONS@DF_STES_REVISIONS(4.0),Short-term economic statistics revisions,I,USA,United States,M,Monthly,PRVM,Production volume,IX,Index,BTE,Industry (except construction),202407,July 2024,2022-10,,102.51,,A,Normal value,0,Units,1,One,2015,
DATAFLOW,OECD.SDD.STES:DSD_STES_REVISIONS@DF_STES_REVISIONS(4.0),Short-term economic statistics revisions,I,USA,United States,M,Monthly,PRVM,Production volume,IX,Index,BTE,Industry (except construction),202406,June 2024,2022-10,,102.51,,A,Normal value,0,Units,1,One,2015,
DATAFLOW,OECD.SDD.STES:DSD_STES_REVISIONS@DF_STES_REVISIONS(4.0),Short-term economic statistics revisions,I,USA,United States,M,Monthly,PRVM,Production volume,IX,Index,BTE,Industry (except construction),202404,April 2024,2022-10,,102.51,,A,Normal value,0,Units,1,One,2015,
DATAFLOW,OECD.SDD.STES:DSD_STES_REVISIONS@DF_STES_REVISIONS(4.0),Short-term economic statistics revisions,I,USA,United States,M,Monthly,PRVM,Production volume,IX,Index,BTE,Industry (except construction),202405,May 2024,2022-10,,102.51,,A,Normal value,0,Units,1,One,2015,
DATAFLOW,OECD.SDD.STES:DSD_STES_REVISIONS@DF_STES_REVISIONS(4.0),Short-term economic statistics revisions,I,USA,United States,M,Monthly,PRVM,Production volume,IX,Index,BTE,Industry (except construction),202403,March 2024,2022-10,,102.51,,A,Normal value,0,Units,1,One,2015,
DATAFLOW,OECD.SDD.STES:DSD_STES_REVISIONS@DF_STES_REVISIONS(4.0),Short-term economic statistics revisions,I,USA,United States,M,Monthly,PRVM,Production volume,IX,Index,BTE,Industry (except construction),202401,January 2024,2022-09,,102.62,,A,Normal value,0,Units,1,One,2015,
DATAFLOW,OECD.SDD.STES:DSD_STES_REVISIONS@DF_STES_REVISIONS(4.0),Short-term economic statistics revisions,I,USA,United States,M,Monthly,PRVM,Production volume,IX,Index,BTE,Industry (except construction),202402,February 2024,2022-09,,102.62,,A,Normal value,0,Units,1,One,2015,
DATAFLOW,OECD.SDD.STES:DSD_STES_REVISIONS@DF_STES_REVISIONS(4.0),Short-term economic statistics revisions,I,USA,United States,M,Monthly,PRVM,Production volume,IX,Index,BTE,Industry (except construction),202411,November 2024,2022-09,,102.65,,A,Normal value,0,Units,1,One,2015,
DATAFLOW,OECD.SDD.STES:DSD_STES_REVISIONS@DF_STES_REVISIONS(4.0),Short-term economic statistics revisions,I,USA,United States,M,Monthly,PRVM,Production volume,IX,Index,BTE,Industry (except construction),202410,October 2024,2022-09,,102.65,,A,Normal value,0,Units,1,One,2015,
DATAFLOW,OECD.SDD.STES:DSD_STES_REVISIONS@DF_STES_REVISIONS(4.0),Short-term economic statistics revisions,I,USA,United States,M,Monthly,PRVM,Production volume,IX,Index,BTE,Industry (except construction),202408,August 2024,2022-09,,102.65,,A,Normal value,0,Units,1,One,2015,
DATAFLOW,OECD.SDD.STES:DSD_STES_REVISIONS@DF_STES_REVISIONS(4.0),Short-term economic statistics revisions,I,USA,United States,M,Monthly,PRVM,Production volume,IX,Index,BTE,Industry (except construction),202409,September 2024,2022-09,,102.65,,A,Normal value,0,Units,1,One,2015,
DATAFLOW,OECD.SDD.STES:DSD_STES_REVISIONS@DF_STES_REVISIONS(4.0),Short-term economic statistics revisions,I,USA,United States,M,Monthly,PRVM,Production volume,IX,Index,BTE,Industry (except construction),202407,July 2024,2022-09,,102.62,,A,Normal value,0,Units,1,One,2015,
DATAFLOW,OECD.SDD.STES:DSD_STES_REVISIONS@DF_STES_REVISIONS(4.0),Short-term economic statistics revisions,I,USA,United States,M,Monthly,PRVM,Production volume,IX,Index,BTE,Industry (except construction),202406,June 2024,2022-09,,102.62,,A,Normal value,0,Units,1,One,2015,
DATAFLOW,OECD.SDD.STES:DSD_STES_REVISIONS@DF_STES_REVISIONS(4.0),Short-term economic statistics revisions,I,USA,United States,M,Monthly,PRVM,Production volume,IX,Index,BTE,Industry (except construction),202404,April 2024,2022-09,,102.62,,A,Normal value,0,Units,1,One,2015,
DATAFLOW,OECD.SDD.STES:DSD_STES_REVISIONS@DF_STES_REVISIONS(4.0),Short-term economic statistics revisions,I,USA,United States,M,Monthly,PRVM,Production volume,IX,Index,BTE,Industry (except construction),202405,May 2024,2022-09,,102.62,,A,Normal value,0,Units,1,One,2015,
DATAFLOW,OECD.SDD.STES:DSD_STES_REVISIONS@DF_STES_REVISIONS(4.0),Short-term economic statistics revisions,I,USA,United States,M,Monthly,PRVM,Production volume,IX,Index,BTE,Industry (except construction),202403,March 2024,2022-09,,102.62,,A,Normal value,0,Units,1,One,2015,
DATAFLOW,OECD.SDD.STES:DSD_STES_REVISIONS@DF_STES_REVISIONS(4.0),Short-term economic statistics revisions,I,USA,United States,M,Monthly,PRVM,Production volume,IX,Index,BTE,Industry (except construction),202403,March 2024,2022-08,,102.33,,A,Normal value,0,Units,1,One,2015,
DATAFLOW,OECD.SDD.STES:DSD_STES_REVISIONS@DF_STES_REVISIONS(4.0),Short-term economic statistics revisions,I,USA,United States,M,Monthly,PRVM,Production volume,IX,Index,BTE,Industry (except construction),202405,May 2024,2022-08,,102.33,,A,Normal value,0,Units,1,One,2015,
DATAFLOW,OECD.SDD.STES:DSD_STES_REVISIONS@DF_STES_REVISIONS(4.0),Short-term economic statistics revisions,I,USA,United States,M,Monthly,PRVM,Production volume,IX,Index,BTE,Industry (except construction),202404,April 2024,2022-08,,102.33,,A,Normal value,0,Units,1,One,2015,
DATAFLOW,OECD.SDD.STES:DSD_STES_REVISIONS@DF_STES_REVISIONS(4.0),Short-term economic statistics revisions,I,USA,United States,M,Monthly,PRVM,Production volume,IX,Index,BTE,Industry (except construction),202406,June 2024,2022-08,,102.33,,A,Normal value,0,Units,1,One,2015,
DATAFLOW,OECD.SDD.STES:DSD_STES_REVISIONS@DF_STES_REVISIONS(4.0),Short-term economic statistics revisions,I,USA,United States,M,Monthly,PRVM,Production volume,IX,Index,BTE,Industry (except construction),202407,July 2024,2022-08,,102.33,,A,Normal value,0,Units,1,One,2015,
DATAFLOW,OECD.SDD.STES:DSD_STES_REVISIONS@DF_STES_REVISIONS(4.0),Short-term economic statistics revisions,I,USA,United States,M,Monthly,PRVM,Production volume,IX,Index,BTE,Industry (except construction),202409,September 2024,2022-08,,102.29,,A,Normal value,0,Units,1,One,2015,
DATAFLOW,OECD.SDD.STES:DSD_STES_REVISIONS@DF_STES_REVISIONS(4.0),Short-term economic statistics revisions,I,USA,United States,M,Monthly,PRVM,Production volume,IX,Index,BTE,Industry (except construction),202408,August 2024,2022-08,,102.29,,A,Normal value,0,Units,1,One,2015,
DATAFLOW,OECD.SDD.STES:DSD_STES_REVISIONS@DF_STES_REVISIONS(4.0),Short-term economic statistics revisions,I,USA,United States,M,Monthly,PRVM,Production volume,IX,Index,BTE,Industry (except construction),202410,October 2024,2022-08,,102.29,,A,Normal value,0,Units,1,One,2015,
DATAFLOW,OECD.SDD.STES:DSD_STES_REVISIONS@DF_STES_REVISIONS(4.0),Short-term economic statistics revisions,I,USA,United States,M,Monthly,PRVM,Production volume,IX,Index,BTE,Industry (except construction),202411,November 2024,2022-08,,102.29,,A,Normal value,0,Units,1,One,2015,
DATAFLOW,OECD.SDD.STES:DSD_STES_REVISIONS@DF_STES_REVISIONS(4.0),Short-term economic statistics revisions,I,USA,United States,M,Monthly,PRVM,Production volume,IX,Index,BTE,Industry (except construction),202402,February 2024,2022-08,,102.33,,A,Normal value,0,Units,1,One,2015,
DATAFLOW,OECD.SDD.STES:DSD_STES_REVISIONS@DF_STES_REVISIONS(4.0),Short-term economic statistics revisions,I,USA,United States,M,Monthly,PRVM,Production volume,IX,Index,BTE,Industry (except construction),202401,January 2024,2022-08,,102.33,,A,Normal value,0,Units,1,One,2015,
DATAFLOW,OECD.SDD.STES:DSD_STES_REVISIONS@DF_STES_REVISIONS(4.0),Short-term economic statistics revisions,I,USA,United States,M,Monthly,PRVM,Production volume,IX,Index,BTE,Industry (except construction),202401,January 2024,2022-07,,102.23,,A,Normal value,0,Units,1,One,2015,
DATAFLOW,OECD.SDD.STES:DSD_STES_REVISIONS@DF_STES_REVISIONS(4.0),Short-term economic statistics revisions,I,USA,United States,M,Monthly,PRVM,Production volume,IX,Index,BTE,Industry (except construction),202402,February 2024,2022-07,,102.23,,A,Normal value,0,Units,1,One,2015,
DATAFLOW,OECD.SDD.STES:DSD_STES_REVISIONS@DF_STES_REVISIONS(4.0),Short-term economic statistics revisions,I,USA,United States,M,Monthly,PRVM,Production volume,IX,Index,BTE,Industry (except construction),202411,November 2024,2022-07,,102.17,,A,Normal value,0,Units,1,One,2015,
DATAFLOW,OECD.SDD.STES:DSD_STES_REVISIONS@DF_STES_REVISIONS(4.0),Short-term economic statistics revisions,I,USA,United States,M,Monthly,PRVM,Production volume,IX,Index,BTE,Industry (except construction),202410,October 2024,2022-07,,102.17,,A,Normal value,0,Units,1,One,2015,
DATAFLOW,OECD.SDD.STES:DSD_STES_REVISIONS@DF_STES_REVISIONS(4.0),Short-term economic statistics revisions,I,USA,United States,M,Monthly,PRVM,Production volume,IX,Index,BTE,Industry (except construction),202408,August 2024,2022-07,,102.17,,A,Normal value,0,Units,1,One,2015,
DATAFLOW,OECD.SDD.STES:DSD_STES_REVISIONS@DF_STES_REVISIONS(4.0),Short-term economic statistics revisions,I,USA,United States,M,Monthly,PRVM,Production volume,IX,Index,BTE,Industry (except construction),202409,September 2024,2022-07,,102.17,,A,Normal value,0,Units,1,One,2015,
DATAFLOW,OECD.SDD.STES:DSD_STES_REVISIONS@DF_STES_REVISIONS(4.0),Short-term economic statistics revisions,I,USA,United States,M,Monthly,PRVM,Production volume,IX,Index,BTE,Industry (except construction),202407,July 2024,2022-07,,102.23,,A,Normal value,0,Units,1,One,2015,
DATAFLOW,OECD.SDD.STES:DSD_STES_REVISIONS@DF_STES_REVISIONS(4.0),Short-term economic statistics revisions,I,USA,United States,M,Monthly,PRVM,Production volume,IX,Index,BTE,Industry (except construction),202406,June 2024,2022-07,,102.23,,A,Normal value,0,Units,1,One,2015,
DATAFLOW,OECD.SDD.STES:DSD_STES_REVISIONS@DF_STES_REVISIONS(4.0),Short-term economic statistics revisions,I,USA,United States,M,Monthly,PRVM,Production volume,IX,Index,BTE,Industry (except construction),202404,April 2024,2022-07,,102.23,,A,Normal value,0,Units,1,One,2015,
DATAFLOW,OECD.SDD.STES:DSD_STES_REVISIONS@DF_STES_REVISIONS(4.0),Short-term economic statistics revisions,I,USA,United States,M,Monthly,PRVM,Production volume,IX,Index,BTE,Industry (except construction),202405,May 2024,2022-07,,102.23,,A,Normal value,0,Units,1,One,2015,
DATAFLOW,OECD.SDD.STES:DSD_STES_REVISIONS@DF_STES_REVISIONS(4.0),Short-term economic statistics revisions,I,USA,United States,M,Monthly,PRVM,Production volume,IX,Index,BTE,Industry (except construction),202403,March 2024,2022-07,,102.23,,A,Normal value,0,Units,1,One,2015,
DATAFLOW,OECD.SDD.STES:DSD_STES_REVISIONS@DF_STES_REVISIONS(4.0),Short-term economic statistics revisions,I,USA,United States,M,Monthly,PRVM,Production volume,IX,Index,BTE,Industry (except construction),202401,January 2024,2022-06,,101.79,,A,Normal value,0,Units,1,One,2015,
DATAFLOW,OECD.SDD.STES:DSD_STES_REVISIONS@DF_STES_REVISIONS(4.0),Short-term economic statistics revisions,I,USA,United States,M,Monthly,PRVM,Production volume,IX,Index,BTE,Industry (except construction),202402,February 2024,2022-06,,101.79,,A,Normal value,0,Units,1,One,2015,
DATAFLOW,OECD.SDD.STES:DSD_STES_REVISIONS@DF_STES_REVISIONS(4.0),Short-term economic statistics revisions,I,USA,United States,M,Monthly,PRVM,Production volume,IX,Index,BTE,Industry (except construction),202411,November 2024,2022-06,,101.94,,A,Normal value,0,Units,1,One,2015,
DATAFLOW,OECD.SDD.STES:DSD_STES_REVISIONS@DF_STES_REVISIONS(4.0),Short-term economic statistics revisions,I,USA,United States,M,Monthly,PRVM,Production volume,IX,Index,BTE,Industry (except construction),202410,October 2024,2022-06,,101.94,,A,Normal value,0,Units,1,One,2015,
DATAFLOW,OECD.SDD.STES:DSD_STES_REVISIONS@DF_STES_REVISIONS(4.0),Short-term economic statistics revisions,I,USA,United States,M,Monthly,PRVM,Production volume,IX,Index,BTE,Industry (except construction),202408,August 2024,2022-06,,101.94,,A,Normal value,0,Units,1,One,2015,
DATAFLOW,OECD.SDD.STES:DSD_STES_REVISIONS@DF_STES_REVISIONS(4.0),Short-term economic statistics revisions,I,USA,United States,M,Monthly,PRVM,Production volume,IX,Index,BTE,Industry (except construction),202409,September 2024,2022-06,,101.94,,A,Normal value,0,Units,1,One,2015,
DATAFLOW,OECD.SDD.STES:DSD_STES_REVISIONS@DF_STES_REVISIONS(4.0),Short-term economic statistics revisions,I,USA,United States,M,Monthly,PRVM,Production volume,IX,Index,BTE,Industry (except construction),202407,July 2024,2022-06,,101.79,,A,Normal value,0,Units,1,One,2015,
DATAFLOW,OECD.SDD.STES:DSD_STES_REVISIONS@DF_STES_REVISIONS(4.0),Short-term economic statistics revisions,I,USA,United States,M,Monthly,PRVM,Production volume,IX,Index,BTE,Industry (except construction),202406,June 2024,2022-06,,101.79,,A,Normal value,0,Units,1,One,2015,
DATAFLOW,OECD.SDD.STES:DSD_STES_REVISIONS@DF_STES_REVISIONS(4.0),Short-term economic statistics revisions,I,USA,United States,M,Monthly,PRVM,Production volume,IX,Index,BTE,Industry (except construction),202404,April 2024,2022-06,,101.79,,A,Normal value,0,Units,1,One,2015,
DATAFLOW,OECD.SDD.STES:DSD_STES_REVISIONS@DF_STES_REVISIONS(4.0),Short-term economic statistics revisions,I,USA,United States,M,Monthly,PRVM,Production volume,IX,Index,BTE,Industry (except construction),202405,May 2024,2022-06,,101.79,,A,Normal value,0,Units,1,One,2015,
DATAFLOW,OECD.SDD.STES:DSD_STES_REVISIONS@DF_STES_REVISIONS(4.0),Short-term economic statistics revisions,I,USA,United States,M,Monthly,PRVM,Production volume,IX,Index,BTE,Industry (except construction),202403,March 2024,2022-06,,101.79,,A,Normal value,0,Units,1,One,2015,
DATAFLOW,OECD.SDD.STES:DSD_STES_REVISIONS@DF_STES_REVISIONS(4.0),Short-term economic statistics revisions,I,USA,United States,M,Monthly,PRVM,Production volume,IX,Index,BTE,Industry (except construction),202403,March 2024,2022-05,,101.88,,A,Normal value,0,Units,1,One,2015,
DATAFLOW,OECD.SDD.STES:DSD_STES_REVISIONS@DF_STES_REVISIONS(4.0),Short-term economic statistics revisions,I,USA,United States,M,Monthly,PRVM,Production volume,IX,Index,BTE,Industry (except construction),202405,May 2024,2022-05,,101.88,,A,Normal value,0,Units,1,One,2015,
DATAFLOW,OECD.SDD.STES:DSD_STES_REVISIONS@DF_STES_REVISIONS(4.0),Short-term economic statistics revisions,I,USA,United States,M,Monthly,PRVM,Production volume,IX,Index,BTE,Industry (except construction),202404,April 2024,2022-05,,101.88,,A,Normal value,0,Units,1,One,2015,
DATAFLOW,OECD.SDD.STES:DSD_STES_REVISIONS@DF_STES_REVISIONS(4.0),Short-term economic statistics revisions,I,USA,United States,M,Monthly,PRVM,Production volume,IX,Index,BTE,Industry (except construction),202406,June 2024,2022-05,,101.88,,A,Normal value,0,Units,1,One,2015,
DATAFLOW,OECD.SDD.STES:DSD_STES_REVISIONS@DF_STES_REVISIONS(4.0),Short-term economic statistics revisions,I,USA,United States,M,Monthly,PRVM,Production volume,IX,Index,BTE,Industry (except construction),202407,July 2024,2022-05,,101.88,,A,Normal value,0,Units,1,One,2015,
DATAFLOW,OECD.SDD.STES:DSD_STES_REVISIONS@DF_STES_REVISIONS(4.0),Short-term economic statistics revisions,I,USA,United States,M,Monthly,PRVM,Production volume,IX,Index,BTE,Industry (except construction),202409,September 2024,2022-05,,102.09,,A,Normal value,0,Units,1,One,2015,
DATAFLOW,OECD.SDD.STES:DSD_STES_REVISIONS@DF_STES_REVISIONS(4.0),Short-term economic statistics revisions,I,USA,United States,M,Monthly,PRVM,Production volume,IX,Index,BTE,Industry (except construction),202408,August 2024,2022-05,,102.09,,A,Normal value,0,Units,1,One,2015,
DATAFLOW,OECD.SDD.STES:DSD_STES_REVISIONS@DF_STES_REVISIONS(4.0),Short-term economic statistics revisions,I,USA,United States,M,Monthly,PRVM,Production volume,IX,Index,BTE,Industry (except construction),202410,October 2024,2022-05,,102.09,,A,Normal value,0,Units,1,One,2015,
DATAFLOW,OECD.SDD.STES:DSD_STES_REVISIONS@DF_STES_REVISIONS(4.0),Short-term economic statistics revisions,I,USA,United States,M,Monthly,PRVM,Production volume,IX,Index,BTE,Industry (except construction),202411,November 2024,2022-05,,102.09,,A,Normal value,0,Units,1,One,2015,
DATAFLOW,OECD.SDD.STES:DSD_STES_REVISIONS@DF_STES_REVISIONS(4.0),Short-term economic statistics revisions,I,USA,United States,M,Monthly,PRVM,Production volume,IX,Index,BTE,Industry (except construction),202402,February 2024,2022-05,,101.88,,A,Normal value,0,Units,1,One,2015,
DATAFLOW,OECD.SDD.STES:DSD_STES_REVISIONS@DF_STES_REVISIONS(4.0),Short-term economic statistics revisions,I,USA,United States,M,Monthly,PRVM,Production volume,IX,Index,BTE,Industry (except construction),202401,January 2024,2022-05,,101.88,,A,Normal value,0,Units,1,One,2015,
DATAFLOW,OECD.SDD.STES:DSD_STES_REVISIONS@DF_STES_REVISIONS(4.0),Short-term economic statistics revisions,I,USA,United States,M,Monthly,PRVM,Production volume,IX,Index,BTE,Industry (except construction),202401,January 2024,2022-04,,101.9,,A,Normal value,0,Units,1,One,2015,
DATAFLOW,OECD.SDD.STES:DSD_STES_REVISIONS@DF_STES_REVISIONS(4.0),Short-term economic statistics revisions,I,USA,United States,M,Monthly,PRVM,Production volume,IX,Index,BTE,Industry (except construction),202402,February 2024,2022-04,,101.9,,A,Normal value,0,Units,1,One,2015,
DATAFLOW,OECD.SDD.STES:DSD_STES_REVISIONS@DF_STES_REVISIONS(4.0),Short-term economic statistics revisions,I,USA,United States,M,Monthly,PRVM,Production volume,IX,Index,BTE,Industry (except construction),202411,November 2024,2022-04,,102.02,,A,Normal value,0,Units,1,One,2015,
DATAFLOW,OECD.SDD.STES:DSD_STES_REVISIONS@DF_STES_REVISIONS(4.0),Short-term economic statistics revisions,I,USA,United States,M,Monthly,PRVM,Production volume,IX,Index,BTE,Industry (except construction),202410,October 2024,2022-04,,102.02,,A,Normal value,0,Units,1,One,2015,
DATAFLOW,OECD.SDD.STES:DSD_STES_REVISIONS@DF_STES_REVISIONS(4.0),Short-term economic statistics revisions,I,USA,United States,M,Monthly,PRVM,Production volume,IX,Index,BTE,Industry (except construction),202408,August 2024,2022-04,,102.02,,A,Normal value,0,Units,1,One,2015,
DATAFLOW,OECD.SDD.STES:DSD_STES_REVISIONS@DF_STES_REVISIONS(4.0),Short-term economic statistics revisions,I,USA,United States,M,Monthly,PRVM,Production volume,IX,Index,BTE,Industry (except construction),202409,September 2024,2022-04,,102.02,,A,Normal value,0,Units,1,One,2015,
DATAFLOW,OECD.SDD.STES:DSD_STES_REVISIONS@DF_STES_REVISIONS(4.0),Short-term economic statistics revisions,I,USA,United States,M,Monthly,PRVM,Production volume,IX,Index,BTE,Industry (except construction),202407,July 2024,2022-04,,101.9,,A,Normal value,0,Units,1,One,2015,
DATAFLOW,OECD.SDD.STES:DSD_STES_REVISIONS@DF_STES_REVISIONS(4.0),Short-term economic statistics revisions,I,USA,United States,M,Monthly,PRVM,Production volume,IX,Index,BTE,Industry (except construction),202406,June 2024,2022-04,,101.9,,A,Normal value,0,Units,1,One,2015,
DATAFLOW,OECD.SDD.STES:DSD_STES_REVISIONS@DF_STES_REVISIONS(4.0),Short-term economic statistics revisions,I,USA,United States,M,Monthly,PRVM,Production volume,IX,Index,BTE,Industry (except construction),202404,April 2024,2022-04,,101.9,,A,Normal value,0,Units,1,One,2015,
DATAFLOW,OECD.SDD.STES:DSD_STES_REVISIONS@DF_STES_REVISIONS(4.0),Short-term economic statistics revisions,I,USA,United States,M,Monthly,PRVM,Production volume,IX,Index,BTE,Industry (except construction),202405,May 2024,2022-04,,101.9,,A,Normal value,0,Units,1,One,2015,
DATAFLOW,OECD.SDD.STES:DSD_STES_REVISIONS@DF_STES_REVISIONS(4.0),Short-term economic statistics revisions,I,USA,United States,M,Monthly,PRVM,Production volume,IX,Index,BTE,Industry (except construction),202403,March 2024,2022-04,,101.9,,A,Normal value,0,Units,1,One,2015,
DATAFLOW,OECD.SDD.STES:DSD_STES_REVISIONS@DF_STES_REVISIONS(4.0),Short-term economic statistics revisions,I,USA,United States,M,Monthly,PRVM,Production volume,IX,Index,BTE,Industry (except construction),202401,January 2024,2022-03,,101.58,,A,Normal value,0,Units,1,One,2015,
DATAFLOW,OECD.SDD.STES:DSD_STES_REVISIONS@DF_STES_REVISIONS(4.0),Short-term economic statistics revisions,I,USA,United States,M,Monthly,PRVM,Production volume,IX,Index,BTE,Industry (except construction),202402,February 2024,2022-03,,101.58,,A,Normal value,0,Units,1,One,2015,
DATAFLOW,OECD.SDD.STES:DSD_STES_REVISIONS@DF_STES_REVISIONS(4.0),Short-term economic statistics revisions,I,USA,United States,M,Monthly,PRVM,Production volume,IX,Index,BTE,Industry (except construction),202411,November 2024,2022-03,,101.8,,A,Normal value,0,Units,1,One,2015,
DATAFLOW,OECD.SDD.STES:DSD_STES_REVISIONS@DF_STES_REVISIONS(4.0),Short-term economic statistics revisions,I,USA,United States,M,Monthly,PRVM,Production volume,IX,Index,BTE,Industry (except construction),202410,October 2024,2022-03,,101.8,,A,Normal value,0,Units,1,One,2015,
DATAFLOW,OECD.SDD.STES:DSD_STES_REVISIONS@DF_STES_REVISIONS(4.0),Short-term economic statistics revisions,I,USA,United States,M,Monthly,PRVM,Production volume,IX,Index,BTE,Industry (except construction),202408,August 2024,2022-03,,101.8,,A,Normal value,0,Units,1,One,2015,
DATAFLOW,OECD.SDD.STES:DSD_STES_REVISIONS@DF_STES_REVISIONS(4.0),Short-term economic statistics revisions,I,USA,United States,M,Monthly,PRVM,Production volume,IX,Index,BTE,Industry (except construction),202409,September 2024,2022-03,,101.8,,A,Normal value,0,Units,1,One,2015,
DATAFLOW,OECD.SDD.STES:DSD_STES_REVISIONS@DF_STES_REVISIONS(4.0),Short-term economic statistics revisions,I,USA,United States,M,Monthly,PRVM,Production volume,IX,Index,BTE,Industry (except construction),202407,July 2024,2022-03,,101.58,,A,Normal value,0,Units,1,One,2015,
DATAFLOW,OECD.SDD.STES:DSD_STES_REVISIONS@DF_STES_REVISIONS(4.0),Short-term economic statistics revisions,I,USA,United States,M,Monthly,PRVM,Production volume,IX,Index,BTE,Industry (except construction),202406,June 2024,2022-03,,101.58,,A,Normal value,0,Units,1,One,2015,
DATAFLOW,OECD.SDD.STES:DSD_STES_REVISIONS@DF_STES_REVISIONS(4.0),Short-term economic statistics revisions,I,USA,United States,M,Monthly,PRVM,Production volume,IX,Index,BTE,Industry (except construction),202404,April 2024,2022-03,,101.58,,A,Normal value,0,Units,1,One,2015,
DATAFLOW,OECD.SDD.STES:DSD_STES_REVISIONS@DF_STES_REVISIONS(4.0),Short-term economic statistics revisions,I,USA,United States,M,Monthly,PRVM,Production volume,IX,Index,BTE,Industry (except construction),202405,May 2024,2022-03,,101.58,,A,Normal value,0,Units,1,One,2015,
DATAFLOW,OECD.SDD.STES:DSD_STES_REVISIONS@DF_STES_REVISIONS(4.0),Short-term economic statistics revisions,I,USA,United States,M,Monthly,PRVM,Production volume,IX,Index,BTE,Industry (except construction),202403,March 2024,2022-03,,101.58,,A,Normal value,0,Units,1,One,2015,
DATAFLOW,OECD.SDD.STES:DSD_STES_REVISIONS@DF_STES_REVISIONS(4.0),Short-term economic statistics revisions,I,USA,United States,M,Monthly,PRVM,Production volume,IX,Index,BTE,Industry (except construction),202403,March 2024,2022-02,,100.79,,A,Normal value,0,Units,1,One,2015,
DATAFLOW,OECD.SDD.STES:DSD_STES_REVISIONS@DF_STES_REVISIONS(4.0),Short-term economic statistics revisions,I,USA,United States,M,Monthly,PRVM,Production volume,IX,Index,BTE,Industry (except construction),202405,May 2024,2022-02,,100.79,,A,Normal value,0,Units,1,One,2015,
DATAFLOW,OECD.SDD.STES:DSD_STES_REVISIONS@DF_STES_REVISIONS(4.0),Short-term economic statistics revisions,I,USA,United States,M,Monthly,PRVM,Production volume,IX,Index,BTE,Industry (except construction),202404,April 2024,2022-02,,100.79,,A,Normal value,0,Units,1,One,2015,
DATAFLOW,OECD.SDD.STES:DSD_STES_REVISIONS@DF_STES_REVISIONS(4.0),Short-term economic statistics revisions,I,USA,United States,M,Monthly,PRVM,Production volume,IX,Index,BTE,Industry (except construction),202406,June 2024,2022-02,,100.79,,A,Normal value,0,Units,1,One,2015,
DATAFLOW,OECD.SDD.STES:DSD_STES_REVISIONS@DF_STES_REVISIONS(4.0),Short-term economic statistics revisions,I,USA,United States,M,Monthly,PRVM,Production volume,IX,Index,BTE,Industry (except construction),202407,July 2024,2022-02,,100.79,,A,Normal value,0,Units,1,One,2015,
DATAFLOW,OECD.SDD.STES:DSD_STES_REVISIONS@DF_STES_REVISIONS(4.0),Short-term economic statistics revisions,I,USA,United States,M,Monthly,PRVM,Production volume,IX,Index,BTE,Industry (except construction),202409,September 2024,2022-02,,100.98,,A,Normal value,0,Units,1,One,2015,
DATAFLOW,OECD.SDD.STES:DSD_STES_REVISIONS@DF_STES_REVISIONS(4.0),Short-term economic statistics revisions,I,USA,United States,M,Monthly,PRVM,Production volume,IX,Index,BTE,Industry (except construction),202408,August 2024,2022-02,,100.98,,A,Normal value,0,Units,1,One,2015,
DATAFLOW,OECD.SDD.STES:DSD_STES_REVISIONS@DF_STES_REVISIONS(4.0),Short-term economic statistics revisions,I,USA,United States,M,Monthly,PRVM,Production volume,IX,Index,BTE,Industry (except construction),202410,October 2024,2022-02,,100.98,,A,Normal value,0,Units,1,One,2015,
DATAFLOW,OECD.SDD.STES:DSD_STES_REVISIONS@DF_STES_REVISIONS(4.0),Short-term economic statistics revisions,I,USA,United States,M,Monthly,PRVM,Production volume,IX,Index,BTE,Industry (except construction),202411,November 2024,2022-02,,100.98,,A,Normal value,0,Units,1,One,2015,
DATAFLOW,OECD.SDD.STES:DSD_STES_REVISIONS@DF_STES_REVISIONS(4.0),Short-term economic statistics revisions,I,USA,United States,M,Monthly,PRVM,Production volume,IX,Index,BTE,Industry (except construction),202402,February 2024,2022-02,,100.79,,A,Normal value,0,Units,1,One,2015,
DATAFLOW,OECD.SDD.STES:DSD_STES_REVISIONS@DF_STES_REVISIONS(4.0),Short-term economic statistics revisions,I,USA,United States,M,Monthly,PRVM,Production volume,IX,Index,BTE,Industry (except construction),202401,January 2024,2022-02,,100.79,,A,Normal value,0,Units,1,One,2015,
DATAFLOW,OECD.SDD.STES:DSD_STES_REVISIONS@DF_STES_REVISIONS(4.0),Short-term economic statistics revisions,I,USA,United States,M,Monthly,PRVM,Production volume,IX,Index,BTE,Industry (except construction),202401,January 2024,2022-01,,100.14,,A,Normal value,0,Units,1,One,2015,
DATAFLOW,OECD.SDD.STES:DSD_STES_REVISIONS@DF_STES_REVISIONS(4.0),Short-term economic statistics revisions,I,USA,United States,M,Monthly,PRVM,Production volume,IX,Index,BTE,Industry (except construction),202402,February 2024,2022-01,,100.14,,A,Normal value,0,Units,1,One,2015,
DATAFLOW,OECD.SDD.STES:DSD_STES_REVISIONS@DF_STES_REVISIONS(4.0),Short-term economic statistics revisions,I,USA,United States,M,Monthly,PRVM,Production volume,IX,Index,BTE,Industry (except construction),202411,November 2024,2022-01,,100.35,,A,Normal value,0,Units,1,One,2015,
DATAFLOW,OECD.SDD.STES:DSD_STES_REVISIONS@DF_STES_REVISIONS(4.0),Short-term economic statistics revisions,I,USA,United States,M,Monthly,PRVM,Production volume,IX,Index,BTE,Industry (except construction),202410,October 2024,2022-01,,100.35,,A,Normal value,0,Units,1,One,2015,
DATAFLOW,OECD.SDD.STES:DSD_STES_REVISIONS@DF_STES_REVISIONS(4.0),Short-term economic statistics revisions,I,USA,United States,M,Monthly,PRVM,Production volume,IX,Index,BTE,Industry (except construction),202408,August 2024,2022-01,,100.35,,A,Normal value,0,Units,1,One,2015,
DATAFLOW,OECD.SDD.STES:DSD_STES_REVISIONS@DF_STES_REVISIONS(4.0),Short-term economic statistics revisions,I,USA,United States,M,Monthly,PRVM,Production volume,IX,Index,BTE,Industry (except construction),202409,September 2024,2022-01,,100.35,,A,Normal value,0,Units,1,One,2015,
DATAFLOW,OECD.SDD.STES:DSD_STES_REVISIONS@DF_STES_REVISIONS(4.0),Short-term economic statistics revisions,I,USA,United States,M,Monthly,PRVM,Production volume,IX,Index,BTE,Industry (except construction),202407,July 2024,2022-01,,100.14,,A,Normal value,0,Units,1,One,2015,
DATAFLOW,OECD.SDD.STES:DSD_STES_REVISIONS@DF_STES_REVISIONS(4.0),Short-term economic statistics revisions,I,USA,United States,M,Monthly,PRVM,Production volume,IX,Index,BTE,Industry (except construction),202406,June 2024,2022-01,,100.14,,A,Normal value,0,Units,1,One,2015,
DATAFLOW,OECD.SDD.STES:DSD_STES_REVISIONS@DF_STES_REVISIONS(4.0),Short-term economic statistics revisions,I,USA,United States,M,Monthly,PRVM,Production volume,IX,Index,BTE,Industry (except construction),202404,April 2024,2022-01,,100.14,,A,Normal value,0,Units,1,One,2015,
DATAFLOW,OECD.SDD.STES:DSD_STES_REVISIONS@DF_STES_REVISIONS(4.0),Short-term economic statistics revisions,I,USA,United States,M,Monthly,PRVM,Production volume,IX,Index,BTE,Industry (except construction),202405,May 2024,2022-01,,100.14,,A,Normal value,0,Units,1,One,2015,
DATAFLOW,OECD.SDD.STES:DSD_STES_REVISIONS@DF_STES_REVISIONS(4.0),Short-term economic statistics revisions,I,USA,United States,M,Monthly,PRVM,Production volume,IX,Index,BTE,Industry (except construction),202403,March 2024,2022-01,,100.14,,A,Normal value,0,Units,1,One,2015,
DATAFLOW,OECD.SDD.STES:DSD_STES_REVISIONS@DF_STES_REVISIONS(4.0),Short-term economic statistics revisions,I,USA,United States,M,Monthly,PRVM,Production volume,IX,Index,BTE,Industry (except construction),202401,January 2024,2021-12,,100.01,,A,Normal value,0,Units,1,One,2015,
DATAFLOW,OECD.SDD.STES:DSD_STES_REVISIONS@DF_STES_REVISIONS(4.0),Short-term economic statistics revisions,I,USA,United States,M,Monthly,PRVM,Production volume,IX,Index,BTE,Industry (except construction),202402,February 2024,2021-12,,100.01,,A,Normal value,0,Units,1,One,2015,
DATAFLOW,OECD.SDD.STES:DSD_STES_REVISIONS@DF_STES_REVISIONS(4.0),Short-term economic statistics revisions,I,USA,United States,M,Monthly,PRVM,Production volume,IX,Index,BTE,Industry (except construction),202411,November 2024,2021-12,,100.33,,A,Normal value,0,Units,1,One,2015,
DATAFLOW,OECD.SDD.STES:DSD_STES_REVISIONS@DF_STES_REVISIONS(4.0),Short-term economic statistics revisions,I,USA,United States,M,Monthly,PRVM,Production volume,IX,Index,BTE,Industry (except construction),202410,October 2024,2021-12,,100.33,,A,Normal value,0,Units,1,One,2015,
DATAFLOW,OECD.SDD.STES:DSD_STES_REVISIONS@DF_STES_REVISIONS(4.0),Short-term economic statistics revisions,I,USA,United States,M,Monthly,PRVM,Production volume,IX,Index,BTE,Industry (except construction),202408,August 2024,2021-12,,100.33,,A,Normal value,0,Units,1,One,2015,
DATAFLOW,OECD.SDD.STES:DSD_STES_REVISIONS@DF_STES_REVISIONS(4.0),Short-term economic statistics revisions,I,USA,United States,M,Monthly,PRVM,Production volume,IX,Index,BTE,Industry (except construction),202409,September 2024,2021-12,,100.33,,A,Normal value,0,Units,1,One,2015,
DATAFLOW,OECD.SDD.STES:DSD_STES_REVISIONS@DF_STES_REVISIONS(4.0),Short-term economic statistics revisions,I,USA,United States,M,Monthly,PRVM,Production volume,IX,Index,BTE,Industry (except construction),202407,July 2024,2021-12,,100.01,,A,Normal value,0,Units,1,One,2015,
DATAFLOW,OECD.SDD.STES:DSD_STES_REVISIONS@DF_STES_REVISIONS(4.0),Short-term economic statistics revisions,I,USA,United States,M,Monthly,PRVM,Production volume,IX,Index,BTE,Industry (except construction),202406,June 2024,2021-12,,100.01,,A,Normal value,0,Units,1,One,2015,
DATAFLOW,OECD.SDD.STES:DSD_STES_REVISIONS@DF_STES_REVISIONS(4.0),Short-term economic statistics revisions,I,USA,United States,M,Monthly,PRVM,Production volume,IX,Index,BTE,Industry (except construction),202404,April 2024,2021-12,,100.01,,A,Normal value,0,Units,1,One,2015,
DATAFLOW,OECD.SDD.STES:DSD_STES_REVISIONS@DF_STES_REVISIONS(4.0),Short-term economic statistics revisions,I,USA,United States,M,Monthly,PRVM,Production volume,IX,Index,BTE,Industry (except construction),202405,May 2024,2021-12,,100.01,,A,Normal value,0,Units,1,One,2015,
DATAFLOW,OECD.SDD.STES:DSD_STES_REVISIONS@DF_STES_REVISIONS(4.0),Short-term economic statistics revisions,I,USA,United States,M,Monthly,PRVM,Production volume,IX,Index,BTE,Industry (except construction),202403,March 2024,2021-12,,100.01,,A,Normal value,0,Units,1,One,2015,
DATAFLOW,OECD.SDD.STES:DSD_STES_REVISIONS@DF_STES_REVISIONS(4.0),Short-term economic statistics revisions,I,USA,United States,M,Monthly,PRVM,Production volume,IX,Index,BTE,Industry (except construction),202403,March 2024,2021-11,,100.31,,A,Normal value,0,Units,1,One,2015,
DATAFLOW,OECD.SDD.STES:DSD_STES_REVISIONS@DF_STES_REVISIONS(4.0),Short-term economic statistics revisions,I,USA,United States,M,Monthly,PRVM,Production volume,IX,Index,BTE,Industry (except construction),202405,May 2024,2021-11,,100.31,,A,Normal value,0,Units,1,One,2015,
DATAFLOW,OECD.SDD.STES:DSD_STES_REVISIONS@DF_STES_REVISIONS(4.0),Short-term economic statistics revisions,I,USA,United States,M,Monthly,PRVM,Production volume,IX,Index,BTE,Industry (except construction),202404,April 2024,2021-11,,100.31,,A,Normal value,0,Units,1,One,2015,
DATAFLOW,OECD.SDD.STES:DSD_STES_REVISIONS@DF_STES_REVISIONS(4.0),Short-term economic statistics revisions,I,USA,United States,M,Monthly,PRVM,Production volume,IX,Index,BTE,Industry (except construction),202406,June 2024,2021-11,,100.31,,A,Normal value,0,Units,1,One,2015,
DATAFLOW,OECD.SDD.STES:DSD_STES_REVISIONS@DF_STES_REVISIONS(4.0),Short-term economic statistics revisions,I,USA,United States,M,Monthly,PRVM,Production volume,IX,Index,BTE,Industry (except construction),202407,July 2024,2021-11,,100.31,,A,Normal value,0,Units,1,One,2015,
DATAFLOW,OECD.SDD.STES:DSD_STES_REVISIONS@DF_STES_REVISIONS(4.0),Short-term economic statistics revisions,I,USA,United States,M,Monthly,PRVM,Production volume,IX,Index,BTE,Industry (except construction),202409,September 2024,2021-11,,100.4,,A,Normal value,0,Units,1,One,2015,
DATAFLOW,OECD.SDD.STES:DSD_STES_REVISIONS@DF_STES_REVISIONS(4.0),Short-term economic statistics revisions,I,USA,United States,M,Monthly,PRVM,Production volume,IX,Index,BTE,Industry (except construction),202408,August 2024,2021-11,,100.4,,A,Normal value,0,Units,1,One,2015,
DATAFLOW,OECD.SDD.STES:DSD_STES_REVISIONS@DF_STES_REVISIONS(4.0),Short-term economic statistics revisions,I,USA,United States,M,Monthly,PRVM,Production volume,IX,Index,BTE,Industry (except construction),202410,October 2024,2021-11,,100.4,,A,Normal value,0,Units,1,One,2015,
DATAFLOW,OECD.SDD.STES:DSD_STES_REVISIONS@DF_STES_REVISIONS(4.0),Short-term economic statistics revisions,I,USA,United States,M,Monthly,PRVM,Production volume,IX,Index,BTE,Industry (except construction),202411,November 2024,2021-11,,100.4,,A,Normal value,0,Units,1,One,2015,
DATAFLOW,OECD.SDD.STES:DSD_STES_REVISIONS@DF_STES_REVISIONS(4.0),Short-term economic statistics revisions,I,USA,United States,M,Monthly,PRVM,Production volume,IX,Index,BTE,Industry (except construction),202402,February 2024,2021-11,,100.31,,A,Normal value,0,Units,1,One,2015,
DATAFLOW,OECD.SDD.STES:DSD_STES_REVISIONS@DF_STES_REVISIONS(4.0),Short-term economic statistics revisions,I,USA,United States,M,Monthly,PRVM,Production volume,IX,Index,BTE,Industry (except construction),202401,January 2024,2021-11,,100.31,,A,Normal value,0,Units,1,One,2015,
DATAFLOW,OECD.SDD.STES:DSD_STES_REVISIONS@DF_STES_REVISIONS(4.0),Short-term economic statistics revisions,I,USA,United States,M,Monthly,PRVM,Production volume,IX,Index,BTE,Industry (except construction),202401,January 2024,2021-10,,99.43,,A,Normal value,0,Units,1,One,2015,
DATAFLOW,OECD.SDD.STES:DSD_STES_REVISIONS@DF_STES_REVISIONS(4.0),Short-term economic statistics revisions,I,USA,United States,M,Monthly,PRVM,Production volume,IX,Index,BTE,Industry (except construction),202402,February 2024,2021-10,,99.43,,A,Normal value,0,Units,1,One,2015,
DATAFLOW,OECD.SDD.STES:DSD_STES_REVISIONS@DF_STES_REVISIONS(4.0),Short-term economic statistics revisions,I,USA,United States,M,Monthly,PRVM,Production volume,IX,Index,BTE,Industry (except construction),202411,November 2024,2021-10,,99.5,,A,Normal value,0,Units,1,One,2015,
DATAFLOW,OECD.SDD.STES:DSD_STES_REVISIONS@DF_STES_REVISIONS(4.0),Short-term economic statistics revisions,I,USA,United States,M,Monthly,PRVM,Production volume,IX,Index,BTE,Industry (except construction),202410,October 2024,2021-10,,99.5,,A,Normal value,0,Units,1,One,2015,
DATAFLOW,OECD.SDD.STES:DSD_STES_REVISIONS@DF_STES_REVISIONS(4.0),Short-term economic statistics revisions,I,USA,United States,M,Monthly,PRVM,Production volume,IX,Index,BTE,Industry (except construction),202408,August 2024,2021-10,,99.5,,A,Normal value,0,Units,1,One,2015,
DATAFLOW,OECD.SDD.STES:DSD_STES_REVISIONS@DF_STES_REVISIONS(4.0),Short-term economic statistics revisions,I,USA,United States,M,Monthly,PRVM,Production volume,IX,Index,BTE,Industry (except construction),202409,September 2024,2021-10,,99.5,,A,Normal value,0,Units,1,One,2015,
DATAFLOW,OECD.SDD.STES:DSD_STES_REVISIONS@DF_STES_REVISIONS(4.0),Short-term economic statistics revisions,I,USA,United States,M,Monthly,PRVM,Production volume,IX,Index,BTE,Industry (except construction),202407,July 2024,2021-10,,99.43,,A,Normal value,0,Units,1,One,2015,
DATAFLOW,OECD.SDD.STES:DSD_STES_REVISIONS@DF_STES_REVISIONS(4.0),Short-term economic statistics revisions,I,USA,United States,M,Monthly,PRVM,Production volume,IX,Index,BTE,Industry (except construction),202406,June 2024,2021-10,,99.43,,A,Normal value,0,Units,1,One,2015,
DATAFLOW,OECD.SDD.STES:DSD_STES_REVISIONS@DF_STES_REVISIONS(4.0),Short-term economic statistics revisions,I,USA,United States,M,Monthly,PRVM,Production volume,IX,Index,BTE,Industry (except construction),202404,April 2024,2021-10,,99.43,,A,Normal value,0,Units,1,One,2015,
DATAFLOW,OECD.SDD.STES:DSD_STES_REVISIONS@DF_STES_REVISIONS(4.0),Short-term economic statistics revisions,I,USA,United States,M,Monthly,PRVM,Production volume,IX,Index,BTE,Industry (except construction),202405,May 2024,2021-10,,99.43,,A,Normal value,0,Units,1,One,2015,
DATAFLOW,OECD.SDD.STES:DSD_STES_REVISIONS@DF_STES_REVISIONS(4.0),Short-term economic statistics revisions,I,USA,United States,M,Monthly,PRVM,Production volume,IX,Index,BTE,Industry (except construction),202403,March 2024,2021-10,,99.43,,A,Normal value,0,Units,1,One,2015,
DATAFLOW,OECD.SDD.STES:DSD_STES_REVISIONS@DF_STES_REVISIONS(4.0),Short-term economic statistics revisions,I,USA,United States,M,Monthly,PRVM,Production volume,IX,Index,BTE,Industry (except construction),202401,January 2024,2021-09,,98.2,,A,Normal value,0,Units,1,One,2015,
DATAFLOW,OECD.SDD.STES:DSD_STES_REVISIONS@DF_STES_REVISIONS(4.0),Short-term economic statistics revisions,I,USA,United States,M,Monthly,PRVM,Production volume,IX,Index,BTE,Industry (except construction),202402,February 2024,2021-09,,98.2,,A,Normal value,0,Units,1,One,2015,
DATAFLOW,OECD.SDD.STES:DSD_STES_REVISIONS@DF_STES_REVISIONS(4.0),Short-term economic statistics revisions,I,USA,United States,M,Monthly,PRVM,Production volume,IX,Index,BTE,Industry (except construction),202411,November 2024,2021-09,,98.15,,A,Normal value,0,Units,1,One,2015,
DATAFLOW,OECD.SDD.STES:DSD_STES_REVISIONS@DF_STES_REVISIONS(4.0),Short-term economic statistics revisions,I,USA,United States,M,Monthly,PRVM,Production volume,IX,Index,BTE,Industry (except construction),202410,October 2024,2021-09,,98.15,,A,Normal value,0,Units,1,One,2015,
DATAFLOW,OECD.SDD.STES:DSD_STES_REVISIONS@DF_STES_REVISIONS(4.0),Short-term economic statistics revisions,I,USA,United States,M,Monthly,PRVM,Production volume,IX,Index,BTE,Industry (except construction),202408,August 2024,2021-09,,98.15,,A,Normal value,0,Units,1,One,2015,
DATAFLOW,OECD.SDD.STES:DSD_STES_REVISIONS@DF_STES_REVISIONS(4.0),Short-term economic statistics revisions,I,USA,United States,M,Monthly,PRVM,Production volume,IX,Index,BTE,Industry (except construction),202409,September 2024,2021-09,,98.15,,A,Normal value,0,Units,1,One,2015,
DATAFLOW,OECD.SDD.STES:DSD_STES_REVISIONS@DF_STES_REVISIONS(4.0),Short-term economic statistics revisions,I,USA,United States,M,Monthly,PRVM,Production volume,IX,Index,BTE,Industry (except construction),202407,July 2024,2021-09,,98.2,,A,Normal value,0,Units,1,One,2015,
DATAFLOW,OECD.SDD.STES:DSD_STES_REVISIONS@DF_STES_REVISIONS(4.0),Short-term economic statistics revisions,I,USA,United States,M,Monthly,PRVM,Production volume,IX,Index,BTE,Industry (except construction),202406,June 2024,2021-09,,98.2,,A,Normal value,0,Units,1,One,2015,
DATAFLOW,OECD.SDD.STES:DSD_STES_REVISIONS@DF_STES_REVISIONS(4.0),Short-term economic statistics revisions,I,USA,United States,M,Monthly,PRVM,Production volume,IX,Index,BTE,Industry (except construction),202404,April 2024,2021-09,,98.2,,A,Normal value,0,Units,1,One,2015,
DATAFLOW,OECD.SDD.STES:DSD_STES_REVISIONS@DF_STES_REVISIONS(4.0),Short-term economic statistics revisions,I,USA,United States,M,Monthly,PRVM,Production volume,IX,Index,BTE,Industry (except construction),202405,May 2024,2021-09,,98.2,,A,Normal value,0,Units,1,One,2015,
DATAFLOW,OECD.SDD.STES:DSD_STES_REVISIONS@DF_STES_REVISIONS(4.0),Short-term economic statistics revisions,I,USA,United States,M,Monthly,PRVM,Production volume,IX,Index,BTE,Industry (except construction),202403,March 2024,2021-09,,98.2,,A,Normal value,0,Units,1,One,2015,
DATAFLOW,OECD.SDD.STES:DSD_STES_REVISIONS@DF_STES_REVISIONS(4.0),Short-term economic statistics revisions,I,USA,United States,M,Monthly,PRVM,Production volume,IX,Index,BTE,Industry (except construction),202403,March 2024,2021-08,,99.25,,A,Normal value,0,Units,1,One,2015,
DATAFLOW,OECD.SDD.STES:DSD_STES_REVISIONS@DF_STES_REVISIONS(4.0),Short-term economic statistics revisions,I,USA,United States,M,Monthly,PRVM,Production volume,IX,Index,BTE,Industry (except construction),202405,May 2024,2021-08,,99.25,,A,Normal value,0,Units,1,One,2015,
DATAFLOW,OECD.SDD.STES:DSD_STES_REVISIONS@DF_STES_REVISIONS(4.0),Short-term economic statistics revisions,I,USA,United States,M,Monthly,PRVM,Production volume,IX,Index,BTE,Industry (except construction),202404,April 2024,2021-08,,99.25,,A,Normal value,0,Units,1,One,2015,
DATAFLOW,OECD.SDD.STES:DSD_STES_REVISIONS@DF_STES_REVISIONS(4.0),Short-term economic statistics revisions,I,USA,United States,M,Monthly,PRVM,Production volume,IX,Index,BTE,Industry (except construction),202406,June 2024,2021-08,,99.25,,A,Normal value,0,Units,1,One,2015,
DATAFLOW,OECD.SDD.STES:DSD_STES_REVISIONS@DF_STES_REVISIONS(4.0),Short-term economic statistics revisions,I,USA,United States,M,Monthly,PRVM,Production volume,IX,Index,BTE,Industry (except construction),202407,July 2024,2021-08,,99.25,,A,Normal value,0,Units,1,One,2015,
DATAFLOW,OECD.SDD.STES:DSD_STES_REVISIONS@DF_STES_REVISIONS(4.0),Short-term economic statistics revisions,I,USA,United States,M,Monthly,PRVM,Production volume,IX,Index,BTE,Industry (except construction),202409,September 2024,2021-08,,99.19,,A,Normal value,0,Units,1,One,2015,
DATAFLOW,OECD.SDD.STES:DSD_STES_REVISIONS@DF_STES_REVISIONS(4.0),Short-term economic statistics revisions,I,USA,United States,M,Monthly,PRVM,Production volume,IX,Index,BTE,Industry (except construction),202408,August 2024,2021-08,,99.19,,A,Normal value,0,Units,1,One,2015,
DATAFLOW,OECD.SDD.STES:DSD_STES_REVISIONS@DF_STES_REVISIONS(4.0),Short-term economic statistics revisions,I,USA,United States,M,Monthly,PRVM,Production volume,IX,Index,BTE,Industry (except construction),202410,October 2024,2021-08,,99.19,,A,Normal value,0,Units,1,One,2015,
DATAFLOW,OECD.SDD.STES:DSD_STES_REVISIONS@DF_STES_REVISIONS(4.0),Short-term economic statistics revisions,I,USA,United States,M,Monthly,PRVM,Production volume,IX,Index,BTE,Industry (except construction),202411,November 2024,2021-08,,99.19,,A,Normal value,0,Units,1,One,2015,
DATAFLOW,OECD.SDD.STES:DSD_STES_REVISIONS@DF_STES_REVISIONS(4.0),Short-term economic statistics revisions,I,USA,United States,M,Monthly,PRVM,Production volume,IX,Index,BTE,Industry (except construction),202402,February 2024,2021-08,,99.25,,A,Normal value,0,Units,1,One,2015,
DATAFLOW,OECD.SDD.STES:DSD_STES_REVISIONS@DF_STES_REVISIONS(4.0),Short-term economic statistics revisions,I,USA,United States,M,Monthly,PRVM,Production volume,IX,Index,BTE,Industry (except construction),202401,January 2024,2021-08,,99.25,,A,Normal value,0,Units,1,One,2015,
DATAFLOW,OECD.SDD.STES:DSD_STES_REVISIONS@DF_STES_REVISIONS(4.0),Short-term economic statistics revisions,I,USA,United States,M,Monthly,PRVM,Production volume,IX,Index,BTE,Industry (except construction),202401,January 2024,2021-07,,99.25,,A,Normal value,0,Units,1,One,2015,
DATAFLOW,OECD.SDD.STES:DSD_STES_REVISIONS@DF_STES_REVISIONS(4.0),Short-term economic statistics revisions,I,USA,United States,M,Monthly,PRVM,Production volume,IX,Index,BTE,Industry (except construction),202402,February 2024,2021-07,,99.25,,A,Normal value,0,Units,1,One,2015,
DATAFLOW,OECD.SDD.STES:DSD_STES_REVISIONS@DF_STES_REVISIONS(4.0),Short-term economic statistics revisions,I,USA,United States,M,Monthly,PRVM,Production volume,IX,Index,BTE,Industry (except construction),202411,November 2024,2021-07,,99.21,,A,Normal value,0,Units,1,One,2015,
DATAFLOW,OECD.SDD.STES:DSD_STES_REVISIONS@DF_STES_REVISIONS(4.0),Short-term economic statistics revisions,I,USA,United States,M,Monthly,PRVM,Production volume,IX,Index,BTE,Industry (except construction),202410,October 2024,2021-07,,99.21,,A,Normal value,0,Units,1,One,2015,
DATAFLOW,OECD.SDD.STES:DSD_STES_REVISIONS@DF_STES_REVISIONS(4.0),Short-term economic statistics revisions,I,USA,United States,M,Monthly,PRVM,Production volume,IX,Index,BTE,Industry (except construction),202408,August 2024,2021-07,,99.21,,A,Normal value,0,Units,1,One,2015,
DATAFLOW,OECD.SDD.STES:DSD_STES_REVISIONS@DF_STES_REVISIONS(4.0),Short-term economic statistics revisions,I,USA,United States,M,Monthly,PRVM,Production volume,IX,Index,BTE,Industry (except construction),202409,September 2024,2021-07,,99.21,,A,Normal value,0,Units,1,One,2015,
DATAFLOW,OECD.SDD.STES:DSD_STES_REVISIONS@DF_STES_REVISIONS(4.0),Short-term economic statistics revisions,I,USA,United States,M,Monthly,PRVM,Production volume,IX,Index,BTE,Industry (except construction),202407,July 2024,2021-07,,99.25,,A,Normal value,0,Units,1,One,2015,
DATAFLOW,OECD.SDD.STES:DSD_STES_REVISIONS@DF_STES_REVISIONS(4.0),Short-term economic statistics revisions,I,USA,United States,M,Monthly,PRVM,Production volume,IX,Index,BTE,Industry (except construction),202406,June 2024,2021-07,,99.25,,A,Normal value,0,Units,1,One,2015,
DATAFLOW,OECD.SDD.STES:DSD_STES_REVISIONS@DF_STES_REVISIONS(4.0),Short-term economic statistics revisions,I,USA,United States,M,Monthly,PRVM,Production volume,IX,Index,BTE,Industry (except construction),202404,April 2024,2021-07,,99.25,,A,Normal value,0,Units,1,One,2015,
DATAFLOW,OECD.SDD.STES:DSD_STES_REVISIONS@DF_STES_REVISIONS(4.0),Short-term economic statistics revisions,I,USA,United States,M,Monthly,PRVM,Production volume,IX,Index,BTE,Industry (except construction),202405,May 2024,2021-07,,99.25,,A,Normal value,0,Units,1,One,2015,
DATAFLOW,OECD.SDD.STES:DSD_STES_REVISIONS@DF_STES_REVISIONS(4.0),Short-term economic statistics revisions,I,USA,United States,M,Monthly,PRVM,Production volume,IX,Index,BTE,Industry (except construction),202403,March 2024,2021-07,,99.25,,A,Normal value,0,Units,1,One,2015,
DATAFLOW,OECD.SDD.STES:DSD_STES_REVISIONS@DF_STES_REVISIONS(4.0),Short-term economic statistics revisions,I,USA,United States,M,Monthly,PRVM,Production volume,IX,Index,BTE,Industry (except construction),202401,January 2024,2021-06,,98.64,,A,Normal value,0,Units,1,One,2015,
DATAFLOW,OECD.SDD.STES:DSD_STES_REVISIONS@DF_STES_REVISIONS(4.0),Short-term economic statistics revisions,I,USA,United States,M,Monthly,PRVM,Production volume,IX,Index,BTE,Industry (except construction),202402,February 2024,2021-06,,98.64,,A,Normal value,0,Units,1,One,2015,
DATAFLOW,OECD.SDD.STES:DSD_STES_REVISIONS@DF_STES_REVISIONS(4.0),Short-term economic statistics revisions,I,USA,United States,M,Monthly,PRVM,Production volume,IX,Index,BTE,Industry (except construction),202411,November 2024,2021-06,,98.8,,A,Normal value,0,Units,1,One,2015,
DATAFLOW,OECD.SDD.STES:DSD_STES_REVISIONS@DF_STES_REVISIONS(4.0),Short-term economic statistics revisions,I,USA,United States,M,Monthly,PRVM,Production volume,IX,Index,BTE,Industry (except construction),202410,October 2024,2021-06,,98.8,,A,Normal value,0,Units,1,One,2015,
DATAFLOW,OECD.SDD.STES:DSD_STES_REVISIONS@DF_STES_REVISIONS(4.0),Short-term economic statistics revisions,I,USA,United States,M,Monthly,PRVM,Production volume,IX,Index,BTE,Industry (except construction),202408,August 2024,2021-06,,98.8,,A,Normal value,0,Units,1,One,2015,
DATAFLOW,OECD.SDD.STES:DSD_STES_REVISIONS@DF_STES_REVISIONS(4.0),Short-term economic statistics revisions,I,USA,United States,M,Monthly,PRVM,Production volume,IX,Index,BTE,Industry (except construction),202409,September 2024,2021-06,,98.8,,A,Normal value,0,Units,1,One,2015,
DATAFLOW,OECD.SDD.STES:DSD_STES_REVISIONS@DF_STES_REVISIONS(4.0),Short-term economic statistics revisions,I,USA,United States,M,Monthly,PRVM,Production volume,IX,Index,BTE,Industry (except construction),202411,November 2024,2024-09,,101.76,,A,Normal value,0,Units,1,One,2015,
DATAFLOW,OECD.SDD.STES:DSD_STES_REVISIONS@DF_STES_REVISIONS(4.0),Short-term economic statistics revisions,I,USA,United States,M,Monthly,PRVM,Production volume,IX,Index,BTE,Industry (except construction),202411,November 2024,2024-08,,102.05,,A,Normal value,0,Units,1,One,2015,
DATAFLOW,OECD.SDD.STES:DSD_STES_REVISIONS@DF_STES_REVISIONS(4.0),Short-term economic statistics revisions,I,USA,United States,M,Monthly,PRVM,Production volume,IX,Index,BTE,Industry (except construction),202411,November 2024,2024-07,,101.71,,A,Normal value,0,Units,1,One,2015,
DATAFLOW,OECD.SDD.STES:DSD_STES_REVISIONS@DF_STES_REVISIONS(4.0),Short-term economic statistics revisions,I,USA,United States,M,Monthly,PRVM,Production volume,IX,Index,BTE,Industry (except construction),202409,September 2024,2024-07,,102.01,,A,Normal value,0,Units,1,One,2015,
DATAFLOW,OECD.SDD.STES:DSD_STES_REVISIONS@DF_STES_REVISIONS(4.0),Short-term economic statistics revisions,I,USA,United States,M,Monthly,PRVM,Production volume,IX,Index,BTE,Industry (except construction),202410,October 2024,2024-07,,102.01,,A,Normal value,0,Units,1,One,2015,
DATAFLOW,OECD.SDD.STES:DSD_STES_REVISIONS@DF_STES_REVISIONS(4.0),Short-term economic statistics revisions,I,USA,United States,M,Monthly,PRVM,Production volume,IX,Index,BTE,Industry (except construction),202411,November 2024,2024-06,,102.34,,A,Normal value,0,Units,1,One,2015,
DATAFLOW,OECD.SDD.STES:DSD_STES_REVISIONS@DF_STES_REVISIONS(4.0),Short-term economic statistics revisions,I,USA,United States,M,Monthly,PRVM,Production volume,IX,Index,BTE,Industry (except construction),202410,October 2024,2024-06,,102.66,,A,Normal value,0,Units,1,One,2015,
DATAFLOW,OECD.SDD.STES:DSD_STES_REVISIONS@DF_STES_REVISIONS(4.0),Short-term economic statistics revisions,I,USA,United States,M,Monthly,PRVM,Production volume,IX,Index,BTE,Industry (except construction),202409,September 2024,2024-06,,102.66,,A,Normal value,0,Units,1,One,2015,
DATAFLOW,OECD.SDD.STES:DSD_STES_REVISIONS@DF_STES_REVISIONS(4.0),Short-term economic statistics revisions,I,USA,United States,M,Monthly,PRVM,Production volume,IX,Index,BTE,Industry (except construction),202409,September 2024,2024-05,,102.39,,A,Normal value,0,Units,1,One,2015,
DATAFLOW,OECD.SDD.STES:DSD_STES_REVISIONS@DF_STES_REVISIONS(4.0),Short-term economic statistics revisions,I,USA,United States,M,Monthly,PRVM,Production volume,IX,Index,BTE,Industry (except construction),202408,August 2024,2024-05,,102.24,,A,Normal value,0,Units,1,One,2015,
DATAFLOW,OECD.SDD.STES:DSD_STES_REVISIONS@DF_STES_REVISIONS(4.0),Short-term economic statistics revisions,I,USA,United States,M,Monthly,PRVM,Production volume,IX,Index,BTE,Industry (except construction),202410,October 2024,2024-05,,102.39,,A,Normal value,0,Units,1,One,2015,
DATAFLOW,OECD.SDD.STES:DSD_STES_REVISIONS@DF_STES_REVISIONS(4.0),Short-term economic statistics revisions,I,USA,United States,M,Monthly,PRVM,Production volume,IX,Index,BTE,Industry (except construction),202411,November 2024,2024-05,,102.19,,A,Normal value,0,Units,1,One,2015,
DATAFLOW,OECD.SDD.STES:DSD_STES_REVISIONS@DF_STES_REVISIONS(4.0),Short-term economic statistics revisions,I,USA,United States,M,Monthly,PRVM,Production volume,IX,Index,BTE,Industry (except construction),202411,November 2024,2024-04,,101.48,,A,Normal value,0,Units,1,One,2015,
DATAFLOW,OECD.SDD.STES:DSD_STES_REVISIONS@DF_STES_REVISIONS(4.0),Short-term economic statistics revisions,I,USA,United States,M,Monthly,PRVM,Production volume,IX,Index,BTE,Industry (except construction),202410,October 2024,2024-04,,101.62,,A,Normal value,0,Units,1,One,2015,
DATAFLOW,OECD.SDD.STES:DSD_STES_REVISIONS@DF_STES_REVISIONS(4.0),Short-term economic statistics revisions,I,USA,United States,M,Monthly,PRVM,Production volume,IX,Index,BTE,Industry (except construction),202408,August 2024,2024-04,,101.55,,A,Normal value,0,Units,1,One,2015,
DATAFLOW,OECD.SDD.STES:DSD_STES_REVISIONS@DF_STES_REVISIONS(4.0),Short-term economic statistics revisions,I,USA,United States,M,Monthly,PRVM,Production volume,IX,Index,BTE,Industry (except construction),202409,September 2024,2024-04,,101.62,,A,Normal value,0,Units,1,One,2015,
DATAFLOW,OECD.SDD.STES:DSD_STES_REVISIONS@DF_STES_REVISIONS(4.0),Short-term economic statistics revisions,I,USA,United States,M,Monthly,PRVM,Production volume,IX,Index,BTE,Industry (except construction),202406,June 2024,2024-04,,101.87,,A,Normal value,0,Units,1,One,2015,
DATAFLOW,OECD.SDD.STES:DSD_STES_REVISIONS@DF_STES_REVISIONS(4.0),Short-term economic statistics revisions,I,USA,United States,M,Monthly,PRVM,Production volume,IX,Index,BTE,Industry (except construction),202407,July 2024,2024-04,,101.87,,A,Normal value,0,Units,1,One,2015,
DATAFLOW,OECD.SDD.STES:DSD_STES_REVISIONS@DF_STES_REVISIONS(4.0),Short-term economic statistics revisions,I,USA,United States,M,Monthly,PRVM,Production volume,IX,Index,BTE,Industry (except construction),202411,November 2024,2024-03,,101.64,,A,Normal value,0,Units,1,One,2015,
DATAFLOW,OECD.SDD.STES:DSD_STES_REVISIONS@DF_STES_REVISIONS(4.0),Short-term economic statistics revisions,I,USA,United States,M,Monthly,PRVM,Production volume,IX,Index,BTE,Industry (except construction),202410,October 2024,2024-03,,101.62,,A,Normal value,0,Units,1,One,2015,
DATAFLOW,OECD.SDD.STES:DSD_STES_REVISIONS@DF_STES_REVISIONS(4.0),Short-term economic statistics revisions,I,USA,United States,M,Monthly,PRVM,Production volume,IX,Index,BTE,Industry (except construction),202408,August 2024,2024-03,,101.63,,A,Normal value,0,Units,1,One,2015,
DATAFLOW,OECD.SDD.STES:DSD_STES_REVISIONS@DF_STES_REVISIONS(4.0),Short-term economic statistics revisions,I,USA,United States,M,Monthly,PRVM,Production volume,IX,Index,BTE,Industry (except construction),202409,September 2024,2024-03,,101.62,,A,Normal value,0,Units,1,One,2015,
DATAFLOW,OECD.SDD.STES:DSD_STES_REVISIONS@DF_STES_REVISIONS(4.0),Short-term economic statistics revisions,I,USA,United States,M,Monthly,PRVM,Production volume,IX,Index,BTE,Industry (except construction),202407,July 2024,2024-03,,101.86,,A,Normal value,0,Units,1,One,2015,
DATAFLOW,OECD.SDD.STES:DSD_STES_REVISIONS@DF_STES_REVISIONS(4.0),Short-term economic statistics revisions,I,USA,United States,M,Monthly,PRVM,Production volume,IX,Index,BTE,Industry (except construction),202406,June 2024,2024-03,,101.86,,A,Normal value,0,Units,1,One,2015,
DATAFLOW,OECD.SDD.STES:DSD_STES_REVISIONS@DF_STES_REVISIONS(4.0),Short-term economic statistics revisions,I,USA,United States,M,Monthly,PRVM,Production volume,IX,Index,BTE,Industry (except construction),202405,May 2024,2024-03,,101.76,,A,Normal value,0,Units,1,One,2015,
DATAFLOW,OECD.SDD.STES:DSD_STES_REVISIONS@DF_STES_REVISIONS(4.0),Short-term economic statistics revisions,I,USA,United States,M,Monthly,PRVM,Production volume,IX,Index,BTE,Industry (except construction),202405,May 2024,2024-02,,101.37,,A,Normal value,0,Units,1,One,2015,
DATAFLOW,OECD.SDD.STES:DSD_STES_REVISIONS@DF_STES_REVISIONS(4.0),Short-term economic statistics revisions,I,USA,United States,M,Monthly,PRVM,Production volume,IX,Index,BTE,Industry (except construction),202404,April 2024,2024-02,,101.44,,A,Normal value,0,Units,1,One,2015,
DATAFLOW,OECD.SDD.STES:DSD_STES_REVISIONS@DF_STES_REVISIONS(4.0),Short-term economic statistics revisions,I,USA,United States,M,Monthly,PRVM,Production volume,IX,Index,BTE,Industry (except construction),202406,June 2024,2024-02,,101.74,,A,Normal value,0,Units,1,One,2015,
DATAFLOW,OECD.SDD.STES:DSD_STES_REVISIONS@DF_STES_REVISIONS(4.0),Short-term economic statistics revisions,I,USA,United States,M,Monthly,PRVM,Production volume,IX,Index,BTE,Industry (except construction),202407,July 2024,2024-02,,101.74,,A,Normal value,0,Units,1,One,2015,
DATAFLOW,OECD.SDD.STES:DSD_STES_REVISIONS@DF_STES_REVISIONS(4.0),Short-term economic statistics revisions,I,USA,United States,M,Monthly,PRVM,Production volume,IX,Index,BTE,Industry (except construction),202409,September 2024,2024-02,,101.85,,A,Normal value,0,Units,1,One,2015,
DATAFLOW,OECD.SDD.STES:DSD_STES_REVISIONS@DF_STES_REVISIONS(4.0),Short-term economic statistics revisions,I,USA,United States,M,Monthly,PRVM,Production volume,IX,Index,BTE,Industry (except construction),202408,August 2024,2024-02,,101.86,,A,Normal value,0,Units,1,One,2015,
DATAFLOW,OECD.SDD.STES:DSD_STES_REVISIONS@DF_STES_REVISIONS(4.0),Short-term economic statistics revisions,I,USA,United States,M,Monthly,PRVM,Production volume,IX,Index,BTE,Industry (except construction),202410,October 2024,2024-02,,101.85,,A,Normal value,0,Units,1,One,2015,
DATAFLOW,OECD.SDD.STES:DSD_STES_REVISIONS@DF_STES_REVISIONS(4.0),Short-term economic statistics revisions,I,USA,United States,M,Monthly,PRVM,Production volume,IX,Index,BTE,Industry (except construction),202411,November 2024,2024-02,,101.85,,A,Normal value,0,Units,1,One,2015,
DATAFLOW,OECD.SDD.STES:DSD_STES_REVISIONS@DF_STES_REVISIONS(4.0),Short-term economic statistics revisions,I,USA,United States,M,Monthly,PRVM,Production volume,IX,Index,BTE,Industry (except construction),202411,November 2024,2024-01,,100.62,,A,Normal value,0,Units,1,One,2015,
DATAFLOW,OECD.SDD.STES:DSD_STES_REVISIONS@DF_STES_REVISIONS(4.0),Short-term economic statistics revisions,I,USA,United States,M,Monthly,PRVM,Production volume,IX,Index,BTE,Industry (except construction),202410,October 2024,2024-01,,100.62,,A,Normal value,0,Units,1,One,2015,
DATAFLOW,OECD.SDD.STES:DSD_STES_REVISIONS@DF_STES_REVISIONS(4.0),Short-term economic statistics revisions,I,USA,United States,M,Monthly,PRVM,Production volume,IX,Index,BTE,Industry (except construction),202408,August 2024,2024-01,,100.84,,A,Normal value,0,Units,1,One,2015,
DATAFLOW,OECD.SDD.STES:DSD_STES_REVISIONS@DF_STES_REVISIONS(4.0),Short-term economic statistics revisions,I,USA,United States,M,Monthly,PRVM,Production volume,IX,Index,BTE,Industry (except construction),202409,September 2024,2024-01,,100.62,,A,Normal value,0,Units,1,One,2015,
DATAFLOW,OECD.SDD.STES:DSD_STES_REVISIONS@DF_STES_REVISIONS(4.0),Short-term economic statistics revisions,I,USA,United States,M,Monthly,PRVM,Production volume,IX,Index,BTE,Industry (except construction),202407,July 2024,2024-01,,100.91,,A,Normal value,0,Units,1,One,2015,
DATAFLOW,OECD.SDD.STES:DSD_STES_REVISIONS@DF_STES_REVISIONS(4.0),Short-term economic statistics revisions,I,USA,United States,M,Monthly,PRVM,Production volume,IX,Index,BTE,Industry (except construction),202406,June 2024,2024-01,,100.91,,A,Normal value,0,Units,1,One,2015,
DATAFLOW,OECD.SDD.STES:DSD_STES_REVISIONS@DF_STES_REVISIONS(4.0),Short-term economic statistics revisions,I,USA,United States,M,Monthly,PRVM,Production volume,IX,Index,BTE,Industry (except construction),202404,April 2024,2024-01,,101.33,,A,Normal value,0,Units,1,One,2015,
DATAFLOW,OECD.SDD.STES:DSD_STES_REVISIONS@DF_STES_REVISIONS(4.0),Short-term economic statistics revisions,I,USA,United States,M,Monthly,PRVM,Production volume,IX,Index,BTE,Industry (except construction),202403,March 2024,2024-01,,101.68,,A,Normal value,0,Units,1,One,2015,
DATAFLOW,OECD.SDD.STES:DSD_STES_REVISIONS@DF_STES_REVISIONS(4.0),Short-term economic statistics revisions,I,USA,United States,M,Monthly,PRVM,Production volume,IX,Index,BTE,Industry (except construction),202405,May 2024,2024-01,,100.92,,A,Normal value,0,Units,1,One,2015,
DATAFLOW,OECD.SDD.STES:DSD_STES_REVISIONS@DF_STES_REVISIONS(4.0),Short-term economic statistics revisions,I,USA,United States,M,Monthly,PRVM,Production volume,IX,Index,BTE,Industry (except construction),202411,November 2024,2023-12,,101.75,,A,Normal value,0,Units,1,One,2015,
DATAFLOW,OECD.SDD.STES:DSD_STES_REVISIONS@DF_STES_REVISIONS(4.0),Short-term economic statistics revisions,I,USA,United States,M,Monthly,PRVM,Production volume,IX,Index,BTE,Industry (except construction),202410,October 2024,2023-12,,101.75,,A,Normal value,0,Units,1,One,2015,
DATAFLOW,OECD.SDD.STES:DSD_STES_REVISIONS@DF_STES_REVISIONS(4.0),Short-term economic statistics revisions,I,USA,United States,M,Monthly,PRVM,Production volume,IX,Index,BTE,Industry (except construction),202408,August 2024,2023-12,,101.75,,A,Normal value,0,Units,1,One,2015,
DATAFLOW,OECD.SDD.STES:DSD_STES_REVISIONS@DF_STES_REVISIONS(4.0),Short-term economic statistics revisions,I,USA,United States,M,Monthly,PRVM,Production volume,IX,Index,BTE,Industry (except construction),202409,September 2024,2023-12,,101.75,,A,Normal value,0,Units,1,One,2015,
DATAFLOW,OECD.SDD.STES:DSD_STES_REVISIONS@DF_STES_REVISIONS(4.0),Short-term economic statistics revisions,I,USA,United States,M,Monthly,PRVM,Production volume,IX,Index,BTE,Industry (except construction),202407,July 2024,2023-12,,101.68,,A,Normal value,0,Units,1,One,2015,
DATAFLOW,OECD.SDD.STES:DSD_STES_REVISIONS@DF_STES_REVISIONS(4.0),Short-term economic statistics revisions,I,USA,United States,M,Monthly,PRVM,Production volume,IX,Index,BTE,Industry (except construction),202406,June 2024,2023-12,,101.68,,A,Normal value,0,Units,1,One,2015,
DATAFLOW,OECD.SDD.STES:DSD_STES_REVISIONS@DF_STES_REVISIONS(4.0),Short-term economic statistics revisions,I,USA,United States,M,Monthly,PRVM,Production volume,IX,Index,BTE,Industry (except construction),202404,April 2024,2023-12,,101.8,,A,Normal value,0,Units,1,One,2015,
DATAFLOW,OECD.SDD.STES:DSD_STES_REVISIONS@DF_STES_REVISIONS(4.0),Short-term economic statistics revisions,I,USA,United States,M,Monthly,PRVM,Production volume,IX,Index,BTE,Industry (except construction),202405,May 2024,2023-12,,101.72,,A,Normal value,0,Units,1,One,2015,
DATAFLOW,OECD.SDD.STES:DSD_STES_REVISIONS@DF_STES_REVISIONS(4.0),Short-term economic statistics revisions,I,USA,United States,M,Monthly,PRVM,Production volume,IX,Index,BTE,Industry (except construction),202403,March 2024,2023-12,,101.78,,A,Normal value,0,Units,1,One,2015,
DATAFLOW,OECD.SDD.STES:DSD_STES_REVISIONS@DF_STES_REVISIONS(4.0),Short-term economic statistics revisions,I,USA,United States,M,Monthly,PRVM,Production volume,IX,Index,BTE,Industry (except construction),202403,March 2024,2023-11,,101.77,,A,Normal value,0,Units,1,One,2015,
DATAFLOW,OECD.SDD.STES:DSD_STES_REVISIONS@DF_STES_REVISIONS(4.0),Short-term economic statistics revisions,I,USA,United States,M,Monthly,PRVM,Production volume,IX,Index,BTE,Industry (except construction),202405,May 2024,2023-11,,102.04,,A,Normal value,0,Units,1,One,2015,
DATAFLOW,OECD.SDD.STES:DSD_STES_REVISIONS@DF_STES_REVISIONS(4.0),Short-term economic statistics revisions,I,USA,United States,M,Monthly,PRVM,Production volume,IX,Index,BTE,Industry (except construction),202404,April 2024,2023-11,,102.1,,A,Normal value,0,Units,1,One,2015,
DATAFLOW,OECD.SDD.STES:DSD_STES_REVISIONS@DF_STES_REVISIONS(4.0),Short-term economic statistics revisions,I,USA,United States,M,Monthly,PRVM,Production volume,IX,Index,BTE,Industry (except construction),202406,June 2024,2023-11,,102.01,,A,Normal value,0,Units,1,One,2015,
DATAFLOW,OECD.SDD.STES:DSD_STES_REVISIONS@DF_STES_REVISIONS(4.0),Short-term economic statistics revisions,I,USA,United States,M,Monthly,PRVM,Production volume,IX,Index,BTE,Industry (except construction),202407,July 2024,2023-11,,102.01,,A,Normal value,0,Units,1,One,2015,
DATAFLOW,OECD.SDD.STES:DSD_STES_REVISIONS@DF_STES_REVISIONS(4.0),Short-term economic statistics revisions,I,USA,United States,M,Monthly,PRVM,Production volume,IX,Index,BTE,Industry (except construction),202409,September 2024,2023-11,,102.01,,A,Normal value,0,Units,1,One,2015,
DATAFLOW,OECD.SDD.STES:DSD_STES_REVISIONS@DF_STES_REVISIONS(4.0),Short-term economic statistics revisions,I,USA,United States,M,Monthly,PRVM,Production volume,IX,Index,BTE,Industry (except construction),202408,August 2024,2023-11,,102.01,,A,Normal value,0,Units,1,One,2015,
DATAFLOW,OECD.SDD.STES:DSD_STES_REVISIONS@DF_STES_REVISIONS(4.0),Short-term economic statistics revisions,I,USA,United States,M,Monthly,PRVM,Production volume,IX,Index,BTE,Industry (except construction),202410,October 2024,2023-11,,102.01,,A,Normal value,0,Units,1,One,2015,
DATAFLOW,OECD.SDD.STES:DSD_STES_REVISIONS@DF_STES_REVISIONS(4.0),Short-term economic statistics revisions,I,USA,United States,M,Monthly,PRVM,Production volume,IX,Index,BTE,Industry (except construction),202411,November 2024,2023-11,,102.01,,A,Normal value,0,Units,1,One,2015,
DATAFLOW,OECD.SDD.STES:DSD_STES_REVISIONS@DF_STES_REVISIONS(4.0),Short-term economic statistics revisions,I,USA,United States,M,Monthly,PRVM,Production volume,IX,Index,BTE,Industry (except construction),202402,February 2024,2023-11,,101.77,,A,Normal value,0,Units,1,One,2015,
DATAFLOW,OECD.SDD.STES:DSD_STES_REVISIONS@DF_STES_REVISIONS(4.0),Short-term economic statistics revisions,I,USA,United States,M,Monthly,PRVM,Production volume,IX,Index,BTE,Industry (except construction),202401,January 2024,2023-11,,101.77,,A,Normal value,0,Units,1,One,2015,
DATAFLOW,OECD.SDD.STES:DSD_STES_REVISIONS@DF_STES_REVISIONS(4.0),Short-term economic statistics revisions,I,USA,United States,M,Monthly,PRVM,Production volume,IX,Index,BTE,Industry (except construction),202401,January 2024,2023-10,,101.52,,A,Normal value,0,Units,1,One,2015,
DATAFLOW,OECD.SDD.STES:DSD_STES_REVISIONS@DF_STES_REVISIONS(4.0),Short-term economic statistics revisions,I,USA,United States,M,Monthly,PRVM,Production volume,IX,Index,BTE,Industry (except construction),202402,February 2024,2023-10,,101.52,,A,Normal value,0,Units,1,One,2015,
DATAFLOW,OECD.SDD.STES:DSD_STES_REVISIONS@DF_STES_REVISIONS(4.0),Short-term economic statistics revisions,I,USA,United States,M,Monthly,PRVM,Production volume,IX,Index,BTE,Industry (except construction),202411,November 2024,2023-10,,101.7,,A,Normal value,0,Units,1,One,2015,
DATAFLOW,OECD.SDD.STES:DSD_STES_REVISIONS@DF_STES_REVISIONS(4.0),Short-term economic statistics revisions,I,USA,United States,M,Monthly,PRVM,Production volume,IX,Index,BTE,Industry (except construction),202410,October 2024,2023-10,,101.7,,A,Normal value,0,Units,1,One,2015,
DATAFLOW,OECD.SDD.STES:DSD_STES_REVISIONS@DF_STES_REVISIONS(4.0),Short-term economic statistics revisions,I,USA,United States,M,Monthly,PRVM,Production volume,IX,Index,BTE,Industry (except construction),202408,August 2024,2023-10,,101.7,,A,Normal value,0,Units,1,One,2015,
DATAFLOW,OECD.SDD.STES:DSD_STES_REVISIONS@DF_STES_REVISIONS(4.0),Short-term economic statistics revisions,I,USA,United States,M,Monthly,PRVM,Production volume,IX,Index,BTE,Industry (except construction),202409,September 2024,2023-10,,101.7,,A,Normal value,0,Units,1,One,2015,
DATAFLOW,OECD.SDD.STES:DSD_STES_REVISIONS@DF_STES_REVISIONS(4.0),Short-term economic statistics revisions,I,USA,United States,M,Monthly,PRVM,Production volume,IX,Index,BTE,Industry (except construction),202407,July 2024,2023-10,,101.67,,A,Normal value,0,Units,1,One,2015,
DATAFLOW,OECD.SDD.STES:DSD_STES_REVISIONS@DF_STES_REVISIONS(4.0),Short-term economic statistics revisions,I,USA,United States,M,Monthly,PRVM,Production volume,IX,Index,BTE,Industry (except construction),202406,June 2024,2023-10,,101.67,,A,Normal value,0,Units,1,One,2015,
DATAFLOW,OECD.SDD.STES:DSD_STES_REVISIONS@DF_STES_REVISIONS(4.0),Short-term economic statistics revisions,I,USA,United States,M,Monthly,PRVM,Production volume,IX,Index,BTE,Industry (except construction),202404,April 2024,2023-10,,101.65,,A,Normal value,0,Units,1,One,2015,
DATAFLOW,OECD.SDD.STES:DSD_STES_REVISIONS@DF_STES_REVISIONS(4.0),Short-term economic statistics revisions,I,USA,United States,M,Monthly,PRVM,Production volume,IX,Index,BTE,Industry (except construction),202405,May 2024,2023-10,,101.67,,A,Normal value,0,Units,1,One,2015,
DATAFLOW,OECD.SDD.STES:DSD_STES_REVISIONS@DF_STES_REVISIONS(4.0),Short-term economic statistics revisions,I,USA,United States,M,Monthly,PRVM,Production volume,IX,Index,BTE,Industry (except construction),202403,March 2024,2023-10,,101.48,,A,Normal value,0,Units,1,One,2015,
DATAFLOW,OECD.SDD.STES:DSD_STES_REVISIONS@DF_STES_REVISIONS(4.0),Short-term economic statistics revisions,I,USA,United States,M,Monthly,PRVM,Production volume,IX,Index,BTE,Industry (except construction),202401,January 2024,2023-09,,102.44,,A,Normal value,0,Units,1,One,2015,
DATAFLOW,OECD.SDD.STES:DSD_STES_REVISIONS@DF_STES_REVISIONS(4.0),Short-term economic statistics revisions,I,USA,United States,M,Monthly,PRVM,Production volume,IX,Index,BTE,Industry (except construction),202402,February 2024,2023-09,,102.44,,A,Normal value,0,Units,1,One,2015,
DATAFLOW,OECD.SDD.STES:DSD_STES_REVISIONS@DF_STES_REVISIONS(4.0),Short-term economic statistics revisions,I,USA,United States,M,Monthly,PRVM,Production volume,IX,Index,BTE,Industry (except construction),202411,November 2024,2023-09,,102.42,,A,Normal value,0,Units,1,One,2015,
DATAFLOW,OECD.SDD.STES:DSD_STES_REVISIONS@DF_STES_REVISIONS(4.0),Short-term economic statistics revisions,I,USA,United States,M,Monthly,PRVM,Production volume,IX,Index,BTE,Industry (except construction),202410,October 2024,2023-09,,102.42,,A,Normal value,0,Units,1,One,2015,
DATAFLOW,OECD.SDD.STES:DSD_STES_REVISIONS@DF_STES_REVISIONS(4.0),Short-term economic statistics revisions,I,USA,United States,M,Monthly,PRVM,Production volume,IX,Index,BTE,Industry (except construction),202408,August 2024,2023-09,,102.42,,A,Normal value,0,Units,1,One,2015,
DATAFLOW,OECD.SDD.STES:DSD_STES_REVISIONS@DF_STES_REVISIONS(4.0),Short-term economic statistics revisions,I,USA,United States,M,Monthly,PRVM,Production volume,IX,Index,BTE,Industry (except construction),202409,September 2024,2023-09,,102.42,,A,Normal value,0,Units,1,One,2015,
DATAFLOW,OECD.SDD.STES:DSD_STES_REVISIONS@DF_STES_REVISIONS(4.0),Short-term economic statistics revisions,I,USA,United States,M,Monthly,PRVM,Production volume,IX,Index,BTE,Industry (except construction),202407,July 2024,2023-09,,102.4,,A,Normal value,0,Units,1,One,2015,
DATAFLOW,OECD.SDD.STES:DSD_STES_REVISIONS@DF_STES_REVISIONS(4.0),Short-term economic statistics revisions,I,USA,United States,M,Monthly,PRVM,Production volume,IX,Index,BTE,Industry (except construction),202406,June 2024,2023-09,,102.4,,A,Normal value,0,Units,1,One,2015,
DATAFLOW,OECD.SDD.STES:DSD_STES_REVISIONS@DF_STES_REVISIONS(4.0),Short-term economic statistics revisions,I,USA,United States,M,Monthly,PRVM,Production volume,IX,Index,BTE,Industry (except construction),202404,April 2024,2023-09,,102.4,,A,Normal value,0,Units,1,One,2015,
DATAFLOW,OECD.SDD.STES:DSD_STES_REVISIONS@DF_STES_REVISIONS(4.0),Short-term economic statistics revisions,I,USA,United States,M,Monthly,PRVM,Production volume,IX,Index,BTE,Industry (except construction),202405,May 2024,2023-09,,102.4,,A,Normal value,0,Units,1,One,2015,
DATAFLOW,OECD.SDD.STES:DSD_STES_REVISIONS@DF_STES_REVISIONS(4.0),Short-term economic statistics revisions,I,USA,United States,M,Monthly,PRVM,Production volume,IX,Index,BTE,Industry (except construction),202403,March 2024,2023-09,,102.31,,A,Normal value,0,Units,1,One,2015,
DATAFLOW,OECD.SDD.STES:DSD_STES_REVISIONS@DF_STES_REVISIONS(4.0),Short-term economic statistics revisions,I,USA,United States,M,Monthly,PRVM,Production volume,IX,Index,BTE,Industry (except construction),202403,March 2024,2023-08,,102.21,,A,Normal value,0,Units,1,One,2015,
DATAFLOW,OECD.SDD.STES:DSD_STES_REVISIONS@DF_STES_REVISIONS(4.0),Short-term economic statistics revisions,I,USA,United States,M,Monthly,PRVM,Production volume,IX,Index,BTE,Industry (except construction),202405,May 2024,2023-08,,102.21,,A,Normal value,0,Units,1,One,2015,
DATAFLOW,OECD.SDD.STES:DSD_STES_REVISIONS@DF_STES_REVISIONS(4.0),Short-term economic statistics revisions,I,USA,United States,M,Monthly,PRVM,Production volume,IX,Index,BTE,Industry (except construction),202404,April 2024,2023-08,,102.21,,A,Normal value,0,Units,1,One,2015,
DATAFLOW,OECD.SDD.STES:DSD_STES_REVISIONS@DF_STES_REVISIONS(4.0),Short-term economic statistics revisions,I,USA,United States,M,Monthly,PRVM,Production volume,IX,Index,BTE,Industry (except construction),202406,June 2024,2023-08,,102.21,,A,Normal value,0,Units,1,One,2015,
DATAFLOW,OECD.SDD.STES:DSD_STES_REVISIONS@DF_STES_REVISIONS(4.0),Short-term economic statistics revisions,I,USA,United States,M,Monthly,PRVM,Production volume,IX,Index,BTE,Industry (except construction),202407,July 2024,2023-08,,102.21,,A,Normal value,0,Units,1,One,2015,
DATAFLOW,OECD.SDD.STES:DSD_STES_REVISIONS@DF_STES_REVISIONS(4.0),Short-term economic statistics revisions,I,USA,United States,M,Monthly,PRVM,Production volume,IX,Index,BTE,Industry (except construction),202409,September 2024,2023-08,,102.21,,A,Normal value,0,Units,1,One,2015,
DATAFLOW,OECD.SDD.STES:DSD_STES_REVISIONS@DF_STES_REVISIONS(4.0),Short-term economic statistics revisions,I,USA,United States,M,Monthly,PRVM,Production volume,IX,Index,BTE,Industry (except construction),202408,August 2024,2023-08,,102.21,,A,Normal value,0,Units,1,One,2015,
DATAFLOW,OECD.SDD.STES:DSD_STES_REVISIONS@DF_STES_REVISIONS(4.0),Short-term economic statistics revisions,I,USA,United States,M,Monthly,PRVM,Production volume,IX,Index,BTE,Industry (except construction),202410,October 2024,2023-08,,102.21,,A,Normal value,0,Units,1,One,2015,
DATAFLOW,OECD.SDD.STES:DSD_STES_REVISIONS@DF_STES_REVISIONS(4.0),Short-term economic statistics revisions,I,USA,United States,M,Monthly,PRVM,Production volume,IX,Index,BTE,Industry (except construction),202411,November 2024,2023-08,,102.21,,A,Normal value,0,Units,1,One,2015,
DATAFLOW,OECD.SDD.STES:DSD_STES_REVISIONS@DF_STES_REVISIONS(4.0),Short-term economic statistics revisions,I,USA,United States,M,Monthly,PRVM,Production volume,IX,Index,BTE,Industry (except construction),202402,February 2024,2023-08,,102.31,,A,Normal value,0,Units,1,One,2015,
DATAFLOW,OECD.SDD.STES:DSD_STES_REVISIONS@DF_STES_REVISIONS(4.0),Short-term economic statistics revisions,I,USA,United States,M,Monthly,PRVM,Production volume,IX,Index,BTE,Industry (except construction),202401,January 2024,2023-08,,102.31,,A,Normal value,0,Units,1,One,2015,
DATAFLOW,OECD.SDD.STES:DSD_STES_REVISIONS@DF_STES_REVISIONS(4.0),Short-term economic statistics revisions,I,USA,United States,M,Monthly,PRVM,Production volume,IX,Index,BTE,Industry (except construction),202401,January 2024,2023-07,,102.32,,A,Normal value,0,Units,1,One,2015,
DATAFLOW,OECD.SDD.STES:DSD_STES_REVISIONS@DF_STES_REVISIONS(4.0),Short-term economic statistics revisions,I,USA,United States,M,Monthly,PRVM,Production volume,IX,Index,BTE,Industry (except construction),202402,February 2024,2023-07,,102.32,,A,Normal value,0,Units,1,One,2015,
DATAFLOW,OECD.SDD.STES:DSD_STES_REVISIONS@DF_STES_REVISIONS(4.0),Short-term economic statistics revisions,I,USA,United States,M,Monthly,PRVM,Production volume,IX,Index,BTE,Industry (except construction),202411,November 2024,2023-07,,102.19,,A,Normal value,0,Units,1,One,2015,
DATAFLOW,OECD.SDD.STES:DSD_STES_REVISIONS@DF_STES_REVISIONS(4.0),Short-term economic statistics revisions,I,USA,United States,M,Monthly,PRVM,Production volume,IX,Index,BTE,Industry (except construction),202410,October 2024,2023-07,,102.19,,A,Normal value,0,Units,1,One,2015,
DATAFLOW,OECD.SDD.STES:DSD_STES_REVISIONS@DF_STES_REVISIONS(4.0),Short-term economic statistics revisions,I,USA,United States,M,Monthly,PRVM,Production volume,IX,Index,BTE,Industry (except construction),202408,August 2024,2023-07,,102.19,,A,Normal value,0,Units,1,One,2015,
DATAFLOW,OECD.SDD.STES:DSD_STES_REVISIONS@DF_STES_REVISIONS(4.0),Short-term economic statistics revisions,I,USA,United States,M,Monthly,PRVM,Production volume,IX,Index,BTE,Industry (except construction),202409,September 2024,2023-07,,102.19,,A,Normal value,0,Units,1,One,2015,
DATAFLOW,OECD.SDD.STES:DSD_STES_REVISIONS@DF_STES_REVISIONS(4.0),Short-term economic statistics revisions,I,USA,United States,M,Monthly,PRVM,Production volume,IX,Index,BTE,Industry (except construction),202407,July 2024,2023-07,,102.29,,A,Normal value,0,Units,1,One,2015,
DATAFLOW,OECD.SDD.STES:DSD_STES_REVISIONS@DF_STES_REVISIONS(4.0),Short-term economic statistics revisions,I,USA,United States,M,Monthly,PRVM,Production volume,IX,Index,BTE,Industry (except construction),202406,June 2024,2023-07,,102.29,,A,Normal value,0,Units,1,One,2015,
DATAFLOW,OECD.SDD.STES:DSD_STES_REVISIONS@DF_STES_REVISIONS(4.0),Short-term economic statistics revisions,I,USA,United States,M,Monthly,PRVM,Production volume,IX,Index,BTE,Industry (except construction),202404,April 2024,2023-07,,102.29,,A,Normal value,0,Units,1,One,2015,
DATAFLOW,OECD.SDD.STES:DSD_STES_REVISIONS@DF_STES_REVISIONS(4.0),Short-term economic statistics revisions,I,USA,United States,M,Monthly,PRVM,Production volume,IX,Index,BTE,Industry (except construction),202405,May 2024,2023-07,,102.29,,A,Normal value,0,Units,1,One,2015,
DATAFLOW,OECD.SDD.STES:DSD_STES_REVISIONS@DF_STES_REVISIONS(4.0),Short-term economic statistics revisions,I,USA,United States,M,Monthly,PRVM,Production volume,IX,Index,BTE,Industry (except construction),202403,March 2024,2023-07,,102.29,,A,Normal value,0,Units,1,One,2015,
DATAFLOW,OECD.SDD.STES:DSD_STES_REVISIONS@DF_STES_REVISIONS(4.0),Short-term economic statistics revisions,I,USA,United States,M,Monthly,PRVM,Production volume,IX,Index,BTE,Industry (except construction),202401,January 2024,2023-06,,101.41,,A,Normal value,0,Units,1,One,2015,
DATAFLOW,OECD.SDD.STES:DSD_STES_REVISIONS@DF_STES_REVISIONS(4.0),Short-term economic statistics revisions,I,USA,United States,M,Monthly,PRVM,Production volume,IX,Index,BTE,Industry (except construction),202402,February 2024,2023-06,,101.41,,A,Normal value,0,Units,1,One,2015,
DATAFLOW,OECD.SDD.STES:DSD_STES_REVISIONS@DF_STES_REVISIONS(4.0),Short-term economic statistics revisions,I,USA,United States,M,Monthly,PRVM,Production volume,IX,Index,BTE,Industry (except construction),202411,November 2024,2023-06,,101.51,,A,Normal value,0,Units,1,One,2015,
DATAFLOW,OECD.SDD.STES:DSD_STES_REVISIONS@DF_STES_REVISIONS(4.0),Short-term economic statistics revisions,I,USA,United States,M,Monthly,PRVM,Production volume,IX,Index,BTE,Industry (except construction),202410,October 2024,2023-06,,101.51,,A,Normal value,0,Units,1,One,2015,
DATAFLOW,OECD.SDD.STES:DSD_STES_REVISIONS@DF_STES_REVISIONS(4.0),Short-term economic statistics revisions,I,USA,United States,M,Monthly,PRVM,Production volume,IX,Index,BTE,Industry (except construction),202408,August 2024,2023-06,,101.51,,A,Normal value,0,Units,1,One,2015,
DATAFLOW,OECD.SDD.STES:DSD_STES_REVISIONS@DF_STES_REVISIONS(4.0),Short-term economic statistics revisions,I,USA,United States,M,Monthly,PRVM,Production volume,IX,Index,BTE,Industry (except construction),202409,September 2024,2023-06,,101.51,,A,Normal value,0,Units,1,One,2015,
DATAFLOW,OECD.SDD.STES:DSD_STES_REVISIONS@DF_STES_REVISIONS(4.0),Short-term economic statistics revisions,I,USA,United States,M,Monthly,PRVM,Production volume,IX,Index,BTE,Industry (except construction),202407,July 2024,2023-06,,101.41,,A,Normal value,0,Units,1,One,2015,
DATAFLOW,OECD.SDD.STES:DSD_STES_REVISIONS@DF_STES_REVISIONS(4.0),Short-term economic statistics revisions,I,USA,United States,M,Monthly,PRVM,Production volume,IX,Index,BTE,Industry (except construction),202406,June 2024,2023-06,,101.41,,A,Normal value,0,Units,1,One,2015,
DATAFLOW,OECD.SDD.STES:DSD_STES_REVISIONS@DF_STES_REVISIONS(4.0),Short-term economic statistics revisions,I,USA,United States,M,Monthly,PRVM,Production volume,IX,Index,BTE,Industry (except construction),202404,April 2024,2023-06,,101.41,,A,Normal value,0,Units,1,One,2015,
DATAFLOW,OECD.SDD.STES:DSD_STES_REVISIONS@DF_STES_REVISIONS(4.0),Short-term economic statistics revisions,I,USA,United States,M,Monthly,PRVM,Production volume,IX,Index,BTE,Industry (except construction),202405,May 2024,2023-06,,101.41,,A,Normal value,0,Units,1,One,2015,
DATAFLOW,OECD.SDD.STES:DSD_STES_REVISIONS@DF_STES_REVISIONS(4.0),Short-term economic statistics revisions,I,USA,United States,M,Monthly,PRVM,Production volume,IX,Index,BTE,Industry (except construction),202403,March 2024,2023-06,,101.41,,A,Normal value,0,Units,1,One,2015,
DATAFLOW,OECD.SDD.STES:DSD_STES_REVISIONS@DF_STES_REVISIONS(4.0),Short-term economic statistics revisions,I,USA,United States,M,Monthly,PRVM,Production volume,IX,Index,BTE,Industry (except construction),202403,March 2024,2023-05,,102.03,,A,Normal value,0,Units,1,One,2015,
DATAFLOW,OECD.SDD.STES:DSD_STES_REVISIONS@DF_STES_REVISIONS(4.0),Short-term economic statistics revisions,I,USA,United States,M,Monthly,PRVM,Production volume,IX,Index,BTE,Industry (except construction),202405,May 2024,2023-05,,102.03,,A,Normal value,0,Units,1,One,2015,
DATAFLOW,OECD.SDD.STES:DSD_STES_REVISIONS@DF_STES_REVISIONS(4.0),Short-term economic statistics revisions,I,USA,United States,M,Monthly,PRVM,Production volume,IX,Index,BTE,Industry (except construction),202404,April 2024,2023-05,,102.03,,A,Normal value,0,Units,1,One,2015,
DATAFLOW,OECD.SDD.STES:DSD_STES_REVISIONS@DF_STES_REVISIONS(4.0),Short-term economic statistics revisions,I,USA,United States,M,Monthly,PRVM,Production volume,IX,Index,BTE,Industry (except construction),202406,June 2024,2023-05,,102.03,,A,Normal value,0,Units,1,One,2015,
DATAFLOW,OECD.SDD.STES:DSD_STES_REVISIONS@DF_STES_REVISIONS(4.0),Short-term economic statistics revisions,I,USA,United States,M,Monthly,PRVM,Production volume,IX,Index,BTE,Industry (except construction),202407,July 2024,2023-05,,102.03,,A,Normal value,0,Units,1,One,2015,
DATAFLOW,OECD.SDD.STES:DSD_STES_REVISIONS@DF_STES_REVISIONS(4.0),Short-term economic statistics revisions,I,USA,United States,M,Monthly,PRVM,Production volume,IX,Index,BTE,Industry (except construction),202409,September 2024,2023-05,,102.1,,A,Normal value,0,Units,1,One,2015,
DATAFLOW,OECD.SDD.STES:DSD_STES_REVISIONS@DF_STES_REVISIONS(4.0),Short-term economic statistics revisions,I,USA,United States,M,Monthly,PRVM,Production volume,IX,Index,BTE,Industry (except construction),202408,August 2024,2023-05,,102.1,,A,Normal value,0,Units,1,One,2015,
DATAFLOW,OECD.SDD.STES:DSD_STES_REVISIONS@DF_STES_REVISIONS(4.0),Short-term economic statistics revisions,I,USA,United States,M,Monthly,PRVM,Production volume,IX,Index,BTE,Industry (except construction),202410,October 2024,2023-05,,102.1,,A,Normal value,0,Units,1,One,2015,
DATAFLOW,OECD.SDD.STES:DSD_STES_REVISIONS@DF_STES_REVISIONS(4.0),Short-term economic statistics revisions,I,USA,United States,M,Monthly,PRVM,Production volume,IX,Index,BTE,Industry (except construction),202411,November 2024,2023-05,,102.1,,A,Normal value,0,Units,1,One,2015,
DATAFLOW,OECD.SDD.STES:DSD_STES_REVISIONS@DF_STES_REVISIONS(4.0),Short-term economic statistics revisions,I,USA,United States,M,Monthly,PRVM,Production volume,IX,Index,BTE,Industry (except construction),202402,February 2024,2023-05,,102.03,,A,Normal value,0,Units,1,One,2015,
DATAFLOW,OECD.SDD.STES:DSD_STES_REVISIONS@DF_STES_REVISIONS(4.0),Short-term economic statistics revisions,I,USA,United States,M,Monthly,PRVM,Production volume,IX,Index,BTE,Industry (except construction),202401,January 2024,2023-05,,102.03,,A,Normal value,0,Units,1,One,2015,
DATAFLOW,OECD.SDD.STES:DSD_STES_REVISIONS@DF_STES_REVISIONS(4.0),Short-term economic statistics revisions,I,USA,United States,M,Monthly,PRVM,Production volume,IX,Index,BTE,Industry (except construction),202401,January 2024,2023-04,,102.25,,A,Normal value,0,Units,1,One,2015,
DATAFLOW,OECD.SDD.STES:DSD_STES_REVISIONS@DF_STES_REVISIONS(4.0),Short-term economic statistics revisions,I,USA,United States,M,Monthly,PRVM,Production volume,IX,Index,BTE,Industry (except construction),202402,February 2024,2023-04,,102.25,,A,Normal value,0,Units,1,One,2015,
DATAFLOW,OECD.SDD.STES:DSD_STES_REVISIONS@DF_STES_REVISIONS(4.0),Short-term economic statistics revisions,I,USA,United States,M,Monthly,PRVM,Production volume,IX,Index,BTE,Industry (except construction),202411,November 2024,2023-04,,102.34,,A,Normal value,0,Units,1,One,2015,
DATAFLOW,OECD.SDD.STES:DSD_STES_REVISIONS@DF_STES_REVISIONS(4.0),Short-term economic statistics revisions,I,USA,United States,M,Monthly,PRVM,Production volume,IX,Index,BTE,Industry (except construction),202410,October 2024,2023-04,,102.34,,A,Normal value,0,Units,1,One,2015,
DATAFLOW,OECD.SDD.STES:DSD_STES_REVISIONS@DF_STES_REVISIONS(4.0),Short-term economic statistics revisions,I,USA,United States,M,Monthly,PRVM,Production volume,IX,Index,BTE,Industry (except construction),202408,August 2024,2023-04,,102.34,,A,Normal value,0,Units,1,One,2015,
DATAFLOW,OECD.SDD.STES:DSD_STES_REVISIONS@DF_STES_REVISIONS(4.0),Short-term economic statistics revisions,I,USA,United States,M,Monthly,PRVM,Production volume,IX,Index,BTE,Industry (except construction),202409,September 2024,2023-04,,102.34,,A,Normal value,0,Units,1,One,2015,
DATAFLOW,OECD.SDD.STES:DSD_STES_REVISIONS@DF_STES_REVISIONS(4.0),Short-term economic statistics revisions,I,USA,United States,M,Monthly,PRVM,Production volume,IX,Index,BTE,Industry (except construction),202407,July 2024,2023-04,,102.25,,A,Normal value,0,Units,1,One,2015,
DATAFLOW,OECD.SDD.STES:DSD_STES_REVISIONS@DF_STES_REVISIONS(4.0),Short-term economic statistics revisions,I,USA,United States,M,Monthly,PRVM,Production volume,IX,Index,BTE,Industry (except construction),202406,June 2024,2023-04,,102.25,,A,Normal value,0,Units,1,One,2015,
DATAFLOW,OECD.SDD.STES:DSD_STES_REVISIONS@DF_STES_REVISIONS(4.0),Short-term economic statistics revisions,I,USA,United States,M,Monthly,PRVM,Production volume,IX,Index,BTE,Industry (except construction),202404,April 2024,2023-04,,102.25,,A,Normal value,0,Units,1,One,2015,
DATAFLOW,OECD.SDD.STES:DSD_STES_REVISIONS@DF_STES_REVISIONS(4.0),Short-term economic statistics revisions,I,USA,United States,M,Monthly,PRVM,Production volume,IX,Index,BTE,Industry (except construction),202405,May 2024,2023-04,,102.25,,A,Normal value,0,Units,1,One,2015,
DATAFLOW,OECD.SDD.STES:DSD_STES_REVISIONS@DF_STES_REVISIONS(4.0),Short-term economic statistics revisions,I,USA,United States,M,Monthly,PRVM,Production volume,IX,Index,BTE,Industry (except construction),202403,March 2024,2023-04,,102.25,,A,Normal value,0,Units,1,One,2015,
DATAFLOW,OECD.SDD.STES:DSD_STES_REVISIONS@DF_STES_REVISIONS(4.0),Short-term economic statistics revisions,I,USA,United States,M,Monthly,PRVM,Production volume,IX,Index,BTE,Industry (except construction),202401,January 2024,2023-03,,101.76,,A,Normal value,0,Units,1,One,2015,
DATAFLOW,OECD.SDD.STES:DSD_STES_REVISIONS@DF_STES_REVISIONS(4.0),Short-term economic statistics revisions,I,USA,United States,M,Monthly,PRVM,Production volume,IX,Index,BTE,Industry (except construction),202402,February 2024,2023-03,,101.76,,A,Normal value,0,Units,1,One,2015,
DATAFLOW,OECD.SDD.STES:DSD_STES_REVISIONS@DF_STES_REVISIONS(4.0),Short-term economic statistics revisions,I,USA,United States,M,Monthly,PRVM,Production volume,IX,Index,BTE,Industry (except construction),202411,November 2024,2023-03,,101.94,,A,Normal value,0,Units,1,One,2015,
DATAFLOW,OECD.SDD.STES:DSD_STES_REVISIONS@DF_STES_REVISIONS(4.0),Short-term economic statistics revisions,I,USA,United States,M,Monthly,PRVM,Production volume,IX,Index,BTE,Industry (except construction),202410,October 2024,2023-03,,101.94,,A,Normal value,0,Units,1,One,2015,
DATAFLOW,OECD.SDD.STES:DSD_STES_REVISIONS@DF_STES_REVISIONS(4.0),Short-term economic statistics revisions,I,USA,United States,M,Monthly,PRVM,Production volume,IX,Index,BTE,Industry (except construction),202408,August 2024,2023-03,,101.94,,A,Normal value,0,Units,1,One,2015,
DATAFLOW,OECD.SDD.STES:DSD_STES_REVISIONS@DF_STES_REVISIONS(4.0),Short-term economic statistics revisions,I,USA,United States,M,Monthly,PRVM,Production volume,IX,Index,BTE,Industry (except construction),202409,September 2024,2023-03,,101.94,,A,Normal value,0,Units,1,One,2015,
DATAFLOW,OECD.SDD.STES:DSD_STES_REVISIONS@DF_STES_REVISIONS(4.0),Short-term economic statistics revisions,I,USA,United States,M,Monthly,PRVM,Production volume,IX,Index,BTE,Industry (except construction),202407,July 2024,2023-03,,101.76,,A,Normal value,0,Units,1,One,2015,
DATAFLOW,OECD.SDD.STES:DSD_STES_REVISIONS@DF_STES_REVISIONS(4.0),Short-term economic statistics revisions,I,USA,United States,M,Monthly,PRVM,Production volume,IX,Index,BTE,Industry (except construction),202406,June 2024,2023-03,,101.76,,A,Normal value,0,Units,1,One,2015,
DATAFLOW,OECD.SDD.STES:DSD_STES_REVISIONS@DF_STES_REVISIONS(4.0),Short-term economic statistics revisions,I,USA,United States,M,Monthly,PRVM,Production volume,IX,Index,BTE,Industry (except construction),202404,April 2024,2023-03,,101.76,,A,Normal value,0,Units,1,One,2015,
DATAFLOW,OECD.SDD.STES:DSD_STES_REVISIONS@DF_STES_REVISIONS(4.0),Short-term economic statistics revisions,I,USA,United States,M,Monthly,PRVM,Production volume,IX,Index,BTE,Industry (except construction),202405,May 2024,2023-03,,101.76,,A,Normal value,0,Units,1,One,2015,
DATAFLOW,OECD.SDD.STES:DSD_STES_REVISIONS@DF_STES_REVISIONS(4.0),Short-term economic statistics revisions,I,USA,United States,M,Monthly,PRVM,Production volume,IX,Index,BTE,Industry (except construction),202403,March 2024,2023-03,,101.76,,A,Normal value,0,Units,1,One,2015,
DATAFLOW,OECD.SDD.STES:DSD_STES_REVISIONS@DF_STES_REVISIONS(4.0),Short-term economic statistics revisions,I,USA,United States,M,Monthly,PRVM,Production volume,IX,Index,BTE,Industry (except construction),202403,March 2024,2023-02,,101.67,,A,Normal value,0,Units,1,One,2015,
DATAFLOW,OECD.SDD.STES:DSD_STES_REVISIONS@DF_STES_REVISIONS(4.0),Short-term economic statistics revisions,I,USA,United States,M,Monthly,PRVM,Production volume,IX,Index,BTE,Industry (except construction),202405,May 2024,2023-02,,101.67,,A,Normal value,0,Units,1,One,2015,
DATAFLOW,OECD.SDD.STES:DSD_STES_REVISIONS@DF_STES_REVISIONS(4.0),Short-term economic statistics revisions,I,USA,United States,M,Monthly,PRVM,Production volume,IX,Index,BTE,Industry (except construction),202404,April 2024,2023-02,,101.67,,A,Normal value,0,Units,1,One,2015,
DATAFLOW,OECD.SDD.STES:DSD_STES_REVISIONS@DF_STES_REVISIONS(4.0),Short-term economic statistics revisions,I,USA,United States,M,Monthly,PRVM,Production volume,IX,Index,BTE,Industry (except construction),202406,June 2024,2023-02,,101.67,,A,Normal value,0,Units,1,One,2015,
DATAFLOW,OECD.SDD.STES:DSD_STES_REVISIONS@DF_STES_REVISIONS(4.0),Short-term economic statistics revisions,I,USA,United States,M,Monthly,PRVM,Production volume,IX,Index,BTE,Industry (except construction),202407,July 2024,2023-02,,101.67,,A,Normal value,0,Units,1,One,2015,
DATAFLOW,OECD.SDD.STES:DSD_STES_REVISIONS@DF_STES_REVISIONS(4.0),Short-term economic statistics revisions,I,USA,United States,M,Monthly,PRVM,Production volume,IX,Index,BTE,Industry (except construction),202409,September 2024,2023-02,,101.92,,A,Normal value,0,Units,1,One,2015,
DATAFLOW,OECD.SDD.STES:DSD_STES_REVISIONS@DF_STES_REVISIONS(4.0),Short-term economic statistics revisions,I,USA,United States,M,Monthly,PRVM,Production volume,IX,Index,BTE,Industry (except construction),202408,August 2024,2023-02,,101.92,,A,Normal value,0,Units,1,One,2015,
DATAFLOW,OECD.SDD.STES:DSD_STES_REVISIONS@DF_STES_REVISIONS(4.0),Short-term economic statistics revisions,I,USA,United States,M,Monthly,PRVM,Production volume,IX,Index,BTE,Industry (except construction),202410,October 2024,2023-02,,101.92,,A,Normal value,0,Units,1,One,2015,
DATAFLOW,OECD.SDD.STES:DSD_STES_REVISIONS@DF_STES_REVISIONS(4.0),Short-term economic statistics revisions,I,USA,United States,M,Monthly,PRVM,Production volume,IX,Index,BTE,Industry (except construction),202411,November 2024,2023-02,,101.92,,A,Normal value,0,Units,1,One,2015,
DATAFLOW,OECD.SDD.STES:DSD_STES_REVISIONS@DF_STES_REVISIONS(4.0),Short-term economic statistics revisions,I,USA,United States,M,Monthly,PRVM,Production volume,IX,Index,BTE,Industry (except construction),202402,February 2024,2023-02,,101.67,,A,Normal value,0,Units,1,One,2015,
DATAFLOW,OECD.SDD.STES:DSD_STES_REVISIONS@DF_STES_REVISIONS(4.0),Short-term economic statistics revisions,I,USA,United States,M,Monthly,PRVM,Production volume,IX,Index,BTE,Industry (except construction),202401,January 2024,2023-02,,101.67,,A,Normal value,0,Units,1,One,2015,
DATAFLOW,OECD.SDD.STES:DSD_STES_REVISIONS@DF_STES_REVISIONS(4.0),Short-term economic statistics revisions,I,USA,United States,M,Monthly,PRVM,Production volume,IX,Index,BTE,Industry (except construction),202401,January 2024,2023-01,,101.65,,A,Normal value,0,Units,1,One,2015,
DATAFLOW,OECD.SDD.STES:DSD_STES_REVISIONS@DF_STES_REVISIONS(4.0),Short-term economic statistics revisions,I,USA,United States,M,Monthly,PRVM,Production volume,IX,Index,BTE,Industry (except construction),202402,February 2024,2023-01,,101.65,,A,Normal value,0,Units,1,One,2015,
DATAFLOW,OECD.SDD.STES:DSD_STES_REVISIONS@DF_STES_REVISIONS(4.0),Short-term economic statistics revisions,I,USA,United States,M,Monthly,PRVM,Production volume,IX,Index,BTE,Industry (except construction),202411,November 2024,2023-01,,101.87,,A,Normal value,0,Units,1,One,2015,
DATAFLOW,OECD.SDD.STES:DSD_STES_REVISIONS@DF_STES_REVISIONS(4.0),Short-term economic statistics revisions,I,USA,United States,M,Monthly,PRVM,Production volume,IX,Index,BTE,Industry (except construction),202410,October 2024,2023-01,,101.87,,A,Normal value,0,Units,1,One,2015,
DATAFLOW,OECD.SDD.STES:DSD_STES_REVISIONS@DF_STES_REVISIONS(4.0),Short-term economic statistics revisions,I,USA,United States,M,Monthly,PRVM,Production volume,IX,Index,BTE,Industry (except construction),202408,August 2024,2023-01,,101.87,,A,Normal value,0,Units,1,One,2015,
DATAFLOW,OECD.SDD.STES:DSD_STES_REVISIONS@DF_STES_REVISIONS(4.0),Short-term economic statistics revisions,I,USA,United States,M,Monthly,PRVM,Production volume,IX,Index,BTE,Industry (except construction),202409,September 2024,2023-01,,101.87,,A,Normal value,0,Units,1,One,2015,
DATAFLOW,OECD.SDD.STES:DSD_STES_REVISIONS@DF_STES_REVISIONS(4.0),Short-term economic statistics revisions,I,USA,United States,M,Monthly,PRVM,Production volume,IX,Index,BTE,Industry (except construction),202407,July 2024,2023-01,,101.65,,A,Normal value,0,Units,1,One,2015,
DATAFLOW,OECD.SDD.STES:DSD_STES_REVISIONS@DF_STES_REVISIONS(4.0),Short-term economic statistics revisions,I,USA,United States,M,Monthly,PRVM,Production volume,IX,Index,BTE,Industry (except construction),202406,June 2024,2023-01,,101.65,,A,Normal value,0,Units,1,One,2015,
DATAFLOW,OECD.SDD.STES:DSD_STES_REVISIONS@DF_STES_REVISIONS(4.0),Short-term economic statistics revisions,I,USA,United States,M,Monthly,PRVM,Production volume,IX,Index,BTE,Industry (except construction),202404,April 2024,2023-01,,101.65,,A,Normal value,0,Units,1,One,2015,
DATAFLOW,OECD.SDD.STES:DSD_STES_REVISIONS@DF_STES_REVISIONS(4.0),Short-term economic statistics revisions,I,USA,United States,M,Monthly,PRVM,Production volume,IX,Index,BTE,Industry (except construction),202405,May 2024,2023-01,,101.65,,A,Normal value,0,Units,1,One,2015,
DATAFLOW,OECD.SDD.STES:DSD_STES_REVISIONS@DF_STES_REVISIONS(4.0),Short-term economic statistics revisions,I,USA,United States,M,Monthly,PRVM,Production volume,IX,Index,BTE,Industry (except construction),202403,March 2024,2023-01,,101.65,,A,Normal value,0,Units,1,One,2015,
DATAFLOW,OECD.SDD.STES:DSD_STES_REVISIONS@DF_STES_REVISIONS(4.0),Short-term economic statistics revisions,I,USA,United States,M,Monthly,PRVM,Production volume,IX,Index,BTE,Industry (except construction),202401,January 2024,2022-12,,100.6,,A,Normal value,0,Units,1,One,2015,
DATAFLOW,OECD.SDD.STES:DSD_STES_REVISIONS@DF_STES_REVISIONS(4.0),Short-term economic statistics revisions,I,USA,United States,M,Monthly,PRVM,Production volume,IX,Index,BTE,Industry (except construction),202402,February 2024,2022-12,,100.6,,A,Normal value,0,Units,1,One,2015,
DATAFLOW,OECD.SDD.STES:DSD_STES_REVISIONS@DF_STES_REVISIONS(4.0),Short-term economic statistics revisions,I,USA,United States,M,Monthly,PRVM,Production volume,IX,Index,BTE,Industry (except construction),202411,November 2024,2022-12,,100.96,,A,Normal value,0,Units,1,One,2015,
DATAFLOW,OECD.SDD.STES:DSD_STES_REVISIONS@DF_STES_REVISIONS(4.0),Short-term economic statistics revisions,I,USA,United States,M,Monthly,PRVM,Production volume,IX,Index,BTE,Industry (except construction),202410,October 2024,2022-12,,100.96,,A,Normal value,0,Units,1,One,2015,
DATAFLOW,OECD.SDD.STES:DSD_STES_REVISIONS@DF_STES_REVISIONS(4.0),Short-term economic statistics revisions,I,USA,United States,M,Monthly,PRVM,Production volume,IX,Index,BTE,Industry (except construction),202408,August 2024,2022-12,,100.96,,A,Normal value,0,Units,1,One,2015,
DATAFLOW,OECD.SDD.STES:DSD_STES_REVISIONS@DF_STES_REVISIONS(4.0),Short-term economic statistics revisions,I,USA,United States,M,Monthly,PRVM,Production volume,IX,Index,BTE,Industry (except construction),202409,September 2024,2022-12,,100.96,,A,Normal value,0,Units,1,One,2015,
DATAFLOW,OECD.SDD.STES:DSD_STES_REVISIONS@DF_STES_REVISIONS(4.0),Short-term economic statistics revisions,I,USA,United States,M,Monthly,PRVM,Production volume,IX,Index,BTE,Industry (except construction),202407,July 2024,2022-12,,100.6,,A,Normal value,0,Units,1,One,2015,
DATAFLOW,OECD.SDD.STES:DSD_STES_REVISIONS@DF_STES_REVISIONS(4.0),Short-term economic statistics revisions,I,USA,United States,M,Monthly,PRVM,Production volume,IX,Index,BTE,Industry (except construction),202406,June 2024,2022-12,,100.6,,A,Normal value,0,Units,1,One,2015,
DATAFLOW,OECD.SDD.STES:DSD_STES_REVISIONS@DF_STES_REVISIONS(4.0),Short-term economic statistics revisions,I,USA,United States,M,Monthly,PRVM,Production volume,IX,Index,BTE,Industry (except construction),202404,April 2024,2022-12,,100.6,,A,Normal value,0,Units,1,One,2015,
DATAFLOW,OECD.SDD.STES:DSD_STES_REVISIONS@DF_STES_REVISIONS(4.0),Short-term economic statistics revisions,I,USA,United States,M,Monthly,PRVM,Production volume,IX,Index,BTE,Industry (except construction),202405,May 2024,2022-12,,100.6,,A,Normal value,0,Units,1,One,2015,
DATAFLOW,OECD.SDD.STES:DSD_STES_REVISIONS@DF_STES_REVISIONS(4.0),Short-term economic statistics revisions,I,USA,United States,M,Monthly,PRVM,Production volume,IX,Index,BTE,Industry (except construction),202403,March 2024,2022-12,,100.6,,A,Normal value,0,Units,1,One,2015,
DATAFLOW,OECD.SDD.STES:DSD_STES_REVISIONS@DF_STES_REVISIONS(4.0),Short-term economic statistics revisions,I,USA,United States,M,Monthly,PRVM,Production volume,IX,Index,BTE,Industry (except construction),202403,March 2024,2022-11,,102.17,,A,Normal value,0,Units,1,One,2015,
DATAFLOW,OECD.SDD.STES:DSD_STES_REVISIONS@DF_STES_REVISIONS(4.0),Short-term economic statistics revisions,I,USA,United States,M,Monthly,PRVM,Production volume,IX,Index,BTE,Industry (except construction),202405,May 2024,2022-11,,102.17,,A,Normal value,0,Units,1,One,2015,
DATAFLOW,OECD.SDD.STES:DSD_STES_REVISIONS@DF_STES_REVISIONS(4.0),Short-term economic statistics revisions,I,USA,United States,M,Monthly,PRVM,Production volume,IX,Index,BTE,Industry (except construction),202404,April 2024,2022-11,,102.17,,A,Normal value,0,Units,1,One,2015,
DATAFLOW,OECD.SDD.STES:DSD_STES_REVISIONS@DF_STES_REVISIONS(4.0),Short-term economic statistics revisions,I,USA,United States,M,Monthly,PRVM,Production volume,IX,Index,BTE,Industry (except construction),202406,June 2024,2022-11,,102.17,,A,Normal value,0,Units,1,One,2015,
DATAFLOW,OECD.SDD.STES:DSD_STES_REVISIONS@DF_STES_REVISIONS(4.0),Short-term economic statistics revisions,I,USA,United States,M,Monthly,PRVM,Production volume,IX,Index,BTE,Industry (except construction),202407,July 2024,2022-11,,102.17,,A,Normal value,0,Units,1,One,2015,
DATAFLOW,OECD.SDD.STES:DSD_STES_REVISIONS@DF_STES_REVISIONS(4.0),Short-term economic statistics revisions,I,USA,United States,M,Monthly,PRVM,Production volume,IX,Index,BTE,Industry (except construction),202504,April 2025,2020-11,,96.12,,A,Normal value,0,Units,1,One,2015,
DATAFLOW,OECD.SDD.STES:DSD_STES_REVISIONS@DF_STES_REVISIONS(4.0),Short-term economic statistics revisions,I,USA,United States,M,Monthly,PRVM,Production volume,IX,Index,BTE,Industry (except construction),202504,April 2025,2020-10,,95.7,,A,Normal value,0,Units,1,One,2015,
DATAFLOW,OECD.SDD.STES:DSD_STES_REVISIONS@DF_STES_REVISIONS(4.0),Short-term economic statistics revisions,I,USA,United States,M,Monthly,PRVM,Production volume,IX,Index,BTE,Industry (except construction),202504,April 2025,2020-09,,95.07,,A,Normal value,0,Units,1,One,2015,
DATAFLOW,OECD.SDD.STES:DSD_STES_REVISIONS@DF_STES_REVISIONS(4.0),Short-term economic statistics revisions,I,USA,United States,M,Monthly,PRVM,Production volume,IX,Index,BTE,Industry (except construction),202504,April 2025,2020-08,,95.11,,A,Normal value,0,Units,1,One,2015,
DATAFLOW,OECD.SDD.STES:DSD_STES_REVISIONS@DF_STES_REVISIONS(4.0),Short-term economic statistics revisions,I,USA,United States,M,Monthly,PRVM,Production volume,IX,Index,BTE,Industry (except construction),202504,April 2025,2020-07,,94.19,,A,Normal value,0,Units,1,One,2015,
DATAFLOW,OECD.SDD.STES:DSD_STES_REVISIONS@DF_STES_REVISIONS(4.0),Short-term economic statistics revisions,I,USA,United States,M,Monthly,PRVM,Production volume,IX,Index,BTE,Industry (except construction),202504,April 2025,2020-06,,90.89,,A,Normal value,0,Units,1,One,2015,
DATAFLOW,OECD.SDD.STES:DSD_STES_REVISIONS@DF_STES_REVISIONS(4.0),Short-term economic statistics revisions,I,USA,United States,M,Monthly,PRVM,Production volume,IX,Index,BTE,Industry (except construction),202504,April 2025,2020-05,,85.28,,A,Normal value,0,Units,1,One,2015,
DATAFLOW,OECD.SDD.STES:DSD_STES_REVISIONS@DF_STES_REVISIONS(4.0),Short-term economic statistics revisions,I,USA,United States,M,Monthly,PRVM,Production volume,IX,Index,BTE,Industry (except construction),202504,April 2025,2020-04,,83.96,,A,Normal value,0,Units,1,One,2015,
DATAFLOW,OECD.SDD.STES:DSD_STES_REVISIONS@DF_STES_REVISIONS(4.0),Short-term economic statistics revisions,I,USA,United States,M,Monthly,PRVM,Production volume,IX,Index,BTE,Industry (except construction),202504,April 2025,2020-03,,96.77,,A,Normal value,0,Units,1,One,2015,
DATAFLOW,OECD.SDD.STES:DSD_STES_REVISIONS@DF_STES_REVISIONS(4.0),Short-term economic statistics revisions,I,USA,United States,M,Monthly,PRVM,Production volume,IX,Index,BTE,Industry (except construction),202504,April 2025,2020-02,,100.8,,A,Normal value,0,Units,1,One,2015,
DATAFLOW,OECD.SDD.STES:DSD_STES_REVISIONS@DF_STES_REVISIONS(4.0),Short-term economic statistics revisions,I,USA,United States,M,Monthly,PRVM,Production volume,IX,Index,BTE,Industry (except construction),202504,April 2025,2020-01,,100.47,,A,Normal value,0,Units,1,One,2015,
DATAFLOW,OECD.SDD.STES:DSD_STES_REVISIONS@DF_STES_REVISIONS(4.0),Short-term economic statistics revisions,I,USA,United States,M,Monthly,PRVM,Production volume,IX,Index,BTE,Industry (except construction),202501,January 2025,2024-11,,101.09,,A,Normal value,0,Units,1,One,2015,
DATAFLOW,OECD.SDD.STES:DSD_STES_REVISIONS@DF_STES_REVISIONS(4.0),Short-term economic statistics revisions,I,USA,United States,M,Monthly,PRVM,Production volume,IX,Index,BTE,Industry (except construction),202501,January 2025,2024-10,,101.24,,A,Normal value,0,Units,1,One,2015,
DATAFLOW,OECD.SDD.STES:DSD_STES_REVISIONS@DF_STES_REVISIONS(4.0),Short-term economic statistics revisions,I,USA,United States,M,Monthly,PRVM,Production volume,IX,Index,BTE,Industry (except construction),202501,January 2025,2024-09,,101.65,,A,Normal value,0,Units,1,One,2015,
DATAFLOW,OECD.SDD.STES:DSD_STES_REVISIONS@DF_STES_REVISIONS(4.0),Short-term economic statistics revisions,I,USA,United States,M,Monthly,PRVM,Production volume,IX,Index,BTE,Industry (except construction),202501,January 2025,2024-08,,102.2,,A,Normal value,0,Units,1,One,2015,
DATAFLOW,OECD.SDD.STES:DSD_STES_REVISIONS@DF_STES_REVISIONS(4.0),Short-term economic statistics revisions,I,USA,United States,M,Monthly,PRVM,Production volume,IX,Index,BTE,Industry (except construction),202501,January 2025,2024-07,,101.66,,A,Normal value,0,Units,1,One,2015,
DATAFLOW,OECD.SDD.STES:DSD_STES_REVISIONS@DF_STES_REVISIONS(4.0),Short-term economic statistics revisions,I,USA,United States,M,Monthly,PRVM,Production volume,IX,Index,BTE,Industry (except construction),202501,January 2025,2024-06,,102.37,,A,Normal value,0,Units,1,One,2015,
DATAFLOW,OECD.SDD.STES:DSD_STES_REVISIONS@DF_STES_REVISIONS(4.0),Short-term economic statistics revisions,I,USA,United States,M,Monthly,PRVM,Production volume,IX,Index,BTE,Industry (except construction),202501,January 2025,2024-05,,102.1,,A,Normal value,0,Units,1,One,2015,
DATAFLOW,OECD.SDD.STES:DSD_STES_REVISIONS@DF_STES_REVISIONS(4.0),Short-term economic statistics revisions,I,USA,United States,M,Monthly,PRVM,Production volume,IX,Index,BTE,Industry (except construction),202501,January 2025,2024-04,,101.48,,A,Normal value,0,Units,1,One,2015,
DATAFLOW,OECD.SDD.STES:DSD_STES_REVISIONS@DF_STES_REVISIONS(4.0),Short-term economic statistics revisions,I,USA,United States,M,Monthly,PRVM,Production volume,IX,Index,BTE,Industry (except construction),202501,January 2025,2024-03,,101.64,,A,Normal value,0,Units,1,One,2015,
DATAFLOW,OECD.SDD.STES:DSD_STES_REVISIONS@DF_STES_REVISIONS(4.0),Short-term economic statistics revisions,I,USA,United States,M,Monthly,PRVM,Production volume,IX,Index,BTE,Industry (except construction),202501,January 2025,2024-02,,101.85,,A,Normal value,0,Units,1,One,2015,
DATAFLOW,OECD.SDD.STES:DSD_STES_REVISIONS@DF_STES_REVISIONS(4.0),Short-term economic statistics revisions,I,USA,United States,M,Monthly,PRVM,Production volume,IX,Index,BTE,Industry (except construction),202501,January 2025,2024-01,,100.62,,A,Normal value,0,Units,1,One,2015,
DATAFLOW,OECD.SDD.STES:DSD_STES_REVISIONS@DF_STES_REVISIONS(4.0),Short-term economic statistics revisions,I,USA,United States,M,Monthly,PRVM,Production volume,IX,Index,BTE,Industry (except construction),202501,January 2025,2023-12,,101.75,,A,Normal value,0,Units,1,One,2015,
DATAFLOW,OECD.SDD.STES:DSD_STES_REVISIONS@DF_STES_REVISIONS(4.0),Short-term economic statistics revisions,I,USA,United States,M,Monthly,PRVM,Production volume,IX,Index,BTE,Industry (except construction),202501,January 2025,2023-11,,102.01,,A,Normal value,0,Units,1,One,2015,
DATAFLOW,OECD.SDD.STES:DSD_STES_REVISIONS@DF_STES_REVISIONS(4.0),Short-term economic statistics revisions,I,USA,United States,M,Monthly,PRVM,Production volume,IX,Index,BTE,Industry (except construction),202501,January 2025,2023-10,,101.7,,A,Normal value,0,Units,1,One,2015,
DATAFLOW,OECD.SDD.STES:DSD_STES_REVISIONS@DF_STES_REVISIONS(4.0),Short-term economic statistics revisions,I,USA,United States,M,Monthly,PRVM,Production volume,IX,Index,BTE,Industry (except construction),202501,January 2025,2023-09,,102.42,,A,Normal value,0,Units,1,One,2015,
DATAFLOW,OECD.SDD.STES:DSD_STES_REVISIONS@DF_STES_REVISIONS(4.0),Short-term economic statistics revisions,I,USA,United States,M,Monthly,PRVM,Production volume,IX,Index,BTE,Industry (except construction),202501,January 2025,2023-08,,102.21,,A,Normal value,0,Units,1,One,2015,
DATAFLOW,OECD.SDD.STES:DSD_STES_REVISIONS@DF_STES_REVISIONS(4.0),Short-term economic statistics revisions,I,USA,United States,M,Monthly,PRVM,Production volume,IX,Index,BTE,Industry (except construction),202501,January 2025,2023-07,,102.19,,A,Normal value,0,Units,1,One,2015,
DATAFLOW,OECD.SDD.STES:DSD_STES_REVISIONS@DF_STES_REVISIONS(4.0),Short-term economic statistics revisions,I,USA,United States,M,Monthly,PRVM,Production volume,IX,Index,BTE,Industry (except construction),202501,January 2025,2023-06,,101.51,,A,Normal value,0,Units,1,One,2015,
DATAFLOW,OECD.SDD.STES:DSD_STES_REVISIONS@DF_STES_REVISIONS(4.0),Short-term economic statistics revisions,I,USA,United States,M,Monthly,PRVM,Production volume,IX,Index,BTE,Industry (except construction),202501,January 2025,2023-05,,102.1,,A,Normal value,0,Units,1,One,2015,
DATAFLOW,OECD.SDD.STES:DSD_STES_REVISIONS@DF_STES_REVISIONS(4.0),Short-term economic statistics revisions,I,USA,United States,M,Monthly,PRVM,Production volume,IX,Index,BTE,Industry (except construction),202501,January 2025,2023-04,,102.34,,A,Normal value,0,Units,1,One,2015,
DATAFLOW,OECD.SDD.STES:DSD_STES_REVISIONS@DF_STES_REVISIONS(4.0),Short-term economic statistics revisions,I,USA,United States,M,Monthly,PRVM,Production volume,IX,Index,BTE,Industry (except construction),202501,January 2025,2023-03,,101.94,,A,Normal value,0,Units,1,One,2015,
DATAFLOW,OECD.SDD.STES:DSD_STES_REVISIONS@DF_STES_REVISIONS(4.0),Short-term economic statistics revisions,I,USA,United States,M,Monthly,PRVM,Production volume,IX,Index,BTE,Industry (except construction),202501,January 2025,2023-02,,101.92,,A,Normal value,0,Units,1,One,2015,
DATAFLOW,OECD.SDD.STES:DSD_STES_REVISIONS@DF_STES_REVISIONS(4.0),Short-term economic statistics revisions,I,USA,United States,M,Monthly,PRVM,Production volume,IX,Index,BTE,Industry (except construction),202501,January 2025,2023-01,,101.87,,A,Normal value,0,Units,1,One,2015,
DATAFLOW,OECD.SDD.STES:DSD_STES_REVISIONS@DF_STES_REVISIONS(4.0),Short-term economic statistics revisions,I,USA,United States,M,Monthly,PRVM,Production volume,IX,Index,BTE,Industry (except construction),202501,January 2025,2022-12,,100.96,,A,Normal value,0,Units,1,One,2015,
DATAFLOW,OECD.SDD.STES:DSD_STES_REVISIONS@DF_STES_REVISIONS(4.0),Short-term economic statistics revisions,I,USA,United States,M,Monthly,PRVM,Production volume,IX,Index,BTE,Industry (except construction),202501,January 2025,2022-11,,102.22,,A,Normal value,0,Units,1,One,2015,
DATAFLOW,OECD.SDD.STES:DSD_STES_REVISIONS@DF_STES_REVISIONS(4.0),Short-term economic statistics revisions,I,USA,United States,M,Monthly,PRVM,Production volume,IX,Index,BTE,Industry (except construction),202501,January 2025,2022-10,,102.56,,A,Normal value,0,Units,1,One,2015,
DATAFLOW,OECD.SDD.STES:DSD_STES_REVISIONS@DF_STES_REVISIONS(4.0),Short-term economic statistics revisions,I,USA,United States,M,Monthly,PRVM,Production volume,IX,Index,BTE,Industry (except construction),202501,January 2025,2022-09,,102.65,,A,Normal value,0,Units,1,One,2015,
DATAFLOW,OECD.SDD.STES:DSD_STES_REVISIONS@DF_STES_REVISIONS(4.0),Short-term economic statistics revisions,I,USA,United States,M,Monthly,PRVM,Production volume,IX,Index,BTE,Industry (except construction),202501,January 2025,2022-08,,102.29,,A,Normal value,0,Units,1,One,2015,
DATAFLOW,OECD.SDD.STES:DSD_STES_REVISIONS@DF_STES_REVISIONS(4.0),Short-term economic statistics revisions,I,USA,United States,M,Monthly,PRVM,Production volume,IX,Index,BTE,Industry (except construction),202501,January 2025,2022-07,,102.17,,A,Normal value,0,Units,1,One,2015,
DATAFLOW,OECD.SDD.STES:DSD_STES_REVISIONS@DF_STES_REVISIONS(4.0),Short-term economic statistics revisions,I,USA,United States,M,Monthly,PRVM,Production volume,IX,Index,BTE,Industry (except construction),202501,January 2025,2022-06,,101.94,,A,Normal value,0,Units,1,One,2015,
DATAFLOW,OECD.SDD.STES:DSD_STES_REVISIONS@DF_STES_REVISIONS(4.0),Short-term economic statistics revisions,I,USA,United States,M,Monthly,PRVM,Production volume,IX,Index,BTE,Industry (except construction),202501,January 2025,2022-05,,102.09,,A,Normal value,0,Units,1,One,2015,
DATAFLOW,OECD.SDD.STES:DSD_STES_REVISIONS@DF_STES_REVISIONS(4.0),Short-term economic statistics revisions,I,USA,United States,M,Monthly,PRVM,Production volume,IX,Index,BTE,Industry (except construction),202501,January 2025,2022-04,,102.02,,A,Normal value,0,Units,1,One,2015,
DATAFLOW,OECD.SDD.STES:DSD_STES_REVISIONS@DF_STES_REVISIONS(4.0),Short-term economic statistics revisions,I,USA,United States,M,Monthly,PRVM,Production volume,IX,Index,BTE,Industry (except construction),202501,January 2025,2022-03,,101.8,,A,Normal value,0,Units,1,One,2015,
DATAFLOW,OECD.SDD.STES:DSD_STES_REVISIONS@DF_STES_REVISIONS(4.0),Short-term economic statistics revisions,I,USA,United States,M,Monthly,PRVM,Production volume,IX,Index,BTE,Industry (except construction),202501,January 2025,2022-02,,100.98,,A,Normal value,0,Units,1,One,2015,
DATAFLOW,OECD.SDD.STES:DSD_STES_REVISIONS@DF_STES_REVISIONS(4.0),Short-term economic statistics revisions,I,USA,United States,M,Monthly,PRVM,Production volume,IX,Index,BTE,Industry (except construction),202501,January 2025,2022-01,,100.35,,A,Normal value,0,Units,1,One,2015,
DATAFLOW,OECD.SDD.STES:DSD_STES_REVISIONS@DF_STES_REVISIONS(4.0),Short-term economic statistics revisions,I,USA,United States,M,Monthly,PRVM,Production volume,IX,Index,BTE,Industry (except construction),202501,January 2025,2021-12,,100.33,,A,Normal value,0,Units,1,One,2015,
DATAFLOW,OECD.SDD.STES:DSD_STES_REVISIONS@DF_STES_REVISIONS(4.0),Short-term economic statistics revisions,I,USA,United States,M,Monthly,PRVM,Production volume,IX,Index,BTE,Industry (except construction),202501,January 2025,2021-11,,100.4,,A,Normal value,0,Units,1,One,2015,
DATAFLOW,OECD.SDD.STES:DSD_STES_REVISIONS@DF_STES_REVISIONS(4.0),Short-term economic statistics revisions,I,USA,United States,M,Monthly,PRVM,Production volume,IX,Index,BTE,Industry (except construction),202501,January 2025,2021-10,,99.5,,A,Normal value,0,Units,1,One,2015,
DATAFLOW,OECD.SDD.STES:DSD_STES_REVISIONS@DF_STES_REVISIONS(4.0),Short-term economic statistics revisions,I,USA,United States,M,Monthly,PRVM,Production volume,IX,Index,BTE,Industry (except construction),202501,January 2025,2021-09,,98.15,,A,Normal value,0,Units,1,One,2015,
DATAFLOW,OECD.SDD.STES:DSD_STES_REVISIONS@DF_STES_REVISIONS(4.0),Short-term economic statistics revisions,I,USA,United States,M,Monthly,PRVM,Production volume,IX,Index,BTE,Industry (except construction),202501,January 2025,2021-08,,99.19,,A,Normal value,0,Units,1,One,2015,
DATAFLOW,OECD.SDD.STES:DSD_STES_REVISIONS@DF_STES_REVISIONS(4.0),Short-term economic statistics revisions,I,USA,United States,M,Monthly,PRVM,Production volume,IX,Index,BTE,Industry (except construction),202501,January 2025,2021-07,,99.21,,A,Normal value,0,Units,1,One,2015,
DATAFLOW,OECD.SDD.STES:DSD_STES_REVISIONS@DF_STES_REVISIONS(4.0),Short-term economic statistics revisions,I,USA,United States,M,Monthly,PRVM,Production volume,IX,Index,BTE,Industry (except construction),202501,January 2025,2021-06,,98.8,,A,Normal value,0,Units,1,One,2015,
DATAFLOW,OECD.SDD.STES:DSD_STES_REVISIONS@DF_STES_REVISIONS(4.0),Short-term economic statistics revisions,I,USA,United States,M,Monthly,PRVM,Production volume,IX,Index,BTE,Industry (except construction),202501,January 2025,2021-05,,98.34,,A,Normal value,0,Units,1,One,2015,
DATAFLOW,OECD.SDD.STES:DSD_STES_REVISIONS@DF_STES_REVISIONS(4.0),Short-term economic statistics revisions,I,USA,United States,M,Monthly,PRVM,Production volume,IX,Index,BTE,Industry (except construction),202501,January 2025,2021-04,,97.49,,A,Normal value,0,Units,1,One,2015,
DATAFLOW,OECD.SDD.STES:DSD_STES_REVISIONS@DF_STES_REVISIONS(4.0),Short-term economic statistics revisions,I,USA,United States,M,Monthly,PRVM,Production volume,IX,Index,BTE,Industry (except construction),202501,January 2025,2021-03,,97.35,,A,Normal value,0,Units,1,One,2015,
DATAFLOW,OECD.SDD.STES:DSD_STES_REVISIONS@DF_STES_REVISIONS(4.0),Short-term economic statistics revisions,I,USA,United States,M,Monthly,PRVM,Production volume,IX,Index,BTE,Industry (except construction),202501,January 2025,2021-02,,94.69,,A,Normal value,0,Units,1,One,2015,
DATAFLOW,OECD.SDD.STES:DSD_STES_REVISIONS@DF_STES_REVISIONS(4.0),Short-term economic statistics revisions,I,USA,United States,M,Monthly,PRVM,Production volume,IX,Index,BTE,Industry (except construction),202501,January 2025,2021-01,,97.97,,A,Normal value,0,Units,1,One,2015,
DATAFLOW,OECD.SDD.STES:DSD_STES_REVISIONS@DF_STES_REVISIONS(4.0),Short-term economic statistics revisions,I,USA,United States,M,Monthly,PRVM,Production volume,IX,Index,BTE,Industry (except construction),202501,January 2025,2020-12,,97.36,,A,Normal value,0,Units,1,One,2015,
DATAFLOW,OECD.SDD.STES:DSD_STES_REVISIONS@DF_STES_REVISIONS(4.0),Short-term economic statistics revisions,I,USA,United States,M,Monthly,PRVM,Production volume,IX,Index,BTE,Industry (except construction),202501,January 2025,2020-11,,96.12,,A,Normal value,0,Units,1,One,2015,
DATAFLOW,OECD.SDD.STES:DSD_STES_REVISIONS@DF_STES_REVISIONS(4.0),Short-term economic statistics revisions,I,USA,United States,M,Monthly,PRVM,Production volume,IX,Index,BTE,Industry (except construction),202501,January 2025,2020-10,,95.7,,A,Normal value,0,Units,1,One,2015,
DATAFLOW,OECD.SDD.STES:DSD_STES_REVISIONS@DF_STES_REVISIONS(4.0),Short-term economic statistics revisions,I,USA,United States,M,Monthly,PRVM,Production volume,IX,Index,BTE,Industry (except construction),202501,January 2025,2020-09,,95.07,,A,Normal value,0,Units,1,One,2015,
DATAFLOW,OECD.SDD.STES:DSD_STES_REVISIONS@DF_STES_REVISIONS(4.0),Short-term economic statistics revisions,I,USA,United States,M,Monthly,PRVM,Production volume,IX,Index,BTE,Industry (except construction),202501,January 2025,2020-08,,95.11,,A,Normal value,0,Units,1,One,2015,
DATAFLOW,OECD.SDD.STES:DSD_STES_REVISIONS@DF_STES_REVISIONS(4.0),Short-term economic statistics revisions,I,USA,United States,M,Monthly,PRVM,Production volume,IX,Index,BTE,Industry (except construction),202501,January 2025,2020-07,,94.19,,A,Normal value,0,Units,1,One,2015,
DATAFLOW,OECD.SDD.STES:DSD_STES_REVISIONS@DF_STES_REVISIONS(4.0),Short-term economic statistics revisions,I,USA,United States,M,Monthly,PRVM,Production volume,IX,Index,BTE,Industry (except construction),202501,January 2025,2020-06,,90.89,,A,Normal value,0,Units,1,One,2015,
DATAFLOW,OECD.SDD.STES:DSD_STES_REVISIONS@DF_STES_REVISIONS(4.0),Short-term economic statistics revisions,I,USA,United States,M,Monthly,PRVM,Production volume,IX,Index,BTE,Industry (except construction),202501,January 2025,2020-05,,85.28,,A,Normal value,0,Units,1,One,2015,
DATAFLOW,OECD.SDD.STES:DSD_STES_REVISIONS@DF_STES_REVISIONS(4.0),Short-term economic statistics revisions,I,USA,United States,M,Monthly,PRVM,Production volume,IX,Index,BTE,Industry (except construction),202501,January 2025,2020-04,,83.96,,A,Normal value,0,Units,1,One,2015,
DATAFLOW,OECD.SDD.STES:DSD_STES_REVISIONS@DF_STES_REVISIONS(4.0),Short-term economic statistics revisions,I,USA,United States,M,Monthly,PRVM,Production volume,IX,Index,BTE,Industry (except construction),202501,January 2025,2020-03,,96.77,,A,Normal value,0,Units,1,One,2015,
DATAFLOW,OECD.SDD.STES:DSD_STES_REVISIONS@DF_STES_REVISIONS(4.0),Short-term economic statistics revisions,I,USA,United States,M,Monthly,PRVM,Production volume,IX,Index,BTE,Industry (except construction),202501,January 2025,2020-02,,100.8,,A,Normal value,0,Units,1,One,2015,
DATAFLOW,OECD.SDD.STES:DSD_STES_REVISIONS@DF_STES_REVISIONS(4.0),Short-term economic statistics revisions,I,USA,United States,M,Monthly,PRVM,Production volume,IX,Index,BTE,Industry (except construction),202501,January 2025,2020-01,,100.47,,A,Normal value,0,Units,1,One,2015,
DATAFLOW,OECD.SDD.STES:DSD_STES_REVISIONS@DF_STES_REVISIONS(4.0),Short-term economic statistics revisions,I,USA,United States,M,Monthly,PRVM,Production volume,IX,Index,BTE,Industry (except construction),202502,February 2025,2024-12,,102.31,,A,Normal value,0,Units,1,One,2015,
DATAFLOW,OECD.SDD.STES:DSD_STES_REVISIONS@DF_STES_REVISIONS(4.0),Short-term economic statistics revisions,I,USA,United States,M,Monthly,PRVM,Production volume,IX,Index,BTE,Industry (except construction),202502,February 2025,2024-11,,101.38,,A,Normal value,0,Units,1,One,2015,
DATAFLOW,OECD.SDD.STES:DSD_STES_REVISIONS@DF_STES_REVISIONS(4.0),Short-term economic statistics revisions,I,USA,United States,M,Monthly,PRVM,Production volume,IX,Index,BTE,Industry (except construction),202502,February 2025,2024-10,,101.21,,A,Normal value,0,Units,1,One,2015,
DATAFLOW,OECD.SDD.STES:DSD_STES_REVISIONS@DF_STES_REVISIONS(4.0),Short-term economic statistics revisions,I,USA,United States,M,Monthly,PRVM,Production volume,IX,Index,BTE,Industry (except construction),202502,February 2025,2024-09,,101.72,,A,Normal value,0,Units,1,One,2015,
DATAFLOW,OECD.SDD.STES:DSD_STES_REVISIONS@DF_STES_REVISIONS(4.0),Short-term economic statistics revisions,I,USA,United States,M,Monthly,PRVM,Production volume,IX,Index,BTE,Industry (except construction),202502,February 2025,2024-08,,102.13,,A,Normal value,0,Units,1,One,2015,
DATAFLOW,OECD.SDD.STES:DSD_STES_REVISIONS@DF_STES_REVISIONS(4.0),Short-term economic statistics revisions,I,USA,United States,M,Monthly,PRVM,Production volume,IX,Index,BTE,Industry (except construction),202502,February 2025,2024-07,,101.64,,A,Normal value,0,Units,1,One,2015,
DATAFLOW,OECD.SDD.STES:DSD_STES_REVISIONS@DF_STES_REVISIONS(4.0),Short-term economic statistics revisions,I,USA,United States,M,Monthly,PRVM,Production volume,IX,Index,BTE,Industry (except construction),202502,February 2025,2024-06,,102.37,,A,Normal value,0,Units,1,One,2015,
DATAFLOW,OECD.SDD.STES:DSD_STES_REVISIONS@DF_STES_REVISIONS(4.0),Short-term economic statistics revisions,I,USA,United States,M,Monthly,PRVM,Production volume,IX,Index,BTE,Industry (except construction),202502,February 2025,2024-05,,102.1,,A,Normal value,0,Units,1,One,2015,
DATAFLOW,OECD.SDD.STES:DSD_STES_REVISIONS@DF_STES_REVISIONS(4.0),Short-term economic statistics revisions,I,USA,United States,M,Monthly,PRVM,Production volume,IX,Index,BTE,Industry (except construction),202502,February 2025,2024-04,,101.48,,A,Normal value,0,Units,1,One,2015,
DATAFLOW,OECD.SDD.STES:DSD_STES_REVISIONS@DF_STES_REVISIONS(4.0),Short-term economic statistics revisions,I,USA,United States,M,Monthly,PRVM,Production volume,IX,Index,BTE,Industry (except construction),202502,February 2025,2024-03,,101.64,,A,Normal value,0,Units,1,One,2015,
DATAFLOW,OECD.SDD.STES:DSD_STES_REVISIONS@DF_STES_REVISIONS(4.0),Short-term economic statistics revisions,I,USA,United States,M,Monthly,PRVM,Production volume,IX,Index,BTE,Industry (except construction),202502,February 2025,2024-02,,101.85,,A,Normal value,0,Units,1,One,2015,
DATAFLOW,OECD.SDD.STES:DSD_STES_REVISIONS@DF_STES_REVISIONS(4.0),Short-term economic statistics revisions,I,USA,United States,M,Monthly,PRVM,Production volume,IX,Index,BTE,Industry (except construction),202502,February 2025,2024-01,,100.62,,A,Normal value,0,Units,1,One,2015,
DATAFLOW,OECD.SDD.STES:DSD_STES_REVISIONS@DF_STES_REVISIONS(4.0),Short-term economic statistics revisions,I,USA,United States,M,Monthly,PRVM,Production volume,IX,Index,BTE,Industry (except construction),202502,February 2025,2023-12,,101.75,,A,Normal value,0,Units,1,One,2015,
DATAFLOW,OECD.SDD.STES:DSD_STES_REVISIONS@DF_STES_REVISIONS(4.0),Short-term economic statistics revisions,I,USA,United States,M,Monthly,PRVM,Production volume,IX,Index,BTE,Industry (except construction),202502,February 2025,2023-11,,102.01,,A,Normal value,0,Units,1,One,2015,
DATAFLOW,OECD.SDD.STES:DSD_STES_REVISIONS@DF_STES_REVISIONS(4.0),Short-term economic statistics revisions,I,USA,United States,M,Monthly,PRVM,Production volume,IX,Index,BTE,Industry (except construction),202502,February 2025,2023-10,,101.7,,A,Normal value,0,Units,1,One,2015,
DATAFLOW,OECD.SDD.STES:DSD_STES_REVISIONS@DF_STES_REVISIONS(4.0),Short-term economic statistics revisions,I,USA,United States,M,Monthly,PRVM,Production volume,IX,Index,BTE,Industry (except construction),202502,February 2025,2023-09,,102.42,,A,Normal value,0,Units,1,One,2015,
DATAFLOW,OECD.SDD.STES:DSD_STES_REVISIONS@DF_STES_REVISIONS(4.0),Short-term economic statistics revisions,I,USA,United States,M,Monthly,PRVM,Production volume,IX,Index,BTE,Industry (except construction),202502,February 2025,2023-08,,102.21,,A,Normal value,0,Units,1,One,2015,
DATAFLOW,OECD.SDD.STES:DSD_STES_REVISIONS@DF_STES_REVISIONS(4.0),Short-term economic statistics revisions,I,USA,United States,M,Monthly,PRVM,Production volume,IX,Index,BTE,Industry (except construction),202502,February 2025,2023-07,,102.19,,A,Normal value,0,Units,1,One,2015,
DATAFLOW,OECD.SDD.STES:DSD_STES_REVISIONS@DF_STES_REVISIONS(4.0),Short-term economic statistics revisions,I,USA,United States,M,Monthly,PRVM,Production volume,IX,Index,BTE,Industry (except construction),202502,February 2025,2023-06,,101.51,,A,Normal value,0,Units,1,One,2015,
DATAFLOW,OECD.SDD.STES:DSD_STES_REVISIONS@DF_STES_REVISIONS(4.0),Short-term economic statistics revisions,I,USA,United States,M,Monthly,PRVM,Production volume,IX,Index,BTE,Industry (except construction),202502,February 2025,2023-05,,102.1,,A,Normal value,0,Units,1,One,2015,
DATAFLOW,OECD.SDD.STES:DSD_STES_REVISIONS@DF_STES_REVISIONS(4.0),Short-term economic statistics revisions,I,USA,United States,M,Monthly,PRVM,Production volume,IX,Index,BTE,Industry (except construction),202502,February 2025,2023-04,,102.34,,A,Normal value,0,Units,1,One,2015,
DATAFLOW,OECD.SDD.STES:DSD_STES_REVISIONS@DF_STES_REVISIONS(4.0),Short-term economic statistics revisions,I,USA,United States,M,Monthly,PRVM,Production volume,IX,Index,BTE,Industry (except construction),202502,February 2025,2023-03,,101.94,,A,Normal value,0,Units,1,One,2015,
DATAFLOW,OECD.SDD.STES:DSD_STES_REVISIONS@DF_STES_REVISIONS(4.0),Short-term economic statistics revisions,I,USA,United States,M,Monthly,PRVM,Production volume,IX,Index,BTE,Industry (except construction),202502,February 2025,2023-02,,101.92,,A,Normal value,0,Units,1,One,2015,
DATAFLOW,OECD.SDD.STES:DSD_STES_REVISIONS@DF_STES_REVISIONS(4.0),Short-term economic statistics revisions,I,USA,United States,M,Monthly,PRVM,Production volume,IX,Index,BTE,Industry (except construction),202502,February 2025,2023-01,,101.87,,A,Normal value,0,Units,1,One,2015,
DATAFLOW,OECD.SDD.STES:DSD_STES_REVISIONS@DF_STES_REVISIONS(4.0),Short-term economic statistics revisions,I,USA,United States,M,Monthly,PRVM,Production volume,IX,Index,BTE,Industry (except construction),202502,February 2025,2022-12,,100.96,,A,Normal value,0,Units,1,One,2015,
DATAFLOW,OECD.SDD.STES:DSD_STES_REVISIONS@DF_STES_REVISIONS(4.0),Short-term economic statistics revisions,I,USA,United States,M,Monthly,PRVM,Production volume,IX,Index,BTE,Industry (except construction),202502,February 2025,2022-11,,102.22,,A,Normal value,0,Units,1,One,2015,
DATAFLOW,OECD.SDD.STES:DSD_STES_REVISIONS@DF_STES_REVISIONS(4.0),Short-term economic statistics revisions,I,USA,United States,M,Monthly,PRVM,Production volume,IX,Index,BTE,Industry (except construction),202502,February 2025,2022-10,,102.56,,A,Normal value,0,Units,1,One,2015,
DATAFLOW,OECD.SDD.STES:DSD_STES_REVISIONS@DF_STES_REVISIONS(4.0),Short-term economic statistics revisions,I,USA,United States,M,Monthly,PRVM,Production volume,IX,Index,BTE,Industry (except construction),202502,February 2025,2022-09,,102.65,,A,Normal value,0,Units,1,One,2015,
DATAFLOW,OECD.SDD.STES:DSD_STES_REVISIONS@DF_STES_REVISIONS(4.0),Short-term economic statistics revisions,I,USA,United States,M,Monthly,PRVM,Production volume,IX,Index,BTE,Industry (except construction),202502,February 2025,2022-08,,102.29,,A,Normal value,0,Units,1,One,2015,
DATAFLOW,OECD.SDD.STES:DSD_STES_REVISIONS@DF_STES_REVISIONS(4.0),Short-term economic statistics revisions,I,USA,United States,M,Monthly,PRVM,Production volume,IX,Index,BTE,Industry (except construction),202502,February 2025,2022-07,,102.17,,A,Normal value,0,Units,1,One,2015,
DATAFLOW,OECD.SDD.STES:DSD_STES_REVISIONS@DF_STES_REVISIONS(4.0),Short-term economic statistics revisions,I,USA,United States,M,Monthly,PRVM,Production volume,IX,Index,BTE,Industry (except construction),202502,February 2025,2022-06,,101.94,,A,Normal value,0,Units,1,One,2015,
DATAFLOW,OECD.SDD.STES:DSD_STES_REVISIONS@DF_STES_REVISIONS(4.0),Short-term economic statistics revisions,I,USA,United States,M,Monthly,PRVM,Production volume,IX,Index,BTE,Industry (except construction),202502,February 2025,2022-05,,102.09,,A,Normal value,0,Units,1,One,2015,
DATAFLOW,OECD.SDD.STES:DSD_STES_REVISIONS@DF_STES_REVISIONS(4.0),Short-term economic statistics revisions,I,USA,United States,M,Monthly,PRVM,Production volume,IX,Index,BTE,Industry (except construction),202502,February 2025,2022-04,,102.02,,A,Normal value,0,Units,1,One,2015,
DATAFLOW,OECD.SDD.STES:DSD_STES_REVISIONS@DF_STES_REVISIONS(4.0),Short-term economic statistics revisions,I,USA,United States,M,Monthly,PRVM,Production volume,IX,Index,BTE,Industry (except construction),202502,February 2025,2022-03,,101.8,,A,Normal value,0,Units,1,One,2015,
DATAFLOW,OECD.SDD.STES:DSD_STES_REVISIONS@DF_STES_REVISIONS(4.0),Short-term economic statistics revisions,I,USA,United States,M,Monthly,PRVM,Production volume,IX,Index,BTE,Industry (except construction),202502,February 2025,2022-02,,100.98,,A,Normal value,0,Units,1,One,2015,
DATAFLOW,OECD.SDD.STES:DSD_STES_REVISIONS@DF_STES_REVISIONS(4.0),Short-term economic statistics revisions,I,USA,United States,M,Monthly,PRVM,Production volume,IX,Index,BTE,Industry (except construction),202502,February 2025,2022-01,,100.35,,A,Normal value,0,Units,1,One,2015,
DATAFLOW,OECD.SDD.STES:DSD_STES_REVISIONS@DF_STES_REVISIONS(4.0),Short-term economic statistics revisions,I,USA,United States,M,Monthly,PRVM,Production volume,IX,Index,BTE,Industry (except construction),202502,February 2025,2021-12,,100.33,,A,Normal value,0,Units,1,One,2015,
DATAFLOW,OECD.SDD.STES:DSD_STES_REVISIONS@DF_STES_REVISIONS(4.0),Short-term economic statistics revisions,I,USA,United States,M,Monthly,PRVM,Production volume,IX,Index,BTE,Industry (except construction),202502,February 2025,2021-11,,100.4,,A,Normal value,0,Units,1,One,2015,
DATAFLOW,OECD.SDD.STES:DSD_STES_REVISIONS@DF_STES_REVISIONS(4.0),Short-term economic statistics revisions,I,USA,United States,M,Monthly,PRVM,Production volume,IX,Index,BTE,Industry (except construction),202502,February 2025,2021-10,,99.5,,A,Normal value,0,Units,1,One,2015,
DATAFLOW,OECD.SDD.STES:DSD_STES_REVISIONS@DF_STES_REVISIONS(4.0),Short-term economic statistics revisions,I,USA,United States,M,Monthly,PRVM,Production volume,IX,Index,BTE,Industry (except construction),202502,February 2025,2021-09,,98.15,,A,Normal value,0,Units,1,One,2015,
DATAFLOW,OECD.SDD.STES:DSD_STES_REVISIONS@DF_STES_REVISIONS(4.0),Short-term economic statistics revisions,I,USA,United States,M,Monthly,PRVM,Production volume,IX,Index,BTE,Industry (except construction),202502,February 2025,2021-08,,99.19,,A,Normal value,0,Units,1,One,2015,
DATAFLOW,OECD.SDD.STES:DSD_STES_REVISIONS@DF_STES_REVISIONS(4.0),Short-term economic statistics revisions,I,USA,United States,M,Monthly,PRVM,Production volume,IX,Index,BTE,Industry (except construction),202502,February 2025,2021-07,,99.21,,A,Normal value,0,Units,1,One,2015,
DATAFLOW,OECD.SDD.STES:DSD_STES_REVISIONS@DF_STES_REVISIONS(4.0),Short-term economic statistics revisions,I,USA,United States,M,Monthly,PRVM,Production volume,IX,Index,BTE,Industry (except construction),202502,February 2025,2021-06,,98.8,,A,Normal value,0,Units,1,One,2015,
DATAFLOW,OECD.SDD.STES:DSD_STES_REVISIONS@DF_STES_REVISIONS(4.0),Short-term economic statistics revisions,I,USA,United States,M,Monthly,PRVM,Production volume,IX,Index,BTE,Industry (except construction),202502,February 2025,2021-05,,98.34,,A,Normal value,0,Units,1,One,2015,
DATAFLOW,OECD.SDD.STES:DSD_STES_REVISIONS@DF_STES_REVISIONS(4.0),Short-term economic statistics revisions,I,USA,United States,M,Monthly,PRVM,Production volume,IX,Index,BTE,Industry (except construction),202502,February 2025,2021-04,,97.49,,A,Normal value,0,Units,1,One,2015,
DATAFLOW,OECD.SDD.STES:DSD_STES_REVISIONS@DF_STES_REVISIONS(4.0),Short-term economic statistics revisions,I,USA,United States,M,Monthly,PRVM,Production volume,IX,Index,BTE,Industry (except construction),202502,February 2025,2021-03,,97.35,,A,Normal value,0,Units,1,One,2015,
DATAFLOW,OECD.SDD.STES:DSD_STES_REVISIONS@DF_STES_REVISIONS(4.0),Short-term economic statistics revisions,I,USA,United States,M,Monthly,PRVM,Production volume,IX,Index,BTE,Industry (except construction),202502,February 2025,2021-02,,94.69,,A,Normal value,0,Units,1,One,2015,
DATAFLOW,OECD.SDD.STES:DSD_STES_REVISIONS@DF_STES_REVISIONS(4.0),Short-term economic statistics revisions,I,USA,United States,M,Monthly,PRVM,Production volume,IX,Index,BTE,Industry (except construction),202502,February 2025,2021-01,,97.97,,A,Normal value,0,Units,1,One,2015,
DATAFLOW,OECD.SDD.STES:DSD_STES_REVISIONS@DF_STES_REVISIONS(4.0),Short-term economic statistics revisions,I,USA,United States,M,Monthly,PRVM,Production volume,IX,Index,BTE,Industry (except construction),202502,February 2025,2020-12,,97.36,,A,Normal value,0,Units,1,One,2015,
DATAFLOW,OECD.SDD.STES:DSD_STES_REVISIONS@DF_STES_REVISIONS(4.0),Short-term economic statistics revisions,I,USA,United States,M,Monthly,PRVM,Production volume,IX,Index,BTE,Industry (except construction),202502,February 2025,2020-11,,96.12,,A,Normal value,0,Units,1,One,2015,
DATAFLOW,OECD.SDD.STES:DSD_STES_REVISIONS@DF_STES_REVISIONS(4.0),Short-term economic statistics revisions,I,USA,United States,M,Monthly,PRVM,Production volume,IX,Index,BTE,Industry (except construction),202502,February 2025,2020-10,,95.7,,A,Normal value,0,Units,1,One,2015,
DATAFLOW,OECD.SDD.STES:DSD_STES_REVISIONS@DF_STES_REVISIONS(4.0),Short-term economic statistics revisions,I,USA,United States,M,Monthly,PRVM,Production volume,IX,Index,BTE,Industry (except construction),202502,February 2025,2020-09,,95.07,,A,Normal value,0,Units,1,One,2015,
DATAFLOW,OECD.SDD.STES:DSD_STES_REVISIONS@DF_STES_REVISIONS(4.0),Short-term economic statistics revisions,I,USA,United States,M,Monthly,PRVM,Production volume,IX,Index,BTE,Industry (except construction),202502,February 2025,2020-08,,95.11,,A,Normal value,0,Units,1,One,2015,
DATAFLOW,OECD.SDD.STES:DSD_STES_REVISIONS@DF_STES_REVISIONS(4.0),Short-term economic statistics revisions,I,USA,United States,M,Monthly,PRVM,Production volume,IX,Index,BTE,Industry (except construction),202502,February 2025,2020-07,,94.19,,A,Normal value,0,Units,1,One,2015,
DATAFLOW,OECD.SDD.STES:DSD_STES_REVISIONS@DF_STES_REVISIONS(4.0),Short-term economic statistics revisions,I,USA,United States,M,Monthly,PRVM,Production volume,IX,Index,BTE,Industry (except construction),202502,February 2025,2020-06,,90.89,,A,Normal value,0,Units,1,One,2015,
DATAFLOW,OECD.SDD.STES:DSD_STES_REVISIONS@DF_STES_REVISIONS(4.0),Short-term economic statistics revisions,I,USA,United States,M,Monthly,PRVM,Production volume,IX,Index,BTE,Industry (except construction),202502,February 2025,2020-05,,85.28,,A,Normal value,0,Units,1,One,2015,
DATAFLOW,OECD.SDD.STES:DSD_STES_REVISIONS@DF_STES_REVISIONS(4.0),Short-term economic statistics revisions,I,USA,United States,M,Monthly,PRVM,Production volume,IX,Index,BTE,Industry (except construction),202502,February 2025,2020-04,,83.96,,A,Normal value,0,Units,1,One,2015,
DATAFLOW,OECD.SDD.STES:DSD_STES_REVISIONS@DF_STES_REVISIONS(4.0),Short-term economic statistics revisions,I,USA,United States,M,Monthly,PRVM,Production volume,IX,Index,BTE,Industry (except construction),202502,February 2025,2020-03,,96.77,,A,Normal value,0,Units,1,One,2015,
DATAFLOW,OECD.SDD.STES:DSD_STES_REVISIONS@DF_STES_REVISIONS(4.0),Short-term economic statistics revisions,I,USA,United States,M,Monthly,PRVM,Production volume,IX,Index,BTE,Industry (except construction),202502,February 2025,2020-02,,100.8,,A,Normal value,0,Units,1,One,2015,
DATAFLOW,OECD.SDD.STES:DSD_STES_REVISIONS@DF_STES_REVISIONS(4.0),Short-term economic statistics revisions,I,USA,United States,M,Monthly,PRVM,Production volume,IX,Index,BTE,Industry (except construction),202502,February 2025,2020-01,,100.47,,A,Normal value,0,Units,1,One,2015,
DATAFLOW,OECD.SDD.STES:DSD_STES_REVISIONS@DF_STES_REVISIONS(4.0),Short-term economic statistics revisions,I,USA,United States,M,Monthly,PRVM,Production volume,IX,Index,BTE,Industry (except construction),202412,December 2024,2024-10,,101.41,,A,Normal value,0,Units,1,One,2015,
DATAFLOW,OECD.SDD.STES:DSD_STES_REVISIONS@DF_STES_REVISIONS(4.0),Short-term economic statistics revisions,I,USA,United States,M,Monthly,PRVM,Production volume,IX,Index,BTE,Industry (except construction),202412,December 2024,2024-09,,101.67,,A,Normal value,0,Units,1,One,2015,
DATAFLOW,OECD.SDD.STES:DSD_STES_REVISIONS@DF_STES_REVISIONS(4.0),Short-term economic statistics revisions,I,USA,United States,M,Monthly,PRVM,Production volume,IX,Index,BTE,Industry (except construction),202412,December 2024,2024-08,,102.16,,A,Normal value,0,Units,1,One,2015,
DATAFLOW,OECD.SDD.STES:DSD_STES_REVISIONS@DF_STES_REVISIONS(4.0),Short-term economic statistics revisions,I,USA,United States,M,Monthly,PRVM,Production volume,IX,Index,BTE,Industry (except construction),202412,December 2024,2024-07,,101.66,,A,Normal value,0,Units,1,One,2015,
DATAFLOW,OECD.SDD.STES:DSD_STES_REVISIONS@DF_STES_REVISIONS(4.0),Short-term economic statistics revisions,I,USA,United States,M,Monthly,PRVM,Production volume,IX,Index,BTE,Industry (except construction),202412,December 2024,2024-06,,102.39,,A,Normal value,0,Units,1,One,2015,
DATAFLOW,OECD.SDD.STES:DSD_STES_REVISIONS@DF_STES_REVISIONS(4.0),Short-term economic statistics revisions,I,USA,United States,M,Monthly,PRVM,Production volume,IX,Index,BTE,Industry (except construction),202412,December 2024,2024-05,,102.1,,A,Normal value,0,Units,1,One,2015,
DATAFLOW,OECD.SDD.STES:DSD_STES_REVISIONS@DF_STES_REVISIONS(4.0),Short-term economic statistics revisions,I,USA,United States,M,Monthly,PRVM,Production volume,IX,Index,BTE,Industry (except construction),202412,December 2024,2024-04,,101.48,,A,Normal value,0,Units,1,One,2015,
DATAFLOW,OECD.SDD.STES:DSD_STES_REVISIONS@DF_STES_REVISIONS(4.0),Short-term economic statistics revisions,I,USA,United States,M,Monthly,PRVM,Production volume,IX,Index,BTE,Industry (except construction),202412,December 2024,2024-03,,101.64,,A,Normal value,0,Units,1,One,2015,
DATAFLOW,OECD.SDD.STES:DSD_STES_REVISIONS@DF_STES_REVISIONS(4.0),Short-term economic statistics revisions,I,USA,United States,M,Monthly,PRVM,Production volume,IX,Index,BTE,Industry (except construction),202412,December 2024,2024-02,,101.85,,A,Normal value,0,Units,1,One,2015,
DATAFLOW,OECD.SDD.STES:DSD_STES_REVISIONS@DF_STES_REVISIONS(4.0),Short-term economic statistics revisions,I,USA,United States,M,Monthly,PRVM,Production volume,IX,Index,BTE,Industry (except construction),202412,December 2024,2024-01,,100.62,,A,Normal value,0,Units,1,One,2015,
DATAFLOW,OECD.SDD.STES:DSD_STES_REVISIONS@DF_STES_REVISIONS(4.0),Short-term economic statistics revisions,I,USA,United States,M,Monthly,PRVM,Production volume,IX,Index,BTE,Industry (except construction),202412,December 2024,2023-12,,101.75,,A,Normal value,0,Units,1,One,2015,
DATAFLOW,OECD.SDD.STES:DSD_STES_REVISIONS@DF_STES_REVISIONS(4.0),Short-term economic statistics revisions,I,USA,United States,M,Monthly,PRVM,Production volume,IX,Index,BTE,Industry (except construction),202412,December 2024,2023-11,,102.01,,A,Normal value,0,Units,1,One,2015,
DATAFLOW,OECD.SDD.STES:DSD_STES_REVISIONS@DF_STES_REVISIONS(4.0),Short-term economic statistics revisions,I,USA,United States,M,Monthly,PRVM,Production volume,IX,Index,BTE,Industry (except construction),202412,December 2024,2023-10,,101.7,,A,Normal value,0,Units,1,One,2015,
DATAFLOW,OECD.SDD.STES:DSD_STES_REVISIONS@DF_STES_REVISIONS(4.0),Short-term economic statistics revisions,I,USA,United States,M,Monthly,PRVM,Production volume,IX,Index,BTE,Industry (except construction),202412,December 2024,2023-09,,102.42,,A,Normal value,0,Units,1,One,2015,
DATAFLOW,OECD.SDD.STES:DSD_STES_REVISIONS@DF_STES_REVISIONS(4.0),Short-term economic statistics revisions,I,USA,United States,M,Monthly,PRVM,Production volume,IX,Index,BTE,Industry (except construction),202412,December 2024,2023-08,,102.21,,A,Normal value,0,Units,1,One,2015,
DATAFLOW,OECD.SDD.STES:DSD_STES_REVISIONS@DF_STES_REVISIONS(4.0),Short-term economic statistics revisions,I,USA,United States,M,Monthly,PRVM,Production volume,IX,Index,BTE,Industry (except construction),202412,December 2024,2023-07,,102.19,,A,Normal value,0,Units,1,One,2015,
DATAFLOW,OECD.SDD.STES:DSD_STES_REVISIONS@DF_STES_REVISIONS(4.0),Short-term economic statistics revisions,I,USA,United States,M,Monthly,PRVM,Production volume,IX,Index,BTE,Industry (except construction),202412,December 2024,2023-06,,101.51,,A,Normal value,0,Units,1,One,2015,
DATAFLOW,OECD.SDD.STES:DSD_STES_REVISIONS@DF_STES_REVISIONS(4.0),Short-term economic statistics revisions,I,USA,United States,M,Monthly,PRVM,Production volume,IX,Index,BTE,Industry (except construction),202412,December 2024,2023-05,,102.1,,A,Normal value,0,Units,1,One,2015,
DATAFLOW,OECD.SDD.STES:DSD_STES_REVISIONS@DF_STES_REVISIONS(4.0),Short-term economic statistics revisions,I,USA,United States,M,Monthly,PRVM,Production volume,IX,Index,BTE,Industry (except construction),202412,December 2024,2023-04,,102.34,,A,Normal value,0,Units,1,One,2015,
DATAFLOW,OECD.SDD.STES:DSD_STES_REVISIONS@DF_STES_REVISIONS(4.0),Short-term economic statistics revisions,I,USA,United States,M,Monthly,PRVM,Production volume,IX,Index,BTE,Industry (except construction),202412,December 2024,2023-03,,101.94,,A,Normal value,0,Units,1,One,2015,
DATAFLOW,OECD.SDD.STES:DSD_STES_REVISIONS@DF_STES_REVISIONS(4.0),Short-term economic statistics revisions,I,USA,United States,M,Monthly,PRVM,Production volume,IX,Index,BTE,Industry (except construction),202412,December 2024,2023-02,,101.92,,A,Normal value,0,Units,1,One,2015,
DATAFLOW,OECD.SDD.STES:DSD_STES_REVISIONS@DF_STES_REVISIONS(4.0),Short-term economic statistics revisions,I,USA,United States,M,Monthly,PRVM,Production volume,IX,Index,BTE,Industry (except construction),202412,December 2024,2023-01,,101.87,,A,Normal value,0,Units,1,One,2015,
DATAFLOW,OECD.SDD.STES:DSD_STES_REVISIONS@DF_STES_REVISIONS(4.0),Short-term economic statistics revisions,I,USA,United States,M,Monthly,PRVM,Production volume,IX,Index,BTE,Industry (except construction),202412,December 2024,2022-12,,100.96,,A,Normal value,0,Units,1,One,2015,
DATAFLOW,OECD.SDD.STES:DSD_STES_REVISIONS@DF_STES_REVISIONS(4.0),Short-term economic statistics revisions,I,USA,United States,M,Monthly,PRVM,Production volume,IX,Index,BTE,Industry (except construction),202412,December 2024,2022-11,,102.22,,A,Normal value,0,Units,1,One,2015,
DATAFLOW,OECD.SDD.STES:DSD_STES_REVISIONS@DF_STES_REVISIONS(4.0),Short-term economic statistics revisions,I,USA,United States,M,Monthly,PRVM,Production volume,IX,Index,BTE,Industry (except construction),202412,December 2024,2022-10,,102.56,,A,Normal value,0,Units,1,One,2015,
DATAFLOW,OECD.SDD.STES:DSD_STES_REVISIONS@DF_STES_REVISIONS(4.0),Short-term economic statistics revisions,I,USA,United States,M,Monthly,PRVM,Production volume,IX,Index,BTE,Industry (except construction),202412,December 2024,2022-09,,102.65,,A,Normal value,0,Units,1,One,2015,
DATAFLOW,OECD.SDD.STES:DSD_STES_REVISIONS@DF_STES_REVISIONS(4.0),Short-term economic statistics revisions,I,USA,United States,M,Monthly,PRVM,Production volume,IX,Index,BTE,Industry (except construction),202412,December 2024,2022-08,,102.29,,A,Normal value,0,Units,1,One,2015,
DATAFLOW,OECD.SDD.STES:DSD_STES_REVISIONS@DF_STES_REVISIONS(4.0),Short-term economic statistics revisions,I,USA,United States,M,Monthly,PRVM,Production volume,IX,Index,BTE,Industry (except construction),202412,December 2024,2022-07,,102.17,,A,Normal value,0,Units,1,One,2015,
DATAFLOW,OECD.SDD.STES:DSD_STES_REVISIONS@DF_STES_REVISIONS(4.0),Short-term economic statistics revisions,I,USA,United States,M,Monthly,PRVM,Production volume,IX,Index,BTE,Industry (except construction),202412,December 2024,2022-06,,101.94,,A,Normal value,0,Units,1,One,2015,
DATAFLOW,OECD.SDD.STES:DSD_STES_REVISIONS@DF_STES_REVISIONS(4.0),Short-term economic statistics revisions,I,USA,United States,M,Monthly,PRVM,Production volume,IX,Index,BTE,Industry (except construction),202412,December 2024,2022-05,,102.09,,A,Normal value,0,Units,1,One,2015,
DATAFLOW,OECD.SDD.STES:DSD_STES_REVISIONS@DF_STES_REVISIONS(4.0),Short-term economic statistics revisions,I,USA,United States,M,Monthly,PRVM,Production volume,IX,Index,BTE,Industry (except construction),202412,December 2024,2022-04,,102.02,,A,Normal value,0,Units,1,One,2015,
DATAFLOW,OECD.SDD.STES:DSD_STES_REVISIONS@DF_STES_REVISIONS(4.0),Short-term economic statistics revisions,I,USA,United States,M,Monthly,PRVM,Production volume,IX,Index,BTE,Industry (except construction),202412,December 2024,2022-03,,101.8,,A,Normal value,0,Units,1,One,2015,
DATAFLOW,OECD.SDD.STES:DSD_STES_REVISIONS@DF_STES_REVISIONS(4.0),Short-term economic statistics revisions,I,USA,United States,M,Monthly,PRVM,Production volume,IX,Index,BTE,Industry (except construction),202412,December 2024,2022-02,,100.98,,A,Normal value,0,Units,1,One,2015,
DATAFLOW,OECD.SDD.STES:DSD_STES_REVISIONS@DF_STES_REVISIONS(4.0),Short-term economic statistics revisions,I,USA,United States,M,Monthly,PRVM,Production volume,IX,Index,BTE,Industry (except construction),202412,December 2024,2022-01,,100.35,,A,Normal value,0,Units,1,One,2015,
DATAFLOW,OECD.SDD.STES:DSD_STES_REVISIONS@DF_STES_REVISIONS(4.0),Short-term economic statistics revisions,I,USA,United States,M,Monthly,PRVM,Production volume,IX,Index,BTE,Industry (except construction),202412,December 2024,2021-12,,100.33,,A,Normal value,0,Units,1,One,2015,
DATAFLOW,OECD.SDD.STES:DSD_STES_REVISIONS@DF_STES_REVISIONS(4.0),Short-term economic statistics revisions,I,USA,United States,M,Monthly,PRVM,Production volume,IX,Index,BTE,Industry (except construction),202412,December 2024,2021-11,,100.4,,A,Normal value,0,Units,1,One,2015,
DATAFLOW,OECD.SDD.STES:DSD_STES_REVISIONS@DF_STES_REVISIONS(4.0),Short-term economic statistics revisions,I,USA,United States,M,Monthly,PRVM,Production volume,IX,Index,BTE,Industry (except construction),202412,December 2024,2021-10,,99.5,,A,Normal value,0,Units,1,One,2015,
DATAFLOW,OECD.SDD.STES:DSD_STES_REVISIONS@DF_STES_REVISIONS(4.0),Short-term economic statistics revisions,I,USA,United States,M,Monthly,PRVM,Production volume,IX,Index,BTE,Industry (except construction),202412,December 2024,2021-09,,98.15,,A,Normal value,0,Units,1,One,2015,
DATAFLOW,OECD.SDD.STES:DSD_STES_REVISIONS@DF_STES_REVISIONS(4.0),Short-term economic statistics revisions,I,USA,United States,M,Monthly,PRVM,Production volume,IX,Index,BTE,Industry (except construction),202412,December 2024,2021-08,,99.19,,A,Normal value,0,Units,1,One,2015,
DATAFLOW,OECD.SDD.STES:DSD_STES_REVISIONS@DF_STES_REVISIONS(4.0),Short-term economic statistics revisions,I,USA,United States,M,Monthly,PRVM,Production volume,IX,Index,BTE,Industry (except construction),202412,December 2024,2021-07,,99.21,,A,Normal value,0,Units,1,One,2015,
DATAFLOW,OECD.SDD.STES:DSD_STES_REVISIONS@DF_STES_REVISIONS(4.0),Short-term economic statistics revisions,I,USA,United States,M,Monthly,PRVM,Production volume,IX,Index,BTE,Industry (except construction),202412,December 2024,2021-06,,98.8,,A,Normal value,0,Units,1,One,2015,
DATAFLOW,OECD.SDD.STES:DSD_STES_REVISIONS@DF_STES_REVISIONS(4.0),Short-term economic statistics revisions,I,USA,United States,M,Monthly,PRVM,Production volume,IX,Index,BTE,Industry (except construction),202412,December 2024,2021-05,,98.34,,A,Normal value,0,Units,1,One,2015,
DATAFLOW,OECD.SDD.STES:DSD_STES_REVISIONS@DF_STES_REVISIONS(4.0),Short-term economic statistics revisions,I,USA,United States,M,Monthly,PRVM,Production volume,IX,Index,BTE,Industry (except construction),202412,December 2024,2021-04,,97.49,,A,Normal value,0,Units,1,One,2015,
DATAFLOW,OECD.SDD.STES:DSD_STES_REVISIONS@DF_STES_REVISIONS(4.0),Short-term economic statistics revisions,I,USA,United States,M,Monthly,PRVM,Production volume,IX,Index,BTE,Industry (except construction),202412,December 2024,2021-03,,97.35,,A,Normal value,0,Units,1,One,2015,
DATAFLOW,OECD.SDD.STES:DSD_STES_REVISIONS@DF_STES_REVISIONS(4.0),Short-term economic statistics revisions,I,USA,United States,M,Monthly,PRVM,Production volume,IX,Index,BTE,Industry (except construction),202412,December 2024,2021-02,,94.69,,A,Normal value,0,Units,1,One,2015,
DATAFLOW,OECD.SDD.STES:DSD_STES_REVISIONS@DF_STES_REVISIONS(4.0),Short-term economic statistics revisions,I,USA,United States,M,Monthly,PRVM,Production volume,IX,Index,BTE,Industry (except construction),202412,December 2024,2021-01,,97.97,,A,Normal value,0,Units,1,One,2015,
DATAFLOW,OECD.SDD.STES:DSD_STES_REVISIONS@DF_STES_REVISIONS(4.0),Short-term economic statistics revisions,I,USA,United States,M,Monthly,PRVM,Production volume,IX,Index,BTE,Industry (except construction),202412,December 2024,2020-12,,97.36,,A,Normal value,0,Units,1,One,2015,
DATAFLOW,OECD.SDD.STES:DSD_STES_REVISIONS@DF_STES_REVISIONS(4.0),Short-term economic statistics revisions,I,USA,United States,M,Monthly,PRVM,Production volume,IX,Index,BTE,Industry (except construction),202412,December 2024,2020-11,,96.12,,A,Normal value,0,Units,1,One,2015,
DATAFLOW,OECD.SDD.STES:DSD_STES_REVISIONS@DF_STES_REVISIONS(4.0),Short-term economic statistics revisions,I,USA,United States,M,Monthly,PRVM,Production volume,IX,Index,BTE,Industry (except construction),202412,December 2024,2020-10,,95.7,,A,Normal value,0,Units,1,One,2015,
DATAFLOW,OECD.SDD.STES:DSD_STES_REVISIONS@DF_STES_REVISIONS(4.0),Short-term economic statistics revisions,I,USA,United States,M,Monthly,PRVM,Production volume,IX,Index,BTE,Industry (except construction),202412,December 2024,2020-09,,95.07,,A,Normal value,0,Units,1,One,2015,
DATAFLOW,OECD.SDD.STES:DSD_STES_REVISIONS@DF_STES_REVISIONS(4.0),Short-term economic statistics revisions,I,USA,United States,M,Monthly,PRVM,Production volume,IX,Index,BTE,Industry (except construction),202412,December 2024,2020-08,,95.11,,A,Normal value,0,Units,1,One,2015,
DATAFLOW,OECD.SDD.STES:DSD_STES_REVISIONS@DF_STES_REVISIONS(4.0),Short-term economic statistics revisions,I,USA,United States,M,Monthly,PRVM,Production volume,IX,Index,BTE,Industry (except construction),202412,December 2024,2020-07,,94.19,,A,Normal value,0,Units,1,One,2015,
DATAFLOW,OECD.SDD.STES:DSD_STES_REVISIONS@DF_STES_REVISIONS(4.0),Short-term economic statistics revisions,I,USA,United States,M,Monthly,PRVM,Production volume,IX,Index,BTE,Industry (except construction),202412,December 2024,2020-06,,90.89,,A,Normal value,0,Units,1,One,2015,
DATAFLOW,OECD.SDD.STES:DSD_STES_REVISIONS@DF_STES_REVISIONS(4.0),Short-term economic statistics revisions,I,USA,United States,M,Monthly,PRVM,Production volume,IX,Index,BTE,Industry (except construction),202412,December 2024,2020-05,,85.28,,A,Normal value,0,Units,1,One,2015,
DATAFLOW,OECD.SDD.STES:DSD_STES_REVISIONS@DF_STES_REVISIONS(4.0),Short-term economic statistics revisions,I,USA,United States,M,Monthly,PRVM,Production volume,IX,Index,BTE,Industry (except construction),202412,December 2024,2020-04,,83.96,,A,Normal value,0,Units,1,One,2015,
DATAFLOW,OECD.SDD.STES:DSD_STES_REVISIONS@DF_STES_REVISIONS(4.0),Short-term economic statistics revisions,I,USA,United States,M,Monthly,PRVM,Production volume,IX,Index,BTE,Industry (except construction),202412,December 2024,2020-03,,96.77,,A,Normal value,0,Units,1,One,2015,
DATAFLOW,OECD.SDD.STES:DSD_STES_REVISIONS@DF_STES_REVISIONS(4.0),Short-term economic statistics revisions,I,USA,United States,M,Monthly,PRVM,Production volume,IX,Index,BTE,Industry (except construction),202412,December 2024,2020-02,,100.8,,A,Normal value,0,Units,1,One,2015,
DATAFLOW,OECD.SDD.STES:DSD_STES_REVISIONS@DF_STES_REVISIONS(4.0),Short-term economic statistics revisions,I,USA,United States,M,Monthly,PRVM,Production volume,IX,Index,BTE,Industry (except construction),202412,December 2024,2020-01,,100.47,,A,Normal value,0,Units,1,One,2015,
DATAFLOW,OECD.SDD.STES:DSD_STES_REVISIONS@DF_STES_REVISIONS(4.0),Short-term economic statistics revisions,I,USA,United States,M,Monthly,PRVM,Production volume,IX,Index,BTE,Industry (except construction),202507,July 2025,2021-01,,97.97,,A,Normal value,0,Units,1,One,2015,
DATAFLOW,OECD.SDD.STES:DSD_STES_REVISIONS@DF_STES_REVISIONS(4.0),Short-term economic statistics revisions,I,USA,United States,M,Monthly,PRVM,Production volume,IX,Index,BTE,Industry (except construction),202507,July 2025,2020-12,,97.36,,A,Normal value,0,Units,1,One,2015,
DATAFLOW,OECD.SDD.STES:DSD_STES_REVISIONS@DF_STES_REVISIONS(4.0),Short-term economic statistics revisions,I,USA,United States,M,Monthly,PRVM,Production volume,IX,Index,BTE,Industry (except construction),202507,July 2025,2020-11,,96.12,,A,Normal value,0,Units,1,One,2015,
DATAFLOW,OECD.SDD.STES:DSD_STES_REVISIONS@DF_STES_REVISIONS(4.0),Short-term economic statistics revisions,I,USA,United States,M,Monthly,PRVM,Production volume,IX,Index,BTE,Industry (except construction),202507,July 2025,2020-10,,95.7,,A,Normal value,0,Units,1,One,2015,
DATAFLOW,OECD.SDD.STES:DSD_STES_REVISIONS@DF_STES_REVISIONS(4.0),Short-term economic statistics revisions,I,USA,United States,M,Monthly,PRVM,Production volume,IX,Index,BTE,Industry (except construction),202507,July 2025,2020-09,,95.07,,A,Normal value,0,Units,1,One,2015,
DATAFLOW,OECD.SDD.STES:DSD_STES_REVISIONS@DF_STES_REVISIONS(4.0),Short-term economic statistics revisions,I,USA,United States,M,Monthly,PRVM,Production volume,IX,Index,BTE,Industry (except construction),202507,July 2025,2020-08,,95.11,,A,Normal value,0,Units,1,One,2015,
DATAFLOW,OECD.SDD.STES:DSD_STES_REVISIONS@DF_STES_REVISIONS(4.0),Short-term economic statistics revisions,I,USA,United States,M,Monthly,PRVM,Production volume,IX,Index,BTE,Industry (except construction),202507,July 2025,2020-07,,94.19,,A,Normal value,0,Units,1,One,2015,
DATAFLOW,OECD.SDD.STES:DSD_STES_REVISIONS@DF_STES_REVISIONS(4.0),Short-term economic statistics revisions,I,USA,United States,M,Monthly,PRVM,Production volume,IX,Index,BTE,Industry (except construction),202507,July 2025,2020-06,,90.89,,A,Normal value,0,Units,1,One,2015,
DATAFLOW,OECD.SDD.STES:DSD_STES_REVISIONS@DF_STES_REVISIONS(4.0),Short-term economic statistics revisions,I,USA,United States,M,Monthly,PRVM,Production volume,IX,Index,BTE,Industry (except construction),202507,July 2025,2020-05,,85.28,,A,Normal value,0,Units,1,One,2015,
DATAFLOW,OECD.SDD.STES:DSD_STES_REVISIONS@DF_STES_REVISIONS(4.0),Short-term economic statistics revisions,I,USA,United States,M,Monthly,PRVM,Production volume,IX,Index,BTE,Industry (except construction),202507,July 2025,2020-04,,83.96,,A,Normal value,0,Units,1,One,2015,
DATAFLOW,OECD.SDD.STES:DSD_STES_REVISIONS@DF_STES_REVISIONS(4.0),Short-term economic statistics revisions,I,USA,United States,M,Monthly,PRVM,Production volume,IX,Index,BTE,Industry (except construction),202507,July 2025,2020-03,,96.77,,A,Normal value,0,Units,1,One,2015,
DATAFLOW,OECD.SDD.STES:DSD_STES_REVISIONS@DF_STES_REVISIONS(4.0),Short-term economic statistics revisions,I,USA,United States,M,Monthly,PRVM,Production volume,IX,Index,BTE,Industry (except construction),202507,July 2025,2020-02,,100.8,,A,Normal value,0,Units,1,One,2015,
DATAFLOW,OECD.SDD.STES:DSD_STES_REVISIONS@DF_STES_REVISIONS(4.0),Short-term economic statistics revisions,I,USA,United States,M,Monthly,PRVM,Production volume,IX,Index,BTE,Industry (except construction),202507,July 2025,2020-01,,100.47,,A,Normal value,0,Units,1,One,2015,
DATAFLOW,OECD.SDD.STES:DSD_STES_REVISIONS@DF_STES_REVISIONS(4.0),Short-term economic statistics revisions,I,USA,United States,M,Monthly,PRVM,Production volume,IX,Index,BTE,Industry (except construction),202505,May 2025,2025-03,,103,,A,Normal value,0,Units,1,One,2015,
DATAFLOW,OECD.SDD.STES:DSD_STES_REVISIONS@DF_STES_REVISIONS(4.0),Short-term economic statistics revisions,I,USA,United States,M,Monthly,PRVM,Production volume,IX,Index,BTE,Industry (except construction),202505,May 2025,2025-02,,103.33,,A,Normal value,0,Units,1,One,2015,
DATAFLOW,OECD.SDD.STES:DSD_STES_REVISIONS@DF_STES_REVISIONS(4.0),Short-term economic statistics revisions,I,USA,United States,M,Monthly,PRVM,Production volume,IX,Index,BTE,Industry (except construction),202505,May 2025,2025-01,,102.46,,A,Normal value,0,Units,1,One,2015,
DATAFLOW,OECD.SDD.STES:DSD_STES_REVISIONS@DF_STES_REVISIONS(4.0),Short-term economic statistics revisions,I,USA,United States,M,Monthly,PRVM,Production volume,IX,Index,BTE,Industry (except construction),202505,May 2025,2024-12,,102.24,,A,Normal value,0,Units,1,One,2015,
DATAFLOW,OECD.SDD.STES:DSD_STES_REVISIONS@DF_STES_REVISIONS(4.0),Short-term economic statistics revisions,I,USA,United States,M,Monthly,PRVM,Production volume,IX,Index,BTE,Industry (except construction),202505,May 2025,2024-11,,101.09,,A,Normal value,0,Units,1,One,2015,
DATAFLOW,OECD.SDD.STES:DSD_STES_REVISIONS@DF_STES_REVISIONS(4.0),Short-term economic statistics revisions,I,USA,United States,M,Monthly,PRVM,Production volume,IX,Index,BTE,Industry (except construction),202505,May 2025,2024-10,,101.34,,A,Normal value,0,Units,1,One,2015,
DATAFLOW,OECD.SDD.STES:DSD_STES_REVISIONS@DF_STES_REVISIONS(4.0),Short-term economic statistics revisions,I,USA,United States,M,Monthly,PRVM,Production volume,IX,Index,BTE,Industry (except construction),202505,May 2025,2024-09,,101.72,,A,Normal value,0,Units,1,One,2015,
DATAFLOW,OECD.SDD.STES:DSD_STES_REVISIONS@DF_STES_REVISIONS(4.0),Short-term economic statistics revisions,I,USA,United States,M,Monthly,PRVM,Production volume,IX,Index,BTE,Industry (except construction),202505,May 2025,2024-08,,102.14,,A,Normal value,0,Units,1,One,2015,
DATAFLOW,OECD.SDD.STES:DSD_STES_REVISIONS@DF_STES_REVISIONS(4.0),Short-term economic statistics revisions,I,USA,United States,M,Monthly,PRVM,Production volume,IX,Index,BTE,Industry (except construction),202505,May 2025,2024-07,,101.64,,A,Normal value,0,Units,1,One,2015,
DATAFLOW,OECD.SDD.STES:DSD_STES_REVISIONS@DF_STES_REVISIONS(4.0),Short-term economic statistics revisions,I,USA,United States,M,Monthly,PRVM,Production volume,IX,Index,BTE,Industry (except construction),202505,May 2025,2024-06,,102.37,,A,Normal value,0,Units,1,One,2015,
DATAFLOW,OECD.SDD.STES:DSD_STES_REVISIONS@DF_STES_REVISIONS(4.0),Short-term economic statistics revisions,I,USA,United States,M,Monthly,PRVM,Production volume,IX,Index,BTE,Industry (except construction),202505,May 2025,2024-05,,102.1,,A,Normal value,0,Units,1,One,2015,
DATAFLOW,OECD.SDD.STES:DSD_STES_REVISIONS@DF_STES_REVISIONS(4.0),Short-term economic statistics revisions,I,USA,United States,M,Monthly,PRVM,Production volume,IX,Index,BTE,Industry (except construction),202505,May 2025,2024-04,,101.48,,A,Normal value,0,Units,1,One,2015,
DATAFLOW,OECD.SDD.STES:DSD_STES_REVISIONS@DF_STES_REVISIONS(4.0),Short-term economic statistics revisions,I,USA,United States,M,Monthly,PRVM,Production volume,IX,Index,BTE,Industry (except construction),202505,May 2025,2024-03,,101.64,,A,Normal value,0,Units,1,One,2015,
DATAFLOW,OECD.SDD.STES:DSD_STES_REVISIONS@DF_STES_REVISIONS(4.0),Short-term economic statistics revisions,I,USA,United States,M,Monthly,PRVM,Production volume,IX,Index,BTE,Industry (except construction),202505,May 2025,2024-02,,101.85,,A,Normal value,0,Units,1,One,2015,
DATAFLOW,OECD.SDD.STES:DSD_STES_REVISIONS@DF_STES_REVISIONS(4.0),Short-term economic statistics revisions,I,USA,United States,M,Monthly,PRVM,Production volume,IX,Index,BTE,Industry (except construction),202505,May 2025,2024-01,,100.62,,A,Normal value,0,Units,1,One,2015,
DATAFLOW,OECD.SDD.STES:DSD_STES_REVISIONS@DF_STES_REVISIONS(4.0),Short-term economic statistics revisions,I,USA,United States,M,Monthly,PRVM,Production volume,IX,Index,BTE,Industry (except construction),202505,May 2025,2023-12,,101.75,,A,Normal value,0,Units,1,One,2015,
DATAFLOW,OECD.SDD.STES:DSD_STES_REVISIONS@DF_STES_REVISIONS(4.0),Short-term economic statistics revisions,I,USA,United States,M,Monthly,PRVM,Production volume,IX,Index,BTE,Industry (except construction),202505,May 2025,2023-11,,102.01,,A,Normal value,0,Units,1,One,2015,
DATAFLOW,OECD.SDD.STES:DSD_STES_REVISIONS@DF_STES_REVISIONS(4.0),Short-term economic statistics revisions,I,USA,United States,M,Monthly,PRVM,Production volume,IX,Index,BTE,Industry (except construction),202505,May 2025,2023-10,,101.7,,A,Normal value,0,Units,1,One,2015,
DATAFLOW,OECD.SDD.STES:DSD_STES_REVISIONS@DF_STES_REVISIONS(4.0),Short-term economic statistics revisions,I,USA,United States,M,Monthly,PRVM,Production volume,IX,Index,BTE,Industry (except construction),202505,May 2025,2023-09,,102.42,,A,Normal value,0,Units,1,One,2015,
DATAFLOW,OECD.SDD.STES:DSD_STES_REVISIONS@DF_STES_REVISIONS(4.0),Short-term economic statistics revisions,I,USA,United States,M,Monthly,PRVM,Production volume,IX,Index,BTE,Industry (except construction),202505,May 2025,2023-08,,102.21,,A,Normal value,0,Units,1,One,2015,
DATAFLOW,OECD.SDD.STES:DSD_STES_REVISIONS@DF_STES_REVISIONS(4.0),Short-term economic statistics revisions,I,USA,United States,M,Monthly,PRVM,Production volume,IX,Index,BTE,Industry (except construction),202505,May 2025,2023-07,,102.19,,A,Normal value,0,Units,1,One,2015,
DATAFLOW,OECD.SDD.STES:DSD_STES_REVISIONS@DF_STES_REVISIONS(4.0),Short-term economic statistics revisions,I,USA,United States,M,Monthly,PRVM,Production volume,IX,Index,BTE,Industry (except construction),202505,May 2025,2023-06,,101.51,,A,Normal value,0,Units,1,One,2015,
DATAFLOW,OECD.SDD.STES:DSD_STES_REVISIONS@DF_STES_REVISIONS(4.0),Short-term economic statistics revisions,I,USA,United States,M,Monthly,PRVM,Production volume,IX,Index,BTE,Industry (except construction),202505,May 2025,2023-05,,102.1,,A,Normal value,0,Units,1,One,2015,
DATAFLOW,OECD.SDD.STES:DSD_STES_REVISIONS@DF_STES_REVISIONS(4.0),Short-term economic statistics revisions,I,USA,United States,M,Monthly,PRVM,Production volume,IX,Index,BTE,Industry (except construction),202505,May 2025,2023-04,,102.34,,A,Normal value,0,Units,1,One,2015,
DATAFLOW,OECD.SDD.STES:DSD_STES_REVISIONS@DF_STES_REVISIONS(4.0),Short-term economic statistics revisions,I,USA,United States,M,Monthly,PRVM,Production volume,IX,Index,BTE,Industry (except construction),202505,May 2025,2023-03,,101.94,,A,Normal value,0,Units,1,One,2015,
DATAFLOW,OECD.SDD.STES:DSD_STES_REVISIONS@DF_STES_REVISIONS(4.0),Short-term economic statistics revisions,I,USA,United States,M,Monthly,PRVM,Production volume,IX,Index,BTE,Industry (except construction),202505,May 2025,2023-02,,101.92,,A,Normal value,0,Units,1,One,2015,
DATAFLOW,OECD.SDD.STES:DSD_STES_REVISIONS@DF_STES_REVISIONS(4.0),Short-term economic statistics revisions,I,USA,United States,M,Monthly,PRVM,Production volume,IX,Index,BTE,Industry (except construction),202505,May 2025,2023-01,,101.87,,A,Normal value,0,Units,1,One,2015,
DATAFLOW,OECD.SDD.STES:DSD_STES_REVISIONS@DF_STES_REVISIONS(4.0),Short-term economic statistics revisions,I,USA,United States,M,Monthly,PRVM,Production volume,IX,Index,BTE,Industry (except construction),202505,May 2025,2022-12,,100.96,,A,Normal value,0,Units,1,One,2015,
DATAFLOW,OECD.SDD.STES:DSD_STES_REVISIONS@DF_STES_REVISIONS(4.0),Short-term economic statistics revisions,I,USA,United States,M,Monthly,PRVM,Production volume,IX,Index,BTE,Industry (except construction),202505,May 2025,2022-11,,102.22,,A,Normal value,0,Units,1,One,2015,
DATAFLOW,OECD.SDD.STES:DSD_STES_REVISIONS@DF_STES_REVISIONS(4.0),Short-term economic statistics revisions,I,USA,United States,M,Monthly,PRVM,Production volume,IX,Index,BTE,Industry (except construction),202505,May 2025,2022-10,,102.56,,A,Normal value,0,Units,1,One,2015,
DATAFLOW,OECD.SDD.STES:DSD_STES_REVISIONS@DF_STES_REVISIONS(4.0),Short-term economic statistics revisions,I,USA,United States,M,Monthly,PRVM,Production volume,IX,Index,BTE,Industry (except construction),202505,May 2025,2022-09,,102.65,,A,Normal value,0,Units,1,One,2015,
DATAFLOW,OECD.SDD.STES:DSD_STES_REVISIONS@DF_STES_REVISIONS(4.0),Short-term economic statistics revisions,I,USA,United States,M,Monthly,PRVM,Production volume,IX,Index,BTE,Industry (except construction),202505,May 2025,2022-08,,102.29,,A,Normal value,0,Units,1,One,2015,
DATAFLOW,OECD.SDD.STES:DSD_STES_REVISIONS@DF_STES_REVISIONS(4.0),Short-term economic statistics revisions,I,USA,United States,M,Monthly,PRVM,Production volume,IX,Index,BTE,Industry (except construction),202505,May 2025,2022-07,,102.17,,A,Normal value,0,Units,1,One,2015,
DATAFLOW,OECD.SDD.STES:DSD_STES_REVISIONS@DF_STES_REVISIONS(4.0),Short-term economic statistics revisions,I,USA,United States,M,Monthly,PRVM,Production volume,IX,Index,BTE,Industry (except construction),202505,May 2025,2022-06,,101.94,,A,Normal value,0,Units,1,One,2015,
DATAFLOW,OECD.SDD.STES:DSD_STES_REVISIONS@DF_STES_REVISIONS(4.0),Short-term economic statistics revisions,I,USA,United States,M,Monthly,PRVM,Production volume,IX,Index,BTE,Industry (except construction),202505,May 2025,2022-05,,102.09,,A,Normal value,0,Units,1,One,2015,
DATAFLOW,OECD.SDD.STES:DSD_STES_REVISIONS@DF_STES_REVISIONS(4.0),Short-term economic statistics revisions,I,USA,United States,M,Monthly,PRVM,Production volume,IX,Index,BTE,Industry (except construction),202505,May 2025,2022-04,,102.02,,A,Normal value,0,Units,1,One,2015,
DATAFLOW,OECD.SDD.STES:DSD_STES_REVISIONS@DF_STES_REVISIONS(4.0),Short-term economic statistics revisions,I,USA,United States,M,Monthly,PRVM,Production volume,IX,Index,BTE,Industry (except construction),202505,May 2025,2022-03,,101.8,,A,Normal value,0,Units,1,One,2015,
DATAFLOW,OECD.SDD.STES:DSD_STES_REVISIONS@DF_STES_REVISIONS(4.0),Short-term economic statistics revisions,I,USA,United States,M,Monthly,PRVM,Production volume,IX,Index,BTE,Industry (except construction),202505,May 2025,2022-02,,100.98,,A,Normal value,0,Units,1,One,2015,
DATAFLOW,OECD.SDD.STES:DSD_STES_REVISIONS@DF_STES_REVISIONS(4.0),Short-term economic statistics revisions,I,USA,United States,M,Monthly,PRVM,Production volume,IX,Index,BTE,Industry (except construction),202505,May 2025,2022-01,,100.35,,A,Normal value,0,Units,1,One,2015,
DATAFLOW,OECD.SDD.STES:DSD_STES_REVISIONS@DF_STES_REVISIONS(4.0),Short-term economic statistics revisions,I,USA,United States,M,Monthly,PRVM,Production volume,IX,Index,BTE,Industry (except construction),202505,May 2025,2021-12,,100.33,,A,Normal value,0,Units,1,One,2015,
DATAFLOW,OECD.SDD.STES:DSD_STES_REVISIONS@DF_STES_REVISIONS(4.0),Short-term economic statistics revisions,I,USA,United States,M,Monthly,PRVM,Production volume,IX,Index,BTE,Industry (except construction),202505,May 2025,2021-11,,100.4,,A,Normal value,0,Units,1,One,2015,
DATAFLOW,OECD.SDD.STES:DSD_STES_REVISIONS@DF_STES_REVISIONS(4.0),Short-term economic statistics revisions,I,USA,United States,M,Monthly,PRVM,Production volume,IX,Index,BTE,Industry (except construction),202505,May 2025,2021-10,,99.5,,A,Normal value,0,Units,1,One,2015,
DATAFLOW,OECD.SDD.STES:DSD_STES_REVISIONS@DF_STES_REVISIONS(4.0),Short-term economic statistics revisions,I,USA,United States,M,Monthly,PRVM,Production volume,IX,Index,BTE,Industry (except construction),202505,May 2025,2021-09,,98.15,,A,Normal value,0,Units,1,One,2015,
DATAFLOW,OECD.SDD.STES:DSD_STES_REVISIONS@DF_STES_REVISIONS(4.0),Short-term economic statistics revisions,I,USA,United States,M,Monthly,PRVM,Production volume,IX,Index,BTE,Industry (except construction),202505,May 2025,2021-08,,99.19,,A,Normal value,0,Units,1,One,2015,
DATAFLOW,OECD.SDD.STES:DSD_STES_REVISIONS@DF_STES_REVISIONS(4.0),Short-term economic statistics revisions,I,USA,United States,M,Monthly,PRVM,Production volume,IX,Index,BTE,Industry (except construction),202505,May 2025,2021-07,,99.21,,A,Normal value,0,Units,1,One,2015,
DATAFLOW,OECD.SDD.STES:DSD_STES_REVISIONS@DF_STES_REVISIONS(4.0),Short-term economic statistics revisions,I,USA,United States,M,Monthly,PRVM,Production volume,IX,Index,BTE,Industry (except construction),202505,May 2025,2021-06,,98.8,,A,Normal value,0,Units,1,One,2015,
DATAFLOW,OECD.SDD.STES:DSD_STES_REVISIONS@DF_STES_REVISIONS(4.0),Short-term economic statistics revisions,I,USA,United States,M,Monthly,PRVM,Production volume,IX,Index,BTE,Industry (except construction),202505,May 2025,2021-05,,98.34,,A,Normal value,0,Units,1,One,2015,
DATAFLOW,OECD.SDD.STES:DSD_STES_REVISIONS@DF_STES_REVISIONS(4.0),Short-term economic statistics revisions,I,USA,United States,M,Monthly,PRVM,Production volume,IX,Index,BTE,Industry (except construction),202505,May 2025,2021-04,,97.49,,A,Normal value,0,Units,1,One,2015,
DATAFLOW,OECD.SDD.STES:DSD_STES_REVISIONS@DF_STES_REVISIONS(4.0),Short-term economic statistics revisions,I,USA,United States,M,Monthly,PRVM,Production volume,IX,Index,BTE,Industry (except construction),202505,May 2025,2021-03,,97.35,,A,Normal value,0,Units,1,One,2015,
DATAFLOW,OECD.SDD.STES:DSD_STES_REVISIONS@DF_STES_REVISIONS(4.0),Short-term economic statistics revisions,I,USA,United States,M,Monthly,PRVM,Production volume,IX,Index,BTE,Industry (except construction),202505,May 2025,2021-02,,94.69,,A,Normal value,0,Units,1,One,2015,
DATAFLOW,OECD.SDD.STES:DSD_STES_REVISIONS@DF_STES_REVISIONS(4.0),Short-term economic statistics revisions,I,USA,United States,M,Monthly,PRVM,Production volume,IX,Index,BTE,Industry (except construction),202505,May 2025,2021-01,,97.97,,A,Normal value,0,Units,1,One,2015,
DATAFLOW,OECD.SDD.STES:DSD_STES_REVISIONS@DF_STES_REVISIONS(4.0),Short-term economic statistics revisions,I,USA,United States,M,Monthly,PRVM,Production volume,IX,Index,BTE,Industry (except construction),202505,May 2025,2020-12,,97.36,,A,Normal value,0,Units,1,One,2015,
DATAFLOW,OECD.SDD.STES:DSD_STES_REVISIONS@DF_STES_REVISIONS(4.0),Short-term economic statistics revisions,I,USA,United States,M,Monthly,PRVM,Production volume,IX,Index,BTE,Industry (except construction),202505,May 2025,2020-11,,96.12,,A,Normal value,0,Units,1,One,2015,
DATAFLOW,OECD.SDD.STES:DSD_STES_REVISIONS@DF_STES_REVISIONS(4.0),Short-term economic statistics revisions,I,USA,United States,M,Monthly,PRVM,Production volume,IX,Index,BTE,Industry (except construction),202505,May 2025,2020-10,,95.7,,A,Normal value,0,Units,1,One,2015,
DATAFLOW,OECD.SDD.STES:DSD_STES_REVISIONS@DF_STES_REVISIONS(4.0),Short-term economic statistics revisions,I,USA,United States,M,Monthly,PRVM,Production volume,IX,Index,BTE,Industry (except construction),202505,May 2025,2020-09,,95.07,,A,Normal value,0,Units,1,One,2015,
DATAFLOW,OECD.SDD.STES:DSD_STES_REVISIONS@DF_STES_REVISIONS(4.0),Short-term economic statistics revisions,I,USA,United States,M,Monthly,PRVM,Production volume,IX,Index,BTE,Industry (except construction),202505,May 2025,2020-08,,95.11,,A,Normal value,0,Units,1,One,2015,
DATAFLOW,OECD.SDD.STES:DSD_STES_REVISIONS@DF_STES_REVISIONS(4.0),Short-term economic statistics revisions,I,USA,United States,M,Monthly,PRVM,Production volume,IX,Index,BTE,Industry (except construction),202505,May 2025,2020-07,,94.19,,A,Normal value,0,Units,1,One,2015,
DATAFLOW,OECD.SDD.STES:DSD_STES_REVISIONS@DF_STES_REVISIONS(4.0),Short-term economic statistics revisions,I,USA,United States,M,Monthly,PRVM,Production volume,IX,Index,BTE,Industry (except construction),202505,May 2025,2020-06,,90.89,,A,Normal value,0,Units,1,One,2015,
DATAFLOW,OECD.SDD.STES:DSD_STES_REVISIONS@DF_STES_REVISIONS(4.0),Short-term economic statistics revisions,I,USA,United States,M,Monthly,PRVM,Production volume,IX,Index,BTE,Industry (except construction),202505,May 2025,2020-05,,85.28,,A,Normal value,0,Units,1,One,2015,
DATAFLOW,OECD.SDD.STES:DSD_STES_REVISIONS@DF_STES_REVISIONS(4.0),Short-term economic statistics revisions,I,USA,United States,M,Monthly,PRVM,Production volume,IX,Index,BTE,Industry (except construction),202505,May 2025,2020-04,,83.96,,A,Normal value,0,Units,1,One,2015,
DATAFLOW,OECD.SDD.STES:DSD_STES_REVISIONS@DF_STES_REVISIONS(4.0),Short-term economic statistics revisions,I,USA,United States,M,Monthly,PRVM,Production volume,IX,Index,BTE,Industry (except construction),202505,May 2025,2020-03,,96.77,,A,Normal value,0,Units,1,One,2015,
DATAFLOW,OECD.SDD.STES:DSD_STES_REVISIONS@DF_STES_REVISIONS(4.0),Short-term economic statistics revisions,I,USA,United States,M,Monthly,PRVM,Production volume,IX,Index,BTE,Industry (except construction),202505,May 2025,2020-02,,100.8,,A,Normal value,0,Units,1,One,2015,
DATAFLOW,OECD.SDD.STES:DSD_STES_REVISIONS@DF_STES_REVISIONS(4.0),Short-term economic statistics revisions,I,USA,United States,M,Monthly,PRVM,Production volume,IX,Index,BTE,Industry (except construction),202505,May 2025,2020-01,,100.47,,A,Normal value,0,Units,1,One,2015,
DATAFLOW,OECD.SDD.STES:DSD_STES_REVISIONS@DF_STES_REVISIONS(4.0),Short-term economic statistics revisions,I,USA,United States,M,Monthly,PRVM,Production volume,IX,Index,BTE,Industry (except construction),202503,March 2025,2025-01,,102.63,,A,Normal value,0,Units,1,One,2015,
DATAFLOW,OECD.SDD.STES:DSD_STES_REVISIONS@DF_STES_REVISIONS(4.0),Short-term economic statistics revisions,I,USA,United States,M,Monthly,PRVM,Production volume,IX,Index,BTE,Industry (except construction),202503,March 2025,2024-12,,102.1,,A,Normal value,0,Units,1,One,2015,
DATAFLOW,OECD.SDD.STES:DSD_STES_REVISIONS@DF_STES_REVISIONS(4.0),Short-term economic statistics revisions,I,USA,United States,M,Monthly,PRVM,Production volume,IX,Index,BTE,Industry (except construction),202503,March 2025,2024-11,,101.1,,A,Normal value,0,Units,1,One,2015,
DATAFLOW,OECD.SDD.STES:DSD_STES_REVISIONS@DF_STES_REVISIONS(4.0),Short-term economic statistics revisions,I,USA,United States,M,Monthly,PRVM,Production volume,IX,Index,BTE,Industry (except construction),202503,March 2025,2024-10,,101.25,,A,Normal value,0,Units,1,One,2015,
DATAFLOW,OECD.SDD.STES:DSD_STES_REVISIONS@DF_STES_REVISIONS(4.0),Short-term economic statistics revisions,I,USA,United States,M,Monthly,PRVM,Production volume,IX,Index,BTE,Industry (except construction),202503,March 2025,2024-09,,101.71,,A,Normal value,0,Units,1,One,2015,
DATAFLOW,OECD.SDD.STES:DSD_STES_REVISIONS@DF_STES_REVISIONS(4.0),Short-term economic statistics revisions,I,USA,United States,M,Monthly,PRVM,Production volume,IX,Index,BTE,Industry (except construction),202503,March 2025,2024-08,,102.14,,A,Normal value,0,Units,1,One,2015,
DATAFLOW,OECD.SDD.STES:DSD_STES_REVISIONS@DF_STES_REVISIONS(4.0),Short-term economic statistics revisions,I,USA,United States,M,Monthly,PRVM,Production volume,IX,Index,BTE,Industry (except construction),202503,March 2025,2024-07,,101.64,,A,Normal value,0,Units,1,One,2015,
DATAFLOW,OECD.SDD.STES:DSD_STES_REVISIONS@DF_STES_REVISIONS(4.0),Short-term economic statistics revisions,I,USA,United States,M,Monthly,PRVM,Production volume,IX,Index,BTE,Industry (except construction),202503,March 2025,2024-06,,102.37,,A,Normal value,0,Units,1,One,2015,
DATAFLOW,OECD.SDD.STES:DSD_STES_REVISIONS@DF_STES_REVISIONS(4.0),Short-term economic statistics revisions,I,USA,United States,M,Monthly,PRVM,Production volume,IX,Index,BTE,Industry (except construction),202503,March 2025,2024-05,,102.1,,A,Normal value,0,Units,1,One,2015,
DATAFLOW,OECD.SDD.STES:DSD_STES_REVISIONS@DF_STES_REVISIONS(4.0),Short-term economic statistics revisions,I,USA,United States,M,Monthly,PRVM,Production volume,IX,Index,BTE,Industry (except construction),202503,March 2025,2024-04,,101.48,,A,Normal value,0,Units,1,One,2015,
DATAFLOW,OECD.SDD.STES:DSD_STES_REVISIONS@DF_STES_REVISIONS(4.0),Short-term economic statistics revisions,I,USA,United States,M,Monthly,PRVM,Production volume,IX,Index,BTE,Industry (except construction),202503,March 2025,2024-03,,101.64,,A,Normal value,0,Units,1,One,2015,
DATAFLOW,OECD.SDD.STES:DSD_STES_REVISIONS@DF_STES_REVISIONS(4.0),Short-term economic statistics revisions,I,USA,United States,M,Monthly,PRVM,Production volume,IX,Index,BTE,Industry (except construction),202503,March 2025,2024-02,,101.85,,A,Normal value,0,Units,1,One,2015,
DATAFLOW,OECD.SDD.STES:DSD_STES_REVISIONS@DF_STES_REVISIONS(4.0),Short-term economic statistics revisions,I,USA,United States,M,Monthly,PRVM,Production volume,IX,Index,BTE,Industry (except construction),202503,March 2025,2024-01,,100.62,,A,Normal value,0,Units,1,One,2015,
DATAFLOW,OECD.SDD.STES:DSD_STES_REVISIONS@DF_STES_REVISIONS(4.0),Short-term economic statistics revisions,I,USA,United States,M,Monthly,PRVM,Production volume,IX,Index,BTE,Industry (except construction),202503,March 2025,2023-12,,101.75,,A,Normal value,0,Units,1,One,2015,
DATAFLOW,OECD.SDD.STES:DSD_STES_REVISIONS@DF_STES_REVISIONS(4.0),Short-term economic statistics revisions,I,USA,United States,M,Monthly,PRVM,Production volume,IX,Index,BTE,Industry (except construction),202503,March 2025,2023-11,,102.01,,A,Normal value,0,Units,1,One,2015,
DATAFLOW,OECD.SDD.STES:DSD_STES_REVISIONS@DF_STES_REVISIONS(4.0),Short-term economic statistics revisions,I,USA,United States,M,Monthly,PRVM,Production volume,IX,Index,BTE,Industry (except construction),202503,March 2025,2023-10,,101.7,,A,Normal value,0,Units,1,One,2015,
DATAFLOW,OECD.SDD.STES:DSD_STES_REVISIONS@DF_STES_REVISIONS(4.0),Short-term economic statistics revisions,I,USA,United States,M,Monthly,PRVM,Production volume,IX,Index,BTE,Industry (except construction),202503,March 2025,2023-09,,102.42,,A,Normal value,0,Units,1,One,2015,
DATAFLOW,OECD.SDD.STES:DSD_STES_REVISIONS@DF_STES_REVISIONS(4.0),Short-term economic statistics revisions,I,USA,United States,M,Monthly,PRVM,Production volume,IX,Index,BTE,Industry (except construction),202503,March 2025,2023-08,,102.21,,A,Normal value,0,Units,1,One,2015,
DATAFLOW,OECD.SDD.STES:DSD_STES_REVISIONS@DF_STES_REVISIONS(4.0),Short-term economic statistics revisions,I,USA,United States,M,Monthly,PRVM,Production volume,IX,Index,BTE,Industry (except construction),202503,March 2025,2023-07,,102.19,,A,Normal value,0,Units,1,One,2015,
DATAFLOW,OECD.SDD.STES:DSD_STES_REVISIONS@DF_STES_REVISIONS(4.0),Short-term economic statistics revisions,I,USA,United States,M,Monthly,PRVM,Production volume,IX,Index,BTE,Industry (except construction),202503,March 2025,2023-06,,101.51,,A,Normal value,0,Units,1,One,2015,
DATAFLOW,OECD.SDD.STES:DSD_STES_REVISIONS@DF_STES_REVISIONS(4.0),Short-term economic statistics revisions,I,USA,United States,M,Monthly,PRVM,Production volume,IX,Index,BTE,Industry (except construction),202503,March 2025,2023-05,,102.1,,A,Normal value,0,Units,1,One,2015,
DATAFLOW,OECD.SDD.STES:DSD_STES_REVISIONS@DF_STES_REVISIONS(4.0),Short-term economic statistics revisions,I,USA,United States,M,Monthly,PRVM,Production volume,IX,Index,BTE,Industry (except construction),202503,March 2025,2023-04,,102.34,,A,Normal value,0,Units,1,One,2015,
DATAFLOW,OECD.SDD.STES:DSD_STES_REVISIONS@DF_STES_REVISIONS(4.0),Short-term economic statistics revisions,I,USA,United States,M,Monthly,PRVM,Production volume,IX,Index,BTE,Industry (except construction),202503,March 2025,2023-03,,101.94,,A,Normal value,0,Units,1,One,2015,
DATAFLOW,OECD.SDD.STES:DSD_STES_REVISIONS@DF_STES_REVISIONS(4.0),Short-term economic statistics revisions,I,USA,United States,M,Monthly,PRVM,Production volume,IX,Index,BTE,Industry (except construction),202503,March 2025,2023-02,,101.92,,A,Normal value,0,Units,1,One,2015,
DATAFLOW,OECD.SDD.STES:DSD_STES_REVISIONS@DF_STES_REVISIONS(4.0),Short-term economic statistics revisions,I,USA,United States,M,Monthly,PRVM,Production volume,IX,Index,BTE,Industry (except construction),202503,March 2025,2023-01,,101.87,,A,Normal value,0,Units,1,One,2015,
DATAFLOW,OECD.SDD.STES:DSD_STES_REVISIONS@DF_STES_REVISIONS(4.0),Short-term economic statistics revisions,I,USA,United States,M,Monthly,PRVM,Production volume,IX,Index,BTE,Industry (except construction),202503,March 2025,2022-12,,100.96,,A,Normal value,0,Units,1,One,2015,
DATAFLOW,OECD.SDD.STES:DSD_STES_REVISIONS@DF_STES_REVISIONS(4.0),Short-term economic statistics revisions,I,USA,United States,M,Monthly,PRVM,Production volume,IX,Index,BTE,Industry (except construction),202503,March 2025,2022-11,,102.22,,A,Normal value,0,Units,1,One,2015,
DATAFLOW,OECD.SDD.STES:DSD_STES_REVISIONS@DF_STES_REVISIONS(4.0),Short-term economic statistics revisions,I,USA,United States,M,Monthly,PRVM,Production volume,IX,Index,BTE,Industry (except construction),202503,March 2025,2022-10,,102.56,,A,Normal value,0,Units,1,One,2015,
DATAFLOW,OECD.SDD.STES:DSD_STES_REVISIONS@DF_STES_REVISIONS(4.0),Short-term economic statistics revisions,I,USA,United States,M,Monthly,PRVM,Production volume,IX,Index,BTE,Industry (except construction),202503,March 2025,2022-09,,102.65,,A,Normal value,0,Units,1,One,2015,
DATAFLOW,OECD.SDD.STES:DSD_STES_REVISIONS@DF_STES_REVISIONS(4.0),Short-term economic statistics revisions,I,USA,United States,M,Monthly,PRVM,Production volume,IX,Index,BTE,Industry (except construction),202503,March 2025,2022-08,,102.29,,A,Normal value,0,Units,1,One,2015,
DATAFLOW,OECD.SDD.STES:DSD_STES_REVISIONS@DF_STES_REVISIONS(4.0),Short-term economic statistics revisions,I,USA,United States,M,Monthly,PRVM,Production volume,IX,Index,BTE,Industry (except construction),202503,March 2025,2022-07,,102.17,,A,Normal value,0,Units,1,One,2015,
DATAFLOW,OECD.SDD.STES:DSD_STES_REVISIONS@DF_STES_REVISIONS(4.0),Short-term economic statistics revisions,I,USA,United States,M,Monthly,PRVM,Production volume,IX,Index,BTE,Industry (except construction),202503,March 2025,2022-06,,101.94,,A,Normal value,0,Units,1,One,2015,
DATAFLOW,OECD.SDD.STES:DSD_STES_REVISIONS@DF_STES_REVISIONS(4.0),Short-term economic statistics revisions,I,USA,United States,M,Monthly,PRVM,Production volume,IX,Index,BTE,Industry (except construction),202503,March 2025,2022-05,,102.09,,A,Normal value,0,Units,1,One,2015,
DATAFLOW,OECD.SDD.STES:DSD_STES_REVISIONS@DF_STES_REVISIONS(4.0),Short-term economic statistics revisions,I,USA,United States,M,Monthly,PRVM,Production volume,IX,Index,BTE,Industry (except construction),202503,March 2025,2022-04,,102.02,,A,Normal value,0,Units,1,One,2015,
DATAFLOW,OECD.SDD.STES:DSD_STES_REVISIONS@DF_STES_REVISIONS(4.0),Short-term economic statistics revisions,I,USA,United States,M,Monthly,PRVM,Production volume,IX,Index,BTE,Industry (except construction),202503,March 2025,2022-03,,101.8,,A,Normal value,0,Units,1,One,2015,
DATAFLOW,OECD.SDD.STES:DSD_STES_REVISIONS@DF_STES_REVISIONS(4.0),Short-term economic statistics revisions,I,USA,United States,M,Monthly,PRVM,Production volume,IX,Index,BTE,Industry (except construction),202503,March 2025,2022-02,,100.98,,A,Normal value,0,Units,1,One,2015,
DATAFLOW,OECD.SDD.STES:DSD_STES_REVISIONS@DF_STES_REVISIONS(4.0),Short-term economic statistics revisions,I,USA,United States,M,Monthly,PRVM,Production volume,IX,Index,BTE,Industry (except construction),202503,March 2025,2022-01,,100.35,,A,Normal value,0,Units,1,One,2015,
DATAFLOW,OECD.SDD.STES:DSD_STES_REVISIONS@DF_STES_REVISIONS(4.0),Short-term economic statistics revisions,I,USA,United States,M,Monthly,PRVM,Production volume,IX,Index,BTE,Industry (except construction),202503,March 2025,2021-12,,100.33,,A,Normal value,0,Units,1,One,2015,
DATAFLOW,OECD.SDD.STES:DSD_STES_REVISIONS@DF_STES_REVISIONS(4.0),Short-term economic statistics revisions,I,USA,United States,M,Monthly,PRVM,Production volume,IX,Index,BTE,Industry (except construction),202503,March 2025,2021-11,,100.4,,A,Normal value,0,Units,1,One,2015,
DATAFLOW,OECD.SDD.STES:DSD_STES_REVISIONS@DF_STES_REVISIONS(4.0),Short-term economic statistics revisions,I,USA,United States,M,Monthly,PRVM,Production volume,IX,Index,BTE,Industry (except construction),202503,March 2025,2021-10,,99.5,,A,Normal value,0,Units,1,One,2015,
DATAFLOW,OECD.SDD.STES:DSD_STES_REVISIONS@DF_STES_REVISIONS(4.0),Short-term economic statistics revisions,I,USA,United States,M,Monthly,PRVM,Production volume,IX,Index,BTE,Industry (except construction),202503,March 2025,2021-09,,98.15,,A,Normal value,0,Units,1,One,2015,
DATAFLOW,OECD.SDD.STES:DSD_STES_REVISIONS@DF_STES_REVISIONS(4.0),Short-term economic statistics revisions,I,USA,United States,M,Monthly,PRVM,Production volume,IX,Index,BTE,Industry (except construction),202503,March 2025,2021-08,,99.19,,A,Normal value,0,Units,1,One,2015,
DATAFLOW,OECD.SDD.STES:DSD_STES_REVISIONS@DF_STES_REVISIONS(4.0),Short-term economic statistics revisions,I,USA,United States,M,Monthly,PRVM,Production volume,IX,Index,BTE,Industry (except construction),202503,March 2025,2021-07,,99.21,,A,Normal value,0,Units,1,One,2015,
DATAFLOW,OECD.SDD.STES:DSD_STES_REVISIONS@DF_STES_REVISIONS(4.0),Short-term economic statistics revisions,I,USA,United States,M,Monthly,PRVM,Production volume,IX,Index,BTE,Industry (except construction),202503,March 2025,2021-06,,98.8,,A,Normal value,0,Units,1,One,2015,
DATAFLOW,OECD.SDD.STES:DSD_STES_REVISIONS@DF_STES_REVISIONS(4.0),Short-term economic statistics revisions,I,USA,United States,M,Monthly,PRVM,Production volume,IX,Index,BTE,Industry (except construction),202503,March 2025,2021-05,,98.34,,A,Normal value,0,Units,1,One,2015,
DATAFLOW,OECD.SDD.STES:DSD_STES_REVISIONS@DF_STES_REVISIONS(4.0),Short-term economic statistics revisions,I,USA,United States,M,Monthly,PRVM,Production volume,IX,Index,BTE,Industry (except construction),202503,March 2025,2021-04,,97.49,,A,Normal value,0,Units,1,One,2015,
DATAFLOW,OECD.SDD.STES:DSD_STES_REVISIONS@DF_STES_REVISIONS(4.0),Short-term economic statistics revisions,I,USA,United States,M,Monthly,PRVM,Production volume,IX,Index,BTE,Industry (except construction),202503,March 2025,2021-03,,97.35,,A,Normal value,0,Units,1,One,2015,
DATAFLOW,OECD.SDD.STES:DSD_STES_REVISIONS@DF_STES_REVISIONS(4.0),Short-term economic statistics revisions,I,USA,United States,M,Monthly,PRVM,Production volume,IX,Index,BTE,Industry (except construction),202503,March 2025,2021-02,,94.69,,A,Normal value,0,Units,1,One,2015,
DATAFLOW,OECD.SDD.STES:DSD_STES_REVISIONS@DF_STES_REVISIONS(4.0),Short-term economic statistics revisions,I,USA,United States,M,Monthly,PRVM,Production volume,IX,Index,BTE,Industry (except construction),202503,March 2025,2021-01,,97.97,,A,Normal value,0,Units,1,One,2015,
DATAFLOW,OECD.SDD.STES:DSD_STES_REVISIONS@DF_STES_REVISIONS(4.0),Short-term economic statistics revisions,I,USA,United States,M,Monthly,PRVM,Production volume,IX,Index,BTE,Industry (except construction),202503,March 2025,2020-12,,97.36,,A,Normal value,0,Units,1,One,2015,
DATAFLOW,OECD.SDD.STES:DSD_STES_REVISIONS@DF_STES_REVISIONS(4.0),Short-term economic statistics revisions,I,USA,United States,M,Monthly,PRVM,Production volume,IX,Index,BTE,Industry (except construction),202503,March 2025,2020-11,,96.12,,A,Normal value,0,Units,1,One,2015,
DATAFLOW,OECD.SDD.STES:DSD_STES_REVISIONS@DF_STES_REVISIONS(4.0),Short-term economic statistics revisions,I,USA,United States,M,Monthly,PRVM,Production volume,IX,Index,BTE,Industry (except construction),202503,March 2025,2020-10,,95.7,,A,Normal value,0,Units,1,One,2015,
DATAFLOW,OECD.SDD.STES:DSD_STES_REVISIONS@DF_STES_REVISIONS(4.0),Short-term economic statistics revisions,I,USA,United States,M,Monthly,PRVM,Production volume,IX,Index,BTE,Industry (except construction),202503,March 2025,2020-09,,95.07,,A,Normal value,0,Units,1,One,2015,
DATAFLOW,OECD.SDD.STES:DSD_STES_REVISIONS@DF_STES_REVISIONS(4.0),Short-term economic statistics revisions,I,USA,United States,M,Monthly,PRVM,Production volume,IX,Index,BTE,Industry (except construction),202503,March 2025,2020-08,,95.11,,A,Normal value,0,Units,1,One,2015,
DATAFLOW,OECD.SDD.STES:DSD_STES_REVISIONS@DF_STES_REVISIONS(4.0),Short-term economic statistics revisions,I,USA,United States,M,Monthly,PRVM,Production volume,IX,Index,BTE,Industry (except construction),202503,March 2025,2020-07,,94.19,,A,Normal value,0,Units,1,One,2015,
DATAFLOW,OECD.SDD.STES:DSD_STES_REVISIONS@DF_STES_REVISIONS(4.0),Short-term economic statistics revisions,I,USA,United States,M,Monthly,PRVM,Production volume,IX,Index,BTE,Industry (except construction),202503,March 2025,2020-06,,90.89,,A,Normal value,0,Units,1,One,2015,
DATAFLOW,OECD.SDD.STES:DSD_STES_REVISIONS@DF_STES_REVISIONS(4.0),Short-term economic statistics revisions,I,USA,United States,M,Monthly,PRVM,Production volume,IX,Index,BTE,Industry (except construction),202503,March 2025,2020-05,,85.28,,A,Normal value,0,Units,1,One,2015,
DATAFLOW,OECD.SDD.STES:DSD_STES_REVISIONS@DF_STES_REVISIONS(4.0),Short-term economic statistics revisions,I,USA,United States,M,Monthly,PRVM,Production volume,IX,Index,BTE,Industry (except construction),202503,March 2025,2020-04,,83.96,,A,Normal value,0,Units,1,One,2015,
DATAFLOW,OECD.SDD.STES:DSD_STES_REVISIONS@DF_STES_REVISIONS(4.0),Short-term economic statistics revisions,I,USA,United States,M,Monthly,PRVM,Production volume,IX,Index,BTE,Industry (except construction),202503,March 2025,2020-03,,96.77,,A,Normal value,0,Units,1,One,2015,
DATAFLOW,OECD.SDD.STES:DSD_STES_REVISIONS@DF_STES_REVISIONS(4.0),Short-term economic statistics revisions,I,USA,United States,M,Monthly,PRVM,Production volume,IX,Index,BTE,Industry (except construction),202503,March 2025,2020-02,,100.8,,A,Normal value,0,Units,1,One,2015,
DATAFLOW,OECD.SDD.STES:DSD_STES_REVISIONS@DF_STES_REVISIONS(4.0),Short-term economic statistics revisions,I,USA,United States,M,Monthly,PRVM,Production volume,IX,Index,BTE,Industry (except construction),202503,March 2025,2020-01,,100.47,,A,Normal value,0,Units,1,One,2015,
DATAFLOW,OECD.SDD.STES:DSD_STES_REVISIONS@DF_STES_REVISIONS(4.0),Short-term economic statistics revisions,I,USA,United States,M,Monthly,PRVM,Production volume,IX,Index,BTE,Industry (except construction),202504,April 2025,2025-02,,103.32,,A,Normal value,0,Units,1,One,2015,
DATAFLOW,OECD.SDD.STES:DSD_STES_REVISIONS@DF_STES_REVISIONS(4.0),Short-term economic statistics revisions,I,USA,United States,M,Monthly,PRVM,Production volume,IX,Index,BTE,Industry (except construction),202504,April 2025,2025-01,,102.55,,A,Normal value,0,Units,1,One,2015,
DATAFLOW,OECD.SDD.STES:DSD_STES_REVISIONS@DF_STES_REVISIONS(4.0),Short-term economic statistics revisions,I,USA,United States,M,Monthly,PRVM,Production volume,IX,Index,BTE,Industry (except construction),202504,April 2025,2024-12,,102.28,,A,Normal value,0,Units,1,One,2015,
DATAFLOW,OECD.SDD.STES:DSD_STES_REVISIONS@DF_STES_REVISIONS(4.0),Short-term economic statistics revisions,I,USA,United States,M,Monthly,PRVM,Production volume,IX,Index,BTE,Industry (except construction),202504,April 2025,2024-11,,101.15,,A,Normal value,0,Units,1,One,2015,
DATAFLOW,OECD.SDD.STES:DSD_STES_REVISIONS@DF_STES_REVISIONS(4.0),Short-term economic statistics revisions,I,USA,United States,M,Monthly,PRVM,Production volume,IX,Index,BTE,Industry (except construction),202504,April 2025,2024-10,,101.39,,A,Normal value,0,Units,1,One,2015,
DATAFLOW,OECD.SDD.STES:DSD_STES_REVISIONS@DF_STES_REVISIONS(4.0),Short-term economic statistics revisions,I,USA,United States,M,Monthly,PRVM,Production volume,IX,Index,BTE,Industry (except construction),202504,April 2025,2024-09,,101.72,,A,Normal value,0,Units,1,One,2015,
DATAFLOW,OECD.SDD.STES:DSD_STES_REVISIONS@DF_STES_REVISIONS(4.0),Short-term economic statistics revisions,I,USA,United States,M,Monthly,PRVM,Production volume,IX,Index,BTE,Industry (except construction),202504,April 2025,2024-08,,102.14,,A,Normal value,0,Units,1,One,2015,
DATAFLOW,OECD.SDD.STES:DSD_STES_REVISIONS@DF_STES_REVISIONS(4.0),Short-term economic statistics revisions,I,USA,United States,M,Monthly,PRVM,Production volume,IX,Index,BTE,Industry (except construction),202504,April 2025,2024-07,,101.64,,A,Normal value,0,Units,1,One,2015,
DATAFLOW,OECD.SDD.STES:DSD_STES_REVISIONS@DF_STES_REVISIONS(4.0),Short-term economic statistics revisions,I,USA,United States,M,Monthly,PRVM,Production volume,IX,Index,BTE,Industry (except construction),202504,April 2025,2024-06,,102.37,,A,Normal value,0,Units,1,One,2015,
DATAFLOW,OECD.SDD.STES:DSD_STES_REVISIONS@DF_STES_REVISIONS(4.0),Short-term economic statistics revisions,I,USA,United States,M,Monthly,PRVM,Production volume,IX,Index,BTE,Industry (except construction),202504,April 2025,2024-05,,102.1,,A,Normal value,0,Units,1,One,2015,
DATAFLOW,OECD.SDD.STES:DSD_STES_REVISIONS@DF_STES_REVISIONS(4.0),Short-term economic statistics revisions,I,USA,United States,M,Monthly,PRVM,Production volume,IX,Index,BTE,Industry (except construction),202504,April 2025,2024-04,,101.48,,A,Normal value,0,Units,1,One,2015,
DATAFLOW,OECD.SDD.STES:DSD_STES_REVISIONS@DF_STES_REVISIONS(4.0),Short-term economic statistics revisions,I,USA,United States,M,Monthly,PRVM,Production volume,IX,Index,BTE,Industry (except construction),202504,April 2025,2024-03,,101.64,,A,Normal value,0,Units,1,One,2015,
DATAFLOW,OECD.SDD.STES:DSD_STES_REVISIONS@DF_STES_REVISIONS(4.0),Short-term economic statistics revisions,I,USA,United States,M,Monthly,PRVM,Production volume,IX,Index,BTE,Industry (except construction),202504,April 2025,2024-02,,101.85,,A,Normal value,0,Units,1,One,2015,
DATAFLOW,OECD.SDD.STES:DSD_STES_REVISIONS@DF_STES_REVISIONS(4.0),Short-term economic statistics revisions,I,USA,United States,M,Monthly,PRVM,Production volume,IX,Index,BTE,Industry (except construction),202504,April 2025,2024-01,,100.62,,A,Normal value,0,Units,1,One,2015,
DATAFLOW,OECD.SDD.STES:DSD_STES_REVISIONS@DF_STES_REVISIONS(4.0),Short-term economic statistics revisions,I,USA,United States,M,Monthly,PRVM,Production volume,IX,Index,BTE,Industry (except construction),202504,April 2025,2023-12,,101.75,,A,Normal value,0,Units,1,One,2015,
DATAFLOW,OECD.SDD.STES:DSD_STES_REVISIONS@DF_STES_REVISIONS(4.0),Short-term economic statistics revisions,I,USA,United States,M,Monthly,PRVM,Production volume,IX,Index,BTE,Industry (except construction),202504,April 2025,2023-11,,102.01,,A,Normal value,0,Units,1,One,2015,
DATAFLOW,OECD.SDD.STES:DSD_STES_REVISIONS@DF_STES_REVISIONS(4.0),Short-term economic statistics revisions,I,USA,United States,M,Monthly,PRVM,Production volume,IX,Index,BTE,Industry (except construction),202504,April 2025,2023-10,,101.7,,A,Normal value,0,Units,1,One,2015,
DATAFLOW,OECD.SDD.STES:DSD_STES_REVISIONS@DF_STES_REVISIONS(4.0),Short-term economic statistics revisions,I,USA,United States,M,Monthly,PRVM,Production volume,IX,Index,BTE,Industry (except construction),202504,April 2025,2023-09,,102.42,,A,Normal value,0,Units,1,One,2015,
DATAFLOW,OECD.SDD.STES:DSD_STES_REVISIONS@DF_STES_REVISIONS(4.0),Short-term economic statistics revisions,I,USA,United States,M,Monthly,PRVM,Production volume,IX,Index,BTE,Industry (except construction),202504,April 2025,2023-08,,102.21,,A,Normal value,0,Units,1,One,2015,
DATAFLOW,OECD.SDD.STES:DSD_STES_REVISIONS@DF_STES_REVISIONS(4.0),Short-term economic statistics revisions,I,USA,United States,M,Monthly,PRVM,Production volume,IX,Index,BTE,Industry (except construction),202504,April 2025,2023-07,,102.19,,A,Normal value,0,Units,1,One,2015,
DATAFLOW,OECD.SDD.STES:DSD_STES_REVISIONS@DF_STES_REVISIONS(4.0),Short-term economic statistics revisions,I,USA,United States,M,Monthly,PRVM,Production volume,IX,Index,BTE,Industry (except construction),202504,April 2025,2023-06,,101.51,,A,Normal value,0,Units,1,One,2015,
DATAFLOW,OECD.SDD.STES:DSD_STES_REVISIONS@DF_STES_REVISIONS(4.0),Short-term economic statistics revisions,I,USA,United States,M,Monthly,PRVM,Production volume,IX,Index,BTE,Industry (except construction),202504,April 2025,2023-05,,102.1,,A,Normal value,0,Units,1,One,2015,
DATAFLOW,OECD.SDD.STES:DSD_STES_REVISIONS@DF_STES_REVISIONS(4.0),Short-term economic statistics revisions,I,USA,United States,M,Monthly,PRVM,Production volume,IX,Index,BTE,Industry (except construction),202504,April 2025,2023-04,,102.34,,A,Normal value,0,Units,1,One,2015,
DATAFLOW,OECD.SDD.STES:DSD_STES_REVISIONS@DF_STES_REVISIONS(4.0),Short-term economic statistics revisions,I,USA,United States,M,Monthly,PRVM,Production volume,IX,Index,BTE,Industry (except construction),202504,April 2025,2023-03,,101.94,,A,Normal value,0,Units,1,One,2015,
DATAFLOW,OECD.SDD.STES:DSD_STES_REVISIONS@DF_STES_REVISIONS(4.0),Short-term economic statistics revisions,I,USA,United States,M,Monthly,PRVM,Production volume,IX,Index,BTE,Industry (except construction),202504,April 2025,2023-02,,101.92,,A,Normal value,0,Units,1,One,2015,
DATAFLOW,OECD.SDD.STES:DSD_STES_REVISIONS@DF_STES_REVISIONS(4.0),Short-term economic statistics revisions,I,USA,United States,M,Monthly,PRVM,Production volume,IX,Index,BTE,Industry (except construction),202504,April 2025,2023-01,,101.87,,A,Normal value,0,Units,1,One,2015,
DATAFLOW,OECD.SDD.STES:DSD_STES_REVISIONS@DF_STES_REVISIONS(4.0),Short-term economic statistics revisions,I,USA,United States,M,Monthly,PRVM,Production volume,IX,Index,BTE,Industry (except construction),202504,April 2025,2022-12,,100.96,,A,Normal value,0,Units,1,One,2015,
DATAFLOW,OECD.SDD.STES:DSD_STES_REVISIONS@DF_STES_REVISIONS(4.0),Short-term economic statistics revisions,I,USA,United States,M,Monthly,PRVM,Production volume,IX,Index,BTE,Industry (except construction),202504,April 2025,2022-11,,102.22,,A,Normal value,0,Units,1,One,2015,
DATAFLOW,OECD.SDD.STES:DSD_STES_REVISIONS@DF_STES_REVISIONS(4.0),Short-term economic statistics revisions,I,USA,United States,M,Monthly,PRVM,Production volume,IX,Index,BTE,Industry (except construction),202504,April 2025,2022-10,,102.56,,A,Normal value,0,Units,1,One,2015,
DATAFLOW,OECD.SDD.STES:DSD_STES_REVISIONS@DF_STES_REVISIONS(4.0),Short-term economic statistics revisions,I,USA,United States,M,Monthly,PRVM,Production volume,IX,Index,BTE,Industry (except construction),202504,April 2025,2022-09,,102.65,,A,Normal value,0,Units,1,One,2015,
DATAFLOW,OECD.SDD.STES:DSD_STES_REVISIONS@DF_STES_REVISIONS(4.0),Short-term economic statistics revisions,I,USA,United States,M,Monthly,PRVM,Production volume,IX,Index,BTE,Industry (except construction),202504,April 2025,2022-08,,102.29,,A,Normal value,0,Units,1,One,2015,
DATAFLOW,OECD.SDD.STES:DSD_STES_REVISIONS@DF_STES_REVISIONS(4.0),Short-term economic statistics revisions,I,USA,United States,M,Monthly,PRVM,Production volume,IX,Index,BTE,Industry (except construction),202504,April 2025,2022-07,,102.17,,A,Normal value,0,Units,1,One,2015,
DATAFLOW,OECD.SDD.STES:DSD_STES_REVISIONS@DF_STES_REVISIONS(4.0),Short-term economic statistics revisions,I,USA,United States,M,Monthly,PRVM,Production volume,IX,Index,BTE,Industry (except construction),202504,April 2025,2022-06,,101.94,,A,Normal value,0,Units,1,One,2015,
DATAFLOW,OECD.SDD.STES:DSD_STES_REVISIONS@DF_STES_REVISIONS(4.0),Short-term economic statistics revisions,I,USA,United States,M,Monthly,PRVM,Production volume,IX,Index,BTE,Industry (except construction),202504,April 2025,2022-05,,102.09,,A,Normal value,0,Units,1,One,2015,
DATAFLOW,OECD.SDD.STES:DSD_STES_REVISIONS@DF_STES_REVISIONS(4.0),Short-term economic statistics revisions,I,USA,United States,M,Monthly,PRVM,Production volume,IX,Index,BTE,Industry (except construction),202504,April 2025,2022-04,,102.02,,A,Normal value,0,Units,1,One,2015,
DATAFLOW,OECD.SDD.STES:DSD_STES_REVISIONS@DF_STES_REVISIONS(4.0),Short-term economic statistics revisions,I,USA,United States,M,Monthly,PRVM,Production volume,IX,Index,BTE,Industry (except construction),202504,April 2025,2022-03,,101.8,,A,Normal value,0,Units,1,One,2015,
DATAFLOW,OECD.SDD.STES:DSD_STES_REVISIONS@DF_STES_REVISIONS(4.0),Short-term economic statistics revisions,I,USA,United States,M,Monthly,PRVM,Production volume,IX,Index,BTE,Industry (except construction),202504,April 2025,2022-02,,100.98,,A,Normal value,0,Units,1,One,2015,
DATAFLOW,OECD.SDD.STES:DSD_STES_REVISIONS@DF_STES_REVISIONS(4.0),Short-term economic statistics revisions,I,USA,United States,M,Monthly,PRVM,Production volume,IX,Index,BTE,Industry (except construction),202504,April 2025,2022-01,,100.35,,A,Normal value,0,Units,1,One,2015,
DATAFLOW,OECD.SDD.STES:DSD_STES_REVISIONS@DF_STES_REVISIONS(4.0),Short-term economic statistics revisions,I,USA,United States,M,Monthly,PRVM,Production volume,IX,Index,BTE,Industry (except construction),202504,April 2025,2021-12,,100.33,,A,Normal value,0,Units,1,One,2015,
DATAFLOW,OECD.SDD.STES:DSD_STES_REVISIONS@DF_STES_REVISIONS(4.0),Short-term economic statistics revisions,I,USA,United States,M,Monthly,PRVM,Production volume,IX,Index,BTE,Industry (except construction),202504,April 2025,2021-11,,100.4,,A,Normal value,0,Units,1,One,2015,
DATAFLOW,OECD.SDD.STES:DSD_STES_REVISIONS@DF_STES_REVISIONS(4.0),Short-term economic statistics revisions,I,USA,United States,M,Monthly,PRVM,Production volume,IX,Index,BTE,Industry (except construction),202504,April 2025,2021-10,,99.5,,A,Normal value,0,Units,1,One,2015,
DATAFLOW,OECD.SDD.STES:DSD_STES_REVISIONS@DF_STES_REVISIONS(4.0),Short-term economic statistics revisions,I,USA,United States,M,Monthly,PRVM,Production volume,IX,Index,BTE,Industry (except construction),202504,April 2025,2021-09,,98.15,,A,Normal value,0,Units,1,One,2015,
DATAFLOW,OECD.SDD.STES:DSD_STES_REVISIONS@DF_STES_REVISIONS(4.0),Short-term economic statistics revisions,I,USA,United States,M,Monthly,PRVM,Production volume,IX,Index,BTE,Industry (except construction),202504,April 2025,2021-08,,99.19,,A,Normal value,0,Units,1,One,2015,
DATAFLOW,OECD.SDD.STES:DSD_STES_REVISIONS@DF_STES_REVISIONS(4.0),Short-term economic statistics revisions,I,USA,United States,M,Monthly,PRVM,Production volume,IX,Index,BTE,Industry (except construction),202504,April 2025,2021-07,,99.21,,A,Normal value,0,Units,1,One,2015,
DATAFLOW,OECD.SDD.STES:DSD_STES_REVISIONS@DF_STES_REVISIONS(4.0),Short-term economic statistics revisions,I,USA,United States,M,Monthly,PRVM,Production volume,IX,Index,BTE,Industry (except construction),202504,April 2025,2021-06,,98.8,,A,Normal value,0,Units,1,One,2015,
DATAFLOW,OECD.SDD.STES:DSD_STES_REVISIONS@DF_STES_REVISIONS(4.0),Short-term economic statistics revisions,I,USA,United States,M,Monthly,PRVM,Production volume,IX,Index,BTE,Industry (except construction),202504,April 2025,2021-05,,98.34,,A,Normal value,0,Units,1,One,2015,
DATAFLOW,OECD.SDD.STES:DSD_STES_REVISIONS@DF_STES_REVISIONS(4.0),Short-term economic statistics revisions,I,USA,United States,M,Monthly,PRVM,Production volume,IX,Index,BTE,Industry (except construction),202504,April 2025,2021-04,,97.49,,A,Normal value,0,Units,1,One,2015,
DATAFLOW,OECD.SDD.STES:DSD_STES_REVISIONS@DF_STES_REVISIONS(4.0),Short-term economic statistics revisions,I,USA,United States,M,Monthly,PRVM,Production volume,IX,Index,BTE,Industry (except construction),202504,April 2025,2021-03,,97.35,,A,Normal value,0,Units,1,One,2015,
DATAFLOW,OECD.SDD.STES:DSD_STES_REVISIONS@DF_STES_REVISIONS(4.0),Short-term economic statistics revisions,I,USA,United States,M,Monthly,PRVM,Production volume,IX,Index,BTE,Industry (except construction),202504,April 2025,2021-02,,94.69,,A,Normal value,0,Units,1,One,2015,
DATAFLOW,OECD.SDD.STES:DSD_STES_REVISIONS@DF_STES_REVISIONS(4.0),Short-term economic statistics revisions,I,USA,United States,M,Monthly,PRVM,Production volume,IX,Index,BTE,Industry (except construction),202504,April 2025,2021-01,,97.97,,A,Normal value,0,Units,1,One,2015,
DATAFLOW,OECD.SDD.STES:DSD_STES_REVISIONS@DF_STES_REVISIONS(4.0),Short-term economic statistics revisions,I,USA,United States,M,Monthly,PRVM,Production volume,IX,Index,BTE,Industry (except construction),202504,April 2025,2020-12,,97.36,,A,Normal value,0,Units,1,One,2015,
DATAFLOW,OECD.SDD.STES:DSD_STES_REVISIONS@DF_STES_REVISIONS(4.0),Short-term economic statistics revisions,I,USA,United States,M,Monthly,PRVM,Production volume,IX,Index,BTE,Industry (except construction),202509,September 2025,2020-07,,94.19,,A,Normal value,0,Units,1,One,2015,
DATAFLOW,OECD.SDD.STES:DSD_STES_REVISIONS@DF_STES_REVISIONS(4.0),Short-term economic statistics revisions,I,USA,United States,M,Monthly,PRVM,Production volume,IX,Index,BTE,Industry (except construction),202509,September 2025,2020-06,,90.89,,A,Normal value,0,Units,1,One,2015,
DATAFLOW,OECD.SDD.STES:DSD_STES_REVISIONS@DF_STES_REVISIONS(4.0),Short-term economic statistics revisions,I,USA,United States,M,Monthly,PRVM,Production volume,IX,Index,BTE,Industry (except construction),202509,September 2025,2020-05,,85.28,,A,Normal value,0,Units,1,One,2015,
DATAFLOW,OECD.SDD.STES:DSD_STES_REVISIONS@DF_STES_REVISIONS(4.0),Short-term economic statistics revisions,I,USA,United States,M,Monthly,PRVM,Production volume,IX,Index,BTE,Industry (except construction),202509,September 2025,2020-04,,83.96,,A,Normal value,0,Units,1,One,2015,
DATAFLOW,OECD.SDD.STES:DSD_STES_REVISIONS@DF_STES_REVISIONS(4.0),Short-term economic statistics revisions,I,USA,United States,M,Monthly,PRVM,Production volume,IX,Index,BTE,Industry (except construction),202509,September 2025,2020-03,,96.77,,A,Normal value,0,Units,1,One,2015,
DATAFLOW,OECD.SDD.STES:DSD_STES_REVISIONS@DF_STES_REVISIONS(4.0),Short-term economic statistics revisions,I,USA,United States,M,Monthly,PRVM,Production volume,IX,Index,BTE,Industry (except construction),202509,September 2025,2020-02,,100.8,,A,Normal value,0,Units,1,One,2015,
DATAFLOW,OECD.SDD.STES:DSD_STES_REVISIONS@DF_STES_REVISIONS(4.0),Short-term economic statistics revisions,I,USA,United States,M,Monthly,PRVM,Production volume,IX,Index,BTE,Industry (except construction),202509,September 2025,2020-01,,100.47,,A,Normal value,0,Units,1,One,2015,
DATAFLOW,OECD.SDD.STES:DSD_STES_REVISIONS@DF_STES_REVISIONS(4.0),Short-term economic statistics revisions,I,USA,United States,M,Monthly,PRVM,Production volume,IX,Index,BTE,Industry (except construction),202508,August 2025,2025-05,,102.709999999999,,A,Normal value,0,Units,1,One,2015,
DATAFLOW,OECD.SDD.STES:DSD_STES_REVISIONS@DF_STES_REVISIONS(4.0),Short-term economic statistics revisions,I,USA,United States,M,Monthly,PRVM,Production volume,IX,Index,BTE,Industry (except construction),202508,August 2025,2025-04,,102.93,,A,Normal value,0,Units,1,One,2015,
DATAFLOW,OECD.SDD.STES:DSD_STES_REVISIONS@DF_STES_REVISIONS(4.0),Short-term economic statistics revisions,I,USA,United States,M,Monthly,PRVM,Production volume,IX,Index,BTE,Industry (except construction),202508,August 2025,2025-03,,102.86,,A,Normal value,0,Units,1,One,2015,
DATAFLOW,OECD.SDD.STES:DSD_STES_REVISIONS@DF_STES_REVISIONS(4.0),Short-term economic statistics revisions,I,USA,United States,M,Monthly,PRVM,Production volume,IX,Index,BTE,Industry (except construction),202508,August 2025,2025-02,,103.11,,A,Normal value,0,Units,1,One,2015,
DATAFLOW,OECD.SDD.STES:DSD_STES_REVISIONS@DF_STES_REVISIONS(4.0),Short-term economic statistics revisions,I,USA,United States,M,Monthly,PRVM,Production volume,IX,Index,BTE,Industry (except construction),202508,August 2025,2025-01,,102.05,,A,Normal value,0,Units,1,One,2015,
DATAFLOW,OECD.SDD.STES:DSD_STES_REVISIONS@DF_STES_REVISIONS(4.0),Short-term economic statistics revisions,I,USA,United States,M,Monthly,PRVM,Production volume,IX,Index,BTE,Industry (except construction),202508,August 2025,2024-12,,102.16,,A,Normal value,0,Units,1,One,2015,
DATAFLOW,OECD.SDD.STES:DSD_STES_REVISIONS@DF_STES_REVISIONS(4.0),Short-term economic statistics revisions,I,USA,United States,M,Monthly,PRVM,Production volume,IX,Index,BTE,Industry (except construction),202508,August 2025,2024-11,,101.08,,A,Normal value,0,Units,1,One,2015,
DATAFLOW,OECD.SDD.STES:DSD_STES_REVISIONS@DF_STES_REVISIONS(4.0),Short-term economic statistics revisions,I,USA,United States,M,Monthly,PRVM,Production volume,IX,Index,BTE,Industry (except construction),202508,August 2025,2024-10,,101.34,,A,Normal value,0,Units,1,One,2015,
DATAFLOW,OECD.SDD.STES:DSD_STES_REVISIONS@DF_STES_REVISIONS(4.0),Short-term economic statistics revisions,I,USA,United States,M,Monthly,PRVM,Production volume,IX,Index,BTE,Industry (except construction),202508,August 2025,2024-09,,101.72,,A,Normal value,0,Units,1,One,2015,
DATAFLOW,OECD.SDD.STES:DSD_STES_REVISIONS@DF_STES_REVISIONS(4.0),Short-term economic statistics revisions,I,USA,United States,M,Monthly,PRVM,Production volume,IX,Index,BTE,Industry (except construction),202508,August 2025,2024-08,,102.14,,A,Normal value,0,Units,1,One,2015,
DATAFLOW,OECD.SDD.STES:DSD_STES_REVISIONS@DF_STES_REVISIONS(4.0),Short-term economic statistics revisions,I,USA,United States,M,Monthly,PRVM,Production volume,IX,Index,BTE,Industry (except construction),202508,August 2025,2024-07,,101.64,,A,Normal value,0,Units,1,One,2015,
DATAFLOW,OECD.SDD.STES:DSD_STES_REVISIONS@DF_STES_REVISIONS(4.0),Short-term economic statistics revisions,I,USA,United States,M,Monthly,PRVM,Production volume,IX,Index,BTE,Industry (except construction),202508,August 2025,2024-06,,102.37,,A,Normal value,0,Units,1,One,2015,
DATAFLOW,OECD.SDD.STES:DSD_STES_REVISIONS@DF_STES_REVISIONS(4.0),Short-term economic statistics revisions,I,USA,United States,M,Monthly,PRVM,Production volume,IX,Index,BTE,Industry (except construction),202508,August 2025,2024-05,,102.099999999999,,A,Normal value,0,Units,1,One,2015,
DATAFLOW,OECD.SDD.STES:DSD_STES_REVISIONS@DF_STES_REVISIONS(4.0),Short-term economic statistics revisions,I,USA,United States,M,Monthly,PRVM,Production volume,IX,Index,BTE,Industry (except construction),202508,August 2025,2024-04,,101.48,,A,Normal value,0,Units,1,One,2015,
DATAFLOW,OECD.SDD.STES:DSD_STES_REVISIONS@DF_STES_REVISIONS(4.0),Short-term economic statistics revisions,I,USA,United States,M,Monthly,PRVM,Production volume,IX,Index,BTE,Industry (except construction),202508,August 2025,2024-03,,101.64,,A,Normal value,0,Units,1,One,2015,
DATAFLOW,OECD.SDD.STES:DSD_STES_REVISIONS@DF_STES_REVISIONS(4.0),Short-term economic statistics revisions,I,USA,United States,M,Monthly,PRVM,Production volume,IX,Index,BTE,Industry (except construction),202508,August 2025,2024-02,,101.849999999999,,A,Normal value,0,Units,1,One,2015,
DATAFLOW,OECD.SDD.STES:DSD_STES_REVISIONS@DF_STES_REVISIONS(4.0),Short-term economic statistics revisions,I,USA,United States,M,Monthly,PRVM,Production volume,IX,Index,BTE,Industry (except construction),202508,August 2025,2024-01,,100.62,,A,Normal value,0,Units,1,One,2015,
DATAFLOW,OECD.SDD.STES:DSD_STES_REVISIONS@DF_STES_REVISIONS(4.0),Short-term economic statistics revisions,I,USA,United States,M,Monthly,PRVM,Production volume,IX,Index,BTE,Industry (except construction),202508,August 2025,2023-12,,101.75,,A,Normal value,0,Units,1,One,2015,
DATAFLOW,OECD.SDD.STES:DSD_STES_REVISIONS@DF_STES_REVISIONS(4.0),Short-term economic statistics revisions,I,USA,United States,M,Monthly,PRVM,Production volume,IX,Index,BTE,Industry (except construction),202508,August 2025,2023-11,,102.01,,A,Normal value,0,Units,1,One,2015,
DATAFLOW,OECD.SDD.STES:DSD_STES_REVISIONS@DF_STES_REVISIONS(4.0),Short-term economic statistics revisions,I,USA,United States,M,Monthly,PRVM,Production volume,IX,Index,BTE,Industry (except construction),202508,August 2025,2023-10,,101.7,,A,Normal value,0,Units,1,One,2015,
DATAFLOW,OECD.SDD.STES:DSD_STES_REVISIONS@DF_STES_REVISIONS(4.0),Short-term economic statistics revisions,I,USA,United States,M,Monthly,PRVM,Production volume,IX,Index,BTE,Industry (except construction),202508,August 2025,2023-09,,102.42,,A,Normal value,0,Units,1,One,2015,
DATAFLOW,OECD.SDD.STES:DSD_STES_REVISIONS@DF_STES_REVISIONS(4.0),Short-term economic statistics revisions,I,USA,United States,M,Monthly,PRVM,Production volume,IX,Index,BTE,Industry (except construction),202508,August 2025,2023-08,,102.209999999999,,A,Normal value,0,Units,1,One,2015,
DATAFLOW,OECD.SDD.STES:DSD_STES_REVISIONS@DF_STES_REVISIONS(4.0),Short-term economic statistics revisions,I,USA,United States,M,Monthly,PRVM,Production volume,IX,Index,BTE,Industry (except construction),202508,August 2025,2023-07,,102.19,,A,Normal value,0,Units,1,One,2015,
DATAFLOW,OECD.SDD.STES:DSD_STES_REVISIONS@DF_STES_REVISIONS(4.0),Short-term economic statistics revisions,I,USA,United States,M,Monthly,PRVM,Production volume,IX,Index,BTE,Industry (except construction),202508,August 2025,2023-06,,101.51,,A,Normal value,0,Units,1,One,2015,
DATAFLOW,OECD.SDD.STES:DSD_STES_REVISIONS@DF_STES_REVISIONS(4.0),Short-term economic statistics revisions,I,USA,United States,M,Monthly,PRVM,Production volume,IX,Index,BTE,Industry (except construction),202508,August 2025,2023-05,,102.099999999999,,A,Normal value,0,Units,1,One,2015,
DATAFLOW,OECD.SDD.STES:DSD_STES_REVISIONS@DF_STES_REVISIONS(4.0),Short-term economic statistics revisions,I,USA,United States,M,Monthly,PRVM,Production volume,IX,Index,BTE,Industry (except construction),202508,August 2025,2023-04,,102.34,,A,Normal value,0,Units,1,One,2015,
DATAFLOW,OECD.SDD.STES:DSD_STES_REVISIONS@DF_STES_REVISIONS(4.0),Short-term economic statistics revisions,I,USA,United States,M,Monthly,PRVM,Production volume,IX,Index,BTE,Industry (except construction),202508,August 2025,2023-03,,101.94,,A,Normal value,0,Units,1,One,2015,
DATAFLOW,OECD.SDD.STES:DSD_STES_REVISIONS@DF_STES_REVISIONS(4.0),Short-term economic statistics revisions,I,USA,United States,M,Monthly,PRVM,Production volume,IX,Index,BTE,Industry (except construction),202508,August 2025,2023-02,,101.92,,A,Normal value,0,Units,1,One,2015,
DATAFLOW,OECD.SDD.STES:DSD_STES_REVISIONS@DF_STES_REVISIONS(4.0),Short-term economic statistics revisions,I,USA,United States,M,Monthly,PRVM,Production volume,IX,Index,BTE,Industry (except construction),202508,August 2025,2023-01,,101.87,,A,Normal value,0,Units,1,One,2015,
DATAFLOW,OECD.SDD.STES:DSD_STES_REVISIONS@DF_STES_REVISIONS(4.0),Short-term economic statistics revisions,I,USA,United States,M,Monthly,PRVM,Production volume,IX,Index,BTE,Industry (except construction),202508,August 2025,2022-12,,100.959999999999,,A,Normal value,0,Units,1,One,2015,
DATAFLOW,OECD.SDD.STES:DSD_STES_REVISIONS@DF_STES_REVISIONS(4.0),Short-term economic statistics revisions,I,USA,United States,M,Monthly,PRVM,Production volume,IX,Index,BTE,Industry (except construction),202508,August 2025,2022-11,,102.22,,A,Normal value,0,Units,1,One,2015,
DATAFLOW,OECD.SDD.STES:DSD_STES_REVISIONS@DF_STES_REVISIONS(4.0),Short-term economic statistics revisions,I,USA,United States,M,Monthly,PRVM,Production volume,IX,Index,BTE,Industry (except construction),202508,August 2025,2022-10,,102.56,,A,Normal value,0,Units,1,One,2015,
DATAFLOW,OECD.SDD.STES:DSD_STES_REVISIONS@DF_STES_REVISIONS(4.0),Short-term economic statistics revisions,I,USA,United States,M,Monthly,PRVM,Production volume,IX,Index,BTE,Industry (except construction),202508,August 2025,2022-09,,102.65,,A,Normal value,0,Units,1,One,2015,
DATAFLOW,OECD.SDD.STES:DSD_STES_REVISIONS@DF_STES_REVISIONS(4.0),Short-term economic statistics revisions,I,USA,United States,M,Monthly,PRVM,Production volume,IX,Index,BTE,Industry (except construction),202508,August 2025,2022-08,,102.29,,A,Normal value,0,Units,1,One,2015,
DATAFLOW,OECD.SDD.STES:DSD_STES_REVISIONS@DF_STES_REVISIONS(4.0),Short-term economic statistics revisions,I,USA,United States,M,Monthly,PRVM,Production volume,IX,Index,BTE,Industry (except construction),202508,August 2025,2022-07,,102.17,,A,Normal value,0,Units,1,One,2015,
DATAFLOW,OECD.SDD.STES:DSD_STES_REVISIONS@DF_STES_REVISIONS(4.0),Short-term economic statistics revisions,I,USA,United States,M,Monthly,PRVM,Production volume,IX,Index,BTE,Industry (except construction),202508,August 2025,2022-06,,101.94,,A,Normal value,0,Units,1,One,2015,
DATAFLOW,OECD.SDD.STES:DSD_STES_REVISIONS@DF_STES_REVISIONS(4.0),Short-term economic statistics revisions,I,USA,United States,M,Monthly,PRVM,Production volume,IX,Index,BTE,Industry (except construction),202508,August 2025,2022-05,,102.09,,A,Normal value,0,Units,1,One,2015,
DATAFLOW,OECD.SDD.STES:DSD_STES_REVISIONS@DF_STES_REVISIONS(4.0),Short-term economic statistics revisions,I,USA,United States,M,Monthly,PRVM,Production volume,IX,Index,BTE,Industry (except construction),202508,August 2025,2022-04,,102.02,,A,Normal value,0,Units,1,One,2015,
DATAFLOW,OECD.SDD.STES:DSD_STES_REVISIONS@DF_STES_REVISIONS(4.0),Short-term economic statistics revisions,I,USA,United States,M,Monthly,PRVM,Production volume,IX,Index,BTE,Industry (except construction),202508,August 2025,2022-03,,101.8,,A,Normal value,0,Units,1,One,2015,
DATAFLOW,OECD.SDD.STES:DSD_STES_REVISIONS@DF_STES_REVISIONS(4.0),Short-term economic statistics revisions,I,USA,United States,M,Monthly,PRVM,Production volume,IX,Index,BTE,Industry (except construction),202508,August 2025,2022-02,,100.98,,A,Normal value,0,Units,1,One,2015,
DATAFLOW,OECD.SDD.STES:DSD_STES_REVISIONS@DF_STES_REVISIONS(4.0),Short-term economic statistics revisions,I,USA,United States,M,Monthly,PRVM,Production volume,IX,Index,BTE,Industry (except construction),202508,August 2025,2022-01,,100.349999999999,,A,Normal value,0,Units,1,One,2015,
DATAFLOW,OECD.SDD.STES:DSD_STES_REVISIONS@DF_STES_REVISIONS(4.0),Short-term economic statistics revisions,I,USA,United States,M,Monthly,PRVM,Production volume,IX,Index,BTE,Industry (except construction),202508,August 2025,2021-12,,100.33,,A,Normal value,0,Units,1,One,2015,
DATAFLOW,OECD.SDD.STES:DSD_STES_REVISIONS@DF_STES_REVISIONS(4.0),Short-term economic statistics revisions,I,USA,United States,M,Monthly,PRVM,Production volume,IX,Index,BTE,Industry (except construction),202508,August 2025,2021-11,,100.4,,A,Normal value,0,Units,1,One,2015,
DATAFLOW,OECD.SDD.STES:DSD_STES_REVISIONS@DF_STES_REVISIONS(4.0),Short-term economic statistics revisions,I,USA,United States,M,Monthly,PRVM,Production volume,IX,Index,BTE,Industry (except construction),202508,August 2025,2021-10,,99.5,,A,Normal value,0,Units,1,One,2015,
DATAFLOW,OECD.SDD.STES:DSD_STES_REVISIONS@DF_STES_REVISIONS(4.0),Short-term economic statistics revisions,I,USA,United States,M,Monthly,PRVM,Production volume,IX,Index,BTE,Industry (except construction),202508,August 2025,2021-09,,98.15,,A,Normal value,0,Units,1,One,2015,
DATAFLOW,OECD.SDD.STES:DSD_STES_REVISIONS@DF_STES_REVISIONS(4.0),Short-term economic statistics revisions,I,USA,United States,M,Monthly,PRVM,Production volume,IX,Index,BTE,Industry (except construction),202508,August 2025,2021-08,,99.1899999999999,,A,Normal value,0,Units,1,One,2015,
DATAFLOW,OECD.SDD.STES:DSD_STES_REVISIONS@DF_STES_REVISIONS(4.0),Short-term economic statistics revisions,I,USA,United States,M,Monthly,PRVM,Production volume,IX,Index,BTE,Industry (except construction),202508,August 2025,2021-07,,99.2099999999999,,A,Normal value,0,Units,1,One,2015,
DATAFLOW,OECD.SDD.STES:DSD_STES_REVISIONS@DF_STES_REVISIONS(4.0),Short-term economic statistics revisions,I,USA,United States,M,Monthly,PRVM,Production volume,IX,Index,BTE,Industry (except construction),202508,August 2025,2021-06,,98.7999999999999,,A,Normal value,0,Units,1,One,2015,
DATAFLOW,OECD.SDD.STES:DSD_STES_REVISIONS@DF_STES_REVISIONS(4.0),Short-term economic statistics revisions,I,USA,United States,M,Monthly,PRVM,Production volume,IX,Index,BTE,Industry (except construction),202508,August 2025,2021-05,,98.34,,A,Normal value,0,Units,1,One,2015,
DATAFLOW,OECD.SDD.STES:DSD_STES_REVISIONS@DF_STES_REVISIONS(4.0),Short-term economic statistics revisions,I,USA,United States,M,Monthly,PRVM,Production volume,IX,Index,BTE,Industry (except construction),202508,August 2025,2021-04,,97.4899999999999,,A,Normal value,0,Units,1,One,2015,
DATAFLOW,OECD.SDD.STES:DSD_STES_REVISIONS@DF_STES_REVISIONS(4.0),Short-term economic statistics revisions,I,USA,United States,M,Monthly,PRVM,Production volume,IX,Index,BTE,Industry (except construction),202508,August 2025,2021-03,,97.3499999999999,,A,Normal value,0,Units,1,One,2015,
DATAFLOW,OECD.SDD.STES:DSD_STES_REVISIONS@DF_STES_REVISIONS(4.0),Short-term economic statistics revisions,I,USA,United States,M,Monthly,PRVM,Production volume,IX,Index,BTE,Industry (except construction),202508,August 2025,2021-02,,94.6899999999999,,A,Normal value,0,Units,1,One,2015,
DATAFLOW,OECD.SDD.STES:DSD_STES_REVISIONS@DF_STES_REVISIONS(4.0),Short-term economic statistics revisions,I,USA,United States,M,Monthly,PRVM,Production volume,IX,Index,BTE,Industry (except construction),202508,August 2025,2021-01,,97.9699999999999,,A,Normal value,0,Units,1,One,2015,
DATAFLOW,OECD.SDD.STES:DSD_STES_REVISIONS@DF_STES_REVISIONS(4.0),Short-term economic statistics revisions,I,USA,United States,M,Monthly,PRVM,Production volume,IX,Index,BTE,Industry (except construction),202508,August 2025,2020-12,,97.3599999999999,,A,Normal value,0,Units,1,One,2015,
DATAFLOW,OECD.SDD.STES:DSD_STES_REVISIONS@DF_STES_REVISIONS(4.0),Short-term economic statistics revisions,I,USA,United States,M,Monthly,PRVM,Production volume,IX,Index,BTE,Industry (except construction),202508,August 2025,2020-11,,96.12,,A,Normal value,0,Units,1,One,2015,
DATAFLOW,OECD.SDD.STES:DSD_STES_REVISIONS@DF_STES_REVISIONS(4.0),Short-term economic statistics revisions,I,USA,United States,M,Monthly,PRVM,Production volume,IX,Index,BTE,Industry (except construction),202508,August 2025,2020-10,,95.7,,A,Normal value,0,Units,1,One,2015,
DATAFLOW,OECD.SDD.STES:DSD_STES_REVISIONS@DF_STES_REVISIONS(4.0),Short-term economic statistics revisions,I,USA,United States,M,Monthly,PRVM,Production volume,IX,Index,BTE,Industry (except construction),202508,August 2025,2020-09,,95.0699999999999,,A,Normal value,0,Units,1,One,2015,
DATAFLOW,OECD.SDD.STES:DSD_STES_REVISIONS@DF_STES_REVISIONS(4.0),Short-term economic statistics revisions,I,USA,United States,M,Monthly,PRVM,Production volume,IX,Index,BTE,Industry (except construction),202508,August 2025,2020-08,,95.1099999999999,,A,Normal value,0,Units,1,One,2015,
DATAFLOW,OECD.SDD.STES:DSD_STES_REVISIONS@DF_STES_REVISIONS(4.0),Short-term economic statistics revisions,I,USA,United States,M,Monthly,PRVM,Production volume,IX,Index,BTE,Industry (except construction),202508,August 2025,2020-07,,94.1899999999999,,A,Normal value,0,Units,1,One,2015,
DATAFLOW,OECD.SDD.STES:DSD_STES_REVISIONS@DF_STES_REVISIONS(4.0),Short-term economic statistics revisions,I,USA,United States,M,Monthly,PRVM,Production volume,IX,Index,BTE,Industry (except construction),202508,August 2025,2020-06,,90.89,,A,Normal value,0,Units,1,One,2015,
DATAFLOW,OECD.SDD.STES:DSD_STES_REVISIONS@DF_STES_REVISIONS(4.0),Short-term economic statistics revisions,I,USA,United States,M,Monthly,PRVM,Production volume,IX,Index,BTE,Industry (except construction),202508,August 2025,2020-05,,85.28,,A,Normal value,0,Units,1,One,2015,
DATAFLOW,OECD.SDD.STES:DSD_STES_REVISIONS@DF_STES_REVISIONS(4.0),Short-term economic statistics revisions,I,USA,United States,M,Monthly,PRVM,Production volume,IX,Index,BTE,Industry (except construction),202508,August 2025,2020-04,,83.9599999999999,,A,Normal value,0,Units,1,One,2015,
DATAFLOW,OECD.SDD.STES:DSD_STES_REVISIONS@DF_STES_REVISIONS(4.0),Short-term economic statistics revisions,I,USA,United States,M,Monthly,PRVM,Production volume,IX,Index,BTE,Industry (except construction),202508,August 2025,2020-03,,96.7699999999999,,A,Normal value,0,Units,1,One,2015,
DATAFLOW,OECD.SDD.STES:DSD_STES_REVISIONS@DF_STES_REVISIONS(4.0),Short-term economic statistics revisions,I,USA,United States,M,Monthly,PRVM,Production volume,IX,Index,BTE,Industry (except construction),202508,August 2025,2020-02,,100.8,,A,Normal value,0,Units,1,One,2015,
DATAFLOW,OECD.SDD.STES:DSD_STES_REVISIONS@DF_STES_REVISIONS(4.0),Short-term economic statistics revisions,I,USA,United States,M,Monthly,PRVM,Production volume,IX,Index,BTE,Industry (except construction),202508,August 2025,2020-01,,100.47,,A,Normal value,0,Units,1,One,2015,
DATAFLOW,OECD.SDD.STES:DSD_STES_REVISIONS@DF_STES_REVISIONS(4.0),Short-term economic statistics revisions,I,USA,United States,M,Monthly,PRVM,Production volume,IX,Index,BTE,Industry (except construction),202506,June 2025,2025-04,,102.99,,A,Normal value,0,Units,1,One,2015,
DATAFLOW,OECD.SDD.STES:DSD_STES_REVISIONS@DF_STES_REVISIONS(4.0),Short-term economic statistics revisions,I,USA,United States,M,Monthly,PRVM,Production volume,IX,Index,BTE,Industry (except construction),202506,June 2025,2025-03,,103,,A,Normal value,0,Units,1,One,2015,
DATAFLOW,OECD.SDD.STES:DSD_STES_REVISIONS@DF_STES_REVISIONS(4.0),Short-term economic statistics revisions,I,USA,United States,M,Monthly,PRVM,Production volume,IX,Index,BTE,Industry (except construction),202506,June 2025,2025-02,,103.26,,A,Normal value,0,Units,1,One,2015,
DATAFLOW,OECD.SDD.STES:DSD_STES_REVISIONS@DF_STES_REVISIONS(4.0),Short-term economic statistics revisions,I,USA,United States,M,Monthly,PRVM,Production volume,IX,Index,BTE,Industry (except construction),202506,June 2025,2025-01,,102.33,,A,Normal value,0,Units,1,One,2015,
DATAFLOW,OECD.SDD.STES:DSD_STES_REVISIONS@DF_STES_REVISIONS(4.0),Short-term economic statistics revisions,I,USA,United States,M,Monthly,PRVM,Production volume,IX,Index,BTE,Industry (except construction),202506,June 2025,2024-12,,102.19,,A,Normal value,0,Units,1,One,2015,
DATAFLOW,OECD.SDD.STES:DSD_STES_REVISIONS@DF_STES_REVISIONS(4.0),Short-term economic statistics revisions,I,USA,United States,M,Monthly,PRVM,Production volume,IX,Index,BTE,Industry (except construction),202506,June 2025,2024-11,,101.08,,A,Normal value,0,Units,1,One,2015,
DATAFLOW,OECD.SDD.STES:DSD_STES_REVISIONS@DF_STES_REVISIONS(4.0),Short-term economic statistics revisions,I,USA,United States,M,Monthly,PRVM,Production volume,IX,Index,BTE,Industry (except construction),202506,June 2025,2024-10,,101.34,,A,Normal value,0,Units,1,One,2015,
DATAFLOW,OECD.SDD.STES:DSD_STES_REVISIONS@DF_STES_REVISIONS(4.0),Short-term economic statistics revisions,I,USA,United States,M,Monthly,PRVM,Production volume,IX,Index,BTE,Industry (except construction),202506,June 2025,2024-09,,101.72,,A,Normal value,0,Units,1,One,2015,
DATAFLOW,OECD.SDD.STES:DSD_STES_REVISIONS@DF_STES_REVISIONS(4.0),Short-term economic statistics revisions,I,USA,United States,M,Monthly,PRVM,Production volume,IX,Index,BTE,Industry (except construction),202506,June 2025,2024-08,,102.14,,A,Normal value,0,Units,1,One,2015,
DATAFLOW,OECD.SDD.STES:DSD_STES_REVISIONS@DF_STES_REVISIONS(4.0),Short-term economic statistics revisions,I,USA,United States,M,Monthly,PRVM,Production volume,IX,Index,BTE,Industry (except construction),202506,June 2025,2024-07,,101.64,,A,Normal value,0,Units,1,One,2015,
DATAFLOW,OECD.SDD.STES:DSD_STES_REVISIONS@DF_STES_REVISIONS(4.0),Short-term economic statistics revisions,I,USA,United States,M,Monthly,PRVM,Production volume,IX,Index,BTE,Industry (except construction),202506,June 2025,2024-06,,102.37,,A,Normal value,0,Units,1,One,2015,
DATAFLOW,OECD.SDD.STES:DSD_STES_REVISIONS@DF_STES_REVISIONS(4.0),Short-term economic statistics revisions,I,USA,United States,M,Monthly,PRVM,Production volume,IX,Index,BTE,Industry (except construction),202506,June 2025,2024-05,,102.1,,A,Normal value,0,Units,1,One,2015,
DATAFLOW,OECD.SDD.STES:DSD_STES_REVISIONS@DF_STES_REVISIONS(4.0),Short-term economic statistics revisions,I,USA,United States,M,Monthly,PRVM,Production volume,IX,Index,BTE,Industry (except construction),202506,June 2025,2024-04,,101.48,,A,Normal value,0,Units,1,One,2015,
DATAFLOW,OECD.SDD.STES:DSD_STES_REVISIONS@DF_STES_REVISIONS(4.0),Short-term economic statistics revisions,I,USA,United States,M,Monthly,PRVM,Production volume,IX,Index,BTE,Industry (except construction),202506,June 2025,2024-03,,101.64,,A,Normal value,0,Units,1,One,2015,
DATAFLOW,OECD.SDD.STES:DSD_STES_REVISIONS@DF_STES_REVISIONS(4.0),Short-term economic statistics revisions,I,USA,United States,M,Monthly,PRVM,Production volume,IX,Index,BTE,Industry (except construction),202506,June 2025,2024-02,,101.85,,A,Normal value,0,Units,1,One,2015,
DATAFLOW,OECD.SDD.STES:DSD_STES_REVISIONS@DF_STES_REVISIONS(4.0),Short-term economic statistics revisions,I,USA,United States,M,Monthly,PRVM,Production volume,IX,Index,BTE,Industry (except construction),202506,June 2025,2024-01,,100.62,,A,Normal value,0,Units,1,One,2015,
DATAFLOW,OECD.SDD.STES:DSD_STES_REVISIONS@DF_STES_REVISIONS(4.0),Short-term economic statistics revisions,I,USA,United States,M,Monthly,PRVM,Production volume,IX,Index,BTE,Industry (except construction),202506,June 2025,2023-12,,101.75,,A,Normal value,0,Units,1,One,2015,
DATAFLOW,OECD.SDD.STES:DSD_STES_REVISIONS@DF_STES_REVISIONS(4.0),Short-term economic statistics revisions,I,USA,United States,M,Monthly,PRVM,Production volume,IX,Index,BTE,Industry (except construction),202506,June 2025,2023-11,,102.01,,A,Normal value,0,Units,1,One,2015,
DATAFLOW,OECD.SDD.STES:DSD_STES_REVISIONS@DF_STES_REVISIONS(4.0),Short-term economic statistics revisions,I,USA,United States,M,Monthly,PRVM,Production volume,IX,Index,BTE,Industry (except construction),202506,June 2025,2023-10,,101.7,,A,Normal value,0,Units,1,One,2015,
DATAFLOW,OECD.SDD.STES:DSD_STES_REVISIONS@DF_STES_REVISIONS(4.0),Short-term economic statistics revisions,I,USA,United States,M,Monthly,PRVM,Production volume,IX,Index,BTE,Industry (except construction),202506,June 2025,2023-09,,102.42,,A,Normal value,0,Units,1,One,2015,
DATAFLOW,OECD.SDD.STES:DSD_STES_REVISIONS@DF_STES_REVISIONS(4.0),Short-term economic statistics revisions,I,USA,United States,M,Monthly,PRVM,Production volume,IX,Index,BTE,Industry (except construction),202506,June 2025,2023-08,,102.21,,A,Normal value,0,Units,1,One,2015,
DATAFLOW,OECD.SDD.STES:DSD_STES_REVISIONS@DF_STES_REVISIONS(4.0),Short-term economic statistics revisions,I,USA,United States,M,Monthly,PRVM,Production volume,IX,Index,BTE,Industry (except construction),202506,June 2025,2023-07,,102.19,,A,Normal value,0,Units,1,One,2015,
DATAFLOW,OECD.SDD.STES:DSD_STES_REVISIONS@DF_STES_REVISIONS(4.0),Short-term economic statistics revisions,I,USA,United States,M,Monthly,PRVM,Production volume,IX,Index,BTE,Industry (except construction),202506,June 2025,2023-06,,101.51,,A,Normal value,0,Units,1,One,2015,
DATAFLOW,OECD.SDD.STES:DSD_STES_REVISIONS@DF_STES_REVISIONS(4.0),Short-term economic statistics revisions,I,USA,United States,M,Monthly,PRVM,Production volume,IX,Index,BTE,Industry (except construction),202506,June 2025,2023-05,,102.1,,A,Normal value,0,Units,1,One,2015,
DATAFLOW,OECD.SDD.STES:DSD_STES_REVISIONS@DF_STES_REVISIONS(4.0),Short-term economic statistics revisions,I,USA,United States,M,Monthly,PRVM,Production volume,IX,Index,BTE,Industry (except construction),202506,June 2025,2023-04,,102.34,,A,Normal value,0,Units,1,One,2015,
DATAFLOW,OECD.SDD.STES:DSD_STES_REVISIONS@DF_STES_REVISIONS(4.0),Short-term economic statistics revisions,I,USA,United States,M,Monthly,PRVM,Production volume,IX,Index,BTE,Industry (except construction),202506,June 2025,2023-03,,101.94,,A,Normal value,0,Units,1,One,2015,
DATAFLOW,OECD.SDD.STES:DSD_STES_REVISIONS@DF_STES_REVISIONS(4.0),Short-term economic statistics revisions,I,USA,United States,M,Monthly,PRVM,Production volume,IX,Index,BTE,Industry (except construction),202506,June 2025,2023-02,,101.92,,A,Normal value,0,Units,1,One,2015,
DATAFLOW,OECD.SDD.STES:DSD_STES_REVISIONS@DF_STES_REVISIONS(4.0),Short-term economic statistics revisions,I,USA,United States,M,Monthly,PRVM,Production volume,IX,Index,BTE,Industry (except construction),202506,June 2025,2023-01,,101.87,,A,Normal value,0,Units,1,One,2015,
DATAFLOW,OECD.SDD.STES:DSD_STES_REVISIONS@DF_STES_REVISIONS(4.0),Short-term economic statistics revisions,I,USA,United States,M,Monthly,PRVM,Production volume,IX,Index,BTE,Industry (except construction),202506,June 2025,2022-12,,100.96,,A,Normal value,0,Units,1,One,2015,
DATAFLOW,OECD.SDD.STES:DSD_STES_REVISIONS@DF_STES_REVISIONS(4.0),Short-term economic statistics revisions,I,USA,United States,M,Monthly,PRVM,Production volume,IX,Index,BTE,Industry (except construction),202506,June 2025,2022-11,,102.22,,A,Normal value,0,Units,1,One,2015,
DATAFLOW,OECD.SDD.STES:DSD_STES_REVISIONS@DF_STES_REVISIONS(4.0),Short-term economic statistics revisions,I,USA,United States,M,Monthly,PRVM,Production volume,IX,Index,BTE,Industry (except construction),202506,June 2025,2022-10,,102.56,,A,Normal value,0,Units,1,One,2015,
DATAFLOW,OECD.SDD.STES:DSD_STES_REVISIONS@DF_STES_REVISIONS(4.0),Short-term economic statistics revisions,I,USA,United States,M,Monthly,PRVM,Production volume,IX,Index,BTE,Industry (except construction),202506,June 2025,2022-09,,102.65,,A,Normal value,0,Units,1,One,2015,
DATAFLOW,OECD.SDD.STES:DSD_STES_REVISIONS@DF_STES_REVISIONS(4.0),Short-term economic statistics revisions,I,USA,United States,M,Monthly,PRVM,Production volume,IX,Index,BTE,Industry (except construction),202506,June 2025,2022-08,,102.29,,A,Normal value,0,Units,1,One,2015,
DATAFLOW,OECD.SDD.STES:DSD_STES_REVISIONS@DF_STES_REVISIONS(4.0),Short-term economic statistics revisions,I,USA,United States,M,Monthly,PRVM,Production volume,IX,Index,BTE,Industry (except construction),202506,June 2025,2022-07,,102.17,,A,Normal value,0,Units,1,One,2015,
DATAFLOW,OECD.SDD.STES:DSD_STES_REVISIONS@DF_STES_REVISIONS(4.0),Short-term economic statistics revisions,I,USA,United States,M,Monthly,PRVM,Production volume,IX,Index,BTE,Industry (except construction),202506,June 2025,2022-06,,101.94,,A,Normal value,0,Units,1,One,2015,
DATAFLOW,OECD.SDD.STES:DSD_STES_REVISIONS@DF_STES_REVISIONS(4.0),Short-term economic statistics revisions,I,USA,United States,M,Monthly,PRVM,Production volume,IX,Index,BTE,Industry (except construction),202506,June 2025,2022-05,,102.09,,A,Normal value,0,Units,1,One,2015,
DATAFLOW,OECD.SDD.STES:DSD_STES_REVISIONS@DF_STES_REVISIONS(4.0),Short-term economic statistics revisions,I,USA,United States,M,Monthly,PRVM,Production volume,IX,Index,BTE,Industry (except construction),202506,June 2025,2022-04,,102.02,,A,Normal value,0,Units,1,One,2015,
DATAFLOW,OECD.SDD.STES:DSD_STES_REVISIONS@DF_STES_REVISIONS(4.0),Short-term economic statistics revisions,I,USA,United States,M,Monthly,PRVM,Production volume,IX,Index,BTE,Industry (except construction),202506,June 2025,2022-03,,101.8,,A,Normal value,0,Units,1,One,2015,
DATAFLOW,OECD.SDD.STES:DSD_STES_REVISIONS@DF_STES_REVISIONS(4.0),Short-term economic statistics revisions,I,USA,United States,M,Monthly,PRVM,Production volume,IX,Index,BTE,Industry (except construction),202506,June 2025,2022-02,,100.98,,A,Normal value,0,Units,1,One,2015,
DATAFLOW,OECD.SDD.STES:DSD_STES_REVISIONS@DF_STES_REVISIONS(4.0),Short-term economic statistics revisions,I,USA,United States,M,Monthly,PRVM,Production volume,IX,Index,BTE,Industry (except construction),202506,June 2025,2022-01,,100.35,,A,Normal value,0,Units,1,One,2015,
DATAFLOW,OECD.SDD.STES:DSD_STES_REVISIONS@DF_STES_REVISIONS(4.0),Short-term economic statistics revisions,I,USA,United States,M,Monthly,PRVM,Production volume,IX,Index,BTE,Industry (except construction),202506,June 2025,2021-12,,100.33,,A,Normal value,0,Units,1,One,2015,
DATAFLOW,OECD.SDD.STES:DSD_STES_REVISIONS@DF_STES_REVISIONS(4.0),Short-term economic statistics revisions,I,USA,United States,M,Monthly,PRVM,Production volume,IX,Index,BTE,Industry (except construction),202506,June 2025,2021-11,,100.4,,A,Normal value,0,Units,1,One,2015,
DATAFLOW,OECD.SDD.STES:DSD_STES_REVISIONS@DF_STES_REVISIONS(4.0),Short-term economic statistics revisions,I,USA,United States,M,Monthly,PRVM,Production volume,IX,Index,BTE,Industry (except construction),202506,June 2025,2021-10,,99.5,,A,Normal value,0,Units,1,One,2015,
DATAFLOW,OECD.SDD.STES:DSD_STES_REVISIONS@DF_STES_REVISIONS(4.0),Short-term economic statistics revisions,I,USA,United States,M,Monthly,PRVM,Production volume,IX,Index,BTE,Industry (except construction),202506,June 2025,2021-09,,98.15,,A,Normal value,0,Units,1,One,2015,
DATAFLOW,OECD.SDD.STES:DSD_STES_REVISIONS@DF_STES_REVISIONS(4.0),Short-term economic statistics revisions,I,USA,United States,M,Monthly,PRVM,Production volume,IX,Index,BTE,Industry (except construction),202506,June 2025,2021-08,,99.19,,A,Normal value,0,Units,1,One,2015,
DATAFLOW,OECD.SDD.STES:DSD_STES_REVISIONS@DF_STES_REVISIONS(4.0),Short-term economic statistics revisions,I,USA,United States,M,Monthly,PRVM,Production volume,IX,Index,BTE,Industry (except construction),202506,June 2025,2021-07,,99.21,,A,Normal value,0,Units,1,One,2015,
DATAFLOW,OECD.SDD.STES:DSD_STES_REVISIONS@DF_STES_REVISIONS(4.0),Short-term economic statistics revisions,I,USA,United States,M,Monthly,PRVM,Production volume,IX,Index,BTE,Industry (except construction),202506,June 2025,2021-06,,98.8,,A,Normal value,0,Units,1,One,2015,
DATAFLOW,OECD.SDD.STES:DSD_STES_REVISIONS@DF_STES_REVISIONS(4.0),Short-term economic statistics revisions,I,USA,United States,M,Monthly,PRVM,Production volume,IX,Index,BTE,Industry (except construction),202506,June 2025,2021-05,,98.34,,A,Normal value,0,Units,1,One,2015,
DATAFLOW,OECD.SDD.STES:DSD_STES_REVISIONS@DF_STES_REVISIONS(4.0),Short-term economic statistics revisions,I,USA,United States,M,Monthly,PRVM,Production volume,IX,Index,BTE,Industry (except construction),202506,June 2025,2021-04,,97.49,,A,Normal value,0,Units,1,One,2015,
DATAFLOW,OECD.SDD.STES:DSD_STES_REVISIONS@DF_STES_REVISIONS(4.0),Short-term economic statistics revisions,I,USA,United States,M,Monthly,PRVM,Production volume,IX,Index,BTE,Industry (except construction),202506,June 2025,2021-03,,97.35,,A,Normal value,0,Units,1,One,2015,
DATAFLOW,OECD.SDD.STES:DSD_STES_REVISIONS@DF_STES_REVISIONS(4.0),Short-term economic statistics revisions,I,USA,United States,M,Monthly,PRVM,Production volume,IX,Index,BTE,Industry (except construction),202506,June 2025,2021-02,,94.69,,A,Normal value,0,Units,1,One,2015,
DATAFLOW,OECD.SDD.STES:DSD_STES_REVISIONS@DF_STES_REVISIONS(4.0),Short-term economic statistics revisions,I,USA,United States,M,Monthly,PRVM,Production volume,IX,Index,BTE,Industry (except construction),202506,June 2025,2021-01,,97.97,,A,Normal value,0,Units,1,One,2015,
DATAFLOW,OECD.SDD.STES:DSD_STES_REVISIONS@DF_STES_REVISIONS(4.0),Short-term economic statistics revisions,I,USA,United States,M,Monthly,PRVM,Production volume,IX,Index,BTE,Industry (except construction),202506,June 2025,2020-12,,97.36,,A,Normal value,0,Units,1,One,2015,
DATAFLOW,OECD.SDD.STES:DSD_STES_REVISIONS@DF_STES_REVISIONS(4.0),Short-term economic statistics revisions,I,USA,United States,M,Monthly,PRVM,Production volume,IX,Index,BTE,Industry (except construction),202506,June 2025,2020-11,,96.12,,A,Normal value,0,Units,1,One,2015,
DATAFLOW,OECD.SDD.STES:DSD_STES_REVISIONS@DF_STES_REVISIONS(4.0),Short-term economic statistics revisions,I,USA,United States,M,Monthly,PRVM,Production volume,IX,Index,BTE,Industry (except construction),202506,June 2025,2020-10,,95.7,,A,Normal value,0,Units,1,One,2015,
DATAFLOW,OECD.SDD.STES:DSD_STES_REVISIONS@DF_STES_REVISIONS(4.0),Short-term economic statistics revisions,I,USA,United States,M,Monthly,PRVM,Production volume,IX,Index,BTE,Industry (except construction),202506,June 2025,2020-09,,95.07,,A,Normal value,0,Units,1,One,2015,
DATAFLOW,OECD.SDD.STES:DSD_STES_REVISIONS@DF_STES_REVISIONS(4.0),Short-term economic statistics revisions,I,USA,United States,M,Monthly,PRVM,Production volume,IX,Index,BTE,Industry (except construction),202506,June 2025,2020-08,,95.11,,A,Normal value,0,Units,1,One,2015,
DATAFLOW,OECD.SDD.STES:DSD_STES_REVISIONS@DF_STES_REVISIONS(4.0),Short-term economic statistics revisions,I,USA,United States,M,Monthly,PRVM,Production volume,IX,Index,BTE,Industry (except construction),202506,June 2025,2020-07,,94.19,,A,Normal value,0,Units,1,One,2015,
DATAFLOW,OECD.SDD.STES:DSD_STES_REVISIONS@DF_STES_REVISIONS(4.0),Short-term economic statistics revisions,I,USA,United States,M,Monthly,PRVM,Production volume,IX,Index,BTE,Industry (except construction),202506,June 2025,2020-06,,90.89,,A,Normal value,0,Units,1,One,2015,
DATAFLOW,OECD.SDD.STES:DSD_STES_REVISIONS@DF_STES_REVISIONS(4.0),Short-term economic statistics revisions,I,USA,United States,M,Monthly,PRVM,Production volume,IX,Index,BTE,Industry (except construction),202506,June 2025,2020-05,,85.28,,A,Normal value,0,Units,1,One,2015,
DATAFLOW,OECD.SDD.STES:DSD_STES_REVISIONS@DF_STES_REVISIONS(4.0),Short-term economic statistics revisions,I,USA,United States,M,Monthly,PRVM,Production volume,IX,Index,BTE,Industry (except construction),202506,June 2025,2020-04,,83.96,,A,Normal value,0,Units,1,One,2015,
DATAFLOW,OECD.SDD.STES:DSD_STES_REVISIONS@DF_STES_REVISIONS(4.0),Short-term economic statistics revisions,I,USA,United States,M,Monthly,PRVM,Production volume,IX,Index,BTE,Industry (except construction),202506,June 2025,2020-03,,96.77,,A,Normal value,0,Units,1,One,2015,
DATAFLOW,OECD.SDD.STES:DSD_STES_REVISIONS@DF_STES_REVISIONS(4.0),Short-term economic statistics revisions,I,USA,United States,M,Monthly,PRVM,Production volume,IX,Index,BTE,Industry (except construction),202506,June 2025,2020-02,,100.8,,A,Normal value,0,Units,1,One,2015,
DATAFLOW,OECD.SDD.STES:DSD_STES_REVISIONS@DF_STES_REVISIONS(4.0),Short-term economic statistics revisions,I,USA,United States,M,Monthly,PRVM,Production volume,IX,Index,BTE,Industry (except construction),202506,June 2025,2020-01,,100.47,,A,Normal value,0,Units,1,One,2015,
DATAFLOW,OECD.SDD.STES:DSD_STES_REVISIONS@DF_STES_REVISIONS(4.0),Short-term economic statistics revisions,I,USA,United States,M,Monthly,PRVM,Production volume,IX,Index,BTE,Industry (except construction),202507,July 2025,2025-05,,102.71,,A,Normal value,0,Units,1,One,2015,
DATAFLOW,OECD.SDD.STES:DSD_STES_REVISIONS@DF_STES_REVISIONS(4.0),Short-term economic statistics revisions,I,USA,United States,M,Monthly,PRVM,Production volume,IX,Index,BTE,Industry (except construction),202507,July 2025,2025-04,,102.93,,A,Normal value,0,Units,1,One,2015,
DATAFLOW,OECD.SDD.STES:DSD_STES_REVISIONS@DF_STES_REVISIONS(4.0),Short-term economic statistics revisions,I,USA,United States,M,Monthly,PRVM,Production volume,IX,Index,BTE,Industry (except construction),202507,July 2025,2025-03,,102.86,,A,Normal value,0,Units,1,One,2015,
DATAFLOW,OECD.SDD.STES:DSD_STES_REVISIONS@DF_STES_REVISIONS(4.0),Short-term economic statistics revisions,I,USA,United States,M,Monthly,PRVM,Production volume,IX,Index,BTE,Industry (except construction),202507,July 2025,2025-02,,103.11,,A,Normal value,0,Units,1,One,2015,
DATAFLOW,OECD.SDD.STES:DSD_STES_REVISIONS@DF_STES_REVISIONS(4.0),Short-term economic statistics revisions,I,USA,United States,M,Monthly,PRVM,Production volume,IX,Index,BTE,Industry (except construction),202507,July 2025,2025-01,,102.05,,A,Normal value,0,Units,1,One,2015,
DATAFLOW,OECD.SDD.STES:DSD_STES_REVISIONS@DF_STES_REVISIONS(4.0),Short-term economic statistics revisions,I,USA,United States,M,Monthly,PRVM,Production volume,IX,Index,BTE,Industry (except construction),202507,July 2025,2024-12,,102.16,,A,Normal value,0,Units,1,One,2015,
DATAFLOW,OECD.SDD.STES:DSD_STES_REVISIONS@DF_STES_REVISIONS(4.0),Short-term economic statistics revisions,I,USA,United States,M,Monthly,PRVM,Production volume,IX,Index,BTE,Industry (except construction),202507,July 2025,2024-11,,101.08,,A,Normal value,0,Units,1,One,2015,
DATAFLOW,OECD.SDD.STES:DSD_STES_REVISIONS@DF_STES_REVISIONS(4.0),Short-term economic statistics revisions,I,USA,United States,M,Monthly,PRVM,Production volume,IX,Index,BTE,Industry (except construction),202507,July 2025,2024-10,,101.34,,A,Normal value,0,Units,1,One,2015,
DATAFLOW,OECD.SDD.STES:DSD_STES_REVISIONS@DF_STES_REVISIONS(4.0),Short-term economic statistics revisions,I,USA,United States,M,Monthly,PRVM,Production volume,IX,Index,BTE,Industry (except construction),202507,July 2025,2024-09,,101.72,,A,Normal value,0,Units,1,One,2015,
DATAFLOW,OECD.SDD.STES:DSD_STES_REVISIONS@DF_STES_REVISIONS(4.0),Short-term economic statistics revisions,I,USA,United States,M,Monthly,PRVM,Production volume,IX,Index,BTE,Industry (except construction),202507,July 2025,2024-08,,102.14,,A,Normal value,0,Units,1,One,2015,
DATAFLOW,OECD.SDD.STES:DSD_STES_REVISIONS@DF_STES_REVISIONS(4.0),Short-term economic statistics revisions,I,USA,United States,M,Monthly,PRVM,Production volume,IX,Index,BTE,Industry (except construction),202507,July 2025,2024-07,,101.64,,A,Normal value,0,Units,1,One,2015,
DATAFLOW,OECD.SDD.STES:DSD_STES_REVISIONS@DF_STES_REVISIONS(4.0),Short-term economic statistics revisions,I,USA,United States,M,Monthly,PRVM,Production volume,IX,Index,BTE,Industry (except construction),202507,July 2025,2024-06,,102.37,,A,Normal value,0,Units,1,One,2015,
DATAFLOW,OECD.SDD.STES:DSD_STES_REVISIONS@DF_STES_REVISIONS(4.0),Short-term economic statistics revisions,I,USA,United States,M,Monthly,PRVM,Production volume,IX,Index,BTE,Industry (except construction),202507,July 2025,2024-05,,102.1,,A,Normal value,0,Units,1,One,2015,
DATAFLOW,OECD.SDD.STES:DSD_STES_REVISIONS@DF_STES_REVISIONS(4.0),Short-term economic statistics revisions,I,USA,United States,M,Monthly,PRVM,Production volume,IX,Index,BTE,Industry (except construction),202507,July 2025,2024-04,,101.48,,A,Normal value,0,Units,1,One,2015,
DATAFLOW,OECD.SDD.STES:DSD_STES_REVISIONS@DF_STES_REVISIONS(4.0),Short-term economic statistics revisions,I,USA,United States,M,Monthly,PRVM,Production volume,IX,Index,BTE,Industry (except construction),202507,July 2025,2024-03,,101.64,,A,Normal value,0,Units,1,One,2015,
DATAFLOW,OECD.SDD.STES:DSD_STES_REVISIONS@DF_STES_REVISIONS(4.0),Short-term economic statistics revisions,I,USA,United States,M,Monthly,PRVM,Production volume,IX,Index,BTE,Industry (except construction),202507,July 2025,2024-02,,101.85,,A,Normal value,0,Units,1,One,2015,
DATAFLOW,OECD.SDD.STES:DSD_STES_REVISIONS@DF_STES_REVISIONS(4.0),Short-term economic statistics revisions,I,USA,United States,M,Monthly,PRVM,Production volume,IX,Index,BTE,Industry (except construction),202507,July 2025,2024-01,,100.62,,A,Normal value,0,Units,1,One,2015,
DATAFLOW,OECD.SDD.STES:DSD_STES_REVISIONS@DF_STES_REVISIONS(4.0),Short-term economic statistics revisions,I,USA,United States,M,Monthly,PRVM,Production volume,IX,Index,BTE,Industry (except construction),202507,July 2025,2023-12,,101.75,,A,Normal value,0,Units,1,One,2015,
DATAFLOW,OECD.SDD.STES:DSD_STES_REVISIONS@DF_STES_REVISIONS(4.0),Short-term economic statistics revisions,I,USA,United States,M,Monthly,PRVM,Production volume,IX,Index,BTE,Industry (except construction),202507,July 2025,2023-11,,102.01,,A,Normal value,0,Units,1,One,2015,
DATAFLOW,OECD.SDD.STES:DSD_STES_REVISIONS@DF_STES_REVISIONS(4.0),Short-term economic statistics revisions,I,USA,United States,M,Monthly,PRVM,Production volume,IX,Index,BTE,Industry (except construction),202507,July 2025,2023-10,,101.7,,A,Normal value,0,Units,1,One,2015,
DATAFLOW,OECD.SDD.STES:DSD_STES_REVISIONS@DF_STES_REVISIONS(4.0),Short-term economic statistics revisions,I,USA,United States,M,Monthly,PRVM,Production volume,IX,Index,BTE,Industry (except construction),202507,July 2025,2023-09,,102.42,,A,Normal value,0,Units,1,One,2015,
DATAFLOW,OECD.SDD.STES:DSD_STES_REVISIONS@DF_STES_REVISIONS(4.0),Short-term economic statistics revisions,I,USA,United States,M,Monthly,PRVM,Production volume,IX,Index,BTE,Industry (except construction),202507,July 2025,2023-08,,102.21,,A,Normal value,0,Units,1,One,2015,
DATAFLOW,OECD.SDD.STES:DSD_STES_REVISIONS@DF_STES_REVISIONS(4.0),Short-term economic statistics revisions,I,USA,United States,M,Monthly,PRVM,Production volume,IX,Index,BTE,Industry (except construction),202507,July 2025,2023-07,,102.19,,A,Normal value,0,Units,1,One,2015,
DATAFLOW,OECD.SDD.STES:DSD_STES_REVISIONS@DF_STES_REVISIONS(4.0),Short-term economic statistics revisions,I,USA,United States,M,Monthly,PRVM,Production volume,IX,Index,BTE,Industry (except construction),202507,July 2025,2023-06,,101.51,,A,Normal value,0,Units,1,One,2015,
DATAFLOW,OECD.SDD.STES:DSD_STES_REVISIONS@DF_STES_REVISIONS(4.0),Short-term economic statistics revisions,I,USA,United States,M,Monthly,PRVM,Production volume,IX,Index,BTE,Industry (except construction),202507,July 2025,2023-05,,102.1,,A,Normal value,0,Units,1,One,2015,
DATAFLOW,OECD.SDD.STES:DSD_STES_REVISIONS@DF_STES_REVISIONS(4.0),Short-term economic statistics revisions,I,USA,United States,M,Monthly,PRVM,Production volume,IX,Index,BTE,Industry (except construction),202507,July 2025,2023-04,,102.34,,A,Normal value,0,Units,1,One,2015,
DATAFLOW,OECD.SDD.STES:DSD_STES_REVISIONS@DF_STES_REVISIONS(4.0),Short-term economic statistics revisions,I,USA,United States,M,Monthly,PRVM,Production volume,IX,Index,BTE,Industry (except construction),202507,July 2025,2023-03,,101.94,,A,Normal value,0,Units,1,One,2015,
DATAFLOW,OECD.SDD.STES:DSD_STES_REVISIONS@DF_STES_REVISIONS(4.0),Short-term economic statistics revisions,I,USA,United States,M,Monthly,PRVM,Production volume,IX,Index,BTE,Industry (except construction),202507,July 2025,2023-02,,101.92,,A,Normal value,0,Units,1,One,2015,
DATAFLOW,OECD.SDD.STES:DSD_STES_REVISIONS@DF_STES_REVISIONS(4.0),Short-term economic statistics revisions,I,USA,United States,M,Monthly,PRVM,Production volume,IX,Index,BTE,Industry (except construction),202507,July 2025,2023-01,,101.87,,A,Normal value,0,Units,1,One,2015,
DATAFLOW,OECD.SDD.STES:DSD_STES_REVISIONS@DF_STES_REVISIONS(4.0),Short-term economic statistics revisions,I,USA,United States,M,Monthly,PRVM,Production volume,IX,Index,BTE,Industry (except construction),202507,July 2025,2022-12,,100.96,,A,Normal value,0,Units,1,One,2015,
DATAFLOW,OECD.SDD.STES:DSD_STES_REVISIONS@DF_STES_REVISIONS(4.0),Short-term economic statistics revisions,I,USA,United States,M,Monthly,PRVM,Production volume,IX,Index,BTE,Industry (except construction),202507,July 2025,2022-11,,102.22,,A,Normal value,0,Units,1,One,2015,
DATAFLOW,OECD.SDD.STES:DSD_STES_REVISIONS@DF_STES_REVISIONS(4.0),Short-term economic statistics revisions,I,USA,United States,M,Monthly,PRVM,Production volume,IX,Index,BTE,Industry (except construction),202507,July 2025,2022-10,,102.56,,A,Normal value,0,Units,1,One,2015,
DATAFLOW,OECD.SDD.STES:DSD_STES_REVISIONS@DF_STES_REVISIONS(4.0),Short-term economic statistics revisions,I,USA,United States,M,Monthly,PRVM,Production volume,IX,Index,BTE,Industry (except construction),202507,July 2025,2022-09,,102.65,,A,Normal value,0,Units,1,One,2015,
DATAFLOW,OECD.SDD.STES:DSD_STES_REVISIONS@DF_STES_REVISIONS(4.0),Short-term economic statistics revisions,I,USA,United States,M,Monthly,PRVM,Production volume,IX,Index,BTE,Industry (except construction),202507,July 2025,2022-08,,102.29,,A,Normal value,0,Units,1,One,2015,
DATAFLOW,OECD.SDD.STES:DSD_STES_REVISIONS@DF_STES_REVISIONS(4.0),Short-term economic statistics revisions,I,USA,United States,M,Monthly,PRVM,Production volume,IX,Index,BTE,Industry (except construction),202507,July 2025,2022-07,,102.17,,A,Normal value,0,Units,1,One,2015,
DATAFLOW,OECD.SDD.STES:DSD_STES_REVISIONS@DF_STES_REVISIONS(4.0),Short-term economic statistics revisions,I,USA,United States,M,Monthly,PRVM,Production volume,IX,Index,BTE,Industry (except construction),202507,July 2025,2022-06,,101.94,,A,Normal value,0,Units,1,One,2015,
DATAFLOW,OECD.SDD.STES:DSD_STES_REVISIONS@DF_STES_REVISIONS(4.0),Short-term economic statistics revisions,I,USA,United States,M,Monthly,PRVM,Production volume,IX,Index,BTE,Industry (except construction),202507,July 2025,2022-05,,102.09,,A,Normal value,0,Units,1,One,2015,
DATAFLOW,OECD.SDD.STES:DSD_STES_REVISIONS@DF_STES_REVISIONS(4.0),Short-term economic statistics revisions,I,USA,United States,M,Monthly,PRVM,Production volume,IX,Index,BTE,Industry (except construction),202507,July 2025,2022-04,,102.02,,A,Normal value,0,Units,1,One,2015,
DATAFLOW,OECD.SDD.STES:DSD_STES_REVISIONS@DF_STES_REVISIONS(4.0),Short-term economic statistics revisions,I,USA,United States,M,Monthly,PRVM,Production volume,IX,Index,BTE,Industry (except construction),202507,July 2025,2022-03,,101.8,,A,Normal value,0,Units,1,One,2015,
DATAFLOW,OECD.SDD.STES:DSD_STES_REVISIONS@DF_STES_REVISIONS(4.0),Short-term economic statistics revisions,I,USA,United States,M,Monthly,PRVM,Production volume,IX,Index,BTE,Industry (except construction),202507,July 2025,2022-02,,100.98,,A,Normal value,0,Units,1,One,2015,
DATAFLOW,OECD.SDD.STES:DSD_STES_REVISIONS@DF_STES_REVISIONS(4.0),Short-term economic statistics revisions,I,USA,United States,M,Monthly,PRVM,Production volume,IX,Index,BTE,Industry (except construction),202507,July 2025,2022-01,,100.35,,A,Normal value,0,Units,1,One,2015,
DATAFLOW,OECD.SDD.STES:DSD_STES_REVISIONS@DF_STES_REVISIONS(4.0),Short-term economic statistics revisions,I,USA,United States,M,Monthly,PRVM,Production volume,IX,Index,BTE,Industry (except construction),202507,July 2025,2021-12,,100.33,,A,Normal value,0,Units,1,One,2015,
DATAFLOW,OECD.SDD.STES:DSD_STES_REVISIONS@DF_STES_REVISIONS(4.0),Short-term economic statistics revisions,I,USA,United States,M,Monthly,PRVM,Production volume,IX,Index,BTE,Industry (except construction),202507,July 2025,2021-11,,100.4,,A,Normal value,0,Units,1,One,2015,
DATAFLOW,OECD.SDD.STES:DSD_STES_REVISIONS@DF_STES_REVISIONS(4.0),Short-term economic statistics revisions,I,USA,United States,M,Monthly,PRVM,Production volume,IX,Index,BTE,Industry (except construction),202507,July 2025,2021-10,,99.5,,A,Normal value,0,Units,1,One,2015,
DATAFLOW,OECD.SDD.STES:DSD_STES_REVISIONS@DF_STES_REVISIONS(4.0),Short-term economic statistics revisions,I,USA,United States,M,Monthly,PRVM,Production volume,IX,Index,BTE,Industry (except construction),202507,July 2025,2021-09,,98.15,,A,Normal value,0,Units,1,One,2015,
DATAFLOW,OECD.SDD.STES:DSD_STES_REVISIONS@DF_STES_REVISIONS(4.0),Short-term economic statistics revisions,I,USA,United States,M,Monthly,PRVM,Production volume,IX,Index,BTE,Industry (except construction),202507,July 2025,2021-08,,99.19,,A,Normal value,0,Units,1,One,2015,
DATAFLOW,OECD.SDD.STES:DSD_STES_REVISIONS@DF_STES_REVISIONS(4.0),Short-term economic statistics revisions,I,USA,United States,M,Monthly,PRVM,Production volume,IX,Index,BTE,Industry (except construction),202507,July 2025,2021-07,,99.21,,A,Normal value,0,Units,1,One,2015,
DATAFLOW,OECD.SDD.STES:DSD_STES_REVISIONS@DF_STES_REVISIONS(4.0),Short-term economic statistics revisions,I,USA,United States,M,Monthly,PRVM,Production volume,IX,Index,BTE,Industry (except construction),202507,July 2025,2021-06,,98.8,,A,Normal value,0,Units,1,One,2015,
DATAFLOW,OECD.SDD.STES:DSD_STES_REVISIONS@DF_STES_REVISIONS(4.0),Short-term economic statistics revisions,I,USA,United States,M,Monthly,PRVM,Production volume,IX,Index,BTE,Industry (except construction),202507,July 2025,2021-05,,98.34,,A,Normal value,0,Units,1,One,2015,
DATAFLOW,OECD.SDD.STES:DSD_STES_REVISIONS@DF_STES_REVISIONS(4.0),Short-term economic statistics revisions,I,USA,United States,M,Monthly,PRVM,Production volume,IX,Index,BTE,Industry (except construction),202507,July 2025,2021-04,,97.49,,A,Normal value,0,Units,1,One,2015,
DATAFLOW,OECD.SDD.STES:DSD_STES_REVISIONS@DF_STES_REVISIONS(4.0),Short-term economic statistics revisions,I,USA,United States,M,Monthly,PRVM,Production volume,IX,Index,BTE,Industry (except construction),202507,July 2025,2021-03,,97.35,,A,Normal value,0,Units,1,One,2015,
DATAFLOW,OECD.SDD.STES:DSD_STES_REVISIONS@DF_STES_REVISIONS(4.0),Short-term economic statistics revisions,I,USA,United States,M,Monthly,PRVM,Production volume,IX,Index,BTE,Industry (except construction),202507,July 2025,2021-02,,94.69,,A,Normal value,0,Units,1,One,2015,
DATAFLOW,OECD.SDD.STES:DSD_STES_REVISIONS@DF_STES_REVISIONS(4.0),Short-term economic statistics revisions,I,USA,United States,M,Monthly,PRVM,Production volume,IX,Index,BTE,Industry (except construction),202511,November 2025,2025-01,,102,,A,Normal value,0,Units,1,One,2015,
DATAFLOW,OECD.SDD.STES:DSD_STES_REVISIONS@DF_STES_REVISIONS(4.0),Short-term economic statistics revisions,I,USA,United States,M,Monthly,PRVM,Production volume,IX,Index,BTE,Industry (except construction),202511,November 2025,2024-12,,102.16,,A,Normal value,0,Units,1,One,2015,
DATAFLOW,OECD.SDD.STES:DSD_STES_REVISIONS@DF_STES_REVISIONS(4.0),Short-term economic statistics revisions,I,USA,United States,M,Monthly,PRVM,Production volume,IX,Index,BTE,Industry (except construction),202511,November 2025,2024-11,,101.08,,A,Normal value,0,Units,1,One,2015,
DATAFLOW,OECD.SDD.STES:DSD_STES_REVISIONS@DF_STES_REVISIONS(4.0),Short-term economic statistics revisions,I,USA,United States,M,Monthly,PRVM,Production volume,IX,Index,BTE,Industry (except construction),202511,November 2025,2024-10,,101.34,,A,Normal value,0,Units,1,One,2015,
DATAFLOW,OECD.SDD.STES:DSD_STES_REVISIONS@DF_STES_REVISIONS(4.0),Short-term economic statistics revisions,I,USA,United States,M,Monthly,PRVM,Production volume,IX,Index,BTE,Industry (except construction),202511,November 2025,2024-09,,101.72,,A,Normal value,0,Units,1,One,2015,
DATAFLOW,OECD.SDD.STES:DSD_STES_REVISIONS@DF_STES_REVISIONS(4.0),Short-term economic statistics revisions,I,USA,United States,M,Monthly,PRVM,Production volume,IX,Index,BTE,Industry (except construction),202511,November 2025,2024-08,,102.14,,A,Normal value,0,Units,1,One,2015,
DATAFLOW,OECD.SDD.STES:DSD_STES_REVISIONS@DF_STES_REVISIONS(4.0),Short-term economic statistics revisions,I,USA,United States,M,Monthly,PRVM,Production volume,IX,Index,BTE,Industry (except construction),202511,November 2025,2024-07,,101.64,,A,Normal value,0,Units,1,One,2015,
DATAFLOW,OECD.SDD.STES:DSD_STES_REVISIONS@DF_STES_REVISIONS(4.0),Short-term economic statistics revisions,I,USA,United States,M,Monthly,PRVM,Production volume,IX,Index,BTE,Industry (except construction),202511,November 2025,2024-06,,102.37,,A,Normal value,0,Units,1,One,2015,
DATAFLOW,OECD.SDD.STES:DSD_STES_REVISIONS@DF_STES_REVISIONS(4.0),Short-term economic statistics revisions,I,USA,United States,M,Monthly,PRVM,Production volume,IX,Index,BTE,Industry (except construction),202511,November 2025,2024-05,,102.1,,A,Normal value,0,Units,1,One,2015,
DATAFLOW,OECD.SDD.STES:DSD_STES_REVISIONS@DF_STES_REVISIONS(4.0),Short-term economic statistics revisions,I,USA,United States,M,Monthly,PRVM,Production volume,IX,Index,BTE,Industry (except construction),202511,November 2025,2024-04,,101.48,,A,Normal value,0,Units,1,One,2015,
DATAFLOW,OECD.SDD.STES:DSD_STES_REVISIONS@DF_STES_REVISIONS(4.0),Short-term economic statistics revisions,I,USA,United States,M,Monthly,PRVM,Production volume,IX,Index,BTE,Industry (except construction),202511,November 2025,2024-03,,101.64,,A,Normal value,0,Units,1,One,2015,
DATAFLOW,OECD.SDD.STES:DSD_STES_REVISIONS@DF_STES_REVISIONS(4.0),Short-term economic statistics revisions,I,USA,United States,M,Monthly,PRVM,Production volume,IX,Index,BTE,Industry (except construction),202511,November 2025,2024-02,,101.85,,A,Normal value,0,Units,1,One,2015,
DATAFLOW,OECD.SDD.STES:DSD_STES_REVISIONS@DF_STES_REVISIONS(4.0),Short-term economic statistics revisions,I,USA,United States,M,Monthly,PRVM,Production volume,IX,Index,BTE,Industry (except construction),202511,November 2025,2024-01,,100.62,,A,Normal value,0,Units,1,One,2015,
DATAFLOW,OECD.SDD.STES:DSD_STES_REVISIONS@DF_STES_REVISIONS(4.0),Short-term economic statistics revisions,I,USA,United States,M,Monthly,PRVM,Production volume,IX,Index,BTE,Industry (except construction),202511,November 2025,2023-12,,101.75,,A,Normal value,0,Units,1,One,2015,
DATAFLOW,OECD.SDD.STES:DSD_STES_REVISIONS@DF_STES_REVISIONS(4.0),Short-term economic statistics revisions,I,USA,United States,M,Monthly,PRVM,Production volume,IX,Index,BTE,Industry (except construction),202511,November 2025,2023-11,,102.01,,A,Normal value,0,Units,1,One,2015,
DATAFLOW,OECD.SDD.STES:DSD_STES_REVISIONS@DF_STES_REVISIONS(4.0),Short-term economic statistics revisions,I,USA,United States,M,Monthly,PRVM,Production volume,IX,Index,BTE,Industry (except construction),202511,November 2025,2023-10,,101.7,,A,Normal value,0,Units,1,One,2015,
DATAFLOW,OECD.SDD.STES:DSD_STES_REVISIONS@DF_STES_REVISIONS(4.0),Short-term economic statistics revisions,I,USA,United States,M,Monthly,PRVM,Production volume,IX,Index,BTE,Industry (except construction),202511,November 2025,2023-09,,102.42,,A,Normal value,0,Units,1,One,2015,
DATAFLOW,OECD.SDD.STES:DSD_STES_REVISIONS@DF_STES_REVISIONS(4.0),Short-term economic statistics revisions,I,USA,United States,M,Monthly,PRVM,Production volume,IX,Index,BTE,Industry (except construction),202511,November 2025,2023-08,,102.21,,A,Normal value,0,Units,1,One,2015,
DATAFLOW,OECD.SDD.STES:DSD_STES_REVISIONS@DF_STES_REVISIONS(4.0),Short-term economic statistics revisions,I,USA,United States,M,Monthly,PRVM,Production volume,IX,Index,BTE,Industry (except construction),202511,November 2025,2023-07,,102.19,,A,Normal value,0,Units,1,One,2015,
DATAFLOW,OECD.SDD.STES:DSD_STES_REVISIONS@DF_STES_REVISIONS(4.0),Short-term economic statistics revisions,I,USA,United States,M,Monthly,PRVM,Production volume,IX,Index,BTE,Industry (except construction),202511,November 2025,2023-06,,101.51,,A,Normal value,0,Units,1,One,2015,
DATAFLOW,OECD.SDD.STES:DSD_STES_REVISIONS@DF_STES_REVISIONS(4.0),Short-term economic statistics revisions,I,USA,United States,M,Monthly,PRVM,Production volume,IX,Index,BTE,Industry (except construction),202511,November 2025,2023-05,,102.1,,A,Normal value,0,Units,1,One,2015,
DATAFLOW,OECD.SDD.STES:DSD_STES_REVISIONS@DF_STES_REVISIONS(4.0),Short-term economic statistics revisions,I,USA,United States,M,Monthly,PRVM,Production volume,IX,Index,BTE,Industry (except construction),202511,November 2025,2023-04,,102.34,,A,Normal value,0,Units,1,One,2015,
DATAFLOW,OECD.SDD.STES:DSD_STES_REVISIONS@DF_STES_REVISIONS(4.0),Short-term economic statistics revisions,I,USA,United States,M,Monthly,PRVM,Production volume,IX,Index,BTE,Industry (except construction),202511,November 2025,2023-03,,101.94,,A,Normal value,0,Units,1,One,2015,
DATAFLOW,OECD.SDD.STES:DSD_STES_REVISIONS@DF_STES_REVISIONS(4.0),Short-term economic statistics revisions,I,USA,United States,M,Monthly,PRVM,Production volume,IX,Index,BTE,Industry (except construction),202511,November 2025,2023-02,,101.92,,A,Normal value,0,Units,1,One,2015,
DATAFLOW,OECD.SDD.STES:DSD_STES_REVISIONS@DF_STES_REVISIONS(4.0),Short-term economic statistics revisions,I,USA,United States,M,Monthly,PRVM,Production volume,IX,Index,BTE,Industry (except construction),202511,November 2025,2023-01,,101.87,,A,Normal value,0,Units,1,One,2015,
DATAFLOW,OECD.SDD.STES:DSD_STES_REVISIONS@DF_STES_REVISIONS(4.0),Short-term economic statistics revisions,I,USA,United States,M,Monthly,PRVM,Production volume,IX,Index,BTE,Industry (except construction),202511,November 2025,2022-12,,100.96,,A,Normal value,0,Units,1,One,2015,
DATAFLOW,OECD.SDD.STES:DSD_STES_REVISIONS@DF_STES_REVISIONS(4.0),Short-term economic statistics revisions,I,USA,United States,M,Monthly,PRVM,Production volume,IX,Index,BTE,Industry (except construction),202511,November 2025,2022-11,,102.22,,A,Normal value,0,Units,1,One,2015,
DATAFLOW,OECD.SDD.STES:DSD_STES_REVISIONS@DF_STES_REVISIONS(4.0),Short-term economic statistics revisions,I,USA,United States,M,Monthly,PRVM,Production volume,IX,Index,BTE,Industry (except construction),202511,November 2025,2022-10,,102.56,,A,Normal value,0,Units,1,One,2015,
DATAFLOW,OECD.SDD.STES:DSD_STES_REVISIONS@DF_STES_REVISIONS(4.0),Short-term economic statistics revisions,I,USA,United States,M,Monthly,PRVM,Production volume,IX,Index,BTE,Industry (except construction),202511,November 2025,2022-09,,102.65,,A,Normal value,0,Units,1,One,2015,
DATAFLOW,OECD.SDD.STES:DSD_STES_REVISIONS@DF_STES_REVISIONS(4.0),Short-term economic statistics revisions,I,USA,United States,M,Monthly,PRVM,Production volume,IX,Index,BTE,Industry (except construction),202511,November 2025,2022-08,,102.29,,A,Normal value,0,Units,1,One,2015,
DATAFLOW,OECD.SDD.STES:DSD_STES_REVISIONS@DF_STES_REVISIONS(4.0),Short-term economic statistics revisions,I,USA,United States,M,Monthly,PRVM,Production volume,IX,Index,BTE,Industry (except construction),202511,November 2025,2022-07,,102.17,,A,Normal value,0,Units,1,One,2015,
DATAFLOW,OECD.SDD.STES:DSD_STES_REVISIONS@DF_STES_REVISIONS(4.0),Short-term economic statistics revisions,I,USA,United States,M,Monthly,PRVM,Production volume,IX,Index,BTE,Industry (except construction),202511,November 2025,2022-06,,101.94,,A,Normal value,0,Units,1,One,2015,
DATAFLOW,OECD.SDD.STES:DSD_STES_REVISIONS@DF_STES_REVISIONS(4.0),Short-term economic statistics revisions,I,USA,United States,M,Monthly,PRVM,Production volume,IX,Index,BTE,Industry (except construction),202511,November 2025,2022-05,,102.09,,A,Normal value,0,Units,1,One,2015,
DATAFLOW,OECD.SDD.STES:DSD_STES_REVISIONS@DF_STES_REVISIONS(4.0),Short-term economic statistics revisions,I,USA,United States,M,Monthly,PRVM,Production volume,IX,Index,BTE,Industry (except construction),202511,November 2025,2022-04,,102.02,,A,Normal value,0,Units,1,One,2015,
DATAFLOW,OECD.SDD.STES:DSD_STES_REVISIONS@DF_STES_REVISIONS(4.0),Short-term economic statistics revisions,I,USA,United States,M,Monthly,PRVM,Production volume,IX,Index,BTE,Industry (except construction),202511,November 2025,2022-03,,101.8,,A,Normal value,0,Units,1,One,2015,
DATAFLOW,OECD.SDD.STES:DSD_STES_REVISIONS@DF_STES_REVISIONS(4.0),Short-term economic statistics revisions,I,USA,United States,M,Monthly,PRVM,Production volume,IX,Index,BTE,Industry (except construction),202511,November 2025,2022-02,,100.98,,A,Normal value,0,Units,1,One,2015,
DATAFLOW,OECD.SDD.STES:DSD_STES_REVISIONS@DF_STES_REVISIONS(4.0),Short-term economic statistics revisions,I,USA,United States,M,Monthly,PRVM,Production volume,IX,Index,BTE,Industry (except construction),202511,November 2025,2022-01,,100.35,,A,Normal value,0,Units,1,One,2015,
DATAFLOW,OECD.SDD.STES:DSD_STES_REVISIONS@DF_STES_REVISIONS(4.0),Short-term economic statistics revisions,I,USA,United States,M,Monthly,PRVM,Production volume,IX,Index,BTE,Industry (except construction),202511,November 2025,2021-12,,100.33,,A,Normal value,0,Units,1,One,2015,
DATAFLOW,OECD.SDD.STES:DSD_STES_REVISIONS@DF_STES_REVISIONS(4.0),Short-term economic statistics revisions,I,USA,United States,M,Monthly,PRVM,Production volume,IX,Index,BTE,Industry (except construction),202511,November 2025,2021-11,,100.4,,A,Normal value,0,Units,1,One,2015,
DATAFLOW,OECD.SDD.STES:DSD_STES_REVISIONS@DF_STES_REVISIONS(4.0),Short-term economic statistics revisions,I,USA,United States,M,Monthly,PRVM,Production volume,IX,Index,BTE,Industry (except construction),202511,November 2025,2021-10,,99.5,,A,Normal value,0,Units,1,One,2015,
DATAFLOW,OECD.SDD.STES:DSD_STES_REVISIONS@DF_STES_REVISIONS(4.0),Short-term economic statistics revisions,I,USA,United States,M,Monthly,PRVM,Production volume,IX,Index,BTE,Industry (except construction),202511,November 2025,2021-09,,98.15,,A,Normal value,0,Units,1,One,2015,
DATAFLOW,OECD.SDD.STES:DSD_STES_REVISIONS@DF_STES_REVISIONS(4.0),Short-term economic statistics revisions,I,USA,United States,M,Monthly,PRVM,Production volume,IX,Index,BTE,Industry (except construction),202511,November 2025,2021-08,,99.19,,A,Normal value,0,Units,1,One,2015,
DATAFLOW,OECD.SDD.STES:DSD_STES_REVISIONS@DF_STES_REVISIONS(4.0),Short-term economic statistics revisions,I,USA,United States,M,Monthly,PRVM,Production volume,IX,Index,BTE,Industry (except construction),202511,November 2025,2021-07,,99.21,,A,Normal value,0,Units,1,One,2015,
DATAFLOW,OECD.SDD.STES:DSD_STES_REVISIONS@DF_STES_REVISIONS(4.0),Short-term economic statistics revisions,I,USA,United States,M,Monthly,PRVM,Production volume,IX,Index,BTE,Industry (except construction),202511,November 2025,2021-06,,98.8,,A,Normal value,0,Units,1,One,2015,
DATAFLOW,OECD.SDD.STES:DSD_STES_REVISIONS@DF_STES_REVISIONS(4.0),Short-term economic statistics revisions,I,USA,United States,M,Monthly,PRVM,Production volume,IX,Index,BTE,Industry (except construction),202511,November 2025,2021-05,,98.34,,A,Normal value,0,Units,1,One,2015,
DATAFLOW,OECD.SDD.STES:DSD_STES_REVISIONS@DF_STES_REVISIONS(4.0),Short-term economic statistics revisions,I,USA,United States,M,Monthly,PRVM,Production volume,IX,Index,BTE,Industry (except construction),202511,November 2025,2021-04,,97.49,,A,Normal value,0,Units,1,One,2015,
DATAFLOW,OECD.SDD.STES:DSD_STES_REVISIONS@DF_STES_REVISIONS(4.0),Short-term economic statistics revisions,I,USA,United States,M,Monthly,PRVM,Production volume,IX,Index,BTE,Industry (except construction),202511,November 2025,2021-03,,97.35,,A,Normal value,0,Units,1,One,2015,
DATAFLOW,OECD.SDD.STES:DSD_STES_REVISIONS@DF_STES_REVISIONS(4.0),Short-term economic statistics revisions,I,USA,United States,M,Monthly,PRVM,Production volume,IX,Index,BTE,Industry (except construction),202511,November 2025,2021-02,,94.69,,A,Normal value,0,Units,1,One,2015,
DATAFLOW,OECD.SDD.STES:DSD_STES_REVISIONS@DF_STES_REVISIONS(4.0),Short-term economic statistics revisions,I,USA,United States,M,Monthly,PRVM,Production volume,IX,Index,BTE,Industry (except construction),202511,November 2025,2021-01,,97.97,,A,Normal value,0,Units,1,One,2015,
DATAFLOW,OECD.SDD.STES:DSD_STES_REVISIONS@DF_STES_REVISIONS(4.0),Short-term economic statistics revisions,I,USA,United States,M,Monthly,PRVM,Production volume,IX,Index,BTE,Industry (except construction),202511,November 2025,2020-12,,97.36,,A,Normal value,0,Units,1,One,2015,
DATAFLOW,OECD.SDD.STES:DSD_STES_REVISIONS@DF_STES_REVISIONS(4.0),Short-term economic statistics revisions,I,USA,United States,M,Monthly,PRVM,Production volume,IX,Index,BTE,Industry (except construction),202511,November 2025,2020-11,,96.12,,A,Normal value,0,Units,1,One,2015,
DATAFLOW,OECD.SDD.STES:DSD_STES_REVISIONS@DF_STES_REVISIONS(4.0),Short-term economic statistics revisions,I,USA,United States,M,Monthly,PRVM,Production volume,IX,Index,BTE,Industry (except construction),202511,November 2025,2020-10,,95.7,,A,Normal value,0,Units,1,One,2015,
DATAFLOW,OECD.SDD.STES:DSD_STES_REVISIONS@DF_STES_REVISIONS(4.0),Short-term economic statistics revisions,I,USA,United States,M,Monthly,PRVM,Production volume,IX,Index,BTE,Industry (except construction),202511,November 2025,2020-09,,95.07,,A,Normal value,0,Units,1,One,2015,
DATAFLOW,OECD.SDD.STES:DSD_STES_REVISIONS@DF_STES_REVISIONS(4.0),Short-term economic statistics revisions,I,USA,United States,M,Monthly,PRVM,Production volume,IX,Index,BTE,Industry (except construction),202511,November 2025,2020-08,,95.11,,A,Normal value,0,Units,1,One,2015,
DATAFLOW,OECD.SDD.STES:DSD_STES_REVISIONS@DF_STES_REVISIONS(4.0),Short-term economic statistics revisions,I,USA,United States,M,Monthly,PRVM,Production volume,IX,Index,BTE,Industry (except construction),202511,November 2025,2020-07,,94.19,,A,Normal value,0,Units,1,One,2015,
DATAFLOW,OECD.SDD.STES:DSD_STES_REVISIONS@DF_STES_REVISIONS(4.0),Short-term economic statistics revisions,I,USA,United States,M,Monthly,PRVM,Production volume,IX,Index,BTE,Industry (except construction),202511,November 2025,2020-06,,90.89,,A,Normal value,0,Units,1,One,2015,
DATAFLOW,OECD.SDD.STES:DSD_STES_REVISIONS@DF_STES_REVISIONS(4.0),Short-term economic statistics revisions,I,USA,United States,M,Monthly,PRVM,Production volume,IX,Index,BTE,Industry (except construction),202511,November 2025,2020-05,,85.28,,A,Normal value,0,Units,1,One,2015,
DATAFLOW,OECD.SDD.STES:DSD_STES_REVISIONS@DF_STES_REVISIONS(4.0),Short-term economic statistics revisions,I,USA,United States,M,Monthly,PRVM,Production volume,IX,Index,BTE,Industry (except construction),202511,November 2025,2020-04,,83.96,,A,Normal value,0,Units,1,One,2015,
DATAFLOW,OECD.SDD.STES:DSD_STES_REVISIONS@DF_STES_REVISIONS(4.0),Short-term economic statistics revisions,I,USA,United States,M,Monthly,PRVM,Production volume,IX,Index,BTE,Industry (except construction),202511,November 2025,2020-03,,96.77,,A,Normal value,0,Units,1,One,2015,
DATAFLOW,OECD.SDD.STES:DSD_STES_REVISIONS@DF_STES_REVISIONS(4.0),Short-term economic statistics revisions,I,USA,United States,M,Monthly,PRVM,Production volume,IX,Index,BTE,Industry (except construction),202511,November 2025,2020-02,,100.8,,A,Normal value,0,Units,1,One,2015,
DATAFLOW,OECD.SDD.STES:DSD_STES_REVISIONS@DF_STES_REVISIONS(4.0),Short-term economic statistics revisions,I,USA,United States,M,Monthly,PRVM,Production volume,IX,Index,BTE,Industry (except construction),202511,November 2025,2020-01,,100.47,,A,Normal value,0,Units,1,One,2015,
DATAFLOW,OECD.SDD.STES:DSD_STES_REVISIONS@DF_STES_REVISIONS(4.0),Short-term economic statistics revisions,I,USA,United States,M,Monthly,PRVM,Production volume,IX,Index,BTE,Industry (except construction),202510,October 2025,2025-07,,103.1,,A,Normal value,0,Units,1,One,2015,
DATAFLOW,OECD.SDD.STES:DSD_STES_REVISIONS@DF_STES_REVISIONS(4.0),Short-term economic statistics revisions,I,USA,United States,M,Monthly,PRVM,Production volume,IX,Index,BTE,Industry (except construction),202510,October 2025,2025-06,,103.22,,A,Normal value,0,Units,1,One,2015,
DATAFLOW,OECD.SDD.STES:DSD_STES_REVISIONS@DF_STES_REVISIONS(4.0),Short-term economic statistics revisions,I,USA,United States,M,Monthly,PRVM,Production volume,IX,Index,BTE,Industry (except construction),202510,October 2025,2025-05,,102.86,,A,Normal value,0,Units,1,One,2015,
DATAFLOW,OECD.SDD.STES:DSD_STES_REVISIONS@DF_STES_REVISIONS(4.0),Short-term economic statistics revisions,I,USA,United States,M,Monthly,PRVM,Production volume,IX,Index,BTE,Industry (except construction),202510,October 2025,2025-04,,102.78,,A,Normal value,0,Units,1,One,2015,
DATAFLOW,OECD.SDD.STES:DSD_STES_REVISIONS@DF_STES_REVISIONS(4.0),Short-term economic statistics revisions,I,USA,United States,M,Monthly,PRVM,Production volume,IX,Index,BTE,Industry (except construction),202510,October 2025,2025-03,,102.75,,A,Normal value,0,Units,1,One,2015,
DATAFLOW,OECD.SDD.STES:DSD_STES_REVISIONS@DF_STES_REVISIONS(4.0),Short-term economic statistics revisions,I,USA,United States,M,Monthly,PRVM,Production volume,IX,Index,BTE,Industry (except construction),202510,October 2025,2025-02,,102.98,,A,Normal value,0,Units,1,One,2015,
DATAFLOW,OECD.SDD.STES:DSD_STES_REVISIONS@DF_STES_REVISIONS(4.0),Short-term economic statistics revisions,I,USA,United States,M,Monthly,PRVM,Production volume,IX,Index,BTE,Industry (except construction),202510,October 2025,2025-01,,102,,A,Normal value,0,Units,1,One,2015,
DATAFLOW,OECD.SDD.STES:DSD_STES_REVISIONS@DF_STES_REVISIONS(4.0),Short-term economic statistics revisions,I,USA,United States,M,Monthly,PRVM,Production volume,IX,Index,BTE,Industry (except construction),202510,October 2025,2024-12,,102.16,,A,Normal value,0,Units,1,One,2015,
DATAFLOW,OECD.SDD.STES:DSD_STES_REVISIONS@DF_STES_REVISIONS(4.0),Short-term economic statistics revisions,I,USA,United States,M,Monthly,PRVM,Production volume,IX,Index,BTE,Industry (except construction),202510,October 2025,2024-11,,101.08,,A,Normal value,0,Units,1,One,2015,
DATAFLOW,OECD.SDD.STES:DSD_STES_REVISIONS@DF_STES_REVISIONS(4.0),Short-term economic statistics revisions,I,USA,United States,M,Monthly,PRVM,Production volume,IX,Index,BTE,Industry (except construction),202510,October 2025,2024-10,,101.34,,A,Normal value,0,Units,1,One,2015,
DATAFLOW,OECD.SDD.STES:DSD_STES_REVISIONS@DF_STES_REVISIONS(4.0),Short-term economic statistics revisions,I,USA,United States,M,Monthly,PRVM,Production volume,IX,Index,BTE,Industry (except construction),202510,October 2025,2024-09,,101.72,,A,Normal value,0,Units,1,One,2015,
DATAFLOW,OECD.SDD.STES:DSD_STES_REVISIONS@DF_STES_REVISIONS(4.0),Short-term economic statistics revisions,I,USA,United States,M,Monthly,PRVM,Production volume,IX,Index,BTE,Industry (except construction),202510,October 2025,2024-08,,102.14,,A,Normal value,0,Units,1,One,2015,
DATAFLOW,OECD.SDD.STES:DSD_STES_REVISIONS@DF_STES_REVISIONS(4.0),Short-term economic statistics revisions,I,USA,United States,M,Monthly,PRVM,Production volume,IX,Index,BTE,Industry (except construction),202510,October 2025,2024-07,,101.64,,A,Normal value,0,Units,1,One,2015,
DATAFLOW,OECD.SDD.STES:DSD_STES_REVISIONS@DF_STES_REVISIONS(4.0),Short-term economic statistics revisions,I,USA,United States,M,Monthly,PRVM,Production volume,IX,Index,BTE,Industry (except construction),202510,October 2025,2024-06,,102.37,,A,Normal value,0,Units,1,One,2015,
DATAFLOW,OECD.SDD.STES:DSD_STES_REVISIONS@DF_STES_REVISIONS(4.0),Short-term economic statistics revisions,I,USA,United States,M,Monthly,PRVM,Production volume,IX,Index,BTE,Industry (except construction),202510,October 2025,2024-05,,102.1,,A,Normal value,0,Units,1,One,2015,
DATAFLOW,OECD.SDD.STES:DSD_STES_REVISIONS@DF_STES_REVISIONS(4.0),Short-term economic statistics revisions,I,USA,United States,M,Monthly,PRVM,Production volume,IX,Index,BTE,Industry (except construction),202510,October 2025,2024-04,,101.48,,A,Normal value,0,Units,1,One,2015,
DATAFLOW,OECD.SDD.STES:DSD_STES_REVISIONS@DF_STES_REVISIONS(4.0),Short-term economic statistics revisions,I,USA,United States,M,Monthly,PRVM,Production volume,IX,Index,BTE,Industry (except construction),202510,October 2025,2024-03,,101.64,,A,Normal value,0,Units,1,One,2015,
DATAFLOW,OECD.SDD.STES:DSD_STES_REVISIONS@DF_STES_REVISIONS(4.0),Short-term economic statistics revisions,I,USA,United States,M,Monthly,PRVM,Production volume,IX,Index,BTE,Industry (except construction),202510,October 2025,2024-02,,101.85,,A,Normal value,0,Units,1,One,2015,
DATAFLOW,OECD.SDD.STES:DSD_STES_REVISIONS@DF_STES_REVISIONS(4.0),Short-term economic statistics revisions,I,USA,United States,M,Monthly,PRVM,Production volume,IX,Index,BTE,Industry (except construction),202510,October 2025,2024-01,,100.62,,A,Normal value,0,Units,1,One,2015,
DATAFLOW,OECD.SDD.STES:DSD_STES_REVISIONS@DF_STES_REVISIONS(4.0),Short-term economic statistics revisions,I,USA,United States,M,Monthly,PRVM,Production volume,IX,Index,BTE,Industry (except construction),202510,October 2025,2023-12,,101.75,,A,Normal value,0,Units,1,One,2015,
DATAFLOW,OECD.SDD.STES:DSD_STES_REVISIONS@DF_STES_REVISIONS(4.0),Short-term economic statistics revisions,I,USA,United States,M,Monthly,PRVM,Production volume,IX,Index,BTE,Industry (except construction),202510,October 2025,2023-11,,102.01,,A,Normal value,0,Units,1,One,2015,
DATAFLOW,OECD.SDD.STES:DSD_STES_REVISIONS@DF_STES_REVISIONS(4.0),Short-term economic statistics revisions,I,USA,United States,M,Monthly,PRVM,Production volume,IX,Index,BTE,Industry (except construction),202510,October 2025,2023-10,,101.7,,A,Normal value,0,Units,1,One,2015,
DATAFLOW,OECD.SDD.STES:DSD_STES_REVISIONS@DF_STES_REVISIONS(4.0),Short-term economic statistics revisions,I,USA,United States,M,Monthly,PRVM,Production volume,IX,Index,BTE,Industry (except construction),202510,October 2025,2023-09,,102.42,,A,Normal value,0,Units,1,One,2015,
DATAFLOW,OECD.SDD.STES:DSD_STES_REVISIONS@DF_STES_REVISIONS(4.0),Short-term economic statistics revisions,I,USA,United States,M,Monthly,PRVM,Production volume,IX,Index,BTE,Industry (except construction),202510,October 2025,2023-08,,102.21,,A,Normal value,0,Units,1,One,2015,
DATAFLOW,OECD.SDD.STES:DSD_STES_REVISIONS@DF_STES_REVISIONS(4.0),Short-term economic statistics revisions,I,USA,United States,M,Monthly,PRVM,Production volume,IX,Index,BTE,Industry (except construction),202510,October 2025,2023-07,,102.19,,A,Normal value,0,Units,1,One,2015,
DATAFLOW,OECD.SDD.STES:DSD_STES_REVISIONS@DF_STES_REVISIONS(4.0),Short-term economic statistics revisions,I,USA,United States,M,Monthly,PRVM,Production volume,IX,Index,BTE,Industry (except construction),202510,October 2025,2023-06,,101.51,,A,Normal value,0,Units,1,One,2015,
DATAFLOW,OECD.SDD.STES:DSD_STES_REVISIONS@DF_STES_REVISIONS(4.0),Short-term economic statistics revisions,I,USA,United States,M,Monthly,PRVM,Production volume,IX,Index,BTE,Industry (except construction),202510,October 2025,2023-05,,102.1,,A,Normal value,0,Units,1,One,2015,
DATAFLOW,OECD.SDD.STES:DSD_STES_REVISIONS@DF_STES_REVISIONS(4.0),Short-term economic statistics revisions,I,USA,United States,M,Monthly,PRVM,Production volume,IX,Index,BTE,Industry (except construction),202510,October 2025,2023-04,,102.34,,A,Normal value,0,Units,1,One,2015,
DATAFLOW,OECD.SDD.STES:DSD_STES_REVISIONS@DF_STES_REVISIONS(4.0),Short-term economic statistics revisions,I,USA,United States,M,Monthly,PRVM,Production volume,IX,Index,BTE,Industry (except construction),202510,October 2025,2023-03,,101.94,,A,Normal value,0,Units,1,One,2015,
DATAFLOW,OECD.SDD.STES:DSD_STES_REVISIONS@DF_STES_REVISIONS(4.0),Short-term economic statistics revisions,I,USA,United States,M,Monthly,PRVM,Production volume,IX,Index,BTE,Industry (except construction),202510,October 2025,2023-02,,101.92,,A,Normal value,0,Units,1,One,2015,
DATAFLOW,OECD.SDD.STES:DSD_STES_REVISIONS@DF_STES_REVISIONS(4.0),Short-term economic statistics revisions,I,USA,United States,M,Monthly,PRVM,Production volume,IX,Index,BTE,Industry (except construction),202510,October 2025,2023-01,,101.87,,A,Normal value,0,Units,1,One,2015,
DATAFLOW,OECD.SDD.STES:DSD_STES_REVISIONS@DF_STES_REVISIONS(4.0),Short-term economic statistics revisions,I,USA,United States,M,Monthly,PRVM,Production volume,IX,Index,BTE,Industry (except construction),202510,October 2025,2022-12,,100.96,,A,Normal value,0,Units,1,One,2015,
DATAFLOW,OECD.SDD.STES:DSD_STES_REVISIONS@DF_STES_REVISIONS(4.0),Short-term economic statistics revisions,I,USA,United States,M,Monthly,PRVM,Production volume,IX,Index,BTE,Industry (except construction),202510,October 2025,2022-11,,102.22,,A,Normal value,0,Units,1,One,2015,
DATAFLOW,OECD.SDD.STES:DSD_STES_REVISIONS@DF_STES_REVISIONS(4.0),Short-term economic statistics revisions,I,USA,United States,M,Monthly,PRVM,Production volume,IX,Index,BTE,Industry (except construction),202510,October 2025,2022-10,,102.56,,A,Normal value,0,Units,1,One,2015,
DATAFLOW,OECD.SDD.STES:DSD_STES_REVISIONS@DF_STES_REVISIONS(4.0),Short-term economic statistics revisions,I,USA,United States,M,Monthly,PRVM,Production volume,IX,Index,BTE,Industry (except construction),202510,October 2025,2022-09,,102.65,,A,Normal value,0,Units,1,One,2015,
DATAFLOW,OECD.SDD.STES:DSD_STES_REVISIONS@DF_STES_REVISIONS(4.0),Short-term economic statistics revisions,I,USA,United States,M,Monthly,PRVM,Production volume,IX,Index,BTE,Industry (except construction),202510,October 2025,2022-08,,102.29,,A,Normal value,0,Units,1,One,2015,
DATAFLOW,OECD.SDD.STES:DSD_STES_REVISIONS@DF_STES_REVISIONS(4.0),Short-term economic statistics revisions,I,USA,United States,M,Monthly,PRVM,Production volume,IX,Index,BTE,Industry (except construction),202510,October 2025,2022-07,,102.17,,A,Normal value,0,Units,1,One,2015,
DATAFLOW,OECD.SDD.STES:DSD_STES_REVISIONS@DF_STES_REVISIONS(4.0),Short-term economic statistics revisions,I,USA,United States,M,Monthly,PRVM,Production volume,IX,Index,BTE,Industry (except construction),202510,October 2025,2022-06,,101.94,,A,Normal value,0,Units,1,One,2015,
DATAFLOW,OECD.SDD.STES:DSD_STES_REVISIONS@DF_STES_REVISIONS(4.0),Short-term economic statistics revisions,I,USA,United States,M,Monthly,PRVM,Production volume,IX,Index,BTE,Industry (except construction),202510,October 2025,2022-05,,102.09,,A,Normal value,0,Units,1,One,2015,
DATAFLOW,OECD.SDD.STES:DSD_STES_REVISIONS@DF_STES_REVISIONS(4.0),Short-term economic statistics revisions,I,USA,United States,M,Monthly,PRVM,Production volume,IX,Index,BTE,Industry (except construction),202510,October 2025,2022-04,,102.02,,A,Normal value,0,Units,1,One,2015,
DATAFLOW,OECD.SDD.STES:DSD_STES_REVISIONS@DF_STES_REVISIONS(4.0),Short-term economic statistics revisions,I,USA,United States,M,Monthly,PRVM,Production volume,IX,Index,BTE,Industry (except construction),202510,October 2025,2022-03,,101.8,,A,Normal value,0,Units,1,One,2015,
DATAFLOW,OECD.SDD.STES:DSD_STES_REVISIONS@DF_STES_REVISIONS(4.0),Short-term economic statistics revisions,I,USA,United States,M,Monthly,PRVM,Production volume,IX,Index,BTE,Industry (except construction),202510,October 2025,2022-02,,100.98,,A,Normal value,0,Units,1,One,2015,
DATAFLOW,OECD.SDD.STES:DSD_STES_REVISIONS@DF_STES_REVISIONS(4.0),Short-term economic statistics revisions,I,USA,United States,M,Monthly,PRVM,Production volume,IX,Index,BTE,Industry (except construction),202510,October 2025,2022-01,,100.35,,A,Normal value,0,Units,1,One,2015,
DATAFLOW,OECD.SDD.STES:DSD_STES_REVISIONS@DF_STES_REVISIONS(4.0),Short-term economic statistics revisions,I,USA,United States,M,Monthly,PRVM,Production volume,IX,Index,BTE,Industry (except construction),202510,October 2025,2021-12,,100.33,,A,Normal value,0,Units,1,One,2015,
DATAFLOW,OECD.SDD.STES:DSD_STES_REVISIONS@DF_STES_REVISIONS(4.0),Short-term economic statistics revisions,I,USA,United States,M,Monthly,PRVM,Production volume,IX,Index,BTE,Industry (except construction),202510,October 2025,2021-11,,100.4,,A,Normal value,0,Units,1,One,2015,
DATAFLOW,OECD.SDD.STES:DSD_STES_REVISIONS@DF_STES_REVISIONS(4.0),Short-term economic statistics revisions,I,USA,United States,M,Monthly,PRVM,Production volume,IX,Index,BTE,Industry (except construction),202510,October 2025,2021-10,,99.5,,A,Normal value,0,Units,1,One,2015,
DATAFLOW,OECD.SDD.STES:DSD_STES_REVISIONS@DF_STES_REVISIONS(4.0),Short-term economic statistics revisions,I,USA,United States,M,Monthly,PRVM,Production volume,IX,Index,BTE,Industry (except construction),202510,October 2025,2021-09,,98.15,,A,Normal value,0,Units,1,One,2015,
DATAFLOW,OECD.SDD.STES:DSD_STES_REVISIONS@DF_STES_REVISIONS(4.0),Short-term economic statistics revisions,I,USA,United States,M,Monthly,PRVM,Production volume,IX,Index,BTE,Industry (except construction),202510,October 2025,2021-08,,99.19,,A,Normal value,0,Units,1,One,2015,
DATAFLOW,OECD.SDD.STES:DSD_STES_REVISIONS@DF_STES_REVISIONS(4.0),Short-term economic statistics revisions,I,USA,United States,M,Monthly,PRVM,Production volume,IX,Index,BTE,Industry (except construction),202510,October 2025,2021-07,,99.21,,A,Normal value,0,Units,1,One,2015,
DATAFLOW,OECD.SDD.STES:DSD_STES_REVISIONS@DF_STES_REVISIONS(4.0),Short-term economic statistics revisions,I,USA,United States,M,Monthly,PRVM,Production volume,IX,Index,BTE,Industry (except construction),202510,October 2025,2021-06,,98.8,,A,Normal value,0,Units,1,One,2015,
DATAFLOW,OECD.SDD.STES:DSD_STES_REVISIONS@DF_STES_REVISIONS(4.0),Short-term economic statistics revisions,I,USA,United States,M,Monthly,PRVM,Production volume,IX,Index,BTE,Industry (except construction),202510,October 2025,2021-05,,98.34,,A,Normal value,0,Units,1,One,2015,
DATAFLOW,OECD.SDD.STES:DSD_STES_REVISIONS@DF_STES_REVISIONS(4.0),Short-term economic statistics revisions,I,USA,United States,M,Monthly,PRVM,Production volume,IX,Index,BTE,Industry (except construction),202510,October 2025,2021-04,,97.49,,A,Normal value,0,Units,1,One,2015,
DATAFLOW,OECD.SDD.STES:DSD_STES_REVISIONS@DF_STES_REVISIONS(4.0),Short-term economic statistics revisions,I,USA,United States,M,Monthly,PRVM,Production volume,IX,Index,BTE,Industry (except construction),202510,October 2025,2021-03,,97.35,,A,Normal value,0,Units,1,One,2015,
DATAFLOW,OECD.SDD.STES:DSD_STES_REVISIONS@DF_STES_REVISIONS(4.0),Short-term economic statistics revisions,I,USA,United States,M,Monthly,PRVM,Production volume,IX,Index,BTE,Industry (except construction),202510,October 2025,2021-02,,94.69,,A,Normal value,0,Units,1,One,2015,
DATAFLOW,OECD.SDD.STES:DSD_STES_REVISIONS@DF_STES_REVISIONS(4.0),Short-term economic statistics revisions,I,USA,United States,M,Monthly,PRVM,Production volume,IX,Index,BTE,Industry (except construction),202510,October 2025,2021-01,,97.97,,A,Normal value,0,Units,1,One,2015,
DATAFLOW,OECD.SDD.STES:DSD_STES_REVISIONS@DF_STES_REVISIONS(4.0),Short-term economic statistics revisions,I,USA,United States,M,Monthly,PRVM,Production volume,IX,Index,BTE,Industry (except construction),202510,October 2025,2020-12,,97.36,,A,Normal value,0,Units,1,One,2015,
DATAFLOW,OECD.SDD.STES:DSD_STES_REVISIONS@DF_STES_REVISIONS(4.0),Short-term economic statistics revisions,I,USA,United States,M,Monthly,PRVM,Production volume,IX,Index,BTE,Industry (except construction),202510,October 2025,2020-11,,96.12,,A,Normal value,0,Units,1,One,2015,
DATAFLOW,OECD.SDD.STES:DSD_STES_REVISIONS@DF_STES_REVISIONS(4.0),Short-term economic statistics revisions,I,USA,United States,M,Monthly,PRVM,Production volume,IX,Index,BTE,Industry (except construction),202510,October 2025,2020-10,,95.7,,A,Normal value,0,Units,1,One,2015,
DATAFLOW,OECD.SDD.STES:DSD_STES_REVISIONS@DF_STES_REVISIONS(4.0),Short-term economic statistics revisions,I,USA,United States,M,Monthly,PRVM,Production volume,IX,Index,BTE,Industry (except construction),202510,October 2025,2020-09,,95.07,,A,Normal value,0,Units,1,One,2015,
DATAFLOW,OECD.SDD.STES:DSD_STES_REVISIONS@DF_STES_REVISIONS(4.0),Short-term economic statistics revisions,I,USA,United States,M,Monthly,PRVM,Production volume,IX,Index,BTE,Industry (except construction),202510,October 2025,2020-08,,95.11,,A,Normal value,0,Units,1,One,2015,
DATAFLOW,OECD.SDD.STES:DSD_STES_REVISIONS@DF_STES_REVISIONS(4.0),Short-term economic statistics revisions,I,USA,United States,M,Monthly,PRVM,Production volume,IX,Index,BTE,Industry (except construction),202510,October 2025,2020-07,,94.19,,A,Normal value,0,Units,1,One,2015,
DATAFLOW,OECD.SDD.STES:DSD_STES_REVISIONS@DF_STES_REVISIONS(4.0),Short-term economic statistics revisions,I,USA,United States,M,Monthly,PRVM,Production volume,IX,Index,BTE,Industry (except construction),202510,October 2025,2020-06,,90.89,,A,Normal value,0,Units,1,One,2015,
DATAFLOW,OECD.SDD.STES:DSD_STES_REVISIONS@DF_STES_REVISIONS(4.0),Short-term economic statistics revisions,I,USA,United States,M,Monthly,PRVM,Production volume,IX,Index,BTE,Industry (except construction),202510,October 2025,2020-05,,85.28,,A,Normal value,0,Units,1,One,2015,
DATAFLOW,OECD.SDD.STES:DSD_STES_REVISIONS@DF_STES_REVISIONS(4.0),Short-term economic statistics revisions,I,USA,United States,M,Monthly,PRVM,Production volume,IX,Index,BTE,Industry (except construction),202510,October 2025,2020-04,,83.96,,A,Normal value,0,Units,1,One,2015,
DATAFLOW,OECD.SDD.STES:DSD_STES_REVISIONS@DF_STES_REVISIONS(4.0),Short-term economic statistics revisions,I,USA,United States,M,Monthly,PRVM,Production volume,IX,Index,BTE,Industry (except construction),202510,October 2025,2020-03,,96.77,,A,Normal value,0,Units,1,One,2015,
DATAFLOW,OECD.SDD.STES:DSD_STES_REVISIONS@DF_STES_REVISIONS(4.0),Short-term economic statistics revisions,I,USA,United States,M,Monthly,PRVM,Production volume,IX,Index,BTE,Industry (except construction),202510,October 2025,2020-02,,100.8,,A,Normal value,0,Units,1,One,2015,
DATAFLOW,OECD.SDD.STES:DSD_STES_REVISIONS@DF_STES_REVISIONS(4.0),Short-term economic statistics revisions,I,USA,United States,M,Monthly,PRVM,Production volume,IX,Index,BTE,Industry (except construction),202510,October 2025,2020-01,,100.47,,A,Normal value,0,Units,1,One,2015,
DATAFLOW,OECD.SDD.STES:DSD_STES_REVISIONS@DF_STES_REVISIONS(4.0),Short-term economic statistics revisions,I,USA,United States,M,Monthly,PRVM,Production volume,IX,Index,BTE,Industry (except construction),202509,September 2025,2025-07,,103.1,,A,Normal value,0,Units,1,One,2015,
DATAFLOW,OECD.SDD.STES:DSD_STES_REVISIONS@DF_STES_REVISIONS(4.0),Short-term economic statistics revisions,I,USA,United States,M,Monthly,PRVM,Production volume,IX,Index,BTE,Industry (except construction),202509,September 2025,2025-06,,103.22,,A,Normal value,0,Units,1,One,2015,
DATAFLOW,OECD.SDD.STES:DSD_STES_REVISIONS@DF_STES_REVISIONS(4.0),Short-term economic statistics revisions,I,USA,United States,M,Monthly,PRVM,Production volume,IX,Index,BTE,Industry (except construction),202509,September 2025,2025-05,,102.86,,A,Normal value,0,Units,1,One,2015,
DATAFLOW,OECD.SDD.STES:DSD_STES_REVISIONS@DF_STES_REVISIONS(4.0),Short-term economic statistics revisions,I,USA,United States,M,Monthly,PRVM,Production volume,IX,Index,BTE,Industry (except construction),202509,September 2025,2025-04,,102.78,,A,Normal value,0,Units,1,One,2015,
DATAFLOW,OECD.SDD.STES:DSD_STES_REVISIONS@DF_STES_REVISIONS(4.0),Short-term economic statistics revisions,I,USA,United States,M,Monthly,PRVM,Production volume,IX,Index,BTE,Industry (except construction),202509,September 2025,2025-03,,102.75,,A,Normal value,0,Units,1,One,2015,
DATAFLOW,OECD.SDD.STES:DSD_STES_REVISIONS@DF_STES_REVISIONS(4.0),Short-term economic statistics revisions,I,USA,United States,M,Monthly,PRVM,Production volume,IX,Index,BTE,Industry (except construction),202509,September 2025,2025-02,,102.98,,A,Normal value,0,Units,1,One,2015,
DATAFLOW,OECD.SDD.STES:DSD_STES_REVISIONS@DF_STES_REVISIONS(4.0),Short-term economic statistics revisions,I,USA,United States,M,Monthly,PRVM,Production volume,IX,Index,BTE,Industry (except construction),202509,September 2025,2025-01,,102,,A,Normal value,0,Units,1,One,2015,
DATAFLOW,OECD.SDD.STES:DSD_STES_REVISIONS@DF_STES_REVISIONS(4.0),Short-term economic statistics revisions,I,USA,United States,M,Monthly,PRVM,Production volume,IX,Index,BTE,Industry (except construction),202509,September 2025,2024-12,,102.16,,A,Normal value,0,Units,1,One,2015,
DATAFLOW,OECD.SDD.STES:DSD_STES_REVISIONS@DF_STES_REVISIONS(4.0),Short-term economic statistics revisions,I,USA,United States,M,Monthly,PRVM,Production volume,IX,Index,BTE,Industry (except construction),202509,September 2025,2024-11,,101.08,,A,Normal value,0,Units,1,One,2015,
DATAFLOW,OECD.SDD.STES:DSD_STES_REVISIONS@DF_STES_REVISIONS(4.0),Short-term economic statistics revisions,I,USA,United States,M,Monthly,PRVM,Production volume,IX,Index,BTE,Industry (except construction),202509,September 2025,2024-10,,101.34,,A,Normal value,0,Units,1,One,2015,
DATAFLOW,OECD.SDD.STES:DSD_STES_REVISIONS@DF_STES_REVISIONS(4.0),Short-term economic statistics revisions,I,USA,United States,M,Monthly,PRVM,Production volume,IX,Index,BTE,Industry (except construction),202509,September 2025,2024-09,,101.72,,A,Normal value,0,Units,1,One,2015,
DATAFLOW,OECD.SDD.STES:DSD_STES_REVISIONS@DF_STES_REVISIONS(4.0),Short-term economic statistics revisions,I,USA,United States,M,Monthly,PRVM,Production volume,IX,Index,BTE,Industry (except construction),202509,September 2025,2024-08,,102.14,,A,Normal value,0,Units,1,One,2015,
DATAFLOW,OECD.SDD.STES:DSD_STES_REVISIONS@DF_STES_REVISIONS(4.0),Short-term economic statistics revisions,I,USA,United States,M,Monthly,PRVM,Production volume,IX,Index,BTE,Industry (except construction),202509,September 2025,2024-07,,101.64,,A,Normal value,0,Units,1,One,2015,
DATAFLOW,OECD.SDD.STES:DSD_STES_REVISIONS@DF_STES_REVISIONS(4.0),Short-term economic statistics revisions,I,USA,United States,M,Monthly,PRVM,Production volume,IX,Index,BTE,Industry (except construction),202509,September 2025,2024-06,,102.37,,A,Normal value,0,Units,1,One,2015,
DATAFLOW,OECD.SDD.STES:DSD_STES_REVISIONS@DF_STES_REVISIONS(4.0),Short-term economic statistics revisions,I,USA,United States,M,Monthly,PRVM,Production volume,IX,Index,BTE,Industry (except construction),202509,September 2025,2024-05,,102.1,,A,Normal value,0,Units,1,One,2015,
DATAFLOW,OECD.SDD.STES:DSD_STES_REVISIONS@DF_STES_REVISIONS(4.0),Short-term economic statistics revisions,I,USA,United States,M,Monthly,PRVM,Production volume,IX,Index,BTE,Industry (except construction),202509,September 2025,2024-04,,101.48,,A,Normal value,0,Units,1,One,2015,
DATAFLOW,OECD.SDD.STES:DSD_STES_REVISIONS@DF_STES_REVISIONS(4.0),Short-term economic statistics revisions,I,USA,United States,M,Monthly,PRVM,Production volume,IX,Index,BTE,Industry (except construction),202509,September 2025,2024-03,,101.64,,A,Normal value,0,Units,1,One,2015,
DATAFLOW,OECD.SDD.STES:DSD_STES_REVISIONS@DF_STES_REVISIONS(4.0),Short-term economic statistics revisions,I,USA,United States,M,Monthly,PRVM,Production volume,IX,Index,BTE,Industry (except construction),202509,September 2025,2024-02,,101.85,,A,Normal value,0,Units,1,One,2015,
DATAFLOW,OECD.SDD.STES:DSD_STES_REVISIONS@DF_STES_REVISIONS(4.0),Short-term economic statistics revisions,I,USA,United States,M,Monthly,PRVM,Production volume,IX,Index,BTE,Industry (except construction),202509,September 2025,2024-01,,100.62,,A,Normal value,0,Units,1,One,2015,
DATAFLOW,OECD.SDD.STES:DSD_STES_REVISIONS@DF_STES_REVISIONS(4.0),Short-term economic statistics revisions,I,USA,United States,M,Monthly,PRVM,Production volume,IX,Index,BTE,Industry (except construction),202509,September 2025,2023-12,,101.75,,A,Normal value,0,Units,1,One,2015,
DATAFLOW,OECD.SDD.STES:DSD_STES_REVISIONS@DF_STES_REVISIONS(4.0),Short-term economic statistics revisions,I,USA,United States,M,Monthly,PRVM,Production volume,IX,Index,BTE,Industry (except construction),202509,September 2025,2023-11,,102.01,,A,Normal value,0,Units,1,One,2015,
DATAFLOW,OECD.SDD.STES:DSD_STES_REVISIONS@DF_STES_REVISIONS(4.0),Short-term economic statistics revisions,I,USA,United States,M,Monthly,PRVM,Production volume,IX,Index,BTE,Industry (except construction),202509,September 2025,2023-10,,101.7,,A,Normal value,0,Units,1,One,2015,
DATAFLOW,OECD.SDD.STES:DSD_STES_REVISIONS@DF_STES_REVISIONS(4.0),Short-term economic statistics revisions,I,USA,United States,M,Monthly,PRVM,Production volume,IX,Index,BTE,Industry (except construction),202509,September 2025,2023-09,,102.42,,A,Normal value,0,Units,1,One,2015,
DATAFLOW,OECD.SDD.STES:DSD_STES_REVISIONS@DF_STES_REVISIONS(4.0),Short-term economic statistics revisions,I,USA,United States,M,Monthly,PRVM,Production volume,IX,Index,BTE,Industry (except construction),202509,September 2025,2023-08,,102.21,,A,Normal value,0,Units,1,One,2015,
DATAFLOW,OECD.SDD.STES:DSD_STES_REVISIONS@DF_STES_REVISIONS(4.0),Short-term economic statistics revisions,I,USA,United States,M,Monthly,PRVM,Production volume,IX,Index,BTE,Industry (except construction),202509,September 2025,2023-07,,102.19,,A,Normal value,0,Units,1,One,2015,
DATAFLOW,OECD.SDD.STES:DSD_STES_REVISIONS@DF_STES_REVISIONS(4.0),Short-term economic statistics revisions,I,USA,United States,M,Monthly,PRVM,Production volume,IX,Index,BTE,Industry (except construction),202509,September 2025,2023-06,,101.51,,A,Normal value,0,Units,1,One,2015,
DATAFLOW,OECD.SDD.STES:DSD_STES_REVISIONS@DF_STES_REVISIONS(4.0),Short-term economic statistics revisions,I,USA,United States,M,Monthly,PRVM,Production volume,IX,Index,BTE,Industry (except construction),202509,September 2025,2023-05,,102.1,,A,Normal value,0,Units,1,One,2015,
DATAFLOW,OECD.SDD.STES:DSD_STES_REVISIONS@DF_STES_REVISIONS(4.0),Short-term economic statistics revisions,I,USA,United States,M,Monthly,PRVM,Production volume,IX,Index,BTE,Industry (except construction),202509,September 2025,2023-04,,102.34,,A,Normal value,0,Units,1,One,2015,
DATAFLOW,OECD.SDD.STES:DSD_STES_REVISIONS@DF_STES_REVISIONS(4.0),Short-term economic statistics revisions,I,USA,United States,M,Monthly,PRVM,Production volume,IX,Index,BTE,Industry (except construction),202509,September 2025,2023-03,,101.94,,A,Normal value,0,Units,1,One,2015,
DATAFLOW,OECD.SDD.STES:DSD_STES_REVISIONS@DF_STES_REVISIONS(4.0),Short-term economic statistics revisions,I,USA,United States,M,Monthly,PRVM,Production volume,IX,Index,BTE,Industry (except construction),202509,September 2025,2023-02,,101.92,,A,Normal value,0,Units,1,One,2015,
DATAFLOW,OECD.SDD.STES:DSD_STES_REVISIONS@DF_STES_REVISIONS(4.0),Short-term economic statistics revisions,I,USA,United States,M,Monthly,PRVM,Production volume,IX,Index,BTE,Industry (except construction),202509,September 2025,2023-01,,101.87,,A,Normal value,0,Units,1,One,2015,
DATAFLOW,OECD.SDD.STES:DSD_STES_REVISIONS@DF_STES_REVISIONS(4.0),Short-term economic statistics revisions,I,USA,United States,M,Monthly,PRVM,Production volume,IX,Index,BTE,Industry (except construction),202509,September 2025,2022-12,,100.96,,A,Normal value,0,Units,1,One,2015,
DATAFLOW,OECD.SDD.STES:DSD_STES_REVISIONS@DF_STES_REVISIONS(4.0),Short-term economic statistics revisions,I,USA,United States,M,Monthly,PRVM,Production volume,IX,Index,BTE,Industry (except construction),202509,September 2025,2022-11,,102.22,,A,Normal value,0,Units,1,One,2015,
DATAFLOW,OECD.SDD.STES:DSD_STES_REVISIONS@DF_STES_REVISIONS(4.0),Short-term economic statistics revisions,I,USA,United States,M,Monthly,PRVM,Production volume,IX,Index,BTE,Industry (except construction),202509,September 2025,2022-10,,102.56,,A,Normal value,0,Units,1,One,2015,
DATAFLOW,OECD.SDD.STES:DSD_STES_REVISIONS@DF_STES_REVISIONS(4.0),Short-term economic statistics revisions,I,USA,United States,M,Monthly,PRVM,Production volume,IX,Index,BTE,Industry (except construction),202509,September 2025,2022-09,,102.65,,A,Normal value,0,Units,1,One,2015,
DATAFLOW,OECD.SDD.STES:DSD_STES_REVISIONS@DF_STES_REVISIONS(4.0),Short-term economic statistics revisions,I,USA,United States,M,Monthly,PRVM,Production volume,IX,Index,BTE,Industry (except construction),202509,September 2025,2022-08,,102.29,,A,Normal value,0,Units,1,One,2015,
DATAFLOW,OECD.SDD.STES:DSD_STES_REVISIONS@DF_STES_REVISIONS(4.0),Short-term economic statistics revisions,I,USA,United States,M,Monthly,PRVM,Production volume,IX,Index,BTE,Industry (except construction),202509,September 2025,2022-07,,102.17,,A,Normal value,0,Units,1,One,2015,
DATAFLOW,OECD.SDD.STES:DSD_STES_REVISIONS@DF_STES_REVISIONS(4.0),Short-term economic statistics revisions,I,USA,United States,M,Monthly,PRVM,Production volume,IX,Index,BTE,Industry (except construction),202509,September 2025,2022-06,,101.94,,A,Normal value,0,Units,1,One,2015,
DATAFLOW,OECD.SDD.STES:DSD_STES_REVISIONS@DF_STES_REVISIONS(4.0),Short-term economic statistics revisions,I,USA,United States,M,Monthly,PRVM,Production volume,IX,Index,BTE,Industry (except construction),202509,September 2025,2022-05,,102.09,,A,Normal value,0,Units,1,One,2015,
DATAFLOW,OECD.SDD.STES:DSD_STES_REVISIONS@DF_STES_REVISIONS(4.0),Short-term economic statistics revisions,I,USA,United States,M,Monthly,PRVM,Production volume,IX,Index,BTE,Industry (except construction),202509,September 2025,2022-04,,102.02,,A,Normal value,0,Units,1,One,2015,
DATAFLOW,OECD.SDD.STES:DSD_STES_REVISIONS@DF_STES_REVISIONS(4.0),Short-term economic statistics revisions,I,USA,United States,M,Monthly,PRVM,Production volume,IX,Index,BTE,Industry (except construction),202509,September 2025,2022-03,,101.8,,A,Normal value,0,Units,1,One,2015,
DATAFLOW,OECD.SDD.STES:DSD_STES_REVISIONS@DF_STES_REVISIONS(4.0),Short-term economic statistics revisions,I,USA,United States,M,Monthly,PRVM,Production volume,IX,Index,BTE,Industry (except construction),202509,September 2025,2022-02,,100.98,,A,Normal value,0,Units,1,One,2015,
DATAFLOW,OECD.SDD.STES:DSD_STES_REVISIONS@DF_STES_REVISIONS(4.0),Short-term economic statistics revisions,I,USA,United States,M,Monthly,PRVM,Production volume,IX,Index,BTE,Industry (except construction),202509,September 2025,2022-01,,100.35,,A,Normal value,0,Units,1,One,2015,
DATAFLOW,OECD.SDD.STES:DSD_STES_REVISIONS@DF_STES_REVISIONS(4.0),Short-term economic statistics revisions,I,USA,United States,M,Monthly,PRVM,Production volume,IX,Index,BTE,Industry (except construction),202509,September 2025,2021-12,,100.33,,A,Normal value,0,Units,1,One,2015,
DATAFLOW,OECD.SDD.STES:DSD_STES_REVISIONS@DF_STES_REVISIONS(4.0),Short-term economic statistics revisions,I,USA,United States,M,Monthly,PRVM,Production volume,IX,Index,BTE,Industry (except construction),202509,September 2025,2021-11,,100.4,,A,Normal value,0,Units,1,One,2015,
DATAFLOW,OECD.SDD.STES:DSD_STES_REVISIONS@DF_STES_REVISIONS(4.0),Short-term economic statistics revisions,I,USA,United States,M,Monthly,PRVM,Production volume,IX,Index,BTE,Industry (except construction),202509,September 2025,2021-10,,99.5,,A,Normal value,0,Units,1,One,2015,
DATAFLOW,OECD.SDD.STES:DSD_STES_REVISIONS@DF_STES_REVISIONS(4.0),Short-term economic statistics revisions,I,USA,United States,M,Monthly,PRVM,Production volume,IX,Index,BTE,Industry (except construction),202509,September 2025,2021-09,,98.15,,A,Normal value,0,Units,1,One,2015,
DATAFLOW,OECD.SDD.STES:DSD_STES_REVISIONS@DF_STES_REVISIONS(4.0),Short-term economic statistics revisions,I,USA,United States,M,Monthly,PRVM,Production volume,IX,Index,BTE,Industry (except construction),202509,September 2025,2021-08,,99.19,,A,Normal value,0,Units,1,One,2015,
DATAFLOW,OECD.SDD.STES:DSD_STES_REVISIONS@DF_STES_REVISIONS(4.0),Short-term economic statistics revisions,I,USA,United States,M,Monthly,PRVM,Production volume,IX,Index,BTE,Industry (except construction),202509,September 2025,2021-07,,99.21,,A,Normal value,0,Units,1,One,2015,
DATAFLOW,OECD.SDD.STES:DSD_STES_REVISIONS@DF_STES_REVISIONS(4.0),Short-term economic statistics revisions,I,USA,United States,M,Monthly,PRVM,Production volume,IX,Index,BTE,Industry (except construction),202509,September 2025,2021-06,,98.8,,A,Normal value,0,Units,1,One,2015,
DATAFLOW,OECD.SDD.STES:DSD_STES_REVISIONS@DF_STES_REVISIONS(4.0),Short-term economic statistics revisions,I,USA,United States,M,Monthly,PRVM,Production volume,IX,Index,BTE,Industry (except construction),202509,September 2025,2021-05,,98.34,,A,Normal value,0,Units,1,One,2015,
DATAFLOW,OECD.SDD.STES:DSD_STES_REVISIONS@DF_STES_REVISIONS(4.0),Short-term economic statistics revisions,I,USA,United States,M,Monthly,PRVM,Production volume,IX,Index,BTE,Industry (except construction),202509,September 2025,2021-04,,97.49,,A,Normal value,0,Units,1,One,2015,
DATAFLOW,OECD.SDD.STES:DSD_STES_REVISIONS@DF_STES_REVISIONS(4.0),Short-term economic statistics revisions,I,USA,United States,M,Monthly,PRVM,Production volume,IX,Index,BTE,Industry (except construction),202509,September 2025,2021-03,,97.35,,A,Normal value,0,Units,1,One,2015,
DATAFLOW,OECD.SDD.STES:DSD_STES_REVISIONS@DF_STES_REVISIONS(4.0),Short-term economic statistics revisions,I,USA,United States,M,Monthly,PRVM,Production volume,IX,Index,BTE,Industry (except construction),202509,September 2025,2021-02,,94.69,,A,Normal value,0,Units,1,One,2015,
DATAFLOW,OECD.SDD.STES:DSD_STES_REVISIONS@DF_STES_REVISIONS(4.0),Short-term economic statistics revisions,I,USA,United States,M,Monthly,PRVM,Production volume,IX,Index,BTE,Industry (except construction),202509,September 2025,2021-01,,97.97,,A,Normal value,0,Units,1,One,2015,
DATAFLOW,OECD.SDD.STES:DSD_STES_REVISIONS@DF_STES_REVISIONS(4.0),Short-term economic statistics revisions,I,USA,United States,M,Monthly,PRVM,Production volume,IX,Index,BTE,Industry (except construction),202509,September 2025,2020-12,,97.36,,A,Normal value,0,Units,1,One,2015,
DATAFLOW,OECD.SDD.STES:DSD_STES_REVISIONS@DF_STES_REVISIONS(4.0),Short-term economic statistics revisions,I,USA,United States,M,Monthly,PRVM,Production volume,IX,Index,BTE,Industry (except construction),202509,September 2025,2020-11,,96.12,,A,Normal value,0,Units,1,One,2015,
DATAFLOW,OECD.SDD.STES:DSD_STES_REVISIONS@DF_STES_REVISIONS(4.0),Short-term economic statistics revisions,I,USA,United States,M,Monthly,PRVM,Production volume,IX,Index,BTE,Industry (except construction),202509,September 2025,2020-10,,95.7,,A,Normal value,0,Units,1,One,2015,
DATAFLOW,OECD.SDD.STES:DSD_STES_REVISIONS@DF_STES_REVISIONS(4.0),Short-term economic statistics revisions,I,USA,United States,M,Monthly,PRVM,Production volume,IX,Index,BTE,Industry (except construction),202509,September 2025,2020-09,,95.07,,A,Normal value,0,Units,1,One,2015,
DATAFLOW,OECD.SDD.STES:DSD_STES_REVISIONS@DF_STES_REVISIONS(4.0),Short-term economic statistics revisions,I,USA,United States,M,Monthly,PRVM,Production volume,IX,Index,BTE,Industry (except construction),202509,September 2025,2020-08,,95.11,,A,Normal value,0,Units,1,One,2015,
DATAFLOW,OECD.SDD.STES:DSD_STES_REVISIONS@DF_STES_REVISIONS(4.0),Short-term economic statistics revisions,I,USA,United States,M,Monthly,PRVM,Production volume,IX,Index,BTE,Industry (except construction),202603,March 2026,2023-05,,99.96,,A,Normal value,0,Units,1,One,2015,
DATAFLOW,OECD.SDD.STES:DSD_STES_REVISIONS@DF_STES_REVISIONS(4.0),Short-term economic statistics revisions,I,USA,United States,M,Monthly,PRVM,Production volume,IX,Index,BTE,Industry (except construction),202603,March 2026,2023-04,,100.28,,A,Normal value,0,Units,1,One,2015,
DATAFLOW,OECD.SDD.STES:DSD_STES_REVISIONS@DF_STES_REVISIONS(4.0),Short-term economic statistics revisions,I,USA,United States,M,Monthly,PRVM,Production volume,IX,Index,BTE,Industry (except construction),202603,March 2026,2023-03,,100.05,,A,Normal value,0,Units,1,One,2015,
DATAFLOW,OECD.SDD.STES:DSD_STES_REVISIONS@DF_STES_REVISIONS(4.0),Short-term economic statistics revisions,I,USA,United States,M,Monthly,PRVM,Production volume,IX,Index,BTE,Industry (except construction),202603,March 2026,2023-02,,99.67,,A,Normal value,0,Units,1,One,2015,
DATAFLOW,OECD.SDD.STES:DSD_STES_REVISIONS@DF_STES_REVISIONS(4.0),Short-term economic statistics revisions,I,USA,United States,M,Monthly,PRVM,Production volume,IX,Index,BTE,Industry (except construction),202603,March 2026,2023-01,,99.54,,A,Normal value,0,Units,1,One,2015,
DATAFLOW,OECD.SDD.STES:DSD_STES_REVISIONS@DF_STES_REVISIONS(4.0),Short-term economic statistics revisions,I,USA,United States,M,Monthly,PRVM,Production volume,IX,Index,BTE,Industry (except construction),202603,March 2026,2022-12,,98.81,,A,Normal value,0,Units,1,One,2015,
DATAFLOW,OECD.SDD.STES:DSD_STES_REVISIONS@DF_STES_REVISIONS(4.0),Short-term economic statistics revisions,I,USA,United States,M,Monthly,PRVM,Production volume,IX,Index,BTE,Industry (except construction),202603,March 2026,2022-11,,99.98,,A,Normal value,0,Units,1,One,2015,
DATAFLOW,OECD.SDD.STES:DSD_STES_REVISIONS@DF_STES_REVISIONS(4.0),Short-term economic statistics revisions,I,USA,United States,M,Monthly,PRVM,Production volume,IX,Index,BTE,Industry (except construction),202603,March 2026,2022-10,,100.28,,A,Normal value,0,Units,1,One,2015,
DATAFLOW,OECD.SDD.STES:DSD_STES_REVISIONS@DF_STES_REVISIONS(4.0),Short-term economic statistics revisions,I,USA,United States,M,Monthly,PRVM,Production volume,IX,Index,BTE,Industry (except construction),202603,March 2026,2022-09,,100.32,,A,Normal value,0,Units,1,One,2015,
DATAFLOW,OECD.SDD.STES:DSD_STES_REVISIONS@DF_STES_REVISIONS(4.0),Short-term economic statistics revisions,I,USA,United States,M,Monthly,PRVM,Production volume,IX,Index,BTE,Industry (except construction),202603,March 2026,2022-08,,100.12,,A,Normal value,0,Units,1,One,2015,
DATAFLOW,OECD.SDD.STES:DSD_STES_REVISIONS@DF_STES_REVISIONS(4.0),Short-term economic statistics revisions,I,USA,United States,M,Monthly,PRVM,Production volume,IX,Index,BTE,Industry (except construction),202603,March 2026,2022-07,,100.25,,A,Normal value,0,Units,1,One,2015,
DATAFLOW,OECD.SDD.STES:DSD_STES_REVISIONS@DF_STES_REVISIONS(4.0),Short-term economic statistics revisions,I,USA,United States,M,Monthly,PRVM,Production volume,IX,Index,BTE,Industry (except construction),202603,March 2026,2022-06,,100.05,,A,Normal value,0,Units,1,One,2015,
DATAFLOW,OECD.SDD.STES:DSD_STES_REVISIONS@DF_STES_REVISIONS(4.0),Short-term economic statistics revisions,I,USA,United States,M,Monthly,PRVM,Production volume,IX,Index,BTE,Industry (except construction),202603,March 2026,2022-05,,100.36,,A,Normal value,0,Units,1,One,2015,
DATAFLOW,OECD.SDD.STES:DSD_STES_REVISIONS@DF_STES_REVISIONS(4.0),Short-term economic statistics revisions,I,USA,United States,M,Monthly,PRVM,Production volume,IX,Index,BTE,Industry (except construction),202603,March 2026,2022-04,,100.46,,A,Normal value,0,Units,1,One,2015,
DATAFLOW,OECD.SDD.STES:DSD_STES_REVISIONS@DF_STES_REVISIONS(4.0),Short-term economic statistics revisions,I,USA,United States,M,Monthly,PRVM,Production volume,IX,Index,BTE,Industry (except construction),202603,March 2026,2022-03,,100.41,,A,Normal value,0,Units,1,One,2015,
DATAFLOW,OECD.SDD.STES:DSD_STES_REVISIONS@DF_STES_REVISIONS(4.0),Short-term economic statistics revisions,I,USA,United States,M,Monthly,PRVM,Production volume,IX,Index,BTE,Industry (except construction),202603,March 2026,2022-02,,99.84,,A,Normal value,0,Units,1,One,2015,
DATAFLOW,OECD.SDD.STES:DSD_STES_REVISIONS@DF_STES_REVISIONS(4.0),Short-term economic statistics revisions,I,USA,United States,M,Monthly,PRVM,Production volume,IX,Index,BTE,Industry (except construction),202603,March 2026,2022-01,,99.22,,A,Normal value,0,Units,1,One,2015,
DATAFLOW,OECD.SDD.STES:DSD_STES_REVISIONS@DF_STES_REVISIONS(4.0),Short-term economic statistics revisions,I,USA,United States,M,Monthly,PRVM,Production volume,IX,Index,BTE,Industry (except construction),202603,March 2026,2021-12,,99.6,,A,Normal value,0,Units,1,One,2015,
DATAFLOW,OECD.SDD.STES:DSD_STES_REVISIONS@DF_STES_REVISIONS(4.0),Short-term economic statistics revisions,I,USA,United States,M,Monthly,PRVM,Production volume,IX,Index,BTE,Industry (except construction),202603,March 2026,2021-11,,99.89,,A,Normal value,0,Units,1,One,2015,
DATAFLOW,OECD.SDD.STES:DSD_STES_REVISIONS@DF_STES_REVISIONS(4.0),Short-term economic statistics revisions,I,USA,United States,M,Monthly,PRVM,Production volume,IX,Index,BTE,Industry (except construction),202603,March 2026,2021-10,,99.22,,A,Normal value,0,Units,1,One,2015,
DATAFLOW,OECD.SDD.STES:DSD_STES_REVISIONS@DF_STES_REVISIONS(4.0),Short-term economic statistics revisions,I,USA,United States,M,Monthly,PRVM,Production volume,IX,Index,BTE,Industry (except construction),202603,March 2026,2021-09,,97.91,,A,Normal value,0,Units,1,One,2015,
DATAFLOW,OECD.SDD.STES:DSD_STES_REVISIONS@DF_STES_REVISIONS(4.0),Short-term economic statistics revisions,I,USA,United States,M,Monthly,PRVM,Production volume,IX,Index,BTE,Industry (except construction),202603,March 2026,2021-08,,99.08,,A,Normal value,0,Units,1,One,2015,
DATAFLOW,OECD.SDD.STES:DSD_STES_REVISIONS@DF_STES_REVISIONS(4.0),Short-term economic statistics revisions,I,USA,United States,M,Monthly,PRVM,Production volume,IX,Index,BTE,Industry (except construction),202603,March 2026,2021-07,,99.29,,A,Normal value,0,Units,1,One,2015,
DATAFLOW,OECD.SDD.STES:DSD_STES_REVISIONS@DF_STES_REVISIONS(4.0),Short-term economic statistics revisions,I,USA,United States,M,Monthly,PRVM,Production volume,IX,Index,BTE,Industry (except construction),202603,March 2026,2021-06,,98.84,,A,Normal value,0,Units,1,One,2015,
DATAFLOW,OECD.SDD.STES:DSD_STES_REVISIONS@DF_STES_REVISIONS(4.0),Short-term economic statistics revisions,I,USA,United States,M,Monthly,PRVM,Production volume,IX,Index,BTE,Industry (except construction),202603,March 2026,2021-05,,98.48,,A,Normal value,0,Units,1,One,2015,
DATAFLOW,OECD.SDD.STES:DSD_STES_REVISIONS@DF_STES_REVISIONS(4.0),Short-term economic statistics revisions,I,USA,United States,M,Monthly,PRVM,Production volume,IX,Index,BTE,Industry (except construction),202603,March 2026,2021-04,,97.61,,A,Normal value,0,Units,1,One,2015,
DATAFLOW,OECD.SDD.STES:DSD_STES_REVISIONS@DF_STES_REVISIONS(4.0),Short-term economic statistics revisions,I,USA,United States,M,Monthly,PRVM,Production volume,IX,Index,BTE,Industry (except construction),202603,March 2026,2021-03,,97.44,,A,Normal value,0,Units,1,One,2015,
DATAFLOW,OECD.SDD.STES:DSD_STES_REVISIONS@DF_STES_REVISIONS(4.0),Short-term economic statistics revisions,I,USA,United States,M,Monthly,PRVM,Production volume,IX,Index,BTE,Industry (except construction),202603,March 2026,2021-02,,94.69,,A,Normal value,0,Units,1,One,2015,
DATAFLOW,OECD.SDD.STES:DSD_STES_REVISIONS@DF_STES_REVISIONS(4.0),Short-term economic statistics revisions,I,USA,United States,M,Monthly,PRVM,Production volume,IX,Index,BTE,Industry (except construction),202603,March 2026,2021-01,,97.93,,A,Normal value,0,Units,1,One,2015,
DATAFLOW,OECD.SDD.STES:DSD_STES_REVISIONS@DF_STES_REVISIONS(4.0),Short-term economic statistics revisions,I,USA,United States,M,Monthly,PRVM,Production volume,IX,Index,BTE,Industry (except construction),202603,March 2026,2020-12,,97.42,,A,Normal value,0,Units,1,One,2015,
DATAFLOW,OECD.SDD.STES:DSD_STES_REVISIONS@DF_STES_REVISIONS(4.0),Short-term economic statistics revisions,I,USA,United States,M,Monthly,PRVM,Production volume,IX,Index,BTE,Industry (except construction),202603,March 2026,2020-11,,96.15,,A,Normal value,0,Units,1,One,2015,
DATAFLOW,OECD.SDD.STES:DSD_STES_REVISIONS@DF_STES_REVISIONS(4.0),Short-term economic statistics revisions,I,USA,United States,M,Monthly,PRVM,Production volume,IX,Index,BTE,Industry (except construction),202603,March 2026,2020-10,,95.81,,A,Normal value,0,Units,1,One,2015,
DATAFLOW,OECD.SDD.STES:DSD_STES_REVISIONS@DF_STES_REVISIONS(4.0),Short-term economic statistics revisions,I,USA,United States,M,Monthly,PRVM,Production volume,IX,Index,BTE,Industry (except construction),202603,March 2026,2020-09,,95.04,,A,Normal value,0,Units,1,One,2015,
DATAFLOW,OECD.SDD.STES:DSD_STES_REVISIONS@DF_STES_REVISIONS(4.0),Short-term economic statistics revisions,I,USA,United States,M,Monthly,PRVM,Production volume,IX,Index,BTE,Industry (except construction),202603,March 2026,2020-08,,95.03,,A,Normal value,0,Units,1,One,2015,
DATAFLOW,OECD.SDD.STES:DSD_STES_REVISIONS@DF_STES_REVISIONS(4.0),Short-term economic statistics revisions,I,USA,United States,M,Monthly,PRVM,Production volume,IX,Index,BTE,Industry (except construction),202603,March 2026,2020-07,,94.11,,A,Normal value,0,Units,1,One,2015,
DATAFLOW,OECD.SDD.STES:DSD_STES_REVISIONS@DF_STES_REVISIONS(4.0),Short-term economic statistics revisions,I,USA,United States,M,Monthly,PRVM,Production volume,IX,Index,BTE,Industry (except construction),202603,March 2026,2020-06,,90.71,,A,Normal value,0,Units,1,One,2015,
DATAFLOW,OECD.SDD.STES:DSD_STES_REVISIONS@DF_STES_REVISIONS(4.0),Short-term economic statistics revisions,I,USA,United States,M,Monthly,PRVM,Production volume,IX,Index,BTE,Industry (except construction),202603,March 2026,2020-05,,85.13,,A,Normal value,0,Units,1,One,2015,
DATAFLOW,OECD.SDD.STES:DSD_STES_REVISIONS@DF_STES_REVISIONS(4.0),Short-term economic statistics revisions,I,USA,United States,M,Monthly,PRVM,Production volume,IX,Index,BTE,Industry (except construction),202603,March 2026,2020-04,,83.75,,A,Normal value,0,Units,1,One,2015,
DATAFLOW,OECD.SDD.STES:DSD_STES_REVISIONS@DF_STES_REVISIONS(4.0),Short-term economic statistics revisions,I,USA,United States,M,Monthly,PRVM,Production volume,IX,Index,BTE,Industry (except construction),202603,March 2026,2020-03,,96.47,,A,Normal value,0,Units,1,One,2015,
DATAFLOW,OECD.SDD.STES:DSD_STES_REVISIONS@DF_STES_REVISIONS(4.0),Short-term economic statistics revisions,I,USA,United States,M,Monthly,PRVM,Production volume,IX,Index,BTE,Industry (except construction),202603,March 2026,2020-02,,100.4,,A,Normal value,0,Units,1,One,2015,
DATAFLOW,OECD.SDD.STES:DSD_STES_REVISIONS@DF_STES_REVISIONS(4.0),Short-term economic statistics revisions,I,USA,United States,M,Monthly,PRVM,Production volume,IX,Index,BTE,Industry (except construction),202603,March 2026,2020-01,,100.06,,A,Normal value,0,Units,1,One,2015,
DATAFLOW,OECD.SDD.STES:DSD_STES_REVISIONS@DF_STES_REVISIONS(4.0),Short-term economic statistics revisions,I,USA,United States,M,Monthly,PRVM,Production volume,IX,Index,BTE,Industry (except construction),202601,January 2026,2025-11,,100.81,,A,Normal value,0,Units,1,One,2015,
DATAFLOW,OECD.SDD.STES:DSD_STES_REVISIONS@DF_STES_REVISIONS(4.0),Short-term economic statistics revisions,I,USA,United States,M,Monthly,PRVM,Production volume,IX,Index,BTE,Industry (except construction),202601,January 2026,2025-10,,100.64,,A,Normal value,0,Units,1,One,2015,
DATAFLOW,OECD.SDD.STES:DSD_STES_REVISIONS@DF_STES_REVISIONS(4.0),Short-term economic statistics revisions,I,USA,United States,M,Monthly,PRVM,Production volume,IX,Index,BTE,Industry (except construction),202601,January 2026,2025-09,,100.69,,A,Normal value,0,Units,1,One,2015,
DATAFLOW,OECD.SDD.STES:DSD_STES_REVISIONS@DF_STES_REVISIONS(4.0),Short-term economic statistics revisions,I,USA,United States,M,Monthly,PRVM,Production volume,IX,Index,BTE,Industry (except construction),202601,January 2026,2025-08,,100.62,,A,Normal value,0,Units,1,One,2015,
DATAFLOW,OECD.SDD.STES:DSD_STES_REVISIONS@DF_STES_REVISIONS(4.0),Short-term economic statistics revisions,I,USA,United States,M,Monthly,PRVM,Production volume,IX,Index,BTE,Industry (except construction),202601,January 2026,2025-07,,100.89,,A,Normal value,0,Units,1,One,2015,
DATAFLOW,OECD.SDD.STES:DSD_STES_REVISIONS@DF_STES_REVISIONS(4.0),Short-term economic statistics revisions,I,USA,United States,M,Monthly,PRVM,Production volume,IX,Index,BTE,Industry (except construction),202601,January 2026,2025-06,,100.5,,A,Normal value,0,Units,1,One,2015,
DATAFLOW,OECD.SDD.STES:DSD_STES_REVISIONS@DF_STES_REVISIONS(4.0),Short-term economic statistics revisions,I,USA,United States,M,Monthly,PRVM,Production volume,IX,Index,BTE,Industry (except construction),202601,January 2026,2025-05,,99.99,,A,Normal value,0,Units,1,One,2015,
DATAFLOW,OECD.SDD.STES:DSD_STES_REVISIONS@DF_STES_REVISIONS(4.0),Short-term economic statistics revisions,I,USA,United States,M,Monthly,PRVM,Production volume,IX,Index,BTE,Industry (except construction),202601,January 2026,2025-04,,100.15,,A,Normal value,0,Units,1,One,2015,
DATAFLOW,OECD.SDD.STES:DSD_STES_REVISIONS@DF_STES_REVISIONS(4.0),Short-term economic statistics revisions,I,USA,United States,M,Monthly,PRVM,Production volume,IX,Index,BTE,Industry (except construction),202601,January 2026,2025-03,,100.07,,A,Normal value,0,Units,1,One,2015,
DATAFLOW,OECD.SDD.STES:DSD_STES_REVISIONS@DF_STES_REVISIONS(4.0),Short-term economic statistics revisions,I,USA,United States,M,Monthly,PRVM,Production volume,IX,Index,BTE,Industry (except construction),202601,January 2026,2025-02,,100.13,,A,Normal value,0,Units,1,One,2015,
DATAFLOW,OECD.SDD.STES:DSD_STES_REVISIONS@DF_STES_REVISIONS(4.0),Short-term economic statistics revisions,I,USA,United States,M,Monthly,PRVM,Production volume,IX,Index,BTE,Industry (except construction),202601,January 2026,2025-01,,99.1,,A,Normal value,0,Units,1,One,2015,
DATAFLOW,OECD.SDD.STES:DSD_STES_REVISIONS@DF_STES_REVISIONS(4.0),Short-term economic statistics revisions,I,USA,United States,M,Monthly,PRVM,Production volume,IX,Index,BTE,Industry (except construction),202601,January 2026,2024-12,,99.36,,A,Normal value,0,Units,1,One,2015,
DATAFLOW,OECD.SDD.STES:DSD_STES_REVISIONS@DF_STES_REVISIONS(4.0),Short-term economic statistics revisions,I,USA,United States,M,Monthly,PRVM,Production volume,IX,Index,BTE,Industry (except construction),202601,January 2026,2024-11,,98.34,,A,Normal value,0,Units,1,One,2015,
DATAFLOW,OECD.SDD.STES:DSD_STES_REVISIONS@DF_STES_REVISIONS(4.0),Short-term economic statistics revisions,I,USA,United States,M,Monthly,PRVM,Production volume,IX,Index,BTE,Industry (except construction),202601,January 2026,2024-10,,98.51,,A,Normal value,0,Units,1,One,2015,
DATAFLOW,OECD.SDD.STES:DSD_STES_REVISIONS@DF_STES_REVISIONS(4.0),Short-term economic statistics revisions,I,USA,United States,M,Monthly,PRVM,Production volume,IX,Index,BTE,Industry (except construction),202601,January 2026,2024-09,,98.85,,A,Normal value,0,Units,1,One,2015,
DATAFLOW,OECD.SDD.STES:DSD_STES_REVISIONS@DF_STES_REVISIONS(4.0),Short-term economic statistics revisions,I,USA,United States,M,Monthly,PRVM,Production volume,IX,Index,BTE,Industry (except construction),202601,January 2026,2024-08,,99.46,,A,Normal value,0,Units,1,One,2015,
DATAFLOW,OECD.SDD.STES:DSD_STES_REVISIONS@DF_STES_REVISIONS(4.0),Short-term economic statistics revisions,I,USA,United States,M,Monthly,PRVM,Production volume,IX,Index,BTE,Industry (except construction),202601,January 2026,2024-07,,99.01,,A,Normal value,0,Units,1,One,2015,
DATAFLOW,OECD.SDD.STES:DSD_STES_REVISIONS@DF_STES_REVISIONS(4.0),Short-term economic statistics revisions,I,USA,United States,M,Monthly,PRVM,Production volume,IX,Index,BTE,Industry (except construction),202601,January 2026,2024-06,,99.92,,A,Normal value,0,Units,1,One,2015,
DATAFLOW,OECD.SDD.STES:DSD_STES_REVISIONS@DF_STES_REVISIONS(4.0),Short-term economic statistics revisions,I,USA,United States,M,Monthly,PRVM,Production volume,IX,Index,BTE,Industry (except construction),202601,January 2026,2024-05,,99.89,,A,Normal value,0,Units,1,One,2015,
DATAFLOW,OECD.SDD.STES:DSD_STES_REVISIONS@DF_STES_REVISIONS(4.0),Short-term economic statistics revisions,I,USA,United States,M,Monthly,PRVM,Production volume,IX,Index,BTE,Industry (except construction),202601,January 2026,2024-04,,99.28,,A,Normal value,0,Units,1,One,2015,
DATAFLOW,OECD.SDD.STES:DSD_STES_REVISIONS@DF_STES_REVISIONS(4.0),Short-term economic statistics revisions,I,USA,United States,M,Monthly,PRVM,Production volume,IX,Index,BTE,Industry (except construction),202601,January 2026,2024-03,,99.49,,A,Normal value,0,Units,1,One,2015,
DATAFLOW,OECD.SDD.STES:DSD_STES_REVISIONS@DF_STES_REVISIONS(4.0),Short-term economic statistics revisions,I,USA,United States,M,Monthly,PRVM,Production volume,IX,Index,BTE,Industry (except construction),202601,January 2026,2024-02,,99.32,,A,Normal value,0,Units,1,One,2015,
DATAFLOW,OECD.SDD.STES:DSD_STES_REVISIONS@DF_STES_REVISIONS(4.0),Short-term economic statistics revisions,I,USA,United States,M,Monthly,PRVM,Production volume,IX,Index,BTE,Industry (except construction),202601,January 2026,2024-01,,98.27,,A,Normal value,0,Units,1,One,2015,
DATAFLOW,OECD.SDD.STES:DSD_STES_REVISIONS@DF_STES_REVISIONS(4.0),Short-term economic statistics revisions,I,USA,United States,M,Monthly,PRVM,Production volume,IX,Index,BTE,Industry (except construction),202601,January 2026,2023-12,,99.63,,A,Normal value,0,Units,1,One,2015,
DATAFLOW,OECD.SDD.STES:DSD_STES_REVISIONS@DF_STES_REVISIONS(4.0),Short-term economic statistics revisions,I,USA,United States,M,Monthly,PRVM,Production volume,IX,Index,BTE,Industry (except construction),202601,January 2026,2023-11,,99.89,,A,Normal value,0,Units,1,One,2015,
DATAFLOW,OECD.SDD.STES:DSD_STES_REVISIONS@DF_STES_REVISIONS(4.0),Short-term economic statistics revisions,I,USA,United States,M,Monthly,PRVM,Production volume,IX,Index,BTE,Industry (except construction),202601,January 2026,2023-10,,99.5,,A,Normal value,0,Units,1,One,2015,
DATAFLOW,OECD.SDD.STES:DSD_STES_REVISIONS@DF_STES_REVISIONS(4.0),Short-term economic statistics revisions,I,USA,United States,M,Monthly,PRVM,Production volume,IX,Index,BTE,Industry (except construction),202601,January 2026,2023-09,,100.05,,A,Normal value,0,Units,1,One,2015,
DATAFLOW,OECD.SDD.STES:DSD_STES_REVISIONS@DF_STES_REVISIONS(4.0),Short-term economic statistics revisions,I,USA,United States,M,Monthly,PRVM,Production volume,IX,Index,BTE,Industry (except construction),202601,January 2026,2023-08,,99.87,,A,Normal value,0,Units,1,One,2015,
DATAFLOW,OECD.SDD.STES:DSD_STES_REVISIONS@DF_STES_REVISIONS(4.0),Short-term economic statistics revisions,I,USA,United States,M,Monthly,PRVM,Production volume,IX,Index,BTE,Industry (except construction),202601,January 2026,2023-07,,99.94,,A,Normal value,0,Units,1,One,2015,
DATAFLOW,OECD.SDD.STES:DSD_STES_REVISIONS@DF_STES_REVISIONS(4.0),Short-term economic statistics revisions,I,USA,United States,M,Monthly,PRVM,Production volume,IX,Index,BTE,Industry (except construction),202601,January 2026,2023-06,,99.16,,A,Normal value,0,Units,1,One,2015,
DATAFLOW,OECD.SDD.STES:DSD_STES_REVISIONS@DF_STES_REVISIONS(4.0),Short-term economic statistics revisions,I,USA,United States,M,Monthly,PRVM,Production volume,IX,Index,BTE,Industry (except construction),202601,January 2026,2023-05,,99.96,,A,Normal value,0,Units,1,One,2015,
DATAFLOW,OECD.SDD.STES:DSD_STES_REVISIONS@DF_STES_REVISIONS(4.0),Short-term economic statistics revisions,I,USA,United States,M,Monthly,PRVM,Production volume,IX,Index,BTE,Industry (except construction),202601,January 2026,2023-04,,100.28,,A,Normal value,0,Units,1,One,2015,
DATAFLOW,OECD.SDD.STES:DSD_STES_REVISIONS@DF_STES_REVISIONS(4.0),Short-term economic statistics revisions,I,USA,United States,M,Monthly,PRVM,Production volume,IX,Index,BTE,Industry (except construction),202601,January 2026,2023-03,,100.05,,A,Normal value,0,Units,1,One,2015,
DATAFLOW,OECD.SDD.STES:DSD_STES_REVISIONS@DF_STES_REVISIONS(4.0),Short-term economic statistics revisions,I,USA,United States,M,Monthly,PRVM,Production volume,IX,Index,BTE,Industry (except construction),202601,January 2026,2023-02,,99.67,,A,Normal value,0,Units,1,One,2015,
DATAFLOW,OECD.SDD.STES:DSD_STES_REVISIONS@DF_STES_REVISIONS(4.0),Short-term economic statistics revisions,I,USA,United States,M,Monthly,PRVM,Production volume,IX,Index,BTE,Industry (except construction),202601,January 2026,2023-01,,99.54,,A,Normal value,0,Units,1,One,2015,
DATAFLOW,OECD.SDD.STES:DSD_STES_REVISIONS@DF_STES_REVISIONS(4.0),Short-term economic statistics revisions,I,USA,United States,M,Monthly,PRVM,Production volume,IX,Index,BTE,Industry (except construction),202601,January 2026,2022-12,,98.81,,A,Normal value,0,Units,1,One,2015,
DATAFLOW,OECD.SDD.STES:DSD_STES_REVISIONS@DF_STES_REVISIONS(4.0),Short-term economic statistics revisions,I,USA,United States,M,Monthly,PRVM,Production volume,IX,Index,BTE,Industry (except construction),202601,January 2026,2022-11,,99.98,,A,Normal value,0,Units,1,One,2015,
DATAFLOW,OECD.SDD.STES:DSD_STES_REVISIONS@DF_STES_REVISIONS(4.0),Short-term economic statistics revisions,I,USA,United States,M,Monthly,PRVM,Production volume,IX,Index,BTE,Industry (except construction),202601,January 2026,2022-10,,100.28,,A,Normal value,0,Units,1,One,2015,
DATAFLOW,OECD.SDD.STES:DSD_STES_REVISIONS@DF_STES_REVISIONS(4.0),Short-term economic statistics revisions,I,USA,United States,M,Monthly,PRVM,Production volume,IX,Index,BTE,Industry (except construction),202601,January 2026,2022-09,,100.32,,A,Normal value,0,Units,1,One,2015,
DATAFLOW,OECD.SDD.STES:DSD_STES_REVISIONS@DF_STES_REVISIONS(4.0),Short-term economic statistics revisions,I,USA,United States,M,Monthly,PRVM,Production volume,IX,Index,BTE,Industry (except construction),202601,January 2026,2022-08,,100.12,,A,Normal value,0,Units,1,One,2015,
DATAFLOW,OECD.SDD.STES:DSD_STES_REVISIONS@DF_STES_REVISIONS(4.0),Short-term economic statistics revisions,I,USA,United States,M,Monthly,PRVM,Production volume,IX,Index,BTE,Industry (except construction),202601,January 2026,2022-07,,100.25,,A,Normal value,0,Units,1,One,2015,
DATAFLOW,OECD.SDD.STES:DSD_STES_REVISIONS@DF_STES_REVISIONS(4.0),Short-term economic statistics revisions,I,USA,United States,M,Monthly,PRVM,Production volume,IX,Index,BTE,Industry (except construction),202601,January 2026,2022-06,,100.05,,A,Normal value,0,Units,1,One,2015,
DATAFLOW,OECD.SDD.STES:DSD_STES_REVISIONS@DF_STES_REVISIONS(4.0),Short-term economic statistics revisions,I,USA,United States,M,Monthly,PRVM,Production volume,IX,Index,BTE,Industry (except construction),202601,January 2026,2022-05,,100.36,,A,Normal value,0,Units,1,One,2015,
DATAFLOW,OECD.SDD.STES:DSD_STES_REVISIONS@DF_STES_REVISIONS(4.0),Short-term economic statistics revisions,I,USA,United States,M,Monthly,PRVM,Production volume,IX,Index,BTE,Industry (except construction),202601,January 2026,2022-04,,100.46,,A,Normal value,0,Units,1,One,2015,
DATAFLOW,OECD.SDD.STES:DSD_STES_REVISIONS@DF_STES_REVISIONS(4.0),Short-term economic statistics revisions,I,USA,United States,M,Monthly,PRVM,Production volume,IX,Index,BTE,Industry (except construction),202601,January 2026,2022-03,,100.41,,A,Normal value,0,Units,1,One,2015,
DATAFLOW,OECD.SDD.STES:DSD_STES_REVISIONS@DF_STES_REVISIONS(4.0),Short-term economic statistics revisions,I,USA,United States,M,Monthly,PRVM,Production volume,IX,Index,BTE,Industry (except construction),202601,January 2026,2022-02,,99.84,,A,Normal value,0,Units,1,One,2015,
DATAFLOW,OECD.SDD.STES:DSD_STES_REVISIONS@DF_STES_REVISIONS(4.0),Short-term economic statistics revisions,I,USA,United States,M,Monthly,PRVM,Production volume,IX,Index,BTE,Industry (except construction),202601,January 2026,2022-01,,99.22,,A,Normal value,0,Units,1,One,2015,
DATAFLOW,OECD.SDD.STES:DSD_STES_REVISIONS@DF_STES_REVISIONS(4.0),Short-term economic statistics revisions,I,USA,United States,M,Monthly,PRVM,Production volume,IX,Index,BTE,Industry (except construction),202601,January 2026,2021-12,,99.6,,A,Normal value,0,Units,1,One,2015,
DATAFLOW,OECD.SDD.STES:DSD_STES_REVISIONS@DF_STES_REVISIONS(4.0),Short-term economic statistics revisions,I,USA,United States,M,Monthly,PRVM,Production volume,IX,Index,BTE,Industry (except construction),202601,January 2026,2021-11,,99.89,,A,Normal value,0,Units,1,One,2015,
DATAFLOW,OECD.SDD.STES:DSD_STES_REVISIONS@DF_STES_REVISIONS(4.0),Short-term economic statistics revisions,I,USA,United States,M,Monthly,PRVM,Production volume,IX,Index,BTE,Industry (except construction),202601,January 2026,2021-10,,99.22,,A,Normal value,0,Units,1,One,2015,
DATAFLOW,OECD.SDD.STES:DSD_STES_REVISIONS@DF_STES_REVISIONS(4.0),Short-term economic statistics revisions,I,USA,United States,M,Monthly,PRVM,Production volume,IX,Index,BTE,Industry (except construction),202601,January 2026,2021-09,,97.91,,A,Normal value,0,Units,1,One,2015,
DATAFLOW,OECD.SDD.STES:DSD_STES_REVISIONS@DF_STES_REVISIONS(4.0),Short-term economic statistics revisions,I,USA,United States,M,Monthly,PRVM,Production volume,IX,Index,BTE,Industry (except construction),202601,January 2026,2021-08,,99.08,,A,Normal value,0,Units,1,One,2015,
DATAFLOW,OECD.SDD.STES:DSD_STES_REVISIONS@DF_STES_REVISIONS(4.0),Short-term economic statistics revisions,I,USA,United States,M,Monthly,PRVM,Production volume,IX,Index,BTE,Industry (except construction),202601,January 2026,2021-07,,99.29,,A,Normal value,0,Units,1,One,2015,
DATAFLOW,OECD.SDD.STES:DSD_STES_REVISIONS@DF_STES_REVISIONS(4.0),Short-term economic statistics revisions,I,USA,United States,M,Monthly,PRVM,Production volume,IX,Index,BTE,Industry (except construction),202601,January 2026,2021-06,,98.84,,A,Normal value,0,Units,1,One,2015,
DATAFLOW,OECD.SDD.STES:DSD_STES_REVISIONS@DF_STES_REVISIONS(4.0),Short-term economic statistics revisions,I,USA,United States,M,Monthly,PRVM,Production volume,IX,Index,BTE,Industry (except construction),202601,January 2026,2021-05,,98.48,,A,Normal value,0,Units,1,One,2015,
DATAFLOW,OECD.SDD.STES:DSD_STES_REVISIONS@DF_STES_REVISIONS(4.0),Short-term economic statistics revisions,I,USA,United States,M,Monthly,PRVM,Production volume,IX,Index,BTE,Industry (except construction),202601,January 2026,2021-04,,97.61,,A,Normal value,0,Units,1,One,2015,
DATAFLOW,OECD.SDD.STES:DSD_STES_REVISIONS@DF_STES_REVISIONS(4.0),Short-term economic statistics revisions,I,USA,United States,M,Monthly,PRVM,Production volume,IX,Index,BTE,Industry (except construction),202601,January 2026,2021-03,,97.44,,A,Normal value,0,Units,1,One,2015,
DATAFLOW,OECD.SDD.STES:DSD_STES_REVISIONS@DF_STES_REVISIONS(4.0),Short-term economic statistics revisions,I,USA,United States,M,Monthly,PRVM,Production volume,IX,Index,BTE,Industry (except construction),202601,January 2026,2021-02,,94.69,,A,Normal value,0,Units,1,One,2015,
DATAFLOW,OECD.SDD.STES:DSD_STES_REVISIONS@DF_STES_REVISIONS(4.0),Short-term economic statistics revisions,I,USA,United States,M,Monthly,PRVM,Production volume,IX,Index,BTE,Industry (except construction),202601,January 2026,2021-01,,97.93,,A,Normal value,0,Units,1,One,2015,
DATAFLOW,OECD.SDD.STES:DSD_STES_REVISIONS@DF_STES_REVISIONS(4.0),Short-term economic statistics revisions,I,USA,United States,M,Monthly,PRVM,Production volume,IX,Index,BTE,Industry (except construction),202601,January 2026,2020-12,,97.42,,A,Normal value,0,Units,1,One,2015,
DATAFLOW,OECD.SDD.STES:DSD_STES_REVISIONS@DF_STES_REVISIONS(4.0),Short-term economic statistics revisions,I,USA,United States,M,Monthly,PRVM,Production volume,IX,Index,BTE,Industry (except construction),202601,January 2026,2020-11,,96.15,,A,Normal value,0,Units,1,One,2015,
DATAFLOW,OECD.SDD.STES:DSD_STES_REVISIONS@DF_STES_REVISIONS(4.0),Short-term economic statistics revisions,I,USA,United States,M,Monthly,PRVM,Production volume,IX,Index,BTE,Industry (except construction),202601,January 2026,2020-10,,95.81,,A,Normal value,0,Units,1,One,2015,
DATAFLOW,OECD.SDD.STES:DSD_STES_REVISIONS@DF_STES_REVISIONS(4.0),Short-term economic statistics revisions,I,USA,United States,M,Monthly,PRVM,Production volume,IX,Index,BTE,Industry (except construction),202601,January 2026,2020-09,,95.04,,A,Normal value,0,Units,1,One,2015,
DATAFLOW,OECD.SDD.STES:DSD_STES_REVISIONS@DF_STES_REVISIONS(4.0),Short-term economic statistics revisions,I,USA,United States,M,Monthly,PRVM,Production volume,IX,Index,BTE,Industry (except construction),202601,January 2026,2020-08,,95.03,,A,Normal value,0,Units,1,One,2015,
DATAFLOW,OECD.SDD.STES:DSD_STES_REVISIONS@DF_STES_REVISIONS(4.0),Short-term economic statistics revisions,I,USA,United States,M,Monthly,PRVM,Production volume,IX,Index,BTE,Industry (except construction),202601,January 2026,2020-07,,94.11,,A,Normal value,0,Units,1,One,2015,
DATAFLOW,OECD.SDD.STES:DSD_STES_REVISIONS@DF_STES_REVISIONS(4.0),Short-term economic statistics revisions,I,USA,United States,M,Monthly,PRVM,Production volume,IX,Index,BTE,Industry (except construction),202601,January 2026,2020-06,,90.71,,A,Normal value,0,Units,1,One,2015,
DATAFLOW,OECD.SDD.STES:DSD_STES_REVISIONS@DF_STES_REVISIONS(4.0),Short-term economic statistics revisions,I,USA,United States,M,Monthly,PRVM,Production volume,IX,Index,BTE,Industry (except construction),202601,January 2026,2020-05,,85.13,,A,Normal value,0,Units,1,One,2015,
DATAFLOW,OECD.SDD.STES:DSD_STES_REVISIONS@DF_STES_REVISIONS(4.0),Short-term economic statistics revisions,I,USA,United States,M,Monthly,PRVM,Production volume,IX,Index,BTE,Industry (except construction),202601,January 2026,2020-04,,83.75,,A,Normal value,0,Units,1,One,2015,
DATAFLOW,OECD.SDD.STES:DSD_STES_REVISIONS@DF_STES_REVISIONS(4.0),Short-term economic statistics revisions,I,USA,United States,M,Monthly,PRVM,Production volume,IX,Index,BTE,Industry (except construction),202601,January 2026,2020-03,,96.47,,A,Normal value,0,Units,1,One,2015,
DATAFLOW,OECD.SDD.STES:DSD_STES_REVISIONS@DF_STES_REVISIONS(4.0),Short-term economic statistics revisions,I,USA,United States,M,Monthly,PRVM,Production volume,IX,Index,BTE,Industry (except construction),202601,January 2026,2020-02,,100.4,,A,Normal value,0,Units,1,One,2015,
DATAFLOW,OECD.SDD.STES:DSD_STES_REVISIONS@DF_STES_REVISIONS(4.0),Short-term economic statistics revisions,I,USA,United States,M,Monthly,PRVM,Production volume,IX,Index,BTE,Industry (except construction),202601,January 2026,2020-01,,100.06,,A,Normal value,0,Units,1,One,2015,
DATAFLOW,OECD.SDD.STES:DSD_STES_REVISIONS@DF_STES_REVISIONS(4.0),Short-term economic statistics revisions,I,USA,United States,M,Monthly,PRVM,Production volume,IX,Index,BTE,Industry (except construction),202512,December 2025,2025-09,,100.45,,A,Normal value,0,Units,1,One,2015,
DATAFLOW,OECD.SDD.STES:DSD_STES_REVISIONS@DF_STES_REVISIONS(4.0),Short-term economic statistics revisions,I,USA,United States,M,Monthly,PRVM,Production volume,IX,Index,BTE,Industry (except construction),202512,December 2025,2025-08,,100.35,,A,Normal value,0,Units,1,One,2015,
DATAFLOW,OECD.SDD.STES:DSD_STES_REVISIONS@DF_STES_REVISIONS(4.0),Short-term economic statistics revisions,I,USA,United States,M,Monthly,PRVM,Production volume,IX,Index,BTE,Industry (except construction),202512,December 2025,2025-07,,100.61,,A,Normal value,0,Units,1,One,2015,
DATAFLOW,OECD.SDD.STES:DSD_STES_REVISIONS@DF_STES_REVISIONS(4.0),Short-term economic statistics revisions,I,USA,United States,M,Monthly,PRVM,Production volume,IX,Index,BTE,Industry (except construction),202512,December 2025,2025-06,,100.45,,A,Normal value,0,Units,1,One,2015,
DATAFLOW,OECD.SDD.STES:DSD_STES_REVISIONS@DF_STES_REVISIONS(4.0),Short-term economic statistics revisions,I,USA,United States,M,Monthly,PRVM,Production volume,IX,Index,BTE,Industry (except construction),202512,December 2025,2025-05,,100.01,,A,Normal value,0,Units,1,One,2015,
DATAFLOW,OECD.SDD.STES:DSD_STES_REVISIONS@DF_STES_REVISIONS(4.0),Short-term economic statistics revisions,I,USA,United States,M,Monthly,PRVM,Production volume,IX,Index,BTE,Industry (except construction),202512,December 2025,2025-04,,100.15,,A,Normal value,0,Units,1,One,2015,
DATAFLOW,OECD.SDD.STES:DSD_STES_REVISIONS@DF_STES_REVISIONS(4.0),Short-term economic statistics revisions,I,USA,United States,M,Monthly,PRVM,Production volume,IX,Index,BTE,Industry (except construction),202512,December 2025,2025-03,,100.07,,A,Normal value,0,Units,1,One,2015,
DATAFLOW,OECD.SDD.STES:DSD_STES_REVISIONS@DF_STES_REVISIONS(4.0),Short-term economic statistics revisions,I,USA,United States,M,Monthly,PRVM,Production volume,IX,Index,BTE,Industry (except construction),202512,December 2025,2025-02,,100.13,,A,Normal value,0,Units,1,One,2015,
DATAFLOW,OECD.SDD.STES:DSD_STES_REVISIONS@DF_STES_REVISIONS(4.0),Short-term economic statistics revisions,I,USA,United States,M,Monthly,PRVM,Production volume,IX,Index,BTE,Industry (except construction),202512,December 2025,2025-01,,99.1,,A,Normal value,0,Units,1,One,2015,
DATAFLOW,OECD.SDD.STES:DSD_STES_REVISIONS@DF_STES_REVISIONS(4.0),Short-term economic statistics revisions,I,USA,United States,M,Monthly,PRVM,Production volume,IX,Index,BTE,Industry (except construction),202512,December 2025,2024-12,,99.36,,A,Normal value,0,Units,1,One,2015,
DATAFLOW,OECD.SDD.STES:DSD_STES_REVISIONS@DF_STES_REVISIONS(4.0),Short-term economic statistics revisions,I,USA,United States,M,Monthly,PRVM,Production volume,IX,Index,BTE,Industry (except construction),202512,December 2025,2024-11,,98.34,,A,Normal value,0,Units,1,One,2015,
DATAFLOW,OECD.SDD.STES:DSD_STES_REVISIONS@DF_STES_REVISIONS(4.0),Short-term economic statistics revisions,I,USA,United States,M,Monthly,PRVM,Production volume,IX,Index,BTE,Industry (except construction),202512,December 2025,2024-10,,98.51,,A,Normal value,0,Units,1,One,2015,
DATAFLOW,OECD.SDD.STES:DSD_STES_REVISIONS@DF_STES_REVISIONS(4.0),Short-term economic statistics revisions,I,USA,United States,M,Monthly,PRVM,Production volume,IX,Index,BTE,Industry (except construction),202512,December 2025,2024-09,,98.85,,A,Normal value,0,Units,1,One,2015,
DATAFLOW,OECD.SDD.STES:DSD_STES_REVISIONS@DF_STES_REVISIONS(4.0),Short-term economic statistics revisions,I,USA,United States,M,Monthly,PRVM,Production volume,IX,Index,BTE,Industry (except construction),202512,December 2025,2024-08,,99.46,,A,Normal value,0,Units,1,One,2015,
DATAFLOW,OECD.SDD.STES:DSD_STES_REVISIONS@DF_STES_REVISIONS(4.0),Short-term economic statistics revisions,I,USA,United States,M,Monthly,PRVM,Production volume,IX,Index,BTE,Industry (except construction),202512,December 2025,2024-07,,99.01,,A,Normal value,0,Units,1,One,2015,
DATAFLOW,OECD.SDD.STES:DSD_STES_REVISIONS@DF_STES_REVISIONS(4.0),Short-term economic statistics revisions,I,USA,United States,M,Monthly,PRVM,Production volume,IX,Index,BTE,Industry (except construction),202512,December 2025,2024-06,,99.92,,A,Normal value,0,Units,1,One,2015,
DATAFLOW,OECD.SDD.STES:DSD_STES_REVISIONS@DF_STES_REVISIONS(4.0),Short-term economic statistics revisions,I,USA,United States,M,Monthly,PRVM,Production volume,IX,Index,BTE,Industry (except construction),202512,December 2025,2024-05,,99.89,,A,Normal value,0,Units,1,One,2015,
DATAFLOW,OECD.SDD.STES:DSD_STES_REVISIONS@DF_STES_REVISIONS(4.0),Short-term economic statistics revisions,I,USA,United States,M,Monthly,PRVM,Production volume,IX,Index,BTE,Industry (except construction),202512,December 2025,2024-04,,99.28,,A,Normal value,0,Units,1,One,2015,
DATAFLOW,OECD.SDD.STES:DSD_STES_REVISIONS@DF_STES_REVISIONS(4.0),Short-term economic statistics revisions,I,USA,United States,M,Monthly,PRVM,Production volume,IX,Index,BTE,Industry (except construction),202512,December 2025,2024-03,,99.49,,A,Normal value,0,Units,1,One,2015,
DATAFLOW,OECD.SDD.STES:DSD_STES_REVISIONS@DF_STES_REVISIONS(4.0),Short-term economic statistics revisions,I,USA,United States,M,Monthly,PRVM,Production volume,IX,Index,BTE,Industry (except construction),202512,December 2025,2024-02,,99.32,,A,Normal value,0,Units,1,One,2015,
DATAFLOW,OECD.SDD.STES:DSD_STES_REVISIONS@DF_STES_REVISIONS(4.0),Short-term economic statistics revisions,I,USA,United States,M,Monthly,PRVM,Production volume,IX,Index,BTE,Industry (except construction),202512,December 2025,2024-01,,98.27,,A,Normal value,0,Units,1,One,2015,
DATAFLOW,OECD.SDD.STES:DSD_STES_REVISIONS@DF_STES_REVISIONS(4.0),Short-term economic statistics revisions,I,USA,United States,M,Monthly,PRVM,Production volume,IX,Index,BTE,Industry (except construction),202512,December 2025,2023-12,,99.63,,A,Normal value,0,Units,1,One,2015,
DATAFLOW,OECD.SDD.STES:DSD_STES_REVISIONS@DF_STES_REVISIONS(4.0),Short-term economic statistics revisions,I,USA,United States,M,Monthly,PRVM,Production volume,IX,Index,BTE,Industry (except construction),202512,December 2025,2023-11,,99.89,,A,Normal value,0,Units,1,One,2015,
DATAFLOW,OECD.SDD.STES:DSD_STES_REVISIONS@DF_STES_REVISIONS(4.0),Short-term economic statistics revisions,I,USA,United States,M,Monthly,PRVM,Production volume,IX,Index,BTE,Industry (except construction),202512,December 2025,2023-10,,99.5,,A,Normal value,0,Units,1,One,2015,
DATAFLOW,OECD.SDD.STES:DSD_STES_REVISIONS@DF_STES_REVISIONS(4.0),Short-term economic statistics revisions,I,USA,United States,M,Monthly,PRVM,Production volume,IX,Index,BTE,Industry (except construction),202512,December 2025,2023-09,,100.05,,A,Normal value,0,Units,1,One,2015,
DATAFLOW,OECD.SDD.STES:DSD_STES_REVISIONS@DF_STES_REVISIONS(4.0),Short-term economic statistics revisions,I,USA,United States,M,Monthly,PRVM,Production volume,IX,Index,BTE,Industry (except construction),202512,December 2025,2023-08,,99.87,,A,Normal value,0,Units,1,One,2015,
DATAFLOW,OECD.SDD.STES:DSD_STES_REVISIONS@DF_STES_REVISIONS(4.0),Short-term economic statistics revisions,I,USA,United States,M,Monthly,PRVM,Production volume,IX,Index,BTE,Industry (except construction),202512,December 2025,2023-07,,99.94,,A,Normal value,0,Units,1,One,2015,
DATAFLOW,OECD.SDD.STES:DSD_STES_REVISIONS@DF_STES_REVISIONS(4.0),Short-term economic statistics revisions,I,USA,United States,M,Monthly,PRVM,Production volume,IX,Index,BTE,Industry (except construction),202512,December 2025,2023-06,,99.16,,A,Normal value,0,Units,1,One,2015,
DATAFLOW,OECD.SDD.STES:DSD_STES_REVISIONS@DF_STES_REVISIONS(4.0),Short-term economic statistics revisions,I,USA,United States,M,Monthly,PRVM,Production volume,IX,Index,BTE,Industry (except construction),202512,December 2025,2023-05,,99.96,,A,Normal value,0,Units,1,One,2015,
DATAFLOW,OECD.SDD.STES:DSD_STES_REVISIONS@DF_STES_REVISIONS(4.0),Short-term economic statistics revisions,I,USA,United States,M,Monthly,PRVM,Production volume,IX,Index,BTE,Industry (except construction),202512,December 2025,2023-04,,100.28,,A,Normal value,0,Units,1,One,2015,
DATAFLOW,OECD.SDD.STES:DSD_STES_REVISIONS@DF_STES_REVISIONS(4.0),Short-term economic statistics revisions,I,USA,United States,M,Monthly,PRVM,Production volume,IX,Index,BTE,Industry (except construction),202512,December 2025,2023-03,,100.05,,A,Normal value,0,Units,1,One,2015,
DATAFLOW,OECD.SDD.STES:DSD_STES_REVISIONS@DF_STES_REVISIONS(4.0),Short-term economic statistics revisions,I,USA,United States,M,Monthly,PRVM,Production volume,IX,Index,BTE,Industry (except construction),202512,December 2025,2023-02,,99.67,,A,Normal value,0,Units,1,One,2015,
DATAFLOW,OECD.SDD.STES:DSD_STES_REVISIONS@DF_STES_REVISIONS(4.0),Short-term economic statistics revisions,I,USA,United States,M,Monthly,PRVM,Production volume,IX,Index,BTE,Industry (except construction),202512,December 2025,2023-01,,99.54,,A,Normal value,0,Units,1,One,2015,
DATAFLOW,OECD.SDD.STES:DSD_STES_REVISIONS@DF_STES_REVISIONS(4.0),Short-term economic statistics revisions,I,USA,United States,M,Monthly,PRVM,Production volume,IX,Index,BTE,Industry (except construction),202512,December 2025,2022-12,,98.81,,A,Normal value,0,Units,1,One,2015,
DATAFLOW,OECD.SDD.STES:DSD_STES_REVISIONS@DF_STES_REVISIONS(4.0),Short-term economic statistics revisions,I,USA,United States,M,Monthly,PRVM,Production volume,IX,Index,BTE,Industry (except construction),202512,December 2025,2022-11,,99.98,,A,Normal value,0,Units,1,One,2015,
DATAFLOW,OECD.SDD.STES:DSD_STES_REVISIONS@DF_STES_REVISIONS(4.0),Short-term economic statistics revisions,I,USA,United States,M,Monthly,PRVM,Production volume,IX,Index,BTE,Industry (except construction),202512,December 2025,2022-10,,100.28,,A,Normal value,0,Units,1,One,2015,
DATAFLOW,OECD.SDD.STES:DSD_STES_REVISIONS@DF_STES_REVISIONS(4.0),Short-term economic statistics revisions,I,USA,United States,M,Monthly,PRVM,Production volume,IX,Index,BTE,Industry (except construction),202512,December 2025,2022-09,,100.32,,A,Normal value,0,Units,1,One,2015,
DATAFLOW,OECD.SDD.STES:DSD_STES_REVISIONS@DF_STES_REVISIONS(4.0),Short-term economic statistics revisions,I,USA,United States,M,Monthly,PRVM,Production volume,IX,Index,BTE,Industry (except construction),202512,December 2025,2022-08,,100.12,,A,Normal value,0,Units,1,One,2015,
DATAFLOW,OECD.SDD.STES:DSD_STES_REVISIONS@DF_STES_REVISIONS(4.0),Short-term economic statistics revisions,I,USA,United States,M,Monthly,PRVM,Production volume,IX,Index,BTE,Industry (except construction),202512,December 2025,2022-07,,100.25,,A,Normal value,0,Units,1,One,2015,
DATAFLOW,OECD.SDD.STES:DSD_STES_REVISIONS@DF_STES_REVISIONS(4.0),Short-term economic statistics revisions,I,USA,United States,M,Monthly,PRVM,Production volume,IX,Index,BTE,Industry (except construction),202512,December 2025,2022-06,,100.05,,A,Normal value,0,Units,1,One,2015,
DATAFLOW,OECD.SDD.STES:DSD_STES_REVISIONS@DF_STES_REVISIONS(4.0),Short-term economic statistics revisions,I,USA,United States,M,Monthly,PRVM,Production volume,IX,Index,BTE,Industry (except construction),202512,December 2025,2022-05,,100.36,,A,Normal value,0,Units,1,One,2015,
DATAFLOW,OECD.SDD.STES:DSD_STES_REVISIONS@DF_STES_REVISIONS(4.0),Short-term economic statistics revisions,I,USA,United States,M,Monthly,PRVM,Production volume,IX,Index,BTE,Industry (except construction),202512,December 2025,2022-04,,100.46,,A,Normal value,0,Units,1,One,2015,
DATAFLOW,OECD.SDD.STES:DSD_STES_REVISIONS@DF_STES_REVISIONS(4.0),Short-term economic statistics revisions,I,USA,United States,M,Monthly,PRVM,Production volume,IX,Index,BTE,Industry (except construction),202512,December 2025,2022-03,,100.41,,A,Normal value,0,Units,1,One,2015,
DATAFLOW,OECD.SDD.STES:DSD_STES_REVISIONS@DF_STES_REVISIONS(4.0),Short-term economic statistics revisions,I,USA,United States,M,Monthly,PRVM,Production volume,IX,Index,BTE,Industry (except construction),202512,December 2025,2022-02,,99.84,,A,Normal value,0,Units,1,One,2015,
DATAFLOW,OECD.SDD.STES:DSD_STES_REVISIONS@DF_STES_REVISIONS(4.0),Short-term economic statistics revisions,I,USA,United States,M,Monthly,PRVM,Production volume,IX,Index,BTE,Industry (except construction),202512,December 2025,2022-01,,99.22,,A,Normal value,0,Units,1,One,2015,
DATAFLOW,OECD.SDD.STES:DSD_STES_REVISIONS@DF_STES_REVISIONS(4.0),Short-term economic statistics revisions,I,USA,United States,M,Monthly,PRVM,Production volume,IX,Index,BTE,Industry (except construction),202512,December 2025,2021-12,,99.6,,A,Normal value,0,Units,1,One,2015,
DATAFLOW,OECD.SDD.STES:DSD_STES_REVISIONS@DF_STES_REVISIONS(4.0),Short-term economic statistics revisions,I,USA,United States,M,Monthly,PRVM,Production volume,IX,Index,BTE,Industry (except construction),202512,December 2025,2021-11,,99.89,,A,Normal value,0,Units,1,One,2015,
DATAFLOW,OECD.SDD.STES:DSD_STES_REVISIONS@DF_STES_REVISIONS(4.0),Short-term economic statistics revisions,I,USA,United States,M,Monthly,PRVM,Production volume,IX,Index,BTE,Industry (except construction),202512,December 2025,2021-10,,99.22,,A,Normal value,0,Units,1,One,2015,
DATAFLOW,OECD.SDD.STES:DSD_STES_REVISIONS@DF_STES_REVISIONS(4.0),Short-term economic statistics revisions,I,USA,United States,M,Monthly,PRVM,Production volume,IX,Index,BTE,Industry (except construction),202512,December 2025,2021-09,,97.91,,A,Normal value,0,Units,1,One,2015,
DATAFLOW,OECD.SDD.STES:DSD_STES_REVISIONS@DF_STES_REVISIONS(4.0),Short-term economic statistics revisions,I,USA,United States,M,Monthly,PRVM,Production volume,IX,Index,BTE,Industry (except construction),202512,December 2025,2021-08,,99.08,,A,Normal value,0,Units,1,One,2015,
DATAFLOW,OECD.SDD.STES:DSD_STES_REVISIONS@DF_STES_REVISIONS(4.0),Short-term economic statistics revisions,I,USA,United States,M,Monthly,PRVM,Production volume,IX,Index,BTE,Industry (except construction),202512,December 2025,2021-07,,99.29,,A,Normal value,0,Units,1,One,2015,
DATAFLOW,OECD.SDD.STES:DSD_STES_REVISIONS@DF_STES_REVISIONS(4.0),Short-term economic statistics revisions,I,USA,United States,M,Monthly,PRVM,Production volume,IX,Index,BTE,Industry (except construction),202512,December 2025,2021-06,,98.84,,A,Normal value,0,Units,1,One,2015,
DATAFLOW,OECD.SDD.STES:DSD_STES_REVISIONS@DF_STES_REVISIONS(4.0),Short-term economic statistics revisions,I,USA,United States,M,Monthly,PRVM,Production volume,IX,Index,BTE,Industry (except construction),202512,December 2025,2021-05,,98.48,,A,Normal value,0,Units,1,One,2015,
DATAFLOW,OECD.SDD.STES:DSD_STES_REVISIONS@DF_STES_REVISIONS(4.0),Short-term economic statistics revisions,I,USA,United States,M,Monthly,PRVM,Production volume,IX,Index,BTE,Industry (except construction),202512,December 2025,2021-04,,97.61,,A,Normal value,0,Units,1,One,2015,
DATAFLOW,OECD.SDD.STES:DSD_STES_REVISIONS@DF_STES_REVISIONS(4.0),Short-term economic statistics revisions,I,USA,United States,M,Monthly,PRVM,Production volume,IX,Index,BTE,Industry (except construction),202512,December 2025,2021-03,,97.44,,A,Normal value,0,Units,1,One,2015,
DATAFLOW,OECD.SDD.STES:DSD_STES_REVISIONS@DF_STES_REVISIONS(4.0),Short-term economic statistics revisions,I,USA,United States,M,Monthly,PRVM,Production volume,IX,Index,BTE,Industry (except construction),202512,December 2025,2021-02,,94.69,,A,Normal value,0,Units,1,One,2015,
DATAFLOW,OECD.SDD.STES:DSD_STES_REVISIONS@DF_STES_REVISIONS(4.0),Short-term economic statistics revisions,I,USA,United States,M,Monthly,PRVM,Production volume,IX,Index,BTE,Industry (except construction),202512,December 2025,2021-01,,97.93,,A,Normal value,0,Units,1,One,2015,
DATAFLOW,OECD.SDD.STES:DSD_STES_REVISIONS@DF_STES_REVISIONS(4.0),Short-term economic statistics revisions,I,USA,United States,M,Monthly,PRVM,Production volume,IX,Index,BTE,Industry (except construction),202512,December 2025,2020-12,,97.42,,A,Normal value,0,Units,1,One,2015,
DATAFLOW,OECD.SDD.STES:DSD_STES_REVISIONS@DF_STES_REVISIONS(4.0),Short-term economic statistics revisions,I,USA,United States,M,Monthly,PRVM,Production volume,IX,Index,BTE,Industry (except construction),202512,December 2025,2020-11,,96.15,,A,Normal value,0,Units,1,One,2015,
DATAFLOW,OECD.SDD.STES:DSD_STES_REVISIONS@DF_STES_REVISIONS(4.0),Short-term economic statistics revisions,I,USA,United States,M,Monthly,PRVM,Production volume,IX,Index,BTE,Industry (except construction),202512,December 2025,2020-10,,95.81,,A,Normal value,0,Units,1,One,2015,
DATAFLOW,OECD.SDD.STES:DSD_STES_REVISIONS@DF_STES_REVISIONS(4.0),Short-term economic statistics revisions,I,USA,United States,M,Monthly,PRVM,Production volume,IX,Index,BTE,Industry (except construction),202512,December 2025,2020-09,,95.04,,A,Normal value,0,Units,1,One,2015,
DATAFLOW,OECD.SDD.STES:DSD_STES_REVISIONS@DF_STES_REVISIONS(4.0),Short-term economic statistics revisions,I,USA,United States,M,Monthly,PRVM,Production volume,IX,Index,BTE,Industry (except construction),202512,December 2025,2020-08,,95.03,,A,Normal value,0,Units,1,One,2015,
DATAFLOW,OECD.SDD.STES:DSD_STES_REVISIONS@DF_STES_REVISIONS(4.0),Short-term economic statistics revisions,I,USA,United States,M,Monthly,PRVM,Production volume,IX,Index,BTE,Industry (except construction),202512,December 2025,2020-07,,94.11,,A,Normal value,0,Units,1,One,2015,
DATAFLOW,OECD.SDD.STES:DSD_STES_REVISIONS@DF_STES_REVISIONS(4.0),Short-term economic statistics revisions,I,USA,United States,M,Monthly,PRVM,Production volume,IX,Index,BTE,Industry (except construction),202512,December 2025,2020-06,,90.71,,A,Normal value,0,Units,1,One,2015,
DATAFLOW,OECD.SDD.STES:DSD_STES_REVISIONS@DF_STES_REVISIONS(4.0),Short-term economic statistics revisions,I,USA,United States,M,Monthly,PRVM,Production volume,IX,Index,BTE,Industry (except construction),202512,December 2025,2020-05,,85.13,,A,Normal value,0,Units,1,One,2015,
DATAFLOW,OECD.SDD.STES:DSD_STES_REVISIONS@DF_STES_REVISIONS(4.0),Short-term economic statistics revisions,I,USA,United States,M,Monthly,PRVM,Production volume,IX,Index,BTE,Industry (except construction),202512,December 2025,2020-04,,83.75,,A,Normal value,0,Units,1,One,2015,
DATAFLOW,OECD.SDD.STES:DSD_STES_REVISIONS@DF_STES_REVISIONS(4.0),Short-term economic statistics revisions,I,USA,United States,M,Monthly,PRVM,Production volume,IX,Index,BTE,Industry (except construction),202512,December 2025,2020-03,,96.47,,A,Normal value,0,Units,1,One,2015,
DATAFLOW,OECD.SDD.STES:DSD_STES_REVISIONS@DF_STES_REVISIONS(4.0),Short-term economic statistics revisions,I,USA,United States,M,Monthly,PRVM,Production volume,IX,Index,BTE,Industry (except construction),202512,December 2025,2020-02,,100.4,,A,Normal value,0,Units,1,One,2015,
DATAFLOW,OECD.SDD.STES:DSD_STES_REVISIONS@DF_STES_REVISIONS(4.0),Short-term economic statistics revisions,I,USA,United States,M,Monthly,PRVM,Production volume,IX,Index,BTE,Industry (except construction),202512,December 2025,2020-01,,100.06,,A,Normal value,0,Units,1,One,2015,
DATAFLOW,OECD.SDD.STES:DSD_STES_REVISIONS@DF_STES_REVISIONS(4.0),Short-term economic statistics revisions,I,USA,United States,M,Monthly,PRVM,Production volume,IX,Index,BTE,Industry (except construction),202511,November 2025,2025-08,,103.03,,A,Normal value,0,Units,1,One,2015,
DATAFLOW,OECD.SDD.STES:DSD_STES_REVISIONS@DF_STES_REVISIONS(4.0),Short-term economic statistics revisions,I,USA,United States,M,Monthly,PRVM,Production volume,IX,Index,BTE,Industry (except construction),202511,November 2025,2025-07,,102.93,,A,Normal value,0,Units,1,One,2015,
DATAFLOW,OECD.SDD.STES:DSD_STES_REVISIONS@DF_STES_REVISIONS(4.0),Short-term economic statistics revisions,I,USA,United States,M,Monthly,PRVM,Production volume,IX,Index,BTE,Industry (except construction),202511,November 2025,2025-06,,103.32,,A,Normal value,0,Units,1,One,2015,
DATAFLOW,OECD.SDD.STES:DSD_STES_REVISIONS@DF_STES_REVISIONS(4.0),Short-term economic statistics revisions,I,USA,United States,M,Monthly,PRVM,Production volume,IX,Index,BTE,Industry (except construction),202511,November 2025,2025-05,,102.77,,A,Normal value,0,Units,1,One,2015,
DATAFLOW,OECD.SDD.STES:DSD_STES_REVISIONS@DF_STES_REVISIONS(4.0),Short-term economic statistics revisions,I,USA,United States,M,Monthly,PRVM,Production volume,IX,Index,BTE,Industry (except construction),202511,November 2025,2025-04,,102.74,,A,Normal value,0,Units,1,One,2015,
DATAFLOW,OECD.SDD.STES:DSD_STES_REVISIONS@DF_STES_REVISIONS(4.0),Short-term economic statistics revisions,I,USA,United States,M,Monthly,PRVM,Production volume,IX,Index,BTE,Industry (except construction),202511,November 2025,2025-03,,102.66,,A,Normal value,0,Units,1,One,2015,
DATAFLOW,OECD.SDD.STES:DSD_STES_REVISIONS@DF_STES_REVISIONS(4.0),Short-term economic statistics revisions,I,USA,United States,M,Monthly,PRVM,Production volume,IX,Index,BTE,Industry (except construction),202511,November 2025,2025-02,,102.98,,A,Normal value,0,Units,1,One,2015,
DATAFLOW,OECD.SDD.STES:DSD_STES_REVISIONS@DF_STES_REVISIONS(4.0),Short-term economic statistics revisions,I,USA,United States,M,Monthly,PRVM,Production volume,IX,Index,BTE,Industry (except construction),202605,May 2026,2020-10,,95.81,,A,Normal value,0,Units,1,One,2015,
DATAFLOW,OECD.SDD.STES:DSD_STES_REVISIONS@DF_STES_REVISIONS(4.0),Short-term economic statistics revisions,I,USA,United States,M,Monthly,PRVM,Production volume,IX,Index,BTE,Industry (except construction),202605,May 2026,2020-09,,95.04,,A,Normal value,0,Units,1,One,2015,
DATAFLOW,OECD.SDD.STES:DSD_STES_REVISIONS@DF_STES_REVISIONS(4.0),Short-term economic statistics revisions,I,USA,United States,M,Monthly,PRVM,Production volume,IX,Index,BTE,Industry (except construction),202605,May 2026,2020-08,,95.03,,A,Normal value,0,Units,1,One,2015,
DATAFLOW,OECD.SDD.STES:DSD_STES_REVISIONS@DF_STES_REVISIONS(4.0),Short-term economic statistics revisions,I,USA,United States,M,Monthly,PRVM,Production volume,IX,Index,BTE,Industry (except construction),202605,May 2026,2020-07,,94.11,,A,Normal value,0,Units,1,One,2015,
DATAFLOW,OECD.SDD.STES:DSD_STES_REVISIONS@DF_STES_REVISIONS(4.0),Short-term economic statistics revisions,I,USA,United States,M,Monthly,PRVM,Production volume,IX,Index,BTE,Industry (except construction),202605,May 2026,2020-06,,90.71,,A,Normal value,0,Units,1,One,2015,
DATAFLOW,OECD.SDD.STES:DSD_STES_REVISIONS@DF_STES_REVISIONS(4.0),Short-term economic statistics revisions,I,USA,United States,M,Monthly,PRVM,Production volume,IX,Index,BTE,Industry (except construction),202605,May 2026,2020-05,,85.13,,A,Normal value,0,Units,1,One,2015,
DATAFLOW,OECD.SDD.STES:DSD_STES_REVISIONS@DF_STES_REVISIONS(4.0),Short-term economic statistics revisions,I,USA,United States,M,Monthly,PRVM,Production volume,IX,Index,BTE,Industry (except construction),202605,May 2026,2020-04,,83.75,,A,Normal value,0,Units,1,One,2015,
DATAFLOW,OECD.SDD.STES:DSD_STES_REVISIONS@DF_STES_REVISIONS(4.0),Short-term economic statistics revisions,I,USA,United States,M,Monthly,PRVM,Production volume,IX,Index,BTE,Industry (except construction),202605,May 2026,2020-03,,96.47,,A,Normal value,0,Units,1,One,2015,
DATAFLOW,OECD.SDD.STES:DSD_STES_REVISIONS@DF_STES_REVISIONS(4.0),Short-term economic statistics revisions,I,USA,United States,M,Monthly,PRVM,Production volume,IX,Index,BTE,Industry (except construction),202605,May 2026,2020-02,,100.4,,A,Normal value,0,Units,1,One,2015,
DATAFLOW,OECD.SDD.STES:DSD_STES_REVISIONS@DF_STES_REVISIONS(4.0),Short-term economic statistics revisions,I,USA,United States,M,Monthly,PRVM,Production volume,IX,Index,BTE,Industry (except construction),202605,May 2026,2020-01,,100.06,,A,Normal value,0,Units,1,One,2015,
DATAFLOW,OECD.SDD.STES:DSD_STES_REVISIONS@DF_STES_REVISIONS(4.0),Short-term economic statistics revisions,I,USA,United States,M,Monthly,PRVM,Production volume,IX,Index,BTE,Industry (except construction),202604,April 2026,2026-02,,101.56,,A,Normal value,0,Units,1,One,2015,
DATAFLOW,OECD.SDD.STES:DSD_STES_REVISIONS@DF_STES_REVISIONS(4.0),Short-term economic statistics revisions,I,USA,United States,M,Monthly,PRVM,Production volume,IX,Index,BTE,Industry (except construction),202604,April 2026,2026-01,,101.41,,A,Normal value,0,Units,1,One,2015,
DATAFLOW,OECD.SDD.STES:DSD_STES_REVISIONS@DF_STES_REVISIONS(4.0),Short-term economic statistics revisions,I,USA,United States,M,Monthly,PRVM,Production volume,IX,Index,BTE,Industry (except construction),202604,April 2026,2025-12,,100.7,,A,Normal value,0,Units,1,One,2015,
DATAFLOW,OECD.SDD.STES:DSD_STES_REVISIONS@DF_STES_REVISIONS(4.0),Short-term economic statistics revisions,I,USA,United States,M,Monthly,PRVM,Production volume,IX,Index,BTE,Industry (except construction),202604,April 2026,2025-11,,100.38,,A,Normal value,0,Units,1,One,2015,
DATAFLOW,OECD.SDD.STES:DSD_STES_REVISIONS@DF_STES_REVISIONS(4.0),Short-term economic statistics revisions,I,USA,United States,M,Monthly,PRVM,Production volume,IX,Index,BTE,Industry (except construction),202604,April 2026,2025-10,,100.23,,A,Normal value,0,Units,1,One,2015,
DATAFLOW,OECD.SDD.STES:DSD_STES_REVISIONS@DF_STES_REVISIONS(4.0),Short-term economic statistics revisions,I,USA,United States,M,Monthly,PRVM,Production volume,IX,Index,BTE,Industry (except construction),202604,April 2026,2025-09,,100.69,,A,Normal value,0,Units,1,One,2015,
DATAFLOW,OECD.SDD.STES:DSD_STES_REVISIONS@DF_STES_REVISIONS(4.0),Short-term economic statistics revisions,I,USA,United States,M,Monthly,PRVM,Production volume,IX,Index,BTE,Industry (except construction),202604,April 2026,2025-08,,100.65,,A,Normal value,0,Units,1,One,2015,
DATAFLOW,OECD.SDD.STES:DSD_STES_REVISIONS@DF_STES_REVISIONS(4.0),Short-term economic statistics revisions,I,USA,United States,M,Monthly,PRVM,Production volume,IX,Index,BTE,Industry (except construction),202604,April 2026,2025-07,,100.91,,A,Normal value,0,Units,1,One,2015,
DATAFLOW,OECD.SDD.STES:DSD_STES_REVISIONS@DF_STES_REVISIONS(4.0),Short-term economic statistics revisions,I,USA,United States,M,Monthly,PRVM,Production volume,IX,Index,BTE,Industry (except construction),202604,April 2026,2025-06,,100.5,,A,Normal value,0,Units,1,One,2015,
DATAFLOW,OECD.SDD.STES:DSD_STES_REVISIONS@DF_STES_REVISIONS(4.0),Short-term economic statistics revisions,I,USA,United States,M,Monthly,PRVM,Production volume,IX,Index,BTE,Industry (except construction),202604,April 2026,2025-05,,99.99,,A,Normal value,0,Units,1,One,2015,
DATAFLOW,OECD.SDD.STES:DSD_STES_REVISIONS@DF_STES_REVISIONS(4.0),Short-term economic statistics revisions,I,USA,United States,M,Monthly,PRVM,Production volume,IX,Index,BTE,Industry (except construction),202604,April 2026,2025-04,,100.15,,A,Normal value,0,Units,1,One,2015,
DATAFLOW,OECD.SDD.STES:DSD_STES_REVISIONS@DF_STES_REVISIONS(4.0),Short-term economic statistics revisions,I,USA,United States,M,Monthly,PRVM,Production volume,IX,Index,BTE,Industry (except construction),202604,April 2026,2025-03,,100.07,,A,Normal value,0,Units,1,One,2015,
DATAFLOW,OECD.SDD.STES:DSD_STES_REVISIONS@DF_STES_REVISIONS(4.0),Short-term economic statistics revisions,I,USA,United States,M,Monthly,PRVM,Production volume,IX,Index,BTE,Industry (except construction),202604,April 2026,2025-02,,100.13,,A,Normal value,0,Units,1,One,2015,
DATAFLOW,OECD.SDD.STES:DSD_STES_REVISIONS@DF_STES_REVISIONS(4.0),Short-term economic statistics revisions,I,USA,United States,M,Monthly,PRVM,Production volume,IX,Index,BTE,Industry (except construction),202604,April 2026,2025-01,,99.1,,A,Normal value,0,Units,1,One,2015,
DATAFLOW,OECD.SDD.STES:DSD_STES_REVISIONS@DF_STES_REVISIONS(4.0),Short-term economic statistics revisions,I,USA,United States,M,Monthly,PRVM,Production volume,IX,Index,BTE,Industry (except construction),202604,April 2026,2024-12,,99.36,,A,Normal value,0,Units,1,One,2015,
DATAFLOW,OECD.SDD.STES:DSD_STES_REVISIONS@DF_STES_REVISIONS(4.0),Short-term economic statistics revisions,I,USA,United States,M,Monthly,PRVM,Production volume,IX,Index,BTE,Industry (except construction),202604,April 2026,2024-11,,98.34,,A,Normal value,0,Units,1,One,2015,
DATAFLOW,OECD.SDD.STES:DSD_STES_REVISIONS@DF_STES_REVISIONS(4.0),Short-term economic statistics revisions,I,USA,United States,M,Monthly,PRVM,Production volume,IX,Index,BTE,Industry (except construction),202604,April 2026,2024-10,,98.51,,A,Normal value,0,Units,1,One,2015,
DATAFLOW,OECD.SDD.STES:DSD_STES_REVISIONS@DF_STES_REVISIONS(4.0),Short-term economic statistics revisions,I,USA,United States,M,Monthly,PRVM,Production volume,IX,Index,BTE,Industry (except construction),202604,April 2026,2024-09,,98.85,,A,Normal value,0,Units,1,One,2015,
DATAFLOW,OECD.SDD.STES:DSD_STES_REVISIONS@DF_STES_REVISIONS(4.0),Short-term economic statistics revisions,I,USA,United States,M,Monthly,PRVM,Production volume,IX,Index,BTE,Industry (except construction),202604,April 2026,2024-08,,99.46,,A,Normal value,0,Units,1,One,2015,
DATAFLOW,OECD.SDD.STES:DSD_STES_REVISIONS@DF_STES_REVISIONS(4.0),Short-term economic statistics revisions,I,USA,United States,M,Monthly,PRVM,Production volume,IX,Index,BTE,Industry (except construction),202604,April 2026,2024-07,,99.01,,A,Normal value,0,Units,1,One,2015,
DATAFLOW,OECD.SDD.STES:DSD_STES_REVISIONS@DF_STES_REVISIONS(4.0),Short-term economic statistics revisions,I,USA,United States,M,Monthly,PRVM,Production volume,IX,Index,BTE,Industry (except construction),202604,April 2026,2024-06,,99.92,,A,Normal value,0,Units,1,One,2015,
DATAFLOW,OECD.SDD.STES:DSD_STES_REVISIONS@DF_STES_REVISIONS(4.0),Short-term economic statistics revisions,I,USA,United States,M,Monthly,PRVM,Production volume,IX,Index,BTE,Industry (except construction),202604,April 2026,2024-05,,99.89,,A,Normal value,0,Units,1,One,2015,
DATAFLOW,OECD.SDD.STES:DSD_STES_REVISIONS@DF_STES_REVISIONS(4.0),Short-term economic statistics revisions,I,USA,United States,M,Monthly,PRVM,Production volume,IX,Index,BTE,Industry (except construction),202604,April 2026,2024-04,,99.28,,A,Normal value,0,Units,1,One,2015,
DATAFLOW,OECD.SDD.STES:DSD_STES_REVISIONS@DF_STES_REVISIONS(4.0),Short-term economic statistics revisions,I,USA,United States,M,Monthly,PRVM,Production volume,IX,Index,BTE,Industry (except construction),202604,April 2026,2024-03,,99.49,,A,Normal value,0,Units,1,One,2015,
DATAFLOW,OECD.SDD.STES:DSD_STES_REVISIONS@DF_STES_REVISIONS(4.0),Short-term economic statistics revisions,I,USA,United States,M,Monthly,PRVM,Production volume,IX,Index,BTE,Industry (except construction),202604,April 2026,2024-02,,99.32,,A,Normal value,0,Units,1,One,2015,
DATAFLOW,OECD.SDD.STES:DSD_STES_REVISIONS@DF_STES_REVISIONS(4.0),Short-term economic statistics revisions,I,USA,United States,M,Monthly,PRVM,Production volume,IX,Index,BTE,Industry (except construction),202604,April 2026,2024-01,,98.27,,A,Normal value,0,Units,1,One,2015,
DATAFLOW,OECD.SDD.STES:DSD_STES_REVISIONS@DF_STES_REVISIONS(4.0),Short-term economic statistics revisions,I,USA,United States,M,Monthly,PRVM,Production volume,IX,Index,BTE,Industry (except construction),202604,April 2026,2023-12,,99.63,,A,Normal value,0,Units,1,One,2015,
DATAFLOW,OECD.SDD.STES:DSD_STES_REVISIONS@DF_STES_REVISIONS(4.0),Short-term economic statistics revisions,I,USA,United States,M,Monthly,PRVM,Production volume,IX,Index,BTE,Industry (except construction),202604,April 2026,2023-11,,99.89,,A,Normal value,0,Units,1,One,2015,
DATAFLOW,OECD.SDD.STES:DSD_STES_REVISIONS@DF_STES_REVISIONS(4.0),Short-term economic statistics revisions,I,USA,United States,M,Monthly,PRVM,Production volume,IX,Index,BTE,Industry (except construction),202604,April 2026,2023-10,,99.5,,A,Normal value,0,Units,1,One,2015,
DATAFLOW,OECD.SDD.STES:DSD_STES_REVISIONS@DF_STES_REVISIONS(4.0),Short-term economic statistics revisions,I,USA,United States,M,Monthly,PRVM,Production volume,IX,Index,BTE,Industry (except construction),202604,April 2026,2023-09,,100.05,,A,Normal value,0,Units,1,One,2015,
DATAFLOW,OECD.SDD.STES:DSD_STES_REVISIONS@DF_STES_REVISIONS(4.0),Short-term economic statistics revisions,I,USA,United States,M,Monthly,PRVM,Production volume,IX,Index,BTE,Industry (except construction),202604,April 2026,2023-08,,99.87,,A,Normal value,0,Units,1,One,2015,
DATAFLOW,OECD.SDD.STES:DSD_STES_REVISIONS@DF_STES_REVISIONS(4.0),Short-term economic statistics revisions,I,USA,United States,M,Monthly,PRVM,Production volume,IX,Index,BTE,Industry (except construction),202604,April 2026,2023-07,,99.94,,A,Normal value,0,Units,1,One,2015,
DATAFLOW,OECD.SDD.STES:DSD_STES_REVISIONS@DF_STES_REVISIONS(4.0),Short-term economic statistics revisions,I,USA,United States,M,Monthly,PRVM,Production volume,IX,Index,BTE,Industry (except construction),202604,April 2026,2023-06,,99.16,,A,Normal value,0,Units,1,One,2015,
DATAFLOW,OECD.SDD.STES:DSD_STES_REVISIONS@DF_STES_REVISIONS(4.0),Short-term economic statistics revisions,I,USA,United States,M,Monthly,PRVM,Production volume,IX,Index,BTE,Industry (except construction),202604,April 2026,2023-05,,99.96,,A,Normal value,0,Units,1,One,2015,
DATAFLOW,OECD.SDD.STES:DSD_STES_REVISIONS@DF_STES_REVISIONS(4.0),Short-term economic statistics revisions,I,USA,United States,M,Monthly,PRVM,Production volume,IX,Index,BTE,Industry (except construction),202604,April 2026,2023-04,,100.28,,A,Normal value,0,Units,1,One,2015,
DATAFLOW,OECD.SDD.STES:DSD_STES_REVISIONS@DF_STES_REVISIONS(4.0),Short-term economic statistics revisions,I,USA,United States,M,Monthly,PRVM,Production volume,IX,Index,BTE,Industry (except construction),202604,April 2026,2023-03,,100.05,,A,Normal value,0,Units,1,One,2015,
DATAFLOW,OECD.SDD.STES:DSD_STES_REVISIONS@DF_STES_REVISIONS(4.0),Short-term economic statistics revisions,I,USA,United States,M,Monthly,PRVM,Production volume,IX,Index,BTE,Industry (except construction),202604,April 2026,2023-02,,99.67,,A,Normal value,0,Units,1,One,2015,
DATAFLOW,OECD.SDD.STES:DSD_STES_REVISIONS@DF_STES_REVISIONS(4.0),Short-term economic statistics revisions,I,USA,United States,M,Monthly,PRVM,Production volume,IX,Index,BTE,Industry (except construction),202604,April 2026,2023-01,,99.54,,A,Normal value,0,Units,1,One,2015,
DATAFLOW,OECD.SDD.STES:DSD_STES_REVISIONS@DF_STES_REVISIONS(4.0),Short-term economic statistics revisions,I,USA,United States,M,Monthly,PRVM,Production volume,IX,Index,BTE,Industry (except construction),202604,April 2026,2022-12,,98.81,,A,Normal value,0,Units,1,One,2015,
DATAFLOW,OECD.SDD.STES:DSD_STES_REVISIONS@DF_STES_REVISIONS(4.0),Short-term economic statistics revisions,I,USA,United States,M,Monthly,PRVM,Production volume,IX,Index,BTE,Industry (except construction),202604,April 2026,2022-11,,99.98,,A,Normal value,0,Units,1,One,2015,
DATAFLOW,OECD.SDD.STES:DSD_STES_REVISIONS@DF_STES_REVISIONS(4.0),Short-term economic statistics revisions,I,USA,United States,M,Monthly,PRVM,Production volume,IX,Index,BTE,Industry (except construction),202604,April 2026,2022-10,,100.28,,A,Normal value,0,Units,1,One,2015,
DATAFLOW,OECD.SDD.STES:DSD_STES_REVISIONS@DF_STES_REVISIONS(4.0),Short-term economic statistics revisions,I,USA,United States,M,Monthly,PRVM,Production volume,IX,Index,BTE,Industry (except construction),202604,April 2026,2022-09,,100.32,,A,Normal value,0,Units,1,One,2015,
DATAFLOW,OECD.SDD.STES:DSD_STES_REVISIONS@DF_STES_REVISIONS(4.0),Short-term economic statistics revisions,I,USA,United States,M,Monthly,PRVM,Production volume,IX,Index,BTE,Industry (except construction),202604,April 2026,2022-08,,100.12,,A,Normal value,0,Units,1,One,2015,
DATAFLOW,OECD.SDD.STES:DSD_STES_REVISIONS@DF_STES_REVISIONS(4.0),Short-term economic statistics revisions,I,USA,United States,M,Monthly,PRVM,Production volume,IX,Index,BTE,Industry (except construction),202604,April 2026,2022-07,,100.25,,A,Normal value,0,Units,1,One,2015,
DATAFLOW,OECD.SDD.STES:DSD_STES_REVISIONS@DF_STES_REVISIONS(4.0),Short-term economic statistics revisions,I,USA,United States,M,Monthly,PRVM,Production volume,IX,Index,BTE,Industry (except construction),202604,April 2026,2022-06,,100.05,,A,Normal value,0,Units,1,One,2015,
DATAFLOW,OECD.SDD.STES:DSD_STES_REVISIONS@DF_STES_REVISIONS(4.0),Short-term economic statistics revisions,I,USA,United States,M,Monthly,PRVM,Production volume,IX,Index,BTE,Industry (except construction),202604,April 2026,2022-05,,100.36,,A,Normal value,0,Units,1,One,2015,
DATAFLOW,OECD.SDD.STES:DSD_STES_REVISIONS@DF_STES_REVISIONS(4.0),Short-term economic statistics revisions,I,USA,United States,M,Monthly,PRVM,Production volume,IX,Index,BTE,Industry (except construction),202604,April 2026,2022-04,,100.46,,A,Normal value,0,Units,1,One,2015,
DATAFLOW,OECD.SDD.STES:DSD_STES_REVISIONS@DF_STES_REVISIONS(4.0),Short-term economic statistics revisions,I,USA,United States,M,Monthly,PRVM,Production volume,IX,Index,BTE,Industry (except construction),202606,June 2026,2024-03,,99.49,,A,Normal value,0,Units,1,One,2015,
DATAFLOW,OECD.SDD.STES:DSD_STES_REVISIONS@DF_STES_REVISIONS(4.0),Short-term economic statistics revisions,I,USA,United States,M,Monthly,PRVM,Production volume,IX,Index,BTE,Industry (except construction),202604,April 2026,2022-03,,100.41,,A,Normal value,0,Units,1,One,2015,
DATAFLOW,OECD.SDD.STES:DSD_STES_REVISIONS@DF_STES_REVISIONS(4.0),Short-term economic statistics revisions,I,USA,United States,M,Monthly,PRVM,Production volume,IX,Index,BTE,Industry (except construction),202604,April 2026,2022-02,,99.84,,A,Normal value,0,Units,1,One,2015,
DATAFLOW,OECD.SDD.STES:DSD_STES_REVISIONS@DF_STES_REVISIONS(4.0),Short-term economic statistics revisions,I,USA,United States,M,Monthly,PRVM,Production volume,IX,Index,BTE,Industry (except construction),202604,April 2026,2022-01,,99.22,,A,Normal value,0,Units,1,One,2015,
DATAFLOW,OECD.SDD.STES:DSD_STES_REVISIONS@DF_STES_REVISIONS(4.0),Short-term economic statistics revisions,I,USA,United States,M,Monthly,PRVM,Production volume,IX,Index,BTE,Industry (except construction),202604,April 2026,2021-12,,99.6,,A,Normal value,0,Units,1,One,2015,
DATAFLOW,OECD.SDD.STES:DSD_STES_REVISIONS@DF_STES_REVISIONS(4.0),Short-term economic statistics revisions,I,USA,United States,M,Monthly,PRVM,Production volume,IX,Index,BTE,Industry (except construction),202604,April 2026,2021-11,,99.89,,A,Normal value,0,Units,1,One,2015,
DATAFLOW,OECD.SDD.STES:DSD_STES_REVISIONS@DF_STES_REVISIONS(4.0),Short-term economic statistics revisions,I,USA,United States,M,Monthly,PRVM,Production volume,IX,Index,BTE,Industry (except construction),202604,April 2026,2021-10,,99.22,,A,Normal value,0,Units,1,One,2015,
DATAFLOW,OECD.SDD.STES:DSD_STES_REVISIONS@DF_STES_REVISIONS(4.0),Short-term economic statistics revisions,I,USA,United States,M,Monthly,PRVM,Production volume,IX,Index,BTE,Industry (except construction),202604,April 2026,2021-09,,97.91,,A,Normal value,0,Units,1,One,2015,
DATAFLOW,OECD.SDD.STES:DSD_STES_REVISIONS@DF_STES_REVISIONS(4.0),Short-term economic statistics revisions,I,USA,United States,M,Monthly,PRVM,Production volume,IX,Index,BTE,Industry (except construction),202604,April 2026,2021-08,,99.08,,A,Normal value,0,Units,1,One,2015,
DATAFLOW,OECD.SDD.STES:DSD_STES_REVISIONS@DF_STES_REVISIONS(4.0),Short-term economic statistics revisions,I,USA,United States,M,Monthly,PRVM,Production volume,IX,Index,BTE,Industry (except construction),202604,April 2026,2021-07,,99.29,,A,Normal value,0,Units,1,One,2015,
DATAFLOW,OECD.SDD.STES:DSD_STES_REVISIONS@DF_STES_REVISIONS(4.0),Short-term economic statistics revisions,I,USA,United States,M,Monthly,PRVM,Production volume,IX,Index,BTE,Industry (except construction),202604,April 2026,2021-06,,98.84,,A,Normal value,0,Units,1,One,2015,
DATAFLOW,OECD.SDD.STES:DSD_STES_REVISIONS@DF_STES_REVISIONS(4.0),Short-term economic statistics revisions,I,USA,United States,M,Monthly,PRVM,Production volume,IX,Index,BTE,Industry (except construction),202604,April 2026,2021-05,,98.48,,A,Normal value,0,Units,1,One,2015,
DATAFLOW,OECD.SDD.STES:DSD_STES_REVISIONS@DF_STES_REVISIONS(4.0),Short-term economic statistics revisions,I,USA,United States,M,Monthly,PRVM,Production volume,IX,Index,BTE,Industry (except construction),202604,April 2026,2021-04,,97.61,,A,Normal value,0,Units,1,One,2015,
DATAFLOW,OECD.SDD.STES:DSD_STES_REVISIONS@DF_STES_REVISIONS(4.0),Short-term economic statistics revisions,I,USA,United States,M,Monthly,PRVM,Production volume,IX,Index,BTE,Industry (except construction),202604,April 2026,2021-03,,97.44,,A,Normal value,0,Units,1,One,2015,
DATAFLOW,OECD.SDD.STES:DSD_STES_REVISIONS@DF_STES_REVISIONS(4.0),Short-term economic statistics revisions,I,USA,United States,M,Monthly,PRVM,Production volume,IX,Index,BTE,Industry (except construction),202604,April 2026,2021-02,,94.69,,A,Normal value,0,Units,1,One,2015,
DATAFLOW,OECD.SDD.STES:DSD_STES_REVISIONS@DF_STES_REVISIONS(4.0),Short-term economic statistics revisions,I,USA,United States,M,Monthly,PRVM,Production volume,IX,Index,BTE,Industry (except construction),202604,April 2026,2021-01,,97.93,,A,Normal value,0,Units,1,One,2015,
DATAFLOW,OECD.SDD.STES:DSD_STES_REVISIONS@DF_STES_REVISIONS(4.0),Short-term economic statistics revisions,I,USA,United States,M,Monthly,PRVM,Production volume,IX,Index,BTE,Industry (except construction),202604,April 2026,2020-12,,97.42,,A,Normal value,0,Units,1,One,2015,
DATAFLOW,OECD.SDD.STES:DSD_STES_REVISIONS@DF_STES_REVISIONS(4.0),Short-term economic statistics revisions,I,USA,United States,M,Monthly,PRVM,Production volume,IX,Index,BTE,Industry (except construction),202604,April 2026,2020-11,,96.15,,A,Normal value,0,Units,1,One,2015,
DATAFLOW,OECD.SDD.STES:DSD_STES_REVISIONS@DF_STES_REVISIONS(4.0),Short-term economic statistics revisions,I,USA,United States,M,Monthly,PRVM,Production volume,IX,Index,BTE,Industry (except construction),202604,April 2026,2020-10,,95.81,,A,Normal value,0,Units,1,One,2015,
DATAFLOW,OECD.SDD.STES:DSD_STES_REVISIONS@DF_STES_REVISIONS(4.0),Short-term economic statistics revisions,I,USA,United States,M,Monthly,PRVM,Production volume,IX,Index,BTE,Industry (except construction),202604,April 2026,2020-09,,95.04,,A,Normal value,0,Units,1,One,2015,
DATAFLOW,OECD.SDD.STES:DSD_STES_REVISIONS@DF_STES_REVISIONS(4.0),Short-term economic statistics revisions,I,USA,United States,M,Monthly,PRVM,Production volume,IX,Index,BTE,Industry (except construction),202604,April 2026,2020-08,,95.03,,A,Normal value,0,Units,1,One,2015,
DATAFLOW,OECD.SDD.STES:DSD_STES_REVISIONS@DF_STES_REVISIONS(4.0),Short-term economic statistics revisions,I,USA,United States,M,Monthly,PRVM,Production volume,IX,Index,BTE,Industry (except construction),202604,April 2026,2020-07,,94.11,,A,Normal value,0,Units,1,One,2015,
DATAFLOW,OECD.SDD.STES:DSD_STES_REVISIONS@DF_STES_REVISIONS(4.0),Short-term economic statistics revisions,I,USA,United States,M,Monthly,PRVM,Production volume,IX,Index,BTE,Industry (except construction),202604,April 2026,2020-06,,90.71,,A,Normal value,0,Units,1,One,2015,
DATAFLOW,OECD.SDD.STES:DSD_STES_REVISIONS@DF_STES_REVISIONS(4.0),Short-term economic statistics revisions,I,USA,United States,M,Monthly,PRVM,Production volume,IX,Index,BTE,Industry (except construction),202604,April 2026,2020-05,,85.13,,A,Normal value,0,Units,1,One,2015,
DATAFLOW,OECD.SDD.STES:DSD_STES_REVISIONS@DF_STES_REVISIONS(4.0),Short-term economic statistics revisions,I,USA,United States,M,Monthly,PRVM,Production volume,IX,Index,BTE,Industry (except construction),202604,April 2026,2020-04,,83.75,,A,Normal value,0,Units,1,One,2015,
DATAFLOW,OECD.SDD.STES:DSD_STES_REVISIONS@DF_STES_REVISIONS(4.0),Short-term economic statistics revisions,I,USA,United States,M,Monthly,PRVM,Production volume,IX,Index,BTE,Industry (except construction),202604,April 2026,2020-03,,96.47,,A,Normal value,0,Units,1,One,2015,
DATAFLOW,OECD.SDD.STES:DSD_STES_REVISIONS@DF_STES_REVISIONS(4.0),Short-term economic statistics revisions,I,USA,United States,M,Monthly,PRVM,Production volume,IX,Index,BTE,Industry (except construction),202604,April 2026,2020-02,,100.4,,A,Normal value,0,Units,1,One,2015,
DATAFLOW,OECD.SDD.STES:DSD_STES_REVISIONS@DF_STES_REVISIONS(4.0),Short-term economic statistics revisions,I,USA,United States,M,Monthly,PRVM,Production volume,IX,Index,BTE,Industry (except construction),202604,April 2026,2020-01,,100.06,,A,Normal value,0,Units,1,One,2015,
DATAFLOW,OECD.SDD.STES:DSD_STES_REVISIONS@DF_STES_REVISIONS(4.0),Short-term economic statistics revisions,I,USA,United States,M,Monthly,PRVM,Production volume,IX,Index,BTE,Industry (except construction),202602,February 2026,2025-12,,101.34,,A,Normal value,0,Units,1,One,2015,
DATAFLOW,OECD.SDD.STES:DSD_STES_REVISIONS@DF_STES_REVISIONS(4.0),Short-term economic statistics revisions,I,USA,United States,M,Monthly,PRVM,Production volume,IX,Index,BTE,Industry (except construction),202602,February 2026,2025-11,,100.97,,A,Normal value,0,Units,1,One,2015,
DATAFLOW,OECD.SDD.STES:DSD_STES_REVISIONS@DF_STES_REVISIONS(4.0),Short-term economic statistics revisions,I,USA,United States,M,Monthly,PRVM,Production volume,IX,Index,BTE,Industry (except construction),202602,February 2026,2025-10,,100.54,,A,Normal value,0,Units,1,One,2015,
DATAFLOW,OECD.SDD.STES:DSD_STES_REVISIONS@DF_STES_REVISIONS(4.0),Short-term economic statistics revisions,I,USA,United States,M,Monthly,PRVM,Production volume,IX,Index,BTE,Industry (except construction),202602,February 2026,2025-09,,100.8,,A,Normal value,0,Units,1,One,2015,
DATAFLOW,OECD.SDD.STES:DSD_STES_REVISIONS@DF_STES_REVISIONS(4.0),Short-term economic statistics revisions,I,USA,United States,M,Monthly,PRVM,Production volume,IX,Index,BTE,Industry (except construction),202602,February 2026,2025-08,,100.61,,A,Normal value,0,Units,1,One,2015,
DATAFLOW,OECD.SDD.STES:DSD_STES_REVISIONS@DF_STES_REVISIONS(4.0),Short-term economic statistics revisions,I,USA,United States,M,Monthly,PRVM,Production volume,IX,Index,BTE,Industry (except construction),202602,February 2026,2025-07,,100.91,,A,Normal value,0,Units,1,One,2015,
DATAFLOW,OECD.SDD.STES:DSD_STES_REVISIONS@DF_STES_REVISIONS(4.0),Short-term economic statistics revisions,I,USA,United States,M,Monthly,PRVM,Production volume,IX,Index,BTE,Industry (except construction),202602,February 2026,2025-06,,100.5,,A,Normal value,0,Units,1,One,2015,
DATAFLOW,OECD.SDD.STES:DSD_STES_REVISIONS@DF_STES_REVISIONS(4.0),Short-term economic statistics revisions,I,USA,United States,M,Monthly,PRVM,Production volume,IX,Index,BTE,Industry (except construction),202602,February 2026,2025-05,,99.99,,A,Normal value,0,Units,1,One,2015,
DATAFLOW,OECD.SDD.STES:DSD_STES_REVISIONS@DF_STES_REVISIONS(4.0),Short-term economic statistics revisions,I,USA,United States,M,Monthly,PRVM,Production volume,IX,Index,BTE,Industry (except construction),202602,February 2026,2025-04,,100.15,,A,Normal value,0,Units,1,One,2015,
DATAFLOW,OECD.SDD.STES:DSD_STES_REVISIONS@DF_STES_REVISIONS(4.0),Short-term economic statistics revisions,I,USA,United States,M,Monthly,PRVM,Production volume,IX,Index,BTE,Industry (except construction),202602,February 2026,2025-03,,100.07,,A,Normal value,0,Units,1,One,2015,
DATAFLOW,OECD.SDD.STES:DSD_STES_REVISIONS@DF_STES_REVISIONS(4.0),Short-term economic statistics revisions,I,USA,United States,M,Monthly,PRVM,Production volume,IX,Index,BTE,Industry (except construction),202602,February 2026,2025-02,,100.13,,A,Normal value,0,Units,1,One,2015,
DATAFLOW,OECD.SDD.STES:DSD_STES_REVISIONS@DF_STES_REVISIONS(4.0),Short-term economic statistics revisions,I,USA,United States,M,Monthly,PRVM,Production volume,IX,Index,BTE,Industry (except construction),202602,February 2026,2025-01,,99.1,,A,Normal value,0,Units,1,One,2015,
DATAFLOW,OECD.SDD.STES:DSD_STES_REVISIONS@DF_STES_REVISIONS(4.0),Short-term economic statistics revisions,I,USA,United States,M,Monthly,PRVM,Production volume,IX,Index,BTE,Industry (except construction),202602,February 2026,2024-12,,99.36,,A,Normal value,0,Units,1,One,2015,
DATAFLOW,OECD.SDD.STES:DSD_STES_REVISIONS@DF_STES_REVISIONS(4.0),Short-term economic statistics revisions,I,USA,United States,M,Monthly,PRVM,Production volume,IX,Index,BTE,Industry (except construction),202602,February 2026,2024-11,,98.34,,A,Normal value,0,Units,1,One,2015,
DATAFLOW,OECD.SDD.STES:DSD_STES_REVISIONS@DF_STES_REVISIONS(4.0),Short-term economic statistics revisions,I,USA,United States,M,Monthly,PRVM,Production volume,IX,Index,BTE,Industry (except construction),202602,February 2026,2024-10,,98.51,,A,Normal value,0,Units,1,One,2015,
DATAFLOW,OECD.SDD.STES:DSD_STES_REVISIONS@DF_STES_REVISIONS(4.0),Short-term economic statistics revisions,I,USA,United States,M,Monthly,PRVM,Production volume,IX,Index,BTE,Industry (except construction),202602,February 2026,2024-09,,98.85,,A,Normal value,0,Units,1,One,2015,
DATAFLOW,OECD.SDD.STES:DSD_STES_REVISIONS@DF_STES_REVISIONS(4.0),Short-term economic statistics revisions,I,USA,United States,M,Monthly,PRVM,Production volume,IX,Index,BTE,Industry (except construction),202602,February 2026,2024-08,,99.46,,A,Normal value,0,Units,1,One,2015,
DATAFLOW,OECD.SDD.STES:DSD_STES_REVISIONS@DF_STES_REVISIONS(4.0),Short-term economic statistics revisions,I,USA,United States,M,Monthly,PRVM,Production volume,IX,Index,BTE,Industry (except construction),202602,February 2026,2024-07,,99.01,,A,Normal value,0,Units,1,One,2015,
DATAFLOW,OECD.SDD.STES:DSD_STES_REVISIONS@DF_STES_REVISIONS(4.0),Short-term economic statistics revisions,I,USA,United States,M,Monthly,PRVM,Production volume,IX,Index,BTE,Industry (except construction),202602,February 2026,2024-06,,99.92,,A,Normal value,0,Units,1,One,2015,
DATAFLOW,OECD.SDD.STES:DSD_STES_REVISIONS@DF_STES_REVISIONS(4.0),Short-term economic statistics revisions,I,USA,United States,M,Monthly,PRVM,Production volume,IX,Index,BTE,Industry (except construction),202602,February 2026,2024-05,,99.89,,A,Normal value,0,Units,1,One,2015,
DATAFLOW,OECD.SDD.STES:DSD_STES_REVISIONS@DF_STES_REVISIONS(4.0),Short-term economic statistics revisions,I,USA,United States,M,Monthly,PRVM,Production volume,IX,Index,BTE,Industry (except construction),202602,February 2026,2024-04,,99.28,,A,Normal value,0,Units,1,One,2015,
DATAFLOW,OECD.SDD.STES:DSD_STES_REVISIONS@DF_STES_REVISIONS(4.0),Short-term economic statistics revisions,I,USA,United States,M,Monthly,PRVM,Production volume,IX,Index,BTE,Industry (except construction),202602,February 2026,2024-03,,99.49,,A,Normal value,0,Units,1,One,2015,
DATAFLOW,OECD.SDD.STES:DSD_STES_REVISIONS@DF_STES_REVISIONS(4.0),Short-term economic statistics revisions,I,USA,United States,M,Monthly,PRVM,Production volume,IX,Index,BTE,Industry (except construction),202602,February 2026,2024-02,,99.32,,A,Normal value,0,Units,1,One,2015,
DATAFLOW,OECD.SDD.STES:DSD_STES_REVISIONS@DF_STES_REVISIONS(4.0),Short-term economic statistics revisions,I,USA,United States,M,Monthly,PRVM,Production volume,IX,Index,BTE,Industry (except construction),202602,February 2026,2024-01,,98.27,,A,Normal value,0,Units,1,One,2015,
DATAFLOW,OECD.SDD.STES:DSD_STES_REVISIONS@DF_STES_REVISIONS(4.0),Short-term economic statistics revisions,I,USA,United States,M,Monthly,PRVM,Production volume,IX,Index,BTE,Industry (except construction),202602,February 2026,2023-12,,99.63,,A,Normal value,0,Units,1,One,2015,
DATAFLOW,OECD.SDD.STES:DSD_STES_REVISIONS@DF_STES_REVISIONS(4.0),Short-term economic statistics revisions,I,USA,United States,M,Monthly,PRVM,Production volume,IX,Index,BTE,Industry (except construction),202602,February 2026,2023-11,,99.89,,A,Normal value,0,Units,1,One,2015,
DATAFLOW,OECD.SDD.STES:DSD_STES_REVISIONS@DF_STES_REVISIONS(4.0),Short-term economic statistics revisions,I,USA,United States,M,Monthly,PRVM,Production volume,IX,Index,BTE,Industry (except construction),202602,February 2026,2023-10,,99.5,,A,Normal value,0,Units,1,One,2015,
DATAFLOW,OECD.SDD.STES:DSD_STES_REVISIONS@DF_STES_REVISIONS(4.0),Short-term economic statistics revisions,I,USA,United States,M,Monthly,PRVM,Production volume,IX,Index,BTE,Industry (except construction),202602,February 2026,2023-09,,100.05,,A,Normal value,0,Units,1,One,2015,
DATAFLOW,OECD.SDD.STES:DSD_STES_REVISIONS@DF_STES_REVISIONS(4.0),Short-term economic statistics revisions,I,USA,United States,M,Monthly,PRVM,Production volume,IX,Index,BTE,Industry (except construction),202602,February 2026,2023-08,,99.87,,A,Normal value,0,Units,1,One,2015,
DATAFLOW,OECD.SDD.STES:DSD_STES_REVISIONS@DF_STES_REVISIONS(4.0),Short-term economic statistics revisions,I,USA,United States,M,Monthly,PRVM,Production volume,IX,Index,BTE,Industry (except construction),202602,February 2026,2023-07,,99.94,,A,Normal value,0,Units,1,One,2015,
DATAFLOW,OECD.SDD.STES:DSD_STES_REVISIONS@DF_STES_REVISIONS(4.0),Short-term economic statistics revisions,I,USA,United States,M,Monthly,PRVM,Production volume,IX,Index,BTE,Industry (except construction),202602,February 2026,2023-06,,99.16,,A,Normal value,0,Units,1,One,2015,
DATAFLOW,OECD.SDD.STES:DSD_STES_REVISIONS@DF_STES_REVISIONS(4.0),Short-term economic statistics revisions,I,USA,United States,M,Monthly,PRVM,Production volume,IX,Index,BTE,Industry (except construction),202602,February 2026,2023-05,,99.96,,A,Normal value,0,Units,1,One,2015,
DATAFLOW,OECD.SDD.STES:DSD_STES_REVISIONS@DF_STES_REVISIONS(4.0),Short-term economic statistics revisions,I,USA,United States,M,Monthly,PRVM,Production volume,IX,Index,BTE,Industry (except construction),202602,February 2026,2023-04,,100.28,,A,Normal value,0,Units,1,One,2015,
DATAFLOW,OECD.SDD.STES:DSD_STES_REVISIONS@DF_STES_REVISIONS(4.0),Short-term economic statistics revisions,I,USA,United States,M,Monthly,PRVM,Production volume,IX,Index,BTE,Industry (except construction),202602,February 2026,2023-03,,100.05,,A,Normal value,0,Units,1,One,2015,
DATAFLOW,OECD.SDD.STES:DSD_STES_REVISIONS@DF_STES_REVISIONS(4.0),Short-term economic statistics revisions,I,USA,United States,M,Monthly,PRVM,Production volume,IX,Index,BTE,Industry (except construction),202602,February 2026,2023-02,,99.67,,A,Normal value,0,Units,1,One,2015,
DATAFLOW,OECD.SDD.STES:DSD_STES_REVISIONS@DF_STES_REVISIONS(4.0),Short-term economic statistics revisions,I,USA,United States,M,Monthly,PRVM,Production volume,IX,Index,BTE,Industry (except construction),202602,February 2026,2023-01,,99.54,,A,Normal value,0,Units,1,One,2015,
DATAFLOW,OECD.SDD.STES:DSD_STES_REVISIONS@DF_STES_REVISIONS(4.0),Short-term economic statistics revisions,I,USA,United States,M,Monthly,PRVM,Production volume,IX,Index,BTE,Industry (except construction),202602,February 2026,2022-12,,98.81,,A,Normal value,0,Units,1,One,2015,
DATAFLOW,OECD.SDD.STES:DSD_STES_REVISIONS@DF_STES_REVISIONS(4.0),Short-term economic statistics revisions,I,USA,United States,M,Monthly,PRVM,Production volume,IX,Index,BTE,Industry (except construction),202602,February 2026,2022-11,,99.98,,A,Normal value,0,Units,1,One,2015,
DATAFLOW,OECD.SDD.STES:DSD_STES_REVISIONS@DF_STES_REVISIONS(4.0),Short-term economic statistics revisions,I,USA,United States,M,Monthly,PRVM,Production volume,IX,Index,BTE,Industry (except construction),202602,February 2026,2022-10,,100.28,,A,Normal value,0,Units,1,One,2015,
DATAFLOW,OECD.SDD.STES:DSD_STES_REVISIONS@DF_STES_REVISIONS(4.0),Short-term economic statistics revisions,I,USA,United States,M,Monthly,PRVM,Production volume,IX,Index,BTE,Industry (except construction),202602,February 2026,2022-09,,100.32,,A,Normal value,0,Units,1,One,2015,
DATAFLOW,OECD.SDD.STES:DSD_STES_REVISIONS@DF_STES_REVISIONS(4.0),Short-term economic statistics revisions,I,USA,United States,M,Monthly,PRVM,Production volume,IX,Index,BTE,Industry (except construction),202602,February 2026,2022-08,,100.12,,A,Normal value,0,Units,1,One,2015,
DATAFLOW,OECD.SDD.STES:DSD_STES_REVISIONS@DF_STES_REVISIONS(4.0),Short-term economic statistics revisions,I,USA,United States,M,Monthly,PRVM,Production volume,IX,Index,BTE,Industry (except construction),202602,February 2026,2022-07,,100.25,,A,Normal value,0,Units,1,One,2015,
DATAFLOW,OECD.SDD.STES:DSD_STES_REVISIONS@DF_STES_REVISIONS(4.0),Short-term economic statistics revisions,I,USA,United States,M,Monthly,PRVM,Production volume,IX,Index,BTE,Industry (except construction),202602,February 2026,2022-06,,100.05,,A,Normal value,0,Units,1,One,2015,
DATAFLOW,OECD.SDD.STES:DSD_STES_REVISIONS@DF_STES_REVISIONS(4.0),Short-term economic statistics revisions,I,USA,United States,M,Monthly,PRVM,Production volume,IX,Index,BTE,Industry (except construction),202602,February 2026,2022-05,,100.36,,A,Normal value,0,Units,1,One,2015,
DATAFLOW,OECD.SDD.STES:DSD_STES_REVISIONS@DF_STES_REVISIONS(4.0),Short-term economic statistics revisions,I,USA,United States,M,Monthly,PRVM,Production volume,IX,Index,BTE,Industry (except construction),202602,February 2026,2022-04,,100.46,,A,Normal value,0,Units,1,One,2015,
DATAFLOW,OECD.SDD.STES:DSD_STES_REVISIONS@DF_STES_REVISIONS(4.0),Short-term economic statistics revisions,I,USA,United States,M,Monthly,PRVM,Production volume,IX,Index,BTE,Industry (except construction),202602,February 2026,2022-03,,100.41,,A,Normal value,0,Units,1,One,2015,
DATAFLOW,OECD.SDD.STES:DSD_STES_REVISIONS@DF_STES_REVISIONS(4.0),Short-term economic statistics revisions,I,USA,United States,M,Monthly,PRVM,Production volume,IX,Index,BTE,Industry (except construction),202602,February 2026,2022-02,,99.84,,A,Normal value,0,Units,1,One,2015,
DATAFLOW,OECD.SDD.STES:DSD_STES_REVISIONS@DF_STES_REVISIONS(4.0),Short-term economic statistics revisions,I,USA,United States,M,Monthly,PRVM,Production volume,IX,Index,BTE,Industry (except construction),202602,February 2026,2022-01,,99.22,,A,Normal value,0,Units,1,One,2015,
DATAFLOW,OECD.SDD.STES:DSD_STES_REVISIONS@DF_STES_REVISIONS(4.0),Short-term economic statistics revisions,I,USA,United States,M,Monthly,PRVM,Production volume,IX,Index,BTE,Industry (except construction),202602,February 2026,2021-12,,99.6,,A,Normal value,0,Units,1,One,2015,
DATAFLOW,OECD.SDD.STES:DSD_STES_REVISIONS@DF_STES_REVISIONS(4.0),Short-term economic statistics revisions,I,USA,United States,M,Monthly,PRVM,Production volume,IX,Index,BTE,Industry (except construction),202602,February 2026,2021-11,,99.89,,A,Normal value,0,Units,1,One,2015,
DATAFLOW,OECD.SDD.STES:DSD_STES_REVISIONS@DF_STES_REVISIONS(4.0),Short-term economic statistics revisions,I,USA,United States,M,Monthly,PRVM,Production volume,IX,Index,BTE,Industry (except construction),202602,February 2026,2021-10,,99.22,,A,Normal value,0,Units,1,One,2015,
DATAFLOW,OECD.SDD.STES:DSD_STES_REVISIONS@DF_STES_REVISIONS(4.0),Short-term economic statistics revisions,I,USA,United States,M,Monthly,PRVM,Production volume,IX,Index,BTE,Industry (except construction),202602,February 2026,2021-09,,97.91,,A,Normal value,0,Units,1,One,2015,
DATAFLOW,OECD.SDD.STES:DSD_STES_REVISIONS@DF_STES_REVISIONS(4.0),Short-term economic statistics revisions,I,USA,United States,M,Monthly,PRVM,Production volume,IX,Index,BTE,Industry (except construction),202602,February 2026,2021-08,,99.08,,A,Normal value,0,Units,1,One,2015,
DATAFLOW,OECD.SDD.STES:DSD_STES_REVISIONS@DF_STES_REVISIONS(4.0),Short-term economic statistics revisions,I,USA,United States,M,Monthly,PRVM,Production volume,IX,Index,BTE,Industry (except construction),202602,February 2026,2021-07,,99.29,,A,Normal value,0,Units,1,One,2015,
DATAFLOW,OECD.SDD.STES:DSD_STES_REVISIONS@DF_STES_REVISIONS(4.0),Short-term economic statistics revisions,I,USA,United States,M,Monthly,PRVM,Production volume,IX,Index,BTE,Industry (except construction),202602,February 2026,2021-06,,98.84,,A,Normal value,0,Units,1,One,2015,
DATAFLOW,OECD.SDD.STES:DSD_STES_REVISIONS@DF_STES_REVISIONS(4.0),Short-term economic statistics revisions,I,USA,United States,M,Monthly,PRVM,Production volume,IX,Index,BTE,Industry (except construction),202602,February 2026,2021-05,,98.48,,A,Normal value,0,Units,1,One,2015,
DATAFLOW,OECD.SDD.STES:DSD_STES_REVISIONS@DF_STES_REVISIONS(4.0),Short-term economic statistics revisions,I,USA,United States,M,Monthly,PRVM,Production volume,IX,Index,BTE,Industry (except construction),202602,February 2026,2021-04,,97.61,,A,Normal value,0,Units,1,One,2015,
DATAFLOW,OECD.SDD.STES:DSD_STES_REVISIONS@DF_STES_REVISIONS(4.0),Short-term economic statistics revisions,I,USA,United States,M,Monthly,PRVM,Production volume,IX,Index,BTE,Industry (except construction),202602,February 2026,2021-03,,97.44,,A,Normal value,0,Units,1,One,2015,
DATAFLOW,OECD.SDD.STES:DSD_STES_REVISIONS@DF_STES_REVISIONS(4.0),Short-term economic statistics revisions,I,USA,United States,M,Monthly,PRVM,Production volume,IX,Index,BTE,Industry (except construction),202602,February 2026,2021-02,,94.69,,A,Normal value,0,Units,1,One,2015,
DATAFLOW,OECD.SDD.STES:DSD_STES_REVISIONS@DF_STES_REVISIONS(4.0),Short-term economic statistics revisions,I,USA,United States,M,Monthly,PRVM,Production volume,IX,Index,BTE,Industry (except construction),202602,February 2026,2021-01,,97.93,,A,Normal value,0,Units,1,One,2015,
DATAFLOW,OECD.SDD.STES:DSD_STES_REVISIONS@DF_STES_REVISIONS(4.0),Short-term economic statistics revisions,I,USA,United States,M,Monthly,PRVM,Production volume,IX,Index,BTE,Industry (except construction),202602,February 2026,2020-12,,97.42,,A,Normal value,0,Units,1,One,2015,
DATAFLOW,OECD.SDD.STES:DSD_STES_REVISIONS@DF_STES_REVISIONS(4.0),Short-term economic statistics revisions,I,USA,United States,M,Monthly,PRVM,Production volume,IX,Index,BTE,Industry (except construction),202602,February 2026,2020-11,,96.15,,A,Normal value,0,Units,1,One,2015,
DATAFLOW,OECD.SDD.STES:DSD_STES_REVISIONS@DF_STES_REVISIONS(4.0),Short-term economic statistics revisions,I,USA,United States,M,Monthly,PRVM,Production volume,IX,Index,BTE,Industry (except construction),202602,February 2026,2020-10,,95.81,,A,Normal value,0,Units,1,One,2015,
DATAFLOW,OECD.SDD.STES:DSD_STES_REVISIONS@DF_STES_REVISIONS(4.0),Short-term economic statistics revisions,I,USA,United States,M,Monthly,PRVM,Production volume,IX,Index,BTE,Industry (except construction),202602,February 2026,2020-09,,95.04,,A,Normal value,0,Units,1,One,2015,
DATAFLOW,OECD.SDD.STES:DSD_STES_REVISIONS@DF_STES_REVISIONS(4.0),Short-term economic statistics revisions,I,USA,United States,M,Monthly,PRVM,Production volume,IX,Index,BTE,Industry (except construction),202602,February 2026,2020-08,,95.03,,A,Normal value,0,Units,1,One,2015,
DATAFLOW,OECD.SDD.STES:DSD_STES_REVISIONS@DF_STES_REVISIONS(4.0),Short-term economic statistics revisions,I,USA,United States,M,Monthly,PRVM,Production volume,IX,Index,BTE,Industry (except construction),202602,February 2026,2020-07,,94.11,,A,Normal value,0,Units,1,One,2015,
DATAFLOW,OECD.SDD.STES:DSD_STES_REVISIONS@DF_STES_REVISIONS(4.0),Short-term economic statistics revisions,I,USA,United States,M,Monthly,PRVM,Production volume,IX,Index,BTE,Industry (except construction),202602,February 2026,2020-06,,90.71,,A,Normal value,0,Units,1,One,2015,
DATAFLOW,OECD.SDD.STES:DSD_STES_REVISIONS@DF_STES_REVISIONS(4.0),Short-term economic statistics revisions,I,USA,United States,M,Monthly,PRVM,Production volume,IX,Index,BTE,Industry (except construction),202602,February 2026,2020-05,,85.13,,A,Normal value,0,Units,1,One,2015,
DATAFLOW,OECD.SDD.STES:DSD_STES_REVISIONS@DF_STES_REVISIONS(4.0),Short-term economic statistics revisions,I,USA,United States,M,Monthly,PRVM,Production volume,IX,Index,BTE,Industry (except construction),202602,February 2026,2020-04,,83.75,,A,Normal value,0,Units,1,One,2015,
DATAFLOW,OECD.SDD.STES:DSD_STES_REVISIONS@DF_STES_REVISIONS(4.0),Short-term economic statistics revisions,I,USA,United States,M,Monthly,PRVM,Production volume,IX,Index,BTE,Industry (except construction),202602,February 2026,2020-03,,96.47,,A,Normal value,0,Units,1,One,2015,
DATAFLOW,OECD.SDD.STES:DSD_STES_REVISIONS@DF_STES_REVISIONS(4.0),Short-term economic statistics revisions,I,USA,United States,M,Monthly,PRVM,Production volume,IX,Index,BTE,Industry (except construction),202602,February 2026,2020-02,,100.4,,A,Normal value,0,Units,1,One,2015,
DATAFLOW,OECD.SDD.STES:DSD_STES_REVISIONS@DF_STES_REVISIONS(4.0),Short-term economic statistics revisions,I,USA,United States,M,Monthly,PRVM,Production volume,IX,Index,BTE,Industry (except construction),202602,February 2026,2020-01,,100.06,,A,Normal value,0,Units,1,One,2015,
DATAFLOW,OECD.SDD.STES:DSD_STES_REVISIONS@DF_STES_REVISIONS(4.0),Short-term economic statistics revisions,I,USA,United States,M,Monthly,PRVM,Production volume,IX,Index,BTE,Industry (except construction),202603,March 2026,2026-01,,101.36,,A,Normal value,0,Units,1,One,2015,
DATAFLOW,OECD.SDD.STES:DSD_STES_REVISIONS@DF_STES_REVISIONS(4.0),Short-term economic statistics revisions,I,USA,United States,M,Monthly,PRVM,Production volume,IX,Index,BTE,Industry (except construction),202603,March 2026,2025-12,,100.65,,A,Normal value,0,Units,1,One,2015,
DATAFLOW,OECD.SDD.STES:DSD_STES_REVISIONS@DF_STES_REVISIONS(4.0),Short-term economic statistics revisions,I,USA,United States,M,Monthly,PRVM,Production volume,IX,Index,BTE,Industry (except construction),202603,March 2026,2025-11,,100.4,,A,Normal value,0,Units,1,One,2015,
DATAFLOW,OECD.SDD.STES:DSD_STES_REVISIONS@DF_STES_REVISIONS(4.0),Short-term economic statistics revisions,I,USA,United States,M,Monthly,PRVM,Production volume,IX,Index,BTE,Industry (except construction),202603,March 2026,2025-10,,100.28,,A,Normal value,0,Units,1,One,2015,
DATAFLOW,OECD.SDD.STES:DSD_STES_REVISIONS@DF_STES_REVISIONS(4.0),Short-term economic statistics revisions,I,USA,United States,M,Monthly,PRVM,Production volume,IX,Index,BTE,Industry (except construction),202603,March 2026,2025-09,,100.73,,A,Normal value,0,Units,1,One,2015,
DATAFLOW,OECD.SDD.STES:DSD_STES_REVISIONS@DF_STES_REVISIONS(4.0),Short-term economic statistics revisions,I,USA,United States,M,Monthly,PRVM,Production volume,IX,Index,BTE,Industry (except construction),202603,March 2026,2025-08,,100.65,,A,Normal value,0,Units,1,One,2015,
DATAFLOW,OECD.SDD.STES:DSD_STES_REVISIONS@DF_STES_REVISIONS(4.0),Short-term economic statistics revisions,I,USA,United States,M,Monthly,PRVM,Production volume,IX,Index,BTE,Industry (except construction),202603,March 2026,2025-07,,100.91,,A,Normal value,0,Units,1,One,2015,
DATAFLOW,OECD.SDD.STES:DSD_STES_REVISIONS@DF_STES_REVISIONS(4.0),Short-term economic statistics revisions,I,USA,United States,M,Monthly,PRVM,Production volume,IX,Index,BTE,Industry (except construction),202603,March 2026,2025-06,,100.5,,A,Normal value,0,Units,1,One,2015,
DATAFLOW,OECD.SDD.STES:DSD_STES_REVISIONS@DF_STES_REVISIONS(4.0),Short-term economic statistics revisions,I,USA,United States,M,Monthly,PRVM,Production volume,IX,Index,BTE,Industry (except construction),202603,March 2026,2025-05,,99.99,,A,Normal value,0,Units,1,One,2015,
DATAFLOW,OECD.SDD.STES:DSD_STES_REVISIONS@DF_STES_REVISIONS(4.0),Short-term economic statistics revisions,I,USA,United States,M,Monthly,PRVM,Production volume,IX,Index,BTE,Industry (except construction),202603,March 2026,2025-04,,100.15,,A,Normal value,0,Units,1,One,2015,
DATAFLOW,OECD.SDD.STES:DSD_STES_REVISIONS@DF_STES_REVISIONS(4.0),Short-term economic statistics revisions,I,USA,United States,M,Monthly,PRVM,Production volume,IX,Index,BTE,Industry (except construction),202603,March 2026,2025-03,,100.07,,A,Normal value,0,Units,1,One,2015,
DATAFLOW,OECD.SDD.STES:DSD_STES_REVISIONS@DF_STES_REVISIONS(4.0),Short-term economic statistics revisions,I,USA,United States,M,Monthly,PRVM,Production volume,IX,Index,BTE,Industry (except construction),202603,March 2026,2025-02,,100.13,,A,Normal value,0,Units,1,One,2015,
DATAFLOW,OECD.SDD.STES:DSD_STES_REVISIONS@DF_STES_REVISIONS(4.0),Short-term economic statistics revisions,I,USA,United States,M,Monthly,PRVM,Production volume,IX,Index,BTE,Industry (except construction),202603,March 2026,2025-01,,99.1,,A,Normal value,0,Units,1,One,2015,
DATAFLOW,OECD.SDD.STES:DSD_STES_REVISIONS@DF_STES_REVISIONS(4.0),Short-term economic statistics revisions,I,USA,United States,M,Monthly,PRVM,Production volume,IX,Index,BTE,Industry (except construction),202603,March 2026,2024-12,,99.36,,A,Normal value,0,Units,1,One,2015,
DATAFLOW,OECD.SDD.STES:DSD_STES_REVISIONS@DF_STES_REVISIONS(4.0),Short-term economic statistics revisions,I,USA,United States,M,Monthly,PRVM,Production volume,IX,Index,BTE,Industry (except construction),202603,March 2026,2024-11,,98.34,,A,Normal value,0,Units,1,One,2015,
DATAFLOW,OECD.SDD.STES:DSD_STES_REVISIONS@DF_STES_REVISIONS(4.0),Short-term economic statistics revisions,I,USA,United States,M,Monthly,PRVM,Production volume,IX,Index,BTE,Industry (except construction),202603,March 2026,2024-10,,98.51,,A,Normal value,0,Units,1,One,2015,
DATAFLOW,OECD.SDD.STES:DSD_STES_REVISIONS@DF_STES_REVISIONS(4.0),Short-term economic statistics revisions,I,USA,United States,M,Monthly,PRVM,Production volume,IX,Index,BTE,Industry (except construction),202603,March 2026,2024-09,,98.85,,A,Normal value,0,Units,1,One,2015,
DATAFLOW,OECD.SDD.STES:DSD_STES_REVISIONS@DF_STES_REVISIONS(4.0),Short-term economic statistics revisions,I,USA,United States,M,Monthly,PRVM,Production volume,IX,Index,BTE,Industry (except construction),202603,March 2026,2024-08,,99.46,,A,Normal value,0,Units,1,One,2015,
DATAFLOW,OECD.SDD.STES:DSD_STES_REVISIONS@DF_STES_REVISIONS(4.0),Short-term economic statistics revisions,I,USA,United States,M,Monthly,PRVM,Production volume,IX,Index,BTE,Industry (except construction),202603,March 2026,2024-07,,99.01,,A,Normal value,0,Units,1,One,2015,
DATAFLOW,OECD.SDD.STES:DSD_STES_REVISIONS@DF_STES_REVISIONS(4.0),Short-term economic statistics revisions,I,USA,United States,M,Monthly,PRVM,Production volume,IX,Index,BTE,Industry (except construction),202603,March 2026,2024-06,,99.92,,A,Normal value,0,Units,1,One,2015,
DATAFLOW,OECD.SDD.STES:DSD_STES_REVISIONS@DF_STES_REVISIONS(4.0),Short-term economic statistics revisions,I,USA,United States,M,Monthly,PRVM,Production volume,IX,Index,BTE,Industry (except construction),202603,March 2026,2024-05,,99.89,,A,Normal value,0,Units,1,One,2015,
DATAFLOW,OECD.SDD.STES:DSD_STES_REVISIONS@DF_STES_REVISIONS(4.0),Short-term economic statistics revisions,I,USA,United States,M,Monthly,PRVM,Production volume,IX,Index,BTE,Industry (except construction),202603,March 2026,2024-04,,99.28,,A,Normal value,0,Units,1,One,2015,
DATAFLOW,OECD.SDD.STES:DSD_STES_REVISIONS@DF_STES_REVISIONS(4.0),Short-term economic statistics revisions,I,USA,United States,M,Monthly,PRVM,Production volume,IX,Index,BTE,Industry (except construction),202603,March 2026,2024-03,,99.49,,A,Normal value,0,Units,1,One,2015,
DATAFLOW,OECD.SDD.STES:DSD_STES_REVISIONS@DF_STES_REVISIONS(4.0),Short-term economic statistics revisions,I,USA,United States,M,Monthly,PRVM,Production volume,IX,Index,BTE,Industry (except construction),202603,March 2026,2024-02,,99.32,,A,Normal value,0,Units,1,One,2015,
DATAFLOW,OECD.SDD.STES:DSD_STES_REVISIONS@DF_STES_REVISIONS(4.0),Short-term economic statistics revisions,I,USA,United States,M,Monthly,PRVM,Production volume,IX,Index,BTE,Industry (except construction),202603,March 2026,2024-01,,98.27,,A,Normal value,0,Units,1,One,2015,
DATAFLOW,OECD.SDD.STES:DSD_STES_REVISIONS@DF_STES_REVISIONS(4.0),Short-term economic statistics revisions,I,USA,United States,M,Monthly,PRVM,Production volume,IX,Index,BTE,Industry (except construction),202603,March 2026,2023-12,,99.63,,A,Normal value,0,Units,1,One,2015,
DATAFLOW,OECD.SDD.STES:DSD_STES_REVISIONS@DF_STES_REVISIONS(4.0),Short-term economic statistics revisions,I,USA,United States,M,Monthly,PRVM,Production volume,IX,Index,BTE,Industry (except construction),202603,March 2026,2023-11,,99.89,,A,Normal value,0,Units,1,One,2015,
DATAFLOW,OECD.SDD.STES:DSD_STES_REVISIONS@DF_STES_REVISIONS(4.0),Short-term economic statistics revisions,I,USA,United States,M,Monthly,PRVM,Production volume,IX,Index,BTE,Industry (except construction),202603,March 2026,2023-10,,99.5,,A,Normal value,0,Units,1,One,2015,
DATAFLOW,OECD.SDD.STES:DSD_STES_REVISIONS@DF_STES_REVISIONS(4.0),Short-term economic statistics revisions,I,USA,United States,M,Monthly,PRVM,Production volume,IX,Index,BTE,Industry (except construction),202603,March 2026,2023-09,,100.05,,A,Normal value,0,Units,1,One,2015,
DATAFLOW,OECD.SDD.STES:DSD_STES_REVISIONS@DF_STES_REVISIONS(4.0),Short-term economic statistics revisions,I,USA,United States,M,Monthly,PRVM,Production volume,IX,Index,BTE,Industry (except construction),202603,March 2026,2023-08,,99.87,,A,Normal value,0,Units,1,One,2015,
DATAFLOW,OECD.SDD.STES:DSD_STES_REVISIONS@DF_STES_REVISIONS(4.0),Short-term economic statistics revisions,I,USA,United States,M,Monthly,PRVM,Production volume,IX,Index,BTE,Industry (except construction),202603,March 2026,2023-07,,99.94,,A,Normal value,0,Units,1,One,2015,
DATAFLOW,OECD.SDD.STES:DSD_STES_REVISIONS@DF_STES_REVISIONS(4.0),Short-term economic statistics revisions,I,USA,United States,M,Monthly,PRVM,Production volume,IX,Index,BTE,Industry (except construction),202603,March 2026,2023-06,,99.16,,A,Normal value,0,Units,1,One,2015,
DATAFLOW,OECD.SDD.STES:DSD_STES_REVISIONS@DF_STES_REVISIONS(4.0),Short-term economic statistics revisions,I,USA,United States,M,Monthly,PRVM,Production volume,IX,Index,BTE,Industry (except construction),202606,June 2026,2023-10,,99.5,,A,Normal value,0,Units,1,One,2015,
DATAFLOW,OECD.SDD.STES:DSD_STES_REVISIONS@DF_STES_REVISIONS(4.0),Short-term economic statistics revisions,I,USA,United States,M,Monthly,PRVM,Production volume,IX,Index,BTE,Industry (except construction),202606,June 2026,2023-09,,100.05,,A,Normal value,0,Units,1,One,2015,
DATAFLOW,OECD.SDD.STES:DSD_STES_REVISIONS@DF_STES_REVISIONS(4.0),Short-term economic statistics revisions,I,USA,United States,M,Monthly,PRVM,Production volume,IX,Index,BTE,Industry (except construction),202606,June 2026,2023-08,,99.87,,A,Normal value,0,Units,1,One,2015,
DATAFLOW,OECD.SDD.STES:DSD_STES_REVISIONS@DF_STES_REVISIONS(4.0),Short-term economic statistics revisions,I,USA,United States,M,Monthly,PRVM,Production volume,IX,Index,BTE,Industry (except construction),202606,June 2026,2023-07,,99.94,,A,Normal value,0,Units,1,One,2015,
DATAFLOW,OECD.SDD.STES:DSD_STES_REVISIONS@DF_STES_REVISIONS(4.0),Short-term economic statistics revisions,I,USA,United States,M,Monthly,PRVM,Production volume,IX,Index,BTE,Industry (except construction),202606,June 2026,2023-06,,99.16,,A,Normal value,0,Units,1,One,2015,
DATAFLOW,OECD.SDD.STES:DSD_STES_REVISIONS@DF_STES_REVISIONS(4.0),Short-term economic statistics revisions,I,USA,United States,M,Monthly,PRVM,Production volume,IX,Index,BTE,Industry (except construction),202606,June 2026,2023-05,,99.96,,A,Normal value,0,Units,1,One,2015,
DATAFLOW,OECD.SDD.STES:DSD_STES_REVISIONS@DF_STES_REVISIONS(4.0),Short-term economic statistics revisions,I,USA,United States,M,Monthly,PRVM,Production volume,IX,Index,BTE,Industry (except construction),202606,June 2026,2023-04,,100.28,,A,Normal value,0,Units,1,One,2015,
DATAFLOW,OECD.SDD.STES:DSD_STES_REVISIONS@DF_STES_REVISIONS(4.0),Short-term economic statistics revisions,I,USA,United States,M,Monthly,PRVM,Production volume,IX,Index,BTE,Industry (except construction),202606,June 2026,2023-03,,100.05,,A,Normal value,0,Units,1,One,2015,
DATAFLOW,OECD.SDD.STES:DSD_STES_REVISIONS@DF_STES_REVISIONS(4.0),Short-term economic statistics revisions,I,USA,United States,M,Monthly,PRVM,Production volume,IX,Index,BTE,Industry (except construction),202606,June 2026,2023-02,,99.67,,A,Normal value,0,Units,1,One,2015,
DATAFLOW,OECD.SDD.STES:DSD_STES_REVISIONS@DF_STES_REVISIONS(4.0),Short-term economic statistics revisions,I,USA,United States,M,Monthly,PRVM,Production volume,IX,Index,BTE,Industry (except construction),202606,June 2026,2023-01,,99.54,,A,Normal value,0,Units,1,One,2015,
DATAFLOW,OECD.SDD.STES:DSD_STES_REVISIONS@DF_STES_REVISIONS(4.0),Short-term economic statistics revisions,I,USA,United States,M,Monthly,PRVM,Production volume,IX,Index,BTE,Industry (except construction),202606,June 2026,2022-12,,98.81,,A,Normal value,0,Units,1,One,2015,
DATAFLOW,OECD.SDD.STES:DSD_STES_REVISIONS@DF_STES_REVISIONS(4.0),Short-term economic statistics revisions,I,USA,United States,M,Monthly,PRVM,Production volume,IX,Index,BTE,Industry (except construction),202606,June 2026,2022-11,,99.98,,A,Normal value,0,Units,1,One,2015,
DATAFLOW,OECD.SDD.STES:DSD_STES_REVISIONS@DF_STES_REVISIONS(4.0),Short-term economic statistics revisions,I,USA,United States,M,Monthly,PRVM,Production volume,IX,Index,BTE,Industry (except construction),202606,June 2026,2022-10,,100.28,,A,Normal value,0,Units,1,One,2015,
DATAFLOW,OECD.SDD.STES:DSD_STES_REVISIONS@DF_STES_REVISIONS(4.0),Short-term economic statistics revisions,I,USA,United States,M,Monthly,PRVM,Production volume,IX,Index,BTE,Industry (except construction),202606,June 2026,2022-09,,100.32,,A,Normal value,0,Units,1,One,2015,
DATAFLOW,OECD.SDD.STES:DSD_STES_REVISIONS@DF_STES_REVISIONS(4.0),Short-term economic statistics revisions,I,USA,United States,M,Monthly,PRVM,Production volume,IX,Index,BTE,Industry (except construction),202606,June 2026,2022-08,,100.12,,A,Normal value,0,Units,1,One,2015,
DATAFLOW,OECD.SDD.STES:DSD_STES_REVISIONS@DF_STES_REVISIONS(4.0),Short-term economic statistics revisions,I,USA,United States,M,Monthly,PRVM,Production volume,IX,Index,BTE,Industry (except construction),202606,June 2026,2022-07,,100.25,,A,Normal value,0,Units,1,One,2015,
DATAFLOW,OECD.SDD.STES:DSD_STES_REVISIONS@DF_STES_REVISIONS(4.0),Short-term economic statistics revisions,I,USA,United States,M,Monthly,PRVM,Production volume,IX,Index,BTE,Industry (except construction),202606,June 2026,2022-06,,100.05,,A,Normal value,0,Units,1,One,2015,
DATAFLOW,OECD.SDD.STES:DSD_STES_REVISIONS@DF_STES_REVISIONS(4.0),Short-term economic statistics revisions,I,USA,United States,M,Monthly,PRVM,Production volume,IX,Index,BTE,Industry (except construction),202606,June 2026,2022-05,,100.36,,A,Normal value,0,Units,1,One,2015,
DATAFLOW,OECD.SDD.STES:DSD_STES_REVISIONS@DF_STES_REVISIONS(4.0),Short-term economic statistics revisions,I,USA,United States,M,Monthly,PRVM,Production volume,IX,Index,BTE,Industry (except construction),202606,June 2026,2022-04,,100.46,,A,Normal value,0,Units,1,One,2015,
DATAFLOW,OECD.SDD.STES:DSD_STES_REVISIONS@DF_STES_REVISIONS(4.0),Short-term economic statistics revisions,I,USA,United States,M,Monthly,PRVM,Production volume,IX,Index,BTE,Industry (except construction),202606,June 2026,2022-03,,100.41,,A,Normal value,0,Units,1,One,2015,
DATAFLOW,OECD.SDD.STES:DSD_STES_REVISIONS@DF_STES_REVISIONS(4.0),Short-term economic statistics revisions,I,USA,United States,M,Monthly,PRVM,Production volume,IX,Index,BTE,Industry (except construction),202606,June 2026,2022-02,,99.84,,A,Normal value,0,Units,1,One,2015,
DATAFLOW,OECD.SDD.STES:DSD_STES_REVISIONS@DF_STES_REVISIONS(4.0),Short-term economic statistics revisions,I,USA,United States,M,Monthly,PRVM,Production volume,IX,Index,BTE,Industry (except construction),202606,June 2026,2022-01,,99.22,,A,Normal value,0,Units,1,One,2015,
DATAFLOW,OECD.SDD.STES:DSD_STES_REVISIONS@DF_STES_REVISIONS(4.0),Short-term economic statistics revisions,I,USA,United States,M,Monthly,PRVM,Production volume,IX,Index,BTE,Industry (except construction),202606,June 2026,2021-12,,99.6,,A,Normal value,0,Units,1,One,2015,
DATAFLOW,OECD.SDD.STES:DSD_STES_REVISIONS@DF_STES_REVISIONS(4.0),Short-term economic statistics revisions,I,USA,United States,M,Monthly,PRVM,Production volume,IX,Index,BTE,Industry (except construction),202606,June 2026,2021-11,,99.89,,A,Normal value,0,Units,1,One,2015,
DATAFLOW,OECD.SDD.STES:DSD_STES_REVISIONS@DF_STES_REVISIONS(4.0),Short-term economic statistics revisions,I,USA,United States,M,Monthly,PRVM,Production volume,IX,Index,BTE,Industry (except construction),202606,June 2026,2021-10,,99.22,,A,Normal value,0,Units,1,One,2015,
DATAFLOW,OECD.SDD.STES:DSD_STES_REVISIONS@DF_STES_REVISIONS(4.0),Short-term economic statistics revisions,I,USA,United States,M,Monthly,PRVM,Production volume,IX,Index,BTE,Industry (except construction),202606,June 2026,2021-09,,97.91,,A,Normal value,0,Units,1,One,2015,
DATAFLOW,OECD.SDD.STES:DSD_STES_REVISIONS@DF_STES_REVISIONS(4.0),Short-term economic statistics revisions,I,USA,United States,M,Monthly,PRVM,Production volume,IX,Index,BTE,Industry (except construction),202606,June 2026,2021-08,,99.08,,A,Normal value,0,Units,1,One,2015,
DATAFLOW,OECD.SDD.STES:DSD_STES_REVISIONS@DF_STES_REVISIONS(4.0),Short-term economic statistics revisions,I,USA,United States,M,Monthly,PRVM,Production volume,IX,Index,BTE,Industry (except construction),202606,June 2026,2021-07,,99.29,,A,Normal value,0,Units,1,One,2015,
DATAFLOW,OECD.SDD.STES:DSD_STES_REVISIONS@DF_STES_REVISIONS(4.0),Short-term economic statistics revisions,I,USA,United States,M,Monthly,PRVM,Production volume,IX,Index,BTE,Industry (except construction),202606,June 2026,2021-06,,98.84,,A,Normal value,0,Units,1,One,2015,
DATAFLOW,OECD.SDD.STES:DSD_STES_REVISIONS@DF_STES_REVISIONS(4.0),Short-term economic statistics revisions,I,USA,United States,M,Monthly,PRVM,Production volume,IX,Index,BTE,Industry (except construction),202606,June 2026,2021-05,,98.48,,A,Normal value,0,Units,1,One,2015,
DATAFLOW,OECD.SDD.STES:DSD_STES_REVISIONS@DF_STES_REVISIONS(4.0),Short-term economic statistics revisions,I,USA,United States,M,Monthly,PRVM,Production volume,IX,Index,BTE,Industry (except construction),202606,June 2026,2021-04,,97.61,,A,Normal value,0,Units,1,One,2015,
DATAFLOW,OECD.SDD.STES:DSD_STES_REVISIONS@DF_STES_REVISIONS(4.0),Short-term economic statistics revisions,I,USA,United States,M,Monthly,PRVM,Production volume,IX,Index,BTE,Industry (except construction),202606,June 2026,2021-03,,97.44,,A,Normal value,0,Units,1,One,2015,
DATAFLOW,OECD.SDD.STES:DSD_STES_REVISIONS@DF_STES_REVISIONS(4.0),Short-term economic statistics revisions,I,USA,United States,M,Monthly,PRVM,Production volume,IX,Index,BTE,Industry (except construction),202606,June 2026,2021-02,,94.69,,A,Normal value,0,Units,1,One,2015,
DATAFLOW,OECD.SDD.STES:DSD_STES_REVISIONS@DF_STES_REVISIONS(4.0),Short-term economic statistics revisions,I,USA,United States,M,Monthly,PRVM,Production volume,IX,Index,BTE,Industry (except construction),202606,June 2026,2021-01,,97.93,,A,Normal value,0,Units,1,One,2015,
DATAFLOW,OECD.SDD.STES:DSD_STES_REVISIONS@DF_STES_REVISIONS(4.0),Short-term economic statistics revisions,I,USA,United States,M,Monthly,PRVM,Production volume,IX,Index,BTE,Industry (except construction),202606,June 2026,2020-12,,97.42,,A,Normal value,0,Units,1,One,2015,
DATAFLOW,OECD.SDD.STES:DSD_STES_REVISIONS@DF_STES_REVISIONS(4.0),Short-term economic statistics revisions,I,USA,United States,M,Monthly,PRVM,Production volume,IX,Index,BTE,Industry (except construction),202606,June 2026,2020-11,,96.15,,A,Normal value,0,Units,1,One,2015,
DATAFLOW,OECD.SDD.STES:DSD_STES_REVISIONS@DF_STES_REVISIONS(4.0),Short-term economic statistics revisions,I,USA,United States,M,Monthly,PRVM,Production volume,IX,Index,BTE,Industry (except construction),202606,June 2026,2020-10,,95.81,,A,Normal value,0,Units,1,One,2015,
DATAFLOW,OECD.SDD.STES:DSD_STES_REVISIONS@DF_STES_REVISIONS(4.0),Short-term economic statistics revisions,I,USA,United States,M,Monthly,PRVM,Production volume,IX,Index,BTE,Industry (except construction),202606,June 2026,2020-09,,95.04,,A,Normal value,0,Units,1,One,2015,
DATAFLOW,OECD.SDD.STES:DSD_STES_REVISIONS@DF_STES_REVISIONS(4.0),Short-term economic statistics revisions,I,USA,United States,M,Monthly,PRVM,Production volume,IX,Index,BTE,Industry (except construction),202606,June 2026,2020-08,,95.03,,A,Normal value,0,Units,1,One,2015,
DATAFLOW,OECD.SDD.STES:DSD_STES_REVISIONS@DF_STES_REVISIONS(4.0),Short-term economic statistics revisions,I,USA,United States,M,Monthly,PRVM,Production volume,IX,Index,BTE,Industry (except construction),202606,June 2026,2020-07,,94.11,,A,Normal value,0,Units,1,One,2015,
DATAFLOW,OECD.SDD.STES:DSD_STES_REVISIONS@DF_STES_REVISIONS(4.0),Short-term economic statistics revisions,I,USA,United States,M,Monthly,PRVM,Production volume,IX,Index,BTE,Industry (except construction),202606,June 2026,2020-06,,90.71,,A,Normal value,0,Units,1,One,2015,
DATAFLOW,OECD.SDD.STES:DSD_STES_REVISIONS@DF_STES_REVISIONS(4.0),Short-term economic statistics revisions,I,USA,United States,M,Monthly,PRVM,Production volume,IX,Index,BTE,Industry (except construction),202606,June 2026,2020-05,,85.13,,A,Normal value,0,Units,1,One,2015,
DATAFLOW,OECD.SDD.STES:DSD_STES_REVISIONS@DF_STES_REVISIONS(4.0),Short-term economic statistics revisions,I,USA,United States,M,Monthly,PRVM,Production volume,IX,Index,BTE,Industry (except construction),202606,June 2026,2020-04,,83.75,,A,Normal value,0,Units,1,One,2015,
DATAFLOW,OECD.SDD.STES:DSD_STES_REVISIONS@DF_STES_REVISIONS(4.0),Short-term economic statistics revisions,I,USA,United States,M,Monthly,PRVM,Production volume,IX,Index,BTE,Industry (except construction),202606,June 2026,2020-03,,96.47,,A,Normal value,0,Units,1,One,2015,
DATAFLOW,OECD.SDD.STES:DSD_STES_REVISIONS@DF_STES_REVISIONS(4.0),Short-term economic statistics revisions,I,USA,United States,M,Monthly,PRVM,Production volume,IX,Index,BTE,Industry (except construction),202606,June 2026,2020-02,,100.4,,A,Normal value,0,Units,1,One,2015,
DATAFLOW,OECD.SDD.STES:DSD_STES_REVISIONS@DF_STES_REVISIONS(4.0),Short-term economic statistics revisions,I,USA,United States,M,Monthly,PRVM,Production volume,IX,Index,BTE,Industry (except construction),202606,June 2026,2020-01,,100.06,,A,Normal value,0,Units,1,One,2015,
DATAFLOW,OECD.SDD.STES:DSD_STES_REVISIONS@DF_STES_REVISIONS(4.0),Short-term economic statistics revisions,I,USA,United States,M,Monthly,PRVM,Production volume,IX,Index,BTE,Industry (except construction),202607,July 2026,2026-05,,101.66,,A,Normal value,0,Units,1,One,2015,
DATAFLOW,OECD.SDD.STES:DSD_STES_REVISIONS@DF_STES_REVISIONS(4.0),Short-term economic statistics revisions,I,USA,United States,M,Monthly,PRVM,Production volume,IX,Index,BTE,Industry (except construction),202607,July 2026,2026-04,,101.52,,A,Normal value,0,Units,1,One,2015,
DATAFLOW,OECD.SDD.STES:DSD_STES_REVISIONS@DF_STES_REVISIONS(4.0),Short-term economic statistics revisions,I,USA,United States,M,Monthly,PRVM,Production volume,IX,Index,BTE,Industry (except construction),202607,July 2026,2026-03,,100.65,,A,Normal value,0,Units,1,One,2015,
DATAFLOW,OECD.SDD.STES:DSD_STES_REVISIONS@DF_STES_REVISIONS(4.0),Short-term economic statistics revisions,I,USA,United States,M,Monthly,PRVM,Production volume,IX,Index,BTE,Industry (except construction),202607,July 2026,2026-02,,100.97,,A,Normal value,0,Units,1,One,2015,
DATAFLOW,OECD.SDD.STES:DSD_STES_REVISIONS@DF_STES_REVISIONS(4.0),Short-term economic statistics revisions,I,USA,United States,M,Monthly,PRVM,Production volume,IX,Index,BTE,Industry (except construction),202607,July 2026,2026-01,,100.15,,A,Normal value,0,Units,1,One,2015,
DATAFLOW,OECD.SDD.STES:DSD_STES_REVISIONS@DF_STES_REVISIONS(4.0),Short-term economic statistics revisions,I,USA,United States,M,Monthly,PRVM,Production volume,IX,Index,BTE,Industry (except construction),202607,July 2026,2025-12,,100.52,,A,Normal value,0,Units,1,One,2015,
DATAFLOW,OECD.SDD.STES:DSD_STES_REVISIONS@DF_STES_REVISIONS(4.0),Short-term economic statistics revisions,I,USA,United States,M,Monthly,PRVM,Production volume,IX,Index,BTE,Industry (except construction),202607,July 2026,2025-11,,100.06,,A,Normal value,0,Units,1,One,2015,
DATAFLOW,OECD.SDD.STES:DSD_STES_REVISIONS@DF_STES_REVISIONS(4.0),Short-term economic statistics revisions,I,USA,United States,M,Monthly,PRVM,Production volume,IX,Index,BTE,Industry (except construction),202607,July 2026,2025-10,,100.25,,A,Normal value,0,Units,1,One,2015,
DATAFLOW,OECD.SDD.STES:DSD_STES_REVISIONS@DF_STES_REVISIONS(4.0),Short-term economic statistics revisions,I,USA,United States,M,Monthly,PRVM,Production volume,IX,Index,BTE,Industry (except construction),202607,July 2026,2025-09,,100.69,,A,Normal value,0,Units,1,One,2015,
DATAFLOW,OECD.SDD.STES:DSD_STES_REVISIONS@DF_STES_REVISIONS(4.0),Short-term economic statistics revisions,I,USA,United States,M,Monthly,PRVM,Production volume,IX,Index,BTE,Industry (except construction),202607,July 2026,2025-08,,100.65,,A,Normal value,0,Units,1,One,2015,
DATAFLOW,OECD.SDD.STES:DSD_STES_REVISIONS@DF_STES_REVISIONS(4.0),Short-term economic statistics revisions,I,USA,United States,M,Monthly,PRVM,Production volume,IX,Index,BTE,Industry (except construction),202607,July 2026,2025-07,,100.91,,A,Normal value,0,Units,1,One,2015,
DATAFLOW,OECD.SDD.STES:DSD_STES_REVISIONS@DF_STES_REVISIONS(4.0),Short-term economic statistics revisions,I,USA,United States,M,Monthly,PRVM,Production volume,IX,Index,BTE,Industry (except construction),202607,July 2026,2025-06,,100.5,,A,Normal value,0,Units,1,One,2015,
DATAFLOW,OECD.SDD.STES:DSD_STES_REVISIONS@DF_STES_REVISIONS(4.0),Short-term economic statistics revisions,I,USA,United States,M,Monthly,PRVM,Production volume,IX,Index,BTE,Industry (except construction),202607,July 2026,2025-05,,99.99,,A,Normal value,0,Units,1,One,2015,
DATAFLOW,OECD.SDD.STES:DSD_STES_REVISIONS@DF_STES_REVISIONS(4.0),Short-term economic statistics revisions,I,USA,United States,M,Monthly,PRVM,Production volume,IX,Index,BTE,Industry (except construction),202607,July 2026,2025-04,,100.15,,A,Normal value,0,Units,1,One,2015,
DATAFLOW,OECD.SDD.STES:DSD_STES_REVISIONS@DF_STES_REVISIONS(4.0),Short-term economic statistics revisions,I,USA,United States,M,Monthly,PRVM,Production volume,IX,Index,BTE,Industry (except construction),202607,July 2026,2025-03,,100.07,,A,Normal value,0,Units,1,One,2015,
DATAFLOW,OECD.SDD.STES:DSD_STES_REVISIONS@DF_STES_REVISIONS(4.0),Short-term economic statistics revisions,I,USA,United States,M,Monthly,PRVM,Production volume,IX,Index,BTE,Industry (except construction),202607,July 2026,2025-02,,100.13,,A,Normal value,0,Units,1,One,2015,
DATAFLOW,OECD.SDD.STES:DSD_STES_REVISIONS@DF_STES_REVISIONS(4.0),Short-term economic statistics revisions,I,USA,United States,M,Monthly,PRVM,Production volume,IX,Index,BTE,Industry (except construction),202607,July 2026,2025-01,,99.1,,A,Normal value,0,Units,1,One,2015,
DATAFLOW,OECD.SDD.STES:DSD_STES_REVISIONS@DF_STES_REVISIONS(4.0),Short-term economic statistics revisions,I,USA,United States,M,Monthly,PRVM,Production volume,IX,Index,BTE,Industry (except construction),202607,July 2026,2024-12,,99.36,,A,Normal value,0,Units,1,One,2015,
DATAFLOW,OECD.SDD.STES:DSD_STES_REVISIONS@DF_STES_REVISIONS(4.0),Short-term economic statistics revisions,I,USA,United States,M,Monthly,PRVM,Production volume,IX,Index,BTE,Industry (except construction),202607,July 2026,2024-11,,98.34,,A,Normal value,0,Units,1,One,2015,
DATAFLOW,OECD.SDD.STES:DSD_STES_REVISIONS@DF_STES_REVISIONS(4.0),Short-term economic statistics revisions,I,USA,United States,M,Monthly,PRVM,Production volume,IX,Index,BTE,Industry (except construction),202607,July 2026,2024-10,,98.51,,A,Normal value,0,Units,1,One,2015,
DATAFLOW,OECD.SDD.STES:DSD_STES_REVISIONS@DF_STES_REVISIONS(4.0),Short-term economic statistics revisions,I,USA,United States,M,Monthly,PRVM,Production volume,IX,Index,BTE,Industry (except construction),202607,July 2026,2024-09,,98.85,,A,Normal value,0,Units,1,One,2015,
DATAFLOW,OECD.SDD.STES:DSD_STES_REVISIONS@DF_STES_REVISIONS(4.0),Short-term economic statistics revisions,I,USA,United States,M,Monthly,PRVM,Production volume,IX,Index,BTE,Industry (except construction),202607,July 2026,2024-08,,99.46,,A,Normal value,0,Units,1,One,2015,
DATAFLOW,OECD.SDD.STES:DSD_STES_REVISIONS@DF_STES_REVISIONS(4.0),Short-term economic statistics revisions,I,USA,United States,M,Monthly,PRVM,Production volume,IX,Index,BTE,Industry (except construction),202607,July 2026,2024-07,,99.01,,A,Normal value,0,Units,1,One,2015,
DATAFLOW,OECD.SDD.STES:DSD_STES_REVISIONS@DF_STES_REVISIONS(4.0),Short-term economic statistics revisions,I,USA,United States,M,Monthly,PRVM,Production volume,IX,Index,BTE,Industry (except construction),202607,July 2026,2024-06,,99.92,,A,Normal value,0,Units,1,One,2015,
DATAFLOW,OECD.SDD.STES:DSD_STES_REVISIONS@DF_STES_REVISIONS(4.0),Short-term economic statistics revisions,I,USA,United States,M,Monthly,PRVM,Production volume,IX,Index,BTE,Industry (except construction),202607,July 2026,2024-05,,99.89,,A,Normal value,0,Units,1,One,2015,
DATAFLOW,OECD.SDD.STES:DSD_STES_REVISIONS@DF_STES_REVISIONS(4.0),Short-term economic statistics revisions,I,USA,United States,M,Monthly,PRVM,Production volume,IX,Index,BTE,Industry (except construction),202607,July 2026,2024-04,,99.28,,A,Normal value,0,Units,1,One,2015,
DATAFLOW,OECD.SDD.STES:DSD_STES_REVISIONS@DF_STES_REVISIONS(4.0),Short-term economic statistics revisions,I,USA,United States,M,Monthly,PRVM,Production volume,IX,Index,BTE,Industry (except construction),202607,July 2026,2024-03,,99.49,,A,Normal value,0,Units,1,One,2015,
DATAFLOW,OECD.SDD.STES:DSD_STES_REVISIONS@DF_STES_REVISIONS(4.0),Short-term economic statistics revisions,I,USA,United States,M,Monthly,PRVM,Production volume,IX,Index,BTE,Industry (except construction),202607,July 2026,2024-02,,99.32,,A,Normal value,0,Units,1,One,2015,
DATAFLOW,OECD.SDD.STES:DSD_STES_REVISIONS@DF_STES_REVISIONS(4.0),Short-term economic statistics revisions,I,USA,United States,M,Monthly,PRVM,Production volume,IX,Index,BTE,Industry (except construction),202607,July 2026,2024-01,,98.27,,A,Normal value,0,Units,1,One,2015,
DATAFLOW,OECD.SDD.STES:DSD_STES_REVISIONS@DF_STES_REVISIONS(4.0),Short-term economic statistics revisions,I,USA,United States,M,Monthly,PRVM,Production volume,IX,Index,BTE,Industry (except construction),202607,July 2026,2023-12,,99.63,,A,Normal value,0,Units,1,One,2015,
DATAFLOW,OECD.SDD.STES:DSD_STES_REVISIONS@DF_STES_REVISIONS(4.0),Short-term economic statistics revisions,I,USA,United States,M,Monthly,PRVM,Production volume,IX,Index,BTE,Industry (except construction),202607,July 2026,2023-11,,99.89,,A,Normal value,0,Units,1,One,2015,
DATAFLOW,OECD.SDD.STES:DSD_STES_REVISIONS@DF_STES_REVISIONS(4.0),Short-term economic statistics revisions,I,USA,United States,M,Monthly,PRVM,Production volume,IX,Index,BTE,Industry (except construction),202607,July 2026,2023-10,,99.5,,A,Normal value,0,Units,1,One,2015,
DATAFLOW,OECD.SDD.STES:DSD_STES_REVISIONS@DF_STES_REVISIONS(4.0),Short-term economic statistics revisions,I,USA,United States,M,Monthly,PRVM,Production volume,IX,Index,BTE,Industry (except construction),202607,July 2026,2023-09,,100.05,,A,Normal value,0,Units,1,One,2015,
DATAFLOW,OECD.SDD.STES:DSD_STES_REVISIONS@DF_STES_REVISIONS(4.0),Short-term economic statistics revisions,I,USA,United States,M,Monthly,PRVM,Production volume,IX,Index,BTE,Industry (except construction),202607,July 2026,2023-08,,99.87,,A,Normal value,0,Units,1,One,2015,
DATAFLOW,OECD.SDD.STES:DSD_STES_REVISIONS@DF_STES_REVISIONS(4.0),Short-term economic statistics revisions,I,USA,United States,M,Monthly,PRVM,Production volume,IX,Index,BTE,Industry (except construction),202607,July 2026,2023-07,,99.94,,A,Normal value,0,Units,1,One,2015,
DATAFLOW,OECD.SDD.STES:DSD_STES_REVISIONS@DF_STES_REVISIONS(4.0),Short-term economic statistics revisions,I,USA,United States,M,Monthly,PRVM,Production volume,IX,Index,BTE,Industry (except construction),202607,July 2026,2023-06,,99.16,,A,Normal value,0,Units,1,One,2015,
DATAFLOW,OECD.SDD.STES:DSD_STES_REVISIONS@DF_STES_REVISIONS(4.0),Short-term economic statistics revisions,I,USA,United States,M,Monthly,PRVM,Production volume,IX,Index,BTE,Industry (except construction),202607,July 2026,2023-05,,99.96,,A,Normal value,0,Units,1,One,2015,
DATAFLOW,OECD.SDD.STES:DSD_STES_REVISIONS@DF_STES_REVISIONS(4.0),Short-term economic statistics revisions,I,USA,United States,M,Monthly,PRVM,Production volume,IX,Index,BTE,Industry (except construction),202607,July 2026,2023-04,,100.28,,A,Normal value,0,Units,1,One,2015,
DATAFLOW,OECD.SDD.STES:DSD_STES_REVISIONS@DF_STES_REVISIONS(4.0),Short-term economic statistics revisions,I,USA,United States,M,Monthly,PRVM,Production volume,IX,Index,BTE,Industry (except construction),202607,July 2026,2023-03,,100.05,,A,Normal value,0,Units,1,One,2015,
DATAFLOW,OECD.SDD.STES:DSD_STES_REVISIONS@DF_STES_REVISIONS(4.0),Short-term economic statistics revisions,I,USA,United States,M,Monthly,PRVM,Production volume,IX,Index,BTE,Industry (except construction),202607,July 2026,2023-02,,99.67,,A,Normal value,0,Units,1,One,2015,
DATAFLOW,OECD.SDD.STES:DSD_STES_REVISIONS@DF_STES_REVISIONS(4.0),Short-term economic statistics revisions,I,USA,United States,M,Monthly,PRVM,Production volume,IX,Index,BTE,Industry (except construction),202607,July 2026,2023-01,,99.54,,A,Normal value,0,Units,1,One,2015,
DATAFLOW,OECD.SDD.STES:DSD_STES_REVISIONS@DF_STES_REVISIONS(4.0),Short-term economic statistics revisions,I,USA,United States,M,Monthly,PRVM,Production volume,IX,Index,BTE,Industry (except construction),202607,July 2026,2022-12,,98.81,,A,Normal value,0,Units,1,One,2015,
DATAFLOW,OECD.SDD.STES:DSD_STES_REVISIONS@DF_STES_REVISIONS(4.0),Short-term economic statistics revisions,I,USA,United States,M,Monthly,PRVM,Production volume,IX,Index,BTE,Industry (except construction),202607,July 2026,2022-11,,99.98,,A,Normal value,0,Units,1,One,2015,
DATAFLOW,OECD.SDD.STES:DSD_STES_REVISIONS@DF_STES_REVISIONS(4.0),Short-term economic statistics revisions,I,USA,United States,M,Monthly,PRVM,Production volume,IX,Index,BTE,Industry (except construction),202607,July 2026,2022-10,,100.28,,A,Normal value,0,Units,1,One,2015,
DATAFLOW,OECD.SDD.STES:DSD_STES_REVISIONS@DF_STES_REVISIONS(4.0),Short-term economic statistics revisions,I,USA,United States,M,Monthly,PRVM,Production volume,IX,Index,BTE,Industry (except construction),202607,July 2026,2022-09,,100.32,,A,Normal value,0,Units,1,One,2015,
DATAFLOW,OECD.SDD.STES:DSD_STES_REVISIONS@DF_STES_REVISIONS(4.0),Short-term economic statistics revisions,I,USA,United States,M,Monthly,PRVM,Production volume,IX,Index,BTE,Industry (except construction),202607,July 2026,2022-08,,100.12,,A,Normal value,0,Units,1,One,2015,
DATAFLOW,OECD.SDD.STES:DSD_STES_REVISIONS@DF_STES_REVISIONS(4.0),Short-term economic statistics revisions,I,USA,United States,M,Monthly,PRVM,Production volume,IX,Index,BTE,Industry (except construction),202607,July 2026,2022-07,,100.25,,A,Normal value,0,Units,1,One,2015,
DATAFLOW,OECD.SDD.STES:DSD_STES_REVISIONS@DF_STES_REVISIONS(4.0),Short-term economic statistics revisions,I,USA,United States,M,Monthly,PRVM,Production volume,IX,Index,BTE,Industry (except construction),202607,July 2026,2022-06,,100.05,,A,Normal value,0,Units,1,One,2015,
DATAFLOW,OECD.SDD.STES:DSD_STES_REVISIONS@DF_STES_REVISIONS(4.0),Short-term economic statistics revisions,I,USA,United States,M,Monthly,PRVM,Production volume,IX,Index,BTE,Industry (except construction),202607,July 2026,2022-05,,100.36,,A,Normal value,0,Units,1,One,2015,
DATAFLOW,OECD.SDD.STES:DSD_STES_REVISIONS@DF_STES_REVISIONS(4.0),Short-term economic statistics revisions,I,USA,United States,M,Monthly,PRVM,Production volume,IX,Index,BTE,Industry (except construction),202607,July 2026,2022-04,,100.46,,A,Normal value,0,Units,1,One,2015,
DATAFLOW,OECD.SDD.STES:DSD_STES_REVISIONS@DF_STES_REVISIONS(4.0),Short-term economic statistics revisions,I,USA,United States,M,Monthly,PRVM,Production volume,IX,Index,BTE,Industry (except construction),202607,July 2026,2022-03,,100.41,,A,Normal value,0,Units,1,One,2015,
DATAFLOW,OECD.SDD.STES:DSD_STES_REVISIONS@DF_STES_REVISIONS(4.0),Short-term economic statistics revisions,I,USA,United States,M,Monthly,PRVM,Production volume,IX,Index,BTE,Industry (except construction),202607,July 2026,2022-02,,99.84,,A,Normal value,0,Units,1,One,2015,
DATAFLOW,OECD.SDD.STES:DSD_STES_REVISIONS@DF_STES_REVISIONS(4.0),Short-term economic statistics revisions,I,USA,United States,M,Monthly,PRVM,Production volume,IX,Index,BTE,Industry (except construction),202607,July 2026,2022-01,,99.22,,A,Normal value,0,Units,1,One,2015,
DATAFLOW,OECD.SDD.STES:DSD_STES_REVISIONS@DF_STES_REVISIONS(4.0),Short-term economic statistics revisions,I,USA,United States,M,Monthly,PRVM,Production volume,IX,Index,BTE,Industry (except construction),202607,July 2026,2021-12,,99.6,,A,Normal value,0,Units,1,One,2015,
DATAFLOW,OECD.SDD.STES:DSD_STES_REVISIONS@DF_STES_REVISIONS(4.0),Short-term economic statistics revisions,I,USA,United States,M,Monthly,PRVM,Production volume,IX,Index,BTE,Industry (except construction),202607,July 2026,2021-11,,99.89,,A,Normal value,0,Units,1,One,2015,
DATAFLOW,OECD.SDD.STES:DSD_STES_REVISIONS@DF_STES_REVISIONS(4.0),Short-term economic statistics revisions,I,USA,United States,M,Monthly,PRVM,Production volume,IX,Index,BTE,Industry (except construction),202607,July 2026,2021-10,,99.22,,A,Normal value,0,Units,1,One,2015,
DATAFLOW,OECD.SDD.STES:DSD_STES_REVISIONS@DF_STES_REVISIONS(4.0),Short-term economic statistics revisions,I,USA,United States,M,Monthly,PRVM,Production volume,IX,Index,BTE,Industry (except construction),202607,July 2026,2021-09,,97.91,,A,Normal value,0,Units,1,One,2015,
DATAFLOW,OECD.SDD.STES:DSD_STES_REVISIONS@DF_STES_REVISIONS(4.0),Short-term economic statistics revisions,I,USA,United States,M,Monthly,PRVM,Production volume,IX,Index,BTE,Industry (except construction),202607,July 2026,2021-08,,99.08,,A,Normal value,0,Units,1,One,2015,
DATAFLOW,OECD.SDD.STES:DSD_STES_REVISIONS@DF_STES_REVISIONS(4.0),Short-term economic statistics revisions,I,USA,United States,M,Monthly,PRVM,Production volume,IX,Index,BTE,Industry (except construction),202607,July 2026,2021-07,,99.29,,A,Normal value,0,Units,1,One,2015,
DATAFLOW,OECD.SDD.STES:DSD_STES_REVISIONS@DF_STES_REVISIONS(4.0),Short-term economic statistics revisions,I,USA,United States,M,Monthly,PRVM,Production volume,IX,Index,BTE,Industry (except construction),202607,July 2026,2021-06,,98.84,,A,Normal value,0,Units,1,One,2015,
DATAFLOW,OECD.SDD.STES:DSD_STES_REVISIONS@DF_STES_REVISIONS(4.0),Short-term economic statistics revisions,I,USA,United States,M,Monthly,PRVM,Production volume,IX,Index,BTE,Industry (except construction),202607,July 2026,2021-05,,98.48,,A,Normal value,0,Units,1,One,2015,
DATAFLOW,OECD.SDD.STES:DSD_STES_REVISIONS@DF_STES_REVISIONS(4.0),Short-term economic statistics revisions,I,USA,United States,M,Monthly,PRVM,Production volume,IX,Index,BTE,Industry (except construction),202607,July 2026,2021-04,,97.61,,A,Normal value,0,Units,1,One,2015,
DATAFLOW,OECD.SDD.STES:DSD_STES_REVISIONS@DF_STES_REVISIONS(4.0),Short-term economic statistics revisions,I,USA,United States,M,Monthly,PRVM,Production volume,IX,Index,BTE,Industry (except construction),202607,July 2026,2021-03,,97.44,,A,Normal value,0,Units,1,One,2015,
DATAFLOW,OECD.SDD.STES:DSD_STES_REVISIONS@DF_STES_REVISIONS(4.0),Short-term economic statistics revisions,I,USA,United States,M,Monthly,PRVM,Production volume,IX,Index,BTE,Industry (except construction),202607,July 2026,2021-02,,94.69,,A,Normal value,0,Units,1,One,2015,
DATAFLOW,OECD.SDD.STES:DSD_STES_REVISIONS@DF_STES_REVISIONS(4.0),Short-term economic statistics revisions,I,USA,United States,M,Monthly,PRVM,Production volume,IX,Index,BTE,Industry (except construction),202607,July 2026,2021-01,,97.93,,A,Normal value,0,Units,1,One,2015,
DATAFLOW,OECD.SDD.STES:DSD_STES_REVISIONS@DF_STES_REVISIONS(4.0),Short-term economic statistics revisions,I,USA,United States,M,Monthly,PRVM,Production volume,IX,Index,BTE,Industry (except construction),202607,July 2026,2020-12,,97.42,,A,Normal value,0,Units,1,One,2015,
DATAFLOW,OECD.SDD.STES:DSD_STES_REVISIONS@DF_STES_REVISIONS(4.0),Short-term economic statistics revisions,I,USA,United States,M,Monthly,PRVM,Production volume,IX,Index,BTE,Industry (except construction),202607,July 2026,2020-11,,96.15,,A,Normal value,0,Units,1,One,2015,
DATAFLOW,OECD.SDD.STES:DSD_STES_REVISIONS@DF_STES_REVISIONS(4.0),Short-term economic statistics revisions,I,USA,United States,M,Monthly,PRVM,Production volume,IX,Index,BTE,Industry (except construction),202607,July 2026,2020-10,,95.81,,A,Normal value,0,Units,1,One,2015,
DATAFLOW,OECD.SDD.STES:DSD_STES_REVISIONS@DF_STES_REVISIONS(4.0),Short-term economic statistics revisions,I,USA,United States,M,Monthly,PRVM,Production volume,IX,Index,BTE,Industry (except construction),202607,July 2026,2020-09,,95.04,,A,Normal value,0,Units,1,One,2015,
DATAFLOW,OECD.SDD.STES:DSD_STES_REVISIONS@DF_STES_REVISIONS(4.0),Short-term economic statistics revisions,I,USA,United States,M,Monthly,PRVM,Production volume,IX,Index,BTE,Industry (except construction),202607,July 2026,2020-08,,95.03,,A,Normal value,0,Units,1,One,2015,
DATAFLOW,OECD.SDD.STES:DSD_STES_REVISIONS@DF_STES_REVISIONS(4.0),Short-term economic statistics revisions,I,USA,United States,M,Monthly,PRVM,Production volume,IX,Index,BTE,Industry (except construction),202607,July 2026,2020-07,,94.11,,A,Normal value,0,Units,1,One,2015,
DATAFLOW,OECD.SDD.STES:DSD_STES_REVISIONS@DF_STES_REVISIONS(4.0),Short-term economic statistics revisions,I,USA,United States,M,Monthly,PRVM,Production volume,IX,Index,BTE,Industry (except construction),202607,July 2026,2020-06,,90.71,,A,Normal value,0,Units,1,One,2015,
DATAFLOW,OECD.SDD.STES:DSD_STES_REVISIONS@DF_STES_REVISIONS(4.0),Short-term economic statistics revisions,I,USA,United States,M,Monthly,PRVM,Production volume,IX,Index,BTE,Industry (except construction),202607,July 2026,2020-05,,85.13,,A,Normal value,0,Units,1,One,2015,
DATAFLOW,OECD.SDD.STES:DSD_STES_REVISIONS@DF_STES_REVISIONS(4.0),Short-term economic statistics revisions,I,USA,United States,M,Monthly,PRVM,Production volume,IX,Index,BTE,Industry (except construction),202607,July 2026,2020-04,,83.75,,A,Normal value,0,Units,1,One,2015,
DATAFLOW,OECD.SDD.STES:DSD_STES_REVISIONS@DF_STES_REVISIONS(4.0),Short-term economic statistics revisions,I,USA,United States,M,Monthly,PRVM,Production volume,IX,Index,BTE,Industry (except construction),202607,July 2026,2020-03,,96.47,,A,Normal value,0,Units,1,One,2015,
DATAFLOW,OECD.SDD.STES:DSD_STES_REVISIONS@DF_STES_REVISIONS(4.0),Short-term economic statistics revisions,I,USA,United States,M,Monthly,PRVM,Production volume,IX,Index,BTE,Industry (except construction),202607,July 2026,2020-02,,100.4,,A,Normal value,0,Units,1,One,2015,
DATAFLOW,OECD.SDD.STES:DSD_STES_REVISIONS@DF_STES_REVISIONS(4.0),Short-term economic statistics revisions,I,USA,United States,M,Monthly,PRVM,Production volume,IX,Index,BTE,Industry (except construction),202607,July 2026,2020-01,,100.06,,A,Normal value,0,Units,1,One,2015,
DATAFLOW,OECD.SDD.STES:DSD_STES_REVISIONS@DF_STES_REVISIONS(4.0),Short-term economic statistics revisions,I,USA,United States,M,Monthly,PRVM,Production volume,IX,Index,BTE,Industry (except construction),202605,May 2026,2026-03,,100.81,,A,Normal value,0,Units,1,One,2015,
DATAFLOW,OECD.SDD.STES:DSD_STES_REVISIONS@DF_STES_REVISIONS(4.0),Short-term economic statistics revisions,I,USA,United States,M,Monthly,PRVM,Production volume,IX,Index,BTE,Industry (except construction),202605,May 2026,2026-02,,101.36,,A,Normal value,0,Units,1,One,2015,
DATAFLOW,OECD.SDD.STES:DSD_STES_REVISIONS@DF_STES_REVISIONS(4.0),Short-term economic statistics revisions,I,USA,United States,M,Monthly,PRVM,Production volume,IX,Index,BTE,Industry (except construction),202605,May 2026,2026-01,,100.62,,A,Normal value,0,Units,1,One,2015,
DATAFLOW,OECD.SDD.STES:DSD_STES_REVISIONS@DF_STES_REVISIONS(4.0),Short-term economic statistics revisions,I,USA,United States,M,Monthly,PRVM,Production volume,IX,Index,BTE,Industry (except construction),202605,May 2026,2025-12,,100.63,,A,Normal value,0,Units,1,One,2015,
DATAFLOW,OECD.SDD.STES:DSD_STES_REVISIONS@DF_STES_REVISIONS(4.0),Short-term economic statistics revisions,I,USA,United States,M,Monthly,PRVM,Production volume,IX,Index,BTE,Industry (except construction),202605,May 2026,2025-11,,100.11,,A,Normal value,0,Units,1,One,2015,
DATAFLOW,OECD.SDD.STES:DSD_STES_REVISIONS@DF_STES_REVISIONS(4.0),Short-term economic statistics revisions,I,USA,United States,M,Monthly,PRVM,Production volume,IX,Index,BTE,Industry (except construction),202605,May 2026,2025-10,,100.25,,A,Normal value,0,Units,1,One,2015,
DATAFLOW,OECD.SDD.STES:DSD_STES_REVISIONS@DF_STES_REVISIONS(4.0),Short-term economic statistics revisions,I,USA,United States,M,Monthly,PRVM,Production volume,IX,Index,BTE,Industry (except construction),202605,May 2026,2025-09,,100.69,,A,Normal value,0,Units,1,One,2015,
DATAFLOW,OECD.SDD.STES:DSD_STES_REVISIONS@DF_STES_REVISIONS(4.0),Short-term economic statistics revisions,I,USA,United States,M,Monthly,PRVM,Production volume,IX,Index,BTE,Industry (except construction),202605,May 2026,2025-08,,100.65,,A,Normal value,0,Units,1,One,2015,
DATAFLOW,OECD.SDD.STES:DSD_STES_REVISIONS@DF_STES_REVISIONS(4.0),Short-term economic statistics revisions,I,USA,United States,M,Monthly,PRVM,Production volume,IX,Index,BTE,Industry (except construction),202605,May 2026,2025-07,,100.91,,A,Normal value,0,Units,1,One,2015,
DATAFLOW,OECD.SDD.STES:DSD_STES_REVISIONS@DF_STES_REVISIONS(4.0),Short-term economic statistics revisions,I,USA,United States,M,Monthly,PRVM,Production volume,IX,Index,BTE,Industry (except construction),202605,May 2026,2025-06,,100.5,,A,Normal value,0,Units,1,One,2015,
DATAFLOW,OECD.SDD.STES:DSD_STES_REVISIONS@DF_STES_REVISIONS(4.0),Short-term economic statistics revisions,I,USA,United States,M,Monthly,PRVM,Production volume,IX,Index,BTE,Industry (except construction),202605,May 2026,2025-05,,99.99,,A,Normal value,0,Units,1,One,2015,
DATAFLOW,OECD.SDD.STES:DSD_STES_REVISIONS@DF_STES_REVISIONS(4.0),Short-term economic statistics revisions,I,USA,United States,M,Monthly,PRVM,Production volume,IX,Index,BTE,Industry (except construction),202605,May 2026,2025-04,,100.15,,A,Normal value,0,Units,1,One,2015,
DATAFLOW,OECD.SDD.STES:DSD_STES_REVISIONS@DF_STES_REVISIONS(4.0),Short-term economic statistics revisions,I,USA,United States,M,Monthly,PRVM,Production volume,IX,Index,BTE,Industry (except construction),202605,May 2026,2025-03,,100.07,,A,Normal value,0,Units,1,One,2015,
DATAFLOW,OECD.SDD.STES:DSD_STES_REVISIONS@DF_STES_REVISIONS(4.0),Short-term economic statistics revisions,I,USA,United States,M,Monthly,PRVM,Production volume,IX,Index,BTE,Industry (except construction),202605,May 2026,2025-02,,100.13,,A,Normal value,0,Units,1,One,2015,
DATAFLOW,OECD.SDD.STES:DSD_STES_REVISIONS@DF_STES_REVISIONS(4.0),Short-term economic statistics revisions,I,USA,United States,M,Monthly,PRVM,Production volume,IX,Index,BTE,Industry (except construction),202605,May 2026,2025-01,,99.1,,A,Normal value,0,Units,1,One,2015,
DATAFLOW,OECD.SDD.STES:DSD_STES_REVISIONS@DF_STES_REVISIONS(4.0),Short-term economic statistics revisions,I,USA,United States,M,Monthly,PRVM,Production volume,IX,Index,BTE,Industry (except construction),202605,May 2026,2024-12,,99.36,,A,Normal value,0,Units,1,One,2015,
DATAFLOW,OECD.SDD.STES:DSD_STES_REVISIONS@DF_STES_REVISIONS(4.0),Short-term economic statistics revisions,I,USA,United States,M,Monthly,PRVM,Production volume,IX,Index,BTE,Industry (except construction),202605,May 2026,2024-11,,98.34,,A,Normal value,0,Units,1,One,2015,
DATAFLOW,OECD.SDD.STES:DSD_STES_REVISIONS@DF_STES_REVISIONS(4.0),Short-term economic statistics revisions,I,USA,United States,M,Monthly,PRVM,Production volume,IX,Index,BTE,Industry (except construction),202605,May 2026,2024-10,,98.51,,A,Normal value,0,Units,1,One,2015,
DATAFLOW,OECD.SDD.STES:DSD_STES_REVISIONS@DF_STES_REVISIONS(4.0),Short-term economic statistics revisions,I,USA,United States,M,Monthly,PRVM,Production volume,IX,Index,BTE,Industry (except construction),202605,May 2026,2024-09,,98.85,,A,Normal value,0,Units,1,One,2015,
DATAFLOW,OECD.SDD.STES:DSD_STES_REVISIONS@DF_STES_REVISIONS(4.0),Short-term economic statistics revisions,I,USA,United States,M,Monthly,PRVM,Production volume,IX,Index,BTE,Industry (except construction),202605,May 2026,2024-08,,99.46,,A,Normal value,0,Units,1,One,2015,
DATAFLOW,OECD.SDD.STES:DSD_STES_REVISIONS@DF_STES_REVISIONS(4.0),Short-term economic statistics revisions,I,USA,United States,M,Monthly,PRVM,Production volume,IX,Index,BTE,Industry (except construction),202605,May 2026,2024-07,,99.01,,A,Normal value,0,Units,1,One,2015,
DATAFLOW,OECD.SDD.STES:DSD_STES_REVISIONS@DF_STES_REVISIONS(4.0),Short-term economic statistics revisions,I,USA,United States,M,Monthly,PRVM,Production volume,IX,Index,BTE,Industry (except construction),202605,May 2026,2024-06,,99.92,,A,Normal value,0,Units,1,One,2015,
DATAFLOW,OECD.SDD.STES:DSD_STES_REVISIONS@DF_STES_REVISIONS(4.0),Short-term economic statistics revisions,I,USA,United States,M,Monthly,PRVM,Production volume,IX,Index,BTE,Industry (except construction),202605,May 2026,2024-05,,99.89,,A,Normal value,0,Units,1,One,2015,
DATAFLOW,OECD.SDD.STES:DSD_STES_REVISIONS@DF_STES_REVISIONS(4.0),Short-term economic statistics revisions,I,USA,United States,M,Monthly,PRVM,Production volume,IX,Index,BTE,Industry (except construction),202605,May 2026,2024-04,,99.28,,A,Normal value,0,Units,1,One,2015,
DATAFLOW,OECD.SDD.STES:DSD_STES_REVISIONS@DF_STES_REVISIONS(4.0),Short-term economic statistics revisions,I,USA,United States,M,Monthly,PRVM,Production volume,IX,Index,BTE,Industry (except construction),202605,May 2026,2024-03,,99.49,,A,Normal value,0,Units,1,One,2015,
DATAFLOW,OECD.SDD.STES:DSD_STES_REVISIONS@DF_STES_REVISIONS(4.0),Short-term economic statistics revisions,I,USA,United States,M,Monthly,PRVM,Production volume,IX,Index,BTE,Industry (except construction),202605,May 2026,2024-02,,99.32,,A,Normal value,0,Units,1,One,2015,
DATAFLOW,OECD.SDD.STES:DSD_STES_REVISIONS@DF_STES_REVISIONS(4.0),Short-term economic statistics revisions,I,USA,United States,M,Monthly,PRVM,Production volume,IX,Index,BTE,Industry (except construction),202605,May 2026,2024-01,,98.27,,A,Normal value,0,Units,1,One,2015,
DATAFLOW,OECD.SDD.STES:DSD_STES_REVISIONS@DF_STES_REVISIONS(4.0),Short-term economic statistics revisions,I,USA,United States,M,Monthly,PRVM,Production volume,IX,Index,BTE,Industry (except construction),202605,May 2026,2023-12,,99.63,,A,Normal value,0,Units,1,One,2015,
DATAFLOW,OECD.SDD.STES:DSD_STES_REVISIONS@DF_STES_REVISIONS(4.0),Short-term economic statistics revisions,I,USA,United States,M,Monthly,PRVM,Production volume,IX,Index,BTE,Industry (except construction),202605,May 2026,2023-11,,99.89,,A,Normal value,0,Units,1,One,2015,
DATAFLOW,OECD.SDD.STES:DSD_STES_REVISIONS@DF_STES_REVISIONS(4.0),Short-term economic statistics revisions,I,USA,United States,M,Monthly,PRVM,Production volume,IX,Index,BTE,Industry (except construction),202605,May 2026,2023-10,,99.5,,A,Normal value,0,Units,1,One,2015,
DATAFLOW,OECD.SDD.STES:DSD_STES_REVISIONS@DF_STES_REVISIONS(4.0),Short-term economic statistics revisions,I,USA,United States,M,Monthly,PRVM,Production volume,IX,Index,BTE,Industry (except construction),202605,May 2026,2023-09,,100.05,,A,Normal value,0,Units,1,One,2015,
DATAFLOW,OECD.SDD.STES:DSD_STES_REVISIONS@DF_STES_REVISIONS(4.0),Short-term economic statistics revisions,I,USA,United States,M,Monthly,PRVM,Production volume,IX,Index,BTE,Industry (except construction),202605,May 2026,2023-08,,99.87,,A,Normal value,0,Units,1,One,2015,
DATAFLOW,OECD.SDD.STES:DSD_STES_REVISIONS@DF_STES_REVISIONS(4.0),Short-term economic statistics revisions,I,USA,United States,M,Monthly,PRVM,Production volume,IX,Index,BTE,Industry (except construction),202605,May 2026,2023-07,,99.94,,A,Normal value,0,Units,1,One,2015,
DATAFLOW,OECD.SDD.STES:DSD_STES_REVISIONS@DF_STES_REVISIONS(4.0),Short-term economic statistics revisions,I,USA,United States,M,Monthly,PRVM,Production volume,IX,Index,BTE,Industry (except construction),202605,May 2026,2023-06,,99.16,,A,Normal value,0,Units,1,One,2015,
DATAFLOW,OECD.SDD.STES:DSD_STES_REVISIONS@DF_STES_REVISIONS(4.0),Short-term economic statistics revisions,I,USA,United States,M,Monthly,PRVM,Production volume,IX,Index,BTE,Industry (except construction),202605,May 2026,2023-05,,99.96,,A,Normal value,0,Units,1,One,2015,
DATAFLOW,OECD.SDD.STES:DSD_STES_REVISIONS@DF_STES_REVISIONS(4.0),Short-term economic statistics revisions,I,USA,United States,M,Monthly,PRVM,Production volume,IX,Index,BTE,Industry (except construction),202605,May 2026,2023-04,,100.28,,A,Normal value,0,Units,1,One,2015,
DATAFLOW,OECD.SDD.STES:DSD_STES_REVISIONS@DF_STES_REVISIONS(4.0),Short-term economic statistics revisions,I,USA,United States,M,Monthly,PRVM,Production volume,IX,Index,BTE,Industry (except construction),202605,May 2026,2023-03,,100.05,,A,Normal value,0,Units,1,One,2015,
DATAFLOW,OECD.SDD.STES:DSD_STES_REVISIONS@DF_STES_REVISIONS(4.0),Short-term economic statistics revisions,I,USA,United States,M,Monthly,PRVM,Production volume,IX,Index,BTE,Industry (except construction),202605,May 2026,2023-02,,99.67,,A,Normal value,0,Units,1,One,2015,
DATAFLOW,OECD.SDD.STES:DSD_STES_REVISIONS@DF_STES_REVISIONS(4.0),Short-term economic statistics revisions,I,USA,United States,M,Monthly,PRVM,Production volume,IX,Index,BTE,Industry (except construction),202605,May 2026,2023-01,,99.54,,A,Normal value,0,Units,1,One,2015,
DATAFLOW,OECD.SDD.STES:DSD_STES_REVISIONS@DF_STES_REVISIONS(4.0),Short-term economic statistics revisions,I,USA,United States,M,Monthly,PRVM,Production volume,IX,Index,BTE,Industry (except construction),202605,May 2026,2022-12,,98.81,,A,Normal value,0,Units,1,One,2015,
DATAFLOW,OECD.SDD.STES:DSD_STES_REVISIONS@DF_STES_REVISIONS(4.0),Short-term economic statistics revisions,I,USA,United States,M,Monthly,PRVM,Production volume,IX,Index,BTE,Industry (except construction),202605,May 2026,2022-11,,99.98,,A,Normal value,0,Units,1,One,2015,
DATAFLOW,OECD.SDD.STES:DSD_STES_REVISIONS@DF_STES_REVISIONS(4.0),Short-term economic statistics revisions,I,USA,United States,M,Monthly,PRVM,Production volume,IX,Index,BTE,Industry (except construction),202605,May 2026,2022-10,,100.28,,A,Normal value,0,Units,1,One,2015,
DATAFLOW,OECD.SDD.STES:DSD_STES_REVISIONS@DF_STES_REVISIONS(4.0),Short-term economic statistics revisions,I,USA,United States,M,Monthly,PRVM,Production volume,IX,Index,BTE,Industry (except construction),202605,May 2026,2022-09,,100.32,,A,Normal value,0,Units,1,One,2015,
DATAFLOW,OECD.SDD.STES:DSD_STES_REVISIONS@DF_STES_REVISIONS(4.0),Short-term economic statistics revisions,I,USA,United States,M,Monthly,PRVM,Production volume,IX,Index,BTE,Industry (except construction),202605,May 2026,2022-08,,100.12,,A,Normal value,0,Units,1,One,2015,
DATAFLOW,OECD.SDD.STES:DSD_STES_REVISIONS@DF_STES_REVISIONS(4.0),Short-term economic statistics revisions,I,USA,United States,M,Monthly,PRVM,Production volume,IX,Index,BTE,Industry (except construction),202605,May 2026,2022-07,,100.25,,A,Normal value,0,Units,1,One,2015,
DATAFLOW,OECD.SDD.STES:DSD_STES_REVISIONS@DF_STES_REVISIONS(4.0),Short-term economic statistics revisions,I,USA,United States,M,Monthly,PRVM,Production volume,IX,Index,BTE,Industry (except construction),202605,May 2026,2022-06,,100.05,,A,Normal value,0,Units,1,One,2015,
DATAFLOW,OECD.SDD.STES:DSD_STES_REVISIONS@DF_STES_REVISIONS(4.0),Short-term economic statistics revisions,I,USA,United States,M,Monthly,PRVM,Production volume,IX,Index,BTE,Industry (except construction),202605,May 2026,2022-05,,100.36,,A,Normal value,0,Units,1,One,2015,
DATAFLOW,OECD.SDD.STES:DSD_STES_REVISIONS@DF_STES_REVISIONS(4.0),Short-term economic statistics revisions,I,USA,United States,M,Monthly,PRVM,Production volume,IX,Index,BTE,Industry (except construction),202605,May 2026,2022-04,,100.46,,A,Normal value,0,Units,1,One,2015,
DATAFLOW,OECD.SDD.STES:DSD_STES_REVISIONS@DF_STES_REVISIONS(4.0),Short-term economic statistics revisions,I,USA,United States,M,Monthly,PRVM,Production volume,IX,Index,BTE,Industry (except construction),202605,May 2026,2022-03,,100.41,,A,Normal value,0,Units,1,One,2015,
DATAFLOW,OECD.SDD.STES:DSD_STES_REVISIONS@DF_STES_REVISIONS(4.0),Short-term economic statistics revisions,I,USA,United States,M,Monthly,PRVM,Production volume,IX,Index,BTE,Industry (except construction),202605,May 2026,2022-02,,99.84,,A,Normal value,0,Units,1,One,2015,
DATAFLOW,OECD.SDD.STES:DSD_STES_REVISIONS@DF_STES_REVISIONS(4.0),Short-term economic statistics revisions,I,USA,United States,M,Monthly,PRVM,Production volume,IX,Index,BTE,Industry (except construction),202605,May 2026,2022-01,,99.22,,A,Normal value,0,Units,1,One,2015,
DATAFLOW,OECD.SDD.STES:DSD_STES_REVISIONS@DF_STES_REVISIONS(4.0),Short-term economic statistics revisions,I,USA,United States,M,Monthly,PRVM,Production volume,IX,Index,BTE,Industry (except construction),202605,May 2026,2021-12,,99.6,,A,Normal value,0,Units,1,One,2015,
DATAFLOW,OECD.SDD.STES:DSD_STES_REVISIONS@DF_STES_REVISIONS(4.0),Short-term economic statistics revisions,I,USA,United States,M,Monthly,PRVM,Production volume,IX,Index,BTE,Industry (except construction),202605,May 2026,2021-11,,99.89,,A,Normal value,0,Units,1,One,2015,
DATAFLOW,OECD.SDD.STES:DSD_STES_REVISIONS@DF_STES_REVISIONS(4.0),Short-term economic statistics revisions,I,USA,United States,M,Monthly,PRVM,Production volume,IX,Index,BTE,Industry (except construction),202605,May 2026,2021-10,,99.22,,A,Normal value,0,Units,1,One,2015,
DATAFLOW,OECD.SDD.STES:DSD_STES_REVISIONS@DF_STES_REVISIONS(4.0),Short-term economic statistics revisions,I,USA,United States,M,Monthly,PRVM,Production volume,IX,Index,BTE,Industry (except construction),202605,May 2026,2021-09,,97.91,,A,Normal value,0,Units,1,One,2015,
DATAFLOW,OECD.SDD.STES:DSD_STES_REVISIONS@DF_STES_REVISIONS(4.0),Short-term economic statistics revisions,I,USA,United States,M,Monthly,PRVM,Production volume,IX,Index,BTE,Industry (except construction),202605,May 2026,2021-08,,99.08,,A,Normal value,0,Units,1,One,2015,
DATAFLOW,OECD.SDD.STES:DSD_STES_REVISIONS@DF_STES_REVISIONS(4.0),Short-term economic statistics revisions,I,USA,United States,M,Monthly,PRVM,Production volume,IX,Index,BTE,Industry (except construction),202605,May 2026,2021-07,,99.29,,A,Normal value,0,Units,1,One,2015,
DATAFLOW,OECD.SDD.STES:DSD_STES_REVISIONS@DF_STES_REVISIONS(4.0),Short-term economic statistics revisions,I,USA,United States,M,Monthly,PRVM,Production volume,IX,Index,BTE,Industry (except construction),202605,May 2026,2021-06,,98.84,,A,Normal value,0,Units,1,One,2015,
DATAFLOW,OECD.SDD.STES:DSD_STES_REVISIONS@DF_STES_REVISIONS(4.0),Short-term economic statistics revisions,I,USA,United States,M,Monthly,PRVM,Production volume,IX,Index,BTE,Industry (except construction),202605,May 2026,2021-05,,98.48,,A,Normal value,0,Units,1,One,2015,
DATAFLOW,OECD.SDD.STES:DSD_STES_REVISIONS@DF_STES_REVISIONS(4.0),Short-term economic statistics revisions,I,USA,United States,M,Monthly,PRVM,Production volume,IX,Index,BTE,Industry (except construction),202605,May 2026,2021-04,,97.61,,A,Normal value,0,Units,1,One,2015,
DATAFLOW,OECD.SDD.STES:DSD_STES_REVISIONS@DF_STES_REVISIONS(4.0),Short-term economic statistics revisions,I,USA,United States,M,Monthly,PRVM,Production volume,IX,Index,BTE,Industry (except construction),202605,May 2026,2021-03,,97.44,,A,Normal value,0,Units,1,One,2015,
DATAFLOW,OECD.SDD.STES:DSD_STES_REVISIONS@DF_STES_REVISIONS(4.0),Short-term economic statistics revisions,I,USA,United States,M,Monthly,PRVM,Production volume,IX,Index,BTE,Industry (except construction),202605,May 2026,2021-02,,94.69,,A,Normal value,0,Units,1,One,2015,
DATAFLOW,OECD.SDD.STES:DSD_STES_REVISIONS@DF_STES_REVISIONS(4.0),Short-term economic statistics revisions,I,USA,United States,M,Monthly,PRVM,Production volume,IX,Index,BTE,Industry (except construction),202605,May 2026,2021-01,,97.93,,A,Normal value,0,Units,1,One,2015,
DATAFLOW,OECD.SDD.STES:DSD_STES_REVISIONS@DF_STES_REVISIONS(4.0),Short-term economic statistics revisions,I,USA,United States,M,Monthly,PRVM,Production volume,IX,Index,BTE,Industry (except construction),202605,May 2026,2020-12,,97.42,,A,Normal value,0,Units,1,One,2015,
DATAFLOW,OECD.SDD.STES:DSD_STES_REVISIONS@DF_STES_REVISIONS(4.0),Short-term economic statistics revisions,I,USA,United States,M,Monthly,PRVM,Production volume,IX,Index,BTE,Industry (except construction),202605,May 2026,2020-11,,96.15,,A,Normal value,0,Units,1,One,2015,
DATAFLOW,OECD.SDD.STES:DSD_STES_REVISIONS@DF_STES_REVISIONS(4.0),Short-term economic statistics revisions,I,USA,United States,M,Monthly,PRVM,Production volume,IX,Index,BTE,Industry (except construction),202609,September 2026,2026-07,,102,,A,Normal value,0,Units,1,One,2015,
DATAFLOW,OECD.SDD.STES:DSD_STES_REVISIONS@DF_STES_REVISIONS(4.0),Short-term economic statistics revisions,I,USA,United States,M,Monthly,PRVM,Production volume,IX,Index,BTE,Industry (except construction),202609,September 2026,2026-06,,101.8,,A,Normal value,0,Units,1,One,2015,
DATAFLOW,OECD.SDD.STES:DSD_STES_REVISIONS@DF_STES_REVISIONS(4.0),Short-term economic statistics revisions,I,USA,United States,M,Monthly,PRVM,Production volume,IX,Index,BTE,Industry (except construction),202609,September 2026,2026-05,,101.52,,A,Normal value,0,Units,1,One,2015,
DATAFLOW,OECD.SDD.STES:DSD_STES_REVISIONS@DF_STES_REVISIONS(4.0),Short-term economic statistics revisions,I,USA,United States,M,Monthly,PRVM,Production volume,IX,Index,BTE,Industry (except construction),202609,September 2026,2026-04,,101.53,,A,Normal value,0,Units,1,One,2015,
DATAFLOW,OECD.SDD.STES:DSD_STES_REVISIONS@DF_STES_REVISIONS(4.0),Short-term economic statistics revisions,I,USA,United States,M,Monthly,PRVM,Production volume,IX,Index,BTE,Industry (except construction),202609,September 2026,2026-03,,100.77,,A,Normal value,0,Units,1,One,2015,
DATAFLOW,OECD.SDD.STES:DSD_STES_REVISIONS@DF_STES_REVISIONS(4.0),Short-term economic statistics revisions,I,USA,United States,M,Monthly,PRVM,Production volume,IX,Index,BTE,Industry (except construction),202609,September 2026,2026-02,,100.92,,A,Normal value,0,Units,1,One,2015,
DATAFLOW,OECD.SDD.STES:DSD_STES_REVISIONS@DF_STES_REVISIONS(4.0),Short-term economic statistics revisions,I,USA,United States,M,Monthly,PRVM,Production volume,IX,Index,BTE,Industry (except construction),202609,September 2026,2026-01,,100.07,,A,Normal value,0,Units,1,One,2015,
DATAFLOW,OECD.SDD.STES:DSD_STES_REVISIONS@DF_STES_REVISIONS(4.0),Short-term economic statistics revisions,I,USA,United States,M,Monthly,PRVM,Production volume,IX,Index,BTE,Industry (except construction),202609,September 2026,2025-12,,100.52,,A,Normal value,0,Units,1,One,2015,
DATAFLOW,OECD.SDD.STES:DSD_STES_REVISIONS@DF_STES_REVISIONS(4.0),Short-term economic statistics revisions,I,USA,United States,M,Monthly,PRVM,Production volume,IX,Index,BTE,Industry (except construction),202609,September 2026,2025-11,,100.06,,A,Normal value,0,Units,1,One,2015,
DATAFLOW,OECD.SDD.STES:DSD_STES_REVISIONS@DF_STES_REVISIONS(4.0),Short-term economic statistics revisions,I,USA,United States,M,Monthly,PRVM,Production volume,IX,Index,BTE,Industry (except construction),202609,September 2026,2025-10,,100.25,,A,Normal value,0,Units,1,One,2015,
DATAFLOW,OECD.SDD.STES:DSD_STES_REVISIONS@DF_STES_REVISIONS(4.0),Short-term economic statistics revisions,I,USA,United States,M,Monthly,PRVM,Production volume,IX,Index,BTE,Industry (except construction),202609,September 2026,2025-09,,100.69,,A,Normal value,0,Units,1,One,2015,
DATAFLOW,OECD.SDD.STES:DSD_STES_REVISIONS@DF_STES_REVISIONS(4.0),Short-term economic statistics revisions,I,USA,United States,M,Monthly,PRVM,Production volume,IX,Index,BTE,Industry (except construction),202609,September 2026,2025-08,,100.65,,A,Normal value,0,Units,1,One,2015,
DATAFLOW,OECD.SDD.STES:DSD_STES_REVISIONS@DF_STES_REVISIONS(4.0),Short-term economic statistics revisions,I,USA,United States,M,Monthly,PRVM,Production volume,IX,Index,BTE,Industry (except construction),202609,September 2026,2025-07,,100.91,,A,Normal value,0,Units,1,One,2015,
DATAFLOW,OECD.SDD.STES:DSD_STES_REVISIONS@DF_STES_REVISIONS(4.0),Short-term economic statistics revisions,I,USA,United States,M,Monthly,PRVM,Production volume,IX,Index,BTE,Industry (except construction),202609,September 2026,2025-06,,100.5,,A,Normal value,0,Units,1,One,2015,
DATAFLOW,OECD.SDD.STES:DSD_STES_REVISIONS@DF_STES_REVISIONS(4.0),Short-term economic statistics revisions,I,USA,United States,M,Monthly,PRVM,Production volume,IX,Index,BTE,Industry (except construction),202609,September 2026,2025-05,,99.99,,A,Normal value,0,Units,1,One,2015,
DATAFLOW,OECD.SDD.STES:DSD_STES_REVISIONS@DF_STES_REVISIONS(4.0),Short-term economic statistics revisions,I,USA,United States,M,Monthly,PRVM,Production volume,IX,Index,BTE,Industry (except construction),202609,September 2026,2025-04,,100.15,,A,Normal value,0,Units,1,One,2015,
DATAFLOW,OECD.SDD.STES:DSD_STES_REVISIONS@DF_STES_REVISIONS(4.0),Short-term economic statistics revisions,I,USA,United States,M,Monthly,PRVM,Production volume,IX,Index,BTE,Industry (except construction),202609,September 2026,2025-03,,100.07,,A,Normal value,0,Units,1,One,2015,
DATAFLOW,OECD.SDD.STES:DSD_STES_REVISIONS@DF_STES_REVISIONS(4.0),Short-term economic statistics revisions,I,USA,United States,M,Monthly,PRVM,Production volume,IX,Index,BTE,Industry (except construction),202609,September 2026,2025-02,,100.13,,A,Normal value,0,Units,1,One,2015,
DATAFLOW,OECD.SDD.STES:DSD_STES_REVISIONS@DF_STES_REVISIONS(4.0),Short-term economic statistics revisions,I,USA,United States,M,Monthly,PRVM,Production volume,IX,Index,BTE,Industry (except construction),202609,September 2026,2025-01,,99.1,,A,Normal value,0,Units,1,One,2015,
DATAFLOW,OECD.SDD.STES:DSD_STES_REVISIONS@DF_STES_REVISIONS(4.0),Short-term economic statistics revisions,I,USA,United States,M,Monthly,PRVM,Production volume,IX,Index,BTE,Industry (except construction),202609,September 2026,2024-12,,99.36,,A,Normal value,0,Units,1,One,2015,
DATAFLOW,OECD.SDD.STES:DSD_STES_REVISIONS@DF_STES_REVISIONS(4.0),Short-term economic statistics revisions,I,USA,United States,M,Monthly,PRVM,Production volume,IX,Index,BTE,Industry (except construction),202609,September 2026,2024-11,,98.34,,A,Normal value,0,Units,1,One,2015,
DATAFLOW,OECD.SDD.STES:DSD_STES_REVISIONS@DF_STES_REVISIONS(4.0),Short-term economic statistics revisions,I,USA,United States,M,Monthly,PRVM,Production volume,IX,Index,BTE,Industry (except construction),202609,September 2026,2024-10,,98.51,,A,Normal value,0,Units,1,One,2015,
DATAFLOW,OECD.SDD.STES:DSD_STES_REVISIONS@DF_STES_REVISIONS(4.0),Short-term economic statistics revisions,I,USA,United States,M,Monthly,PRVM,Production volume,IX,Index,BTE,Industry (except construction),202609,September 2026,2024-09,,98.85,,A,Normal value,0,Units,1,One,2015,
DATAFLOW,OECD.SDD.STES:DSD_STES_REVISIONS@DF_STES_REVISIONS(4.0),Short-term economic statistics revisions,I,USA,United States,M,Monthly,PRVM,Production volume,IX,Index,BTE,Industry (except construction),202609,September 2026,2024-08,,99.46,,A,Normal value,0,Units,1,One,2015,
DATAFLOW,OECD.SDD.STES:DSD_STES_REVISIONS@DF_STES_REVISIONS(4.0),Short-term economic statistics revisions,I,USA,United States,M,Monthly,PRVM,Production volume,IX,Index,BTE,Industry (except construction),202609,September 2026,2024-07,,99.01,,A,Normal value,0,Units,1,One,2015,
DATAFLOW,OECD.SDD.STES:DSD_STES_REVISIONS@DF_STES_REVISIONS(4.0),Short-term economic statistics revisions,I,USA,United States,M,Monthly,PRVM,Production volume,IX,Index,BTE,Industry (except construction),202609,September 2026,2024-06,,99.92,,A,Normal value,0,Units,1,One,2015,
DATAFLOW,OECD.SDD.STES:DSD_STES_REVISIONS@DF_STES_REVISIONS(4.0),Short-term economic statistics revisions,I,USA,United States,M,Monthly,PRVM,Production volume,IX,Index,BTE,Industry (except construction),202609,September 2026,2024-05,,99.89,,A,Normal value,0,Units,1,One,2015,
DATAFLOW,OECD.SDD.STES:DSD_STES_REVISIONS@DF_STES_REVISIONS(4.0),Short-term economic statistics revisions,I,USA,United States,M,Monthly,PRVM,Production volume,IX,Index,BTE,Industry (except construction),202609,September 2026,2024-04,,99.28,,A,Normal value,0,Units,1,One,2015,
DATAFLOW,OECD.SDD.STES:DSD_STES_REVISIONS@DF_STES_REVISIONS(4.0),Short-term economic statistics revisions,I,USA,United States,M,Monthly,PRVM,Production volume,IX,Index,BTE,Industry (except construction),202609,September 2026,2024-03,,99.49,,A,Normal value,0,Units,1,One,2015,
DATAFLOW,OECD.SDD.STES:DSD_STES_REVISIONS@DF_STES_REVISIONS(4.0),Short-term economic statistics revisions,I,USA,United States,M,Monthly,PRVM,Production volume,IX,Index,BTE,Industry (except construction),202609,September 2026,2024-02,,99.32,,A,Normal value,0,Units,1,One,2015,
DATAFLOW,OECD.SDD.STES:DSD_STES_REVISIONS@DF_STES_REVISIONS(4.0),Short-term economic statistics revisions,I,USA,United States,M,Monthly,PRVM,Production volume,IX,Index,BTE,Industry (except construction),202609,September 2026,2024-01,,98.27,,A,Normal value,0,Units,1,One,2015,
DATAFLOW,OECD.SDD.STES:DSD_STES_REVISIONS@DF_STES_REVISIONS(4.0),Short-term economic statistics revisions,I,USA,United States,M,Monthly,PRVM,Production volume,IX,Index,BTE,Industry (except construction),202609,September 2026,2023-12,,99.63,,A,Normal value,0,Units,1,One,2015,
DATAFLOW,OECD.SDD.STES:DSD_STES_REVISIONS@DF_STES_REVISIONS(4.0),Short-term economic statistics revisions,I,USA,United States,M,Monthly,PRVM,Production volume,IX,Index,BTE,Industry (except construction),202609,September 2026,2023-11,,99.89,,A,Normal value,0,Units,1,One,2015,
DATAFLOW,OECD.SDD.STES:DSD_STES_REVISIONS@DF_STES_REVISIONS(4.0),Short-term economic statistics revisions,I,USA,United States,M,Monthly,PRVM,Production volume,IX,Index,BTE,Industry (except construction),202609,September 2026,2023-10,,99.5,,A,Normal value,0,Units,1,One,2015,
DATAFLOW,OECD.SDD.STES:DSD_STES_REVISIONS@DF_STES_REVISIONS(4.0),Short-term economic statistics revisions,I,USA,United States,M,Monthly,PRVM,Production volume,IX,Index,BTE,Industry (except construction),202609,September 2026,2023-09,,100.05,,A,Normal value,0,Units,1,One,2015,
DATAFLOW,OECD.SDD.STES:DSD_STES_REVISIONS@DF_STES_REVISIONS(4.0),Short-term economic statistics revisions,I,USA,United States,M,Monthly,PRVM,Production volume,IX,Index,BTE,Industry (except construction),202609,September 2026,2023-08,,99.87,,A,Normal value,0,Units,1,One,2015,
DATAFLOW,OECD.SDD.STES:DSD_STES_REVISIONS@DF_STES_REVISIONS(4.0),Short-term economic statistics revisions,I,USA,United States,M,Monthly,PRVM,Production volume,IX,Index,BTE,Industry (except construction),202609,September 2026,2023-07,,99.94,,A,Normal value,0,Units,1,One,2015,
DATAFLOW,OECD.SDD.STES:DSD_STES_REVISIONS@DF_STES_REVISIONS(4.0),Short-term economic statistics revisions,I,USA,United States,M,Monthly,PRVM,Production volume,IX,Index,BTE,Industry (except construction),202609,September 2026,2023-06,,99.16,,A,Normal value,0,Units,1,One,2015,
DATAFLOW,OECD.SDD.STES:DSD_STES_REVISIONS@DF_STES_REVISIONS(4.0),Short-term economic statistics revisions,I,USA,United States,M,Monthly,PRVM,Production volume,IX,Index,BTE,Industry (except construction),202609,September 2026,2023-05,,99.96,,A,Normal value,0,Units,1,One,2015,
DATAFLOW,OECD.SDD.STES:DSD_STES_REVISIONS@DF_STES_REVISIONS(4.0),Short-term economic statistics revisions,I,USA,United States,M,Monthly,PRVM,Production volume,IX,Index,BTE,Industry (except construction),202609,September 2026,2023-04,,100.28,,A,Normal value,0,Units,1,One,2015,
DATAFLOW,OECD.SDD.STES:DSD_STES_REVISIONS@DF_STES_REVISIONS(4.0),Short-term economic statistics revisions,I,USA,United States,M,Monthly,PRVM,Production volume,IX,Index,BTE,Industry (except construction),202609,September 2026,2023-03,,100.05,,A,Normal value,0,Units,1,One,2015,
DATAFLOW,OECD.SDD.STES:DSD_STES_REVISIONS@DF_STES_REVISIONS(4.0),Short-term economic statistics revisions,I,USA,United States,M,Monthly,PRVM,Production volume,IX,Index,BTE,Industry (except construction),202609,September 2026,2023-02,,99.67,,A,Normal value,0,Units,1,One,2015,
DATAFLOW,OECD.SDD.STES:DSD_STES_REVISIONS@DF_STES_REVISIONS(4.0),Short-term economic statistics revisions,I,USA,United States,M,Monthly,PRVM,Production volume,IX,Index,BTE,Industry (except construction),202609,September 2026,2023-01,,99.54,,A,Normal value,0,Units,1,One,2015,
DATAFLOW,OECD.SDD.STES:DSD_STES_REVISIONS@DF_STES_REVISIONS(4.0),Short-term economic statistics revisions,I,USA,United States,M,Monthly,PRVM,Production volume,IX,Index,BTE,Industry (except construction),202609,September 2026,2022-12,,98.81,,A,Normal value,0,Units,1,One,2015,
DATAFLOW,OECD.SDD.STES:DSD_STES_REVISIONS@DF_STES_REVISIONS(4.0),Short-term economic statistics revisions,I,USA,United States,M,Monthly,PRVM,Production volume,IX,Index,BTE,Industry (except construction),202609,September 2026,2022-11,,99.98,,A,Normal value,0,Units,1,One,2015,
DATAFLOW,OECD.SDD.STES:DSD_STES_REVISIONS@DF_STES_REVISIONS(4.0),Short-term economic statistics revisions,I,USA,United States,M,Monthly,PRVM,Production volume,IX,Index,BTE,Industry (except construction),202609,September 2026,2022-10,,100.28,,A,Normal value,0,Units,1,One,2015,
DATAFLOW,OECD.SDD.STES:DSD_STES_REVISIONS@DF_STES_REVISIONS(4.0),Short-term economic statistics revisions,I,USA,United States,M,Monthly,PRVM,Production volume,IX,Index,BTE,Industry (except construction),202609,September 2026,2022-09,,100.32,,A,Normal value,0,Units,1,One,2015,
DATAFLOW,OECD.SDD.STES:DSD_STES_REVISIONS@DF_STES_REVISIONS(4.0),Short-term economic statistics revisions,I,USA,United States,M,Monthly,PRVM,Production volume,IX,Index,BTE,Industry (except construction),202609,September 2026,2022-08,,100.12,,A,Normal value,0,Units,1,One,2015,
DATAFLOW,OECD.SDD.STES:DSD_STES_REVISIONS@DF_STES_REVISIONS(4.0),Short-term economic statistics revisions,I,USA,United States,M,Monthly,PRVM,Production volume,IX,Index,BTE,Industry (except construction),202609,September 2026,2022-07,,100.25,,A,Normal value,0,Units,1,One,2015,
DATAFLOW,OECD.SDD.STES:DSD_STES_REVISIONS@DF_STES_REVISIONS(4.0),Short-term economic statistics revisions,I,USA,United States,M,Monthly,PRVM,Production volume,IX,Index,BTE,Industry (except construction),202609,September 2026,2022-06,,100.05,,A,Normal value,0,Units,1,One,2015,
DATAFLOW,OECD.SDD.STES:DSD_STES_REVISIONS@DF_STES_REVISIONS(4.0),Short-term economic statistics revisions,I,USA,United States,M,Monthly,PRVM,Production volume,IX,Index,BTE,Industry (except construction),202609,September 2026,2022-05,,100.36,,A,Normal value,0,Units,1,One,2015,
DATAFLOW,OECD.SDD.STES:DSD_STES_REVISIONS@DF_STES_REVISIONS(4.0),Short-term economic statistics revisions,I,USA,United States,M,Monthly,PRVM,Production volume,IX,Index,BTE,Industry (except construction),202609,September 2026,2022-04,,100.46,,A,Normal value,0,Units,1,One,2015,
DATAFLOW,OECD.SDD.STES:DSD_STES_REVISIONS@DF_STES_REVISIONS(4.0),Short-term economic statistics revisions,I,USA,United States,M,Monthly,PRVM,Production volume,IX,Index,BTE,Industry (except construction),202609,September 2026,2022-03,,100.41,,A,Normal value,0,Units,1,One,2015,
DATAFLOW,OECD.SDD.STES:DSD_STES_REVISIONS@DF_STES_REVISIONS(4.0),Short-term economic statistics revisions,I,USA,United States,M,Monthly,PRVM,Production volume,IX,Index,BTE,Industry (except construction),202609,September 2026,2022-02,,99.84,,A,Normal value,0,Units,1,One,2015,
DATAFLOW,OECD.SDD.STES:DSD_STES_REVISIONS@DF_STES_REVISIONS(4.0),Short-term economic statistics revisions,I,USA,United States,M,Monthly,PRVM,Production volume,IX,Index,BTE,Industry (except construction),202609,September 2026,2022-01,,99.22,,A,Normal value,0,Units,1,One,2015,
DATAFLOW,OECD.SDD.STES:DSD_STES_REVISIONS@DF_STES_REVISIONS(4.0),Short-term economic statistics revisions,I,USA,United States,M,Monthly,PRVM,Production volume,IX,Index,BTE,Industry (except construction),202609,September 2026,2021-12,,99.6,,A,Normal value,0,Units,1,One,2015,
DATAFLOW,OECD.SDD.STES:DSD_STES_REVISIONS@DF_STES_REVISIONS(4.0),Short-term economic statistics revisions,I,USA,United States,M,Monthly,PRVM,Production volume,IX,Index,BTE,Industry (except construction),202609,September 2026,2021-11,,99.89,,A,Normal value,0,Units,1,One,2015,
DATAFLOW,OECD.SDD.STES:DSD_STES_REVISIONS@DF_STES_REVISIONS(4.0),Short-term economic statistics revisions,I,USA,United States,M,Monthly,PRVM,Production volume,IX,Index,BTE,Industry (except construction),202609,September 2026,2021-10,,99.22,,A,Normal value,0,Units,1,One,2015,
DATAFLOW,OECD.SDD.STES:DSD_STES_REVISIONS@DF_STES_REVISIONS(4.0),Short-term economic statistics revisions,I,USA,United States,M,Monthly,PRVM,Production volume,IX,Index,BTE,Industry (except construction),202609,September 2026,2021-09,,97.91,,A,Normal value,0,Units,1,One,2015,
DATAFLOW,OECD.SDD.STES:DSD_STES_REVISIONS@DF_STES_REVISIONS(4.0),Short-term economic statistics revisions,I,USA,United States,M,Monthly,PRVM,Production volume,IX,Index,BTE,Industry (except construction),202609,September 2026,2021-08,,99.08,,A,Normal value,0,Units,1,One,2015,
DATAFLOW,OECD.SDD.STES:DSD_STES_REVISIONS@DF_STES_REVISIONS(4.0),Short-term economic statistics revisions,I,USA,United States,M,Monthly,PRVM,Production volume,IX,Index,BTE,Industry (except construction),202609,September 2026,2021-07,,99.29,,A,Normal value,0,Units,1,One,2015,
DATAFLOW,OECD.SDD.STES:DSD_STES_REVISIONS@DF_STES_REVISIONS(4.0),Short-term economic statistics revisions,I,USA,United States,M,Monthly,PRVM,Production volume,IX,Index,BTE,Industry (except construction),202609,September 2026,2021-06,,98.84,,A,Normal value,0,Units,1,One,2015,
DATAFLOW,OECD.SDD.STES:DSD_STES_REVISIONS@DF_STES_REVISIONS(4.0),Short-term economic statistics revisions,I,USA,United States,M,Monthly,PRVM,Production volume,IX,Index,BTE,Industry (except construction),202609,September 2026,2021-05,,98.48,,A,Normal value,0,Units,1,One,2015,
DATAFLOW,OECD.SDD.STES:DSD_STES_REVISIONS@DF_STES_REVISIONS(4.0),Short-term economic statistics revisions,I,USA,United States,M,Monthly,PRVM,Production volume,IX,Index,BTE,Industry (except construction),202609,September 2026,2021-04,,97.61,,A,Normal value,0,Units,1,One,2015,
DATAFLOW,OECD.SDD.STES:DSD_STES_REVISIONS@DF_STES_REVISIONS(4.0),Short-term economic statistics revisions,I,USA,United States,M,Monthly,PRVM,Production volume,IX,Index,BTE,Industry (except construction),202609,September 2026,2021-03,,97.44,,A,Normal value,0,Units,1,One,2015,
DATAFLOW,OECD.SDD.STES:DSD_STES_REVISIONS@DF_STES_REVISIONS(4.0),Short-term economic statistics revisions,I,USA,United States,M,Monthly,PRVM,Production volume,IX,Index,BTE,Industry (except construction),202609,September 2026,2021-02,,94.69,,A,Normal value,0,Units,1,One,2015,
DATAFLOW,OECD.SDD.STES:DSD_STES_REVISIONS@DF_STES_REVISIONS(4.0),Short-term economic statistics revisions,I,USA,United States,M,Monthly,PRVM,Production volume,IX,Index,BTE,Industry (except construction),202609,September 2026,2021-01,,97.93,,A,Normal value,0,Units,1,One,2015,
DATAFLOW,OECD.SDD.STES:DSD_STES_REVISIONS@DF_STES_REVISIONS(4.0),Short-term economic statistics revisions,I,USA,United States,M,Monthly,PRVM,Production volume,IX,Index,BTE,Industry (except construction),202609,September 2026,2020-12,,97.42,,A,Normal value,0,Units,1,One,2015,
DATAFLOW,OECD.SDD.STES:DSD_STES_REVISIONS@DF_STES_REVISIONS(4.0),Short-term economic statistics revisions,I,USA,United States,M,Monthly,PRVM,Production volume,IX,Index,BTE,Industry (except construction),202609,September 2026,2020-11,,96.15,,A,Normal value,0,Units,1,One,2015,
DATAFLOW,OECD.SDD.STES:DSD_STES_REVISIONS@DF_STES_REVISIONS(4.0),Short-term economic statistics revisions,I,USA,United States,M,Monthly,PRVM,Production volume,IX,Index,BTE,Industry (except construction),202609,September 2026,2020-10,,95.81,,A,Normal value,0,Units,1,One,2015,
DATAFLOW,OECD.SDD.STES:DSD_STES_REVISIONS@DF_STES_REVISIONS(4.0),Short-term economic statistics revisions,I,USA,United States,M,Monthly,PRVM,Production volume,IX,Index,BTE,Industry (except construction),202609,September 2026,2020-09,,95.04,,A,Normal value,0,Units,1,One,2015,
DATAFLOW,OECD.SDD.STES:DSD_STES_REVISIONS@DF_STES_REVISIONS(4.0),Short-term economic statistics revisions,I,USA,United States,M,Monthly,PRVM,Production volume,IX,Index,BTE,Industry (except construction),202609,September 2026,2020-08,,95.03,,A,Normal value,0,Units,1,One,2015,
DATAFLOW,OECD.SDD.STES:DSD_STES_REVISIONS@DF_STES_REVISIONS(4.0),Short-term economic statistics revisions,I,USA,United States,M,Monthly,PRVM,Production volume,IX,Index,BTE,Industry (except construction),202609,September 2026,2020-07,,94.11,,A,Normal value,0,Units,1,One,2015,
DATAFLOW,OECD.SDD.STES:DSD_STES_REVISIONS@DF_STES_REVISIONS(4.0),Short-term economic statistics revisions,I,USA,United States,M,Monthly,PRVM,Production volume,IX,Index,BTE,Industry (except construction),202609,September 2026,2020-06,,90.71,,A,Normal value,0,Units,1,One,2015,
DATAFLOW,OECD.SDD.STES:DSD_STES_REVISIONS@DF_STES_REVISIONS(4.0),Short-term economic statistics revisions,I,USA,United States,M,Monthly,PRVM,Production volume,IX,Index,BTE,Industry (except construction),202609,September 2026,2020-05,,85.13,,A,Normal value,0,Units,1,One,2015,
DATAFLOW,OECD.SDD.STES:DSD_STES_REVISIONS@DF_STES_REVISIONS(4.0),Short-term economic statistics revisions,I,USA,United States,M,Monthly,PRVM,Production volume,IX,Index,BTE,Industry (except construction),202609,September 2026,2020-04,,83.75,,A,Normal value,0,Units,1,One,2015,
DATAFLOW,OECD.SDD.STES:DSD_STES_REVISIONS@DF_STES_REVISIONS(4.0),Short-term economic statistics revisions,I,USA,United States,M,Monthly,PRVM,Production volume,IX,Index,BTE,Industry (except construction),202609,September 2026,2020-03,,96.47,,A,Normal value,0,Units,1,One,2015,
DATAFLOW,OECD.SDD.STES:DSD_STES_REVISIONS@DF_STES_REVISIONS(4.0),Short-term economic statistics revisions,I,USA,United States,M,Monthly,PRVM,Production volume,IX,Index,BTE,Industry (except construction),202609,September 2026,2020-02,,100.4,,A,Normal value,0,Units,1,One,2015,
DATAFLOW,OECD.SDD.STES:DSD_STES_REVISIONS@DF_STES_REVISIONS(4.0),Short-term economic statistics revisions,I,USA,United States,M,Monthly,PRVM,Production volume,IX,Index,BTE,Industry (except construction),202609,September 2026,2020-01,,100.06,,A,Normal value,0,Units,1,One,2015,
DATAFLOW,OECD.SDD.STES:DSD_STES_REVISIONS@DF_STES_REVISIONS(4.0),Short-term economic statistics revisions,I,USA,United States,M,Monthly,PRVM,Production volume,IX,Index,BTE,Industry (except construction),202608,August 2026,2026-06,,101.65,,A,Normal value,0,Units,1,One,2015,
DATAFLOW,OECD.SDD.STES:DSD_STES_REVISIONS@DF_STES_REVISIONS(4.0),Short-term economic statistics revisions,I,USA,United States,M,Monthly,PRVM,Production volume,IX,Index,BTE,Industry (except construction),202608,August 2026,2026-05,,101.57,,A,Normal value,0,Units,1,One,2015,
DATAFLOW,OECD.SDD.STES:DSD_STES_REVISIONS@DF_STES_REVISIONS(4.0),Short-term economic statistics revisions,I,USA,United States,M,Monthly,PRVM,Production volume,IX,Index,BTE,Industry (except construction),202608,August 2026,2026-04,,101.43,,A,Normal value,0,Units,1,One,2015,
DATAFLOW,OECD.SDD.STES:DSD_STES_REVISIONS@DF_STES_REVISIONS(4.0),Short-term economic statistics revisions,I,USA,United States,M,Monthly,PRVM,Production volume,IX,Index,BTE,Industry (except construction),202608,August 2026,2026-03,,100.64,,A,Normal value,0,Units,1,One,2015,
DATAFLOW,OECD.SDD.STES:DSD_STES_REVISIONS@DF_STES_REVISIONS(4.0),Short-term economic statistics revisions,I,USA,United States,M,Monthly,PRVM,Production volume,IX,Index,BTE,Industry (except construction),202608,August 2026,2026-02,,100.95,,A,Normal value,0,Units,1,One,2015,
DATAFLOW,OECD.SDD.STES:DSD_STES_REVISIONS@DF_STES_REVISIONS(4.0),Short-term economic statistics revisions,I,USA,United States,M,Monthly,PRVM,Production volume,IX,Index,BTE,Industry (except construction),202608,August 2026,2026-01,,100.07,,A,Normal value,0,Units,1,One,2015,
DATAFLOW,OECD.SDD.STES:DSD_STES_REVISIONS@DF_STES_REVISIONS(4.0),Short-term economic statistics revisions,I,USA,United States,M,Monthly,PRVM,Production volume,IX,Index,BTE,Industry (except construction),202608,August 2026,2025-12,,100.52,,A,Normal value,0,Units,1,One,2015,
DATAFLOW,OECD.SDD.STES:DSD_STES_REVISIONS@DF_STES_REVISIONS(4.0),Short-term economic statistics revisions,I,USA,United States,M,Monthly,PRVM,Production volume,IX,Index,BTE,Industry (except construction),202608,August 2026,2025-11,,100.06,,A,Normal value,0,Units,1,One,2015,
DATAFLOW,OECD.SDD.STES:DSD_STES_REVISIONS@DF_STES_REVISIONS(4.0),Short-term economic statistics revisions,I,USA,United States,M,Monthly,PRVM,Production volume,IX,Index,BTE,Industry (except construction),202608,August 2026,2025-10,,100.25,,A,Normal value,0,Units,1,One,2015,
DATAFLOW,OECD.SDD.STES:DSD_STES_REVISIONS@DF_STES_REVISIONS(4.0),Short-term economic statistics revisions,I,USA,United States,M,Monthly,PRVM,Production volume,IX,Index,BTE,Industry (except construction),202608,August 2026,2025-09,,100.69,,A,Normal value,0,Units,1,One,2015,
DATAFLOW,OECD.SDD.STES:DSD_STES_REVISIONS@DF_STES_REVISIONS(4.0),Short-term economic statistics revisions,I,USA,United States,M,Monthly,PRVM,Production volume,IX,Index,BTE,Industry (except construction),202608,August 2026,2025-08,,100.65,,A,Normal value,0,Units,1,One,2015,
DATAFLOW,OECD.SDD.STES:DSD_STES_REVISIONS@DF_STES_REVISIONS(4.0),Short-term economic statistics revisions,I,USA,United States,M,Monthly,PRVM,Production volume,IX,Index,BTE,Industry (except construction),202608,August 2026,2025-07,,100.91,,A,Normal value,0,Units,1,One,2015,
DATAFLOW,OECD.SDD.STES:DSD_STES_REVISIONS@DF_STES_REVISIONS(4.0),Short-term economic statistics revisions,I,USA,United States,M,Monthly,PRVM,Production volume,IX,Index,BTE,Industry (except construction),202608,August 2026,2025-06,,100.5,,A,Normal value,0,Units,1,One,2015,
DATAFLOW,OECD.SDD.STES:DSD_STES_REVISIONS@DF_STES_REVISIONS(4.0),Short-term economic statistics revisions,I,USA,United States,M,Monthly,PRVM,Production volume,IX,Index,BTE,Industry (except construction),202608,August 2026,2025-05,,99.99,,A,Normal value,0,Units,1,One,2015,
DATAFLOW,OECD.SDD.STES:DSD_STES_REVISIONS@DF_STES_REVISIONS(4.0),Short-term economic statistics revisions,I,USA,United States,M,Monthly,PRVM,Production volume,IX,Index,BTE,Industry (except construction),202608,August 2026,2025-04,,100.15,,A,Normal value,0,Units,1,One,2015,
DATAFLOW,OECD.SDD.STES:DSD_STES_REVISIONS@DF_STES_REVISIONS(4.0),Short-term economic statistics revisions,I,USA,United States,M,Monthly,PRVM,Production volume,IX,Index,BTE,Industry (except construction),202608,August 2026,2025-03,,100.07,,A,Normal value,0,Units,1,One,2015,
DATAFLOW,OECD.SDD.STES:DSD_STES_REVISIONS@DF_STES_REVISIONS(4.0),Short-term economic statistics revisions,I,USA,United States,M,Monthly,PRVM,Production volume,IX,Index,BTE,Industry (except construction),202608,August 2026,2025-02,,100.13,,A,Normal value,0,Units,1,One,2015,
DATAFLOW,OECD.SDD.STES:DSD_STES_REVISIONS@DF_STES_REVISIONS(4.0),Short-term economic statistics revisions,I,USA,United States,M,Monthly,PRVM,Production volume,IX,Index,BTE,Industry (except construction),202608,August 2026,2025-01,,99.1,,A,Normal value,0,Units,1,One,2015,
DATAFLOW,OECD.SDD.STES:DSD_STES_REVISIONS@DF_STES_REVISIONS(4.0),Short-term economic statistics revisions,I,USA,United States,M,Monthly,PRVM,Production volume,IX,Index,BTE,Industry (except construction),202608,August 2026,2024-12,,99.36,,A,Normal value,0,Units,1,One,2015,
DATAFLOW,OECD.SDD.STES:DSD_STES_REVISIONS@DF_STES_REVISIONS(4.0),Short-term economic statistics revisions,I,USA,United States,M,Monthly,PRVM,Production volume,IX,Index,BTE,Industry (except construction),202608,August 2026,2024-11,,98.34,,A,Normal value,0,Units,1,One,2015,
DATAFLOW,OECD.SDD.STES:DSD_STES_REVISIONS@DF_STES_REVISIONS(4.0),Short-term economic statistics revisions,I,USA,United States,M,Monthly,PRVM,Production volume,IX,Index,BTE,Industry (except construction),202608,August 2026,2024-10,,98.51,,A,Normal value,0,Units,1,One,2015,
DATAFLOW,OECD.SDD.STES:DSD_STES_REVISIONS@DF_STES_REVISIONS(4.0),Short-term economic statistics revisions,I,USA,United States,M,Monthly,PRVM,Production volume,IX,Index,BTE,Industry (except construction),202608,August 2026,2024-09,,98.85,,A,Normal value,0,Units,1,One,2015,
DATAFLOW,OECD.SDD.STES:DSD_STES_REVISIONS@DF_STES_REVISIONS(4.0),Short-term economic statistics revisions,I,USA,United States,M,Monthly,PRVM,Production volume,IX,Index,BTE,Industry (except construction),202608,August 2026,2024-08,,99.46,,A,Normal value,0,Units,1,One,2015,
DATAFLOW,OECD.SDD.STES:DSD_STES_REVISIONS@DF_STES_REVISIONS(4.0),Short-term economic statistics revisions,I,USA,United States,M,Monthly,PRVM,Production volume,IX,Index,BTE,Industry (except construction),202608,August 2026,2024-07,,99.01,,A,Normal value,0,Units,1,One,2015,
DATAFLOW,OECD.SDD.STES:DSD_STES_REVISIONS@DF_STES_REVISIONS(4.0),Short-term economic statistics revisions,I,USA,United States,M,Monthly,PRVM,Production volume,IX,Index,BTE,Industry (except construction),202608,August 2026,2024-06,,99.92,,A,Normal value,0,Units,1,One,2015,
DATAFLOW,OECD.SDD.STES:DSD_STES_REVISIONS@DF_STES_REVISIONS(4.0),Short-term economic statistics revisions,I,USA,United States,M,Monthly,PRVM,Production volume,IX,Index,BTE,Industry (except construction),202608,August 2026,2024-05,,99.89,,A,Normal value,0,Units,1,One,2015,
DATAFLOW,OECD.SDD.STES:DSD_STES_REVISIONS@DF_STES_REVISIONS(4.0),Short-term economic statistics revisions,I,USA,United States,M,Monthly,PRVM,Production volume,IX,Index,BTE,Industry (except construction),202608,August 2026,2024-04,,99.28,,A,Normal value,0,Units,1,One,2015,
DATAFLOW,OECD.SDD.STES:DSD_STES_REVISIONS@DF_STES_REVISIONS(4.0),Short-term economic statistics revisions,I,USA,United States,M,Monthly,PRVM,Production volume,IX,Index,BTE,Industry (except construction),202608,August 2026,2024-03,,99.49,,A,Normal value,0,Units,1,One,2015,
DATAFLOW,OECD.SDD.STES:DSD_STES_REVISIONS@DF_STES_REVISIONS(4.0),Short-term economic statistics revisions,I,USA,United States,M,Monthly,PRVM,Production volume,IX,Index,BTE,Industry (except construction),202608,August 2026,2024-02,,99.32,,A,Normal value,0,Units,1,One,2015,
DATAFLOW,OECD.SDD.STES:DSD_STES_REVISIONS@DF_STES_REVISIONS(4.0),Short-term economic statistics revisions,I,USA,United States,M,Monthly,PRVM,Production volume,IX,Index,BTE,Industry (except construction),202608,August 2026,2024-01,,98.27,,A,Normal value,0,Units,1,One,2015,
DATAFLOW,OECD.SDD.STES:DSD_STES_REVISIONS@DF_STES_REVISIONS(4.0),Short-term economic statistics revisions,I,USA,United States,M,Monthly,PRVM,Production volume,IX,Index,BTE,Industry (except construction),202608,August 2026,2023-12,,99.63,,A,Normal value,0,Units,1,One,2015,
DATAFLOW,OECD.SDD.STES:DSD_STES_REVISIONS@DF_STES_REVISIONS(4.0),Short-term economic statistics revisions,I,USA,United States,M,Monthly,PRVM,Production volume,IX,Index,BTE,Industry (except construction),202608,August 2026,2023-11,,99.89,,A,Normal value,0,Units,1,One,2015,
DATAFLOW,OECD.SDD.STES:DSD_STES_REVISIONS@DF_STES_REVISIONS(4.0),Short-term economic statistics revisions,I,USA,United States,M,Monthly,PRVM,Production volume,IX,Index,BTE,Industry (except construction),202608,August 2026,2023-10,,99.5,,A,Normal value,0,Units,1,One,2015,
DATAFLOW,OECD.SDD.STES:DSD_STES_REVISIONS@DF_STES_REVISIONS(4.0),Short-term economic statistics revisions,I,USA,United States,M,Monthly,PRVM,Production volume,IX,Index,BTE,Industry (except construction),202608,August 2026,2023-09,,100.05,,A,Normal value,0,Units,1,One,2015,
DATAFLOW,OECD.SDD.STES:DSD_STES_REVISIONS@DF_STES_REVISIONS(4.0),Short-term economic statistics revisions,I,USA,United States,M,Monthly,PRVM,Production volume,IX,Index,BTE,Industry (except construction),202608,August 2026,2023-08,,99.87,,A,Normal value,0,Units,1,One,2015,
DATAFLOW,OECD.SDD.STES:DSD_STES_REVISIONS@DF_STES_REVISIONS(4.0),Short-term economic statistics revisions,I,USA,United States,M,Monthly,PRVM,Production volume,IX,Index,BTE,Industry (except construction),202608,August 2026,2023-07,,99.94,,A,Normal value,0,Units,1,One,2015,
DATAFLOW,OECD.SDD.STES:DSD_STES_REVISIONS@DF_STES_REVISIONS(4.0),Short-term economic statistics revisions,I,USA,United States,M,Monthly,PRVM,Production volume,IX,Index,BTE,Industry (except construction),202608,August 2026,2023-06,,99.16,,A,Normal value,0,Units,1,One,2015,
DATAFLOW,OECD.SDD.STES:DSD_STES_REVISIONS@DF_STES_REVISIONS(4.0),Short-term economic statistics revisions,I,USA,United States,M,Monthly,PRVM,Production volume,IX,Index,BTE,Industry (except construction),202608,August 2026,2023-05,,99.96,,A,Normal value,0,Units,1,One,2015,
DATAFLOW,OECD.SDD.STES:DSD_STES_REVISIONS@DF_STES_REVISIONS(4.0),Short-term economic statistics revisions,I,USA,United States,M,Monthly,PRVM,Production volume,IX,Index,BTE,Industry (except construction),202608,August 2026,2023-04,,100.28,,A,Normal value,0,Units,1,One,2015,
DATAFLOW,OECD.SDD.STES:DSD_STES_REVISIONS@DF_STES_REVISIONS(4.0),Short-term economic statistics revisions,I,USA,United States,M,Monthly,PRVM,Production volume,IX,Index,BTE,Industry (except construction),202608,August 2026,2023-03,,100.05,,A,Normal value,0,Units,1,One,2015,
DATAFLOW,OECD.SDD.STES:DSD_STES_REVISIONS@DF_STES_REVISIONS(4.0),Short-term economic statistics revisions,I,USA,United States,M,Monthly,PRVM,Production volume,IX,Index,BTE,Industry (except construction),202608,August 2026,2023-02,,99.67,,A,Normal value,0,Units,1,One,2015,
DATAFLOW,OECD.SDD.STES:DSD_STES_REVISIONS@DF_STES_REVISIONS(4.0),Short-term economic statistics revisions,I,USA,United States,M,Monthly,PRVM,Production volume,IX,Index,BTE,Industry (except construction),202608,August 2026,2023-01,,99.54,,A,Normal value,0,Units,1,One,2015,
DATAFLOW,OECD.SDD.STES:DSD_STES_REVISIONS@DF_STES_REVISIONS(4.0),Short-term economic statistics revisions,I,USA,United States,M,Monthly,PRVM,Production volume,IX,Index,BTE,Industry (except construction),202608,August 2026,2022-12,,98.81,,A,Normal value,0,Units,1,One,2015,
DATAFLOW,OECD.SDD.STES:DSD_STES_REVISIONS@DF_STES_REVISIONS(4.0),Short-term economic statistics revisions,I,USA,United States,M,Monthly,PRVM,Production volume,IX,Index,BTE,Industry (except construction),202608,August 2026,2022-11,,99.98,,A,Normal value,0,Units,1,One,2015,
DATAFLOW,OECD.SDD.STES:DSD_STES_REVISIONS@DF_STES_REVISIONS(4.0),Short-term economic statistics revisions,I,USA,United States,M,Monthly,PRVM,Production volume,IX,Index,BTE,Industry (except construction),202608,August 2026,2022-10,,100.28,,A,Normal value,0,Units,1,One,2015,
DATAFLOW,OECD.SDD.STES:DSD_STES_REVISIONS@DF_STES_REVISIONS(4.0),Short-term economic statistics revisions,I,USA,United States,M,Monthly,PRVM,Production volume,IX,Index,BTE,Industry (except construction),202608,August 2026,2022-09,,100.32,,A,Normal value,0,Units,1,One,2015,
DATAFLOW,OECD.SDD.STES:DSD_STES_REVISIONS@DF_STES_REVISIONS(4.0),Short-term economic statistics revisions,I,USA,United States,M,Monthly,PRVM,Production volume,IX,Index,BTE,Industry (except construction),202608,August 2026,2022-08,,100.12,,A,Normal value,0,Units,1,One,2015,
DATAFLOW,OECD.SDD.STES:DSD_STES_REVISIONS@DF_STES_REVISIONS(4.0),Short-term economic statistics revisions,I,USA,United States,M,Monthly,PRVM,Production volume,IX,Index,BTE,Industry (except construction),202608,August 2026,2022-07,,100.25,,A,Normal value,0,Units,1,One,2015,
DATAFLOW,OECD.SDD.STES:DSD_STES_REVISIONS@DF_STES_REVISIONS(4.0),Short-term economic statistics revisions,I,USA,United States,M,Monthly,PRVM,Production volume,IX,Index,BTE,Industry (except construction),202608,August 2026,2022-06,,100.05,,A,Normal value,0,Units,1,One,2015,
DATAFLOW,OECD.SDD.STES:DSD_STES_REVISIONS@DF_STES_REVISIONS(4.0),Short-term economic statistics revisions,I,USA,United States,M,Monthly,PRVM,Production volume,IX,Index,BTE,Industry (except construction),202608,August 2026,2022-05,,100.36,,A,Normal value,0,Units,1,One,2015,
DATAFLOW,OECD.SDD.STES:DSD_STES_REVISIONS@DF_STES_REVISIONS(4.0),Short-term economic statistics revisions,I,USA,United States,M,Monthly,PRVM,Production volume,IX,Index,BTE,Industry (except construction),202608,August 2026,2022-04,,100.46,,A,Normal value,0,Units,1,One,2015,
DATAFLOW,OECD.SDD.STES:DSD_STES_REVISIONS@DF_STES_REVISIONS(4.0),Short-term economic statistics revisions,I,USA,United States,M,Monthly,PRVM,Production volume,IX,Index,BTE,Industry (except construction),202608,August 2026,2022-03,,100.41,,A,Normal value,0,Units,1,One,2015,
DATAFLOW,OECD.SDD.STES:DSD_STES_REVISIONS@DF_STES_REVISIONS(4.0),Short-term economic statistics revisions,I,USA,United States,M,Monthly,PRVM,Production volume,IX,Index,BTE,Industry (except construction),202608,August 2026,2022-02,,99.84,,A,Normal value,0,Units,1,One,2015,
DATAFLOW,OECD.SDD.STES:DSD_STES_REVISIONS@DF_STES_REVISIONS(4.0),Short-term economic statistics revisions,I,USA,United States,M,Monthly,PRVM,Production volume,IX,Index,BTE,Industry (except construction),202608,August 2026,2022-01,,99.22,,A,Normal value,0,Units,1,One,2015,
DATAFLOW,OECD.SDD.STES:DSD_STES_REVISIONS@DF_STES_REVISIONS(4.0),Short-term economic statistics revisions,I,USA,United States,M,Monthly,PRVM,Production volume,IX,Index,BTE,Industry (except construction),202608,August 2026,2021-12,,99.6,,A,Normal value,0,Units,1,One,2015,
DATAFLOW,OECD.SDD.STES:DSD_STES_REVISIONS@DF_STES_REVISIONS(4.0),Short-term economic statistics revisions,I,USA,United States,M,Monthly,PRVM,Production volume,IX,Index,BTE,Industry (except construction),202608,August 2026,2021-11,,99.89,,A,Normal value,0,Units,1,One,2015,
DATAFLOW,OECD.SDD.STES:DSD_STES_REVISIONS@DF_STES_REVISIONS(4.0),Short-term economic statistics revisions,I,USA,United States,M,Monthly,PRVM,Production volume,IX,Index,BTE,Industry (except construction),202608,August 2026,2021-10,,99.22,,A,Normal value,0,Units,1,One,2015,
DATAFLOW,OECD.SDD.STES:DSD_STES_REVISIONS@DF_STES_REVISIONS(4.0),Short-term economic statistics revisions,I,USA,United States,M,Monthly,PRVM,Production volume,IX,Index,BTE,Industry (except construction),202608,August 2026,2021-09,,97.91,,A,Normal value,0,Units,1,One,2015,
DATAFLOW,OECD.SDD.STES:DSD_STES_REVISIONS@DF_STES_REVISIONS(4.0),Short-term economic statistics revisions,I,USA,United States,M,Monthly,PRVM,Production volume,IX,Index,BTE,Industry (except construction),202608,August 2026,2021-08,,99.08,,A,Normal value,0,Units,1,One,2015,
DATAFLOW,OECD.SDD.STES:DSD_STES_REVISIONS@DF_STES_REVISIONS(4.0),Short-term economic statistics revisions,I,USA,United States,M,Monthly,PRVM,Production volume,IX,Index,BTE,Industry (except construction),202608,August 2026,2021-07,,99.29,,A,Normal value,0,Units,1,One,2015,
DATAFLOW,OECD.SDD.STES:DSD_STES_REVISIONS@DF_STES_REVISIONS(4.0),Short-term economic statistics revisions,I,USA,United States,M,Monthly,PRVM,Production volume,IX,Index,BTE,Industry (except construction),202608,August 2026,2021-06,,98.84,,A,Normal value,0,Units,1,One,2015,
DATAFLOW,OECD.SDD.STES:DSD_STES_REVISIONS@DF_STES_REVISIONS(4.0),Short-term economic statistics revisions,I,USA,United States,M,Monthly,PRVM,Production volume,IX,Index,BTE,Industry (except construction),202608,August 2026,2021-05,,98.48,,A,Normal value,0,Units,1,One,2015,
DATAFLOW,OECD.SDD.STES:DSD_STES_REVISIONS@DF_STES_REVISIONS(4.0),Short-term economic statistics revisions,I,USA,United States,M,Monthly,PRVM,Production volume,IX,Index,BTE,Industry (except construction),202608,August 2026,2021-04,,97.61,,A,Normal value,0,Units,1,One,2015,
DATAFLOW,OECD.SDD.STES:DSD_STES_REVISIONS@DF_STES_REVISIONS(4.0),Short-term economic statistics revisions,I,USA,United States,M,Monthly,PRVM,Production volume,IX,Index,BTE,Industry (except construction),202608,August 2026,2021-03,,97.44,,A,Normal value,0,Units,1,One,2015,
DATAFLOW,OECD.SDD.STES:DSD_STES_REVISIONS@DF_STES_REVISIONS(4.0),Short-term economic statistics revisions,I,USA,United States,M,Monthly,PRVM,Production volume,IX,Index,BTE,Industry (except construction),202608,August 2026,2021-02,,94.69,,A,Normal value,0,Units,1,One,2015,
DATAFLOW,OECD.SDD.STES:DSD_STES_REVISIONS@DF_STES_REVISIONS(4.0),Short-term economic statistics revisions,I,USA,United States,M,Monthly,PRVM,Production volume,IX,Index,BTE,Industry (except construction),202608,August 2026,2021-01,,97.93,,A,Normal value,0,Units,1,One,2015,
DATAFLOW,OECD.SDD.STES:DSD_STES_REVISIONS@DF_STES_REVISIONS(4.0),Short-term economic statistics revisions,I,USA,United States,M,Monthly,PRVM,Production volume,IX,Index,BTE,Industry (except construction),202608,August 2026,2020-12,,97.42,,A,Normal value,0,Units,1,One,2015,
DATAFLOW,OECD.SDD.STES:DSD_STES_REVISIONS@DF_STES_REVISIONS(4.0),Short-term economic statistics revisions,I,USA,United States,M,Monthly,PRVM,Production volume,IX,Index,BTE,Industry (except construction),202608,August 2026,2020-11,,96.15,,A,Normal value,0,Units,1,One,2015,
DATAFLOW,OECD.SDD.STES:DSD_STES_REVISIONS@DF_STES_REVISIONS(4.0),Short-term economic statistics revisions,I,USA,United States,M,Monthly,PRVM,Production volume,IX,Index,BTE,Industry (except construction),202608,August 2026,2020-10,,95.81,,A,Normal value,0,Units,1,One,2015,
DATAFLOW,OECD.SDD.STES:DSD_STES_REVISIONS@DF_STES_REVISIONS(4.0),Short-term economic statistics revisions,I,USA,United States,M,Monthly,PRVM,Production volume,IX,Index,BTE,Industry (except construction),202608,August 2026,2020-09,,95.04,,A,Normal value,0,Units,1,One,2015,
DATAFLOW,OECD.SDD.STES:DSD_STES_REVISIONS@DF_STES_REVISIONS(4.0),Short-term economic statistics revisions,I,USA,United States,M,Monthly,PRVM,Production volume,IX,Index,BTE,Industry (except construction),202608,August 2026,2020-08,,95.03,,A,Normal value,0,Units,1,One,2015,
DATAFLOW,OECD.SDD.STES:DSD_STES_REVISIONS@DF_STES_REVISIONS(4.0),Short-term economic statistics revisions,I,USA,United States,M,Monthly,PRVM,Production volume,IX,Index,BTE,Industry (except construction),202608,August 2026,2020-07,,94.11,,A,Normal value,0,Units,1,One,2015,
DATAFLOW,OECD.SDD.STES:DSD_STES_REVISIONS@DF_STES_REVISIONS(4.0),Short-term economic statistics revisions,I,USA,United States,M,Monthly,PRVM,Production volume,IX,Index,BTE,Industry (except construction),202608,August 2026,2020-06,,90.71,,A,Normal value,0,Units,1,One,2015,
DATAFLOW,OECD.SDD.STES:DSD_STES_REVISIONS@DF_STES_REVISIONS(4.0),Short-term economic statistics revisions,I,USA,United States,M,Monthly,PRVM,Production volume,IX,Index,BTE,Industry (except construction),202608,August 2026,2020-05,,85.13,,A,Normal value,0,Units,1,One,2015,
DATAFLOW,OECD.SDD.STES:DSD_STES_REVISIONS@DF_STES_REVISIONS(4.0),Short-term economic statistics revisions,I,USA,United States,M,Monthly,PRVM,Production volume,IX,Index,BTE,Industry (except construction),202608,August 2026,2020-04,,83.75,,A,Normal value,0,Units,1,One,2015,
DATAFLOW,OECD.SDD.STES:DSD_STES_REVISIONS@DF_STES_REVISIONS(4.0),Short-term economic statistics revisions,I,USA,United States,M,Monthly,PRVM,Production volume,IX,Index,BTE,Industry (except construction),202608,August 2026,2020-03,,96.47,,A,Normal value,0,Units,1,One,2015,
DATAFLOW,OECD.SDD.STES:DSD_STES_REVISIONS@DF_STES_REVISIONS(4.0),Short-term economic statistics revisions,I,USA,United States,M,Monthly,PRVM,Production volume,IX,Index,BTE,Industry (except construction),202608,August 2026,2020-02,,100.4,,A,Normal value,0,Units,1,One,2015,
DATAFLOW,OECD.SDD.STES:DSD_STES_REVISIONS@DF_STES_REVISIONS(4.0),Short-term economic statistics revisions,I,USA,United States,M,Monthly,PRVM,Production volume,IX,Index,BTE,Industry (except construction),202608,August 2026,2020-01,,100.06,,A,Normal value,0,Units,1,One,2015,
DATAFLOW,OECD.SDD.STES:DSD_STES_REVISIONS@DF_STES_REVISIONS(4.0),Short-term economic statistics revisions,I,USA,United States,M,Monthly,PRVM,Production volume,IX,Index,BTE,Industry (except construction),202606,June 2026,2026-04,,101.51,,A,Normal value,0,Units,1,One,2015,
DATAFLOW,OECD.SDD.STES:DSD_STES_REVISIONS@DF_STES_REVISIONS(4.0),Short-term economic statistics revisions,I,USA,United States,M,Monthly,PRVM,Production volume,IX,Index,BTE,Industry (except construction),202606,June 2026,2026-03,,100.83,,A,Normal value,0,Units,1,One,2015,
DATAFLOW,OECD.SDD.STES:DSD_STES_REVISIONS@DF_STES_REVISIONS(4.0),Short-term economic statistics revisions,I,USA,United States,M,Monthly,PRVM,Production volume,IX,Index,BTE,Industry (except construction),202606,June 2026,2026-02,,101.12,,A,Normal value,0,Units,1,One,2015,
DATAFLOW,OECD.SDD.STES:DSD_STES_REVISIONS@DF_STES_REVISIONS(4.0),Short-term economic statistics revisions,I,USA,United States,M,Monthly,PRVM,Production volume,IX,Index,BTE,Industry (except construction),202606,June 2026,2026-01,,100.5,,A,Normal value,0,Units,1,One,2015,
DATAFLOW,OECD.SDD.STES:DSD_STES_REVISIONS@DF_STES_REVISIONS(4.0),Short-term economic statistics revisions,I,USA,United States,M,Monthly,PRVM,Production volume,IX,Index,BTE,Industry (except construction),202606,June 2026,2025-12,,100.54,,A,Normal value,0,Units,1,One,2015,
DATAFLOW,OECD.SDD.STES:DSD_STES_REVISIONS@DF_STES_REVISIONS(4.0),Short-term economic statistics revisions,I,USA,United States,M,Monthly,PRVM,Production volume,IX,Index,BTE,Industry (except construction),202606,June 2026,2025-11,,100.06,,A,Normal value,0,Units,1,One,2015,
DATAFLOW,OECD.SDD.STES:DSD_STES_REVISIONS@DF_STES_REVISIONS(4.0),Short-term economic statistics revisions,I,USA,United States,M,Monthly,PRVM,Production volume,IX,Index,BTE,Industry (except construction),202606,June 2026,2025-10,,100.25,,A,Normal value,0,Units,1,One,2015,
DATAFLOW,OECD.SDD.STES:DSD_STES_REVISIONS@DF_STES_REVISIONS(4.0),Short-term economic statistics revisions,I,USA,United States,M,Monthly,PRVM,Production volume,IX,Index,BTE,Industry (except construction),202606,June 2026,2025-09,,100.69,,A,Normal value,0,Units,1,One,2015,
DATAFLOW,OECD.SDD.STES:DSD_STES_REVISIONS@DF_STES_REVISIONS(4.0),Short-term economic statistics revisions,I,USA,United States,M,Monthly,PRVM,Production volume,IX,Index,BTE,Industry (except construction),202606,June 2026,2025-08,,100.65,,A,Normal value,0,Units,1,One,2015,
DATAFLOW,OECD.SDD.STES:DSD_STES_REVISIONS@DF_STES_REVISIONS(4.0),Short-term economic statistics revisions,I,USA,United States,M,Monthly,PRVM,Production volume,IX,Index,BTE,Industry (except construction),202606,June 2026,2025-07,,100.91,,A,Normal value,0,Units,1,One,2015,
DATAFLOW,OECD.SDD.STES:DSD_STES_REVISIONS@DF_STES_REVISIONS(4.0),Short-term economic statistics revisions,I,USA,United States,M,Monthly,PRVM,Production volume,IX,Index,BTE,Industry (except construction),202606,June 2026,2025-06,,100.5,,A,Normal value,0,Units,1,One,2015,
DATAFLOW,OECD.SDD.STES:DSD_STES_REVISIONS@DF_STES_REVISIONS(4.0),Short-term economic statistics revisions,I,USA,United States,M,Monthly,PRVM,Production volume,IX,Index,BTE,Industry (except construction),202606,June 2026,2025-05,,99.99,,A,Normal value,0,Units,1,One,2015,
DATAFLOW,OECD.SDD.STES:DSD_STES_REVISIONS@DF_STES_REVISIONS(4.0),Short-term economic statistics revisions,I,USA,United States,M,Monthly,PRVM,Production volume,IX,Index,BTE,Industry (except construction),202606,June 2026,2025-04,,100.15,,A,Normal value,0,Units,1,One,2015,
DATAFLOW,OECD.SDD.STES:DSD_STES_REVISIONS@DF_STES_REVISIONS(4.0),Short-term economic statistics revisions,I,USA,United States,M,Monthly,PRVM,Production volume,IX,Index,BTE,Industry (except construction),202606,June 2026,2025-03,,100.07,,A,Normal value,0,Units,1,One,2015,
DATAFLOW,OECD.SDD.STES:DSD_STES_REVISIONS@DF_STES_REVISIONS(4.0),Short-term economic statistics revisions,I,USA,United States,M,Monthly,PRVM,Production volume,IX,Index,BTE,Industry (except construction),202606,June 2026,2025-02,,100.13,,A,Normal value,0,Units,1,One,2015,
DATAFLOW,OECD.SDD.STES:DSD_STES_REVISIONS@DF_STES_REVISIONS(4.0),Short-term economic statistics revisions,I,USA,United States,M,Monthly,PRVM,Production volume,IX,Index,BTE,Industry (except construction),202606,June 2026,2025-01,,99.1,,A,Normal value,0,Units,1,One,2015,
DATAFLOW,OECD.SDD.STES:DSD_STES_REVISIONS@DF_STES_REVISIONS(4.0),Short-term economic statistics revisions,I,USA,United States,M,Monthly,PRVM,Production volume,IX,Index,BTE,Industry (except construction),202606,June 2026,2024-12,,99.36,,A,Normal value,0,Units,1,One,2015,
DATAFLOW,OECD.SDD.STES:DSD_STES_REVISIONS@DF_STES_REVISIONS(4.0),Short-term economic statistics revisions,I,USA,United States,M,Monthly,PRVM,Production volume,IX,Index,BTE,Industry (except construction),202606,June 2026,2024-11,,98.34,,A,Normal value,0,Units,1,One,2015,
DATAFLOW,OECD.SDD.STES:DSD_STES_REVISIONS@DF_STES_REVISIONS(4.0),Short-term economic statistics revisions,I,USA,United States,M,Monthly,PRVM,Production volume,IX,Index,BTE,Industry (except construction),202606,June 2026,2024-10,,98.51,,A,Normal value,0,Units,1,One,2015,
DATAFLOW,OECD.SDD.STES:DSD_STES_REVISIONS@DF_STES_REVISIONS(4.0),Short-term economic statistics revisions,I,USA,United States,M,Monthly,PRVM,Production volume,IX,Index,BTE,Industry (except construction),202606,June 2026,2024-09,,98.85,,A,Normal value,0,Units,1,One,2015,
DATAFLOW,OECD.SDD.STES:DSD_STES_REVISIONS@DF_STES_REVISIONS(4.0),Short-term economic statistics revisions,I,USA,United States,M,Monthly,PRVM,Production volume,IX,Index,BTE,Industry (except construction),202606,June 2026,2024-08,,99.46,,A,Normal value,0,Units,1,One,2015,
DATAFLOW,OECD.SDD.STES:DSD_STES_REVISIONS@DF_STES_REVISIONS(4.0),Short-term economic statistics revisions,I,USA,United States,M,Monthly,PRVM,Production volume,IX,Index,BTE,Industry (except construction),202606,June 2026,2024-07,,99.01,,A,Normal value,0,Units,1,One,2015,
DATAFLOW,OECD.SDD.STES:DSD_STES_REVISIONS@DF_STES_REVISIONS(4.0),Short-term economic statistics revisions,I,USA,United States,M,Monthly,PRVM,Production volume,IX,Index,BTE,Industry (except construction),202606,June 2026,2024-06,,99.92,,A,Normal value,0,Units,1,One,2015,
DATAFLOW,OECD.SDD.STES:DSD_STES_REVISIONS@DF_STES_REVISIONS(4.0),Short-term economic statistics revisions,I,USA,United States,M,Monthly,PRVM,Production volume,IX,Index,BTE,Industry (except construction),202606,June 2026,2024-05,,99.89,,A,Normal value,0,Units,1,One,2015,
DATAFLOW,OECD.SDD.STES:DSD_STES_REVISIONS@DF_STES_REVISIONS(4.0),Short-term economic statistics revisions,I,USA,United States,M,Monthly,PRVM,Production volume,IX,Index,BTE,Industry (except construction),202606,June 2026,2024-04,,99.28,,A,Normal value,0,Units,1,One,2015,
